/* Auto-generated by tools/dro2hdr --hs=13l4 from C:\silixcon-devel\opl\songs\Carpet.dro.
 * heatshrink-packed (codemap + opcode stream).
 * Register writes : 36427
 * Total length    : 332471 ms (332.5 s)
 * Plain payload   : 72975 bytes (codemap=121 + stream=72854)
 * Packed size     : 18450 bytes (25.3%)
 * Decoder RAM     : 8192 bytes (window) + ~40 bytes state
 * Do not edit.
 */
#ifndef carpet_H
#define carpet_H

#include "opl_song_hs.h"

static const uint8_t carpet_hs_data[];   /* defined below */

static const opl_song_hs carpet = {
    .hs_data      = carpet_hs_data,
    .hs_len       = 18450u,
    .total_ms     = 332471u,
    .codemap_len  = 121,
    .short_code   = 0xFE,
    .long_code    = 0xFF,
    .hs_window    = 13,
    .hs_lookahead = 4,
};

static const uint8_t carpet_hs_data[] = {
    0x82, 0xC1, 0x20, 0x30, 0x89, 0x05, 0x02, 0xC1, 0x80, 0xF0, 0x48, 0xEC, 0x78, 0x3F, 0x1F, 0x03,
    0x61, 0x21, 0xA0, 0xD8, 0x70, 0x3E, 0x19, 0x25, 0x93, 0x09, 0xE4, 0xE0, 0xEC, 0x64, 0x54, 0x2B,
    0x16, 0x0B, 0xC5, 0x25, 0xB2, 0xE1, 0x7C, 0xBC, 0x2D, 0x94, 0xA2, 0x91, 0x68, 0xC4, 0x7A, 0x25,
    0x76, 0xBC, 0x5F, 0xAF, 0x87, 0xB3, 0x94, 0xD2, 0x6D, 0x38, 0x9F, 0x4C, 0xB2, 0xD9, 0x8C, 0xF6,
    0x71, 0x36, 0x92, 0xAA, 0x55, 0xAB, 0x15, 0xEA, 0x96, 0xDB, 0x71, 0xBE, 0xDE, 0x2E, 0xD6, 0x61,
    0x50, 0xB8, 0x64, 0x3E, 0x13, 0x3B, 0x9F, 0xCF, 0x8D, 0xB6, 0x98, 0xD4, 0x6E, 0x39, 0x1F, 0x8C,
    0xD2, 0xE9, 0xF4, 0xE3, 0xED, 0xE6, 0x55, 0x2B, 0x96, 0x4B, 0xE5, 0x35, 0xBA, 0xFD, 0x79, 0x1B,
    0x8D, 0x06, 0x93, 0x47, 0xA1, 0xA6, 0x69, 0x68, 0xBA, 0x2A, 0x1E, 0x4F, 0x4D, 0x94, 0xD3, 0xD5,
    0x2A, 0x74, 0x4A, 0x5E, 0x57, 0x51, 0x55, 0xA6, 0xE0, 0x20, 0x3F, 0xE9, 0xAE, 0x06, 0x31, 0x02,
    0x90, 0x40, 0xE8, 0x10, 0x48, 0x0C, 0x16, 0x21, 0x06, 0xF8, 0x41, 0xEE, 0xF0, 0x88, 0x0C, 0x26,
    0x03, 0x0A, 0xF8, 0x42, 0xEE, 0xF0, 0xC8, 0x0C, 0x36, 0x03, 0x0E, 0x88, 0x43, 0xE0, 0x31, 0x08,
    0x84, 0x47, 0xE1, 0x12, 0xBB, 0xC4, 0xE0, 0x31, 0x48, 0x0C, 0x57, 0xE1, 0x16, 0xBB, 0xC5, 0xE0,
    0x31, 0x88, 0x0C, 0x66, 0x21, 0x1A, 0x80, 0xC6, 0xE2, 0x11, 0xCF, 0x84, 0x76, 0xEF, 0x1E, 0x80,
    0xC7, 0xE0, 0x32, 0x0F, 0x84, 0x86, 0xEF, 0x22, 0x80, 0xC8, 0xE0, 0x32, 0x48, 0x84, 0x96, 0x03,
    0x26, 0x88, 0x49, 0xFE, 0x12, 0x8B, 0xBC, 0xA6, 0x03, 0x2A, 0x80, 0xCA, 0xFE, 0x12, 0xCB, 0xBC,
    0xB6, 0x03, 0x2E, 0x80, 0xCB, 0xE2, 0x13, 0x08, 0x0C, 0xC6, 0x21, 0x32, 0xF8, 0x4C, 0xEE, 0xF3,
    0x48, 0x0C, 0xD6, 0x03, 0x36, 0xF8, 0x4D, 0xEE, 0xF3, 0x88, 0x0C, 0xE6, 0x03, 0x3A, 0x88, 0x4E,
    0xE0, 0x33, 0xC8, 0x84, 0xF7, 0xE1, 0x3E, 0xBB, 0xCF, 0xE0, 0x34, 0x08, 0x0D, 0x07, 0xE1, 0x42,
    0xBB, 0xD0, 0xE0, 0x34, 0x48, 0x0D, 0x16, 0x21, 0x46, 0x80, 0xD1, 0xE2, 0x14, 0x8F, 0x85, 0x26,
    0xEF, 0x4A, 0x80, 0xD2, 0xE0, 0x34, 0xCF, 0x85, 0x36, 0x03, 0x4E, 0x80, 0xD3, 0xE2, 0x15, 0x08,
    0x0D, 0x46, 0x21, 0x52, 0xF8, 0x54, 0xEE, 0xF5, 0x48, 0x0D, 0x56, 0x03, 0x56, 0xF8, 0x55, 0xE0,
    0x35, 0x88, 0x0D, 0x66, 0x21, 0x5A, 0x80, 0xD6, 0xE2, 0x15, 0xCF, 0x85, 0x76, 0xEF, 0x5E, 0x80,
    0xD7, 0xE0, 0x36, 0x0F, 0x85, 0x86, 0x03, 0x62, 0x80, 0xD8, 0xE2, 0x18, 0xE8, 0x86, 0x66, 0x21,
    0xA4, 0x88, 0x6B, 0xE2, 0x1B, 0xA8, 0x87, 0x16, 0x21, 0xCF, 0x88, 0x76, 0x62, 0x1E, 0x38, 0x84,
    0x26, 0xC1, 0x0A, 0x99, 0x42, 0xE4, 0x50, 0x49, 0x04, 0x16, 0x3D, 0x06, 0x89, 0xC1, 0xFE, 0x50,
    0x88, 0x34, 0x36, 0x35, 0x0E, 0x8E, 0x59, 0x2B, 0x30, 0xE9, 0x6D, 0x16, 0x03, 0x24, 0x80, 0xD3,
    0xE0, 0x35, 0x98, 0x0D, 0x8E, 0x03, 0xAF, 0x80, 0xE3, 0xA0, 0x3B, 0xA8, 0x0E, 0x66, 0x03, 0xC5,
    0x80, 0xE9, 0x20, 0x3C, 0xF8, 0x0F, 0x66, 0x03, 0xE3, 0x80, 0xFF, 0xAE, 0xD3, 0xA8, 0x07, 0xFE,
    0x05, 0xFE, 0xA3, 0xCD, 0x6C, 0x13, 0x69, 0x94, 0xDE, 0x45, 0x30, 0x90, 0x4C, 0x63, 0xD3, 0x28,
    0x9C, 0xCF, 0xE5, 0x34, 0x83, 0x4E, 0x65, 0x53, 0xA8, 0xE5, 0x96, 0xB3, 0x3A, 0x98, 0x80, 0x36,
    0x5B, 0xF9, 0x55, 0x82, 0x57, 0x32, 0x96, 0x48, 0xA4, 0xB2, 0x09, 0x34, 0x7A, 0x4F, 0x13, 0x94,
    0x7C, 0xA5, 0x30, 0x69, 0x74, 0xAA, 0x5F, 0x1C, 0xB3, 0x56, 0x65, 0xF3, 0x50, 0x06, 0xCE, 0x29,
    0x60, 0x8A, 0xCC, 0xA2, 0xD2, 0x28, 0x7C, 0x82, 0x21, 0x1E, 0x88, 0xC4, 0xE2, 0x5F, 0x28, 0x9C,
    0x1A, 0x31, 0x1A, 0x8C, 0xC7, 0x2C, 0xF5, 0x98, 0xCC, 0xE7, 0xFF, 0x11, 0xFF, 0x6F, 0xE1, 0xD1,
    0xC8, 0x74, 0xB6, 0x75, 0x1C, 0x9D, 0x4E, 0x6D, 0x13, 0xF9, 0x8D, 0x77, 0xFD, 0x13, 0xB4, 0x4E,
    0x26, 0x35, 0x60, 0x01, 0x4A, 0x63, 0x31, 0xA7, 0x80, 0x0A, 0x52, 0xA9, 0x8D, 0x20, 0x00, 0x52,
    0x91, 0xCC, 0x68, 0x20, 0x02, 0x94, 0x72, 0x63, 0x3A, 0x00, 0x14, 0xA2, 0xB3, 0x19, 0x98, 0x00,
    0xA5, 0x0E, 0x98, 0xCB, 0x00, 0x05, 0x28, 0x3C, 0xC6, 0x4A, 0x00, 0x29, 0x40, 0x26, 0x31, 0xEF,
    0xF7, 0x1E, 0xD1, 0x3A, 0x98, 0xD6, 0x00, 0x0B, 0x29, 0x9C, 0xC6, 0xA2, 0x00, 0x29, 0x4B, 0x26,
    0x34, 0xA0, 0x01, 0x4A, 0x4B, 0x31, 0xA1, 0x80, 0x0A, 0x51, 0xE9, 0x8C, 0xF0, 0x00, 0x52, 0x8B,
    0xCC, 0x66, 0xA0, 0x02, 0x94, 0x42, 0x63, 0x2E, 0x00, 0x14, 0xA1, 0x33, 0x19, 0x38, 0x00, 0xA5,
    0x02, 0x98, 0xC8, 0x00, 0x3B, 0x6D, 0x9D, 0xA2, 0x79, 0x31, 0xAD, 0x00, 0x16, 0x53, 0x59, 0x8D,
    0x4C, 0x00, 0x52, 0x97, 0x4C, 0x69, 0x80, 0x02, 0x94, 0x9E, 0x63, 0x45, 0x00, 0x14, 0xA4, 0x13,
    0x19, 0xF0, 0x00, 0xA5, 0x19, 0x98, 0xCD, 0xC0, 0x05, 0x28, 0x94, 0xC6, 0x60, 0x00, 0x29, 0x42,
    0xE6, 0x32, 0x90, 0x01, 0x4A, 0x09, 0x31, 0x91, 0x00, 0x77, 0x13, 0xE9, 0x8D, 0x70, 0x00, 0xB2,
    0x9B, 0xCC, 0x6A, 0xA0, 0x02, 0x94, 0xC2, 0x63, 0x4E, 0x00, 0x14, 0xA5, 0x33, 0x1A, 0x38, 0x00,
    0xA5, 0x22, 0x98, 0xD0, 0x00, 0x05, 0x28, 0xDC, 0xC6, 0x72, 0x00, 0x29, 0x45, 0x26, 0x33, 0x20,
    0x01, 0x4A, 0x1B, 0x31, 0x95, 0x80, 0x0A, 0x50, 0x69, 0x8C, 0x90, 0x0B, 0x38, 0x9C, 0xCC, 0x6A,
    0xE0, 0x05, 0x94, 0xCA, 0x63, 0x50, 0x00, 0x14, 0xA5, 0x73, 0x1A, 0x48, 0x00, 0xA5, 0x24, 0x98,
    0xD0, 0x80, 0x05, 0x28, 0xEC, 0xC6, 0x76, 0x00, 0x29, 0x45, 0xA6, 0x33, 0x40, 0x01, 0x4A, 0x1F,
    0x31, 0x96, 0x80, 0x0A, 0x50, 0x89, 0x8C, 0x98, 0x00, 0x52, 0x80, 0xCC, 0x63, 0xE0, 0x3B, 0xC4,
    0xEE, 0x63, 0x59, 0x00, 0x2C, 0xA6, 0x93, 0x1A, 0x90, 0x00, 0xA5, 0x2D, 0x98, 0xD2, 0xC0, 0x05,
    0x29, 0x34, 0xC6, 0x88, 0x00, 0x29, 0x47, 0xE6, 0x33, 0xD0, 0x01, 0x4A, 0x31, 0x31, 0x9B, 0x00,
    0x0A, 0x51, 0x19, 0x8C, 0xBC, 0x00, 0x52, 0x85, 0x4C, 0x65, 0x00, 0x02, 0x94, 0x0E, 0x63, 0x21,
    0x00, 0xEE, 0x27, 0xB3, 0x1A, 0xD8, 0x01, 0x65, 0x36, 0x98, 0xD5, 0x00, 0x05, 0x29, 0x7C, 0xC6,
    0x9A, 0x00, 0x29, 0x4A, 0x26, 0x34, 0x60, 0x01, 0x4A, 0x43, 0x31, 0x9F, 0x80, 0x0A, 0x51, 0xA9,
    0x8C, 0xE0, 0x00, 0x52, 0x89, 0xCC, 0x66, 0x20, 0x02, 0x94, 0x32, 0x63, 0x2A, 0x00, 0x14, 0xA0,
    0xB3, 0x19, 0x18, 0x07, 0x70, 0x0D, 0x1F, 0x83, 0x47, 0xE0, 0xD1, 0xF8, 0x34, 0x7E, 0x0D, 0x1F,
    0x83, 0x47, 0xE0, 0xD1, 0xF8, 0x34, 0x7E, 0x0D, 0x1F, 0x83, 0x47, 0xE0, 0xD1, 0xF8, 0x34, 0x7E,
    0x0D, 0x1F, 0x83, 0x47, 0xE0, 0xD1, 0xC0, 0x57, 0x65, 0x9A, 0x97, 0xCC, 0x6C, 0xB0, 0x59, 0xD4,
    0xD8, 0x29, 0xB2, 0x9B, 0x4C, 0x63, 0xD6, 0x88, 0x07, 0xFA, 0xEE, 0x07, 0xEF, 0x81, 0xFB, 0xE0,
    0x7E, 0xF8, 0x1F, 0xBE, 0x07, 0xEF, 0x81, 0xFB, 0xE0, 0x7E, 0xF8, 0x1F, 0xBE, 0x07, 0xEF, 0x81,
    0xFB, 0xE0, 0x7E, 0xF8, 0x1F, 0xBE, 0x07, 0xEF, 0x81, 0xFB, 0xE1, 0x50, 0xF8, 0x54, 0x3E, 0x15,
    0x0F, 0x85, 0x43, 0xE1, 0x50, 0xD6, 0x2C, 0x3D, 0xF2, 0x82, 0xC6, 0x66, 0x5F, 0xE9, 0x38, 0x55,
    0x3E, 0x15, 0x4F, 0x85, 0x53, 0xE1, 0x54, 0xF8, 0x55, 0x3E, 0x15, 0x4F, 0x85, 0x53, 0xE1, 0x54,
    0xF8, 0x35, 0x7E, 0x0D, 0x5F, 0x83, 0x57, 0xE0, 0xD5, 0xF8, 0x35, 0x7E, 0x0D, 0x5F, 0x83, 0x57,
    0xE0, 0xD5, 0xF8, 0x35, 0x7E, 0x0D, 0x5F, 0x83, 0x57, 0xE0, 0xD5, 0xE8, 0xB3, 0x25, 0x67, 0x87,
    0x0A, 0xC6, 0x76, 0x70, 0xA0, 0xD6, 0x83, 0xA3, 0xA1, 0x40, 0xA8, 0x70, 0x49, 0xDF, 0x42, 0x79,
    0xC8, 0x9E, 0xE1, 0x27, 0xDF, 0x29, 0xFC, 0x16, 0x89, 0x28, 0xA2, 0xC7, 0x2D, 0x36, 0x7A, 0x2C,
    0xAA, 0x3F, 0x00, 0x90, 0x7C, 0xE4, 0x31, 0x59, 0x14, 0x12, 0x35, 0x41, 0x8D, 0xD4, 0x63, 0x9F,
    0x58, 0xEF, 0xFE, 0x3D, 0x04, 0x8D, 0xDC, 0xAD, 0x52, 0x19, 0x1C, 0x6A, 0x49, 0x1C, 0xB5, 0xD9,
    0xE4, 0x92, 0xA0, 0x42, 0xD2, 0x24, 0x08, 0x5F, 0x82, 0x17, 0xE0, 0x85, 0xF8, 0x12, 0x69, 0x3B,
    0x92, 0x47, 0x24, 0x92, 0xA8, 0xDD, 0xB6, 0xD5, 0x1C, 0xFF, 0x62, 0xC1, 0x15, 0xF0, 0x45, 0x74,
    0x08, 0x72, 0xE6, 0x51, 0x65, 0xA0, 0x16, 0x94, 0xBA, 0x37, 0x68, 0xB5, 0x45, 0xC1, 0x23, 0xF0,
    0x48, 0xF3, 0x3E, 0x01, 0x59, 0x66, 0x80, 0x2B, 0x49, 0x54, 0x6E, 0xC7, 0x6A, 0x89, 0x00, 0x2A,
    0x40, 0x99, 0xF8, 0x26, 0x7E, 0x09, 0x9F, 0x82, 0x67, 0x32, 0x70, 0x3F, 0xD4, 0x04, 0xB4, 0xAF,
    0x5A, 0xA1, 0xA0, 0x52, 0x90, 0x28, 0x7E, 0x17, 0x7E, 0x00, 0x4E, 0x95, 0xCB, 0x54, 0x2C, 0x2F,
    0x7F, 0x0B, 0xDF, 0x00, 0x9F, 0x30, 0x32, 0xDE, 0xB5, 0x6A, 0x84, 0x85, 0x86, 0x41, 0x83, 0xF8,
    0x60, 0xFE, 0x18, 0x3F, 0x86, 0x0F, 0x20, 0x8B, 0x98, 0x1D, 0x6F, 0x58, 0xB5, 0x41, 0xFF, 0xD9,
    0xF0, 0xC3, 0xFC, 0x30, 0xF7, 0x11, 0xBC, 0xAC, 0xF2, 0xF9, 0x90, 0x19, 0xB5, 0x56, 0xB5, 0x41,
    0x43, 0x23, 0xF0, 0xC8, 0xFC, 0x36, 0x73, 0x00, 0xAD, 0x2A, 0xB6, 0xA8, 0x20, 0x14, 0xA4, 0x19,
    0x6F, 0x86, 0x5B, 0xE1, 0x96, 0xF8, 0x65, 0xB2, 0x0D, 0xED, 0xD5, 0x2D, 0x50, 0x30, 0x29, 0x48,
    0x33, 0xDF, 0x08, 0xC5, 0x80, 0xCD, 0xAA, 0x9D, 0xAA, 0x04, 0x11, 0xFF, 0x84, 0x7F, 0xE2, 0x03,
    0xB5, 0x9E, 0x33, 0x36, 0x03, 0x5E, 0xAA, 0x56, 0xA8, 0x0F, 0xFA, 0x76, 0x12, 0x5F, 0x86, 0xC3,
    0xE1, 0x1E, 0xF8, 0x47, 0xAA, 0x01, 0xFA, 0x54, 0x6D, 0x50, 0x00, 0xDA, 0x7C, 0x23, 0x57, 0x03,
    0x16, 0x42, 0x3F, 0xF0, 0x8F, 0xFC, 0x23, 0xF8, 0xBB, 0x81, 0xA3, 0x20, 0x4A, 0x90, 0x47, 0x7E,
    0x29, 0x5F, 0x84, 0x67, 0xE1, 0x19, 0xA5, 0x97, 0x99, 0x3A, 0x9A, 0x8C, 0x46, 0x53, 0x50, 0xE7,
    0xCC, 0x0E, 0x79, 0x18, 0xB7, 0xC3, 0x75, 0xF0, 0x4D, 0x54, 0x02, 0x93, 0x04, 0xE7, 0xC4, 0x0D,
    0x70, 0x33, 0x64, 0x01, 0x12, 0x04, 0xBF, 0xC1, 0x2F, 0xF0, 0x4B, 0xFC, 0x36, 0xD9, 0x0C, 0x84,
    0xC0, 0xE1, 0x7C, 0x58, 0x26, 0x7E, 0x1B, 0x4E, 0x81, 0x7B, 0x20, 0x99, 0xF8, 0x26, 0x79, 0x9F,
    0x01, 0x2D, 0x22, 0x60, 0x96, 0xF8, 0x25, 0xBE, 0x09, 0x6F, 0x86, 0xC3, 0x40, 0x49, 0x98, 0x1B,
    0x6F, 0x9F, 0x0D, 0x77, 0xC3, 0x5D, 0x70, 0x2D, 0xE4, 0x36, 0x7F, 0x0D, 0x9F, 0xC2, 0x67, 0x30,
    0x5E, 0x68, 0x67, 0x3F, 0x19, 0xCF, 0xC3, 0x4F, 0xF0, 0xD3, 0xEC, 0x19, 0x14, 0x02, 0x4C, 0x83,
    0x4B, 0xF0, 0xD2, 0xD8, 0x26, 0x1A, 0x0D, 0x57, 0xC3, 0x55, 0xF0, 0x24, 0xD4, 0x17, 0x97, 0x93,
    0x84, 0x1B, 0xE1, 0x06, 0xF8, 0x68, 0x7E, 0x10, 0x4D, 0x03, 0x2F, 0x41, 0x7A, 0x90, 0x41, 0x3E,
    0x12, 0x1A, 0x84, 0x1B, 0xE1, 0x06, 0xF8, 0x41, 0xAE, 0x17, 0x79, 0x82, 0xF2, 0xF3, 0xB0, 0x83,
    0x7C, 0x57, 0x7F, 0x08, 0x0F, 0xC2, 0x03, 0x50, 0x65, 0xE8, 0x6B, 0x5F, 0x1A, 0xD6, 0x4C, 0x4F,
    0x23, 0x06, 0x52, 0x72, 0x18, 0xAB, 0x56, 0x40, 0x31, 0x3B, 0x5D, 0x66, 0x49, 0x2D, 0x1A, 0x2F,
    0xC1, 0x07, 0xF0, 0x41, 0xFC, 0x68, 0xBE, 0x96, 0x8D, 0x0F, 0xE1, 0x85, 0xF8, 0x0D, 0x65, 0x05,
    0xA2, 0xCB, 0x80, 0x29, 0x29, 0x88, 0x20, 0xFE, 0x34, 0x1F, 0x82, 0x0E, 0xC1, 0x26, 0x98, 0x20,
    0xFE, 0x08, 0x3F, 0x82, 0x0F, 0xE3, 0x3F, 0xE8, 0x1B, 0x68, 0x04, 0xCA, 0x02, 0x13, 0xE3, 0x3D,
    0xFC, 0xB4, 0x31, 0x5F, 0x19, 0xDF, 0xC0, 0xBB, 0x71, 0x9C, 0xFC, 0x67, 0x3F, 0x0C, 0x2F, 0xC6,
    0x73, 0xF0, 0x36, 0xE0, 0x66, 0xFF, 0x19, 0xBE, 0xCD, 0x9B, 0x20, 0x2F, 0x64, 0x31, 0xBF, 0x0C,
    0x6F, 0xC6, 0x6B, 0x69, 0x68, 0xCC, 0xFE, 0x33, 0x3F, 0x86, 0x23, 0xE3, 0x33, 0xF8, 0x1C, 0x30,
    0x33, 0x1F, 0x8C, 0xC7, 0x60, 0x5E, 0xB0, 0x42, 0x7E, 0x10, 0x9F, 0x8C, 0xBE, 0xC7, 0x23, 0x90,
    0x30, 0xB4, 0x32, 0xDF, 0x8A, 0x57, 0xE1, 0x0A, 0xF8, 0xCB, 0x73, 0x2D, 0x19, 0x5F, 0xC6, 0x57,
    0xA0, 0x94, 0xDC, 0x21, 0x7F, 0x08, 0x5F, 0xC6, 0x57, 0xB0, 0x60, 0xDC, 0x65, 0x7F, 0x14, 0xA7,
    0xC2, 0x13, 0xF1, 0x95, 0xDC, 0xC7, 0xBA, 0x03, 0x7E, 0x86, 0x57, 0xF0, 0xD0, 0x7C, 0x65, 0x77,
    0x96, 0x82, 0x63, 0xE3, 0x2B, 0xD0, 0x30, 0x6E, 0x32, 0xBF, 0x82, 0x57, 0xE0, 0x95, 0xF8, 0xCA,
    0xFE, 0x07, 0x0B, 0x8C, 0xAF, 0xE3, 0x2B, 0xF8, 0x4C, 0xB2, 0x09, 0x9F, 0x8C, 0xAF, 0xE1, 0x67,
    0x98, 0x25, 0xBE, 0x09, 0x6F, 0x82, 0x5B, 0xE3, 0x2B, 0xE8, 0x4B, 0xF2, 0x1A, 0x0F, 0x8C, 0xAF,
    0x21, 0x2F, 0xB8, 0x69, 0x7E, 0x1A, 0x5F, 0x8B, 0x86, 0xA0, 0xBC, 0xB8, 0xCA, 0xFE, 0x32, 0xBF,
    0x86, 0x77, 0xE3, 0x2B, 0xF8, 0x71, 0xA6, 0x19, 0xDF, 0x8C, 0xAF, 0x21, 0x30, 0xB8, 0x68, 0xBE,
    0x1A, 0x2F, 0x81, 0x26, 0xA0, 0xBC, 0xB8, 0xCA, 0xFE, 0x10, 0x6F, 0x86, 0x77, 0xE3, 0x2B, 0xF8,
    0x1B, 0x6E, 0x32, 0xBF, 0x8C, 0xAE, 0xB2, 0xD0, 0x83, 0x7C, 0x20, 0xDF, 0x19, 0x5F, 0x01, 0x79,
    0x71, 0x95, 0xFC, 0x54, 0xFF, 0x08, 0x0F, 0xC6, 0x57, 0x90, 0x65, 0xDC, 0x65, 0x7F, 0x19, 0x5E,
    0x06, 0x55, 0xF0, 0x0B, 0xD8, 0x65, 0x3F, 0x04, 0x0F, 0xC1, 0x03, 0xF1, 0x94, 0xFC, 0x65, 0x3F,
    0x19, 0x4F, 0xC6, 0x53, 0xF0, 0x40, 0xFC, 0x65, 0x3F, 0x19, 0x4F, 0xC1, 0x03, 0xF0, 0x40, 0xFC,
    0x65, 0x3F, 0x19, 0x4F, 0xC3, 0x0D, 0xF1, 0x94, 0xFC, 0x31, 0x1F, 0x19, 0x4F, 0xC6, 0x53, 0xF1,
    0x94, 0xFC, 0x30, 0x7F, 0x0C, 0x1F, 0xC6, 0x53, 0xF0, 0xC1, 0xFC, 0x65, 0x38, 0x19, 0x47, 0xC3,
    0x15, 0xF1, 0x94, 0x7C, 0x65, 0x1F, 0x19, 0x47, 0xC3, 0x0B, 0xF0, 0xC2, 0xFC, 0x65, 0x1F, 0x0C,
    0x2F, 0xC6, 0x51, 0xF0, 0x84, 0x7C, 0x21, 0x1F, 0x19, 0x45, 0x46, 0x4F, 0xF0, 0x86, 0xFC, 0x31,
    0x5F, 0x08, 0x47, 0xC6, 0x4F, 0xF0, 0x82, 0x7C, 0x64, 0xFF, 0x08, 0x4F, 0xC2, 0x13, 0xF1, 0x93,
    0xFC, 0x21, 0x3F, 0x14, 0x87, 0xC2, 0x0F, 0xF1, 0x93, 0xFC, 0x64, 0xFF, 0x04, 0xD7, 0xC3, 0x3D,
    0xF1, 0x93, 0xFC, 0x64, 0xFF, 0x19, 0x3F, 0xC1, 0x2B, 0xF0, 0x4A, 0xFC, 0x12, 0xBF, 0x19, 0x3F,
    0xC6, 0x4F, 0xF0, 0xCF, 0x7C, 0x64, 0xFF, 0x04, 0xCF, 0xC6, 0x4F, 0xF0, 0x4B, 0x7C, 0x12, 0xDF,
    0x04, 0xB7, 0xC6, 0x4F, 0xF1, 0x93, 0xFC, 0x64, 0xFF, 0x19, 0x3F, 0xC3, 0x47, 0xF1, 0x93, 0xEE,
    0x5F, 0x15, 0x87, 0x43, 0x67, 0x51, 0x68, 0xCC, 0x64, 0x65, 0x7F, 0x0D, 0x3F, 0xC6, 0x57, 0xF0,
    0xD0, 0x7C, 0x65, 0x7F, 0x0D, 0x07, 0xC6, 0x57, 0xF0, 0xD2, 0xFC, 0x34, 0xBF, 0x19, 0x5F, 0xC2,
    0x15, 0xF0, 0x85, 0x7C, 0x34, 0x1F, 0x4C, 0xFF, 0xC2, 0x05, 0xF0, 0x81, 0x7C, 0x20, 0x5F, 0x4C,
    0xFF, 0xC1, 0xF9, 0xF0, 0xC8, 0xFC, 0x1E, 0xFF, 0x18, 0xC7, 0xC6, 0x31, 0xF0, 0xBD, 0x77, 0x57,
    0xA8, 0xD6, 0x41, 0xB4, 0xD0, 0xAD, 0x3E, 0xA3, 0x51, 0x4B, 0xD7, 0x4E, 0x3D, 0x90, 0x8C, 0x57,
    0xD7, 0x17, 0xF7, 0xC2, 0x41, 0x70, 0xB1, 0x4C, 0x37, 0xD3, 0x0F, 0xF6, 0xC4, 0x41, 0x31, 0xB3,
    0x0C, 0x74, 0x73, 0xC9, 0x59, 0xC7, 0x4C, 0x41, 0x01, 0x48, 0x88, 0x20, 0x3E, 0x08, 0x0F, 0x82,
    0x03, 0xE3, 0x2A, 0xF8, 0x20, 0xFE, 0x32, 0xAF, 0x83, 0x36, 0x78, 0xE8, 0xE0, 0x0D, 0xA4, 0x08,
    0xAF, 0x8C, 0xB3, 0xE3, 0x2C, 0xF8, 0x24, 0x3E, 0x09, 0x0F, 0x82, 0x43, 0xE3, 0x2C, 0xF0, 0x0E,
    0x66, 0x32, 0xEF, 0x86, 0x37, 0xE3, 0x2E, 0xF8, 0x63, 0xFE, 0x32, 0xED, 0x80, 0x9E, 0x83, 0x30,
    0xF8, 0xCC, 0x3E, 0x18, 0xCF, 0x8C, 0xC3, 0xE3, 0x30, 0xF8, 0x62, 0x3E, 0x33, 0x0F, 0x02, 0x6E,
    0x81, 0x91, 0xF8, 0x64, 0x7E, 0x33, 0x2F, 0x86, 0x47, 0xE3, 0x32, 0xF8, 0x63, 0x3E, 0x33, 0x2F,
    0x01, 0xCE, 0x83, 0x34, 0xF8, 0xCD, 0x3E, 0x33, 0x4F, 0x84, 0x4B, 0xE3, 0x34, 0xF8, 0x32, 0x32,
    0x33, 0x6F, 0x86, 0x77, 0xE1, 0x12, 0xF8, 0xCD, 0xBE, 0x19, 0xFF, 0x8C, 0xDB, 0x80, 0x97, 0xA0,
    0x45, 0x7E, 0x11, 0x5F, 0x8C, 0xE3, 0xE3, 0x38, 0xF8, 0x44, 0xFE, 0x2A, 0x1F, 0x8C, 0xE3, 0xE3,
    0x38, 0xF8, 0x1C, 0xEA, 0x33, 0xAF, 0x86, 0xBB, 0xE3, 0x3A, 0xF8, 0x27, 0x7E, 0x33, 0xAD, 0x00,
    0x9E, 0x83, 0x3C, 0xF8, 0x26, 0xFE, 0x09, 0xBF, 0x8C, 0xF3, 0xE3, 0x3C, 0xF8, 0x6B, 0xBE, 0x33,
    0xCF, 0x84, 0xF6, 0xA0, 0x9F, 0xF8, 0xCF, 0xBE, 0x33, 0xEF, 0x82, 0x73, 0xE0, 0x9C, 0xF8, 0xCF,
    0xBE, 0x13, 0xAF, 0x86, 0xBB, 0xE3, 0x40, 0xF8, 0xD0, 0x3E, 0x1B, 0x3F, 0x99, 0xA3, 0xC1, 0xD9,
    0xB0, 0x6D, 0x7E, 0x33, 0xEF, 0x86, 0xB3, 0xE3, 0x3E, 0xF8, 0xCF, 0xBE, 0x33, 0xEF, 0x84, 0xF2,
    0xE1, 0xB3, 0xF8, 0x6C, 0xFE, 0x34, 0x0F, 0x84, 0x43, 0xE1, 0x10, 0xF8, 0x6B, 0x3E, 0x66, 0xCF,
    0x81, 0xC7, 0x26, 0x6E, 0xF9, 0x9B, 0xBE, 0x11, 0x0F, 0x84, 0x43, 0xE6, 0x6E, 0xD0, 0x74, 0xAC,
    0x11, 0x2F, 0x8B, 0x07, 0xE1, 0x0B, 0xF9, 0x9C, 0x3E, 0x35, 0x7F, 0x8D, 0x5F, 0xE3, 0x57, 0xF5,
    0x2E, 0x81, 0x4C, 0xF8, 0xDB, 0x7E, 0xF4, 0xD8, 0x1D, 0x1B, 0x81, 0x47, 0x8A, 0x52, 0x3E, 0x74,
    0x98, 0x2D, 0x2A, 0x01, 0x4E, 0x9E, 0x53, 0xE3, 0x96, 0xEA, 0xCD, 0x3E, 0x6B, 0x56, 0xAA, 0xDB,
    0xE0, 0xF5, 0x78, 0x25, 0x42, 0x0B, 0x51, 0x80, 0x54, 0xBE, 0xF5, 0x3F, 0x9D, 0x52, 0x09, 0x58,
    0x8A, 0xD6, 0x63, 0x97, 0x0A, 0xCD, 0x66, 0x6A, 0x0B, 0x8A, 0x0D, 0x83, 0xE0, 0xA0, 0xF8, 0x28,
    0x39, 0x6E, 0x05, 0xB4, 0xC1, 0x43, 0x2B, 0x75, 0x80, 0x0F, 0x55, 0xB7, 0x58, 0xBF, 0xD2, 0x70,
    0x02, 0xCC, 0x07, 0xF3, 0xB7, 0x01, 0x4E, 0x56, 0xE0, 0x50, 0x4A, 0xDC, 0x0F, 0x09, 0x5B, 0x81,
    0x43, 0x2B, 0x70, 0x50, 0x24, 0x00, 0x39, 0xD6, 0x63, 0x95, 0x99, 0xAD, 0x46, 0x1B, 0x71, 0x86,
    0xDB, 0x81, 0x07, 0x30, 0x58, 0xCA, 0xDC, 0x14, 0xF9, 0x82, 0xCA, 0x56, 0xE0, 0x83, 0xCC, 0x16,
    0x72, 0xB7, 0x57, 0xC3, 0x87, 0x50, 0x12, 0xC8, 0x6F, 0x5F, 0x98, 0x81, 0x7A, 0x51, 0xCA, 0x78,
    0x14, 0xEA, 0x0B, 0xD9, 0xC4, 0x81, 0x7B, 0xF1, 0xBE, 0xFE, 0x49, 0x2D, 0x03, 0xC4, 0xB0, 0x74,
    0xF9, 0xA8, 0x0E, 0x69, 0x00, 0xB8, 0xC0, 0x07, 0x09, 0xF0, 0x61, 0x7C, 0x18, 0x5F, 0x1C, 0x27,
    0xC1, 0x5B, 0x70, 0x51, 0xD4, 0x49, 0x55, 0x03, 0x3D, 0xC3, 0xB7, 0x50, 0x44, 0x50, 0x19, 0xD2,
    0x04, 0x45, 0x01, 0x9F, 0x20, 0x31, 0x50, 0x3B, 0xD8, 0x04, 0x6D, 0xC3, 0xC3, 0x30, 0x47, 0xCC,
    0x3C, 0x53, 0x04, 0x8C, 0xC3, 0xC7, 0x30, 0x49, 0xCC, 0x3C, 0x93, 0x04, 0x8C, 0xC1, 0x4B, 0x40,
    0x4B, 0xD8, 0x12, 0x73, 0x04, 0x8C, 0xC1, 0x1F, 0x30, 0x46, 0xCC, 0x16, 0x33, 0x04, 0x47, 0xC0,
    0xDF, 0x70, 0x24, 0x52, 0x4C, 0x1F, 0x9F, 0x8E, 0xA3, 0xE1, 0xF4, 0xF8, 0xEA, 0x3E, 0x09, 0xCD,
    0x81, 0xBF, 0x41, 0xFA, 0xF8, 0xEC, 0x3E, 0x08, 0xDD, 0xCC, 0x40, 0x91, 0xB1, 0x05, 0x52, 0x24,
    0x20, 0xAF, 0x88, 0x2B, 0x92, 0x70, 0x4D, 0xCC, 0x11, 0xD3, 0x09, 0x07, 0xC1, 0x1D, 0x41, 0x0A,
    0xC8, 0x11, 0xD4, 0x10, 0xB4, 0x81, 0x1D, 0x41, 0x0B, 0xC8, 0x11, 0xD3, 0x10, 0xC4, 0xC2, 0x51,
    0xB1, 0x0B, 0x4C, 0x25, 0x54, 0x10, 0xBC, 0x82, 0x55, 0x41, 0x0C, 0x48, 0x25, 0x54, 0x10, 0xCC,
    0x82, 0x55, 0x41, 0x0D, 0x48, 0x18, 0xF4, 0x1E, 0x7F, 0x81, 0x43, 0x41, 0xE9, 0x7C, 0x7A, 0x5F,
    0x04, 0x5E, 0xF3, 0x40, 0x6F, 0xC8, 0x62, 0xE9, 0x12, 0x0C, 0x5F, 0xC7, 0xB3, 0xF1, 0xEC, 0xEC,
    0x15, 0x74, 0x1A, 0x05, 0xAD, 0xD8, 0x70, 0x00, 0xCB, 0x14, 0x18, 0x3B, 0x63, 0x04, 0x6D, 0xB0,
    0x05, 0x4C, 0x0D, 0x78, 0x0C, 0x34, 0xF0, 0xC1, 0x86, 0xAD, 0xBB, 0x04, 0x23, 0xBA, 0xDB, 0xAF,
    0xC2, 0x3C, 0xAD, 0xBA, 0xF6, 0x17, 0xFA, 0xDB, 0xAF, 0x41, 0x80, 0xA8, 0x01, 0xE6, 0x0C, 0x2C,
    0x81, 0xD2, 0xA0, 0xAD, 0xF8, 0x73, 0x36, 0x18, 0x79, 0x82, 0xA6, 0x81, 0x88, 0x90, 0x2A, 0x68,
    0x18, 0x99, 0x00, 0x1E, 0x60, 0x8E, 0xC8, 0x09, 0x25, 0x67, 0xA7, 0xCB, 0x81, 0xCF, 0xC0, 0xCC,
    0x4E, 0x24, 0x19, 0x89, 0xDB, 0xAD, 0x61, 0x99, 0xAD, 0xBA, 0xDC, 0x19, 0xAA, 0xDB, 0xAE, 0x01,
    0x9B, 0xD8, 0x02, 0xA8, 0x16, 0x49, 0xDA, 0x80, 0x6B, 0x2B, 0x30, 0x0F, 0xE8, 0x16, 0x0A, 0xD7,
    0x80, 0x07, 0x50, 0x54, 0xF2, 0x0A, 0x03, 0x19, 0xDC, 0x20, 0xB5, 0x91, 0xB5, 0x4A, 0xDD, 0x09,
    0x00, 0x0C, 0xA1, 0x81, 0xA7, 0xB4, 0x38, 0x4E, 0xDB, 0x00, 0x55, 0x03, 0x4D, 0x2B, 0x74, 0x20,
    0x34, 0xF6, 0x82, 0x0E, 0x1E, 0xB6, 0xE0, 0xF6, 0x4C, 0x34, 0xB3, 0xFE, 0xD3, 0xC2, 0xD5, 0x30,
    0xD3, 0x4F, 0xF8, 0x1A, 0x6B, 0x7F, 0x48, 0x53, 0xF0, 0x61, 0xDC, 0x3C, 0x13, 0x0C, 0xED, 0x44,
    0xFB, 0x7F, 0xF5, 0xD8, 0x1F, 0xD9, 0x0F, 0x1D, 0x01, 0xFF, 0x20, 0xF1, 0xD0, 0x20, 0x12, 0x08,
    0xDD, 0x05, 0x03, 0x80, 0xF1, 0xE0, 0x1F, 0x12, 0x0F, 0x1D, 0x05, 0x0B, 0x30, 0xAA, 0x4C, 0x50,
    0xB3, 0x05, 0x54, 0xC0, 0xF5, 0x31, 0x3C, 0xFC, 0x4F, 0x36, 0x0F, 0x2F, 0xC3, 0xCB, 0xF2, 0x26,
    0xFC, 0x89, 0xBF, 0x19, 0xE7, 0xC4, 0xFD, 0xF2, 0x26, 0xEC, 0x4F, 0xDE, 0x22, 0xA7, 0xC8, 0xA9,
    0xF1, 0x37, 0xFC, 0x8A, 0xFF, 0x14, 0x47, 0xE4, 0xE2, 0x0D, 0xC5, 0xDC, 0x8B, 0x9F, 0x22, 0xE7,
    0xC8, 0xB9, 0xF2, 0x2E, 0x7C, 0x10, 0x7B, 0x13, 0x47, 0xFF, 0xD9, 0xE1, 0x34, 0x7C, 0x8C, 0x5F,
    0x03, 0xA5, 0xC4, 0xE1, 0xF1, 0x38, 0x7C, 0x30, 0xD3, 0x02, 0xCE, 0x44, 0xB3, 0xF1, 0x51, 0x78,
    0x4E, 0xDF, 0x23, 0x8F, 0xE6, 0xC1, 0x11, 0xA0, 0x99, 0xE4, 0x11, 0x1A, 0x09, 0xA2, 0x41, 0x11,
    0xA0, 0x9A, 0x70, 0x26, 0x2F, 0x8E, 0x0F, 0xE1, 0x09, 0xF8, 0x9C, 0xA8, 0x48, 0x9B, 0x09, 0x5A,
    0x82, 0x72, 0x98, 0x0A, 0x26, 0x48, 0xBF, 0x09, 0x5B, 0x24, 0x8E, 0xA4, 0x48, 0x91, 0xDF, 0x24,
    0x77, 0xC4, 0xB7, 0xF0, 0x82, 0xD8, 0x92, 0xBF, 0x1F, 0xA7, 0xC4, 0xD1, 0xF2, 0x4A, 0xFC, 0x4C,
    0xDF, 0x13, 0x36, 0x84, 0xC9, 0x29, 0x38, 0x97, 0xF6, 0x25, 0xD9, 0x89, 0x6E, 0x62, 0x59, 0xA0,
    0x9D, 0x26, 0x25, 0x99, 0x8F, 0xE2, 0x62, 0x59, 0x98, 0x9D, 0x66, 0x25, 0x9E, 0x85, 0xCF, 0x00,
    0xAF, 0xA0, 0x9D, 0x66, 0x0A, 0xF9, 0x89, 0xD6, 0x60, 0x86, 0x98, 0x5D, 0xB0, 0x43, 0x9C, 0x02,
    0xBF, 0xE0, 0xAF, 0xB0, 0x98, 0x3E, 0x0E, 0xEE, 0x44, 0x84, 0xB9, 0x31, 0x27, 0xD0, 0x4F, 0xF3,
    0x12, 0xD4, 0xC3, 0x13, 0x80, 0x05, 0x50, 0x31, 0x52, 0x12, 0xD4, 0xC4, 0xE3, 0x41, 0x2E, 0x48,
    0x4E, 0x34, 0x01, 0xF4, 0xC4, 0xE3, 0x30, 0x66, 0xCC, 0x30, 0x92, 0x13, 0x14, 0xC4, 0xE5, 0x41,
    0x32, 0x7C, 0x4C, 0x98, 0x15, 0xF5, 0x84, 0xCD, 0x61, 0x32, 0x4A, 0x4E, 0x00, 0x3A, 0x09, 0x76,
    0x42, 0x5B, 0x98, 0x96, 0x68, 0x27, 0x09, 0x89, 0x66, 0xA4, 0x19, 0x98, 0x96, 0x66, 0x27, 0x29,
    0x89, 0x66, 0x4E, 0x87, 0x95, 0x9E, 0x1D, 0x2A, 0x27, 0x5C, 0xAC, 0xE2, 0x5B, 0xC3, 0xB9, 0xE9,
    0x6B, 0xB3, 0xC9, 0x25, 0x40, 0x66, 0x94, 0xC8, 0x20, 0x32, 0x99, 0x00, 0xCA, 0x56, 0x7A, 0xCC,
    0xC8, 0x0C, 0xF3, 0xDA, 0xD8, 0x36, 0xDF, 0x2D, 0xBC, 0x0B, 0x71, 0x01, 0xD8, 0x78, 0x76, 0x31,
    0xDD, 0x97, 0xCB, 0x67, 0x04, 0xDA, 0x40, 0xF6, 0x32, 0x5F, 0x44, 0x23, 0x73, 0x34, 0xCA, 0x50,
    0x32, 0xBF, 0x1C, 0xB7, 0xDF, 0x2F, 0x03, 0xC7, 0xF0, 0x32, 0x11, 0x4C, 0x8F, 0xCF, 0x25, 0x05,
    0xCC, 0x4F, 0x33, 0x31, 0xCF, 0x3D, 0x9F, 0x33, 0x32, 0x27, 0x97, 0xC1, 0xFB, 0xF2, 0x79, 0x78,
    0x5E, 0x53, 0x13, 0x64, 0xC5, 0xCF, 0x7B, 0x80, 0x19, 0x24, 0x00, 0x59, 0x3B, 0x9E, 0x62, 0xED,
    0xF8, 0xBB, 0x6E, 0x0B, 0x69, 0x4C, 0x81, 0xFB, 0x4B, 0x08, 0x3E, 0x6D, 0x65, 0x07, 0xCD, 0xAD,
    0x20, 0xF9, 0xB5, 0xB4, 0x9E, 0x56, 0x05, 0xEC, 0xC9, 0xE5, 0x77, 0x99, 0x58, 0x0D, 0xF2, 0x03,
    0x74, 0x89, 0xE5, 0xF1, 0x39, 0xFC, 0x9E, 0x54, 0x79, 0x55, 0x84, 0xAF, 0x50, 0x1C, 0xD0, 0x9E,
    0x5F, 0x13, 0x9F, 0xC9, 0xE5, 0xF1, 0x34, 0xFC, 0x48, 0x73, 0x7C, 0xE5, 0x82, 0x37, 0x40, 0x21,
    0xD0, 0x90, 0x54, 0x03, 0x3D, 0x01, 0xB3, 0x60, 0x44, 0x4C, 0x1B, 0x13, 0x04, 0x44, 0xC1, 0xB1,
    0x30, 0x31, 0x4C, 0x9E, 0x59, 0x04, 0x6D, 0x86, 0x99, 0x40, 0x91, 0x4C, 0x69, 0x93, 0x09, 0x14,
    0xC6, 0x97, 0x30, 0x91, 0x4C, 0x69, 0x73, 0x09, 0x14, 0xC1, 0x4B, 0x30, 0x4B, 0xD8, 0x12, 0x73,
    0x04, 0x8C, 0xC1, 0x1F, 0x30, 0x46, 0xCC, 0x16, 0x33, 0x04, 0x47, 0xC0, 0xDF, 0x72, 0x79, 0x7C,
    0x9E, 0x5F, 0x14, 0x0F, 0xC5, 0x03, 0xF7, 0xE3, 0xEC, 0x13, 0x95, 0x03, 0x7E, 0x89, 0xE5, 0xF7,
    0x7F, 0x6E, 0xCF, 0x2F, 0x99, 0x02, 0x3B, 0xC1, 0xAA, 0x98, 0x12, 0x70, 0x4F, 0x3F, 0x93, 0xCF,
    0xE4, 0xF3, 0xA0, 0x6E, 0xEC, 0x12, 0x1F, 0x82, 0x3E, 0x82, 0x80, 0x98, 0x23, 0xE6, 0x28, 0x0D,
    0x86, 0xCA, 0x64, 0xF3, 0x98, 0x4A, 0x74, 0x4F, 0x3A, 0x04, 0xAE, 0x64, 0xF3, 0x98, 0x4A, 0xE6,
    0x4F, 0x39, 0x84, 0xAE, 0x64, 0xF3, 0x98, 0x4A, 0xE6, 0x4F, 0x39, 0x83, 0x22, 0x65, 0x68, 0xE8,
    0x28, 0xAB, 0x2E, 0x27, 0x9F, 0xC9, 0xE7, 0xF0, 0x46, 0x6A, 0xDA, 0x29, 0x7A, 0x01, 0xBE, 0x84,
    0xF3, 0xF8, 0xA2, 0xBE, 0xF2, 0xBB, 0x59, 0xE3, 0x33, 0x60, 0x48, 0x70, 0x4C, 0xF2, 0x01, 0xBC,
    0xFC, 0xF6, 0xD1, 0x1C, 0x4A, 0xBB, 0xE7, 0xB9, 0x93, 0x0E, 0x7E, 0x7B, 0xC8, 0x62, 0x2D, 0x62,
    0xF3, 0xDF, 0xC3, 0x13, 0x5F, 0x3E, 0x14, 0x31, 0x36, 0xB0, 0x79, 0xF1, 0x60, 0x72, 0xD0, 0x63,
    0xA7, 0x5C, 0xF3, 0xE4, 0x45, 0x0B, 0x6A, 0xC7, 0x9F, 0x2E, 0x28, 0x6B, 0x55, 0x3C, 0xF9, 0xD1,
    0x43, 0xDA, 0xA3, 0xE7, 0xD1, 0x93, 0xFA, 0xD5, 0x0F, 0x3E, 0xA4, 0x51, 0x56, 0xA8, 0xF9, 0xEB,
    0x39, 0x92, 0x06, 0xC8, 0x1A, 0x19, 0x02, 0x6C, 0xFC, 0xE1, 0x30, 0x9D, 0xAF, 0xCE, 0x12, 0xF9,
    0xDB, 0xBC, 0xE0, 0xC0, 0x9D, 0xC3, 0xCF, 0x71, 0xFF, 0x44, 0xFC, 0xF7, 0x70, 0x03, 0xD2, 0xFA,
    0x00, 0x29, 0x5A, 0xBC, 0xF8, 0x30, 0x60, 0xCF, 0xCF, 0x89, 0x0F, 0x24, 0xFC, 0xF8, 0xF1, 0x45,
    0xDA, 0xBF, 0xE7, 0xCA, 0x94, 0x32, 0xD5, 0xEF, 0x3E, 0x68, 0x51, 0xD6, 0x13, 0xB6, 0xE5, 0xC0,
    0x30, 0x94, 0x8C, 0x20, 0x3E, 0x28, 0x6E, 0x43, 0xAD, 0x31, 0x4D, 0xCC, 0x69, 0x13, 0x14, 0xDC,
    0xC1, 0x2D, 0x32, 0x86, 0xE4, 0x01, 0x53, 0x0B, 0xFC, 0xC2, 0x99, 0x2B, 0x70, 0x6F, 0x65, 0x6E,
    0x14, 0xA4, 0xE3, 0x60, 0x01, 0x94, 0x68, 0x00, 0x75, 0x06, 0x1F, 0x39, 0x94, 0xF9, 0x68, 0x9D,
    0x65, 0xCC, 0xAC, 0x8C, 0xC6, 0x7D, 0x00, 0x00, 0xCB, 0xA6, 0x1C, 0x2B, 0x75, 0x4A, 0x1B, 0xC0,
    0x05, 0x4C, 0xA1, 0xB3, 0xE7, 0x87, 0x0A, 0xDC, 0xB2, 0x86, 0xDB, 0x8E, 0x1C, 0x0B, 0x71, 0x03,
    0x81, 0x6E, 0x18, 0x70, 0x2C, 0x00, 0x79, 0x59, 0x79, 0x93, 0xA9, 0xA9, 0x43, 0x25, 0x35, 0x15,
    0x86, 0xC5, 0x5F, 0xF2, 0x86, 0x7C, 0x3F, 0xB4, 0x28, 0x64, 0xC3, 0xFB, 0x32, 0x86, 0x4C, 0x26,
    0x93, 0x28, 0x66, 0x43, 0xFB, 0x72, 0x86, 0x4C, 0x3F, 0xB3, 0x14, 0xFC, 0xC2, 0xDB, 0x31, 0x4F,
    0xCC, 0xC7, 0xB6, 0x14, 0x9F, 0xC5, 0x27, 0x70, 0xFF, 0xFC, 0x3F, 0xFF, 0x28, 0x67, 0xCA, 0x19,
    0xF2, 0x86, 0x7C, 0x53, 0x1F, 0x01, 0x45, 0x05, 0x31, 0xF1, 0x4C, 0x54, 0xA1, 0x9F, 0x28, 0x67,
    0xC5, 0x13, 0xF2, 0x86, 0x5E, 0x24, 0x2A, 0x2F, 0x94, 0x33, 0x42, 0x27, 0xA9, 0x43, 0x26, 0x0F,
    0x59, 0x94, 0x33, 0xE5, 0x0C, 0xF9, 0x43, 0x3E, 0x50, 0xCE, 0x84, 0xDF, 0x02, 0x82, 0xF1, 0x43,
    0x3E, 0x50, 0xCD, 0x81, 0xD3, 0x82, 0x8A, 0x9F, 0x9F, 0x28, 0x28, 0xBA, 0xF9, 0xF1, 0xC2, 0x8C,
    0xAF, 0x9F, 0x10, 0x28, 0xDA, 0xF9, 0xCD, 0x53, 0x31, 0x47, 0x4B, 0xCF, 0x7C, 0x01, 0xC5, 0x7C,
    0xF7, 0x60, 0x65, 0xE7, 0xCE, 0x0E, 0xE9, 0x79, 0xC1, 0xC7, 0x2F, 0x3D, 0x90, 0x00, 0x32, 0x06,
    0xCC, 0xBC, 0xE0, 0xBD, 0x97, 0x9F, 0x51, 0x99, 0x02, 0x9C, 0x85, 0x09, 0xF0, 0x25, 0xEF, 0xCF,
    0xA2, 0xFF, 0x44, 0xBC, 0xF9, 0xC0, 0x13, 0x48, 0x54, 0xB2, 0xF3, 0xE5, 0x85, 0x4D, 0x5F, 0x3E,
    0x40, 0x54, 0xF5, 0xF3, 0x9B, 0xDE, 0x62, 0xA8, 0x97, 0x9F, 0x08, 0x52, 0x5A, 0xF9, 0xC9, 0x15,
    0x32, 0x93, 0x4E, 0xD7, 0xE7, 0xBC, 0x14, 0x9E, 0xD6, 0xEF, 0x3D, 0xC8, 0xA5, 0x16, 0xB8, 0x79,
    0xED, 0x82, 0x9F, 0xAF, 0x9E, 0xCE, 0x11, 0xDB, 0x0E, 0xEF, 0xE3, 0xBB, 0xF8, 0x49, 0xFC, 0x2A,
    0x9A, 0x0A, 0x36, 0x62, 0xA9, 0x98, 0xA3, 0x66, 0x2A, 0x99, 0x85, 0x62, 0x65, 0x2A, 0xB8, 0xA3,
    0x7E, 0x52, 0xAF, 0x94, 0xAB, 0xE5, 0x2A, 0xB8, 0xA4, 0xBE, 0x12, 0x3A, 0x94, 0xAB, 0xE4, 0x2C,
    0xF8, 0xA7, 0xFE, 0x52, 0xAF, 0x8A, 0x73, 0xE1, 0xF8, 0x99, 0xD7, 0xBC, 0x07, 0x0C, 0x1D, 0x8B,
    0x62, 0xA7, 0x98, 0x61, 0xE6, 0x43, 0x09, 0x84, 0x12, 0x62, 0xA6, 0x98, 0x01, 0xE4, 0x28, 0x2D,
    0x14, 0xAB, 0x21, 0xDF, 0x98, 0xA8, 0xE6, 0x1D, 0xF9, 0x8A, 0x8A, 0x60, 0x86, 0x99, 0x4A, 0xB2,
    0x75, 0x9F, 0x9D, 0x67, 0xE2, 0x7D, 0xF8, 0x51, 0xB7, 0x13, 0x13, 0xCC, 0xC4, 0xD9, 0x41, 0x4F,
    0x4C, 0x0D, 0xD3, 0x29, 0x56, 0x40, 0x15, 0x32, 0x95, 0x4C, 0x78, 0x93, 0x14, 0x74, 0xC3, 0x29,
    0x31, 0x47, 0x4C, 0x0F, 0x72, 0x14, 0x75, 0x04, 0xF3, 0x22, 0x95, 0x50, 0x4F, 0xF2, 0x14, 0x7D,
    0x05, 0x03, 0xF1, 0x40, 0xE0, 0xA5, 0x56, 0x14, 0x1D, 0x85, 0x03, 0x29, 0x38, 0x00, 0xE8, 0x27,
    0xA9, 0x09, 0xE2, 0x62, 0x76, 0xA0, 0xA3, 0x66, 0x27, 0x69, 0x91, 0x42, 0x62, 0x76, 0x98, 0xA3,
    0xA6, 0x00, 0x79, 0x14, 0xA6, 0x55, 0x95, 0x0A, 0xFC, 0x05, 0xF3, 0xB5, 0xD6, 0x4F, 0x0D, 0xF0,
    0x33, 0x4C, 0xA2, 0x92, 0x19, 0x24, 0x81, 0xCF, 0x48, 0x90, 0x39, 0xFE, 0x0E, 0x7F, 0xA8, 0x1F,
    0xEA, 0x07, 0xF9, 0xA0, 0xFE, 0x68, 0x3F, 0xA8, 0x1F, 0xEA, 0x07, 0xFA, 0x81, 0xFE, 0x79, 0x8F,
    0x94, 0x53, 0xE5, 0x14, 0xF9, 0xC4, 0xFE, 0xA0, 0x7F, 0x89, 0xEF, 0xE5, 0x14, 0xF8, 0x9C, 0x7E,
    0xA0, 0x7F, 0xA8, 0x1F, 0xEA, 0x07, 0xFA, 0x81, 0xFE, 0xA0, 0x7F, 0xA8, 0x1F, 0xEA, 0x07, 0xFA,
    0x81, 0xFE, 0x82, 0x1F, 0x82, 0x23, 0xEA, 0x07, 0xF8, 0xA4, 0x7E, 0x51, 0x4F, 0x94, 0x53, 0xEA,
    0x07, 0xFA, 0x81, 0xFE, 0x51, 0x4F, 0x94, 0x53, 0xF6, 0x6A, 0xCA, 0x82, 0x3E, 0xA0, 0x8F, 0x94,
    0x53, 0xE5, 0x14, 0xFA, 0x82, 0x3E, 0xA0, 0x8F, 0xA8, 0x23, 0xEA, 0x08, 0xFA, 0x82, 0x3E, 0xA0,
    0x8F, 0xA8, 0x23, 0xEA, 0x08, 0xFA, 0x82, 0x3E, 0x18, 0x0F, 0xA8, 0x23, 0xEA, 0x08, 0xF0, 0x63,
    0x3E, 0x51, 0x4F, 0xC7, 0x2C, 0xF5, 0x95, 0x04, 0xFC, 0xA2, 0x96, 0xAF, 0x94, 0x52, 0x58, 0x72,
    0x6A, 0x53, 0x14, 0x4D, 0x49, 0xA8, 0x32, 0xA4, 0xD6, 0x99, 0x45, 0x28, 0x4D, 0x89, 0x28, 0x3A,
    0xA4, 0xDA, 0x9A, 0x83, 0xFA, 0x4E, 0x09, 0xA8, 0x42, 0xA4, 0xE2, 0x9A, 0x84, 0x6A, 0x4E, 0x4A,
    0x28, 0x4A, 0x84, 0xE4, 0xA2, 0x84, 0xE9, 0xE7, 0xCD, 0xA8, 0x52, 0xFE, 0x7D, 0x0A, 0x85, 0x7F,
    0xE7, 0xD3, 0x8A, 0xDE, 0x7E, 0x7D, 0x69, 0x54, 0xE9, 0xB3, 0x28, 0x2D, 0x37, 0x23, 0x77, 0x96,
    0xFC, 0x00, 0xF4, 0xE2, 0xA8, 0x72, 0x7E, 0x71, 0x18, 0xCE, 0xB1, 0xE7, 0xE6, 0x28, 0x7B, 0xEA,
    0x1E, 0xF9, 0xEF, 0x7E, 0xA1, 0xEF, 0xA8, 0x7B, 0xEA, 0x1E, 0xFA, 0x87, 0xBE, 0x2C, 0x4F, 0x9E,
    0xE7, 0xEA, 0x1E, 0xFA, 0x87, 0xBE, 0xA1, 0xEF, 0xA8, 0x7B, 0xEA, 0x1E, 0xFA, 0x87, 0xBE, 0xA1,
    0xEF, 0x8A, 0x5F, 0xEA, 0x1E, 0xFA, 0x87, 0xBE, 0xA1, 0xEF, 0xA8, 0x7B, 0xEA, 0x1E, 0xF8, 0xA4,
    0x3E, 0xA1, 0xEF, 0x87, 0xF3, 0xEA, 0x1E, 0xF9, 0x44, 0x7E, 0x51, 0x1F, 0x94, 0x47, 0xEA, 0x1E,
    0xF8, 0xA5, 0x7E, 0x51, 0x1F, 0x8A, 0x57, 0xEA, 0x1E, 0xFA, 0x87, 0xBE, 0x29, 0xFF, 0xA8, 0x7B,
    0xEA, 0x1E, 0xF9, 0x44, 0x7E, 0x51, 0x1F, 0x94, 0x47, 0xEA, 0x1E, 0xFA, 0x87, 0xBE, 0x27, 0xFF,
    0xA8, 0x7B, 0xEA, 0x1E, 0xBF, 0x9F, 0x8C, 0x51, 0x1B, 0x70, 0x0A, 0x23, 0x6D, 0xD1, 0x44, 0x6D,
    0xB4, 0x28, 0x8D, 0xB5, 0xC5, 0x11, 0xB6, 0xA0, 0x19, 0x79, 0x27, 0xB4, 0xA2, 0x64, 0xF6, 0x99,
    0x3D, 0x26, 0x4F, 0x29, 0x93, 0xC2, 0x64, 0xEE, 0x98, 0xA0, 0x3E, 0x04, 0xAD, 0x93, 0xEA, 0x51,
    0x22, 0x7B, 0xD0, 0xA2, 0x13, 0x27, 0xB4, 0xCA, 0x21, 0x32, 0x7A, 0xCC, 0xA2, 0x13, 0x30, 0xBC,
    0xCA, 0x21, 0x30, 0x8F, 0x4C, 0xA2, 0x13, 0x05, 0xD4, 0xD4, 0x6F, 0x4F, 0x38, 0xAD, 0xE6, 0xA3,
    0x8F, 0xA8, 0xE3, 0xE3, 0xB4, 0xF8, 0x48, 0xFE, 0xA3, 0x8F, 0xA8, 0xE3, 0xEA, 0x38, 0xFA, 0x8E,
    0x3E, 0x50, 0xDF, 0x94, 0x37, 0xE2, 0x8B, 0xFA, 0x8E, 0x3E, 0x2A, 0x4F, 0x90, 0x97, 0xE2, 0x98,
    0xFA, 0x8E, 0x3E, 0xA3, 0x8F, 0xA8, 0xE3, 0xEA, 0x38, 0xFA, 0x8E, 0x3E, 0xA3, 0x8F, 0xA8, 0xE3,
    0xEA, 0x38, 0xFA, 0x8E, 0x3E, 0xA3, 0x8F, 0xA8, 0xE3, 0xE2, 0x7A, 0xF9, 0x43, 0x6E, 0xA3, 0x8F,
    0xA8, 0xE3, 0xEA, 0x38, 0xFA, 0x8E, 0x3E, 0xA3, 0x8F, 0x89, 0xFB, 0xEA, 0x38, 0xFA, 0x8E, 0x3E,
    0xA3, 0x8F, 0xA8, 0xE3, 0xEF, 0x23, 0xF8, 0x79, 0xB8, 0xF1, 0x0F, 0x14, 0x23, 0x54, 0xF8, 0xA8,
    0x38, 0xFF, 0x31, 0x9D, 0x10, 0x4E, 0x40, 0xE4, 0xFC, 0x94, 0x02, 0x74, 0x0E, 0xAD, 0x00, 0x1D,
    0x37, 0xEB, 0xD4, 0x01, 0x32, 0x9D, 0x80, 0x1A, 0x64, 0x99, 0xD0, 0x97, 0x30, 0x01, 0x7A, 0x09,
    0x77, 0xC0, 0x15, 0x9B, 0xEA, 0xFA, 0x26, 0x5F, 0x93, 0xEF, 0xE0, 0x92, 0xE1, 0xC7, 0x66, 0x4F,
    0xBF, 0x89, 0x97, 0xE4, 0xFB, 0xF8, 0x96, 0xFF, 0x1E, 0xA7, 0xC4, 0x89, 0xF9, 0xB2, 0x7C, 0xD4,
    0x05, 0x96, 0x27, 0xD6, 0x04, 0xC5, 0xF1, 0x31, 0x64, 0x31, 0x78, 0x9A, 0x89, 0x9F, 0xE2, 0x67,
    0xE0, 0x17, 0x26, 0x12, 0x5B, 0xBF, 0x3A, 0x41, 0x23, 0xD4, 0x9C, 0x4C, 0xDF, 0x27, 0x37, 0xC9,
    0xCD, 0xF2, 0x73, 0x7C, 0x10, 0xF7, 0x27, 0x2F, 0xC9, 0xCB, 0xF7, 0x76, 0xFC, 0x20, 0xBB, 0x27,
    0x27, 0xD9, 0x0D, 0xF1, 0x26, 0xFC, 0x49, 0xB5, 0x0C, 0xDF, 0xC3, 0x37, 0x71, 0x2C, 0xD0, 0x49,
    0x3F, 0x12, 0x4F, 0xC4, 0x93, 0x42, 0x75, 0xF1, 0x40, 0x17, 0x0C, 0x54, 0xC9, 0xD7, 0x30, 0x2F,
    0xCC, 0x9D, 0x73, 0x0A, 0x5C, 0xC9, 0xD7, 0x30, 0x32, 0x4C, 0xB3, 0x76, 0x08, 0xCF, 0x40, 0x69,
    0x20, 0x06, 0xCA, 0xDC, 0x0C, 0xF9, 0x00, 0x66, 0x65, 0x33, 0xA1, 0xE5, 0xA6, 0x3A, 0x69, 0x05,
    0xB6, 0x60, 0x3A, 0xA0, 0xF8, 0x66, 0x0E, 0x29, 0x8F, 0x86, 0x61, 0x47, 0x98, 0xF8, 0x66, 0x05,
    0xA9, 0x02, 0x7F, 0x24, 0xF6, 0xD9, 0x20, 0x28, 0x3E, 0xB9, 0x83, 0x22, 0x63, 0xE9, 0x98, 0x01,
    0xE6, 0x3E, 0x99, 0x8F, 0x96, 0x63, 0xE9, 0x98, 0x08, 0x26, 0x04, 0x49, 0x8F, 0x6F, 0x40, 0x38,
    0xA1, 0x19, 0x26, 0x04, 0x09, 0x3C, 0x3F, 0xA0, 0x50, 0x98, 0x18, 0x66, 0x05, 0x1A, 0x00, 0xA2,
    0x61, 0x88, 0xC0, 0x1A, 0x28, 0x25, 0xE9, 0x80, 0x3A, 0x44, 0xFD, 0xE0, 0x1F, 0x26, 0x25, 0xED,
    0x82, 0x32, 0x62, 0x5E, 0xFC, 0x80, 0x07, 0x93, 0x21, 0xD5, 0x00, 0x89, 0x70, 0x62, 0x7C, 0x00,
    0x73, 0x00, 0x3C, 0xC0, 0x17, 0x30, 0x60, 0x4D, 0x40, 0x14, 0x27, 0x6D, 0x80, 0x49, 0x30, 0xC9,
    0x50, 0x14, 0x99, 0x27, 0x4F, 0xC0, 0x75, 0x22, 0x75, 0x54, 0x08, 0x53, 0x12, 0xF4, 0xC0, 0x95,
    0x31, 0x2F, 0x4C, 0x30, 0x73, 0x12, 0xF4, 0xC0, 0xBD, 0x31, 0x2F, 0x4C, 0x0D, 0x33, 0x12, 0x9D,
    0x40, 0xE1, 0x30, 0x3A, 0x4C, 0x18, 0x53, 0x04, 0x2C, 0xC0, 0xB7, 0x20, 0x58, 0x66, 0xDD, 0x59,
    0x27, 0x45, 0xA7, 0x61, 0xA8, 0xF9, 0x02, 0xFE, 0x1A, 0x3F, 0x86, 0x8E, 0xA6, 0x42, 0x94, 0x8E,
    0x5F, 0x32, 0x3B, 0xCC, 0xA4, 0x70, 0xE9, 0x55, 0x96, 0x46, 0x4E, 0x1C, 0x96, 0xF6, 0x52, 0x38,
    0xCA, 0xD8, 0xE7, 0x23, 0x65, 0x3D, 0x24, 0x67, 0xAE, 0x98, 0x9B, 0xE9, 0x23, 0x4F, 0xAD, 0x7C,
    0xF8, 0xF4, 0x77, 0x4A, 0x25, 0xE7, 0xB7, 0xFF, 0xA2, 0x74, 0xF8, 0xAF, 0x9C, 0x6A, 0x32, 0xF3,
    0x99, 0x3A, 0x5E, 0x71, 0xB7, 0x48, 0x4D, 0x34, 0x1B, 0x07, 0x84, 0xFB, 0xF1, 0x3E, 0xDD, 0x40,
    0x17, 0x13, 0xFF, 0xC4, 0xFF, 0x95, 0xDB, 0xE4, 0x50, 0x37, 0x3F, 0xB6, 0x16, 0xA1, 0x52, 0x70,
    0xFC, 0x9C, 0x3F, 0x13, 0xDF, 0xC9, 0xC3, 0xFB, 0x6A, 0x07, 0x30, 0x27, 0xBA, 0xA7, 0xCF, 0xE2,
    0x7B, 0xE0, 0x9A, 0x64, 0x4E, 0x2C, 0x82, 0x2E, 0x92, 0x49, 0x51, 0x37, 0xFE, 0x28, 0x3F, 0x81,
    0x72, 0x40, 0x2B, 0xAA, 0x7C, 0xB0, 0x26, 0xBA, 0x8A, 0x03, 0xE0, 0xD7, 0xF8, 0x35, 0xFE, 0x4E,
    0x3F, 0x82, 0x0A, 0xE2, 0x7B, 0xA2, 0x2B, 0x73, 0x9F, 0x13, 0xDF, 0xC9, 0xC5, 0xA0, 0x3A, 0xE1,
    0xE0, 0x1F, 0x14, 0x17, 0xDE, 0x01, 0x80, 0x2D, 0x58, 0x0E, 0xD9, 0x54, 0x3F, 0x52, 0x79, 0x91,
    0x45, 0xCC, 0x4D, 0x14, 0x14, 0x64, 0x83, 0x05, 0x41, 0x46, 0xE0, 0x01, 0x54, 0x13, 0xF4, 0x84,
    0x27, 0x41, 0x3F, 0xCC, 0x1A, 0xD3, 0x13, 0xFC, 0xC3, 0xF5, 0x31, 0x3F, 0xCC, 0x1B, 0x73, 0x13,
    0xFC, 0x82, 0xEF, 0x74, 0xA3, 0xDC, 0xBC, 0x5F, 0x10, 0x34, 0xD3, 0xB5, 0xC1, 0x33, 0xCC, 0x50,
    0x53, 0x0C, 0xFC, 0xC5, 0x05, 0x30, 0x9A, 0xCC, 0x50, 0x53, 0x0C, 0xFC, 0xCE, 0xDF, 0x31, 0x33,
    0xD4, 0x22, 0xBA, 0x26, 0x55, 0x05, 0x0B, 0x50, 0x08, 0xCC, 0x50, 0xB3, 0x05, 0xE4, 0xC5, 0x0B,
    0x30, 0x10, 0xCC, 0x50, 0xB3, 0x03, 0x24, 0xC0, 0x83, 0x31, 0x39, 0xD8, 0x07, 0x74, 0x16, 0x36,
    0x81, 0x43, 0x90, 0x40, 0x5C, 0x41, 0x57, 0x14, 0x45, 0x00, 0xC9, 0x31, 0x44, 0x4C, 0x0D, 0x93,
    0x14, 0x46, 0xC4, 0x25, 0x31, 0x3F, 0xCC, 0x42, 0x53, 0x13, 0xFC, 0xC1, 0x1F, 0x34, 0x82, 0xE4,
    0x48, 0x53, 0x13, 0xF4, 0xC0, 0xCF, 0x30, 0x1E, 0xCC, 0x08, 0xB2, 0x09, 0x77, 0x44, 0xE5, 0xA9,
    0x38, 0x81, 0x6E, 0x08, 0x4C, 0x0B, 0x33, 0x4C, 0x96, 0xA8, 0x61, 0x76, 0x26, 0x5B, 0x4A, 0x84,
    0xFD, 0x40, 0x21, 0x4D, 0x92, 0x14, 0x64, 0x7D, 0xD9, 0x1D, 0x76, 0x46, 0xDD, 0x91, 0x97, 0x02,
    0x1D, 0x84, 0xE3, 0xA3, 0x51, 0x68, 0x14, 0xF6, 0x08, 0x06, 0xC4, 0xD1, 0x30, 0x20, 0xD0, 0x14,
    0x53, 0x14, 0x34, 0xC1, 0x55, 0x31, 0x43, 0x4C, 0x16, 0x53, 0x26, 0xDC, 0xC0, 0x59, 0x32, 0x0D,
    0x60, 0x01, 0x54, 0x13, 0xDC, 0xC1, 0xAF, 0x31, 0x3D, 0xCC, 0x03, 0x53, 0x26, 0xD6, 0xC4, 0xDD,
    0x50, 0x59, 0xD8, 0x4D, 0xD4, 0xCD, 0x27, 0x9A, 0xDB, 0x30, 0xCC, 0x7D, 0x14, 0x37, 0x4E, 0xC7,
    0xD0, 0x37, 0xD4, 0xED, 0xCC, 0xE8, 0x3D, 0x06, 0xB4, 0xFC, 0xF4, 0x32, 0x67, 0x57, 0xCF, 0x63,
    0x12, 0x8D, 0xD0, 0x19, 0x40, 0x6B, 0xC9, 0xA2, 0xD4, 0x06, 0xBC, 0xBC, 0xF6, 0xD6, 0x88, 0x4C,
    0x4A, 0xB5, 0x31, 0x45, 0x04, 0xA9, 0xF2, 0x6A, 0x7C, 0x9A, 0x9F, 0x26, 0xA7, 0xC9, 0xA9, 0xF2,
    0x6A, 0x7C, 0x9A, 0x9F, 0x12, 0xC7, 0xC9, 0xA9, 0xF2, 0x6A, 0x7C, 0x4B, 0x1F, 0x26, 0xA7, 0xC4,
    0xA1, 0xF2, 0x6A, 0x7C, 0x9A, 0x9F, 0x26, 0xA7, 0xC4, 0xA7, 0xF2, 0x6A, 0x7C, 0x4B, 0x1F, 0x26,
    0xA7, 0xC9, 0xA9, 0xF2, 0x6A, 0x7C, 0x9A, 0x9F, 0x12, 0x8F, 0xC4, 0xA3, 0xF2, 0x6A, 0x7C, 0x9A,
    0x9F, 0x26, 0xA7, 0xC9, 0xA9, 0x42, 0x69, 0x7C, 0x9A, 0x5F, 0x26, 0x97, 0xC9, 0xA5, 0xF2, 0x69,
    0x7C, 0x81, 0xBF, 0x26, 0x97, 0xC9, 0xA5, 0xF2, 0x69, 0x7C, 0x9A, 0x5F, 0x26, 0x97, 0xC9, 0xA5,
    0xF0, 0x8B, 0xFC, 0x9A, 0x5F, 0x26, 0x97, 0xC9, 0xA5, 0xF2, 0x69, 0x7C, 0x9A, 0x5F, 0x26, 0x97,
    0xC9, 0xA5, 0xF2, 0x69, 0x7C, 0x9A, 0x5F, 0x0D, 0xEC, 0xB3, 0x44, 0xD3, 0xF9, 0x34, 0xFE, 0x4D,
    0x3F, 0x93, 0x4F, 0xE4, 0xD3, 0xF9, 0x34, 0xFE, 0x4D, 0x3F, 0x93, 0x4F, 0xE4, 0xD3, 0xF9, 0x34,
    0xFE, 0x4D, 0x3F, 0x93, 0x4F, 0xE4, 0xD3, 0xF9, 0x34, 0xFE, 0x4D, 0x3F, 0x93, 0x4F, 0xE4, 0xD3,
    0xF9, 0x34, 0xFE, 0x1A, 0x7F, 0x8F, 0xEF, 0xE1, 0xA2, 0xF9, 0x34, 0xFE, 0x4D, 0x3F, 0x93, 0x4F,
    0xE4, 0xD3, 0xF9, 0x34, 0xFE, 0x4D, 0x3F, 0x93, 0x4F, 0xE4, 0xD3, 0xF9, 0x34, 0xFE, 0x27, 0xEF,
    0x93, 0x4F, 0xE4, 0xD3, 0xF9, 0x34, 0xFE, 0x28, 0x2F, 0x93, 0x4F, 0xE4, 0xD3, 0xF9, 0x34, 0xFE,
    0x4D, 0x3F, 0x89, 0xEB, 0xE4, 0xD3, 0xF9, 0x34, 0xFE, 0x28, 0x2F, 0x93, 0x4F, 0xE4, 0xD3, 0xF8,
    0x35, 0xFE, 0x0D, 0x7F, 0x83, 0x5F, 0xE4, 0xD3, 0xF9, 0x34, 0xFE, 0x4D, 0x3F, 0x93, 0x4F, 0xE4,
    0xD3, 0xF8, 0xA0, 0x7E, 0x4D, 0x3F, 0x93, 0x4F, 0xE0, 0x5D, 0xA4, 0x8E, 0x9F, 0x36, 0x6D, 0xD7,
    0xC9, 0xA7, 0x64, 0xA2, 0x4C, 0x9A, 0x73, 0x07, 0x24, 0xC9, 0xA7, 0x90, 0x05, 0x4C, 0x9A, 0x73,
    0x01, 0x74, 0xC5, 0x01, 0x30, 0x45, 0xCC, 0x50, 0x13, 0x6D, 0xE4, 0xC5, 0x01, 0x36, 0xDE, 0x4C,
    0x9A, 0x73, 0x6D, 0xE4, 0xC3, 0x73, 0x30, 0x03, 0xC8, 0x7A, 0x14, 0x8E, 0x80, 0xB2, 0x42, 0x8B,
    0x95, 0xB9, 0x28, 0x32, 0xB7, 0x02, 0xA2, 0x40, 0x2A, 0x91, 0x34, 0xF2, 0x08, 0x69, 0x5B, 0x98,
    0xAF, 0x31, 0x41, 0xCD, 0x2F, 0x93, 0x14, 0x1C, 0xC1, 0xD5, 0x31, 0x41, 0xCE, 0x38, 0x4D, 0x3B,
    0x00, 0x9E, 0x44, 0xD3, 0xF9, 0x34, 0xF0, 0x01, 0x19, 0x8A, 0x1A, 0x60, 0x75, 0x98, 0xA1, 0xA6,
    0x02, 0x19, 0x8A, 0x1A, 0x60, 0x64, 0x98, 0x10, 0x66, 0x02, 0xF9, 0x80, 0xDE, 0x40, 0x3B, 0xA0,
    0x16, 0xE4, 0x05, 0x99, 0x81, 0x5E, 0x64, 0xD3, 0xF9, 0x34, 0xE4, 0x05, 0x69, 0x01, 0x72, 0x82,
    0x89, 0x98, 0x19, 0x26, 0x28, 0x99, 0x81, 0xB2, 0x62, 0x89, 0x98, 0x1D, 0x26, 0x28, 0x99, 0xA6,
    0x8A, 0x62, 0x80, 0x98, 0x42, 0xE6, 0x28, 0x09, 0x82, 0x3E, 0x64, 0xD3, 0xC8, 0x3B, 0x26, 0x27,
    0xF9, 0x81, 0x9E, 0x60, 0x3D, 0x98, 0x11, 0x64, 0x4D, 0x3F, 0x01, 0xB2, 0x40, 0x58, 0x98, 0x0C,
    0xE5, 0x27, 0x00, 0x1D, 0x00, 0x0F, 0x20, 0x42, 0x60, 0x02, 0xD2, 0x73, 0xD5, 0x00, 0x45, 0x32,
    0x69, 0xCC, 0x05, 0xB3, 0x26, 0x9E, 0x40, 0x71, 0x22, 0x69, 0xE0, 0x08, 0x53, 0x13, 0xF4, 0xC0,
    0x95, 0x31, 0x3F, 0x4C, 0x0A, 0x53, 0x13, 0xF4, 0xC0, 0xB5, 0x32, 0x69, 0xCC, 0x0C, 0x53, 0x13,
    0xFC, 0xC0, 0x0F, 0x30, 0x21, 0xCC, 0x47, 0x93, 0x03, 0xDC, 0xC1, 0x7F, 0xA2, 0x69, 0xFC, 0x9A,
    0x76, 0x95, 0x93, 0x4E, 0x40, 0x41, 0x98, 0x28, 0xA6, 0x28, 0x69, 0x82, 0xAA, 0x62, 0x86, 0x98,
    0x2C, 0xA6, 0x4D, 0x39, 0x80, 0xB2, 0x64, 0xD3, 0xC8, 0x02, 0xA6, 0x27, 0xB9, 0x83, 0x5E, 0x62,
    0x7B, 0x98, 0x06, 0xA6, 0x27, 0xB9, 0x81, 0xFE, 0x62, 0x7B, 0x98, 0x19, 0x24, 0x4D, 0x3D, 0x48,
    0xC9, 0xA7, 0xF2, 0x69, 0xFE, 0xCD, 0x9A, 0x26, 0x9D, 0x33, 0x44, 0xD3, 0xA6, 0x68, 0x9A, 0x78,
    0x18, 0xAD, 0x40, 0xAD, 0x4B, 0x5E, 0x68, 0x84, 0x96, 0x9C, 0x8B, 0x16, 0x64, 0xD3, 0xF9, 0x34,
    0xEE, 0x4D, 0x2F, 0x93, 0x4B, 0x3E, 0x7C, 0x68, 0x35, 0xEB, 0xE7, 0xCD, 0x2A, 0x33, 0xE0, 0x49,
    0x94, 0xEC, 0x99, 0xF4, 0xBB, 0xD3, 0xE3, 0x24, 0xCC, 0xF8, 0x92, 0x3E, 0xE9, 0xED, 0x59, 0xD4,
    0xA5, 0x8B, 0x6D, 0x3E, 0x72, 0x4C, 0xDF, 0x89, 0x4B, 0xE4, 0x70, 0xA4, 0x8C, 0x03, 0x14, 0x96,
    0x80, 0xCA, 0xC4, 0xCB, 0xF9, 0x32, 0xFE, 0x4C, 0xBF, 0x89, 0x23, 0xE0, 0xE3, 0xC8, 0x22, 0xE7,
    0x67, 0xA7, 0xCD, 0x9D, 0x39, 0xF0, 0x59, 0xFC, 0x99, 0x9F, 0x74, 0xC5, 0x44, 0x9D, 0xF2, 0x64,
    0xF0, 0x0E, 0x39, 0x05, 0xDD, 0x89, 0x97, 0xDA, 0x7C, 0x64, 0x4A, 0x3F, 0x98, 0xD0, 0xA9, 0xE0,
    0x28, 0x98, 0x92, 0xFC, 0x01, 0x3A, 0x09, 0x33, 0xC0, 0x13, 0x98, 0x22, 0x72, 0xFC, 0xC9, 0x47,
    0x00, 0x11, 0x20, 0x60, 0x6C, 0x9A, 0x3F, 0x4D, 0x37, 0xC0, 0xFB, 0x90, 0x26, 0xF8, 0x9A, 0x7A,
    0xCF, 0x09, 0x4A, 0xCD, 0xD1, 0x90, 0x94, 0xA8, 0xC3, 0x19, 0x13, 0x4F, 0x5A, 0x00, 0xBB, 0x4B,
    0x3A, 0x00, 0x19, 0x66, 0x40, 0x03, 0x2C, 0xA0, 0x00, 0x64, 0xC3, 0xA9, 0x5B, 0x9B, 0xEB, 0x20,
    0x01, 0xCC, 0x09, 0x34, 0xCD, 0x01, 0x6E, 0x52, 0x71, 0x27, 0x4C, 0x49, 0xB5, 0x12, 0x65, 0x49,
    0x9F, 0xF1, 0x23, 0xE5, 0x7C, 0xDF, 0x5F, 0x36, 0x02, 0x2D, 0xC7, 0xB8, 0x5C, 0xA9, 0x14, 0x5F,
    0x37, 0xDD, 0x17, 0xB0, 0x8B, 0x5C, 0xB0, 0xF8, 0x5F, 0x87, 0xC2, 0xC7, 0xF0, 0x1A, 0x4C, 0xAE,
    0x75, 0x33, 0x86, 0x01, 0x23, 0x78, 0xA8, 0x0E, 0x69, 0x3B, 0x0B, 0x4F, 0xC0, 0x2F, 0x52, 0x57,
    0x6C, 0x77, 0x1F, 0x0B, 0x2F, 0xCB, 0x4B, 0x70, 0xF2, 0x58, 0x2B, 0xDF, 0x03, 0xA6, 0x89, 0x31,
    0xFB, 0x77, 0xA0, 0x93, 0x16, 0x0A, 0xA4, 0x84, 0x3B, 0x61, 0xCF, 0xD4, 0x43, 0xD3, 0xF4, 0x08,
    0x7A, 0xC0, 0x0D, 0xA8, 0x87, 0xE6, 0x00, 0xDA, 0x80, 0xCA, 0x63, 0x5B, 0xA8, 0x21, 0x68, 0x22,
    0x29, 0x59, 0xEB, 0x33, 0x20, 0x0B, 0x4C, 0x02, 0x95, 0x1E, 0x06, 0x40, 0x41, 0x45, 0xE2, 0xCC,
    0x04, 0x15, 0x5E, 0x34, 0xC0, 0x1B, 0x51, 0xE2, 0xFC, 0x2E, 0xDF, 0x24, 0xED, 0x71, 0x64, 0x9D,
    0xA6, 0x2C, 0x93, 0xB2, 0xC5, 0x92, 0x77, 0x98, 0xB8, 0xCC, 0xD8, 0x07, 0xD2, 0xC5, 0x92, 0x76,
    0x98, 0xB1, 0xCD, 0xD3, 0x16, 0x39, 0xB9, 0xDC, 0x31, 0x64, 0x9E, 0xB5, 0xE8, 0x93, 0xB2, 0x04,
    0x04, 0xBC, 0xF9, 0x02, 0x51, 0x4A, 0x27, 0xE7, 0xC5, 0x82, 0xC2, 0x40, 0xE7, 0xF9, 0x26, 0x3E,
    0x0D, 0xD9, 0x12, 0x5F, 0xE2, 0x43, 0xD8, 0xF5, 0xB9, 0xE8, 0x24, 0x87, 0xC4, 0x8F, 0xF0, 0x6B,
    0xFC, 0x1A, 0xFF, 0x10, 0xA6, 0xB6, 0x63, 0x78, 0xE9, 0x23, 0x7E, 0x23, 0xCF, 0x81, 0xEA, 0xE4,
    0x8C, 0xF8, 0x90, 0xFE, 0xE4, 0x0B, 0x12, 0x2F, 0x42, 0x3B, 0xF8, 0x8E, 0xFE, 0x0C, 0x2F, 0x92,
    0x23, 0xE0, 0x7A, 0xB9, 0x21, 0xFE, 0x48, 0x7F, 0x92, 0x1F, 0x00, 0x6C, 0xB0, 0x8E, 0x7E, 0x23,
    0x8F, 0x92, 0x17, 0xE0, 0x6F, 0xB8, 0xA7, 0x6A, 0x03, 0x6E, 0x49, 0x84, 0x79, 0xF1, 0x1E, 0x5C,
    0x45, 0x94, 0x23, 0xFD, 0x04, 0x57, 0x51, 0x15, 0x54, 0x45, 0x3B, 0x07, 0x75, 0x45, 0x85, 0x42,
    0xBC, 0x58, 0x43, 0xFF, 0x70, 0x66, 0x80, 0xE9, 0x6A, 0x7C, 0x58, 0x8D, 0x7D, 0x11, 0x1F, 0xDC,
    0x15, 0xC0, 0x3B, 0x58, 0x9C, 0x1D, 0x11, 0x1F, 0xC2, 0x77, 0xF1, 0x0C, 0xFD, 0xC1, 0x5F, 0x04,
    0x2E, 0x00, 0x89, 0x40, 0x2F, 0x68, 0x43, 0x1F, 0x09, 0xD4, 0x80, 0x7D, 0x6F, 0x40, 0x80, 0x64,
    0x13, 0xFF, 0x84, 0xFF, 0xE1, 0x3F, 0x95, 0x3E, 0x2A, 0x1E, 0x1C, 0x01, 0xDA, 0xE5, 0x9B, 0xA0,
    0x2D, 0xF9, 0x3A, 0x0A, 0x2F, 0xC0, 0x37, 0x41, 0xC1, 0xFC, 0x27, 0xFF, 0x09, 0xFC, 0x81, 0x0F,
    0xCB, 0x39, 0x74, 0x27, 0x70, 0xF4, 0x10, 0xCA, 0xD7, 0x72, 0xF9, 0x48, 0xD4, 0xBF, 0x48, 0x47,
    0xD2, 0x11, 0xF4, 0x84, 0x71, 0xBA, 0xFD, 0xD8, 0xC7, 0x7D, 0x10, 0x0C, 0xCC, 0x73, 0xCF, 0x59,
    0xCC, 0xCD, 0x5B, 0xB9, 0xF0, 0x5A, 0x7C, 0x16, 0x93, 0x14, 0x84, 0xF3, 0x31, 0xC0, 0x0A, 0xC8,
    0x17, 0x1F, 0x21, 0xB6, 0xA9, 0xF1, 0x5C, 0xCC, 0x54, 0x60, 0x55, 0x15, 0xFD, 0xC0, 0x31, 0x30,
    0xF9, 0xFC, 0x3E, 0x7F, 0x44, 0x9E, 0xC0, 0x97, 0x3C, 0xCC, 0x54, 0x17, 0x9F, 0x0F, 0xE7, 0x40,
    0x89, 0x70, 0x60, 0x51, 0x10, 0xBA, 0x16, 0x75, 0xC0, 0x1B, 0x48, 0x90, 0x2F, 0xF2, 0x04, 0xAA,
    0x08, 0x1F, 0xF3, 0xE0, 0x10, 0xC8, 0x06, 0x33, 0x06, 0x17, 0x80, 0x2B, 0x61, 0x02, 0x64, 0xE3,
    0x52, 0x00, 0x9C, 0xD1, 0x43, 0xB1, 0xBB, 0x54, 0x06, 0x54, 0xBB, 0x11, 0x33, 0xE2, 0x10, 0xF9,
    0x13, 0x3E, 0x21, 0x2F, 0x88, 0x4B, 0x20, 0x9D, 0xA9, 0xF3, 0xBE, 0x91, 0x8F, 0x88, 0x57, 0xE2,
    0x10, 0xF8, 0x84, 0x3E, 0x91, 0x8F, 0x9C, 0x96, 0x60, 0xF9, 0x94, 0x14, 0x5D, 0xB2, 0x48, 0xE7,
    0xC4, 0x1B, 0xF4, 0x8E, 0x79, 0x37, 0x99, 0x03, 0xF5, 0xA6, 0x44, 0x49, 0xC8, 0x87, 0x3E, 0x21,
    0xCC, 0x80, 0x6E, 0x60, 0x15, 0x98, 0xA8, 0xE9, 0x2D, 0xA7, 0xC4, 0xB3, 0x29, 0xBC, 0x90, 0x87,
    0xBE, 0x21, 0xEB, 0x80, 0xC7, 0x01, 0x1B, 0xAC, 0xC8, 0x43, 0xDF, 0x10, 0xF7, 0xC0, 0xDB, 0x60,
    0x8E, 0xDE, 0x24, 0x04, 0xBA, 0x44, 0x82, 0x7F, 0x30, 0xB9, 0xCC, 0x2D, 0x95, 0x11, 0x17, 0xC8,
    0x8D, 0xC0, 0x8E, 0xFC, 0x23, 0xB6, 0x0B, 0xD5, 0x22, 0x42, 0x2F, 0xC8, 0x42, 0x6C, 0x17, 0x8F,
    0x04, 0x2E, 0x93, 0xB0, 0x06, 0xD0, 0xFF, 0xD2, 0x08, 0x8F, 0xC2, 0x23, 0xA9, 0xD0, 0x5F, 0xBE,
    0x8F, 0xDE, 0x88, 0xDB, 0xE1, 0x79, 0xFA, 0x3E, 0x2E, 0x06, 0xB9, 0x00, 0xD6, 0x82, 0x2B, 0xFA,
    0x3A, 0x3E, 0x44, 0xFD, 0x91, 0x3A, 0xA1, 0x72, 0xF8, 0xDD, 0x7C, 0x1A, 0x2D, 0x23, 0x5F, 0xE1,
    0x65, 0xF8, 0xDD, 0xBE, 0x43, 0x9F, 0xA3, 0x5F, 0xE8, 0xD7, 0xD1, 0x0E, 0x66, 0x8D, 0x7D, 0x0B,
    0xD2, 0x42, 0x6C, 0x9A, 0x36, 0x2C, 0x0D, 0x59, 0x48, 0xC2, 0x23, 0x2B, 0xB0, 0x45, 0xAE, 0x0D,
    0x9F, 0x89, 0x1F, 0xE4, 0x38, 0xB8, 0x49, 0xE6, 0x24, 0x7F, 0x89, 0x1E, 0xE1, 0x26, 0xB0, 0xBE,
    0x68, 0x14, 0x0A, 0xA1, 0x33, 0x41, 0x15, 0xB8, 0x93, 0x3E, 0x24, 0xCF, 0x01, 0x1F, 0x00, 0xCD,
    0xF9, 0x11, 0x3E, 0x85, 0xFC, 0xA3, 0x53, 0x00, 0x39, 0xA4, 0x9C, 0x2F, 0x14, 0x9D, 0x80, 0x8A,
    0x40, 0x05, 0x90, 0x92, 0x34, 0x00, 0xA9, 0x89, 0x23, 0xF3, 0xE0, 0x09, 0x50, 0xF6, 0x1A, 0x01,
    0x34, 0xC3, 0x6B, 0x80, 0x70, 0x4E, 0x24, 0x0E, 0x0F, 0x91, 0x5B, 0xE4, 0x56, 0xF8, 0x37, 0xFE,
    0x0D, 0xFA, 0x82, 0x6A, 0x80, 0xE1, 0xF9, 0x16, 0x3E, 0x7A, 0x6F, 0x89, 0x0A, 0x79, 0xE1, 0x21,
    0x7D, 0x1C, 0x1F, 0x6C, 0xB5, 0xC6, 0x55, 0x61, 0x26, 0xCE, 0x24, 0x24, 0xDF, 0x91, 0x7B, 0xE8,
    0xE4, 0xFA, 0x79, 0xAE, 0x03, 0xBC, 0x86, 0x8A, 0x84, 0x5F, 0xF8, 0x94, 0x70, 0x34, 0xBC, 0x11,
    0x8F, 0xE2, 0x46, 0xF9, 0x18, 0xEC, 0x35, 0x1E, 0x04, 0x3A, 0xE2, 0x13, 0x98, 0x92, 0xBE, 0x46,
    0x9C, 0xA5, 0x9F, 0x03, 0x4E, 0xB0, 0x92, 0xFE, 0x24, 0xBF, 0x89, 0xEE, 0x81, 0x70, 0x98, 0x5A,
    0xEC, 0x06, 0xD9, 0x84, 0x43, 0xE1, 0x10, 0xBC, 0x98, 0x2E, 0xB3, 0x08, 0x3D, 0x82, 0xEF, 0xE0,
    0x83, 0xD4, 0x8E, 0xDF, 0x00, 0xAD, 0x84, 0x8D, 0xF0, 0x8E, 0xFC, 0x23, 0xBA, 0x1A, 0x95, 0x08,
    0xFB, 0xF2, 0x3E, 0xF0, 0x48, 0x7F, 0x0B, 0xAF, 0xC8, 0xF5, 0x40, 0x8D, 0x4C, 0x42, 0xF7, 0x08,
    0x77, 0xCD, 0x89, 0x51, 0x26, 0x7C, 0xFF, 0x7F, 0x12, 0x0F, 0xC8, 0xEF, 0x74, 0xAE, 0x61, 0x14,
    0xFF, 0x23, 0x97, 0xAC, 0xE2, 0x2E, 0xA5, 0x9E, 0x1D, 0x2A, 0x23, 0x94, 0xAC, 0xE2, 0x2D, 0xC5,
    0x9C, 0x45, 0xB4, 0xB3, 0x88, 0xB6, 0x96, 0x72, 0x4D, 0x68, 0xD5, 0x52, 0x11, 0x6D, 0xAC, 0xE2,
    0x28, 0xB1, 0x1C, 0x3E, 0x47, 0x0F, 0x87, 0xDA, 0xE0, 0xB2, 0x96, 0xC6, 0x3D, 0xE8, 0x80, 0x82,
    0xCB, 0xE4, 0x72, 0xB0, 0x8E, 0xA5, 0xBA, 0x80, 0x0C, 0xCE, 0xA2, 0x30, 0xEE, 0xC6, 0x3F, 0xE8,
    0x81, 0x00, 0xC6, 0x40, 0xB0, 0xF9, 0x1D, 0x7E, 0x2B, 0x5A, 0x89, 0x07, 0x00, 0xB7, 0xA4, 0x48,
    0x16, 0xFF, 0x23, 0xAE, 0x80, 0x93, 0x4D, 0x8C, 0x83, 0xD1, 0x03, 0x05, 0xE6, 0x82, 0x47, 0xF5,
    0xBB, 0xC8, 0x45, 0xDF, 0x06, 0x07, 0xC2, 0x4D, 0x60, 0x61, 0x4B, 0x63, 0x21, 0xF4, 0x41, 0x08,
    0xF3, 0xC0, 0x0B, 0xD4, 0x8F, 0x3B, 0x09, 0x35, 0xC1, 0x55, 0x40, 0x93, 0x7C, 0x0F, 0x37, 0xD8,
    0xC8, 0xBD, 0x10, 0x51, 0x1A, 0xFC, 0x46, 0xBF, 0x09, 0x75, 0x04, 0x6B, 0xF2, 0x3D, 0xF4, 0x07,
    0xD2, 0xD8, 0xC8, 0xFD, 0x10, 0x61, 0xA1, 0xE8, 0x25, 0x7D, 0x23, 0xEF, 0xC8, 0xFB, 0xCD, 0x8C,
    0x93, 0xD1, 0x07, 0x23, 0xFF, 0xC4, 0x63, 0xF0, 0x4D, 0x6D, 0x19, 0x32, 0x08, 0x44, 0xF9, 0x99,
    0x93, 0x04, 0x6B, 0x63, 0x25, 0xF4, 0x42, 0x09, 0x03, 0xF2, 0x40, 0xF0, 0x10, 0x59, 0x1D, 0x84,
    0xC4, 0x97, 0xB4, 0x65, 0xE8, 0x47, 0x5F, 0x24, 0x0F, 0x00, 0x2B, 0x4D, 0x8C, 0x9B, 0xD1, 0x09,
    0x5D, 0x9D, 0xA2, 0x39, 0x98, 0x88, 0x8E, 0x3E, 0x48, 0x3E, 0x00, 0xCE, 0xA1, 0x2B, 0xA9, 0xA8,
    0xA9, 0xB1, 0x93, 0xFA, 0x21, 0x40, 0x33, 0x90, 0x8E, 0x7E, 0x48, 0x5F, 0x84, 0xB6, 0xF1, 0x10,
    0x27, 0xD2, 0x22, 0x48, 0x5A, 0x06, 0x1A, 0x41, 0x81, 0xAE, 0xC6, 0x51, 0xE8, 0x85, 0x92, 0x1F,
    0xE4, 0x87, 0xE0, 0x4B, 0x7E, 0x12, 0xDB, 0x12, 0x1F, 0xE2, 0x40, 0xF8, 0x90, 0x37, 0xB1, 0x94,
    0xFA, 0x21, 0x83, 0x7A, 0xE0, 0x48, 0xBE, 0x12, 0x2B, 0x92, 0x2B, 0xE4, 0x8A, 0xA8, 0x1E, 0x68,
    0x19, 0x79, 0xEC, 0x65, 0x5E, 0x82, 0xD4, 0xCC, 0x49, 0x1F, 0x24, 0x67, 0xE5, 0x46, 0x8B, 0xB8,
    0x48, 0x65, 0x2B, 0xF4, 0x43, 0x84, 0x83, 0xF2, 0x47, 0x58, 0x25, 0x5F, 0x24, 0x77, 0xC4, 0x99,
    0xF0, 0xC2, 0xEB, 0x63, 0x2C, 0xF4, 0x43, 0xC3, 0x77, 0xB1, 0x15, 0xCB, 0x99, 0x59, 0x13, 0xAC,
    0xC2, 0xF5, 0xF0, 0xBD, 0x53, 0x63, 0x2D, 0xF4, 0x44, 0x09, 0x25, 0xF0, 0xBD, 0x7C, 0x4C, 0x72,
    0xF4, 0x4B, 0xE6, 0x22, 0x63, 0x97, 0xA2, 0x1D, 0x29, 0xB2, 0xFA, 0x27, 0x53, 0x52, 0x49, 0x4A,
    0x6A, 0x26, 0x4B, 0x7A, 0x23, 0x2A, 0x01, 0x9F, 0xA2, 0x8B, 0x29, 0x13, 0x24, 0xBD, 0x12, 0x49,
    0x49, 0xD2, 0x28, 0x10, 0x49, 0x1B, 0xFE, 0x62, 0x64, 0xB7, 0xA0, 0x2B, 0x72, 0x24, 0x94, 0xC2,
    0x7B, 0x50, 0x72, 0x4B, 0x63, 0x2E, 0xF4, 0x44, 0x41, 0xCD, 0xF1, 0x35, 0xFC, 0x0B, 0x72, 0x94,
    0x84, 0xE2, 0x64, 0x94, 0xF9, 0x25, 0x34, 0x13, 0x79, 0xCC, 0x42, 0x6F, 0x7D, 0x8C, 0xBF, 0xD0,
    0x26, 0xE9, 0x0B, 0x2F, 0x12, 0xD0, 0x93, 0x60, 0x92, 0xDF, 0x24, 0xB7, 0xC0, 0x97, 0x70, 0x6B,
    0xCB, 0x63, 0x30, 0xF4, 0x44, 0xC1, 0xB3, 0xF2, 0x4C, 0x70, 0xF9, 0xD5, 0x03, 0x8C, 0x80, 0x7B,
    0x60, 0x9A, 0xD5, 0x0A, 0x72, 0x0C, 0x6D, 0x27, 0x60, 0x24, 0x90, 0x5C, 0x65, 0xB1, 0x98, 0xFA,
    0x22, 0x8B, 0x27, 0xD8, 0x03, 0x68, 0x26, 0xCF, 0xCF, 0x80, 0x2B, 0x50, 0x4E, 0x5C, 0x05, 0x35,
    0x0E, 0x7E, 0x09, 0x37, 0xF2, 0x4D, 0xFC, 0x0F, 0x54, 0xD8, 0xCC, 0xBD, 0x04, 0x09, 0x90, 0x07,
    0x66, 0x26, 0x7F, 0x89, 0x9F, 0xE0, 0xA3, 0xA0, 0x3B, 0x25, 0xB1, 0x99, 0xFA, 0x22, 0xC0, 0xEE,
    0xF9, 0x27, 0xF8, 0x09, 0xDB, 0x01, 0xB6, 0xE8, 0x41, 0xAE, 0xC6, 0x69, 0xE8, 0x8B, 0x89, 0x9F,
    0xE4, 0xA2, 0xE0, 0x22, 0xB0, 0x1D, 0xA9, 0x9B, 0xB7, 0xE2, 0x6D, 0xF9, 0x27, 0xEC, 0x06, 0x0A,
    0xCD, 0x7D, 0x11, 0x84, 0x24, 0x58, 0x10, 0x37, 0x0F, 0x0C, 0xC0, 0x7B, 0x92, 0x4F, 0xFC, 0x93,
    0xFB, 0x37, 0x25, 0x49, 0x3B, 0xF2, 0x4E, 0xFC, 0x05, 0x53, 0x1A, 0xCC, 0xCF, 0x77, 0x20, 0x17,
    0x61, 0x20, 0xDF, 0x24, 0xE7, 0xC2, 0x41, 0x71, 0xBA, 0xD0, 0x93, 0x7F, 0x13, 0x0F, 0xC9, 0x37,
    0x60, 0xBC, 0xC9, 0x2C, 0xBA, 0x08, 0x87, 0x00, 0x7D, 0x42, 0x4C, 0x54, 0x2F, 0x5F, 0x24, 0xBC,
    0xC0, 0x51, 0x32, 0x4B, 0x7C, 0x02, 0x73, 0x12, 0xA7, 0xC2, 0x2D, 0xF0, 0x8B, 0x4D, 0x7A, 0x72,
    0x03, 0x45, 0xF1, 0xD1, 0xCF, 0x25, 0x9F, 0x1D, 0x36, 0x24, 0xAF, 0xC9, 0x2B, 0x69, 0x48, 0x03,
    0xA5, 0x05, 0xC7, 0x4D, 0x89, 0x31, 0xF0, 0xBA, 0xFC, 0x93, 0x14, 0x0C, 0xDC, 0xBC, 0x99, 0xAC,
    0x72, 0xCA, 0xEA, 0x1A, 0x7D, 0x01, 0x9B, 0x3E, 0x4A, 0xCE, 0x3A, 0x6B, 0xBA, 0x80, 0x89, 0x6B,
    0xE1, 0x6E, 0x98, 0x10, 0x69, 0x32, 0x24, 0xFF, 0xC4, 0xA5, 0xF2, 0x4F, 0xD8, 0x12, 0x96, 0x10,
    0xA4, 0xAD, 0xA2, 0x14, 0x98, 0x13, 0xE5, 0x32, 0x01, 0xCD, 0x40, 0x7F, 0x41, 0x2B, 0x7C, 0x2D,
    0x34, 0x48, 0xB7, 0xD2, 0x27, 0xF4, 0x89, 0xE4, 0x0A, 0x32, 0x98, 0x8E, 0x42, 0x6D, 0x4C, 0xA4,
    0x20, 0x86, 0x94, 0x6A, 0x6C, 0xC2, 0x1D, 0x37, 0xCF, 0xD3, 0xCE, 0x23, 0x69, 0xB5, 0x3A, 0x76,
    0x86, 0xA7, 0x5B, 0x10, 0xFA, 0x2B, 0xF9, 0xF5, 0x0D, 0x4E, 0xB5, 0xC9, 0x16, 0x94, 0x06, 0x14,
    0xBC, 0xE1, 0x40, 0x9B, 0xE9, 0x3E, 0x77, 0x0A, 0x3E, 0x8B, 0x2D, 0x56, 0xF8, 0x2F, 0xE6, 0x01,
    0x7A, 0x08, 0xDF, 0xCF, 0xB8, 0xB1, 0xDF, 0x2C, 0xD5, 0x5F, 0x88, 0xE7, 0xEC, 0xFC, 0xA2, 0x20,
    0xB8, 0x7F, 0x8C, 0x45, 0x49, 0x3B, 0xB1, 0x17, 0x7C, 0x17, 0x9F, 0x11, 0x0F, 0xD3, 0x91, 0x20,
    0xFB, 0x4C, 0xFF, 0x76, 0x64, 0x15, 0x90, 0xC5, 0x81, 0x13, 0x7C, 0x44, 0xDF, 0x67, 0xAE, 0x26,
    0xA3, 0x16, 0xFB, 0x56, 0xBE, 0x99, 0x0C, 0xA4, 0x2F, 0xE2, 0x25, 0xFA, 0x42, 0xFE, 0x21, 0xDF,
    0xA4, 0x2F, 0xE8, 0x57, 0xBA, 0x41, 0xFE, 0x21, 0x5F, 0xB5, 0x4A, 0xAA, 0x34, 0x9A, 0x1C, 0xF6,
    0x11, 0x4A, 0xB5, 0x4F, 0xED, 0x53, 0xA1, 0x0C, 0xA6, 0xD5, 0x39, 0xD8, 0x1A, 0xA7, 0x6B, 0x13,
    0x54, 0xF8, 0x00, 0xA9, 0x5B, 0x81, 0x19, 0x2B, 0x70, 0x3C, 0x25, 0x6E, 0x10, 0xDC, 0xAD, 0xC1,
    0xB1, 0x95, 0xB8, 0x0C, 0x32, 0x00, 0x1C, 0xDA, 0xA7, 0x40, 0x62, 0x4A, 0xDC, 0x06, 0xC9, 0xBE,
    0x8E, 0x62, 0x2E, 0xB5, 0xBA, 0xBE, 0xFA, 0x3B, 0x00, 0x92, 0x6D, 0x57, 0xFC, 0xFE, 0xDD, 0x61,
    0x7D, 0x05, 0xAB, 0xCF, 0xA0, 0xB0, 0x18, 0x26, 0xFA, 0x09, 0x88, 0x46, 0x6F, 0xA0, 0x98, 0x19,
    0x66, 0x03, 0xC9, 0x80, 0xCA, 0x41, 0x1B, 0xE8, 0x0D, 0x24, 0x00, 0xD9, 0x5B, 0x81, 0xA1, 0x20,
    0x0C, 0xCC, 0x0B, 0x73, 0x01, 0x2C, 0xC0, 0x65, 0x22, 0x4A, 0xD0, 0x07, 0x54, 0x7C, 0xEC, 0xC1,
    0xC7, 0x37, 0xCE, 0xCC, 0x29, 0x33, 0x7C, 0xEC, 0xC0, 0xB5, 0x24, 0x4E, 0x6D, 0xAC, 0xF9, 0x03,
    0x0C, 0xDF, 0x4D, 0x40, 0x64, 0xCC, 0x2F, 0xF2, 0x00, 0x3D, 0x1F, 0x4F, 0x31, 0x47, 0xCD, 0xF4,
    0xF3, 0x01, 0x04, 0xC0, 0x89, 0x30, 0x35, 0xC8, 0x05, 0xD3, 0x01, 0xA4, 0xC0, 0x71, 0x40, 0x2E,
    0x48, 0x08, 0x13, 0x56, 0xE7, 0x42, 0x55, 0x50, 0x31, 0x4C, 0x0A, 0x54, 0x01, 0x4C, 0xC3, 0x17,
    0x80, 0x34, 0xD1, 0xF4, 0xD3, 0x00, 0x74, 0x92, 0x53, 0xB0, 0x3E, 0xD1, 0xF5, 0x13, 0x06, 0x0C,
    0xDF, 0x51, 0x30, 0x46, 0xCD, 0xF5, 0x13, 0x04, 0xE4, 0xC3, 0x19, 0x80, 0x1E, 0xCD, 0x25, 0xD7,
    0x02, 0x2D, 0x01, 0x8B, 0xF0, 0x01, 0xCC, 0x00, 0xF3, 0x00, 0x5C, 0xC1, 0x83, 0x37, 0xD0, 0x4C,
    0x10, 0xD3, 0x7D, 0x04, 0xC0, 0x49, 0x34, 0x9F, 0x7D, 0xB1, 0xDF, 0xB0, 0xB6, 0x3A, 0xC0, 0x42,
    0x9B, 0x63, 0x66, 0x04, 0xA9, 0xB6, 0x32, 0x61, 0x85, 0x9B, 0x63, 0x26, 0x05, 0xE9, 0xB6, 0x2E,
    0x60, 0x69, 0x98, 0x52, 0x28, 0x07, 0x0A, 0x01, 0xD2, 0x60, 0xC3, 0x98, 0x21, 0xA6, 0x05, 0xB9,
    0x02, 0xC7, 0x36, 0xEA, 0xCA, 0x53, 0xFE, 0x1A, 0xAF, 0x92, 0xF3, 0xE4, 0xBC, 0xFA, 0x53, 0xFE,
    0x94, 0xFD, 0x4C, 0x92, 0x9F, 0xD1, 0x3F, 0xD1, 0x29, 0xD6, 0xF3, 0xE3, 0xC4, 0xF5, 0x3F, 0x3D,
    0xBD, 0x7C, 0x13, 0xF3, 0x8C, 0xD6, 0x5E, 0x71, 0xC7, 0xCB, 0xCE, 0x35, 0x89, 0x37, 0x16, 0x85,
    0xA6, 0xF0, 0x95, 0x28, 0x4C, 0x0F, 0x09, 0xC6, 0xCD, 0x8F, 0xF8, 0xA0, 0xBC, 0xCA, 0xEC, 0x8A,
    0x12, 0xE7, 0xB3, 0xCB, 0x65, 0xBE, 0x28, 0x6F, 0x8D, 0x0B, 0xE2, 0x7E, 0xFA, 0x54, 0x7A, 0x27,
    0xEB, 0x17, 0xBE, 0xB1, 0x2F, 0xF6, 0x28, 0x4F, 0xDF, 0x13, 0xF5, 0x44, 0xD9, 0x26, 0xCD, 0xE5,
    0x05, 0x56, 0x6C, 0xDF, 0xC5, 0x0D, 0xF0, 0x2E, 0xC8, 0xF1, 0x18, 0x33, 0xA5, 0x84, 0xDD, 0x41,
    0x41, 0xFC, 0x1B, 0x1F, 0x06, 0xC7, 0xC9, 0x4D, 0xF4, 0x60, 0x65, 0xB4, 0x1F, 0x13, 0xF7, 0xD2,
    0x8F, 0xF7, 0x75, 0xD0, 0x50, 0xBF, 0x14, 0x2F, 0xD2, 0x87, 0xF4, 0x50, 0xE0, 0x4D, 0xD6, 0x01,
    0xC6, 0x62, 0x41, 0x65, 0xA0, 0xA3, 0xA4, 0x26, 0xAA, 0x0A, 0x3E, 0x41, 0x83, 0xA0, 0xA4, 0x30,
    0x00, 0xAA, 0x0A, 0x02, 0x42, 0x15, 0xA0, 0xA0, 0x66, 0x0D, 0x79, 0x8A, 0x06, 0x61, 0xFC, 0x98,
    0xA0, 0x66, 0x0D, 0xC9, 0x8A, 0x06, 0x41, 0x78, 0xB8, 0x9D, 0xAD, 0x2A, 0x13, 0xB5, 0xC4, 0x11,
    0xB0, 0x24, 0x5C, 0x41, 0x97, 0x14, 0x25, 0x03, 0x41, 0x31, 0x42, 0x4C, 0x26, 0xD3, 0x14, 0x24,
    0xC3, 0x41, 0x31, 0x42, 0x48, 0x4D, 0x36, 0x08, 0xB6, 0x89, 0x6B, 0x90, 0x08, 0xD0, 0x50, 0xF3,
    0x05, 0xE4, 0xC5, 0x0F, 0x30, 0x10, 0xCC, 0x50, 0xF3, 0x03, 0x24, 0xC0, 0x83, 0x31, 0x3A, 0xD8,
    0x07, 0x74, 0x16, 0x46, 0x91, 0x97, 0xB0, 0x40, 0x54, 0x41, 0x77, 0x14, 0x55, 0x00, 0xC9, 0x31,
    0x45, 0x4C, 0x0D, 0x93, 0x14, 0x56, 0xC4, 0x27, 0x31, 0x40, 0xCC, 0x42, 0x73, 0x14, 0x0C, 0xC1,
    0x1F, 0x30, 0xBD, 0xE0, 0x48, 0x74, 0x14, 0x04, 0xC0, 0xCF, 0x30, 0x1E, 0xCC, 0x08, 0xB2, 0x09,
    0x77, 0x44, 0xE7, 0xA9, 0x38, 0x81, 0xAE, 0x08, 0x4C, 0x0B, 0x3B, 0x41, 0x85, 0x98, 0x0B, 0x68,
    0x18, 0x6C, 0x09, 0x9A, 0xC9, 0x65, 0xA0, 0x10, 0xA8, 0x27, 0xF9, 0x81, 0x2A, 0x62, 0x7F, 0x98,
    0x14, 0xA6, 0x27, 0xF9, 0x80, 0x56, 0x61, 0x8D, 0x90, 0x18, 0xA8, 0x28, 0x09, 0x80, 0x1E, 0x60,
    0x43, 0x98, 0x9C, 0xB4, 0x0B, 0xFB, 0xA5, 0xCB, 0xE1, 0x00, 0xA8, 0x25, 0xA8, 0x04, 0x19, 0x82,
    0x8A, 0x62, 0x87, 0x98, 0x2A, 0xA6, 0x28, 0x79, 0x82, 0xCA, 0x61, 0x9D, 0x90, 0x0B, 0x28, 0x41,
    0xDC, 0x00, 0x2A, 0x82, 0x7C, 0x98, 0x35, 0xE6, 0x27, 0xC9, 0x80, 0x6A, 0x62, 0x7C, 0x98, 0x1F,
    0xE6, 0x27, 0xC9, 0x89, 0xBE, 0xA0, 0xB3, 0xB0, 0x9B, 0xE8, 0x98, 0x0F, 0xB7, 0xCF, 0xED, 0xF3,
    0xFB, 0x7C, 0xFE, 0x4D, 0xFA, 0x37, 0xCB, 0x64, 0xDB, 0xA5, 0x0C, 0x9B, 0x78, 0xB1, 0x93, 0x6F,
    0x18, 0x32, 0x6D, 0xDB, 0x46, 0x4D, 0xBB, 0x5B, 0x49, 0xA5, 0x42, 0x6E, 0x54, 0x0A, 0x73, 0x12,
    0xB7, 0xC9, 0xB3, 0xF2, 0x6C, 0xFC, 0x9B, 0x3F, 0x26, 0xCF, 0xC9, 0xB3, 0xF2, 0x6C, 0xFC, 0x4B,
    0x5F, 0x26, 0xCF, 0xC9, 0xB3, 0xF1, 0x2D, 0x7C, 0x9B, 0x3F, 0x12, 0x97, 0xC9, 0xB3, 0xF2, 0x6C,
    0xFC, 0x9B, 0x3F, 0x12, 0xAF, 0xC9, 0xB3, 0xF2, 0x6C, 0xFC, 0x9B, 0x3F, 0x26, 0xCF, 0xCD, 0x89,
    0x91, 0x2D, 0x7C, 0x9B, 0x3F, 0x12, 0x9F, 0xC9, 0xB3, 0xF2, 0x6C, 0xFC, 0x9B, 0x3F, 0x4A, 0xFF,
    0xC9, 0xAD, 0xF2, 0x6B, 0x7C, 0x9A, 0xDF, 0x26, 0xB7, 0xC9, 0xAD, 0xF2, 0x6B, 0x7C, 0x9A, 0xDF,
    0x26, 0xB7, 0xC9, 0xAD, 0xF2, 0x6B, 0x7C, 0x9A, 0xDF, 0x26, 0xB7, 0xC9, 0xAD, 0xF2, 0x6B, 0x7C,
    0x9A, 0xDF, 0x26, 0xB7, 0xC9, 0xAD, 0xF2, 0x6B, 0x7D, 0x2D, 0xB4, 0x26, 0xB7, 0xC9, 0xAD, 0xF2,
    0x6B, 0x7C, 0x9A, 0xDA, 0xCD, 0x13, 0x5B, 0xE4, 0xD6, 0xF9, 0x35, 0xBE, 0x4D, 0x6F, 0x93, 0x5B,
    0xE4, 0xD6, 0xF9, 0x35, 0xBE, 0x4D, 0x6F, 0x93, 0x5B, 0xE4, 0xD6, 0xF9, 0x35, 0xBE, 0x4D, 0x6F,
    0x93, 0x5B, 0xE4, 0xD6, 0xF9, 0x35, 0xBE, 0x4D, 0x6F, 0x93, 0x5B, 0xE4, 0xD6, 0xF8, 0x69, 0xFE,
    0x3F, 0xDF, 0x86, 0x8B, 0xE4, 0xD6, 0xF9, 0x35, 0xBE, 0x4D, 0x6F, 0x93, 0x5B, 0xE4, 0xD6, 0xF9,
    0x35, 0xBE, 0x4D, 0x6F, 0x93, 0x5B, 0xE4, 0xD6, 0xF8, 0x9F, 0xFE, 0x4D, 0x6F, 0x93, 0x5B, 0xE4,
    0xD6, 0xF8, 0xA0, 0xFE, 0x4D, 0x6F, 0x93, 0x5B, 0xE4, 0xD6, 0xF9, 0x35, 0xBE, 0x27, 0xBF, 0x93,
    0x5B, 0xE4, 0xD6, 0xF8, 0xA0, 0xFE, 0x4D, 0x6F, 0x93, 0x5B, 0xE0, 0xD8, 0xF8, 0x36, 0x3E, 0x0D,
    0x8F, 0x93, 0x5B, 0xE4, 0xD6, 0xF9, 0x35, 0xBE, 0x4D, 0x6F, 0x93, 0x5B, 0xE2, 0x82, 0xF8, 0xA0,
    0xBE, 0x4D, 0x6F, 0x81, 0x76, 0xD2, 0x3A, 0x7C, 0xD8, 0x9A, 0xDE, 0x05, 0x5C, 0xC9, 0xAD, 0x34,
    0x99, 0x4C, 0x9A, 0xD3, 0x07, 0x2C, 0xC9, 0xAD, 0x90, 0x05, 0x4C, 0x9A, 0xD3, 0x01, 0x74, 0xC5,
    0x03, 0x30, 0x45, 0xCC, 0x50, 0x33, 0x01, 0x84, 0x85, 0x03, 0x48, 0xD9, 0x35, 0xAD, 0x1A, 0x10,
    0x05, 0x80, 0x0F, 0x21, 0xE9, 0xD2, 0x3A, 0x17, 0x59, 0x0A, 0x32, 0x56, 0xE4, 0x93, 0xCA, 0xDC,
    0x0A, 0x89, 0x00, 0xAA, 0x44, 0xD6, 0xC8, 0x21, 0xA5, 0x6E, 0x44, 0x6C, 0xC5, 0x09, 0x34, 0xB5,
    0x4C, 0x50, 0x93, 0x07, 0x5C, 0xC5, 0x09, 0x38, 0xE1, 0x35, 0xAC, 0x02, 0x79, 0x13, 0x5B, 0xE4,
    0xD6, 0xC0, 0x04, 0x66, 0x28, 0x79, 0x81, 0xD6, 0x62, 0x87, 0x98, 0x08, 0x66, 0x28, 0x79, 0x81,
    0x92, 0x60, 0x41, 0x98, 0x0B, 0xE6, 0x03, 0x79, 0x00, 0xEE, 0x80, 0x5B, 0x90, 0x16, 0x66, 0x05,
    0x79, 0x93, 0x5B, 0xE4, 0xD6, 0x90, 0x15, 0xA4, 0x05, 0xCA, 0x0A, 0x2A, 0x60, 0x64, 0x98, 0xA2,
    0xA6, 0x06, 0xC9, 0x8A, 0x2A, 0x60, 0x74, 0x98, 0xA2, 0xA6, 0x98, 0x89, 0x8A, 0x06, 0x61, 0x0B,
    0x98, 0xA0, 0x66, 0x08, 0xF9, 0x93, 0x5B, 0x20, 0xEC, 0x98, 0xA0, 0x26, 0x06, 0x79, 0x80, 0xF6,
    0x60, 0x45, 0x91, 0x35, 0xBC, 0x06, 0xC9, 0x01, 0x62, 0x60, 0x33, 0x94, 0x9C, 0x00, 0x74, 0x00,
    0x3C, 0x81, 0x09, 0x80, 0x0B, 0x48, 0x0B, 0x53, 0x01, 0x15, 0x09, 0xAD, 0x30, 0x16, 0xCC, 0x9A,
    0xD9, 0x01, 0xC4, 0x89, 0xAD, 0x80, 0x21, 0x4C, 0x4F, 0xF3, 0x02, 0x54, 0xC4, 0xFF, 0x30, 0x29,
    0x4C, 0x4F, 0xF3, 0x02, 0xD4, 0xC9, 0xAD, 0x30, 0x31, 0x4C, 0x50, 0x13, 0x00, 0x3C, 0xC0, 0x87,
    0x31, 0x1E, 0xCC, 0x0F, 0x73, 0x05, 0xFE, 0x89, 0xAD, 0xF2, 0x6B, 0x5A, 0x56, 0x10, 0x1A, 0x82,
    0x8A, 0x82, 0x87, 0x98, 0x2A, 0xA6, 0x28, 0x79, 0x82, 0xCA, 0x64, 0xD6, 0x98, 0x0B, 0x26, 0x4D,
    0x6C, 0x80, 0x2A, 0x62, 0x7C, 0x98, 0x35, 0xE6, 0x27, 0xC9, 0x80, 0x6A, 0x62, 0x7C, 0x98, 0x1F,
    0xE6, 0x27, 0xC9, 0x81, 0x92, 0x44, 0xD6, 0xD4, 0x8C, 0x9A, 0xDF, 0x26, 0xB7, 0xEC, 0xDC, 0xC2,
    0x6B, 0x53, 0x98, 0x4D, 0x6A, 0x73, 0x09, 0xAD, 0x8E, 0x60, 0xC5, 0xA8, 0x29, 0x2A, 0x5A, 0xF9,
    0x83, 0xCA, 0xA7, 0x30, 0x4B, 0xF4, 0xE6, 0x13, 0x5E, 0xBB, 0x18, 0xEF, 0xA2, 0x00, 0xB3, 0x19,
    0x39, 0x5F, 0xE2, 0x53, 0xFA, 0x9B, 0xEC, 0xA6, 0xEF, 0xAA, 0x86, 0x91, 0x5F, 0xF4, 0x9C, 0x7E,
    0xF4, 0x20, 0x7E, 0xC4, 0x8F, 0xF7, 0x25, 0xFC, 0x6B, 0xF3, 0x98, 0x91, 0x5A, 0x82, 0x01, 0xA1,
    0x33, 0x7E, 0x25, 0x1F, 0x89, 0xEE, 0x81, 0xBE, 0x9D, 0x9C, 0x64, 0xD4, 0x21, 0x6F, 0x97, 0xB3,
    0xC1, 0x4D, 0xCD, 0x7B, 0x1F, 0x01, 0x5C, 0xC4, 0x99, 0xE0, 0x09, 0xD1, 0xC8, 0x3B, 0x15, 0x4D,
    0x46, 0x4D, 0x62, 0x69, 0x54, 0x9A, 0x3F, 0x12, 0x87, 0xC9, 0xA3, 0xE8, 0x2D, 0x3E, 0x6C, 0x25,
    0x5F, 0x89, 0x57, 0x97, 0x7A, 0x7C, 0x58, 0xA0, 0x96, 0x03, 0xE5, 0x44, 0x3D, 0x32, 0x69, 0xFC,
    0x4A, 0xFF, 0x26, 0x9F, 0xC4, 0xA1, 0xF2, 0x69, 0xE4, 0x11, 0x99, 0x15, 0x4C, 0xEE, 0xE5, 0x02,
    0xB1, 0x35, 0x7E, 0x4D, 0x5F, 0x95, 0xDF, 0x24, 0xD5, 0xFB, 0x8D, 0x3E, 0xBD, 0x1F, 0xC7, 0xBF,
    0xD8, 0xB2, 0xE5, 0x55, 0x78, 0xFF, 0x25, 0xFF, 0xD7, 0x87, 0xF5, 0xE1, 0xFC, 0x0B, 0xF6, 0x04,
    0x55, 0x85, 0xBB, 0x67, 0x0D, 0x7D, 0xC3, 0x59, 0x03, 0x9E, 0x4B, 0xA1, 0xA7, 0x0C, 0xFC, 0x2A,
    0x7F, 0x02, 0xB4, 0xC7, 0xC9, 0x49, 0xD0, 0x3C, 0x7C, 0xBB, 0xAF, 0xB8, 0x2E, 0xA4, 0x95, 0xC0,
    0xE7, 0xFE, 0x14, 0xDF, 0x81, 0x12, 0xCC, 0x9E, 0x98, 0x72, 0xEA, 0x39, 0x6F, 0x85, 0xD3, 0xA0,
    0xB1, 0xFB, 0x82, 0xBE, 0x39, 0xCF, 0x85, 0x3A, 0xE1, 0x7C, 0xD8, 0x3A, 0xE4, 0x6B, 0x59, 0x91,
    0xCF, 0xE1, 0x49, 0xF8, 0x51, 0x3E, 0x47, 0x3D, 0x5B, 0x44, 0x27, 0x4B, 0x6C, 0x3A, 0x5B, 0x65,
    0xB6, 0x91, 0xCA, 0x42, 0x13, 0xBD, 0xB4, 0x42, 0x74, 0x11, 0xB5, 0x2D, 0x76, 0xD0, 0x35, 0x52,
    0xDA, 0x21, 0x3A, 0x5B, 0x44, 0x27, 0x51, 0x36, 0x4A, 0xE6, 0x26, 0xC9, 0x5D, 0x80, 0x03, 0x2B,
    0xA8, 0x00, 0x65, 0x71, 0x00, 0x0C, 0xAD, 0x82, 0xF6, 0xB5, 0x98, 0x5E, 0xD6, 0xB2, 0x0B, 0xDA,
    0xD6, 0x51, 0x7B, 0x5A, 0xD4, 0x2F, 0x6B, 0x5C, 0x05, 0xED, 0x60, 0x0D, 0xC8, 0xA5, 0x14, 0x2B,
    0xD4, 0xC0, 0x47, 0x21, 0x7C, 0xD2, 0xE8, 0x2F, 0x9B, 0x5B, 0x85, 0x6B, 0x6B, 0x48, 0x0A, 0xE5,
    0x64, 0x1B, 0x7D, 0x01, 0x83, 0x4B, 0x72, 0xFC, 0xA5, 0x6E, 0xB6, 0x80, 0x06, 0x40, 0x3D, 0xF0,
    0xC2, 0xE8, 0x67, 0x6A, 0x88, 0x7F, 0x02, 0xFB, 0xB6, 0x80, 0xAF, 0xD6, 0x39, 0x9C, 0xC5, 0xF9,
    0x3D, 0x10, 0x8F, 0x2B, 0x6E, 0xCF, 0x0B, 0xEA, 0xD9, 0x91, 0x7D, 0x5B, 0x26, 0x2F, 0xAB, 0x64,
    0x45, 0xF5, 0x6C, 0x90, 0xBE, 0xAD, 0x97, 0x02, 0x25, 0xB3, 0xA0, 0x34, 0x90, 0x07, 0x64, 0xCD,
    0xCA, 0x06, 0x46, 0xE2, 0x9C, 0xA0, 0x8E, 0x6F, 0x6E, 0xE9, 0x00, 0x06, 0x5D, 0x50, 0x00, 0xCB,
    0xA8, 0x00, 0x19, 0x74, 0x00, 0x03, 0x2E, 0x58, 0x00, 0x65, 0xC5, 0x17, 0xE5, 0xB8, 0x62, 0xFC,
    0xB7, 0x10, 0x5F, 0x96, 0xE4, 0x89, 0x1E, 0xB6, 0xEE, 0x78, 0xBF, 0x6C, 0x01, 0x99, 0x33, 0x43,
    0x24, 0x9C, 0xB8, 0x09, 0xA6, 0x30, 0x4A, 0x74, 0xC6, 0x09, 0x6E, 0x68, 0xC1, 0x2D, 0xC8, 0x02,
    0x4D, 0xB8, 0x60, 0x8C, 0xD7, 0x1C, 0x06, 0xD2, 0xE6, 0x01, 0x0B, 0xE6, 0x8F, 0xB7, 0x28, 0x4B,
    0x15, 0x02, 0x35, 0x02, 0x1F, 0x20, 0x23, 0x50, 0x22, 0x12, 0x00, 0x3D, 0x02, 0x23, 0x20, 0x07,
    0xD0, 0x22, 0x52, 0x02, 0x35, 0x02, 0x27, 0x20, 0x0E, 0xCC, 0x22, 0x93, 0x01, 0xFD, 0x02, 0x2B,
    0x20, 0x14, 0xCC, 0x22, 0xD3, 0x01, 0xFD, 0x00, 0x77, 0x30, 0x1A, 0xCC, 0x04, 0x32, 0x05, 0xD6,
    0x44, 0xB9, 0xC8, 0x98, 0x11, 0x7E, 0x08, 0x8C, 0x00, 0xCE, 0x62, 0x6A, 0x90, 0x0E, 0xE8, 0x26,
    0xB9, 0x01, 0x0E, 0x82, 0x6C, 0x90, 0x01, 0xE8, 0x26, 0xD9, 0x00, 0x3E, 0x60, 0xAF, 0xF8, 0x9D,
    0xB2, 0x04, 0x2A, 0x09, 0xDE, 0x40, 0x4A, 0xA0, 0x9E, 0x24, 0x05, 0x2A, 0x09, 0xE6, 0x40, 0x2C,
    0x98, 0x12, 0xA8, 0x0B, 0x79, 0x02, 0x1B, 0x00, 0x28, 0x90, 0x0B, 0xA6, 0x0B, 0x79, 0x82, 0xD6,
    0x60, 0x6C, 0x98, 0x2C, 0x7A, 0x05, 0x8D, 0x80, 0xA2, 0x51, 0x20, 0x58, 0xD0, 0x9A, 0xB3, 0x03,
    0x8C, 0xC9, 0xAB, 0x30, 0x58, 0xCC, 0x51, 0xB2, 0x02, 0x8D, 0x05, 0x1D, 0x42, 0x6A, 0xD0, 0x0D,
    0x92, 0x26, 0xAD, 0x00, 0xDD, 0x22, 0x6A, 0xD0, 0x09, 0x33, 0x26, 0xAC, 0xC0, 0x93, 0x32, 0x6A,
    0xCC, 0x09, 0x33, 0x02, 0x2C, 0xC1, 0x79, 0x61, 0x81, 0x54, 0x07, 0xB2, 0x85, 0x80, 0x06, 0x50,
    0xE0, 0x00, 0xC8, 0x63, 0xB2, 0xB7, 0x42, 0x40, 0x03, 0x28, 0x20, 0x15, 0x75, 0xFE, 0x19, 0xAC,
    0xED, 0xDF, 0xC2, 0x6D, 0x5B, 0xFA, 0x4D, 0xAB, 0x40, 0x80, 0x37, 0x32, 0x6D, 0xD2, 0x10, 0x4D,
    0xBB, 0x00, 0x76, 0x41, 0x73, 0xE1, 0x4D, 0xE4, 0x4D, 0xEC, 0x44, 0x89, 0xBD, 0x41, 0x09, 0x4C,
    0x9B, 0xD3, 0x13, 0xA4, 0xC9, 0xBD, 0x30, 0xF9, 0x4C, 0x9B, 0xDB, 0x22, 0xD4, 0xC9, 0x2F, 0x58,
    0x99, 0x33, 0xE8, 0x49, 0xF9, 0x93, 0x8A, 0x64, 0x2C, 0xA8, 0x2E, 0xEC, 0x08, 0xCB, 0x80, 0x8A,
    0x65, 0x51, 0xA0, 0x7A, 0x66, 0x35, 0x99, 0x87, 0xA6, 0x63, 0x30, 0x98, 0x7A, 0x66, 0x45, 0xC9,
    0x90, 0x23, 0x04, 0x98, 0xA0, 0x7A, 0x26, 0x2D, 0xF9, 0x87, 0x9A, 0x60, 0x43, 0x98, 0x79, 0xA6,
    0x2B, 0x8B, 0x01, 0x0E, 0x80, 0x3F, 0x98, 0x10, 0xE4, 0x17, 0x2E, 0x95, 0x8E, 0x80, 0x48, 0xB8,
    0x00, 0xE6, 0x00, 0x79, 0x81, 0x22, 0x40, 0x8D, 0xC1, 0x4D, 0xEA, 0x4B, 0x3A, 0x07, 0x9A, 0x80,
    0x43, 0x98, 0x79, 0xA6, 0x03, 0x89, 0x87, 0x9A, 0x60, 0x1B, 0x90, 0x2C, 0xEC, 0x08, 0x69, 0x0B,
    0x43, 0x20, 0x17, 0xA0, 0x7A, 0xA6, 0x04, 0x09, 0x87, 0xAA, 0x60, 0x40, 0x98, 0x7A, 0xA6, 0x76,
    0x6B, 0x8A, 0x92, 0xC0, 0x86, 0xF8, 0x21, 0xB4, 0x16, 0xCF, 0x81, 0x5A, 0x60, 0x88, 0xB0, 0x10,
    0xA8, 0x4E, 0x7D, 0x82, 0x1A, 0x64, 0x31, 0xC0, 0x13, 0x68, 0x1E, 0x99, 0x82, 0x1A, 0x61, 0xE2,
    0x98, 0x11, 0x66, 0x1E, 0x29, 0x81, 0x16, 0x61, 0xE2, 0x98, 0x11, 0x66, 0x1E, 0x29, 0x82, 0x1A,
    0xA2, 0x26, 0xF1, 0xC8, 0xE6, 0x76, 0xFB, 0x06, 0x7B, 0xE2, 0x27, 0xB0, 0x5A, 0xEE, 0x1E, 0x8A,
    0x08, 0x8E, 0x61, 0xE8, 0x98, 0x77, 0x26, 0x1E, 0x89, 0x80, 0x56, 0x44, 0xFC, 0xF9, 0x3F, 0x3E,
    0x4F, 0xCB, 0x82, 0x62, 0x66, 0x78, 0x91, 0x0E, 0xA4, 0x4F, 0xDB, 0x93, 0xEB, 0xE4, 0xFA, 0xF8,
    0xE9, 0xBE, 0x3A, 0x6D, 0x4E, 0xC7, 0xFB, 0x42, 0x7B, 0xFC, 0x9E, 0xFF, 0x27, 0xBF, 0xD3, 0x85,
    0xF2, 0x7A, 0x7D, 0x2C, 0x97, 0x1F, 0x8E, 0xC9, 0x25, 0x82, 0x79, 0x6C, 0x9E, 0x3F, 0x1D, 0x07,
    0xC7, 0x41, 0xF2, 0x5D, 0xD0, 0x9D, 0xBF, 0x27, 0x6F, 0xC7, 0x47, 0xF2, 0x76, 0xE0, 0x74, 0xBF,
    0x4D, 0xE7, 0xCA, 0xCB, 0xD2, 0x75, 0x7C, 0x9D, 0x5F, 0x27, 0x57, 0xC9, 0xD5, 0xF2, 0x75, 0x7C,
    0x16, 0x9E, 0x27, 0x37, 0xC9, 0xCD, 0xF1, 0xAA, 0x7C, 0x9C, 0xDF, 0x27, 0x37, 0xC9, 0xCD, 0xF2,
    0x73, 0x7C, 0x9C, 0xDF, 0x27, 0x37, 0xC9, 0xCD, 0xF2, 0x73, 0x7C, 0x9C, 0xDF, 0x27, 0x37, 0xC0,
    0xDF, 0x42, 0x71, 0xF0, 0x27, 0x9F, 0x27, 0x1F, 0xC9, 0xC7, 0xF2, 0x71, 0xFC, 0x9C, 0x7F, 0x27,
    0x1F, 0xC2, 0x79, 0xF2, 0x71, 0xD8, 0x9C, 0x1F, 0x27, 0x07, 0xC1, 0xDF, 0x32, 0x6F, 0xFC, 0x9B,
    0xFF, 0x09, 0xF7, 0xC9, 0xBF, 0xF2, 0x6F, 0xFC, 0x27, 0x7F, 0x26, 0xFF, 0xC2, 0x73, 0xF2, 0x6F,
    0xFC, 0x9B, 0xFF, 0x26, 0xFE, 0xC9, 0xBD, 0xCB, 0xB0, 0x30, 0x7E, 0x1F, 0x5F, 0x82, 0xE2, 0x64,
    0xCE, 0xB8, 0x2E, 0xBE, 0x1F, 0x79, 0x84, 0xFF, 0x08, 0x81, 0xAA, 0xA3, 0xF4, 0x0B, 0xCF, 0xA4,
    0xF3, 0xE0, 0xB8, 0xFA, 0x4F, 0x3C, 0x34, 0x2F, 0x7F, 0xB1, 0x60, 0xC0, 0xF8, 0x7C, 0xBA, 0x32,
    0x7C, 0x88, 0x3A, 0xA9, 0x3A, 0xF8, 0x2F, 0x7E, 0x49, 0x8C, 0xA4, 0xE6, 0x81, 0xB3, 0x98, 0x2E,
    0xFE, 0x0B, 0xBF, 0x82, 0xEF, 0xE9, 0x36, 0xE8, 0xC4, 0xFE, 0x93, 0x5F, 0xA4, 0xD7, 0xE2, 0xF7,
    0xC8, 0xD6, 0x26, 0x1F, 0xAF, 0x87, 0xEB, 0xE9, 0x36, 0xA8, 0x2D, 0x32, 0x45, 0xEF, 0x80, 0xDA,
    0x62, 0x00, 0xF8, 0x80, 0x30, 0x1F, 0x2A, 0x11, 0x5E, 0x81, 0xF2, 0xF8, 0x7C, 0xB0, 0xCA, 0x4A,
    0x88, 0x9B, 0x61, 0xF7, 0xF8, 0x7D, 0xEC, 0x0F, 0x2E, 0x87, 0xEB, 0xE1, 0xFA, 0xF8, 0x72, 0xE6,
    0x0E, 0x5F, 0x83, 0x96, 0x4B, 0x91, 0xA0, 0x4E, 0xBE, 0x13, 0xAF, 0x84, 0xE3, 0xE2, 0x22, 0xD1,
    0x07, 0x37, 0x8B, 0x1C, 0x14, 0xB3, 0x54, 0xF0, 0x66, 0xC8, 0x14, 0x73, 0x00, 0x14, 0x80, 0x0F,
    0xE0, 0x34, 0x60, 0x40, 0x9F, 0x0A, 0x3C, 0x82, 0xD7, 0x43, 0x00, 0xCC, 0x03, 0x32, 0x20, 0xB5,
    0x00, 0x37, 0x42, 0x0B, 0xD0, 0x03, 0xB4, 0x20, 0xC5, 0x00, 0x1B, 0x32, 0x0C, 0x4C, 0x01, 0xB5,
    0x20, 0xCC, 0xC0, 0x1B, 0x50, 0xEF, 0xDC, 0x1F, 0x7F, 0x02, 0x4D, 0x62, 0x40, 0x41, 0xD9, 0x04,
    0x68, 0x02, 0x39, 0x90, 0x46, 0x60, 0x23, 0xA9, 0x7F, 0x66, 0x00, 0xDA, 0x8D, 0x53, 0xE1, 0x57,
    0xF8, 0x55, 0xE4, 0x0A, 0x0D, 0x90, 0x2E, 0xE0, 0x73, 0xF8, 0x01, 0xFD, 0x4F, 0x0B, 0x37, 0xC8,
    0x0F, 0xF2, 0x03, 0xFD, 0x20, 0x9F, 0x20, 0x37, 0xC1, 0xAB, 0xF0, 0x6A, 0xFC, 0x1A, 0xBF, 0x48,
    0x0F, 0xC8, 0x13, 0xF1, 0x06, 0x7C, 0x81, 0x3F, 0x48, 0x0F, 0xC4, 0x2D, 0xF4, 0x80, 0xFD, 0x20,
    0x3F, 0x20, 0x77, 0xD2, 0x03, 0xF4, 0x80, 0xFD, 0x20, 0x3F, 0x48, 0x0F, 0xC8, 0x27, 0xF2, 0x09,
    0xFC, 0x43, 0x7F, 0x48, 0x0F, 0xD2, 0x03, 0xF4, 0x80, 0xFD, 0x20, 0x3F, 0x20, 0xB7, 0xC4, 0x47,
    0xF2, 0x0B, 0x7C, 0x43, 0x7F, 0x20, 0xB7, 0xD2, 0x03, 0xF2, 0x0D, 0x7C, 0x43, 0x3F, 0x48, 0x0F,
    0xC8, 0x35, 0xF2, 0x0D, 0x7C, 0x83, 0x5F, 0x20, 0xD7, 0xC8, 0x35, 0xF2, 0x0D, 0x7C, 0x43, 0xFF,
    0x20, 0xD7, 0xC8, 0x35, 0xF0, 0xA3, 0xFD, 0x20, 0x3F, 0x48, 0x0F, 0xC2, 0xA7, 0xF2, 0x0E, 0xFC,
    0x83, 0xBF, 0x20, 0xEF, 0xC8, 0x3B, 0xF1, 0xB2, 0x7C, 0x29, 0xBF, 0x48, 0x0F, 0xC8, 0x41, 0xF2,
    0x10, 0x7C, 0x16, 0x3F, 0x21, 0x0F, 0xC4, 0x17, 0xF2, 0x10, 0xFC, 0x84, 0x3F, 0x0A, 0x4F, 0xC6,
    0xCB, 0xF0, 0xA2, 0x7C, 0x84, 0x3F, 0x21, 0x0F, 0xD2, 0x03, 0xF4, 0x80, 0xFD, 0x20, 0x3F, 0x48,
    0x0F, 0xD2, 0x03, 0xF4, 0x80, 0xFD, 0x20, 0x3F, 0x48, 0x0F, 0xD2, 0x03, 0xF4, 0x80, 0xFD, 0x20,
    0x3F, 0x48, 0x0F, 0xD2, 0x03, 0xF4, 0x80, 0xFD, 0x20, 0x3F, 0x48, 0x0F, 0xD2, 0x03, 0xF4, 0x80,
    0xFD, 0x20, 0x3F, 0x36, 0xCF, 0xD2, 0x03, 0xF4, 0x80, 0xFD, 0x20, 0x3F, 0x48, 0x0F, 0xD2, 0x03,
    0xF4, 0x80, 0xFD, 0x20, 0x3F, 0x45, 0xDF, 0xD2, 0x03, 0xF4, 0x80, 0xFD, 0x20, 0x3F, 0x48, 0x0F,
    0xD2, 0x03, 0xF4, 0x80, 0xFC, 0x70, 0x9F, 0x48, 0x0F, 0xC0, 0x8B, 0xF4, 0x80, 0xFD, 0x20, 0x3F,
    0x48, 0x0F, 0xD2, 0x03, 0xF4, 0x80, 0xFD, 0x20, 0x3F, 0x48, 0x0F, 0xD2, 0x03, 0xF4, 0x80, 0xFD,
    0x20, 0x3F, 0x48, 0x0F, 0xD2, 0x03, 0xF4, 0x80, 0xFD, 0x20, 0x3F, 0x48, 0x0F, 0xD2, 0x03, 0xF4,
    0x80, 0xFD, 0x20, 0x3F, 0x48, 0x0F, 0xD2, 0x03, 0xF4, 0x80, 0xFD, 0x20, 0x3A, 0x6F, 0x05, 0x52,
    0x03, 0xF4, 0x80, 0xFD, 0x20, 0x3F, 0x48, 0x0F, 0xD2, 0x03, 0xF4, 0x80, 0xFD, 0x20, 0x3F, 0x48,
    0x0F, 0xD2, 0x03, 0xF4, 0x80, 0xFD, 0x20, 0x3F, 0x48, 0x0F, 0xD2, 0x03, 0xF4, 0x80, 0xFD, 0x20,
    0x3F, 0x48, 0x0F, 0xD2, 0x03, 0xF4, 0x80, 0xFD, 0x20, 0x3F, 0x48, 0x0F, 0xD2, 0x03, 0xF2, 0x78,
    0xFD, 0x20, 0x3F, 0x48, 0x0F, 0xD2, 0x03, 0xF4, 0x80, 0xFD, 0x20, 0x3F, 0x0B, 0xB7, 0xD2, 0x03,
    0xF1, 0x13, 0xFD, 0x20, 0x3F, 0x48, 0x0F, 0xD2, 0x03, 0xF2, 0x7C, 0xFD, 0x20, 0x3F, 0x48, 0x0F,
    0xC9, 0xF5, 0xF2, 0x7D, 0x7C, 0x74, 0xDF, 0x48, 0x0F, 0xC9, 0xEF, 0xF2, 0x7B, 0xFC, 0x9E, 0xFF,
    0x48, 0x0F, 0xC9, 0xE9, 0xF4, 0x80, 0xFD, 0x20, 0x3F, 0x1D, 0x77, 0xCB, 0x59, 0xF1, 0xD0, 0x7D,
    0x20, 0x3F, 0x27, 0x6F, 0xC9, 0xDB, 0xF1, 0xD1, 0xFD, 0x20, 0x3F, 0x27, 0x57, 0xD2, 0x03, 0xF4,
    0x80, 0xFC, 0x9D, 0x5F, 0x27, 0x57, 0xC9, 0xD5, 0xF2, 0x75, 0x7D, 0x20, 0x3F, 0x27, 0x37, 0xC9,
    0xCD, 0xF4, 0x80, 0xFC, 0x9C, 0xDF, 0x27, 0x37, 0xC9, 0xCD, 0xF2, 0x73, 0x7C, 0x9C, 0xDF, 0x27,
    0x37, 0xC9, 0xCD, 0xF2, 0x73, 0x7C, 0x9C, 0xDF, 0x27, 0x37, 0xD2, 0x03, 0xF4, 0x80, 0xFC, 0x27,
    0x9F, 0x27, 0x1F, 0xC9, 0xC7, 0xF2, 0x71, 0xFC, 0x9C, 0x7F, 0x27, 0x1F, 0xD2, 0x03, 0xF2, 0x70,
    0x7C, 0x9C, 0x1F, 0x48, 0x0F, 0xC9, 0xBF, 0xF0, 0x9F, 0x7C, 0x9B, 0xFF, 0x26, 0xFF, 0xC2, 0x77,
    0xF2, 0x6F, 0xFC, 0x27, 0x3F, 0x26, 0xFF, 0xC9, 0xBF, 0xF4, 0x80, 0xFD, 0x20, 0x3F, 0x06, 0x0F,
    0xD2, 0x03, 0xF4, 0x80, 0xFD, 0x20, 0x3F, 0x48, 0x0F, 0xD2, 0x03, 0xF0, 0xFE, 0x7C, 0x17, 0x1F,
    0x0F, 0xAF, 0xD2, 0x03, 0xF4, 0x80, 0xFC, 0x3E, 0x5F, 0x48, 0x0F, 0xD2, 0x03, 0xF0, 0x5E, 0xFD,
    0x20, 0x3F, 0x48, 0x0F, 0xC1, 0x77, 0xF0, 0x5D, 0xFC, 0x3E, 0xBF, 0x48, 0x0F, 0xD2, 0x03, 0xF0,
    0xF9, 0x7D, 0x20, 0x3F, 0x48, 0x0F, 0xC3, 0xF5, 0xF4, 0x80, 0xFC, 0x8B, 0xDF, 0x48, 0x0F, 0xD2,
    0x03, 0xF4, 0x80, 0xFC, 0x3E, 0x5F, 0x48, 0x0F, 0xD2, 0x03, 0xF4, 0x80, 0xFD, 0x20, 0x3F, 0x0F,
    0xD7, 0xD2, 0x03, 0xF0, 0x72, 0xFD, 0x20, 0x3F, 0x09, 0xD7, 0xC3, 0xE7, 0xF4, 0x80, 0xFD, 0x20,
    0x3F, 0x44, 0x2F, 0xD2, 0x03, 0xF4, 0x80, 0xFD, 0x20, 0x3F, 0x48, 0x0F, 0xD2, 0x03, 0xF4, 0x80,
    0xFD, 0x20, 0x3F, 0x20, 0x7F, 0xD2, 0x03, 0xF4, 0x80, 0xFD, 0x20, 0x3F, 0x1A, 0xA7, 0xD2, 0x03,
    0xF4, 0x80, 0xFD, 0x20, 0x3F, 0x03, 0xDF, 0xD2, 0x03, 0xF4, 0x80, 0xDE, 0xB2, 0x21, 0x0A, 0x56,
    0x48, 0x0F, 0x4A, 0xC8, 0x84, 0x31, 0x59, 0x10, 0x85, 0x2B, 0x22, 0x10, 0xA5, 0x64, 0xFF, 0x39,
    0x12, 0x34, 0xC0, 0xCD, 0x3C, 0xCC, 0x73, 0xCF, 0x59, 0xCC, 0xCD, 0x48, 0x13, 0x9F, 0x38, 0x37,
    0x26, 0x0D, 0x99, 0x79, 0xEC, 0x20, 0xDA, 0xAF, 0x9E, 0xC6, 0x0D, 0xBD, 0xF9, 0xEC, 0x00, 0xDC,
    0xAF, 0x9C, 0x07, 0xD3, 0x06, 0xEC, 0xBC, 0xE0, 0xB9, 0x98, 0x37, 0xA5, 0xE7, 0x09, 0x1C, 0xC0,
    0xB7, 0x2F, 0x38, 0x61, 0x25, 0xE7, 0x07, 0xBC, 0x80, 0x07, 0x30, 0x34, 0x4F, 0xCE, 0x1E, 0x69,
    0x79, 0xC3, 0x23, 0x2F, 0x38, 0x4D, 0xA4, 0x01, 0xD9, 0xF9, 0xEC, 0x40, 0x01, 0x90, 0x0A, 0x24,
    0x0D, 0xBB, 0x80, 0x1E, 0x60, 0xDC, 0x9F, 0x9E, 0xBC, 0x0D, 0xDA, 0xF9, 0xC4, 0x03, 0x30, 0x6F,
    0x4B, 0xCE, 0x11, 0xC9, 0x83, 0x76, 0x5E, 0x70, 0xBA, 0xCC, 0x1B, 0xB2, 0x01, 0x4C, 0xC0, 0xC5,
    0x28, 0x28, 0x53, 0x74, 0x23, 0x0C, 0x79, 0xC1, 0xF1, 0x30, 0x70, 0xCB, 0xCE, 0x08, 0x59, 0x83,
    0x82, 0x5E, 0x70, 0xC9, 0x4C, 0x08, 0xB3, 0x01, 0x4C, 0x80, 0xC5, 0x30, 0x1B, 0xCA, 0x4E, 0x03,
    0xDA, 0x01, 0x66, 0x40, 0x57, 0x98, 0x12, 0x66, 0x39, 0xAE, 0x0F, 0x7B, 0x40, 0x86, 0x96, 0x6B,
    0x32, 0x02, 0xB9, 0xA4, 0xB3, 0x59, 0x94, 0x96, 0xFD, 0x25, 0xB4, 0x00, 0x95, 0x12, 0x5D, 0xF0,
    0x0A, 0xD5, 0x25, 0xFC, 0x00, 0x9C, 0xC1, 0x7F, 0x72, 0x63, 0x4B, 0x98, 0x2D, 0x09, 0x82, 0xEE,
    0xDC, 0xC0, 0x06, 0xCF, 0xCE, 0x4F, 0x99, 0x79, 0xC9, 0xCF, 0x2F, 0x3F, 0x58, 0x0A, 0x52, 0x32,
    0x74, 0x81, 0x19, 0x82, 0x7A, 0xCC, 0x1E, 0x52, 0xF3, 0x94, 0x1E, 0x40, 0xF3, 0x9F, 0x9C, 0xC9,
    0x33, 0x07, 0xA4, 0xBC, 0xE6, 0x54, 0x98, 0x97, 0x25, 0xE7, 0xE1, 0x09, 0x76, 0xA0, 0x07, 0x99,
    0x15, 0xAF, 0xE7, 0xE3, 0x09, 0x86, 0xBE, 0x73, 0x60, 0x4C, 0x4C, 0x52, 0xF3, 0xF3, 0x84, 0xC7,
    0x50, 0x15, 0xCC, 0x11, 0x14, 0x29, 0x9C, 0x80, 0x67, 0x28, 0x98, 0x00, 0xE9, 0xD1, 0x00, 0x0C,
    0x8D, 0x05, 0x2F, 0x39, 0x4B, 0x65, 0xE7, 0x29, 0xBC, 0x80, 0x4F, 0x30, 0x58, 0x64, 0xDE, 0x9D,
    0xF3, 0x95, 0x0E, 0x62, 0x75, 0x97, 0x9C, 0xD2, 0xD3, 0x13, 0xB4, 0xBC, 0xE6, 0x8B, 0x98, 0x9D,
    0xE4, 0x02, 0x19, 0x89, 0xE2, 0x60, 0x5F, 0x98, 0x9C, 0x66, 0x02, 0xD9, 0x89, 0xCB, 0x20, 0x3A,
    0xA0, 0x9C, 0xE4, 0x06, 0x4A, 0x09, 0xD2, 0x40, 0x64, 0xA0, 0x10, 0xA6, 0x05, 0x29, 0x02, 0xFF,
    0x20, 0x5F, 0x98, 0x0F, 0x66, 0x00, 0x3A, 0x00, 0x32, 0x40, 0x5D, 0x98, 0x16, 0xE6, 0x08, 0x3C,
    0x00, 0x8A, 0x40, 0x57, 0x98, 0x9F, 0xA6, 0x02, 0xFA, 0x09, 0xFE, 0x40, 0x37, 0xA0, 0xA0, 0x24,
    0x03, 0xFA, 0x0A, 0x06, 0x40, 0x47, 0x98, 0x2C, 0x72, 0x48, 0x0F, 0xDB, 0xBA, 0x00, 0xB1, 0x91,
    0x20, 0xA9, 0x6E, 0xEA, 0x00, 0x72, 0x86, 0xE8, 0x9F, 0x63, 0xCF, 0xD8, 0x37, 0x4D, 0xBB, 0x9E,
    0x7E, 0xE1, 0xBA, 0xAD, 0xE0, 0xF3, 0xF8, 0x0C, 0x2F, 0x6F, 0x27, 0x9F, 0xC8, 0x1B, 0x49, 0x7A,
    0x3C, 0xFE, 0x80, 0x01, 0x4B, 0xD9, 0xE7, 0xF6, 0x00, 0x0A, 0x5F, 0x0F, 0x3F, 0xC0, 0x00, 0x52,
    0xFA, 0x79, 0xFE, 0x80, 0x02, 0x97, 0xE3, 0xCF, 0xF8, 0x37, 0x24, 0xFC, 0xE6, 0xE5, 0x90, 0x3A,
    0x69, 0x00, 0xA7, 0xCD, 0xBC, 0xF0, 0x0C, 0xC8, 0x74, 0xA7, 0x04, 0xF3, 0x9B, 0xE2, 0x46, 0xEF,
    0xA4, 0x17, 0xCF, 0x05, 0x15, 0x7F, 0xC9, 0x4F, 0xF1, 0x56, 0x7C, 0x94, 0xFF, 0x0B, 0xBF, 0x49,
    0x4F, 0xF2, 0x53, 0xF0, 0x14, 0xB6, 0x25, 0x3F, 0xC3, 0xAF, 0x23, 0xA1, 0x48, 0x3A, 0xF4, 0x2B,
    0xC4, 0xC3, 0xAF, 0x38, 0x78, 0xAD, 0xB7, 0xE7, 0x86, 0x02, 0xB6, 0x47, 0x3B, 0x90, 0x16, 0xA7,
    0xE7, 0x2D, 0xA4, 0xBC, 0xFF, 0xC0, 0xA4, 0x53, 0xF6, 0x00, 0x49, 0xFF, 0xA2, 0x62, 0x1D, 0x96,
    0x68, 0x43, 0xB9, 0x16, 0x3D, 0x7C, 0xFF, 0xF0, 0x06, 0xCA, 0x06, 0x07, 0x59, 0xF9, 0xE0, 0xE1,
    0xDC, 0xB0, 0x08, 0x64, 0x1D, 0xCA, 0x1D, 0xEE, 0x41, 0xDC, 0xA0, 0x0C, 0x24, 0x4C, 0x1D, 0x80,
    0x2E, 0x81, 0xE0, 0x9C, 0x28, 0x57, 0xB5, 0xF3, 0xC1, 0x83, 0xB5, 0x68, 0x10, 0x76, 0xAD, 0xFE,
    0x0D, 0x25, 0x03, 0xB7, 0x30, 0x1D, 0xC8, 0x99, 0x18, 0x89, 0xF9, 0xCF, 0x21, 0x2F, 0x3C, 0x04,
    0x06, 0x94, 0x05, 0x24, 0x80, 0x3D, 0x30, 0x30, 0xCC, 0x05, 0xD2, 0x93, 0x80, 0xE2, 0x81, 0xCF,
    0x90, 0x17, 0x26, 0x1D, 0x09, 0x82, 0xE6, 0x81, 0xCF, 0x97, 0x9F, 0xFE, 0x1B, 0x5B, 0x02, 0x6A,
    0xC5, 0x87, 0xAD, 0x1E, 0x37, 0x72, 0x83, 0x84, 0x23, 0x61, 0xBB, 0xAE, 0x42, 0x37, 0xF3, 0x83,
    0x93, 0x8F, 0x21, 0xC1, 0x98, 0x79, 0x66, 0x10, 0xEA, 0x07, 0x9A, 0x41, 0x33, 0xA0, 0xB4, 0x30,
    0x14, 0x09, 0x88, 0x4A, 0xB4, 0x78, 0xCD, 0xCA, 0x0A, 0x21, 0x0A, 0xE4, 0x23, 0x3F, 0x38, 0x28,
    0x14, 0xEC, 0x93, 0x09, 0x79, 0xD2, 0x31, 0x2F, 0x3E, 0x90, 0x09, 0x92, 0xD0, 0xAA, 0xBB, 0xE0,
    0x19, 0x94, 0x5E, 0xE5, 0x03, 0x15, 0xB4, 0xA0, 0xB5, 0x99, 0x90, 0xAD, 0x2B, 0x90, 0x8B, 0xFC,
    0xE0, 0x7F, 0xE8, 0x90, 0xAC, 0xA6, 0x2B, 0x0A, 0x07, 0xC2, 0x62, 0xB0, 0x98, 0xB9, 0x30, 0x25,
    0x49, 0xA8, 0xB6, 0xB4, 0x78, 0xAD, 0xCA, 0x02, 0x01, 0x99, 0x59, 0xF3, 0x33, 0x2C, 0x84, 0x57,
    0xE7, 0x01, 0x22, 0xB6, 0x7C, 0xF6, 0xB2, 0x2B, 0xD7, 0xCF, 0x6F, 0x0F, 0xB5, 0x93, 0x19, 0x22,
    0x2C, 0xE7, 0xCE, 0x9A, 0x99, 0x0C, 0x16, 0x52, 0x39, 0x7C, 0xC8, 0x60, 0xB2, 0x91, 0xC3, 0xA5,
    0x56, 0x59, 0x1C, 0xEA, 0x6C, 0x51, 0x79, 0x4D, 0x86, 0x0D, 0x69, 0x1C, 0x66, 0x6C, 0x36, 0xAA,
    0x4A, 0x86, 0x0D, 0x29, 0x1C, 0x92, 0x54, 0x44, 0xFA, 0x4C, 0xA8, 0xF1, 0x4B, 0x94, 0x00, 0x67,
    0xB5, 0x04, 0x85, 0xA4, 0x60, 0x39, 0x94, 0x53, 0xE7, 0x00, 0x02, 0x9C, 0x89, 0xB9, 0x2F, 0x38,
    0x0B, 0x25, 0xE7, 0x30, 0x8C, 0xBC, 0xE8, 0x12, 0xB7, 0x9C, 0x8B, 0x93, 0x18, 0xA4, 0xC4, 0xE5,
    0x31, 0x8A, 0x4C, 0xF0, 0x93, 0x18, 0xA4, 0xCF, 0x1F, 0x30, 0x9E, 0x4B, 0xCF, 0x19, 0x09, 0xED,
    0x8F, 0xB5, 0x59, 0x50, 0x4F, 0xE9, 0x1D, 0x09, 0xFD, 0x88, 0x91, 0x31, 0x8B, 0xCC, 0x28, 0x17,
    0x01, 0x4C, 0xBC, 0xE4, 0x00, 0x90, 0x0B, 0xE4, 0x11, 0xA9, 0xCC, 0x83, 0xF1, 0x40, 0x03, 0xCC,
    0x8B, 0xF2, 0xF3, 0x92, 0xFE, 0x5E, 0x72, 0x8C, 0xCB, 0xCE, 0x7D, 0xE9, 0x00, 0xA6, 0x60, 0x5B,
    0x96, 0x68, 0x15, 0x94, 0x97, 0x15, 0x03, 0x3E, 0x73, 0xF4, 0x48, 0x27, 0xD4, 0x25, 0x1C, 0xC2,
    0x7D, 0x30, 0xCF, 0x4C, 0x27, 0x53, 0x23, 0xFC, 0xC2, 0x75, 0x30, 0x45, 0x4C, 0x27, 0x53, 0x25,
    0xCC, 0xCA, 0x8D, 0x80, 0x32, 0x50, 0x27, 0x13, 0x03, 0x24, 0xC0, 0x85, 0x30, 0x32, 0x48, 0x0A,
    0x13, 0x21, 0xEE, 0x25, 0x40, 0x45, 0xA0, 0x46, 0x24, 0x06, 0x19, 0x80, 0xF6, 0x60, 0x03, 0xA0,
    0x04, 0x24, 0x05, 0xF9, 0x81, 0x76, 0x60, 0x20, 0xA0, 0x50, 0x66, 0x45, 0xE9, 0x85, 0x06, 0x60,
    0x2F, 0x98, 0x50, 0x66, 0x03, 0x79, 0x84, 0xAE, 0x40, 0x3F, 0xA0, 0x4B, 0x26, 0x04, 0x79, 0x02,
    0xDE, 0xF2, 0x49, 0x51, 0x56, 0xAE, 0x05, 0x6A, 0x04, 0xCE, 0x60, 0x5E, 0x98, 0x4C, 0xE4, 0x09,
    0x8A, 0x0C, 0x6B, 0x00, 0x0A, 0x98, 0x04, 0x26, 0x08, 0x7C, 0x00, 0x86, 0x40, 0x87, 0xA0, 0x30,
    0xEA, 0x09, 0x7A, 0x80, 0xFE, 0x40, 0x28, 0x98, 0x18, 0x28, 0x12, 0x19, 0x80, 0x76, 0x63, 0x12,
    0x98, 0x2C, 0xE6, 0x12, 0x29, 0x83, 0x16, 0x63, 0x12, 0x98, 0x0B, 0x26, 0x11, 0x99, 0x80, 0x1E,
    0x61, 0x19, 0x98, 0x03, 0xE6, 0x11, 0x99, 0x80, 0x5E, 0x63, 0x10, 0x98, 0x07, 0xE6, 0x11, 0xA9,
    0x81, 0x9E, 0x60, 0x3D, 0x98, 0x3C, 0xE4, 0x0B, 0x3C, 0x82, 0x0A, 0xE1, 0xFC, 0xA0, 0x0F, 0xA6,
    0x04, 0x29, 0x81, 0x1A, 0x60, 0x4E, 0x90, 0x14, 0xA9, 0x19, 0x08, 0x54, 0x80, 0xC3, 0x31, 0x86,
    0xCC, 0x0D, 0x33, 0x18, 0x6C, 0xC1, 0x81, 0x31, 0x86, 0xCC, 0x10, 0x13, 0x18, 0x6C, 0xC0, 0xAD,
    0x20, 0x55, 0xE4, 0x62, 0x54, 0x04, 0xAC, 0xC6, 0x25, 0x20, 0x4E, 0xD0, 0x62, 0x73, 0x01, 0xEC,
    0xC6, 0x27, 0x30, 0x84, 0xCC, 0x62, 0x73, 0x2A, 0xD5, 0x80, 0xAB, 0x30, 0x40, 0xE0, 0x18, 0x7F,
    0x06, 0xC4, 0xC0, 0xBB, 0x20, 0x56, 0xE4, 0x0A, 0xBC, 0x95, 0x05, 0x72, 0x40, 0x32, 0x99, 0x66,
    0x30, 0x0C, 0xBA, 0x0C, 0x62, 0x66, 0x44, 0x98, 0xC6, 0x26, 0x05, 0x29, 0x8C, 0x36, 0x40, 0x5A,
    0xA0, 0xC3, 0x24, 0x06, 0x2A, 0x0C, 0x2E, 0x40, 0x97, 0xA1, 0x67, 0xB0, 0x13, 0xC9, 0x81, 0x12,
    0x87, 0x15, 0xAC, 0xA8, 0x29, 0x14, 0x04, 0x0C, 0xC2, 0xB1, 0x60, 0x01, 0xD0, 0x42, 0x52, 0x02,
    0x96, 0x02, 0x19, 0x30, 0x2F, 0x4C, 0x60, 0x12, 0x05, 0xA5, 0x05, 0xFF, 0x20, 0x5E, 0x50, 0x60,
    0x12, 0x01, 0x65, 0x06, 0x03, 0x20, 0x03, 0xCC, 0x2C, 0x9D, 0x18, 0x2C, 0xC3, 0x43, 0x41, 0x83,
    0x48, 0x19, 0x74, 0x18, 0x3C, 0x81, 0x97, 0x41, 0x84, 0x48, 0x11, 0xB4, 0x18, 0x4C, 0x80, 0xCD,
    0x41, 0x1B, 0xD4, 0x18, 0x73, 0x0E, 0x54, 0xC1, 0x87, 0xD0, 0xAE, 0xFD, 0x13, 0x94, 0x02, 0xFD,
    0x03, 0xB1, 0x33, 0x5E, 0x4C, 0x3B, 0x13, 0x33, 0x44, 0xC3, 0xB1, 0x30, 0x37, 0xCC, 0x3B, 0x13,
    0x06, 0x04, 0xC3, 0xB1, 0x30, 0x17, 0x4C, 0x3B, 0x13, 0x00, 0x3C, 0xC3, 0xAD, 0x34, 0xF6, 0x58,
    0x19, 0x14, 0x0E, 0xB4, 0xC1, 0x91, 0x70, 0x13, 0xC8, 0x2C, 0xDD, 0x06, 0x5F, 0x00, 0x9D, 0x30,
    0x65, 0xD8, 0x11, 0x18, 0x0F, 0x7C, 0xD0, 0x5F, 0x30, 0xEA, 0xCC, 0x18, 0x33, 0x0E, 0xAC, 0xC1,
    0x83, 0x30, 0xEA, 0xD8, 0x21, 0x34, 0x0E, 0xBC, 0xC0, 0xFF, 0x30, 0xEB, 0xCC, 0x18, 0x73, 0x0E,
    0xBC, 0xC1, 0x2D, 0x30, 0xEB, 0xE4, 0x0C, 0x73, 0x0E, 0xBC, 0xCE, 0x41, 0x60, 0x61, 0xD0, 0x0A,
    0x32, 0x06, 0x1F, 0xC2, 0xB9, 0xF0, 0x83, 0x5A, 0x4A, 0x10, 0x69, 0x07, 0x6E, 0x60, 0x22, 0x98,
    0x76, 0x66, 0x0C, 0x89, 0x87, 0x66, 0x60, 0x31, 0x98, 0x76, 0x66, 0x03, 0x99, 0x87, 0x66, 0x69,
    0xE8, 0xB0, 0x43, 0x68, 0x1D, 0x29, 0x81, 0x4E, 0x61, 0xD2, 0x98, 0x16, 0xE6, 0x1D, 0x29, 0x82,
    0x4A, 0x65, 0xD8, 0xB8, 0x2D, 0x71, 0x70, 0xCD, 0x56, 0x66, 0x20, 0x49, 0xA0, 0x32, 0xF6, 0x08,
    0x49, 0x83, 0x2E, 0xC0, 0x8C, 0xA0, 0x98, 0x26, 0x05, 0xD9, 0x87, 0x52, 0x60, 0xC1, 0x98, 0x75,
    0x26, 0x0B, 0x19, 0x87, 0x52, 0x60, 0x5D, 0x91, 0x77, 0x7E, 0x5D, 0xDF, 0x97, 0x77, 0x93, 0x9A,
    0xCC, 0x44, 0x0D, 0x54, 0x91, 0xE6, 0x62, 0x49, 0xE4, 0xF9, 0xAC, 0xFE, 0x6B, 0x3F, 0xA7, 0x93,
    0xE7, 0xBA, 0x91, 0xA6, 0xBE, 0x9D, 0xFF, 0x8E, 0x96, 0xC7, 0xE7, 0xFA, 0x77, 0x7E, 0x8C, 0xAC,
    0x44, 0x53, 0xAF, 0xF3, 0xF2, 0x7C, 0xB3, 0x3F, 0x4E, 0xBF, 0xC8, 0x6D, 0x70, 0x26, 0xC8, 0xCE,
    0x3F, 0x4E, 0x87, 0xD3, 0xA1, 0xF4, 0xE8, 0x7C, 0x0B, 0xD8, 0x09, 0xFC, 0x8F, 0xA9, 0xF4, 0xE3,
    0xFC, 0xF9, 0x9F, 0x4E, 0x3F, 0x40, 0xDD, 0x62, 0x60, 0xC8, 0xF8, 0x3F, 0x4E, 0x16, 0x40, 0xB7,
    0x63, 0xE3, 0x7C, 0xF8, 0xDF, 0x4D, 0xCF, 0xCA, 0x23, 0xF0, 0x01, 0x48, 0xA1, 0xBF, 0x28, 0x6F,
    0xCA, 0x1B, 0xC2, 0x85, 0xFC, 0xA1, 0x7F, 0x02, 0x4D, 0x02, 0x0F, 0xF0, 0x83, 0xFD, 0x35, 0xF5,
    0x27, 0xB7, 0x0F, 0x51, 0xF0, 0x86, 0xFC, 0x21, 0x1F, 0x74, 0x6F, 0x8E, 0xAB, 0x24, 0xD6, 0x7D,
    0x35, 0x9A, 0x09, 0x55, 0xC2, 0x17, 0xF0, 0x85, 0xFD, 0x34, 0x9B, 0x06, 0x0D, 0xD3, 0x41, 0xF4,
    0x72, 0x7C, 0x21, 0x3F, 0x4D, 0x06, 0x49, 0x13, 0xF2, 0x44, 0xFC, 0x91, 0x36, 0x4C, 0xD7, 0xC3,
    0x57, 0xF4, 0xCD, 0x60, 0x8D, 0x94, 0x05, 0x2F, 0xC0, 0xF3, 0x31, 0x21, 0xE5, 0x32, 0x7F, 0x05,
    0x17, 0xC1, 0x45, 0xF4, 0xC9, 0xFC, 0x46, 0x77, 0x4C, 0x7F, 0xC3, 0x55, 0xF1, 0x65, 0x64, 0x14,
    0x7F, 0x05, 0x1F, 0x33, 0xE0, 0x10, 0x9D, 0xBA, 0xF4, 0xC2, 0xAB, 0x00, 0x9E, 0x6C, 0x2A, 0x9E,
    0x41, 0x0A, 0x94, 0x61, 0x5C, 0xDD, 0xB3, 0x37, 0x0A, 0x4C, 0x32, 0x53, 0x70, 0xA4, 0xC0, 0x43,
    0x37, 0x0A, 0x4C, 0x27, 0x73, 0x05, 0x47, 0xC0, 0xA3, 0x90, 0x3A, 0xDD, 0x30, 0xFF, 0x4C, 0x3E,
    0xC7, 0xFF, 0xA0, 0xDB, 0xFC, 0x36, 0xFE, 0x49, 0x44, 0xC0, 0xCB, 0x64, 0xBC, 0xFD, 0x2F, 0x3F,
    0x0D, 0x97, 0xD2, 0xF3, 0xF0, 0x10, 0x4B, 0x3E, 0x1B, 0x2F, 0xA5, 0xD3, 0x40, 0x5B, 0xB0, 0x6D,
    0xFE, 0x1B, 0x7F, 0x81, 0x26, 0xC0, 0xC4, 0xBA, 0x5B, 0xBE, 0x10, 0xEF, 0x86, 0xCB, 0xE9, 0x6E,
    0xF8, 0x1B, 0x6F, 0xB3, 0x08, 0x67, 0xC7, 0x0D, 0x90, 0x87, 0x7C, 0x21, 0xDF, 0x0C, 0x4E, 0x01,
    0x79, 0x79, 0xD8, 0x43, 0xBE, 0x2B, 0x9F, 0x84, 0x27, 0xE3, 0x63, 0xF8, 0x75, 0x6C, 0x1A, 0xCF,
    0x8D, 0x33, 0xE3, 0x4C, 0xE0, 0xD1, 0xAA, 0xD2, 0x8F, 0x82, 0x23, 0xE0, 0x88, 0xF8, 0x22, 0x3D,
    0xC7, 0x04, 0x17, 0xC3, 0x1F, 0xF0, 0x40, 0x7C, 0x67, 0x7B, 0x19, 0xB7, 0xC0, 0xF9, 0xF0, 0x3E,
    0x7C, 0x30, 0xDE, 0x03, 0xBF, 0xC4, 0x49, 0xF1, 0x12, 0x7C, 0x2F, 0x7B, 0xE3, 0x85, 0xD7, 0xE3,
    0x28, 0xF8, 0x5C, 0x3E, 0x17, 0x0D, 0x6C, 0xC2, 0xD5, 0xF0, 0xB5, 0x7C, 0x2D, 0x5F, 0x0B, 0x56,
    0xB6, 0x61, 0x67, 0xF8, 0xC6, 0xBE, 0x16, 0x2F, 0x85, 0x8B, 0x5B, 0x30, 0xAE, 0x7C, 0x1A, 0x7F,
    0x06, 0x9F, 0xC6, 0x1F, 0xF8, 0xCC, 0xE4, 0x61, 0x5F, 0x06, 0xBF, 0xC1, 0xAF, 0xF0, 0x6B, 0xDC,
    0x61, 0x1F, 0x06, 0xC7, 0xC1, 0xB1, 0xF0, 0x6C, 0x7C, 0x1B, 0x1F, 0x06, 0xC7, 0xC1, 0xB1, 0xF1,
    0x7E, 0xFC, 0x5F, 0xBF, 0x17, 0xEE, 0xFF, 0xD7, 0x70, 0x45, 0xFC, 0x11, 0x7F, 0x04, 0x5F, 0xC2,
    0xBF, 0xF0, 0x43, 0xFC, 0x10, 0xFF, 0x04, 0x3F, 0xC0, 0xCD, 0x80, 0x42, 0x7C, 0x10, 0x9F, 0x04,
    0x27, 0xC5, 0xC9, 0xA1, 0x71, 0x7C, 0x5C, 0x5F, 0x17, 0x17, 0xC5, 0xC5, 0xF0, 0xB3, 0x7C, 0x2C,
    0xDF, 0x0B, 0x37, 0xC2, 0xCD, 0xF0, 0xB3, 0x7C, 0x2C, 0xDF, 0x0B, 0x37, 0xC2, 0xCD, 0xF0, 0xB3,
    0x7C, 0x2C, 0xDF, 0x0B, 0x37, 0xC2, 0xCD, 0xF0, 0xB3, 0x7C, 0x1B, 0x5F, 0x06, 0xD7, 0xC1, 0xB5,
    0xF0, 0x6D, 0x7C, 0x1B, 0x5F, 0x06, 0xD7, 0xC1, 0xB5, 0xF0, 0x6D, 0x7C, 0x1B, 0x5F, 0x06, 0xD7,
    0xC2, 0xBF, 0xF1, 0x58, 0x7C, 0x56, 0x1F, 0x15, 0x87, 0xC5, 0x61, 0xF0, 0x3A, 0xFC, 0x0E, 0xBF,
    0x03, 0xAF, 0xC0, 0xEB, 0xF0, 0x3A, 0xFC, 0x0E, 0xBF, 0x15, 0x87, 0xC0, 0xEF, 0xF0, 0x3B, 0xFC,
    0x0E, 0xFF, 0x03, 0xBF, 0xC3, 0xAF, 0xF0, 0xEB, 0xFC, 0x29, 0x3F, 0x0A, 0x4F, 0xC2, 0x93, 0xF0,
    0xA4, 0xFC, 0x29, 0x3F, 0x0A, 0x4F, 0xC2, 0x93, 0xF0, 0xA4, 0xFC, 0x29, 0x3F, 0x0A, 0x4F, 0xC2,
    0x93, 0xF0, 0xA4, 0xFC, 0x29, 0x3F, 0x06, 0x9F, 0xC1, 0xA7, 0xF0, 0x69, 0xFC, 0x56, 0x1F, 0x06,
    0xBF, 0xC1, 0xAF, 0xF0, 0x6B, 0xFC, 0x56, 0x1F, 0x06, 0xC7, 0xC1, 0xB1, 0xF0, 0x6C, 0x7C, 0x1B,
    0x1F, 0x06, 0xC7, 0xC1, 0xB1, 0xF1, 0x58, 0x7C, 0x56, 0x1F, 0x15, 0x87, 0xC1, 0x17, 0xF0, 0x45,
    0xFC, 0x11, 0x7F, 0x0A, 0xFF, 0xC1, 0x0F, 0xF0, 0x43, 0xFC, 0x10, 0xFF, 0x04, 0x27, 0xC1, 0x09,
    0xF0, 0x42, 0x7C, 0x10, 0x9F, 0x15, 0x87, 0xC5, 0x61, 0xF1, 0x58, 0x7C, 0x56, 0x1F, 0x0B, 0x37,
    0xC2, 0xCD, 0xF0, 0xB3, 0x7C, 0x2C, 0xDF, 0x0B, 0x37, 0xC2, 0xCD, 0xF0, 0xB3, 0x7C, 0x2C, 0xDF,
    0x0B, 0x37, 0xC2, 0xCD, 0xF0, 0xB3, 0x7C, 0x2C, 0xDF, 0x0B, 0x37, 0xC1, 0xB5, 0xF0, 0x6D, 0x7C,
    0x1B, 0x5F, 0x06, 0xD7, 0xC1, 0xB5, 0xF0, 0x6D, 0x7C, 0x1B, 0x5F, 0x06, 0xD7, 0xC1, 0xB5, 0xF0,
    0x6D, 0x7C, 0x2B, 0xFF, 0x15, 0x86, 0xA2, 0x50, 0xE8, 0x54, 0xEA, 0x2D, 0x19, 0x8B, 0x22, 0x86,
    0xB1, 0xBA, 0xF5, 0xAA, 0x1A, 0xBC, 0xCA, 0x8A, 0xAE, 0x77, 0x29, 0xFD, 0x1E, 0xA7, 0xFE, 0x89,
    0x5C, 0xA7, 0xB4, 0x70, 0x29, 0x4A, 0xE5, 0x1D, 0xA3, 0x82, 0x0A, 0x57, 0x28, 0x05, 0x1E, 0x29,
    0xFE, 0x93, 0xDC, 0xA2, 0xD4, 0x70, 0x42, 0xC8, 0x01, 0xD4, 0x89, 0xDC, 0xA1, 0x34, 0x74, 0xF2,
    0xC8, 0x01, 0x76, 0x94, 0x51, 0xC0, 0xBD, 0x2B, 0x94, 0xE6, 0x8E, 0x0A, 0x39, 0x1D, 0x1A, 0x71,
    0xBA, 0xDD, 0xAA, 0x15, 0xA6, 0x8B, 0xFD, 0x21, 0xA0, 0x25, 0xA0, 0x04, 0x27, 0x3B, 0xB9, 0x4D,
    0xA8, 0xE0, 0x75, 0x95, 0xCA, 0x59, 0x47, 0x0C, 0xB4, 0x80, 0x33, 0x68, 0x1D, 0x1E, 0x2E, 0x00,
    0x59, 0x4F, 0xA8, 0xE0, 0xDE, 0x95, 0xCA, 0x35, 0x47, 0x03, 0xC4, 0x80, 0x17, 0x53, 0xC0, 0x4E,
    0x37, 0x56, 0xB5, 0x41, 0x74, 0xD0, 0xAF, 0xA2, 0x54, 0xE9, 0x72, 0x8C, 0x51, 0xC1, 0x43, 0x20,
    0x09, 0xDA, 0x0D, 0x47, 0x8D, 0x0A, 0xF6, 0x60, 0x20, 0xB4, 0xAE, 0x8F, 0x3F, 0x5B, 0xC4, 0xEE,
    0x53, 0x8A, 0x38, 0x21, 0x64, 0x00, 0x9A, 0x44, 0xC0, 0x1D, 0x29, 0x38, 0x01, 0xED, 0x2A, 0xA3,
    0xCF, 0x80, 0x1D, 0x30, 0x23, 0xD2, 0xAB, 0x6A, 0x82, 0x00, 0x66, 0xC0, 0x20, 0x90, 0x18, 0x30,
    0x02, 0xCA, 0x80, 0x6E, 0x80, 0x56, 0xB8, 0x01, 0xE5, 0x1B, 0xA3, 0x84, 0x62, 0x40, 0x37, 0xB4,
    0x0A, 0x8F, 0x16, 0x02, 0x5E, 0xA5, 0xB1, 0xBA, 0xA5, 0xAA, 0x06, 0x04, 0xBC, 0x4B, 0x68, 0xE0,
    0xF6, 0x90, 0x1A, 0xEC, 0x01, 0x09, 0x00, 0xF2, 0x53, 0xB0, 0x40, 0x4C, 0x04, 0x34, 0x04, 0x3D,
    0x40, 0x71, 0x58, 0x55, 0x1C, 0xCE, 0x12, 0x01, 0xC5, 0xA2, 0xB4, 0x70, 0x65, 0xC8, 0x04, 0x94,
    0xA9, 0xDA, 0xA0, 0x40, 0x90, 0xE4, 0x9E, 0xE5, 0x1E, 0xA3, 0x86, 0x42, 0x40, 0xB9, 0xB0, 0x26,
    0x6B, 0x2F, 0xA3, 0x84, 0x32, 0x57, 0x29, 0xA5, 0x1C, 0x25, 0xB2, 0x00, 0x45, 0x41, 0x1B, 0x4A,
    0x95, 0xAA, 0x02, 0x04, 0x1C, 0x4E, 0xE8, 0xE1, 0x3E, 0x95, 0xCA, 0x4B, 0x47, 0x11, 0xF4, 0x80,
    0x45, 0x68, 0x6D, 0x1C, 0x2E, 0x32, 0x01, 0xB5, 0xA2, 0x54, 0x70, 0xCC, 0x48, 0x01, 0x76, 0x90,
    0xD1, 0xC2, 0x59, 0x2B, 0x94, 0xF2, 0x8E, 0x1B, 0x39, 0x01, 0xE2, 0xA0, 0x42, 0xA5, 0x46, 0xD5,
    0x00, 0x02, 0x15, 0x01, 0x53, 0x20, 0x2D, 0xD2, 0x63, 0x47, 0xA2, 0x82, 0xBE, 0x93, 0x2A, 0x3D,
    0x18, 0x00, 0xF4, 0x03, 0x5D, 0x40, 0x1B, 0x40, 0x05, 0xD0, 0x03, 0xF2, 0x00, 0x5D, 0x24, 0x74,
    0x79, 0xB8, 0x30, 0xEE, 0x00, 0xDC, 0x44, 0x28, 0xF2, 0x40, 0x5B, 0xDC, 0x09, 0xF8, 0x09, 0x1D,
    0x61, 0xF4, 0x70, 0xCE, 0xC8, 0x08, 0x76, 0x00, 0xE4, 0x80, 0x0B, 0x20, 0x2D, 0xD4, 0x0E, 0x55,
    0x99, 0xD1, 0xC5, 0x47, 0x20, 0x1E, 0x4C, 0x09, 0x9B, 0x06, 0x3E, 0x24, 0xE0, 0x88, 0xB4, 0x82,
    0x8E, 0x20, 0x49, 0x00, 0x86, 0xD1, 0x3A, 0x38, 0x63, 0x24, 0x07, 0x1B, 0x43, 0x28, 0xE1, 0x8F,
    0x90, 0x02, 0xED, 0x26, 0xA3, 0xA1, 0x02, 0xB3, 0x10, 0x1F, 0xE2, 0x75, 0x47, 0x0B, 0xA4, 0x82,
    0x19, 0xA9, 0xAD, 0x1C, 0x46, 0x12, 0xB9, 0x4B, 0xA8, 0xF4, 0x20, 0x37, 0x5F, 0xFD, 0x27, 0x02,
    0xED, 0x02, 0xE9, 0xE0, 0x31, 0xDC, 0x00, 0xD2, 0x0B, 0xC7, 0xC0, 0x35, 0x60, 0x6E, 0xE0, 0x2F,
    0x9A, 0x0B, 0xA6, 0xC1, 0x05, 0xC0, 0xBD, 0x64, 0x12, 0x95, 0x0B, 0xE7, 0x80, 0x8B, 0x90, 0xBA,
    0xFC, 0x11, 0x1B, 0x6D, 0xAD, 0x40, 0x77, 0x80, 0xE8, 0x7C, 0x3A, 0x1F, 0x0E, 0x87, 0xC3, 0xA1,
    0xD0, 0x48, 0x64, 0x39, 0xDF, 0x0E, 0x77, 0xC3, 0x9D, 0xF0, 0x66, 0xD8, 0x0A, 0x93, 0x03, 0x2D,
    0x00, 0x21, 0x20, 0x2F, 0xD0, 0x39, 0x9A, 0x08, 0x46, 0x03, 0x9F, 0xA0, 0x06, 0xFC, 0x01, 0x7C,
    0x0E, 0xA6, 0x12, 0x67, 0x30, 0x26, 0x70, 0x3A, 0xFF, 0x0E, 0xBD, 0xE4, 0xE1, 0xD2, 0xF8, 0x13,
    0xF5, 0x2A, 0x04, 0x8E, 0x03, 0xA1, 0xE0, 0xE7, 0xD4, 0x39, 0xDF, 0x0E, 0x77, 0xD0, 0x39, 0x30,
    0x20, 0xF8, 0x39, 0x92, 0x08, 0x96, 0x81, 0xC7, 0x50, 0xA6, 0x4C, 0x39, 0xF8, 0x12, 0x4E, 0x42,
    0x39, 0x67, 0x10, 0x58, 0x05, 0x76, 0x06, 0x97, 0xC1, 0xA5, 0x60, 0x72, 0xF0, 0x1A, 0xDF, 0x06,
    0xB6, 0xC1, 0x13, 0xE0, 0x1B, 0x50, 0x1B, 0x1E, 0x02, 0x3D, 0x01, 0xB3, 0xF0, 0x44, 0xFC, 0x54,
    0xDF, 0x09, 0x86, 0x45, 0x4B, 0x41, 0x52, 0x72, 0x76, 0x2A, 0x2C, 0x82, 0x27, 0xE0, 0xCB, 0xF8,
    0x32, 0xFE, 0x0C, 0xBF, 0x81, 0x07, 0x60, 0xC9, 0x98, 0x17, 0xEE, 0x23, 0x0F, 0x80, 0x2E, 0x82,
    0xA0, 0xD0, 0x46, 0x7E, 0x0D, 0x59, 0x80, 0x36, 0x80, 0x3A, 0x90, 0x01, 0xE8, 0x0D, 0x79, 0x02,
    0xDE, 0xE0, 0xD8, 0xF8, 0xA9, 0x7E, 0x2A, 0x5F, 0x8A, 0x96, 0x80, 0x8A, 0xC8, 0xA8, 0xFE, 0x2A,
    0x3F, 0x8A, 0x8F, 0xE2, 0xA3, 0xE8, 0x23, 0x70, 0x00, 0xF9, 0x0A, 0x83, 0x41, 0x15, 0xE0, 0x06,
    0x2A, 0x29, 0xBD, 0x00, 0x26, 0x42, 0x98, 0xCC, 0xA8, 0x06, 0x96, 0x14, 0xA7, 0xC5, 0x29, 0x61,
    0xD2, 0xF8, 0x53, 0x1F, 0x04, 0x07, 0x05, 0x31, 0x50, 0x19, 0x50, 0x53, 0x39, 0x0D, 0xBD, 0x45,
    0x37, 0xF1, 0x4D, 0xFC, 0x10, 0xF9, 0x14, 0xDE, 0x67, 0x62, 0x99, 0xC8, 0x02, 0x30, 0x16, 0x7F,
    0x82, 0x07, 0xA2, 0x99, 0xF8, 0x5A, 0xBE, 0x29, 0x5F, 0x80, 0xF3, 0x01, 0x66, 0x98, 0x3E, 0x7E,
    0x16, 0x99, 0x80, 0xA6, 0x82, 0x33, 0x98, 0x01, 0xE6, 0x29, 0x7D, 0x08, 0x8F, 0x02, 0x45, 0xF8,
    0x91, 0x7D, 0x45, 0x86, 0xB4, 0x4E, 0xD1, 0x20, 0x28, 0xE3, 0xDC, 0x33, 0x1E, 0x7B, 0xC5, 0x11,
    0xB0, 0xD7, 0xD2, 0x76, 0x00, 0x39, 0x4E, 0xC0, 0x07, 0x61, 0x82, 0x56, 0xEE, 0x01, 0x6C, 0x5D,
    0xC5, 0xDB, 0xB0, 0x0B, 0x61, 0x8B, 0xD4, 0x01, 0x47, 0xC0, 0x23, 0x60, 0x03, 0x4C, 0x01, 0xB5,
    0x0B, 0xA6, 0x80, 0x07, 0xF0, 0x01, 0xFC, 0x74, 0xBF, 0x01, 0x16, 0x80, 0x61, 0xF0, 0x2C, 0xFC,
    0x0B, 0x3F, 0x02, 0xCF, 0xC0, 0xB3, 0xF0, 0x14, 0x7C, 0x0B, 0x3F, 0x02, 0x6F, 0xC0, 0x07, 0xF0,
    0x2C, 0xF8, 0x5C, 0x5B, 0x01, 0x1D, 0x02, 0x57, 0x80, 0x03, 0x50, 0x32, 0xDA, 0x02, 0xD7, 0xD6,
    0x01, 0x40, 0x2D, 0x74, 0x2D, 0x7A, 0x02, 0xD6, 0x80, 0x51, 0xF0, 0x1B, 0x7C, 0x0B, 0x5F, 0x00,
    0x1F, 0xC0, 0x07, 0xF0, 0xD0, 0x74, 0x0B, 0x3F, 0x02, 0xCF, 0xC0, 0xB3, 0xF0, 0x2C, 0xFC, 0x0B,
    0x3F, 0x02, 0xCF, 0xC0, 0xB3, 0xF0, 0x2C, 0xFC, 0x00, 0x7F, 0x00, 0x1F, 0xC1, 0x69, 0x90, 0xB5,
    0x48, 0x2D, 0x3F, 0x07, 0x37, 0xC0, 0xB5, 0xF0, 0x87, 0xFC, 0x21, 0xFF, 0x08, 0x7F, 0xC0, 0x51,
    0xF0, 0x87, 0xFC, 0x09, 0x5F, 0x00, 0x1F, 0xC0, 0x07, 0xF0, 0xB4, 0xFC, 0x06, 0x1F, 0x02, 0x17,
    0xC0, 0xB3, 0xF0, 0x2C, 0xFC, 0x0B, 0x3F, 0x01, 0x47, 0xC0, 0xB3, 0xF0, 0x2C, 0xFC, 0x00, 0x7F,
    0x00, 0x1F, 0xC2, 0xD3, 0xF0, 0x87, 0xFC, 0x21, 0xFF, 0x02, 0xD7, 0xC2, 0x1F, 0xF0, 0x87, 0xFC,
    0x21, 0xFF, 0x01, 0x47, 0xC2, 0x1F, 0xF0, 0x27, 0x7C, 0x00, 0x7F, 0x0B, 0x4F, 0xC0, 0x45, 0xF0,
    0x18, 0x7C, 0x0B, 0x3F, 0x02, 0xCF, 0xC0, 0xB3, 0xF0, 0x2C, 0xFC, 0x05, 0x1F, 0x02, 0xCF, 0xC0,
    0x9B, 0xF0, 0x01, 0xFC, 0x0B, 0x3F, 0x0B, 0x4C, 0xEB, 0xF0, 0x0B, 0x06, 0xA2, 0xEB, 0x06, 0xB0,
    0xC0, 0x2B, 0x50, 0x0A, 0xDC, 0x2A, 0xB9, 0xA8, 0xAE, 0xD2, 0xEB, 0xD0, 0x0B, 0x14, 0xA2, 0xC7,
    0x1C, 0xBB, 0x56, 0x6C, 0x60, 0xE5, 0xC8, 0x5D, 0xA9, 0x63, 0x8E, 0x00, 0x22, 0x40, 0xF5, 0xE0,
    0x02, 0x27, 0x5B, 0x86, 0xDD, 0xCD, 0xA5, 0x8F, 0xF4, 0x9E, 0xC7, 0x11, 0x02, 0xBC, 0xEC, 0x73,
    0x10, 0x37, 0xCC, 0x00, 0xBA, 0x09, 0x35, 0x80, 0x2F, 0x48, 0x55, 0xDC, 0xD0, 0x55, 0x09, 0x56,
    0x00, 0x57, 0x40, 0x10, 0x7C, 0x03, 0x53, 0x09, 0x75, 0x00, 0x75, 0xF0, 0x1D, 0x54, 0x26, 0x5F,
    0xFA, 0x43, 0x40, 0x37, 0x48, 0x98, 0x0D, 0xAA, 0x00, 0x5F, 0x80, 0x17, 0xE0, 0x05, 0xF8, 0x01,
    0x76, 0x04, 0x8F, 0x80, 0xC2, 0xA0, 0x42, 0xF8, 0x1F, 0x7E, 0x07, 0xDF, 0x81, 0xF7, 0xE0, 0x7D,
    0xF8, 0x1F, 0x7E, 0x02, 0x0F, 0x81, 0xF7, 0xE0, 0x7D, 0xF8, 0x1F, 0x7E, 0x06, 0x5F, 0x80, 0x17,
    0xE0, 0x05, 0xF8, 0x01, 0x7E, 0x05, 0x4B, 0x86, 0xF2, 0x60, 0x31, 0xF8, 0x02, 0x2C, 0x13, 0xDE,
    0x01, 0xFB, 0xE0, 0x7E, 0xF8, 0x1F, 0xB8, 0x16, 0xE9, 0x01, 0xFB, 0xE1, 0x72, 0xA8, 0x1F, 0xBE,
    0x07, 0xEE, 0x00, 0xEB, 0xE0, 0x3A, 0xB0, 0x5E, 0xBE, 0x07, 0xEF, 0x80, 0x17, 0xE0, 0x05, 0xF8,
    0x01, 0x7E, 0x0F, 0xCE, 0x01, 0xF7, 0xE0, 0x42, 0xF8, 0x1F, 0x7E, 0x05, 0xCF, 0x81, 0xF7, 0xE0,
    0x7D, 0xF8, 0x1F, 0x7E, 0x02, 0x0F, 0x81, 0xF7, 0xE0, 0x7D, 0xF8, 0x1F, 0x7E, 0x07, 0xDF, 0x80,
    0x17, 0xE0, 0x05, 0xF8, 0x01, 0x7E, 0x00, 0x5C, 0x4A, 0xA8, 0x12, 0xBF, 0x8C, 0xB3, 0xEF, 0x2D,
    0x81, 0xC9, 0x78, 0x12, 0x68, 0xA4, 0x9F, 0xE7, 0x28, 0x82, 0xCA, 0x60, 0x12, 0xE9, 0x63, 0x02,
    0xAA, 0x21, 0x1A, 0x80, 0xFB, 0x92, 0x69, 0x7C, 0x57, 0xFD, 0x3B, 0x97, 0xCD, 0x40, 0x03, 0x20,
    0x01, 0xD6, 0x27, 0x2F, 0x8A, 0x85, 0x5B, 0xE1, 0x91, 0xF8, 0x1C, 0xFE, 0x09, 0x4F, 0x86, 0x47,
    0xE1, 0x91, 0xF8, 0x08, 0x3E, 0x09, 0x4A, 0xC2, 0xBE, 0x50, 0xB8, 0x14, 0x13, 0xC3, 0x05, 0x8E,
    0xC1, 0xBE, 0x50, 0x78, 0x24, 0x22, 0x07, 0x0D, 0x8A, 0x31, 0x82, 0x80, 0x58, 0x90, 0x11, 0x7D,
    0x62, 0x87, 0x45, 0x7F, 0xD7, 0x78, 0x70, 0x14, 0xE5, 0x0E, 0x02, 0x9C, 0xC3, 0x43, 0xF0, 0xD0,
    0xFC, 0x12, 0x5F, 0x00, 0x2F, 0xC0, 0x0B, 0xF0, 0x91, 0x7C, 0x0B, 0x1F, 0x10, 0xFF, 0xC1, 0x1B,
    0xF0, 0x36, 0x7C, 0x11, 0xBF, 0x04, 0x6F, 0xC1, 0x1B, 0xF0, 0x46, 0xFC, 0x43, 0xFF, 0x01, 0xD6,
    0x25, 0xF1, 0xC0, 0x73, 0x4C, 0x0F, 0xFE, 0x93, 0x83, 0x97, 0xF6, 0x6C, 0xD0, 0x04, 0xEC, 0x08,
    0xAF, 0x81, 0xE3, 0xE0, 0x05, 0xF8, 0x01, 0x7E, 0x00, 0x5E, 0x04, 0x42, 0x62, 0x2D, 0xF8, 0xCA,
    0xA8, 0x17, 0x4F, 0x86, 0xBF, 0xE0, 0x6B, 0xF8, 0x23, 0x3E, 0x1A, 0xFF, 0x82, 0x32, 0x90, 0xE8,
    0xE0, 0x40, 0xA8, 0x03, 0x6E, 0xC9, 0x80, 0x39, 0x58, 0x74, 0x54, 0x03, 0xB4, 0x08, 0x3E, 0x40,
    0x81, 0xF0, 0xDA, 0xFC, 0x36, 0xBF, 0x03, 0x6F, 0xC0, 0x0B, 0xF0, 0x02, 0xFC, 0x00, 0xBF, 0x6D,
    0xB5, 0xA4, 0xD2, 0x1B, 0xA1, 0xA5, 0x24, 0x05, 0x1E, 0xC9, 0xA4, 0x17, 0x48, 0x67, 0xFA, 0xED,
    0x26, 0x8F, 0xDD, 0x21, 0x62, 0x11, 0xD0, 0x13, 0x2D, 0x26, 0x8F, 0x5D, 0x21, 0x5F, 0xEB, 0xBC,
    0x9A, 0x3B, 0x74, 0x84, 0x80, 0x36, 0x80, 0x92, 0xFC, 0xC6, 0x4D, 0x1C, 0xBA, 0x42, 0x00, 0xE3,
    0x70, 0x19, 0xD6, 0x4D, 0x1B, 0xBA, 0x41, 0xC1, 0x3B, 0xC0, 0x4B, 0xD2, 0x4D, 0x1A, 0xBA, 0x41,
    0x81, 0x33, 0xFC, 0x74, 0xC6, 0xCD, 0x79, 0x07, 0xE4, 0xB3, 0x20, 0x01, 0x96, 0xE4, 0x00, 0x32,
    0xEC, 0x80, 0x06, 0x5F, 0x90, 0x00, 0xCA, 0x33, 0x2F, 0x5F, 0x4C, 0x80, 0xAD, 0x2C, 0xD0, 0x15,
    0xBE, 0x05, 0x6D, 0x00, 0xE3, 0xA0, 0x5C, 0xF8, 0x17, 0x3E, 0x05, 0xCC, 0x01, 0x6B, 0x97, 0x70,
    0x2A, 0x50, 0x8F, 0x75, 0x00, 0xCC, 0x80, 0xA1, 0x30, 0x4E, 0xFC, 0x00, 0xBF, 0x00, 0x2C, 0xEC,
    0xDB, 0xA0, 0x03, 0x56, 0xCD, 0xDA, 0x00, 0x3D, 0xBF, 0x40, 0x07, 0xB4, 0x6A, 0x5F, 0x36, 0x00,
    0x45, 0xA7, 0x40, 0x08, 0xB5, 0x68, 0x17, 0x9C, 0x8A, 0x5D, 0x20, 0x02, 0x6A, 0xF8, 0x9A, 0xBE,
    0x26, 0xAF, 0x87, 0x73, 0xE1, 0x4F, 0xF8, 0x53, 0xFE, 0x1D, 0xCF, 0x87, 0x73, 0xE1, 0xDC, 0xF8,
    0x77, 0x36, 0x26, 0x29, 0x66, 0x84, 0xC5, 0xF0, 0x1E, 0xCC, 0x4B, 0xDF, 0x0B, 0xA5, 0x44, 0xF1,
    0x30, 0x01, 0xC8, 0x0A, 0xB4, 0x0A, 0x97, 0xC0, 0x0B, 0xF0, 0x02, 0xDC, 0x03, 0x52, 0xB3, 0xC3,
    0xA6, 0x40, 0x0E, 0xF8, 0x01, 0x7E, 0x01, 0x4B, 0x0A, 0xA3, 0x60, 0x3B, 0xB8, 0xAA, 0x3A, 0x09,
    0x1F, 0x82, 0x47, 0xE0, 0x70, 0xF8, 0x24, 0x7E, 0x09, 0x1F, 0x82, 0x47, 0xE0, 0x20, 0xF8, 0x9B,
    0xBE, 0x26, 0xEF, 0x89, 0xBB, 0xE2, 0x6E, 0xF8, 0x9B, 0xBE, 0x07, 0xAF, 0x80, 0x17, 0xE0, 0x05,
    0xF8, 0x01, 0x7E, 0x26, 0xEF, 0x89, 0xBB, 0xE2, 0x2D, 0xF8, 0x23, 0x3E, 0x08, 0xCF, 0x89, 0xBB,
    0xE2, 0x6E, 0xFB, 0x9C, 0x27, 0x32, 0x0E, 0x37, 0xC3, 0x89, 0xCC, 0x5C, 0x3A, 0x24, 0x03, 0xEF,
    0x80, 0x6E, 0x80, 0xFA, 0x90, 0x00, 0xE4, 0x00, 0xD9, 0x89, 0xC7, 0xC0, 0xF3, 0xC0, 0x9D, 0x3E,
    0x07, 0x9F, 0x80, 0x17, 0xE0, 0x05, 0xF8, 0x47, 0xBC, 0x2C, 0x3F, 0x82, 0x2F, 0xE0, 0x3E, 0xBC,
    0x3A, 0x6B, 0x05, 0x90, 0x5B, 0x20, 0x60, 0x8F, 0xF8, 0x1A, 0xFE, 0x08, 0xFF, 0x82, 0x3F, 0xE0,
    0x73, 0xD8, 0x0E, 0xFE, 0x11, 0xFF, 0x81, 0x07, 0xE1, 0xBA, 0xA4, 0xC4, 0x11, 0x9F, 0x17, 0xF7,
    0xC0, 0xE3, 0xF0, 0x02, 0xFC, 0x00, 0xBF, 0x00, 0x2F, 0xC4, 0x83, 0x70, 0x5B, 0xD0, 0x06, 0xD2,
    0x12, 0x17, 0xC4, 0x85, 0xF1, 0x21, 0x7C, 0x36, 0x1F, 0x09, 0x1F, 0xC1, 0x27, 0xF0, 0xD8, 0x7C,
    0x36, 0x1F, 0x04, 0x87, 0xC3, 0x61, 0xF0, 0x1D, 0x7C, 0x11, 0xBF, 0x0D, 0x1F, 0xC0, 0xF7, 0xF0,
    0x02, 0xFC, 0x00, 0xBF, 0x24, 0xEF, 0xC0, 0x91, 0xD8, 0x2C, 0x7E, 0xD9, 0x02, 0x39, 0xEF, 0xC0,
    0xFF, 0xF0, 0x0A, 0xE2, 0x3D, 0x6C, 0x80, 0x84, 0x57, 0xE0, 0x81, 0xF8, 0x20, 0x7E, 0x08, 0x1F,
    0x80, 0x8A, 0x51, 0xDB, 0x64, 0x00, 0x34, 0x9E, 0x8E, 0x59, 0x30, 0x62, 0xC6, 0xF8, 0x58, 0xA6,
    0x23, 0x7F, 0x88, 0xDF, 0xE2, 0x37, 0xD8, 0xBA, 0x32, 0x09, 0x6C, 0x44, 0x80, 0xFD, 0xF0, 0x02,
    0xFC, 0x00, 0xBF, 0x00, 0x2F, 0xC2, 0x49, 0x49, 0x1C, 0xBE, 0x64, 0x20, 0x6B, 0x88, 0xFF, 0xE1,
    0xB3, 0xF8, 0x8F, 0xFE, 0x0F, 0xAF, 0x82, 0x67, 0xE1, 0xAF, 0xF9, 0x97, 0xBE, 0x11, 0xBF, 0x86,
    0xB3, 0xE0, 0x17, 0xCD, 0x91, 0xF9, 0xB2, 0xB2, 0x30, 0x1E, 0x56, 0x45, 0xA8, 0x4A, 0xC9, 0x63,
    0x00, 0x0C, 0xAC, 0xEC, 0x50, 0xA0, 0x6C, 0xFE, 0x1B, 0x3B, 0x59, 0x2E, 0xE0, 0x71, 0xAD, 0x93,
    0x0E, 0x04, 0x2A, 0xD9, 0x32, 0xE0, 0x07, 0xB6, 0x9C, 0x00, 0xF6, 0xB0, 0xC3, 0xA6, 0xA0, 0x08,
    0xB2, 0x14, 0x24, 0x08, 0x9F, 0x80, 0x17, 0xE2, 0x44, 0xF8, 0x24, 0x3E, 0x09, 0x0F, 0x80, 0x4E,
    0xC0, 0x92, 0xF8, 0x90, 0xBE, 0x09, 0x2F, 0x82, 0x4B, 0xE2, 0x42, 0xF8, 0xB4, 0xBE, 0x09, 0x5F,
    0x89, 0x0B, 0xE0, 0x8E, 0xF8, 0x90, 0xBE, 0x06, 0xFF, 0x80, 0x17, 0xE0, 0x05, 0xF8, 0x01, 0x7E,
    0x24, 0x2E, 0x0A, 0xF2, 0xA2, 0x44, 0xF8, 0x91, 0x3E, 0x24, 0x4F, 0x87, 0x13, 0xE1, 0x28, 0xF8,
    0x25, 0x7E, 0x1C, 0x2F, 0x87, 0x0B, 0xE1, 0x28, 0xF8, 0x91, 0x3E, 0x03, 0xAF, 0x82, 0x3F, 0xE2,
    0x44, 0xF8, 0x1F, 0x7E, 0x00, 0x5F, 0x80, 0x17, 0xE2, 0x44, 0xF8, 0x91, 0x3E, 0x24, 0x4F, 0x81,
    0xFF, 0xE2, 0x44, 0xF0, 0x20, 0x7E, 0x08, 0x1F, 0x82, 0x07, 0xE0, 0x81, 0xF8, 0x91, 0x3E, 0x24,
    0x4F, 0x89, 0x13, 0xE0, 0x88, 0xF8, 0x91, 0x3E, 0x24, 0x4F, 0x89, 0x13, 0xE0, 0x84, 0xF8, 0x01,
    0x7E, 0x00, 0x5F, 0x84, 0x9B, 0xE2, 0x44, 0xF8, 0x6C, 0xFE, 0x24, 0x4F, 0x86, 0xC7, 0xE0, 0xFA,
    0xF8, 0x26, 0x7E, 0x1B, 0x1F, 0x89, 0x13, 0xE0, 0x20, 0xF8, 0x6B, 0xBE, 0x24, 0x4F, 0x89, 0x13,
    0xE0, 0x56, 0xF0, 0x91, 0x3E, 0x24, 0x4F, 0x89, 0x13, 0xE0, 0x89, 0xF8, 0x01, 0x7E, 0x24, 0x4F,
    0x82, 0x43, 0xE0, 0x55, 0xF8, 0x91, 0x3E, 0x24, 0x4F, 0x82, 0x4B, 0xE0, 0x92, 0xF8, 0x91, 0x3E,
    0x24, 0x4F, 0x89, 0x13, 0xE0, 0x3F, 0xF8, 0x91, 0x3E, 0x24, 0x4F, 0x86, 0xD3, 0xE0, 0x05, 0xF8,
    0x01, 0x7E, 0x00, 0x5F, 0x84, 0x77, 0x90, 0x50, 0x8E, 0xD2, 0x0B, 0x0E, 0x97, 0x51, 0x63, 0x96,
    0x98, 0x2D, 0x16, 0x5D, 0x3C, 0xEA, 0xDE, 0x1C, 0x43, 0x38, 0x28, 0x15, 0xFF, 0x2F, 0x89, 0x05,
    0x92, 0x53, 0x20, 0x00, 0xC8, 0x00, 0x75, 0x89, 0xCB, 0xE2, 0x54, 0x58, 0xE0, 0x05, 0xA5, 0xD3,
    0xBC, 0x42, 0xC0, 0xBD, 0xF0, 0x53, 0xD0, 0x13, 0x9F, 0x09, 0x7F, 0xC1, 0x39, 0xA0, 0x11, 0xD3,
    0xA3, 0x78, 0x84, 0x82, 0x83, 0xE0, 0xA0, 0xB8, 0x03, 0xE9, 0xCF, 0xBC, 0x41, 0xC1, 0x43, 0xF0,
    0x50, 0xFC, 0x14, 0x3F, 0x00, 0xDD, 0x39, 0xD7, 0x88, 0x30, 0x28, 0xBF, 0xFE, 0xF7, 0x00, 0x32,
    0x9C, 0xDB, 0xC4, 0x14, 0x14, 0xDF, 0x04, 0x77, 0xC0, 0x0B, 0xF0, 0x02, 0xFC, 0x00, 0xBF, 0x01,
    0x5D, 0x39, 0x97, 0x88, 0x20, 0x15, 0x3E, 0x03, 0x8B, 0x72, 0xEF, 0x05, 0xB1, 0x98, 0x25, 0x7E,
    0x09, 0x5F, 0x82, 0x57, 0xE0, 0x95, 0xFC, 0xBA, 0x79, 0xCA, 0xBC, 0x40, 0x81, 0x2B, 0xF0, 0x4A,
    0xF3, 0x93, 0x78, 0x80, 0x81, 0x03, 0xE2, 0x65, 0xFD, 0x92, 0x88, 0x14, 0x9D, 0x1B, 0x8B, 0x73,
    0x20, 0x10, 0x53, 0x91, 0x78, 0x3E, 0x8C, 0x81, 0x35, 0xE0, 0x80, 0x7E, 0x27, 0x66, 0xB3, 0x80,
    0x5E, 0x61, 0x6F, 0xA8, 0x06, 0xA6, 0x0A, 0x6E, 0x09, 0xAF, 0xE0, 0x05, 0xF8, 0x01, 0x7E, 0x00,
    0x5F, 0x85, 0x36, 0xB9, 0xA9, 0x7C, 0xC4, 0x30, 0x95, 0x0A, 0x6C, 0xB3, 0x54, 0x59, 0x68, 0x52,
    0xE5, 0x9A, 0x92, 0x4A, 0x41, 0x59, 0xF0, 0x05, 0xCC, 0x01, 0x56, 0x13, 0x86, 0xC5, 0xA7, 0x40,
    0x55, 0x7C, 0x15, 0x5F, 0x05, 0x56, 0x00, 0x43, 0x40, 0x54, 0x7C, 0x15, 0x16, 0x01, 0x7E, 0x40,
    0x49, 0xF0, 0x9E, 0x5C, 0x07, 0xDD, 0xBB, 0xD9, 0x35, 0x42, 0x4A, 0x96, 0xE8, 0x00, 0x32, 0xE5,
    0x00, 0x06, 0x5C, 0xCF, 0xF4, 0xEC, 0x04, 0x36, 0x52, 0x67, 0x80, 0x59, 0x71, 0x3B, 0x53, 0xB8,
    0x26, 0x5B, 0x7B, 0x04, 0xDD, 0x6F, 0xE0, 0x01, 0xED, 0x05, 0x40, 0xA4, 0x81, 0x19, 0xF0, 0x02,
    0xFC, 0x00, 0xBF, 0x13, 0xA5, 0xC1, 0x95, 0x30, 0x2E, 0xFC, 0x13, 0x1F, 0x13, 0xC6, 0xC2, 0x11,
    0x30, 0x4D, 0x7C, 0x4F, 0x1F, 0x04, 0xD7, 0xC1, 0x35, 0xF1, 0x3D, 0x67, 0x98, 0x0D, 0xA9, 0x80,
    0xFF, 0xE1, 0x44, 0xF8, 0x10, 0xFE, 0x27, 0xCA, 0x59, 0xC4, 0x8B, 0x30, 0x4C, 0x7C, 0x0B, 0x9B,
    0x0E, 0xCF, 0xC0, 0x0B, 0xF0, 0x02, 0xFC, 0x00, 0xBF, 0x14, 0x07, 0xC5, 0x01, 0xD1, 0x3F, 0x7C,
    0x2F, 0xBF, 0x13, 0xF6, 0x43, 0x41, 0xF0, 0xF3, 0x7C, 0x22, 0xDF, 0x05, 0x07, 0xC0, 0x43, 0x70,
    0x50, 0x7C, 0x3C, 0x97, 0x0F, 0x17, 0xC1, 0x3B, 0xF0, 0xEF, 0xFC, 0x03, 0x36, 0x18, 0xCF, 0x83,
    0x9B, 0xF0, 0x41, 0x7C, 0x00, 0xBF, 0x00, 0x2F, 0xC0, 0x0B, 0xF0, 0x2E, 0x6C, 0x19, 0xFF, 0x04,
    0x4F, 0xC8, 0x6D, 0xF0, 0x44, 0xFC, 0x11, 0x3F, 0x04, 0x4F, 0xC1, 0x13, 0xF0, 0x1D, 0x7C, 0x11,
    0x3F, 0x13, 0x67, 0xC4, 0xD9, 0xF0, 0x47, 0x7C, 0x1D, 0x9F, 0x13, 0x57, 0xC4, 0xD5, 0xF0, 0x42,
    0x7C, 0x00, 0xBF, 0x00, 0x2F, 0xC0, 0x0B, 0xF1, 0x35, 0x7C, 0x4D, 0x5F, 0x0B, 0xA7, 0xC1, 0x49,
    0xF0, 0xE7, 0xFC, 0x14, 0x9F, 0x0E, 0x7F, 0xC3, 0x9F, 0xF1, 0x35, 0x7C, 0x4D, 0x5F, 0x0E, 0x67,
    0xC4, 0xD5, 0xF1, 0x35, 0x7C, 0x3A, 0x3F, 0x13, 0x57, 0xC4, 0xD5, 0xF1, 0x35, 0x7C, 0x12, 0x5F,
    0x00, 0x2F, 0xC0, 0x0B, 0xF1, 0x35, 0x7C, 0x13, 0x1F, 0x04, 0xC7, 0xC4, 0xD5, 0xF0, 0x8D, 0x7C,
    0x13, 0x5F, 0x04, 0xD7, 0xC4, 0xD5, 0xF1, 0x35, 0x7C, 0x04, 0xFF, 0x04, 0xEF, 0xC4, 0xD5, 0xF0,
    0x4C, 0x7C, 0x4D, 0x5F, 0x03, 0xDF, 0xC0, 0x0B, 0xF0, 0x02, 0xFC, 0x00, 0xBF, 0x39, 0x87, 0xD4,
    0x57, 0x39, 0xD4, 0x72, 0xCB, 0x59, 0x9D, 0x4D, 0x66, 0x31, 0xEB, 0x44, 0x00, 0x26, 0xF2, 0xAC,
    0xD1, 0x52, 0xF7, 0xF3, 0x9B, 0x7C, 0xE6, 0xD6, 0x0C, 0x05, 0x40, 0x3B, 0x2B, 0x3C, 0xE8, 0x17,
    0x13, 0x2A, 0x2C, 0xCC, 0xF9, 0xE0, 0x17, 0x6C, 0xD8, 0x9F, 0x04, 0x4F, 0xC1, 0x63, 0xD1, 0x5B,
    0x50, 0x05, 0xB3, 0x82, 0x80, 0xB7, 0x20, 0xB7, 0xFA, 0xEB, 0xF2, 0x03, 0x0A, 0x81, 0x07, 0x80,
    0x30, 0xF8, 0x7F, 0x6E, 0x0C, 0xE9, 0x00, 0x5A, 0x5C, 0xC9, 0xD0, 0x15, 0xBE, 0x05, 0x6F, 0x00,
    0x96, 0xC6, 0xD9, 0xE8, 0x04, 0x26, 0x04, 0xAF, 0x9B, 0x4F, 0xE0, 0xB7, 0xF8, 0x01, 0x7E, 0x00,
    0x5F, 0xAF, 0x9B, 0xE0, 0x40, 0xF8, 0x41, 0x3E, 0x0B, 0x3F, 0x9D, 0xCB, 0xE1, 0xFA, 0xF8, 0x2B,
    0x7E, 0x15, 0xFA, 0x82, 0x9F, 0xE1, 0xFA, 0xD8, 0x0E, 0xBE, 0x1F, 0xAF, 0x80, 0xFB, 0xEB, 0xEC,
    0xA1, 0xDF, 0x6A, 0x05, 0xC9, 0x60, 0xC1, 0x3B, 0xF0, 0x8F, 0xFC, 0xEE, 0xFF, 0x3B, 0xBC, 0xC0,
    0x37, 0x2C, 0xD0, 0x1E, 0x32, 0x0A, 0x8F, 0x82, 0x5B, 0xE0, 0x05, 0xF8, 0x01, 0x7E, 0x77, 0xCF,
    0x8B, 0x56, 0x80, 0x4E, 0xD5, 0xA6, 0x46, 0x3E, 0x0A, 0x1E, 0x0B, 0xE3, 0x4D, 0xF8, 0xD3, 0x7E,
    0x0A, 0xDF, 0x82, 0xB7, 0xE0, 0xE0, 0xB8, 0x19, 0xF6, 0x35, 0x3F, 0x8D, 0x4F, 0xE3, 0x53, 0xF8,
    0xF7, 0x7E, 0x3D, 0xDF, 0x8D, 0x3B, 0xE3, 0xDD, 0xF8, 0x20, 0xBE, 0x00, 0x5F, 0x80, 0x17, 0xE0,
    0x05, 0xF8, 0x50, 0xF2, 0x0E, 0x6D, 0x81, 0x53, 0xE0, 0x95, 0xF8, 0x25, 0x7E, 0x09, 0x5F, 0x82,
    0x57, 0xE0, 0x95, 0xF8, 0x25, 0x7E, 0x09, 0x5F, 0x81, 0x03, 0xE0, 0x95, 0xF8, 0x25, 0x7E, 0x2A,
    0x6A, 0xF3, 0x00, 0x5B, 0x4E, 0x60, 0x0B, 0x70, 0x6F, 0x0F, 0x82, 0x6F, 0xE0, 0x83, 0xF8, 0x01,
    0x7E, 0x00, 0x5F, 0x80, 0x17, 0xE3, 0xDC, 0xB8, 0x5A, 0x67, 0x05, 0x87, 0x4D, 0x84, 0x25, 0x49,
    0xB0, 0xF7, 0xE8, 0x2A, 0x79, 0xE6, 0x84, 0x97, 0xF0, 0xC3, 0xFE, 0x5F, 0x15, 0x0F, 0x6F, 0xCA,
    0x2F, 0x80, 0xF6, 0xFC, 0x15, 0x3F, 0x0F, 0x6F, 0xC3, 0xDB, 0xF0, 0xF6, 0xFC, 0x14, 0x7F, 0x0F,
    0x6F, 0xC2, 0x73, 0xD0, 0xF2, 0xFC, 0x01, 0x59, 0x4F, 0x47, 0xC1, 0x17, 0xF0, 0x02, 0xFC, 0x00,
    0xBF, 0x28, 0xBF, 0xC0, 0x9D, 0xF1, 0x3B, 0xFC, 0x7B, 0x3B, 0x05, 0x7C, 0xA7, 0x53, 0x60, 0x46,
    0xFC, 0x0D, 0x1F, 0x09, 0xBF, 0xD2, 0xFF, 0x20, 0x65, 0xCE, 0x46, 0x0C, 0xB9, 0x82, 0x4F, 0xE0,
    0x93, 0xF8, 0x24, 0xFE, 0x09, 0x3F, 0x8A, 0x07, 0xE0, 0xFB, 0xF8, 0x26, 0xFE, 0x0F, 0x9F, 0x8A,
    0x06, 0x9E, 0x80, 0x0D, 0xCC, 0x14, 0xDF, 0x04, 0x77, 0xC0, 0x0B, 0xF0, 0x02, 0xFC, 0x00, 0xBF,
    0x0A, 0x25, 0xB1, 0x62, 0x7B, 0xA0, 0x6C, 0x35, 0x69, 0xC5, 0x89, 0xEE, 0x98, 0xB0, 0xF2, 0xFC,
    0x3C, 0xBF, 0x0F, 0x2F, 0xC2, 0x77, 0xF0, 0x56, 0xFC, 0xB9, 0x3F, 0x05, 0x3F, 0xC3, 0xBF, 0xF0,
    0x53, 0xFC, 0x3B, 0xFF, 0x13, 0xAF, 0xC4, 0xEB, 0xF0, 0xEC, 0xFC, 0x10, 0x5F, 0x00, 0x2F, 0xC0,
    0x0B, 0xF0, 0x9D, 0xFC, 0x09, 0xDF, 0xC7, 0x4C, 0x6C, 0xBA, 0x1F, 0xF4, 0x4A, 0xC9, 0x9D, 0xB2,
    0xE8, 0x0A, 0x87, 0x2D, 0x05, 0x97, 0x3E, 0x00, 0x29, 0x68, 0x6C, 0xB9, 0xEF, 0xF4, 0x4E, 0xCB,
    0x9D, 0x00, 0x24, 0xB3, 0xF6, 0x5C, 0xE0, 0x00, 0xA5, 0x9C, 0xB2, 0xE6, 0x80, 0x05, 0x2C, 0xC8,
    0x00, 0x65, 0x96, 0xB2, 0x80, 0x0A, 0x79, 0x4B, 0x2E, 0x60, 0x00, 0x52, 0xC9, 0xD9, 0x72, 0xE0,
    0x12, 0x96, 0x54, 0x05, 0x3E, 0x03, 0x4D, 0xAC, 0x99, 0x5B, 0x2E, 0x50, 0x05, 0x52, 0xCC, 0xD9,
    0x72, 0x60, 0x1F, 0xA6, 0x84, 0x04, 0xB4, 0x01, 0x84, 0xC0, 0x5B, 0x9D, 0x00, 0x0B, 0x69, 0x9E,
    0xB2, 0xE6, 0xC0, 0x05, 0x2C, 0xD0, 0x0C, 0x29, 0x98, 0x01, 0x75, 0x32, 0xA0, 0x2E, 0xC8, 0x32,
    0xBE, 0x05, 0x6A, 0x65, 0x80, 0x81, 0x40, 0x1D, 0xCA, 0xC9, 0x97, 0xB2, 0xE5, 0x0B, 0x3F, 0x6C,
    0xD0, 0x0C, 0x28, 0x06, 0x1C, 0x16, 0xBA, 0xC0, 0x63, 0xDE, 0x6C, 0x02, 0x96, 0x03, 0x2F, 0x01,
    0x13, 0xD0, 0x1C, 0xD6, 0xC9, 0x92, 0x01, 0x85, 0x32, 0x60, 0x30, 0xA0, 0x18, 0xA6, 0x01, 0x69,
    0x59, 0x72, 0x40, 0x62, 0xB8, 0x3D, 0xFE, 0x06, 0xAC, 0x02, 0x6E, 0x7A, 0x20, 0x1A, 0xD3, 0x42,
    0x06, 0xBF, 0x82, 0xE7, 0xE0, 0x1B, 0xA6, 0x5C, 0x0E, 0xB2, 0x89, 0x02, 0x92, 0xD9, 0x2B, 0x2A,
    0xB9, 0x6C, 0x06, 0xDB, 0x00, 0xE6, 0x79, 0x7B, 0x2E, 0x4C, 0x0C, 0x56, 0xCD, 0x59, 0x74, 0x40,
    0x27, 0xA0, 0x1C, 0x26, 0x03, 0x3B, 0x81, 0xAE, 0x40, 0x05, 0x90, 0x34, 0x30, 0x0B, 0xEF, 0x81,
    0xCB, 0x59, 0x50, 0x54, 0xD0, 0x0D, 0x9F, 0x03, 0x67, 0xC1, 0x9F, 0x9D, 0x10, 0x0C, 0x26, 0x02,
    0xC9, 0x85, 0x27, 0xE0, 0x2B, 0xA0, 0x1B, 0x67, 0x12, 0x06, 0xCF, 0x00, 0xC7, 0x30, 0x84, 0x5C,
    0x0C, 0x72, 0x08, 0x45, 0x40, 0xC3, 0x90, 0x2F, 0xFC, 0x05, 0xD3, 0x0B, 0x5E, 0xC0, 0xCB, 0x30,
    0x66, 0x58, 0x0C, 0xF2, 0x03, 0xC5, 0x81, 0xAD, 0xC0, 0x04, 0xDB, 0x32, 0x00, 0x8B, 0x01, 0x9E,
    0x40, 0x08, 0xB0, 0x1A, 0x64, 0x00, 0x9B, 0x01, 0xAE, 0x40, 0x09, 0xC6, 0x54, 0x01, 0x36, 0xCB,
    0x04, 0x36, 0x40, 0x1C, 0xB5, 0x97, 0x24, 0x02, 0x6C, 0x68, 0x46, 0xB9, 0xB1, 0x2F, 0xCC, 0x55,
    0xB3, 0x13, 0x04, 0xC5, 0x5F, 0x31, 0xAF, 0x7C, 0x4C, 0x9F, 0x1A, 0xF7, 0xC5, 0x17, 0xF1, 0xAF,
    0x7C, 0x44, 0x5F, 0x11, 0x17, 0xC5, 0x95, 0xF1, 0x65, 0x7C, 0x59, 0x5F, 0x11, 0x17, 0xC5, 0x95,
    0xF1, 0x61, 0x7C, 0x6B, 0xDF, 0x11, 0x17, 0xC0, 0x0B, 0xF0, 0x02, 0xFC, 0x00, 0xBF, 0x1A, 0xF7,
    0xC6, 0xBD, 0xF0, 0x44, 0xFC, 0x6B, 0xDF, 0x04, 0x6F, 0xC6, 0xBD, 0xF1, 0xAF, 0x7C, 0x6B, 0xDF,
    0x04, 0x9F, 0xC1, 0x27, 0xF0, 0x5C, 0x7C, 0x12, 0x7F, 0x1A, 0xF7, 0xC6, 0xBD, 0xF0, 0x7C, 0xFC,
    0x6B, 0xDF, 0x1A, 0xF7, 0xCB, 0xB5, 0xF0, 0x4A, 0x7C, 0x00, 0xBF, 0x00, 0x2F, 0xC6, 0xBD, 0xF1,
    0xAF, 0x7C, 0x6B, 0xDF, 0x1A, 0xF7, 0xC6, 0xBD, 0xF0, 0x9D, 0xFC, 0x15, 0xBF, 0x1A, 0xF7, 0xC1,
    0x4F, 0xF1, 0xAF, 0x7C, 0x04, 0x9F, 0x1A, 0xF7, 0xC6, 0xBD, 0xF0, 0x9D, 0xFC, 0x6B, 0xDF, 0x03,
    0xE7, 0xC0, 0x0B, 0xF0, 0x02, 0xFC, 0x00, 0xBF, 0x15, 0x27, 0xC6, 0xBD, 0xF1, 0xAF, 0x7C, 0x6B,
    0xDF, 0x1A, 0xF7, 0xC6, 0xBD, 0xF1, 0xAF, 0x7C, 0x6B, 0xDF, 0x1A, 0xF7, 0xC6, 0xBD, 0xF1, 0xAF,
    0x7C, 0x19, 0x5F, 0x1A, 0xF5, 0x85, 0xF5, 0x31, 0xAF, 0x7C, 0x6B, 0xDF, 0x1A, 0xF7, 0xC6, 0xBD,
    0xF1, 0xAF, 0x7C, 0x6B, 0xDF, 0x17, 0x8F, 0xC6, 0xBD, 0xF1, 0xAF, 0x7C, 0x6B, 0xDF, 0x1A, 0xF7,
    0xC6, 0xBD, 0xF1, 0xAF, 0x7C, 0x6B, 0xDF, 0x1A, 0xF7, 0xC6, 0xBD, 0xF1, 0xAF, 0x7C, 0x6B, 0xDF,
    0x1A, 0xF7, 0xC0, 0xD9, 0xF0, 0x36, 0x7C, 0x6B, 0xDF, 0x1A, 0xF7, 0xC6, 0xBD, 0xF1, 0xAF, 0x7C,
    0x6B, 0xDF, 0x1A, 0xF7, 0xC6, 0xBD, 0xF1, 0xAF, 0x7C, 0x6B, 0xDF, 0x1A, 0xF7, 0xC6, 0xBD, 0xF1,
    0xAF, 0x7C, 0x6B, 0xDF, 0x1A, 0xF7, 0xC6, 0xBD, 0xF4, 0xB2, 0xC9, 0x13, 0xB2, 0x76, 0x4C, 0x91,
    0x3B, 0x28, 0xE0, 0x85, 0xE8, 0x96, 0x3F, 0x89, 0x8B, 0xE3, 0x5C, 0xFA, 0x2A, 0x7E, 0x2C, 0xEF,
    0x87, 0xEF, 0xE2, 0x20, 0xF8, 0xB2, 0x3E, 0x2C, 0x8F, 0x8D, 0x73, 0xE9, 0x4B, 0xEA, 0x4A, 0xF0,
    0x04, 0x4F, 0x8D, 0x8B, 0xE3, 0x62, 0xF8, 0x89, 0xBE, 0x00, 0x5F, 0x80, 0x17, 0xE0, 0x05, 0xFA,
    0x4F, 0xFE, 0x98, 0xFA, 0x56, 0x67, 0x4A, 0x61, 0x98, 0x16, 0xBE, 0x36, 0x8F, 0x82, 0x57, 0xE0,
    0x95, 0xF8, 0x25, 0x7E, 0x09, 0x5F, 0x82, 0x57, 0xE0, 0x95, 0xF8, 0x25, 0x7E, 0x35, 0xEF, 0x8D,
    0x7B, 0xAB, 0x96, 0x90, 0xC5, 0x68, 0x05, 0xCB, 0x8D, 0x7B, 0xE3, 0x5E, 0xFA, 0x4F, 0xE8, 0x0A,
    0x2F, 0x8D, 0x7B, 0xE0, 0x05, 0xF8, 0x01, 0x7E, 0x00, 0x5F, 0xA4, 0xE7, 0x92, 0x38, 0x74, 0xB8,
    0x7A, 0xF4, 0x68, 0xD4, 0xD2, 0x73, 0xF1, 0xAF, 0x7C, 0x14, 0xFF, 0x14, 0x9F, 0xC1, 0x4F, 0xF1,
    0xAF, 0x7C, 0x6B, 0xDF, 0x1A, 0xF7, 0xC1, 0x4F, 0xF1, 0xAF, 0x7C, 0x6B, 0xDF, 0x1A, 0xF7, 0xC6,
    0xBD, 0xF0, 0x3E, 0x7C, 0x00, 0xBF, 0x00, 0x2F, 0xC0, 0x0B, 0xF1, 0xAF, 0x7C, 0x11, 0x3F, 0x02,
    0x57, 0xC1, 0x13, 0xF0, 0x44, 0xFC, 0x11, 0x3F, 0x04, 0x4F, 0xC1, 0x13, 0xF0, 0x1D, 0x7C, 0x11,
    0x3F, 0x04, 0x4F, 0xC1, 0x13, 0xF0, 0x44, 0xFC, 0x11, 0x3F, 0x00, 0x2F, 0xC0, 0x0B, 0xF0, 0x02,
    0xFD, 0x79, 0x7F, 0x58, 0x27, 0x04, 0xCB, 0xF0, 0xB4, 0xFC, 0x4C, 0xBF, 0x2E, 0x17, 0xC3, 0x9F,
    0xF0, 0x4E, 0xFC, 0x13, 0xBF, 0x0E, 0x7F, 0xC3, 0x9F, 0xF2, 0x97, 0x7C, 0x4C, 0xBF, 0x13, 0x2F,
    0xC0, 0x89, 0x90, 0xE6, 0xFC, 0x4C, 0xBF, 0x05, 0x1F, 0xC0, 0x0B, 0xF0, 0x02, 0xFC, 0x00, 0xBF,
    0x13, 0x2F, 0xC4, 0xCB, 0xF1, 0x32, 0xFC, 0x0A, 0x1F, 0x13, 0x2F, 0xC0, 0xE1, 0xF0, 0x4A, 0xFC,
    0x12, 0xBF, 0x04, 0xAF, 0xC0, 0x75, 0xF2, 0x8E, 0x7C, 0x07, 0xDF, 0x13, 0x2F, 0xC1, 0x2F, 0xF0,
    0x7D, 0xFC, 0x4C, 0xBF, 0x13, 0x2F, 0xC1, 0x15, 0xF0, 0x02, 0xFC, 0x00, 0xBF, 0x00, 0x2F, 0xC4,
    0xCB, 0xF1, 0x32, 0xFC, 0x3B, 0x7F, 0x0C, 0xE7, 0xC3, 0xB7, 0xF0, 0x41, 0x7C, 0x14, 0xFF, 0x0E,
    0xDF, 0xC3, 0xB7, 0xF0, 0xED, 0xFC, 0x3B, 0x7F, 0x01, 0xF7, 0xC3, 0xB7, 0xF0, 0xED, 0xFC, 0x26,
    0xFF, 0x00, 0x2F, 0xC0, 0x0B, 0xF0, 0x02, 0xFC, 0x4C, 0xBF, 0x04, 0x4F, 0xC1, 0x13, 0xF0, 0x44,
    0xFC, 0x11, 0x3F, 0x04, 0x4F, 0xC1, 0x13, 0xF0, 0x44, 0xFC, 0x07, 0x5F, 0x04, 0x4F, 0xC1, 0x13,
    0xF0, 0x44, 0xFC, 0x11, 0x3F, 0x04, 0x4F, 0xC0, 0xEF, 0xF0, 0x02, 0xFC, 0x00, 0xBF, 0x08, 0xF7,
    0xC4, 0xCB, 0x48, 0x74, 0xEA, 0x1C, 0x26, 0x1F, 0x85, 0x97, 0xE2, 0x61, 0xF8, 0x63, 0x3E, 0x26,
    0x1F, 0x82, 0x67, 0xE0, 0x99, 0xF8, 0x72, 0xFE, 0x1C, 0xBF, 0x87, 0x2F, 0xE0, 0x99, 0xF8, 0x72,
    0xFE, 0x1C, 0x3F, 0x89, 0x6F, 0xE0, 0x99, 0xF8, 0x01, 0x7E, 0x00, 0x5F, 0x80, 0x17, 0xE8, 0x24,
    0xF8, 0x95, 0x7E, 0x08, 0x9F, 0x89, 0x57, 0xE0, 0x89, 0xF8, 0x22, 0x7E, 0x08, 0x9F, 0x82, 0x27,
    0xE0, 0x3A, 0xF8, 0x22, 0x7E, 0x08, 0x9F, 0x89, 0x56, 0xE0, 0x8B, 0xF8, 0x3A, 0x7E, 0x24, 0xFF,
    0x89, 0x3F, 0xE0, 0x7E, 0xF8, 0x01, 0x7E, 0x00, 0x5F, 0x80, 0x17, 0xE2, 0x4F, 0xA8, 0x92, 0x7E,
    0x1B, 0xFF, 0x86, 0x03, 0xE1, 0xBF, 0xF8, 0x26, 0xFE, 0x09, 0xBF, 0x86, 0xFF, 0xE1, 0xBF, 0xF8,
    0x6F, 0xFE, 0x1B, 0xFF, 0x84, 0x97, 0xE1, 0xBF, 0xF8, 0x6F, 0xFE, 0x07, 0x6F, 0x80, 0x17, 0xE0,
    0x05, 0xF8, 0x01, 0x7E, 0x24, 0x9F, 0x82, 0x27, 0xE0, 0x89, 0xF8, 0x22, 0x7E, 0x08, 0x9F, 0x82,
    0x27, 0xE0, 0x89, 0xF8, 0x22, 0x7E, 0x03, 0xAF, 0x82, 0x27, 0xE0, 0x3E, 0xF8, 0x22, 0x7E, 0x08,
    0x9F, 0x82, 0x27, 0xE0, 0x05, 0xF8, 0x01, 0x7E, 0x00, 0x5F, 0x89, 0x27, 0xE1, 0x45, 0x98, 0x91,
    0xFE, 0x15, 0xDF, 0x89, 0x1F, 0xE2, 0x47, 0xF8, 0x6F, 0x7E, 0x09, 0x7F, 0x82, 0x5F, 0xE1, 0xBD,
    0xF8, 0x6F, 0x7E, 0x04, 0x3F, 0x86, 0xF7, 0xE0, 0x97, 0xF8, 0x6E, 0xFE, 0x24, 0x7F, 0x81, 0xFF,
    0xE0, 0x05, 0xF8, 0x01, 0x7E, 0x00, 0x5F, 0x89, 0x1F, 0xE1, 0x21, 0xF8, 0x22, 0x7E, 0x24, 0x7F,
    0x82, 0x27, 0xE0, 0x89, 0xF8, 0x22, 0x7E, 0x08, 0x9F, 0x80, 0xEB, 0xE0, 0x89, 0xF8, 0x0F, 0xBE,
    0x24, 0x7F, 0x83, 0xA7, 0xE2, 0x47, 0xF8, 0x91, 0xFE, 0x24, 0x7F, 0x80, 0x17, 0xE0, 0x05, 0xF8,
    0x01, 0x7E, 0x24, 0x7F, 0x89, 0x1F, 0xE1, 0xBD, 0xF8, 0x6F, 0x7E, 0x09, 0xBF, 0x82, 0x6F, 0xE1,
    0xBD, 0xF8, 0x6F, 0x7E, 0x1B, 0xDF, 0x82, 0x6F, 0xE1, 0xBD, 0xF8, 0x6F, 0x7E, 0x1B, 0xDF, 0x86,
    0xF7, 0xE0, 0x76, 0xF8, 0x01, 0x7E, 0x00, 0x5F, 0x80, 0x17, 0xE2, 0x47, 0xF8, 0x22, 0x7E, 0x04,
    0xAF, 0x82, 0x27, 0xE0, 0x89, 0xF8, 0x22, 0x7E, 0x08, 0x9F, 0x82, 0x27, 0xE0, 0x89, 0xF8, 0x22,
    0x7E, 0x08, 0x9F, 0x82, 0x27, 0xE0, 0x89, 0xF8, 0x1C, 0x7E, 0x00, 0x5F, 0x80, 0x17, 0xE0, 0x05,
    0xF8, 0x46, 0x31, 0x12, 0x12, 0x2F, 0x22, 0x21, 0xB1, 0xF8, 0x53, 0xEA, 0x1A, 0xFC, 0x82, 0x17,
    0x20, 0x5F, 0x98, 0x20, 0xE6, 0x00, 0x3B, 0x06, 0x9F, 0x41, 0xA3, 0xF8, 0x08, 0x64, 0x01, 0xAF,
    0x86, 0x7E, 0x82, 0x27, 0xF8, 0x0B, 0xB4, 0x22, 0x5E, 0x01, 0x5A, 0x60, 0x30, 0x98, 0x00, 0xFE,
    0x00, 0x3F, 0x80, 0x0E, 0xE0, 0x3A, 0xF8, 0x09, 0xBC, 0x06, 0x5F, 0x81, 0x97, 0xE0, 0x65, 0xF8,
    0x19, 0x7E, 0x01, 0xAF, 0x81, 0x97, 0xE0, 0x65, 0xF8, 0x19, 0x7E, 0x05, 0x9F, 0x80, 0x0F, 0xE0,
    0x65, 0xF0, 0x79, 0x67, 0x3C, 0xE4, 0xDE, 0x20, 0x21, 0xE7, 0xAC, 0x6E, 0xA5, 0x6A, 0x80, 0x85,
    0x77, 0xE1, 0x08, 0xA8, 0x56, 0xF2, 0x05, 0x0F, 0x81, 0xAF, 0x92, 0xE9, 0xE7, 0x2A, 0xF1, 0x02,
    0x00, 0xCC, 0xE3, 0x75, 0x3B, 0x54, 0x08, 0x0D, 0xFE, 0x01, 0x2D, 0x40, 0x3D, 0xF0, 0xA7, 0xD0,
    0x29, 0xBD, 0x9E, 0x72, 0xEF, 0x10, 0x30, 0x1A, 0x4E, 0x37, 0x54, 0xB5, 0x06, 0x3B, 0x21, 0x4F,
    0xE0, 0x18, 0xFE, 0x00, 0x3F, 0x80, 0x0F, 0xE0, 0x3E, 0xF8, 0x0C, 0xED, 0xCC, 0xBC, 0x41, 0x00,
    0xAB, 0x4A, 0xAD, 0xAA, 0x08, 0x07, 0x1F, 0x81, 0xC7, 0xE0, 0x71, 0xD8, 0x71, 0x6A, 0x06, 0xDE,
    0xCF, 0x39, 0xB7, 0x88, 0x28, 0x09, 0x69, 0x56, 0xB5, 0x41, 0x43, 0x87, 0x90, 0x38, 0xFC, 0x37,
    0xFD, 0x03, 0x6F, 0xC0, 0xDB, 0xF0, 0x01, 0xFC, 0x00, 0x7F, 0x07, 0x0E, 0x03, 0x61, 0x29, 0xE7,
    0x3E, 0xF1, 0x07, 0x0D, 0x95, 0x63, 0x75, 0x8B, 0x54, 0x1C, 0x36, 0x7F, 0x0A, 0x6F, 0xC0, 0xDF,
    0xF0, 0xA6, 0xF6, 0x79, 0xD0, 0xBC, 0x42, 0x00, 0x33, 0x38, 0xDD, 0x66, 0xD5, 0x08, 0x0A, 0x8F,
    0xC2, 0xA3, 0xF0, 0xA8, 0xFC, 0x05, 0x3F, 0x01, 0x4E, 0x3A, 0x37, 0x88, 0x48, 0x0F, 0x27, 0x1B,
    0xAD, 0x5A, 0xA1, 0x20, 0x4E, 0xF8, 0x57, 0x7E, 0x00, 0x3F, 0x80, 0x0F, 0xE1, 0xC3, 0xCC, 0xF3,
    0xA5, 0x78, 0x85, 0x01, 0x52, 0x95, 0xBB, 0x54, 0x28, 0x05, 0x5F, 0x03, 0xCF, 0xC0, 0xB5, 0xF0,
    0x27, 0xFB, 0xA7, 0x78, 0x85, 0x80, 0x92, 0x95, 0xCB, 0x54, 0x2C, 0x0F, 0x3F, 0x9E, 0x75, 0x2F,
    0x10, 0xC0, 0x3D, 0xFC, 0x0F, 0x79, 0x8D, 0xD7, 0x6D, 0x50, 0xC0, 0xE7, 0xF6, 0x79, 0xD5, 0xBC,
    0x43, 0x40, 0xEB, 0x4A, 0xF5, 0xAA, 0x1A, 0x1D, 0x3E, 0xCF, 0x3A, 0xD7, 0x88, 0x70, 0x06, 0x69,
    0x5F, 0xB5, 0x43, 0x80, 0xF3, 0xF0, 0x01, 0xFC, 0x00, 0x7F, 0x0E, 0xBE, 0xBB, 0x17, 0x88, 0x80,
    0x75, 0xED, 0x61, 0xB5, 0x44, 0x00, 0x95, 0xF0, 0xE3, 0xFB, 0xB5, 0x78, 0x89, 0x05, 0x2E, 0x96,
    0x3B, 0x54, 0x48, 0x1A, 0x1F, 0x00, 0xA6, 0x43, 0x6D, 0x4B, 0x35, 0xAA, 0x2A, 0x02, 0x5F, 0x80,
    0x97, 0xDD, 0xFB, 0xC4, 0x5C, 0x04, 0xB4, 0xB4, 0x5A, 0xA2, 0xE0, 0x10, 0xC4, 0x4C, 0x05, 0x5F,
    0x00, 0xAD, 0xBD, 0x37, 0x89, 0x08, 0x05, 0x69, 0x72, 0xB5, 0x48, 0x40, 0x55, 0xF0, 0xC3, 0xF8,
    0x03, 0x78, 0x01, 0x17, 0xC3, 0x25, 0x58, 0xDD, 0xDE, 0xD5, 0x26, 0x01, 0x07, 0xC0, 0x2B, 0x5F,
    0xFC, 0x03, 0xFD, 0x2B, 0xD3, 0x43, 0x7E, 0x90, 0x30, 0x05, 0x4C, 0x00, 0xB2, 0x81, 0xE9, 0xA2,
    0x1F, 0x48, 0x37, 0xFA, 0xC6, 0x00, 0xE9, 0x71, 0xF4, 0xD1, 0x3F, 0xA4, 0x27, 0xFD, 0x9F, 0x00,
    0xAC, 0xB1, 0x7A, 0x68, 0xB7, 0xD2, 0x19, 0xFE, 0xED, 0x80, 0x26, 0x54, 0xFD, 0x34, 0x67, 0xE9,
    0x0F, 0x00, 0x94, 0xA2, 0xE0, 0xA5, 0x9E, 0x9A, 0x39, 0xF4, 0x89, 0x00, 0x7A, 0x91, 0xFF, 0xA4,
    0x54, 0x03, 0xD2, 0x01, 0x24, 0xE0, 0x7A, 0x69, 0x17, 0xD2, 0x30, 0x01, 0xE9, 0x44, 0x40, 0x3D,
    0x29, 0x2F, 0xD2, 0x36, 0x01, 0xE9, 0x01, 0x4E, 0x5A, 0x69, 0x47, 0xD2, 0x3C, 0x01, 0xE9, 0x44,
    0x40, 0x3D, 0x29, 0x5F, 0xD2, 0x42, 0x01, 0xEA, 0x01, 0xE2, 0x72, 0xEF, 0xA4, 0x90, 0x03, 0xD4,
    0x98, 0xFD, 0x24, 0xE0, 0x3D, 0xC4, 0xD3, 0xE9, 0x2A, 0x01, 0xED, 0xA6, 0xFF, 0x49, 0x68, 0x0F,
    0x69, 0x5B,
};

#endif
