/* Auto-generated by tools/dro2hdr from capture\doom_loop.dro.
 * Total events : 14683
 * Total length : 52296 ms (52.3 s)
 * Original DRO : 52296 ms
 * Do not edit.
 */
#ifndef opl_doom_setup_song_H
#define opl_doom_setup_song_H

#include "seq_player.h"

static const opl_event opl_doom_setup_song[] = {
    {0x001,0x20,    0},    {0x008,0x40,    0},    {0x020,0x60,    0},    {0x021,0x20,    0},
    {0x022,0x70,    0},    {0x023,0x60,    0},    {0x024,0x60,    0},    {0x025,0x60,    0},
    {0x028,0x20,    0},    {0x029,0x30,    0},    {0x02A,0xF0,    0},    {0x02B,0x60,    0},
    {0x02C,0x20,    0},    {0x02D,0x61,    0},    {0x030,0x60,    0},    {0x031,0x60,    0},
    {0x032,0x30,    0},    {0x033,0x60,    0},    {0x034,0x60,    0},    {0x035,0x20,    0},
    {0x040,0x56,    0},    {0x041,0x92,    0},    {0x042,0x89,    0},    {0x043,0x58,    0},
    {0x044,0xD8,    0},    {0x045,0x75,    0},    {0x048,0x92,    0},    {0x049,0x97,    0},
    {0x04A,0x89,    0},    {0x04B,0xD8,    0},    {0x04C,0x18,    0},    {0x04D,0x75,    0},
    {0x050,0x56,    0},    {0x051,0x56,    0},    {0x052,0x97,    0},    {0x053,0x58,    0},
    {0x054,0x58,    0},    {0x055,0x16,    0},    {0x060,0x90,    0},    {0x061,0x90,    0},
    {0x062,0xB3,    0},    {0x063,0x70,    0},    {0x064,0x70,    0},    {0x065,0x93,    0},
    {0x068,0x90,    0},    {0x069,0xF8,    0},    {0x06A,0xC3,    0},    {0x06B,0x70,    0},
    {0x06C,0x76,    0},    {0x06D,0x83,    0},    {0x070,0x90,    0},    {0x071,0x90,    0},
    {0x072,0xF8,    0},    {0x073,0x70,    0},    {0x074,0x70,    0},    {0x075,0x76,    0},
    {0x080,0x54,    0},    {0x081,0x54,    0},    {0x082,0x01,    0},    {0x083,0x04,    0},
    {0x084,0x04,    0},    {0x085,0x05,    0},    {0x088,0x54,    0},    {0x089,0xF9,    0},
    {0x08A,0x01,    0},    {0x08B,0x04,    0},    {0x08C,0xE6,    0},    {0x08D,0x05,    0},
    {0x090,0x54,    0},    {0x091,0x54,    0},    {0x092,0xF9,    0},    {0x093,0x04,    0},
    {0x094,0x04,    0},    {0x095,0xE6,    0},    {0x0A0,0x04,    0},    {0x0A1,0x09,    0},
    {0x0A2,0x3B,    0},    {0x0A3,0x6C,    0},    {0x0A4,0x44,    0},    {0x0A5,0x34,    0},
    {0x0A6,0x65,    0},    {0x0A7,0x98,    0},    {0x0A8,0x23,    0},    {0x0B0,0x16,    0},
    {0x0B1,0x16,    0},    {0x0B2,0x1B,    0},    {0x0B3,0x13,    0},    {0x0B4,0x0E,    0},
    {0x0B5,0x17,    0},    {0x0B6,0x13,    0},    {0x0B7,0x13,    0},    {0x0B8,0x0E,    0},
    {0x0C0,0x30,    0},    {0x0C1,0x30,    0},    {0x0C2,0x36,    0},    {0x0C3,0x30,    0},
    {0x0C4,0x3E,    0},    {0x0C5,0x36,    0},    {0x0C6,0x30,    0},    {0x0C7,0x30,    0},
    {0x0C8,0x3E,    0},    {0x0E0,0x00,    0},    {0x0E1,0x00,    0},    {0x0E2,0x02,    0},
    {0x0E5,0x01,    0},    {0x0E8,0x00,    0},    {0x0E9,0x02,    0},    {0x0EA,0x02,    0},
    {0x0F0,0x00,    0},    {0x0F1,0x00,    0},    {0x0F2,0x02,    0},    {0x054,0xBF,    0},
    {0x034,0x30,    0},    {0x074,0xE1,    0},    {0x094,0xD6,    0},    {0x051,0x8F,    0},
    {0x031,0x20,    0},    {0x071,0xE0,    0},    {0x091,0x14,    0},    {0x0C7,0x38,    0},
    {0x054,0x88,    0},    {0x0A7,0x65,    0},    {0x0B7,0x2B,    0},    {0x055,0x3F,    0},
    {0x035,0x00,    0},    {0x075,0xF9,    0},    {0x095,0x06,    0},    {0x052,0x00,    0},
    {0x032,0x00,    0},    {0x072,0xFA,    0},    {0x092,0x47,    1},    {0x0F2,0x00,    0},
    {0x0C8,0x36,    0},    {0x055,0x07,    0},    {0x0A8,0xDA,    0},    {0x0B8,0x26,    0},
    {0x04B,0x3F,    0},    {0x02B,0x00,    0},    {0x06B,0x00,    0},    {0x08B,0xF0,    0},
    {0x048,0x3F,    0},    {0x028,0x00,    0},    {0x068,0x00,    0},    {0x088,0xF0,    0},
    {0x04B,0x09,    0},    {0x0A3,0xB1,    0},    {0x0B3,0x2A,    0},    {0x053,0x3F,    0},
    {0x033,0x00,    0},    {0x073,0xF7,    0},    {0x093,0xFA,    1},    {0x050,0x00,    0},
    {0x030,0x06,    0},    {0x070,0xAA,    0},    {0x090,0xFF,    0},    {0x0C6,0x3E,    0},
    {0x053,0x09,    0},    {0x0A6,0xB1,    0},    {0x0B6,0x2A,    0},    {0x04C,0x3F,    0},
    {0x02C,0x03,    0},    {0x06C,0xF7,    0},    {0x08C,0x38,    0},    {0x0EC,0x01,    0},
    {0x049,0x3F,    0},    {0x029,0x02,    0},    {0x069,0xF5,    0},    {0x089,0x6C,    0},
    {0x0E9,0x00,    0},    {0x0C4,0x37,    0},    {0x04C,0x08,    1},    {0x049,0x08,    0},
    {0x0A4,0x34,    0},    {0x0B4,0x23,    0},    {0x045,0x3F,    0},    {0x025,0x51,    0},
    {0x065,0xF0,    0},    {0x085,0xFF,    0},    {0x042,0x06,    0},    {0x022,0x10,    0},
    {0x062,0xF1,    0},    {0x082,0xFF,    0},    {0x0E2,0x00,    0},    {0x0C2,0x32,    0},
    {0x045,0x0A,    0},    {0x0A2,0x65,    0},    {0x0B2,0x2B,   39},    {0x0B2,0x0B,   50},
    {0x0B7,0x0B,   29},    {0x0B8,0x06,   14},    {0x04D,0x3F,    0},    {0x02D,0x51,    0},
    {0x06D,0xF0,    0},    {0x08D,0xFF,    0},    {0x0ED,0x01,    0},    {0x04A,0x06,    0},
    {0x02A,0x10,    0},    {0x06A,0xF1,    1},    {0x08A,0xFF,    0},    {0x0EA,0x00,    0},
    {0x0C5,0x32,    0},    {0x04D,0x09,    0},    {0x0A5,0x65,    0},    {0x0B5,0x2B,    6},
    {0x0B3,0x0A,    0},    {0x0B6,0x0A,    7},    {0x0B4,0x03,  122},    {0x044,0x3F,    0},
    {0x024,0x51,    0},    {0x064,0xF0,    0},    {0x084,0xFF,    0},    {0x0E4,0x01,    0},
    {0x041,0x06,    0},    {0x021,0x10,    0},    {0x061,0xF1,    0},    {0x081,0xFF,    0},
    {0x0C1,0x32,    0},    {0x044,0x09,    0},    {0x0A1,0x65,    0},    {0x0B1,0x2F,   21},
    {0x0B5,0x0B,  114},    {0x0B1,0x0F,    8},    {0x043,0x3F,    0},    {0x023,0x51,    0},
    {0x063,0xF0,    0},    {0x083,0xFF,    0},    {0x0E3,0x01,    0},    {0x040,0x06,    0},
    {0x020,0x10,    0},    {0x060,0xF1,    0},    {0x080,0xFF,    0},    {0x0C0,0x32,    0},
    {0x043,0x0A,    0},    {0x0A0,0x65,    0},    {0x0B0,0x2B,   42},    {0x0B0,0x0B,   93},
    {0x0B2,0x2B,  136},    {0x054,0x3F,    0},    {0x034,0x51,    0},    {0x074,0xF0,    0},
    {0x094,0xFF,    0},    {0x0F4,0x01,    0},    {0x051,0x06,    0},    {0x031,0x10,    0},
    {0x071,0xF1,    0},    {0x091,0xFF,    0},    {0x0C7,0x32,    0},    {0x054,0x0A,    1},
    {0x0A7,0x06,    0},    {0x0B7,0x2F,   13},    {0x0B2,0x0B,  107},    {0x0B7,0x0F,   15},
    {0x055,0x3F,    0},    {0x035,0x51,    0},    {0x075,0xF0,    0},    {0x095,0xFF,    0},
    {0x0F5,0x01,    0},    {0x052,0x06,    0},    {0x032,0x10,    0},    {0x072,0xF1,    0},
    {0x092,0xFF,    0},    {0x0C8,0x32,    0},    {0x055,0x0B,    0},    {0x0A8,0x65,    0},
    {0x0B8,0x2B,   43},    {0x0B8,0x0B,   92},    {0x04B,0x3F,    0},    {0x02B,0x51,    1},
    {0x06B,0xF0,    0},    {0x08B,0xFF,    0},    {0x0EB,0x01,    0},    {0x048,0x06,    0},
    {0x028,0x10,    0},    {0x068,0xF1,    0},    {0x088,0xFF,    0},    {0x0C3,0x32,    0},
    {0x04B,0x0A,    0},    {0x0A3,0x65,    0},    {0x0B3,0x2B,  135},    {0x053,0x3F,    0},
    {0x033,0x51,    0},    {0x073,0xF0,    0},    {0x093,0xFF,    0},    {0x0F3,0x01,    0},
    {0x050,0x06,    0},    {0x030,0x10,    0},    {0x070,0xF1,    1},    {0x0C6,0x32,    0},
    {0x053,0x09,    0},    {0x0B6,0x2E,    0},    {0x0B3,0x0B,  128},    {0x0B6,0x0E,    7},
    {0x04C,0x3F,    0},    {0x02C,0x51,    0},    {0x06C,0xF0,    0},    {0x08C,0xFF,    0},
    {0x049,0x06,    0},    {0x029,0x10,    0},    {0x069,0xF1,    0},    {0x089,0xFF,    0},
    {0x0C4,0x32,    0},    {0x04C,0x0A,    0},    {0x0A4,0x65,    0},    {0x0B4,0x2B,   43},
    {0x0B4,0x0B,   93},    {0x04D,0x0A,    0},    {0x0B5,0x2B,  135},    {0x044,0x0A,    0},
    {0x0A1,0x66,    0},    {0x0B1,0x2E,   15},    {0x0B5,0x0B,  121},    {0x0B1,0x0E,    0},
    {0x0B0,0x2B,   57},    {0x0B0,0x0B,   79},    {0x0B2,0x2B,  142},    {0x0A7,0x8B,    1},
    {0x0B7,0x2E,  128},    {0x0B7,0x0E,    7},    {0x055,0x08,    0},    {0x0A8,0xB1,    0},
    {0x0B8,0x2E,   93},    {0x0B2,0x0B,   29},    {0x0B8,0x0E,    7},    {0x04B,0xBF,    0},
    {0x02B,0x30,    0},    {0x06B,0xE1,    0},    {0x08B,0xD6,    0},    {0x0EB,0x00,    0},
    {0x048,0x8F,    0},    {0x028,0x20,    0},    {0x068,0xE0,    0},    {0x088,0x14,    0},
    {0x0C3,0x38,    0},    {0x04B,0x86,    0},    {0x0B3,0x2B,    0},    {0x053,0x3F,    0},
    {0x033,0x00,    0},    {0x073,0xF9,    0},    {0x093,0x06,    1},    {0x0F3,0x00,    0},
    {0x050,0x00,    0},    {0x030,0x00,    0},    {0x070,0xFA,    0},    {0x090,0x47,    0},
    {0x0C6,0x36,    0},    {0x053,0x07,    0},    {0x0A6,0xDA,    0},    {0x0B6,0x26,    0},
    {0x04C,0x3F,    0},    {0x02C,0x03,    0},    {0x06C,0xF7,    0},    {0x08C,0x38,    0},
    {0x049,0x3F,    0},    {0x029,0x02,    0},    {0x069,0xF5,    0},    {0x089,0x6C,    0},
    {0x0C4,0x37,    0},    {0x04C,0x07,    0},    {0x049,0x07,    1},    {0x0A4,0x34,    0},
    {0x0B4,0x23,    0},    {0x04D,0x3F,    0},    {0x02D,0x00,    0},    {0x06D,0x00,    0},
    {0x08D,0xF0,    0},    {0x0ED,0x00,    0},    {0x04A,0x3F,    0},    {0x02A,0x00,    0},
    {0x06A,0x00,    0},    {0x08A,0xF0,    0},    {0x0C5,0x30,    0},    {0x04D,0x07,    0},
    {0x0A5,0xB1,    0},    {0x0B5,0x2A,    0},    {0x044,0x3F,    0},    {0x024,0x00,    0},
    {0x064,0xF7,    0},    {0x084,0xFA,    0},    {0x0E4,0x00,    0},    {0x041,0x00,    0},
    {0x021,0x06,    1},    {0x061,0xAA,    0},    {0x0C1,0x3E,    0},    {0x044,0x07,    0},
    {0x0A1,0xB1,    0},    {0x0B1,0x2A,    4},    {0x0B0,0x2B,   28},    {0x0B0,0x0B,   72},
    {0x0B6,0x06,    0},    {0x0B4,0x03,   14},    {0x0B5,0x0A,    0},    {0x0B1,0x0A,   14},
    {0x0B3,0x0B,    8},    {0x0A7,0x65,    0},    {0x0B7,0x2B,  135},    {0x045,0x09,    0},
    {0x0B2,0x2F,   29},    {0x0B7,0x0B,   93},    {0x0B2,0x0F,   14},    {0x055,0x0B,    0},
    {0x0A8,0x65,    0},    {0x0B8,0x2B,   43},    {0x0B8,0x0B,   93},    {0x0B0,0x2B,  135},
    {0x053,0x3F,    0},    {0x033,0x51,    0},    {0x073,0xF0,    1},    {0x093,0xFF,    0},
    {0x0F3,0x01,    0},    {0x050,0x06,    0},    {0x030,0x10,    0},    {0x070,0xF1,    0},
    {0x090,0xFF,    0},    {0x0C6,0x32,    0},    {0x053,0x0B,    0},    {0x0A6,0x06,    0},
    {0x0B6,0x2F,   21},    {0x0B0,0x0B,  114},    {0x0B6,0x0F,    0},    {0x04C,0x3F,    0},
    {0x02C,0x51,    0},    {0x06C,0xF0,    0},    {0x08C,0xFF,    0},    {0x049,0x06,    0},
    {0x029,0x10,    0},    {0x069,0xF1,    1},    {0x089,0xFF,    0},    {0x0C4,0x32,    0},
    {0x04C,0x09,    0},    {0x0A4,0x65,    0},    {0x0B4,0x2B,   42},    {0x0B4,0x0B,   93},
    {0x04D,0x3F,    0},    {0x02D,0x51,    0},    {0x06D,0xF0,    0},    {0x08D,0xFF,    0},
    {0x0ED,0x01,    0},    {0x04A,0x06,    0},    {0x02A,0x10,    0},    {0x06A,0xF1,    0},
    {0x08A,0xFF,    0},    {0x0C5,0x32,    0},    {0x04D,0x0B,    0},    {0x0A5,0x65,    0},
    {0x0B5,0x2B,  136},    {0x0B5,0x0B,    0},    {0x044,0x3F,    0},    {0x024,0x51,    0},
    {0x064,0xF0,    0},    {0x084,0xFF,    0},    {0x0E4,0x01,    0},    {0x041,0x06,    0},
    {0x021,0x10,    0},    {0x061,0xF1,    0},    {0x0C1,0x32,    0},    {0x044,0x08,    0},
    {0x0B1,0x2E,  114},    {0x0B1,0x0E,   28},    {0x04B,0x3F,    0},    {0x02B,0x51,    0},
    {0x06B,0xF0,    0},    {0x08B,0xFF,    1},    {0x0EB,0x01,    0},    {0x048,0x06,    0},
    {0x028,0x10,    0},    {0x068,0xF1,    0},    {0x088,0xFF,    0},    {0x0C3,0x32,    0},
    {0x04B,0x0A,    0},    {0x0B3,0x2B,   49},    {0x0B3,0x0B,   86},    {0x054,0x09,    0},
    {0x0B7,0x2B,  136},    {0x0A2,0x66,    0},    {0x0B2,0x2E,   50},    {0x0A7,0x61,    0},
    {0x0A2,0x64,    7},    {0x0A7,0x65,    0},    {0x0A2,0x66,    7},    {0x0A7,0x66,    0},
    {0x0A2,0x67,    7},    {0x0A7,0x6B,    0},    {0x0A2,0x6A,    7},    {0x0A7,0x70,    0},
    {0x0A2,0x6E,    7},    {0x0A7,0x76,    1},    {0x0A2,0x72,    7},    {0x0A7,0x78,    0},
    {0x0A2,0x73,    7},    {0x0A7,0x7B,    0},    {0x0A2,0x76,    7},    {0x0A7,0x76,    0},
    {0x0A2,0x72,    7},    {0x0A7,0x68,    0},    {0x0A2,0x68,   71},    {0x0A7,0x69,    1},
    {0x0A2,0x69,    7},    {0x0A7,0x6C,    0},    {0x0A2,0x6C,    7},    {0x0A7,0x6B,    0},
    {0x0A2,0x6A,    7},    {0x0A7,0x76,    0},    {0x0A2,0x72,    7},    {0x0A7,0x73,    0},
    {0x0A2,0x70,    7},    {0x0A7,0x74,    0},    {0x0A2,0x71,    7},    {0x0A7,0x76,    0},
    {0x0A2,0x72,    7},    {0x0A7,0x7E,    1},    {0x0A2,0x78,   14},    {0x0A7,0x7C,    0},
    {0x0A2,0x77,    7},    {0x0A7,0x70,    0},    {0x0A2,0x6E,    7},    {0x0A7,0x65,    0},
    {0x0A2,0x66,   79},    {0x0A7,0x66,    0},    {0x0A2,0x67,    7},    {0x0A7,0x6E,    0},
    {0x0A2,0x6D,    7},    {0x0A7,0x73,    0},    {0x0A2,0x70,    7},    {0x0A7,0x71,    0},
    {0x0A2,0x6F,    7},    {0x0A7,0x74,    0},    {0x0A2,0x71,    7},    {0x0A7,0x78,    0},
    {0x0A2,0x73,    7},    {0x0A7,0x7E,    1},    {0x0A2,0x78,    7},    {0x0A7,0x7C,    0},
    {0x0A2,0x77,    7},    {0x0A7,0x70,    0},    {0x0A2,0x6E,    7},    {0x0A7,0x69,    0},
    {0x0A2,0x69,    7},    {0x0A7,0x65,    0},    {0x0A2,0x66,   86},    {0x0A7,0x6E,    0},
    {0x0A2,0x6D,    7},    {0x0A7,0x73,    0},    {0x0A2,0x70,    7},    {0x0A7,0x76,    0},
    {0x0A2,0x72,    7},    {0x0A7,0x79,    0},    {0x0A2,0x75,    7},    {0x0A7,0x7B,    0},
    {0x0A2,0x76,    7},    {0x0A7,0x78,    1},    {0x0A2,0x73,    7},    {0x0A7,0x79,    0},
    {0x0A2,0x75,   14},    {0x0A7,0x6B,    0},    {0x0A2,0x6A,    7},    {0x0A7,0x65,    0},
    {0x0A2,0x66,   86},    {0x0A7,0x6B,    0},    {0x0A2,0x6A,    7},    {0x0A7,0x71,    0},
    {0x0A2,0x6F,    7},    {0x0A7,0x73,    0},    {0x0A2,0x70,    0},    {0x0B7,0x0B,    0},
    {0x0A2,0x71,    7},    {0x0A2,0x73,    0},    {0x055,0xBF,    0},    {0x035,0x30,    0},
    {0x075,0xE1,    0},    {0x095,0xD6,    0},    {0x0F5,0x00,    0},    {0x052,0x8F,    0},
    {0x032,0x20,    1},    {0x072,0xE0,    0},    {0x092,0x14,    0},    {0x0C8,0x38,    0},
    {0x055,0x86,    0},    {0x0B8,0x2B,    0},    {0x043,0x3F,    0},    {0x023,0x00,    0},
    {0x063,0xF9,    0},    {0x083,0x06,    0},    {0x0E3,0x00,    0},    {0x040,0x00,    0},
    {0x020,0x00,    0},    {0x060,0xFA,    0},    {0x080,0x47,    0},    {0x0C0,0x36,    0},
    {0x043,0x07,    0},    {0x0A0,0xDA,    0},    {0x0B0,0x26,    0},    {0x053,0x3F,    0},
    {0x033,0x03,    1},    {0x073,0xF7,    0},    {0x093,0x38,    0},    {0x050,0x3F,    0},
    {0x030,0x02,    0},    {0x070,0xF5,    0},    {0x090,0x6C,    0},    {0x0C6,0x37,    0},
    {0x053,0x07,    0},    {0x050,0x07,    0},    {0x0A6,0x34,    0},    {0x0B6,0x23,    0},
    {0x04C,0x3F,    0},    {0x02C,0x00,    0},    {0x06C,0x00,    0},    {0x08C,0xF0,    0},
    {0x0EC,0x00,    0},    {0x049,0x3F,    0},    {0x029,0x00,    0},    {0x069,0x00,    0},
    {0x089,0xF0,    1},    {0x0C4,0x30,    0},    {0x04C,0x07,    0},    {0x0A4,0xB1,    0},
    {0x0B4,0x2A,    0},    {0x04D,0x3F,    0},    {0x02D,0x00,    0},    {0x06D,0xF7,    0},
    {0x08D,0xFA,    0},    {0x0ED,0x00,    0},    {0x04A,0x00,    0},    {0x02A,0x06,    0},
    {0x06A,0xAA,    0},    {0x0C5,0x3E,    0},    {0x04D,0x07,    0},    {0x0A5,0xB1,    0},
    {0x0B5,0x2A,    4},    {0x0A2,0x66,    0},    {0x044,0x0A,    0},    {0x0A1,0x65,    0},
    {0x0B1,0x2B,   22},    {0x0B2,0x0E,   28},    {0x0B1,0x0B,   43},    {0x0B0,0x06,    0},
    {0x0B8,0x0B,   14},    {0x0B6,0x03,    8},    {0x0B4,0x0A,    0},    {0x0B5,0x0A,   21},
    {0x0B3,0x2B,  136},    {0x0A7,0x65,    0},    {0x0B7,0x2F,   64},    {0x0B3,0x0B,   71},
    {0x0B7,0x0F,    0},    {0x045,0x0B,    0},    {0x0A2,0x65,    1},    {0x0B2,0x2B,   49},
    {0x0B2,0x0B,   93},    {0x0B1,0x2B,  136},    {0x043,0x3F,    0},    {0x023,0x51,    0},
    {0x063,0xF0,    0},    {0x083,0xFF,    0},    {0x0E3,0x01,    0},    {0x040,0x06,    0},
    {0x020,0x10,    0},    {0x060,0xF1,    0},    {0x080,0xFF,    0},    {0x0C0,0x32,    0},
    {0x043,0x0A,    0},    {0x0A0,0x06,    0},    {0x0B0,0x2F,   21},    {0x0B1,0x0B,  115},
    {0x055,0x3F,    0},    {0x035,0x51,    0},    {0x075,0xF0,    0},    {0x095,0xFF,    0},
    {0x0F5,0x01,    0},    {0x052,0x06,    0},    {0x032,0x10,    0},    {0x072,0xF1,    0},
    {0x092,0xFF,    0},    {0x0C8,0x32,    0},    {0x055,0x0A,    0},    {0x0B8,0x2B,    0},
    {0x0B0,0x0F,   57},    {0x0B8,0x0B,   78},    {0x053,0x3F,    0},    {0x033,0x51,    0},
    {0x073,0xF0,    0},    {0x093,0xFF,    1},    {0x050,0x06,    0},    {0x030,0x10,    0},
    {0x070,0xF1,    0},    {0x090,0xFF,    0},    {0x0C6,0x32,    0},    {0x053,0x09,    0},
    {0x0A6,0x65,    0},    {0x0B6,0x2B,  135},    {0x04C,0x3F,    0},    {0x02C,0x51,    0},
    {0x06C,0xF0,    0},    {0x08C,0xFF,    0},    {0x0EC,0x01,    0},    {0x049,0x06,    0},
    {0x029,0x10,    0},    {0x069,0xF1,    0},    {0x089,0xFF,    0},    {0x0C4,0x32,    1},
    {0x04C,0x08,    0},    {0x0B4,0x2E,    6},    {0x0B6,0x0B,  122},    {0x0B4,0x0E,    7},
    {0x04D,0x3F,    0},    {0x02D,0x51,    0},    {0x06D,0xF0,    0},    {0x08D,0xFF,    0},
    {0x0ED,0x01,    0},    {0x04A,0x06,    0},    {0x02A,0x10,    0},    {0x06A,0xF1,    0},
    {0x0C5,0x32,    0},    {0x04D,0x0B,    0},    {0x0A5,0x65,    0},    {0x0B5,0x2B,   43},
    {0x0B5,0x0B,   92},    {0x0B3,0x2B,  136},    {0x0A7,0x66,    0},    {0x0B7,0x2E,    7},
    {0x0B3,0x0B,  129},    {0x045,0x0A,    0},    {0x0B2,0x2B,   21},    {0x0B7,0x0E,   22},
    {0x0B2,0x0B,   93},    {0x0B1,0x2B,  135},    {0x0A0,0x8B,    0},    {0x0B0,0x2E,  136},
    {0x0B0,0x0E,    7},    {0x0A8,0xB1,    0},    {0x0B8,0x2E,   72},    {0x0B1,0x0B,   57},
    {0x053,0xBF,    0},    {0x033,0x30,    0},    {0x073,0xE1,    0},    {0x093,0xD6,    0},
    {0x0F3,0x00,    0},    {0x050,0x8F,    0},    {0x030,0x20,    0},    {0x070,0xE0,    0},
    {0x090,0x14,    0},    {0x0C6,0x38,    0},    {0x053,0x86,    0},    {0x0B6,0x2B,    0},
    {0x04C,0x3F,    0},    {0x02C,0x00,    0},    {0x06C,0xF9,    0},    {0x08C,0x06,    0},
    {0x0EC,0x00,    0},    {0x049,0x00,    1},    {0x029,0x00,    0},    {0x069,0xFA,    0},
    {0x089,0x47,    0},    {0x0C4,0x36,    0},    {0x04C,0x08,    0},    {0x0A4,0xDA,    0},
    {0x0B4,0x26,    0},    {0x04D,0x3F,    0},    {0x02D,0x03,    0},    {0x06D,0xF7,    0},
    {0x08D,0x38,    0},    {0x04A,0x3F,    0},    {0x02A,0x02,    0},    {0x06A,0xF5,    0},
    {0x08A,0x6C,    0},    {0x0C5,0x37,    0},    {0x04D,0x07,    0},    {0x04A,0x07,    0},
    {0x0A5,0x34,    0},    {0x0B5,0x23,    1},    {0x04B,0x3F,    0},    {0x02B,0x00,    0},
    {0x06B,0x00,    0},    {0x08B,0xF0,    0},    {0x0EB,0x00,    0},    {0x048,0x3F,    0},
    {0x028,0x00,    0},    {0x068,0x00,    0},    {0x088,0xF0,    0},    {0x0C3,0x30,    0},
    {0x04B,0x08,    0},    {0x0A3,0xB1,    0},    {0x0B3,0x2A,    0},    {0x054,0x3F,    0},
    {0x034,0x00,    0},    {0x074,0xF7,    0},    {0x094,0xFA,    0},    {0x0F4,0x00,    0},
    {0x051,0x00,    0},    {0x031,0x06,    0},    {0x071,0xAA,    1},    {0x0C7,0x3E,    0},
    {0x054,0x08,    0},    {0x0A7,0xB1,    0},    {0x0B7,0x2A,    0},    {0x0B8,0x0E,    4},
    {0x0B2,0x2B,   43},    {0x0B2,0x0B,   50},    {0x0B4,0x06,   14},    {0x0B5,0x03,    7},
    {0x0B6,0x0B,    7},    {0x0B3,0x0A,    0},    {0x0B7,0x0A,   15},    {0x0A0,0x65,    0},
    {0x0B0,0x2B,  135},    {0x044,0x08,    0},    {0x0B1,0x2F,  100},    {0x0B0,0x0B,   36},
    {0x0A8,0x65,    0},    {0x0B8,0x2B,   14},    {0x0B1,0x0F,   36},    {0x0B8,0x0B,   86},
    {0x0B2,0x2B,  135},    {0x04C,0x3F,    0},    {0x02C,0x51,    0},    {0x06C,0xF0,    0},
    {0x08C,0xFF,    0},    {0x0EC,0x01,    1},    {0x049,0x06,    0},    {0x029,0x10,    0},
    {0x069,0xF1,    0},    {0x089,0xFF,    0},    {0x0C4,0x32,    0},    {0x04C,0x0A,    0},
    {0x0A4,0x06,    0},    {0x0B4,0x2F,   35},    {0x0B2,0x0B,  100},    {0x0B4,0x0F,    0},
    {0x04D,0x3F,    0},    {0x02D,0x51,    0},    {0x06D,0xF0,    0},    {0x08D,0xFF,    0},
    {0x04A,0x06,    0},    {0x02A,0x10,    0},    {0x06A,0xF1,    0},    {0x08A,0xFF,    0},
    {0x0C5,0x32,    1},    {0x04D,0x09,    0},    {0x0A5,0x65,    0},    {0x0B5,0x2B,   42},
    {0x0B5,0x0B,   93},    {0x053,0x3F,    0},    {0x033,0x51,    0},    {0x073,0xF0,    0},
    {0x093,0xFF,    0},    {0x0F3,0x01,    0},    {0x050,0x06,    0},    {0x030,0x10,    0},
    {0x070,0xF1,    0},    {0x090,0xFF,    0},    {0x0C6,0x32,    0},    {0x053,0x09,    0},
    {0x0B6,0x2B,  135},    {0x0B6,0x0B,    0},    {0x04B,0x3F,    1},    {0x02B,0x51,    0},
    {0x06B,0xF0,    0},    {0x08B,0xFF,    0},    {0x0EB,0x01,    0},    {0x048,0x06,    0},
    {0x028,0x10,    0},    {0x068,0xF1,    0},    {0x088,0xFF,    0},    {0x0C3,0x32,    0},
    {0x04B,0x08,    0},    {0x0B3,0x2E,  135},    {0x054,0x3F,    0},    {0x034,0x51,    0},
    {0x074,0xF0,    0},    {0x094,0xFF,    0},    {0x0F4,0x01,    0},    {0x051,0x06,    0},
    {0x031,0x10,    0},    {0x071,0xF1,    1},    {0x0C7,0x32,    0},    {0x054,0x0A,    0},
    {0x0A7,0x65,    0},    {0x0B7,0x2B,   49},    {0x0B7,0x0B,   22},    {0x0B3,0x0E,   71},
    {0x043,0x09,    0},    {0x0B0,0x2B,  136},    {0x044,0x09,    0},    {0x0A1,0x66,    0},
    {0x0B1,0x2E,   50},    {0x0A0,0x61,    0},    {0x0A1,0x64,   14},    {0x0A0,0x66,    0},
    {0x0A1,0x67,    7},    {0x0A0,0x6B,    0},    {0x0A1,0x6A,    7},    {0x0A0,0x70,    0},
    {0x0A1,0x6E,    7},    {0x0A0,0x76,    0},    {0x0A1,0x72,    8},    {0x0A0,0x78,    0},
    {0x0A1,0x73,    7},    {0x0A0,0x7B,    0},    {0x0A1,0x76,    7},    {0x0A0,0x76,    0},
    {0x0A1,0x72,    7},    {0x0A0,0x68,    0},    {0x0A1,0x68,   71},    {0x0A0,0x69,    0},
    {0x0A1,0x69,    8},    {0x0A0,0x6C,    0},    {0x0A1,0x6C,    7},    {0x0A0,0x6B,    0},
    {0x0A1,0x6A,    7},    {0x0A0,0x76,    0},    {0x0A1,0x72,    7},    {0x0A0,0x73,    0},
    {0x0A1,0x70,    7},    {0x0A0,0x74,    0},    {0x0A1,0x71,   14},    {0x0A0,0x7E,    0},
    {0x0A1,0x78,    8},    {0x0A0,0x7C,    0},    {0x0A1,0x77,    7},    {0x0A0,0x78,    0},
    {0x0A1,0x73,    7},    {0x0A0,0x70,    0},    {0x0A1,0x6E,    7},    {0x0A0,0x65,    0},
    {0x0A1,0x66,   79},    {0x0A0,0x66,    0},    {0x0A1,0x67,    7},    {0x0A0,0x6E,    0},
    {0x0A1,0x6D,    7},    {0x0A0,0x73,    0},    {0x0A1,0x70,    7},    {0x0A0,0x71,    0},
    {0x0A1,0x6F,    7},    {0x0A0,0x74,    0},    {0x0A1,0x71,    7},    {0x0A0,0x78,    0},
    {0x0A1,0x73,    7},    {0x0A0,0x7E,    0},    {0x0A1,0x78,    7},    {0x0A0,0x7C,    1},
    {0x0A1,0x77,    7},    {0x0A0,0x70,    0},    {0x0A1,0x6E,    7},    {0x0A0,0x69,    0},
    {0x0A1,0x69,    7},    {0x0A0,0x65,    0},    {0x0A1,0x66,   86},    {0x0A0,0x6E,    0},
    {0x0A1,0x6D,    7},    {0x0A0,0x73,    0},    {0x0A1,0x70,    7},    {0x0A0,0x76,    0},
    {0x0A1,0x72,    7},    {0x0A0,0x7C,    0},    {0x0A1,0x77,    7},    {0x0A0,0x7B,    0},
    {0x0A1,0x76,    7},    {0x0A0,0x79,    0},    {0x0A1,0x75,   22},    {0x0A0,0x6B,    0},
    {0x0A1,0x6A,    7},    {0x0A0,0x65,    0},    {0x0A1,0x66,   86},    {0x0A0,0x6B,    0},
    {0x0A1,0x6A,    7},    {0x0A0,0x71,    0},    {0x0A1,0x6F,    7},    {0x0A0,0x73,    0},
    {0x0A1,0x70,    0},    {0x0B0,0x0B,    0},    {0x0A1,0x71,    7},    {0x0A1,0x73,    0},
    {0x055,0x3F,    0},    {0x052,0x0D,    1},    {0x0C8,0x3C,    0},    {0x055,0x0A,    0},
    {0x0B8,0x2B,    0},    {0x045,0xBF,    0},    {0x025,0x30,    0},    {0x065,0xE1,    0},
    {0x085,0xD6,    0},    {0x0E5,0x00,    0},    {0x042,0x8F,    0},    {0x022,0x20,    0},
    {0x062,0xE0,    0},    {0x082,0x14,    0},    {0x0C2,0x38,    0},    {0x045,0x87,    0},
    {0x0B2,0x2B,    0},    {0x04C,0x3F,    0},    {0x02C,0x00,    0},    {0x06C,0xF9,    0},
    {0x08C,0x06,    1},    {0x0EC,0x00,    0},    {0x049,0x00,    0},    {0x029,0x00,    0},
    {0x069,0xFA,    0},    {0x089,0x47,    0},    {0x0C4,0x36,    0},    {0x04C,0x07,    0},
    {0x0A4,0xDA,    0},    {0x0B4,0x26,    0},    {0x04D,0x3F,    0},    {0x02D,0x00,    0},
    {0x06D,0x00,    0},    {0x08D,0xF0,    0},    {0x0ED,0x00,    0},    {0x04A,0x3F,    0},
    {0x02A,0x00,    0},    {0x06A,0x00,    0},    {0x08A,0xF0,    0},    {0x0C5,0x30,    0},
    {0x04D,0x07,    1},    {0x0A5,0xB1,    0},    {0x0B5,0x2A,    0},    {0x053,0x3F,    0},
    {0x033,0x00,    0},    {0x073,0xF7,    0},    {0x093,0xFA,    0},    {0x0F3,0x00,    0},
    {0x050,0x00,    0},    {0x030,0x06,    0},    {0x070,0xAA,    0},    {0x0C6,0x3E,    0},
    {0x053,0x07,    0},    {0x0A6,0xB1,    0},    {0x0B6,0x2A,    0},    {0x054,0x3F,    0},
    {0x034,0x03,    0},    {0x074,0xF7,    0},    {0x094,0x38,    0},    {0x051,0x3F,    0},
    {0x031,0x02,    1},    {0x071,0xF5,    0},    {0x091,0x6C,    0},    {0x0C7,0x37,    0},
    {0x054,0x07,    0},    {0x051,0x07,    0},    {0x0A7,0x34,    0},    {0x0B7,0x23,    0},
    {0x04B,0x3F,    0},    {0x02B,0x00,    0},    {0x06B,0xE8,    0},    {0x08B,0x43,    0},
    {0x0EB,0x03,    0},    {0x048,0x10,    0},    {0x028,0x04,    0},    {0x068,0xC2,    0},
    {0x088,0xE6,    0},    {0x0C3,0x3E,    0},    {0x04B,0x19,    0},    {0x0B3,0x32,    0},
    {0x043,0x3F,    1},    {0x023,0x00,    0},    {0x063,0xE8,    0},    {0x083,0x43,    0},
    {0x0E3,0x03,    0},    {0x040,0x10,    0},    {0x020,0x04,    0},    {0x060,0xC2,    0},
    {0x080,0xE6,    0},    {0x0C0,0x3E,    0},    {0x043,0x15,    0},    {0x0A0,0xB1,    0},
    {0x0B0,0x32,    2},    {0x0A1,0x66,    0},    {0x0B1,0x0E,    0},    {0x044,0x0A,    0},
    {0x0A1,0x65,    0},    {0x0B1,0x2B,   36},    {0x0B8,0x0B,    0},    {0x0B1,0x0B,   43},
    {0x0B4,0x06,    0},    {0x0B3,0x12,    7},    {0x0B0,0x12,    0},    {0x0B5,0x0A,    0},
    {0x0B6,0x0A,    7},    {0x0B7,0x03,   14},    {0x0B2,0x0B,   22},    {0x055,0x09,    0},
    {0x0B8,0x2B,    7},    {0x044,0x09,    0},    {0x0B1,0x2B,   64},    {0x04C,0x3F,    0},
    {0x06C,0xE8,    0},    {0x08C,0x43,    0},    {0x0EC,0x03,    0},    {0x049,0x10,    0},
    {0x029,0x04,    0},    {0x069,0xC2,    1},    {0x089,0xE6,    0},    {0x0C4,0x3E,    0},
    {0x04C,0x30,    0},    {0x0A4,0xB1,    0},    {0x0B4,0x32,    0},    {0x04B,0x3F,    0},
    {0x04B,0x30,    0},    {0x0B3,0x32,   42},    {0x0B4,0x12,    0},    {0x0B3,0x12,   21},
    {0x043,0x3F,    0},    {0x023,0x51,    1},    {0x063,0xF0,    0},    {0x083,0xFF,    0},
    {0x0E3,0x01,    0},    {0x040,0x0D,    0},    {0x020,0x10,    0},    {0x060,0xF1,    0},
    {0x080,0xFF,    0},    {0x0C0,0x3C,    0},    {0x043,0x09,    0},    {0x0A0,0x65,    0},
    {0x0B0,0x2F,    7},    {0x04D,0x3F,    0},    {0x02D,0x51,    0},    {0x06D,0xF0,    0},
    {0x08D,0xFF,    0},    {0x0ED,0x01,    0},    {0x04A,0x06,    0},    {0x02A,0x10,    0},
    {0x06A,0xF1,    0},    {0x08A,0xFF,    0},    {0x0C5,0x32,    0},    {0x04D,0x09,    0},
    {0x0A5,0x65,    0},    {0x0B5,0x2F,   14},    {0x0B8,0x0B,    7},    {0x0B1,0x0B,  107},
    {0x0B0,0x0F,    7},    {0x053,0x3F,    0},    {0x033,0x51,    0},    {0x073,0xF0,    0},
    {0x093,0xFF,    0},    {0x0F3,0x01,    1},    {0x050,0x0D,    0},    {0x030,0x10,    0},
    {0x070,0xF1,    0},    {0x0C6,0x3C,    0},    {0x053,0x0A,    0},    {0x0A6,0x65,    0},
    {0x0B6,0x2B,    0},    {0x0B5,0x0F,    0},    {0x054,0x3F,    0},    {0x034,0x51,    0},
    {0x074,0xF0,    0},    {0x094,0xFF,    0},    {0x051,0x06,    0},    {0x031,0x10,    0},
    {0x071,0xF1,    0},    {0x091,0xFF,    0},    {0x0C7,0x32,    0},    {0x054,0x0A,    0},
    {0x0A7,0x65,    1},    {0x0B7,0x2B,   41},    {0x0B6,0x0B,    0},    {0x0B7,0x0B,   93},
    {0x045,0x3F,    0},    {0x025,0x51,    0},    {0x065,0xF0,    0},    {0x085,0xFF,    0},
    {0x0E5,0x01,    0},    {0x042,0x0D,    0},    {0x022,0x10,    0},    {0x062,0xF1,    0},
    {0x082,0xFF,    0},    {0x0C2,0x3C,    0},    {0x045,0x0A,    1},    {0x0B2,0x2B,    0},
    {0x04C,0x3F,    0},    {0x02C,0x51,    0},    {0x06C,0xF0,    0},    {0x08C,0xFF,    0},
    {0x0EC,0x01,    0},    {0x049,0x06,    0},    {0x029,0x10,    0},    {0x069,0xF1,    0},
    {0x089,0xFF,    0},    {0x0C4,0x32,    0},    {0x04C,0x0A,    0},    {0x0A4,0x65,    0},
    {0x0B4,0x2B,  135},    {0x04B,0x3F,    0},    {0x02B,0x51,    0},    {0x06B,0xF0,    0},
    {0x08B,0xFF,    0},    {0x0EB,0x01,    0},    {0x048,0x0D,    0},    {0x028,0x10,    0},
    {0x068,0xF1,    0},    {0x088,0xFF,    0},    {0x0C3,0x3C,    0},    {0x04B,0x0A,    0},
    {0x0A3,0x06,    0},    {0x0B3,0x2F,    7},    {0x055,0x3F,    0},    {0x052,0x06,    0},
    {0x0C8,0x32,    0},    {0x055,0x0A,    0},    {0x0A8,0x06,    0},    {0x0B8,0x2F,    7},
    {0x0B2,0x0B,    7},    {0x0B4,0x0B,  100},    {0x0B3,0x0F,    7},    {0x0B8,0x0F,    7},
    {0x044,0x3F,    1},    {0x041,0x0D,    0},    {0x0C1,0x3C,    0},    {0x044,0x0B,    0},
    {0x0B1,0x2B,    7},    {0x043,0x3F,    0},    {0x040,0x06,    0},    {0x0C0,0x32,    0},
    {0x043,0x0B,    0},    {0x0B0,0x2B,   35},    {0x0B1,0x0B,    7},    {0x0B0,0x0B,   86},
    {0x04D,0x3F,    0},    {0x04A,0x0D,    1},    {0x0C5,0x3C,    0},    {0x04D,0x0A,    0},
    {0x0B5,0x2B,    6},    {0x053,0x3F,    0},    {0x050,0x06,    1},    {0x0C6,0x32,    0},
    {0x053,0x0A,    0},    {0x0B6,0x2B,  128},    {0x054,0x3F,    0},    {0x051,0x0D,    0},
    {0x0C7,0x3C,    0},    {0x054,0x09,    0},    {0x0A7,0xB1,    0},    {0x0B7,0x2E,    0},
    {0x0B5,0x0B,    7},    {0x045,0x3F,    0},    {0x042,0x06,    0},    {0x0C2,0x32,    0},
    {0x045,0x09,    0},    {0x0A2,0xB1,    1},    {0x0B2,0x2E,    0},    {0x0B6,0x0B,  120},
    {0x0B7,0x0E,    8},    {0x04C,0x3F,    0},    {0x049,0x0D,    0},    {0x0C4,0x3C,    0},
    {0x04C,0x0A,    0},    {0x0B4,0x2B,    0},    {0x0B2,0x0E,    7},    {0x04B,0x3F,    0},
    {0x048,0x06,    0},    {0x0C3,0x32,    0},    {0x04B,0x0A,    0},    {0x0A3,0x65,    0},
    {0x0B3,0x2B,   35},    {0x0B4,0x0B,    8},    {0x0B3,0x0B,   85},    {0x055,0x3F,    0},
    {0x052,0x0D,    1},    {0x0C8,0x3C,    0},    {0x055,0x0A,    0},    {0x0A8,0x65,    0},
    {0x0B8,0x2B,    6},    {0x044,0x3F,    1},    {0x041,0x06,    0},    {0x0C1,0x32,    0},
    {0x044,0x0A,    0},    {0x0B1,0x2B,  128},    {0x043,0x3F,    0},    {0x040,0x0D,    0},
    {0x0C0,0x3C,    0},    {0x043,0x0A,    0},    {0x0A0,0x66,    0},    {0x0B0,0x2E,    7},
    {0x04D,0x3F,    0},    {0x04A,0x06,    0},    {0x0C5,0x32,    1},    {0x04D,0x0A,    0},
    {0x0A5,0x66,    0},    {0x0B5,0x2E,    6},    {0x0B8,0x0B,    7},    {0x0B1,0x0B,  115},
    {0x0B0,0x0E,    0},    {0x053,0x3F,    0},    {0x050,0x0D,    0},    {0x0C6,0x3C,    0},
    {0x053,0x0A,    0},    {0x0B6,0x2B,    0},    {0x0B5,0x0E,    7},    {0x054,0x3F,    0},
    {0x051,0x06,    0},    {0x0C7,0x32,    0},    {0x054,0x0A,    0},    {0x0A7,0x65,    0},
    {0x0B7,0x2B,   50},    {0x0B6,0x0B,    7},    {0x0B7,0x0B,   71},    {0x045,0x3F,    1},
    {0x042,0x0D,    0},    {0x0C2,0x3C,    0},    {0x045,0x0A,    0},    {0x0A2,0x65,    0},
    {0x0B2,0x2B,    6},    {0x04C,0x3F,    1},    {0x049,0x06,    0},    {0x0C4,0x32,    0},
    {0x04C,0x0A,    0},    {0x0B4,0x2B,  135},    {0x04B,0x3F,    0},    {0x048,0x0D,    1},
    {0x0C3,0x3C,    0},    {0x04B,0x0A,    0},    {0x0A3,0x8B,    0},    {0x0B3,0x2E,    0},
    {0x055,0x3F,    0},    {0x052,0x06,    0},    {0x0C8,0x32,    0},    {0x055,0x0A,    0},
    {0x0A8,0x8B,    0},    {0x0B8,0x2E,  128},    {0x0B3,0x0E,    7},    {0x044,0x3F,    0},
    {0x041,0x0D,    0},    {0x0C1,0x3C,    0},    {0x044,0x08,    0},    {0x0A1,0xB1,    0},
    {0x0B1,0x2E,    0},    {0x0B8,0x0E,    1},    {0x043,0x3F,    0},    {0x040,0x06,    0},
    {0x0C0,0x32,    0},    {0x043,0x08,    0},    {0x0A0,0xB1,    0},    {0x0B0,0x2E,   92},
    {0x0B2,0x0B,    0},    {0x0B4,0x0B,   28},    {0x0B1,0x0E,    0},    {0x0B0,0x0E,   15},
    {0x04D,0x3F,    0},    {0x04A,0x0D,    0},    {0x0C5,0x3C,    0},    {0x04D,0x0A,    0},
    {0x0A5,0x65,    0},    {0x0B5,0x2B,    0},    {0x053,0xBF,    0},    {0x033,0x30,    0},
    {0x073,0xE1,    0},    {0x093,0xD6,    0},    {0x0F3,0x00,    0},    {0x050,0x8F,    0},
    {0x030,0x20,    0},    {0x070,0xE0,    1},    {0x090,0x14,    0},    {0x0C6,0x38,    0},
    {0x053,0x87,    0},    {0x0B6,0x2B,    0},    {0x054,0x3F,    0},    {0x034,0x00,    0},
    {0x074,0xF9,    0},    {0x094,0x06,    0},    {0x0F4,0x00,    0},    {0x051,0x00,    0},
    {0x031,0x00,    0},    {0x071,0xFA,    0},    {0x091,0x47,    0},    {0x0C7,0x36,    0},
    {0x054,0x07,    0},    {0x0A7,0xDA,    0},    {0x0B7,0x26,    0},    {0x04B,0x3F,    0},
    {0x02B,0x03,    0},    {0x06B,0xF7,    1},    {0x08B,0x38,    0},    {0x048,0x3F,    0},
    {0x028,0x02,    0},    {0x068,0xF5,    0},    {0x088,0x6C,    0},    {0x0C3,0x37,    0},
    {0x04B,0x07,    0},    {0x048,0x07,    0},    {0x0A3,0x34,    0},    {0x0B3,0x23,    0},
    {0x055,0x3F,    0},    {0x035,0x00,    0},    {0x075,0x00,    0},    {0x095,0xF0,    0},
    {0x0F5,0x00,    0},    {0x052,0x3F,    0},    {0x032,0x00,    0},    {0x072,0x00,    0},
    {0x092,0xF0,    0},    {0x0C8,0x30,    1},    {0x055,0x07,    0},    {0x0A8,0xB1,    0},
    {0x0B8,0x2A,    0},    {0x045,0x3F,    0},    {0x025,0x00,    0},    {0x065,0xF7,    0},
    {0x085,0xFA,    0},    {0x0E5,0x00,    0},    {0x042,0x00,    0},    {0x022,0x06,    0},
    {0x062,0xAA,    0},    {0x0C2,0x3E,    0},    {0x045,0x07,    0},    {0x0A2,0xB1,    0},
    {0x0B2,0x2A,    0},    {0x04C,0x3F,    0},    {0x02C,0x00,    0},    {0x06C,0xE8,    0},
    {0x08C,0x43,    0},    {0x0EC,0x03,    0},    {0x049,0x10,    1},    {0x029,0x04,    0},
    {0x069,0xC2,    0},    {0x089,0xE6,    0},    {0x0C4,0x3E,    0},    {0x04C,0x18,    0},
    {0x0A4,0xB1,    0},    {0x0B4,0x32,    0},    {0x044,0x3F,    0},    {0x024,0x00,    0},
    {0x064,0xE8,    0},    {0x084,0x43,    0},    {0x0E4,0x03,    0},    {0x041,0x10,    0},
    {0x021,0x04,    0},    {0x061,0xC2,    0},    {0x081,0xE6,    0},    {0x0C1,0x3E,    0},
    {0x044,0x15,    0},    {0x0B1,0x32,    3},    {0x043,0x0A,    0},    {0x0A0,0x65,    0},
    {0x0B0,0x2B,   21},    {0x0B5,0x0B,    0},    {0x0B0,0x0B,   57},    {0x0B4,0x12,    7},
    {0x0B7,0x06,    0},    {0x0B1,0x12,    1},    {0x0B8,0x0A,    0},    {0x0B2,0x0A,    7},
    {0x0B3,0x03,   35},    {0x0B5,0x2B,    0},    {0x0B6,0x0B,    7},    {0x0B0,0x2B,   58},
    {0x04C,0x30,    0},    {0x0B4,0x32,    0},    {0x054,0x3F,    0},    {0x074,0xE8,    0},
    {0x094,0x43,    0},    {0x0F4,0x03,    0},    {0x051,0x10,    0},    {0x031,0x04,    0},
    {0x071,0xC2,    0},    {0x091,0xE6,    0},    {0x0C7,0x3E,    0},    {0x054,0x30,    0},
    {0x0A7,0xB1,    0},    {0x0B7,0x32,   50},    {0x0B4,0x12,    0},    {0x0B7,0x12,   21},
    {0x044,0x3F,    0},    {0x024,0x51,    0},    {0x064,0xF0,    0},    {0x084,0xFF,    0},
    {0x0E4,0x01,    0},    {0x041,0x0D,    0},    {0x021,0x10,    0},    {0x061,0xF1,    0},
    {0x081,0xFF,    0},    {0x0C1,0x3C,    0},    {0x044,0x09,    1},    {0x0A1,0x65,    0},
    {0x0B1,0x2F,    6},    {0x055,0x3F,    0},    {0x035,0x51,    0},    {0x075,0xF0,    0},
    {0x095,0xFF,    0},    {0x0F5,0x01,    0},    {0x052,0x06,    0},    {0x032,0x10,    0},
    {0x072,0xF1,    0},    {0x092,0xFF,    1},    {0x0C8,0x32,    0},    {0x055,0x09,    0},
    {0x0A8,0x65,    0},    {0x0B8,0x2F,   21},    {0x0B5,0x0B,    7},    {0x0B0,0x0B,   85},
    {0x0B1,0x0F,    8},    {0x0B8,0x0F,    7},    {0x045,0x3F,    0},    {0x025,0x51,    0},
    {0x065,0xF0,    0},    {0x085,0xFF,    0},    {0x0E5,0x01,    0},    {0x042,0x0D,    0},
    {0x022,0x10,    0},    {0x062,0xF1,    0},    {0x0C2,0x3C,    0},    {0x045,0x0B,    0},
    {0x0A2,0x65,    0},    {0x0B2,0x2B,    7},    {0x04B,0x3F,    0},    {0x02B,0x51,    0},
    {0x06B,0xF0,    0},    {0x08B,0xFF,    0},    {0x048,0x06,    0},    {0x028,0x10,    0},
    {0x068,0xF1,    0},    {0x088,0xFF,    0},    {0x0C3,0x32,    0},    {0x04B,0x0B,    0},
    {0x0A3,0x65,    0},    {0x0B3,0x2B,   36},    {0x0B2,0x0B,    7},    {0x0B3,0x0B,   85},
    {0x053,0x3F,    0},    {0x033,0x51,    0},    {0x073,0xF0,    1},    {0x093,0xFF,    0},
    {0x0F3,0x01,    0},    {0x050,0x0D,    0},    {0x030,0x10,    0},    {0x070,0xF1,    0},
    {0x090,0xFF,    0},    {0x0C6,0x3C,    0},    {0x053,0x0A,    0},    {0x0B6,0x2B,    7},
    {0x04C,0x3F,    0},    {0x02C,0x51,    0},    {0x06C,0xF0,    0},    {0x08C,0xFF,    0},
    {0x0EC,0x01,    0},    {0x049,0x06,    0},    {0x029,0x10,    0},    {0x069,0xF1,    0},
    {0x089,0xFF,    0},    {0x0C4,0x32,    0},    {0x04C,0x0A,    0},    {0x0A4,0x65,    0},
    {0x0B4,0x2B,  128},    {0x054,0x3F,    0},    {0x034,0x51,    0},    {0x074,0xF0,    0},
    {0x094,0xFF,    0},    {0x0F4,0x01,    0},    {0x051,0x0D,    0},    {0x031,0x10,    0},
    {0x071,0xF1,    0},    {0x091,0xFF,    1},    {0x0C7,0x3C,    0},    {0x054,0x0B,    0},
    {0x0A7,0x06,    0},    {0x0B7,0x2F,    6},    {0x04D,0x3F,    0},    {0x04A,0x06,    1},
    {0x0C5,0x32,    0},    {0x04D,0x0B,    0},    {0x0A5,0x06,    0},    {0x0B5,0x2F,   14},
    {0x0B6,0x0B,    7},    {0x0B4,0x0B,  107},    {0x0B7,0x0F,    0},    {0x043,0x3F,    0},
    {0x040,0x0D,    0},    {0x0C0,0x3C,    0},    {0x043,0x09,    0},    {0x0B0,0x2B,    7},
    {0x0B5,0x0F,    0},    {0x044,0x3F,    0},    {0x041,0x06,    0},    {0x0C1,0x32,    0},
    {0x044,0x09,    1},    {0x0B1,0x2B,   35},    {0x0B0,0x0B,    7},    {0x0B1,0x0B,   85},
    {0x055,0x3F,    1},    {0x052,0x0D,    0},    {0x0C8,0x3C,    0},    {0x055,0x0B,    0},
    {0x0B8,0x2B,    7},    {0x045,0x3F,    0},    {0x042,0x06,    0},    {0x0C2,0x32,    0},
    {0x045,0x0B,    0},    {0x0B2,0x2B,  128},    {0x04B,0x3F,    0},    {0x048,0x0D,    1},
    {0x0C3,0x3C,    0},    {0x04B,0x08,    0},    {0x0A3,0xB1,    0},    {0x0B3,0x2E,    6},
    {0x053,0x3F,    1},    {0x050,0x06,    0},    {0x0C6,0x32,    0},    {0x053,0x08,    0},
    {0x0A6,0xB1,    0},    {0x0B6,0x2E,    0},    {0x0B8,0x0B,    6},    {0x0B2,0x0B,  100},
    {0x0B3,0x0E,    8},    {0x0B6,0x0E,   21},    {0x04C,0x3F,    0},    {0x049,0x0D,    0},
    {0x0C4,0x3C,    1},    {0x04C,0x0A,    0},    {0x0B4,0x2B,    0},    {0x054,0x3F,    0},
    {0x051,0x06,    0},    {0x0C7,0x32,    0},    {0x054,0x0A,    0},    {0x0A7,0x65,    0},
    {0x0B7,0x2B,   49},    {0x0B4,0x0B,    0},    {0x0B7,0x0B,   86},    {0x04D,0x3F,    0},
    {0x04A,0x0D,    0},    {0x0C5,0x3C,    0},    {0x04D,0x09,    0},    {0x0A5,0x65,    0},
    {0x0B5,0x2B,    0},    {0x043,0x3F,    1},    {0x040,0x06,    0},    {0x0C0,0x32,    0},
    {0x043,0x09,    0},    {0x0B0,0x2B,  134},    {0x044,0x3F,    1},    {0x041,0x0D,    0},
    {0x0C1,0x3C,    0},    {0x044,0x09,    0},    {0x0A1,0x66,    0},    {0x0B1,0x2E,    7},
    {0x055,0x3F,    0},    {0x052,0x06,    0},    {0x0C8,0x32,    0},    {0x055,0x09,    0},
    {0x0A8,0x66,    0},    {0x0B8,0x2E,   50},    {0x0A5,0x61,    0},    {0x0A1,0x64,    0},
    {0x0A0,0x61,    0},    {0x0A8,0x64,   14},    {0x0A5,0x66,    0},    {0x0A1,0x67,    0},
    {0x0A0,0x66,    0},    {0x0A8,0x67,    7},    {0x0A5,0x6B,    0},    {0x0A1,0x6A,    0},
    {0x0A0,0x6B,    0},    {0x0A8,0x6A,    7},    {0x0A5,0x70,    0},    {0x0A1,0x6E,    0},
    {0x0A0,0x70,    0},    {0x0A8,0x6E,    7},    {0x0A5,0x76,    0},    {0x0A1,0x72,    0},
    {0x0A0,0x76,    1},    {0x0A8,0x72,    6},    {0x0A5,0x79,    1},    {0x0A1,0x75,    0},
    {0x0A0,0x79,    0},    {0x0A8,0x75,    7},    {0x0A5,0x78,    0},    {0x0A1,0x73,    0},
    {0x0A0,0x78,    0},    {0x0A8,0x73,    7},    {0x0A5,0x6E,    0},    {0x0A1,0x6D,    0},
    {0x0A0,0x6E,    0},    {0x0A8,0x6D,    7},    {0x0A5,0x65,    0},    {0x0A1,0x66,    0},
    {0x0A0,0x65,    0},    {0x0A8,0x66,   71},    {0x0A5,0x69,    0},    {0x0A1,0x69,    0},
    {0x0A0,0x69,    1},    {0x0A8,0x69,   14},    {0x0A5,0x6B,    0},    {0x0A1,0x6A,    0},
    {0x0A0,0x6B,    0},    {0x0A8,0x6A,    7},    {0x0A5,0x76,    0},    {0x0A1,0x72,    0},
    {0x0A0,0x76,    0},    {0x0A8,0x72,    7},    {0x0A5,0x73,    0},    {0x0A1,0x70,    0},
    {0x0A0,0x73,    0},    {0x0A8,0x70,    7},    {0x0A5,0x74,    0},    {0x0A1,0x71,    0},
    {0x0A0,0x74,    0},    {0x0A8,0x71,   14},    {0x0A5,0x7E,    0},    {0x0A1,0x78,    0},
    {0x0A0,0x7E,    1},    {0x0A8,0x78,    6},    {0x0A5,0x7C,    1},    {0x0A1,0x77,    0},
    {0x0A0,0x7C,    0},    {0x0A8,0x77,    7},    {0x0A5,0x78,    0},    {0x0A1,0x73,    0},
    {0x0A0,0x78,    0},    {0x0A8,0x73,    7},    {0x0A5,0x70,    0},    {0x0A1,0x6E,    0},
    {0x0A0,0x70,    0},    {0x0A8,0x6E,    7},    {0x0A5,0x65,    0},    {0x0A1,0x66,    0},
    {0x0A0,0x65,    0},    {0x0A8,0x66,   78},    {0x0A5,0x66,    1},    {0x0A1,0x67,    0},
    {0x0A0,0x66,    0},    {0x0A8,0x67,    7},    {0x0A5,0x6E,    0},    {0x0A1,0x6D,    0},
    {0x0A0,0x6E,    0},    {0x0A8,0x6D,    7},    {0x0A5,0x73,    0},    {0x0A1,0x70,    0},
    {0x0A0,0x73,    0},    {0x0A8,0x70,    7},    {0x0A5,0x71,    0},    {0x0A1,0x6F,    0},
    {0x0A0,0x71,    0},    {0x0A8,0x6F,    7},    {0x0A5,0x74,    0},    {0x0A1,0x71,    0},
    {0x0A0,0x74,    0},    {0x0A8,0x71,    7},    {0x0A5,0x78,    0},    {0x0A1,0x73,    0},
    {0x0A0,0x78,    0},    {0x0A8,0x73,    7},    {0x0A5,0x7E,    0},    {0x0A1,0x78,    0},
    {0x0A0,0x7E,    1},    {0x0A8,0x78,    6},    {0x0A5,0x78,    1},    {0x0A1,0x73,    0},
    {0x0A0,0x78,    0},    {0x0A8,0x73,    7},    {0x0A5,0x6E,    0},    {0x0A1,0x6D,    0},
    {0x0A0,0x6E,    0},    {0x0A8,0x6D,    7},    {0x0A5,0x66,    0},    {0x0A1,0x67,    0},
    {0x0A0,0x66,    0},    {0x0A8,0x67,   93},    {0x0A5,0x6E,    0},    {0x0A1,0x6D,    0},
    {0x0A0,0x6E,    0},    {0x0A8,0x6D,    7},    {0x0A5,0x73,    0},    {0x0A1,0x70,    0},
    {0x0A0,0x73,    0},    {0x0A8,0x70,    7},    {0x0A5,0x76,    0},    {0x0A1,0x72,    0},
    {0x0A0,0x76,    0},    {0x0A8,0x72,    7},    {0x0A5,0x7C,    0},    {0x0A1,0x77,    0},
    {0x0A0,0x7C,    0},    {0x0A8,0x77,    7},    {0x0A5,0x7B,    0},    {0x0A1,0x76,    0},
    {0x0A0,0x7B,    0},    {0x0A8,0x76,    7},    {0x0A5,0x79,    0},    {0x0A1,0x75,    0},
    {0x0A0,0x79,    1},    {0x0A8,0x75,   21},    {0x0A5,0x6B,    0},    {0x0A1,0x6A,    0},
    {0x0A0,0x6B,    0},    {0x0A8,0x6A,    7},    {0x0A5,0x65,    0},    {0x0A1,0x66,    0},
    {0x0A0,0x65,    0},    {0x0A8,0x66,   78},    {0x0A5,0x6B,    0},    {0x0A1,0x6A,    1},
    {0x0A0,0x6B,    0},    {0x0A8,0x6A,    7},    {0x0A5,0x6C,    0},    {0x0A1,0x6C,    0},
    {0x0A0,0x6C,    0},    {0x0A8,0x6C,    7},    {0x0A5,0x71,    0},    {0x0A1,0x6F,    0},
    {0x0B5,0x0B,    0},    {0x0A1,0x70,    0},    {0x0A0,0x73,    0},    {0x0A8,0x70,    7},
    {0x0B0,0x0B,    0},    {0x0A1,0x71,    0},    {0x0A8,0x71,    7},    {0x0A1,0x73,    0},
    {0x0A8,0x73,    0},    {0x0A1,0x72,    0},    {0x045,0x3F,    0},    {0x042,0x0D,    1},
    {0x0C2,0x3C,    0},    {0x045,0x0A,    0},    {0x0A2,0x76,    0},    {0x0B2,0x2B,    0},
    {0x0A1,0x66,    0},    {0x0A2,0x65,    0},    {0x04B,0xBF,    0},    {0x02B,0x30,    0},
    {0x06B,0xE1,    0},    {0x08B,0xD6,    0},    {0x0EB,0x00,    0},    {0x048,0x8F,    0},
    {0x028,0x20,    0},    {0x068,0xE0,    0},    {0x088,0x14,    0},    {0x0C3,0x38,    1},
    {0x04B,0x87,    0},    {0x0A3,0x65,    0},    {0x0B3,0x2B,    0},    {0x053,0x3F,    0},
    {0x033,0x00,    0},    {0x073,0xF9,    0},    {0x093,0x06,    0},    {0x0F3,0x00,    0},
    {0x050,0x00,    0},    {0x030,0x00,    0},    {0x070,0xFA,    0},    {0x090,0x47,    0},
    {0x0C6,0x36,    0},    {0x053,0x07,    0},    {0x0A6,0xDA,    0},    {0x0B6,0x26,    0},
    {0x04C,0x3F,    0},    {0x02C,0x00,    0},    {0x06C,0x00,    0},    {0x08C,0xF0,    0},
    {0x0EC,0x00,    0},    {0x049,0x3F,    1},    {0x029,0x00,    0},    {0x069,0x00,    0},
    {0x089,0xF0,    0},    {0x0C4,0x30,    0},    {0x04C,0x08,    0},    {0x0A4,0xB1,    0},
    {0x0B4,0x2A,    0},    {0x054,0x3F,    0},    {0x034,0x00,    0},    {0x074,0xF7,    0},
    {0x094,0xFA,    0},    {0x0F4,0x00,    0},    {0x051,0x00,    0},    {0x031,0x06,    0},
    {0x071,0xAA,    0},    {0x0C7,0x3E,    0},    {0x054,0x08,    0},    {0x0A7,0xB1,    0},
    {0x0B7,0x2A,    0},    {0x04D,0x3F,    1},    {0x02D,0x03,    0},    {0x06D,0xF7,    0},
    {0x08D,0x38,    0},    {0x04A,0x3F,    0},    {0x02A,0x02,    0},    {0x06A,0xF5,    0},
    {0x08A,0x6C,    0},    {0x0C5,0x37,    0},    {0x04D,0x07,    0},    {0x04A,0x07,    0},
    {0x0A5,0x34,    0},    {0x0B5,0x23,    0},    {0x043,0x3F,    0},    {0x023,0x00,    0},
    {0x063,0xE8,    0},    {0x083,0x43,    0},    {0x0E3,0x03,    0},    {0x040,0x10,    0},
    {0x020,0x04,    0},    {0x060,0xC2,    0},    {0x080,0xE6,    1},    {0x0C0,0x3E,    0},
    {0x043,0x14,    0},    {0x0A0,0xB1,    0},    {0x0B0,0x32,    0},    {0x0B6,0x06,    0},
    {0x053,0x3F,    0},    {0x073,0xE8,    0},    {0x093,0x43,    0},    {0x0F3,0x03,    0},
    {0x050,0x10,    0},    {0x030,0x04,    0},    {0x070,0xC2,    0},    {0x090,0xE6,    0},
    {0x0C6,0x3E,    0},    {0x053,0x1B,    0},    {0x0A6,0xB1,    0},    {0x0B6,0x32,    2},
    {0x0A8,0x66,    0},    {0x0B8,0x0E,    0},    {0x0B1,0x0E,    0},    {0x055,0x0A,    0},
    {0x0A8,0x65,    0},    {0x0B8,0x2B,   43},    {0x0B2,0x0B,    7},    {0x0B8,0x0B,   22},
    {0x0B6,0x12,    7},    {0x0B0,0x12,   28},    {0x0B5,0x03,    7},    {0x0B4,0x0A,    0},
    {0x0B7,0x0A,   15},    {0x044,0x0A,    0},    {0x0A1,0x65,    0},    {0x0B1,0x2B,    7},
    {0x045,0x3F,    0},    {0x042,0x06,    0},    {0x0C2,0x32,    0},    {0x045,0x0A,    0},
    {0x0B2,0x2B,    7},    {0x0B3,0x0B,   57},    {0x055,0x3F,    0},    {0x035,0x00,    0},
    {0x075,0xE8,    0},    {0x095,0x43,    0},    {0x0F5,0x03,    0},    {0x052,0x10,    0},
    {0x032,0x04,    0},    {0x072,0xC2,    0},    {0x092,0xE6,    1},    {0x0C8,0x3E,    0},
    {0x055,0x30,    0},    {0x0A8,0xB1,    0},    {0x0B8,0x32,    0},    {0x053,0x30,    0},
    {0x0B6,0x32,   42},    {0x0B8,0x12,    0},    {0x0B6,0x12,   21},    {0x043,0x3F,    0},
    {0x023,0x51,    0},    {0x063,0xF0,    0},    {0x083,0xFF,    1},    {0x0E3,0x01,    0},
    {0x040,0x0D,    0},    {0x020,0x10,    0},    {0x060,0xF1,    0},    {0x080,0xFF,    0},
    {0x0C0,0x3C,    0},    {0x043,0x09,    0},    {0x0A0,0x65,    0},    {0x0B0,0x2F,    7},
    {0x04D,0x3F,    0},    {0x02D,0x51,    0},    {0x06D,0xF0,    0},    {0x08D,0xFF,    0},
    {0x04A,0x06,    0},    {0x02A,0x10,    0},    {0x06A,0xF1,    0},    {0x08A,0xFF,    0},
    {0x0C5,0x32,    0},    {0x04D,0x09,    0},    {0x0A5,0x65,    0},    {0x0B5,0x2F,   57},
    {0x0B1,0x0B,    7},    {0x0B2,0x0B,   64},    {0x0B0,0x0F,    0},    {0x04C,0x3F,    0},
    {0x02C,0x51,    0},    {0x06C,0xF0,    0},    {0x08C,0xFF,    0},    {0x0EC,0x01,    0},
    {0x049,0x0D,    0},    {0x029,0x10,    0},    {0x069,0xF1,    0},    {0x089,0xFF,    1},
    {0x0C4,0x3C,    0},    {0x04C,0x0B,    0},    {0x0A4,0x65,    0},    {0x0B4,0x2B,    6},
    {0x0B5,0x0F,    0},    {0x054,0x3F,    0},    {0x034,0x51,    0},    {0x074,0xF0,    0},
    {0x094,0xFF,    0},    {0x0F4,0x01,    0},    {0x051,0x06,    1},    {0x031,0x10,    0},
    {0x071,0xF1,    0},    {0x0C7,0x32,    0},    {0x054,0x0B,    0},    {0x0A7,0x65,    0},
    {0x0B7,0x2B,   42},    {0x0B4,0x0B,    7},    {0x0B7,0x0B,   86},    {0x04B,0x3F,    0},
    {0x02B,0x51,    0},    {0x06B,0xF0,    0},    {0x08B,0xFF,    0},    {0x0EB,0x01,    0},
    {0x048,0x0D,    0},    {0x028,0x10,    0},    {0x068,0xF1,    0},    {0x088,0xFF,    0},
    {0x0C3,0x3C,    0},    {0x04B,0x0A,    0},    {0x0B3,0x2B,    1},    {0x055,0x3F,    0},
    {0x035,0x51,    0},    {0x075,0xF0,    0},    {0x095,0xFF,    0},    {0x0F5,0x01,    0},
    {0x052,0x06,    0},    {0x032,0x10,    0},    {0x072,0xF1,    0},    {0x092,0xFF,    0},
    {0x0C8,0x32,    0},    {0x055,0x0A,    0},    {0x0A8,0x65,    0},    {0x0B8,0x2B,  135},
    {0x053,0x3F,    0},    {0x033,0x51,    0},    {0x073,0xF0,    0},    {0x093,0xFF,    0},
    {0x0F3,0x01,    0},    {0x050,0x0D,    0},    {0x030,0x10,    0},    {0x070,0xF1,    0},
    {0x090,0xFF,    0},    {0x0C6,0x3C,    0},    {0x053,0x0A,    0},    {0x0A6,0x06,    0},
    {0x0B6,0x2F,    0},    {0x044,0x3F,    0},    {0x041,0x06,    1},    {0x0C1,0x32,    0},
    {0x044,0x0A,    0},    {0x0A1,0x06,    0},    {0x0B1,0x2F,   20},    {0x0B3,0x0B,    0},
    {0x0B8,0x0B,  114},    {0x045,0x3F,    1},    {0x042,0x0D,    0},    {0x0C2,0x3C,    0},
    {0x045,0x0A,    0},    {0x0B2,0x2B,    0},    {0x0B6,0x0F,    6},    {0x043,0x3F,    1},
    {0x040,0x06,    0},    {0x0C0,0x32,    0},    {0x043,0x0A,    0},    {0x0B0,0x2B,    0},
    {0x0B1,0x0F,   49},    {0x0B2,0x0B,    1},    {0x0B0,0x0B,   78},    {0x04D,0x3F,    0},
    {0x04A,0x0D,    0},    {0x0C5,0x3C,    0},    {0x04D,0x09,    1},    {0x0B5,0x2B,    6},
    {0x04C,0x3F,    0},    {0x049,0x06,    1},    {0x0C4,0x32,    0},    {0x04C,0x09,    0},
    {0x0B4,0x2B,  128},    {0x054,0x3F,    0},    {0x051,0x0D,    0},    {0x0C7,0x3C,    0},
    {0x054,0x08,    0},    {0x0A7,0xB1,    0},    {0x0B7,0x2E,    7},    {0x04B,0x3F,    0},
    {0x048,0x06,    0},    {0x0C3,0x32,    0},    {0x04B,0x08,    0},    {0x0A3,0xB1,    0},
    {0x0B3,0x2E,    0},    {0x0B5,0x0B,    7},    {0x0B4,0x0B,  114},    {0x0B7,0x0E,    7},
    {0x055,0x3F,    1},    {0x052,0x0D,    0},    {0x0C8,0x3C,    0},    {0x055,0x0B,    0},
    {0x0B8,0x2B,    0},    {0x0B3,0x0E,    7},    {0x053,0x3F,    0},    {0x050,0x06,    0},
    {0x0C6,0x32,    0},    {0x053,0x0B,    0},    {0x0A6,0x65,    0},    {0x0B6,0x2B,   35},
    {0x0B8,0x0B,    7},    {0x0B6,0x0B,   86},    {0x044,0x3F,    0},    {0x041,0x0D,    1},
    {0x0C1,0x3C,    0},    {0x044,0x0A,    0},    {0x0A1,0x65,    0},    {0x0B1,0x2B,    6},
    {0x045,0x3F,    0},    {0x042,0x06,    1},    {0x0C2,0x32,    0},    {0x045,0x0A,    0},
    {0x0B2,0x2B,  128},    {0x043,0x3F,    0},    {0x040,0x0D,    0},    {0x0C0,0x3C,    0},
    {0x043,0x09,    0},    {0x0A0,0x66,    0},    {0x0B0,0x2E,    7},    {0x04D,0x3F,    0},
    {0x04A,0x06,    0},    {0x0C5,0x32,    0},    {0x04D,0x09,    0},    {0x0A5,0x66,    1},
    {0x0B5,0x2E,    0},    {0x0B1,0x0B,    6},    {0x0B2,0x0B,  122},    {0x04C,0x3F,    0},
    {0x049,0x0D,    0},    {0x0C4,0x3C,    0},    {0x04C,0x0A,    0},    {0x0B4,0x2B,    7},
    {0x054,0x3F,    0},    {0x051,0x06,    0},    {0x0C7,0x32,    0},    {0x054,0x0A,    0},
    {0x0A7,0x65,    0},    {0x0B7,0x2B,   14},    {0x0B0,0x0E,    0},    {0x0B5,0x0E,   21},
    {0x0B4,0x0B,    8},    {0x0B7,0x0B,   85},    {0x04B,0x3F,    0},    {0x048,0x0D,    1},
    {0x0C3,0x3C,    0},    {0x04B,0x0A,    0},    {0x0A3,0x65,    0},    {0x0B3,0x2B,    6},
    {0x055,0x3F,    1},    {0x052,0x06,    0},    {0x0C8,0x32,    0},    {0x055,0x0A,    0},
    {0x0B8,0x2B,  128},    {0x053,0x3F,    0},    {0x050,0x0D,    0},    {0x0C6,0x3C,    0},
    {0x053,0x0A,    0},    {0x0A6,0x8B,    1},    {0x0B6,0x2E,    6},    {0x044,0x3F,    0},
    {0x041,0x06,    1},    {0x0C1,0x32,    0},    {0x044,0x0A,    0},    {0x0A1,0x8B,    0},
    {0x0B1,0x2E,  128},    {0x0B6,0x0E,    7},    {0x045,0x3F,    0},    {0x042,0x0D,    0},
    {0x0C2,0x3C,    0},    {0x045,0x0A,    0},    {0x0A2,0xB1,    0},    {0x0B2,0x2E,    0},
    {0x0B1,0x0E,    0},    {0x043,0x3F,    1},    {0x040,0x06,    0},    {0x0C0,0x32,    0},
    {0x043,0x0A,    0},    {0x0A0,0xB1,    0},    {0x0B0,0x2E,   70},    {0x0B3,0x0B,    7},
    {0x0B8,0x0B,   50},    {0x0B2,0x0E,    7},    {0x04D,0x3F,    1},    {0x04A,0x0D,    0},
    {0x0C5,0x3C,    0},    {0x04D,0x0A,    0},    {0x0A5,0x65,    0},    {0x0B5,0x2B,    0},
    {0x04C,0xBF,    0},    {0x02C,0x30,    0},    {0x06C,0xE1,    0},    {0x08C,0xD6,    0},
    {0x0EC,0x00,    0},    {0x049,0x8F,    0},    {0x029,0x20,    0},    {0x069,0xE0,    0},
    {0x089,0x14,    1},    {0x0C4,0x38,    0},    {0x04C,0x89,    0},    {0x0B4,0x2B,    0},
    {0x054,0x3F,    0},    {0x034,0x00,    0},    {0x074,0xF9,    0},    {0x094,0x06,    0},
    {0x0F4,0x00,    0},    {0x051,0x00,    0},    {0x031,0x00,    0},    {0x071,0xFA,    0},
    {0x091,0x47,    0},    {0x0C7,0x36,    0},    {0x054,0x07,    0},    {0x0A7,0xDA,    0},
    {0x0B7,0x26,    0},    {0x053,0x3F,    0},    {0x033,0x03,    0},    {0x073,0xF7,    0},
    {0x093,0x38,    1},    {0x050,0x3F,    0},    {0x030,0x02,    0},    {0x070,0xF5,    0},
    {0x090,0x6C,    0},    {0x0C6,0x37,    0},    {0x053,0x07,    0},    {0x050,0x07,    0},
    {0x0A6,0x34,    0},    {0x0B6,0x23,    0},    {0x044,0x3F,    0},    {0x024,0x00,    0},
    {0x064,0x00,    0},    {0x084,0xF0,    0},    {0x0E4,0x00,    0},    {0x041,0x3F,    0},
    {0x021,0x00,    0},    {0x061,0x00,    0},    {0x081,0xF0,    0},    {0x0C1,0x30,    0},
    {0x044,0x07,    1},    {0x0A1,0xB1,    0},    {0x0B1,0x2A,    0},    {0x04B,0x3F,    0},
    {0x02B,0x00,    0},    {0x06B,0xF7,    0},    {0x08B,0xFA,    0},    {0x0EB,0x00,    0},
    {0x048,0x00,    0},    {0x028,0x06,    0},    {0x068,0xAA,    0},    {0x0C3,0x3E,    0},
    {0x04B,0x07,    0},    {0x0A3,0xB1,    0},    {0x0B3,0x2A,    0},    {0x055,0x3F,    0},
    {0x035,0x00,    0},    {0x075,0xE8,    0},    {0x095,0x43,    0},    {0x0F5,0x03,    0},
    {0x052,0x10,    0},    {0x032,0x04,    1},    {0x072,0xC2,    0},    {0x092,0xE6,    0},
    {0x0C8,0x3E,    0},    {0x055,0x14,    0},    {0x0A8,0xB1,    0},    {0x0B8,0x32,    0},
    {0x045,0x3F,    0},    {0x025,0x00,    0},    {0x065,0xE8,    0},    {0x085,0x43,    0},
    {0x0E5,0x03,    0},    {0x042,0x10,    0},    {0x022,0x04,    0},    {0x062,0xC2,    0},
    {0x082,0xE6,    0},    {0x0C2,0x3E,    0},    {0x045,0x16,    0},    {0x0B2,0x32,    0},
    {0x0B0,0x0E,    0},    {0x0A0,0x65,    1},    {0x0B0,0x2B,   37},    {0x0B5,0x0B,    7},
    {0x0B0,0x0B,   22},    {0x0B2,0x12,   14},    {0x0B8,0x12,    7},    {0x0B7,0x06,   15},
    {0x0B6,0x03,    7},    {0x0B1,0x0A,    0},    {0x0B3,0x0A,   21},    {0x0B5,0x2B,    7},
    {0x0B0,0x2B,   43},    {0x0B4,0x0B,   14},    {0x045,0x3F,    1},    {0x045,0x30,    0},
    {0x0B2,0x32,    0},    {0x055,0x3F,    1},    {0x055,0x30,    0},    {0x0B8,0x32,   48},
    {0x0B2,0x12,    1},    {0x0B8,0x12,   21},    {0x054,0x3F,    0},    {0x034,0x51,    0},
    {0x074,0xF0,    0},    {0x094,0xFF,    0},    {0x0F4,0x01,    0},    {0x051,0x0D,    0},
    {0x031,0x10,    0},    {0x071,0xF1,    0},    {0x091,0xFF,    0},    {0x0C7,0x3C,    0},
    {0x054,0x08,    0},    {0x0A7,0x65,    0},    {0x0B7,0x2F,    7},    {0x053,0x3F,    0},
    {0x033,0x51,    0},    {0x073,0xF0,    0},    {0x093,0xFF,    0},    {0x050,0x06,    0},
    {0x030,0x10,    0},    {0x070,0xF1,    0},    {0x090,0xFF,    0},    {0x0C6,0x32,    1},
    {0x053,0x08,    0},    {0x0A6,0x65,    0},    {0x0B6,0x2F,   92},    {0x0B5,0x0B,    7},
    {0x0B0,0x0B,   29},    {0x044,0x3F,    0},    {0x024,0x51,    0},    {0x064,0xF0,    0},
    {0x084,0xFF,    0},    {0x0E4,0x01,    0},    {0x041,0x0D,    0},    {0x021,0x10,    0},
    {0x061,0xF1,    0},    {0x081,0xFF,    0},    {0x0C1,0x3C,    0},    {0x044,0x0A,    0},
    {0x0A1,0x65,    0},    {0x0B1,0x2B,    7},    {0x04B,0x3F,    0},    {0x02B,0x51,    0},
    {0x06B,0xF0,    0},    {0x08B,0xFF,    0},    {0x0EB,0x01,    0},    {0x048,0x06,    0},
    {0x028,0x10,    0},    {0x068,0xF1,    0},    {0x0C3,0x32,    0},    {0x04B,0x0A,    0},
    {0x0A3,0x65,    0},    {0x0B3,0x2B,    7},    {0x0B7,0x0F,    7},    {0x0B6,0x0F,   29},
    {0x0B1,0x0B,    7},    {0x0B3,0x0B,   78},    {0x04C,0x3F,    0},    {0x02C,0x51,    0},
    {0x06C,0xF0,    0},    {0x08C,0xFF,    0},    {0x0EC,0x01,    1},    {0x049,0x0D,    0},
    {0x029,0x10,    0},    {0x069,0xF1,    0},    {0x089,0xFF,    0},    {0x0C4,0x3C,    0},
    {0x04C,0x0A,    0},    {0x0B4,0x2B,    6},    {0x045,0x3F,    0},    {0x025,0x51,    1},
    {0x065,0xF0,    0},    {0x085,0xFF,    0},    {0x0E5,0x01,    0},    {0x042,0x06,    0},
    {0x022,0x10,    0},    {0x062,0xF1,    0},    {0x082,0xFF,    0},    {0x0C2,0x32,    0},
    {0x045,0x0A,    0},    {0x0A2,0x65,    0},    {0x0B2,0x2B,  128},    {0x055,0x3F,    0},
    {0x035,0x51,    0},    {0x075,0xF0,    0},    {0x095,0xFF,    0},    {0x0F5,0x01,    0},
    {0x052,0x0D,    0},    {0x032,0x10,    0},    {0x072,0xF1,    0},    {0x092,0xFF,    0},
    {0x0C8,0x3C,    0},    {0x055,0x0A,    1},    {0x0A8,0x06,    0},    {0x0B8,0x2F,    6},
    {0x04D,0x3F,    0},    {0x04A,0x06,    1},    {0x0C5,0x32,    0},    {0x04D,0x0A,    0},
    {0x0A5,0x06,    0},    {0x0B5,0x2F,   28},    {0x0B4,0x0B,    7},    {0x0B2,0x0B,   93},
    {0x0B8,0x0F,    0},    {0x043,0x3F,    0},    {0x040,0x0D,    0},    {0x0C0,0x3C,    0},
    {0x043,0x09,    0},    {0x0B0,0x2B,    7},    {0x0B5,0x0F,    0},    {0x054,0x3F,    0},
    {0x051,0x06,    0},    {0x0C7,0x32,    0},    {0x054,0x09,    0},    {0x0B7,0x2B,   36},
    {0x0B0,0x0B,    7},    {0x0B7,0x0B,   85},    {0x053,0x3F,    1},    {0x050,0x0D,    0},
    {0x0C6,0x3C,    0},    {0x053,0x09,    0},    {0x0B6,0x2B,    7},    {0x044,0x3F,    0},
    {0x041,0x06,    0},    {0x0C1,0x32,    0},    {0x044,0x09,    0},    {0x0B1,0x2B,   78},
    {0x0B6,0x0B,    0},    {0x0B1,0x0B,   50},    {0x04B,0x3F,    0},    {0x048,0x0D,    1},
    {0x0C3,0x3C,    0},    {0x04B,0x0A,    0},    {0x0A3,0x34,    0},    {0x0B3,0x33,    0},
    {0x04C,0x3F,    0},    {0x02C,0x03,    0},    {0x06C,0xF7,    0},    {0x08C,0x38,    0},
    {0x049,0x3F,    0},    {0x029,0x02,    0},    {0x069,0xF5,    0},    {0x089,0x6C,    0},
    {0x0C4,0x37,    0},    {0x04C,0x0F,    0},    {0x049,0x0F,    0},    {0x0A4,0x34,    0},
    {0x0B4,0x23,    0},    {0x045,0x3F,    0},    {0x025,0x00,    0},    {0x065,0x00,    1},
    {0x085,0xF0,    0},    {0x0E5,0x00,    0},    {0x042,0x3F,    0},    {0x022,0x00,    0},
    {0x062,0x00,    0},    {0x082,0xF0,    0},    {0x0C2,0x30,    0},    {0x045,0x0F,    0},
    {0x0A2,0xB1,    0},    {0x0B2,0x2A,    0},    {0x055,0x3F,    0},    {0x035,0x00,    0},
    {0x075,0xF7,    0},    {0x095,0xFA,    0},    {0x0F5,0x00,    0},    {0x052,0x00,    0},
    {0x032,0x06,    0},    {0x072,0xAA,    0},    {0x0C8,0x3E,    0},    {0x055,0x0F,    0},
    {0x0A8,0xB1,    1},    {0x0B8,0x2A,    0},    {0x04D,0x3F,    0},    {0x02D,0x00,    0},
    {0x06D,0xF9,    0},    {0x08D,0x06,    0},    {0x0ED,0x00,    0},    {0x04A,0x00,    0},
    {0x02A,0x00,    0},    {0x06A,0xFA,    0},    {0x08A,0x47,    0},    {0x0C5,0x36,    0},
    {0x04D,0x0E,    0},    {0x0A5,0xDA,    0},    {0x0B5,0x26,    4},    {0x043,0x3F,    0},
    {0x040,0x06,    1},    {0x0C0,0x32,    0},    {0x043,0x0A,    0},    {0x0A0,0xCF,    0},
    {0x0B0,0x33,   56},    {0x0B4,0x03,    0},    {0x0B2,0x0A,    0},    {0x0B8,0x0A,    1},
    {0x0B5,0x06,    7},    {0x0B3,0x13,    0},    {0x054,0x3F,    0},    {0x051,0x0D,    0},
    {0x0C7,0x3C,    0},    {0x054,0x0B,    0},    {0x0A7,0xB1,    0},    {0x0B7,0x32,    7},
    {0x0B0,0x13,    0},    {0x053,0x3F,    0},    {0x050,0x06,    0},    {0x0C6,0x32,    0},
    {0x053,0x0B,    0},    {0x0B6,0x33,   57},    {0x0B7,0x12,    0},    {0x044,0x3F,    0},
    {0x041,0x0D,    0},    {0x0C1,0x3C,    0},    {0x044,0x0A,    0},    {0x0A1,0x8B,    0},
    {0x0B1,0x32,    0},    {0x04C,0x3F,    1},    {0x02C,0x00,    0},    {0x06C,0xF9,    0},
    {0x08C,0x06,    0},    {0x0EC,0x00,    0},    {0x049,0x00,    0},    {0x029,0x00,    0},
    {0x069,0xFA,    0},    {0x089,0x47,    0},    {0x0C4,0x36,    0},    {0x04C,0x10,    0},
    {0x0A4,0xDA,    0},    {0x0B4,0x26,    0},    {0x045,0x3F,    0},    {0x025,0x03,    0},
    {0x065,0xF7,    0},    {0x085,0x38,    0},    {0x0E5,0x01,    0},    {0x022,0x02,    0},
    {0x062,0xF5,    0},    {0x082,0x6C,    0},    {0x0C2,0x37,    1},    {0x045,0x0E,    0},
    {0x042,0x0E,    0},    {0x0A2,0x34,    0},    {0x0B2,0x23,    0},    {0x055,0x3F,    0},
    {0x075,0x00,    0},    {0x095,0xF0,    0},    {0x052,0x3F,    0},    {0x032,0x00,    0},
    {0x072,0x00,    0},    {0x092,0xF0,    0},    {0x0C8,0x30,    0},    {0x055,0x12,    0},
    {0x0B8,0x2A,    0},    {0x04D,0x3F,    0},    {0x06D,0xF7,    0},    {0x08D,0xFA,    1},
    {0x02A,0x06,    0},    {0x06A,0xAA,    0},    {0x08A,0xFF,    0},    {0x0C5,0x3E,    0},
    {0x04D,0x12,    0},    {0x0A5,0xB1,    0},    {0x0B5,0x2A,    4},    {0x0B6,0x13,    0},
    {0x04B,0x3F,    0},    {0x048,0x06,    0},    {0x0C3,0x32,    0},    {0x04B,0x0A,    1},
    {0x0B3,0x33,   49},    {0x0B2,0x03,    0},    {0x0B8,0x0A,    0},    {0x0B5,0x0A,    7},
    {0x0B4,0x06,    7},    {0x0B1,0x12,    0},    {0x043,0x3F,    0},    {0x040,0x0D,    1},
    {0x0C0,0x3C,    0},    {0x043,0x0C,    0},    {0x0A0,0x34,    0},    {0x0B0,0x33,    6},
    {0x0B3,0x13,    0},    {0x054,0x3F,    1},    {0x051,0x06,    0},    {0x0C7,0x32,    0},
    {0x054,0x0C,    0},    {0x0A7,0xCF,    0},    {0x0B7,0x33,   64},    {0x0B0,0x13,    0},
    {0x053,0x3F,    0},    {0x050,0x0D,    0},    {0x0C6,0x3C,    0},    {0x053,0x0A,    0},
    {0x0A6,0xCF,    0},    {0x0B6,0x33,    0},    {0x045,0x3F,    0},    {0x025,0x00,    0},
    {0x065,0xF9,    0},    {0x085,0x06,    0},    {0x0E5,0x00,    1},    {0x042,0x00,    0},
    {0x022,0x00,    0},    {0x062,0xFA,    0},    {0x082,0x47,    0},    {0x0C2,0x36,    0},
    {0x045,0x0F,    0},    {0x0A2,0xDA,    0},    {0x0B2,0x26,    0},    {0x055,0x0F,    0},
    {0x0B8,0x2A,    0},    {0x04D,0x0F,    0},    {0x0B5,0x2A,    0},    {0x04C,0x3F,    0},
    {0x02C,0x03,    0},    {0x06C,0xF7,    0},    {0x08C,0x38,    0},    {0x0EC,0x01,    0},
    {0x049,0x3F,    0},    {0x029,0x02,    0},    {0x069,0xF5,    1},    {0x089,0x6C,    0},
    {0x0C4,0x37,    0},    {0x04C,0x0F,    0},    {0x049,0x0F,    0},    {0x0A4,0x34,    0},
    {0x0B4,0x23,    0},    {0x0B7,0x13,    0},    {0x044,0x3F,    0},    {0x041,0x06,    0},
    {0x0C1,0x32,    0},    {0x044,0x0A,    0},    {0x0A1,0x44,    0},    {0x0B1,0x36,   62},
    {0x0B2,0x06,    0},    {0x0B4,0x03,    0},    {0x0B6,0x13,    0},    {0x04B,0x3F,    0},
    {0x048,0x0D,    1},    {0x0C3,0x3C,    0},    {0x04B,0x0C,    0},    {0x0A3,0x65,    0},
    {0x0B3,0x33,    6},    {0x0B8,0x0A,    0},    {0x0B5,0x0A,    0},    {0x0B1,0x16,    0},
    {0x043,0x3F,    0},    {0x040,0x06,    1},    {0x0C0,0x32,    0},    {0x043,0x0C,    0},
    {0x0A0,0x04,    0},    {0x0B0,0x36,   63},    {0x0B3,0x13,    0},    {0x054,0x3F,    1},
    {0x051,0x0D,    0},    {0x0C7,0x3C,    0},    {0x054,0x09,    0},    {0x0A7,0x34,    0},
    {0x0B7,0x33,    0},    {0x0B2,0x26,    0},    {0x0B4,0x23,    0},    {0x053,0x3F,    0},
    {0x033,0x00,    0},    {0x073,0x00,    0},    {0x093,0xF0,    0},    {0x0F3,0x00,    0},
    {0x050,0x3F,    0},    {0x030,0x00,    1},    {0x070,0x00,    0},    {0x090,0xF0,    0},
    {0x0C6,0x30,    0},    {0x053,0x14,    0},    {0x0A6,0xB1,    0},    {0x0B6,0x2A,    0},
    {0x055,0x3F,    0},    {0x075,0xF7,    0},    {0x095,0xFA,    0},    {0x052,0x00,    0},
    {0x032,0x06,    0},    {0x072,0xAA,    0},    {0x092,0xFF,    0},    {0x0C8,0x3E,    0},
    {0x055,0x14,    0},    {0x0B8,0x2A,    0},    {0x0B0,0x16,    0},    {0x04D,0x3F,    1},
    {0x02D,0x51,    0},    {0x06D,0xF0,    0},    {0x08D,0xFF,    0},    {0x0ED,0x01,    0},
    {0x04A,0x06,    0},    {0x02A,0x10,    0},    {0x06A,0xF1,    0},    {0x0C5,0x32,    0},
    {0x04D,0x09,    0},    {0x0A5,0xCF,    0},    {0x0B5,0x33,   54},    {0x0B4,0x03,    8},
    {0x0B6,0x0A,    0},    {0x0B8,0x0A,    0},    {0x0B7,0x13,    0},    {0x044,0x3F,    0},
    {0x041,0x0D,    0},    {0x0C1,0x3C,    0},    {0x044,0x0C,    0},    {0x0A1,0x8B,    0},
    {0x0B1,0x32,    7},    {0x0B2,0x06,    0},    {0x0B5,0x13,    0},    {0x04B,0x3F,    0},
    {0x048,0x06,    0},    {0x0C3,0x32,    0},    {0x04B,0x0C,    0},    {0x0A3,0x34,    0},
    {0x0B3,0x33,   64},    {0x0B1,0x12,    0},    {0x043,0x3F,    0},    {0x040,0x0D,    1},
    {0x0C0,0x3C,    0},    {0x043,0x0A,    0},    {0x0A0,0x34,    0},    {0x0B0,0x33,    0},
    {0x04C,0x3F,    0},    {0x02C,0x00,    0},    {0x06C,0xF9,    0},    {0x08C,0x06,    0},
    {0x0EC,0x00,    0},    {0x049,0x00,    0},    {0x029,0x00,    0},    {0x069,0xFA,    0},
    {0x089,0x47,    0},    {0x0C4,0x36,    0},    {0x04C,0x0E,    0},    {0x0A4,0xDA,    0},
    {0x0B4,0x26,    0},    {0x053,0x3F,    0},    {0x033,0x03,    0},    {0x073,0xF7,    0},
    {0x093,0x38,    1},    {0x0F3,0x01,    0},    {0x030,0x02,    0},    {0x070,0xF5,    0},
    {0x090,0x6C,    0},    {0x0C6,0x37,    0},    {0x053,0x0F,    0},    {0x050,0x0F,    0},
    {0x0A6,0x34,    0},    {0x0B6,0x23,    0},    {0x055,0x3F,    0},    {0x075,0x00,    0},
    {0x095,0xF0,    0},    {0x052,0x3F,    0},    {0x032,0x00,    0},    {0x072,0x00,    0},
    {0x092,0xF0,    0},    {0x0C8,0x30,    0},    {0x055,0x0F,    1},    {0x0B8,0x2A,    0},
    {0x054,0x3F,    0},    {0x034,0x00,    0},    {0x074,0xF7,    0},    {0x094,0xFA,    0},
    {0x0F4,0x00,    0},    {0x051,0x00,    0},    {0x031,0x06,    0},    {0x071,0xAA,    0},
    {0x0C7,0x3E,    0},    {0x054,0x0F,    0},    {0x0A7,0xB1,    0},    {0x0B7,0x2A,    4},
    {0x0B3,0x13,    0},    {0x045,0x3F,    0},    {0x025,0x51,    0},    {0x065,0xF0,    0},
    {0x085,0xFF,    0},    {0x0E5,0x01,    0},    {0x042,0x06,    1},    {0x022,0x10,    0},
    {0x062,0xF1,    0},    {0x082,0xFF,    0},    {0x0C2,0x32,    0},    {0x045,0x0A,    0},
    {0x0A2,0xCF,    0},    {0x0B2,0x33,   49},    {0x0B4,0x06,    7},    {0x0B6,0x03,    0},
    {0x0B8,0x0A,    0},    {0x0B7,0x0A,    0},    {0x0B0,0x13,    1},    {0x04D,0x3F,    0},
    {0x04A,0x0D,    0},    {0x0C5,0x3C,    0},    {0x04D,0x0C,    0},    {0x0A5,0x65,    0},
    {0x0B5,0x33,    6},    {0x0B2,0x13,    1},    {0x044,0x3F,    0},    {0x041,0x06,    0},
    {0x0C1,0x32,    0},    {0x044,0x0C,    0},    {0x0A1,0x04,    0},    {0x0B1,0x36,   64},
    {0x0B5,0x13,    0},    {0x04B,0x3F,    0},    {0x048,0x0D,    0},    {0x0C3,0x3C,    0},
    {0x04B,0x0A,    0},    {0x0A3,0xCF,    0},    {0x0B3,0x33,    0},    {0x0B4,0x26,    1},
    {0x053,0x3F,    0},    {0x033,0x00,    0},    {0x073,0x00,    0},    {0x093,0xF0,    0},
    {0x0F3,0x00,    0},    {0x050,0x3F,    0},    {0x030,0x00,    0},    {0x070,0x00,    0},
    {0x090,0xF0,    0},    {0x0C6,0x30,    0},    {0x053,0x11,    0},    {0x0A6,0xB1,    0},
    {0x0B6,0x2A,    0},    {0x055,0x3F,    0},    {0x075,0xF7,    0},    {0x095,0xFA,    0},
    {0x052,0x00,    0},    {0x032,0x06,    0},    {0x072,0xAA,    0},    {0x092,0xFF,    1},
    {0x0C8,0x3E,    0},    {0x055,0x11,    0},    {0x0B8,0x2A,    0},    {0x054,0x3F,    0},
    {0x034,0x03,    0},    {0x094,0x38,    0},    {0x0F4,0x01,    0},    {0x051,0x3F,    0},
    {0x031,0x02,    0},    {0x071,0xF5,    0},    {0x091,0x6C,    0},    {0x0C7,0x37,    0},
    {0x054,0x10,    0},    {0x051,0x10,    0},    {0x0A7,0x34,    0},    {0x0B7,0x23,    5},
    {0x0B1,0x16,    0},    {0x043,0x3F,    0},    {0x040,0x06,    0},    {0x0C0,0x32,    0},
    {0x043,0x0A,    0},    {0x0A0,0x44,    1},    {0x0B0,0x36,   56},    {0x0B7,0x03,    0},
    {0x0B4,0x06,    0},    {0x0B6,0x0A,    0},    {0x0B8,0x0A,    0},    {0x0B3,0x13,    0},
    {0x045,0x3F,    1},    {0x042,0x0D,    0},    {0x0C2,0x3C,    0},    {0x045,0x0C,    0},
    {0x0A2,0x04,    0},    {0x0B2,0x36,    6},    {0x0B0,0x16,    0},    {0x04D,0x3F,    0},
    {0x04A,0x06,    1},    {0x0C5,0x32,    0},    {0x04D,0x0C,    0},    {0x0A5,0x8B,    0},
    {0x0B5,0x36,   63},    {0x0B2,0x16,    1},    {0x044,0x3F,    0},    {0x041,0x0D,    0},
    {0x0C1,0x3C,    0},    {0x044,0x0A,    0},    {0x0A1,0xCF,    0},    {0x0B1,0x33,    0},
    {0x054,0x3F,    0},    {0x034,0x00,    0},    {0x074,0xF9,    0},    {0x094,0x06,    0},
    {0x0F4,0x00,    0},    {0x051,0x00,    0},    {0x031,0x00,    0},    {0x071,0xFA,    0},
    {0x091,0x47,    1},    {0x0C7,0x36,    0},    {0x054,0x0F,    0},    {0x0A7,0xDA,    0},
    {0x0B7,0x26,    0},    {0x04C,0x3F,    0},    {0x06C,0x00,    0},    {0x08C,0xF0,    0},
    {0x049,0x3F,    0},    {0x069,0x00,    0},    {0x089,0xF0,    0},    {0x0C4,0x30,    0},
    {0x04C,0x0F,    0},    {0x0A4,0xB1,    0},    {0x0B4,0x2A,    0},    {0x053,0x3F,    0},
    {0x073,0xF7,    0},    {0x093,0xFA,    1},    {0x050,0x00,    0},    {0x030,0x06,    0},
    {0x070,0xAA,    0},    {0x090,0xFF,    0},    {0x0C6,0x3E,    0},    {0x053,0x0F,    0},
    {0x0B6,0x2A,    0},    {0x055,0x3F,    0},    {0x035,0x03,    0},    {0x095,0x38,    0},
    {0x0F5,0x01,    0},    {0x052,0x3F,    0},    {0x032,0x02,    0},    {0x072,0xF5,    0},
    {0x092,0x6C,    0},    {0x0C8,0x37,    0},    {0x055,0x0E,    0},    {0x052,0x0E,    1},
    {0x0A8,0x34,    0},    {0x0B8,0x23,    4},    {0x0B5,0x16,    0},    {0x04B,0x3F,    0},
    {0x048,0x06,    0},    {0x0C3,0x32,    0},    {0x04B,0x0A,    0},    {0x0A3,0x44,    0},
    {0x0B3,0x36,   50},    {0x0B7,0x06,    7},    {0x0B8,0x03,    0},    {0x0B1,0x13,    0},
    {0x043,0x3F,    0},    {0x040,0x0D,    0},    {0x0C0,0x3C,    0},    {0x043,0x0C,    0},
    {0x0A0,0x65,    0},    {0x0B0,0x33,    7},    {0x0B4,0x0A,    0},    {0x0B6,0x0A,    0},
    {0x0B3,0x16,    0},    {0x045,0x3F,    0},    {0x042,0x06,    0},    {0x0C2,0x32,    1},
    {0x045,0x0C,    0},    {0x0B2,0x36,   63},    {0x0B0,0x13,    0},    {0x04D,0x3F,    0},
    {0x04A,0x0D,    1},    {0x0C5,0x3C,    0},    {0x04D,0x09,    0},    {0x0A5,0x34,    0},
    {0x0B5,0x33,    0},    {0x054,0x0E,    0},    {0x0B7,0x26,    0},    {0x0B8,0x23,    0},
    {0x044,0x3F,    0},    {0x024,0x00,    0},    {0x064,0x00,    0},    {0x084,0xF0,    0},
    {0x0E4,0x00,    0},    {0x041,0x3F,    0},    {0x021,0x00,    0},    {0x061,0x00,    0},
    {0x081,0xF0,    1},    {0x0C1,0x30,    0},    {0x044,0x0F,    0},    {0x0A1,0xB1,    0},
    {0x0B1,0x2A,    0},    {0x04C,0x3F,    0},    {0x06C,0xF7,    0},    {0x08C,0xFA,    0},
    {0x049,0x00,    0},    {0x029,0x06,    0},    {0x069,0xAA,    0},    {0x089,0xFF,    0},
    {0x0C4,0x3E,    0},    {0x04C,0x0F,    0},    {0x0B4,0x2A,    5},    {0x0B2,0x16,    0},
    {0x053,0x3F,    0},    {0x033,0x51,    0},    {0x073,0xF0,    0},    {0x093,0xFF,    1},
    {0x0F3,0x01,    0},    {0x050,0x06,    0},    {0x030,0x10,    0},    {0x070,0xF1,    0},
    {0x0C6,0x32,    0},    {0x053,0x09,    0},    {0x0A6,0xCF,    0},    {0x0B6,0x33,   56},
    {0x0B8,0x03,    0},    {0x0B1,0x0A,    1},    {0x0B4,0x0A,    0},    {0x0B7,0x06,    7},
    {0x0B5,0x13,    0},    {0x04B,0x3F,    0},    {0x048,0x0D,    0},    {0x0C3,0x3C,    0},
    {0x04B,0x0C,    0},    {0x0A3,0x8B,    0},    {0x0B3,0x32,    0},    {0x0B6,0x13,    0},
    {0x043,0x3F,    1},    {0x040,0x06,    0},    {0x0C0,0x32,    0},    {0x043,0x0C,    0},
    {0x0A0,0x34,    0},    {0x0B0,0x33,   63},    {0x0B3,0x12,    0},    {0x045,0x3F,    0},
    {0x042,0x0D,    0},    {0x0C2,0x3C,    0},    {0x045,0x0A,    0},    {0x0A2,0x65,    0},
    {0x0B2,0x2B,    1},    {0x055,0xBF,    0},    {0x035,0x30,    0},    {0x075,0xE1,    0},
    {0x095,0xD6,    0},    {0x0F5,0x00,    0},    {0x052,0x8F,    0},    {0x032,0x20,    0},
    {0x072,0xE0,    0},    {0x092,0x14,    0},    {0x0C8,0x38,    0},    {0x055,0x90,    0},
    {0x0A8,0x65,    0},    {0x0B8,0x2B,    0},    {0x044,0x3F,    0},    {0x064,0xF9,    0},
    {0x084,0x06,    0},    {0x041,0x00,    0},    {0x061,0xFA,    0},    {0x081,0x47,    1},
    {0x0C1,0x36,    0},    {0x044,0x08,    0},    {0x0A1,0xDA,    0},    {0x0B1,0x26,    5},
    {0x04C,0x3F,    0},    {0x02C,0x0B,    0},    {0x06C,0xF9,    0},    {0x08C,0x33,    0},
    {0x0EC,0x02,    0},    {0x049,0x45,    0},    {0x029,0x00,    0},    {0x069,0xC7,    0},
    {0x089,0x01,    0},    {0x0E9,0x02,    0},    {0x04C,0x14,    1},    {0x0A4,0x04,    0},
    {0x0B4,0x3A,    0},    {0x0B0,0x13,    0},    {0x054,0x3F,    0},    {0x034,0x51,    0},
    {0x074,0xF0,    0},    {0x094,0xFF,    0},    {0x0F4,0x01,    0},    {0x051,0x06,    0},
    {0x031,0x10,    0},    {0x071,0xF1,    0},    {0x091,0xFF,    0},    {0x0C7,0x32,    0},
    {0x054,0x0A,    0},    {0x0A7,0x65,    0},    {0x0B7,0x2B,   35},    {0x0B2,0x0B,    0},
    {0x0B7,0x0B,   57},    {0x0B8,0x0B,    0},    {0x0B4,0x1A,   14},    {0x0B1,0x06,   22},
    {0x0A5,0x65,    0},    {0x0B5,0x2B,    7},    {0x0A6,0x65,    0},    {0x0B6,0x2B,  128},
    {0x04B,0x09,    0},    {0x0A3,0x65,    0},    {0x0B3,0x2F,    0},    {0x043,0xBF,    0},
    {0x023,0x30,    1},    {0x063,0xE1,    0},    {0x083,0xD6,    0},    {0x0E3,0x00,    0},
    {0x040,0x8F,    0},    {0x020,0x20,    0},    {0x060,0xE0,    0},    {0x080,0x14,    0},
    {0x0C0,0x38,    0},    {0x043,0x8F,    0},    {0x0A0,0x65,    0},    {0x0B0,0x2B,    0},
    {0x045,0x3F,    0},    {0x025,0x00,    0},    {0x065,0x00,    0},    {0x085,0xF0,    0},
    {0x0E5,0x00,    0},    {0x042,0x3F,    0},    {0x022,0x00,    0},    {0x062,0x00,    0},
    {0x082,0xF0,    0},    {0x0C2,0x30,    1},    {0x045,0x08,    0},    {0x0A2,0xB1,    0},
    {0x0B2,0x2A,    0},    {0x054,0x3F,    0},    {0x034,0x00,    0},    {0x074,0xF7,    0},
    {0x094,0xFA,    0},    {0x0F4,0x00,    0},    {0x051,0x00,    0},    {0x031,0x06,    0},
    {0x071,0xAA,    0},    {0x0C7,0x3E,    0},    {0x054,0x08,    0},    {0x0A7,0xB1,    0},
    {0x0B7,0x2A,    5},    {0x055,0x3F,    0},    {0x035,0x51,    1},    {0x075,0xF0,    0},
    {0x095,0xFF,    0},    {0x0F5,0x01,    0},    {0x052,0x06,    0},    {0x032,0x10,    0},
    {0x072,0xF1,    0},    {0x092,0xFF,    0},    {0x0C8,0x32,    0},    {0x055,0x09,    0},
    {0x0B8,0x2F,    7},    {0x04C,0x10,    0},    {0x0B4,0x3A,    7},    {0x0B5,0x0B,    7},
    {0x0B6,0x0B,   64},    {0x0B2,0x0A,    0},    {0x0B7,0x0A,   14},    {0x0B0,0x0B,    0},
    {0x0B4,0x1A,   29},    {0x0B3,0x0F,    0},    {0x044,0x3F,    0},    {0x024,0x51,    0},
    {0x064,0xF0,    0},    {0x084,0xFF,    0},    {0x0E4,0x01,    0},    {0x041,0x0D,    0},
    {0x021,0x10,    0},    {0x061,0xF1,    0},    {0x081,0xFF,    0},    {0x0C1,0x3C,    1},
    {0x044,0x0A,    0},    {0x0A1,0x65,    0},    {0x0B1,0x2B,    6},    {0x0B8,0x0F,    0},
    {0x04D,0x3F,    0},    {0x04A,0x06,    1},    {0x0C5,0x32,    0},    {0x04D,0x0A,    0},
    {0x0B5,0x2B,   35},    {0x0B1,0x0B,    7},    {0x0B5,0x0B,   86},    {0x053,0x3F,    0},
    {0x050,0x0D,    0},    {0x0C6,0x3C,    0},    {0x053,0x0A,    0},    {0x0B6,0x2B,    0},
    {0x045,0xBF,    0},    {0x025,0x30,    0},    {0x065,0xE1,    0},    {0x085,0xD6,    1},
    {0x042,0x8F,    0},    {0x022,0x20,    0},    {0x062,0xE0,    0},    {0x082,0x14,    0},
    {0x0C2,0x38,    0},    {0x045,0x90,    0},    {0x0A2,0x65,    0},    {0x0B2,0x2B,    0},
    {0x054,0x3F,    0},    {0x074,0xF9,    0},    {0x094,0x06,    0},    {0x031,0x00,    0},
    {0x071,0xFA,    0},    {0x091,0x47,    0},    {0x0C7,0x36,    0},    {0x054,0x09,    0},
    {0x0A7,0xDA,    0},    {0x0B7,0x26,    6},    {0x043,0x3F,    0},    {0x023,0x51,    0},
    {0x063,0xF0,    0},    {0x083,0xFF,    0},    {0x0E3,0x01,    0},    {0x040,0x06,    0},
    {0x020,0x10,    0},    {0x060,0xF1,    0},    {0x080,0xFF,    0},    {0x0C0,0x32,    0},
    {0x043,0x0A,    0},    {0x0B0,0x2B,   14},    {0x04C,0x12,    0},    {0x0B4,0x3A,   57},
    {0x0B7,0x06,   36},    {0x0B2,0x0B,    7},    {0x0B4,0x1A,   22},    {0x04B,0x0A,    0},
    {0x0A3,0x06,    0},    {0x0B3,0x2F,    0},    {0x055,0x3F,    0},    {0x035,0x00,    0},
    {0x075,0xF9,    0},    {0x095,0x06,    0},    {0x0F5,0x00,    0},    {0x052,0x00,    0},
    {0x032,0x00,    0},    {0x072,0xFA,    0},    {0x092,0x47,    0},    {0x0C8,0x36,    0},
    {0x055,0x08,    0},    {0x0A8,0xDA,    0},    {0x0B8,0x26,    0},    {0x044,0x3F,    1},
    {0x041,0x06,    0},    {0x0C1,0x32,    0},    {0x044,0x0A,    0},    {0x0A1,0x06,    0},
    {0x0B1,0x2F,   13},    {0x0B6,0x0B,    7},    {0x0B0,0x0B,   64},    {0x0B8,0x06,   36},
    {0x0B3,0x0F,    0},    {0x0B1,0x0F,   14},    {0x04D,0x3F,    0},    {0x04A,0x0D,    1},
    {0x0C5,0x3C,    0},    {0x04D,0x0B,    0},    {0x0B5,0x2B,    0},    {0x054,0xBF,    0},
    {0x034,0x30,    0},    {0x074,0xE1,    0},    {0x094,0xD6,    0},    {0x051,0x8F,    0},
    {0x031,0x20,    0},    {0x071,0xE0,    0},    {0x091,0x14,    0},    {0x0C7,0x38,    0},
    {0x054,0x8F,    0},    {0x0A7,0x65,    0},    {0x0B7,0x2B,    0},    {0x045,0x3F,    0},
    {0x025,0x00,    1},    {0x065,0x00,    0},    {0x085,0xF0,    0},    {0x042,0x3F,    0},
    {0x022,0x00,    0},    {0x062,0x00,    0},    {0x082,0xF0,    0},    {0x0C2,0x30,    0},
    {0x045,0x07,    0},    {0x0A2,0xB1,    0},    {0x0B2,0x2A,    0},    {0x04C,0x3F,    0},
    {0x02C,0x00,    0},    {0x06C,0xF7,    0},    {0x08C,0xFA,    0},    {0x0EC,0x00,    0},
    {0x049,0x00,    0},    {0x029,0x06,    0},    {0x069,0xAA,    0},    {0x089,0xFF,    0},
    {0x0E9,0x00,    1},    {0x04C,0x07,    0},    {0x0A4,0xB1,    0},    {0x0B4,0x2A,    0},
    {0x053,0x3F,    0},    {0x050,0x06,    0},    {0x0C6,0x32,    0},    {0x053,0x0B,    0},
    {0x0B6,0x2B,   12},    {0x043,0x3F,    0},    {0x023,0x0B,    0},    {0x063,0xF9,    0},
    {0x083,0x33,    0},    {0x0E3,0x02,    0},    {0x040,0x45,    0},    {0x020,0x00,    0},
    {0x060,0xC7,    0},    {0x080,0x01,    0},    {0x0E0,0x02,    0},    {0x0C0,0x3E,    0},
    {0x043,0x12,    0},    {0x0A0,0x04,    0},    {0x0B0,0x3A,   28},    {0x0B5,0x0B,    7},
    {0x0B6,0x0B,   36},    {0x0B2,0x0A,    0},    {0x0B4,0x0A,   21},    {0x0B7,0x0B,    8},
    {0x0B0,0x1A,   21},    {0x055,0x3F,    0},    {0x035,0x51,    0},    {0x075,0xF0,    0},
    {0x095,0xFF,    0},    {0x0F5,0x01,    0},    {0x052,0x0D,    0},    {0x032,0x10,    0},
    {0x072,0xF1,    0},    {0x092,0xFF,    0},    {0x0C8,0x3C,    0},    {0x055,0x0A,    0},
    {0x0A8,0x65,    0},    {0x0B8,0x2B,    7},    {0x04B,0x3F,    0},    {0x048,0x06,    1},
    {0x0C3,0x32,    0},    {0x04B,0x0A,    0},    {0x0A3,0x65,    0},    {0x0B3,0x2B,  128},
    {0x044,0x3F,    0},    {0x041,0x0D,    0},    {0x0C1,0x3C,    0},    {0x044,0x09,    0},
    {0x0A1,0xB1,    0},    {0x0B1,0x2E,    0},    {0x04D,0xBF,    0},    {0x02D,0x30,    0},
    {0x06D,0xE1,    0},    {0x08D,0xD6,    0},    {0x0ED,0x00,    0},    {0x04A,0x8F,    1},
    {0x02A,0x20,    0},    {0x06A,0xE0,    0},    {0x08A,0x14,    0},    {0x0C5,0x38,    0},
    {0x04D,0x8F,    0},    {0x0B5,0x2B,    0},    {0x053,0x3F,    0},    {0x033,0x00,    0},
    {0x073,0xF9,    0},    {0x093,0x06,    0},    {0x0F3,0x00,    0},    {0x050,0x00,    0},
    {0x030,0x00,    0},    {0x070,0xFA,    0},    {0x090,0x47,    0},    {0x0C6,0x36,    0},
    {0x053,0x07,    0},    {0x0A6,0xDA,    0},    {0x0B6,0x26,    0},    {0x0B8,0x0B,    6},
    {0x045,0x3F,    0},    {0x025,0x51,    0},    {0x065,0xF0,    0},    {0x085,0xFF,    0},
    {0x0E5,0x01,    0},    {0x042,0x06,    0},    {0x022,0x10,    0},    {0x062,0xF1,    0},
    {0x082,0xFF,    0},    {0x0C2,0x32,    0},    {0x045,0x09,    0},    {0x0B2,0x2E,    0},
    {0x0B3,0x0B,    0},    {0x04C,0x3F,    0},    {0x02C,0x0B,    1},    {0x06C,0xF9,    0},
    {0x08C,0x33,    0},    {0x0EC,0x02,    0},    {0x049,0x45,    0},    {0x029,0x00,    0},
    {0x069,0xC7,    0},    {0x089,0x01,    0},    {0x0E9,0x02,    0},    {0x04C,0x13,    0},
    {0x0A4,0x04,    0},    {0x0B4,0x3A,   99},    {0x0B6,0x06,    7},    {0x0B4,0x1A,    0},
    {0x0B5,0x0B,   14},    {0x0B1,0x0E,    7},    {0x054,0x3F,    0},    {0x034,0x51,    0},
    {0x074,0xF0,    0},    {0x094,0xFF,    1},    {0x0F4,0x01,    0},    {0x051,0x0D,    0},
    {0x031,0x10,    0},    {0x071,0xF1,    0},    {0x091,0xFF,    0},    {0x0C7,0x3C,    0},
    {0x054,0x0A,    0},    {0x0B7,0x2B,    0},    {0x0B2,0x0E,    6},    {0x043,0x3F,    1},
    {0x023,0x51,    0},    {0x063,0xF0,    0},    {0x083,0xFF,    0},    {0x0E3,0x01,    0},
    {0x040,0x06,    0},    {0x020,0x10,    0},    {0x060,0xF1,    0},    {0x080,0xFF,    0},
    {0x0E0,0x00,    0},    {0x0C0,0x32,    0},    {0x043,0x0A,    0},    {0x0A0,0x65,    0},
    {0x0B0,0x2B,   35},    {0x0B7,0x0B,    7},    {0x0B0,0x0B,   86},    {0x0B8,0x2B,    0},
    {0x04B,0xBF,    0},    {0x02B,0x30,    0},    {0x06B,0xE1,    0},    {0x08B,0xD6,    0},
    {0x0EB,0x00,    0},    {0x048,0x8F,    0},    {0x028,0x20,    0},    {0x068,0xE0,    0},
    {0x088,0x14,    1},    {0x0C3,0x38,    0},    {0x04B,0x8F,    0},    {0x0B3,0x2B,    0},
    {0x053,0x3F,    0},    {0x073,0x00,    0},    {0x093,0xF0,    0},    {0x050,0x3F,    0},
    {0x070,0x00,    0},    {0x090,0xF0,    0},    {0x0C6,0x30,    0},    {0x053,0x08,    0},
    {0x0A6,0xB1,    0},    {0x0B6,0x2A,    0},    {0x04C,0x3F,    0},    {0x02C,0x00,    0},
    {0x06C,0xF7,    0},    {0x08C,0xFA,    1},    {0x0EC,0x00,    0},    {0x049,0x00,    0},
    {0x029,0x06,    0},    {0x069,0xAA,    0},    {0x089,0xFF,    0},    {0x0E9,0x00,    0},
    {0x04C,0x08,    0},    {0x0A4,0xB1,    0},    {0x0B4,0x2A,    5},    {0x04D,0x3F,    0},
    {0x02D,0x51,    0},    {0x06D,0xF0,    0},    {0x08D,0xFF,    0},    {0x0ED,0x01,    0},
    {0x04A,0x06,    0},    {0x02A,0x10,    0},    {0x06A,0xF1,    1},    {0x08A,0xFF,    0},
    {0x0C5,0x32,    0},    {0x04D,0x0A,    0},    {0x0B5,0x2B,   13},    {0x044,0x3F,    1},
    {0x024,0x0B,    0},    {0x064,0xF9,    0},    {0x084,0x33,    0},    {0x0E4,0x02,    0},
    {0x041,0x45,    0},    {0x021,0x00,    0},    {0x061,0xC7,    0},    {0x081,0x01,    0},
    {0x0E1,0x02,    0},    {0x0C1,0x3E,    0},    {0x044,0x14,    0},    {0x0A1,0x04,    0},
    {0x0B1,0x3A,   71},    {0x0B6,0x0A,    0},    {0x0B4,0x0A,   21},    {0x0B3,0x0B,    7},
    {0x0B1,0x1A,   15},    {0x045,0x3F,    0},    {0x042,0x0D,    0},    {0x0C2,0x3C,    0},
    {0x045,0x0A,    0},    {0x0A2,0x66,    0},    {0x0B2,0x2E,    7},    {0x054,0x3F,    0},
    {0x051,0x06,    0},    {0x0C7,0x32,    0},    {0x054,0x0A,    0},    {0x0A7,0x66,    0},
    {0x0B7,0x2E,    7},    {0x0B8,0x0B,    0},    {0x0B5,0x0B,  114},    {0x0B2,0x0E,    7},
    {0x043,0x3F,    1},    {0x040,0x0D,    0},    {0x0C0,0x3C,    0},    {0x043,0x0A,    0},
    {0x0B0,0x2B,    0},    {0x0B7,0x0E,    0},    {0x053,0xBF,    0},    {0x033,0x30,    0},
    {0x073,0xE1,    0},    {0x093,0xD6,    0},    {0x050,0x8F,    0},    {0x030,0x20,    0},
    {0x070,0xE0,    0},    {0x090,0x14,    1},    {0x0C6,0x38,    0},    {0x053,0x91,    0},
    {0x0A6,0x65,    0},    {0x0B6,0x2B,    0},    {0x04C,0x3F,    0},    {0x06C,0xF9,    0},
    {0x08C,0x06,    0},    {0x029,0x00,    0},    {0x069,0xFA,    0},    {0x089,0x47,    0},
    {0x0C4,0x36,    0},    {0x04C,0x09,    0},    {0x0A4,0xDA,    0},    {0x0B4,0x26,    6},
    {0x04B,0x3F,    0},    {0x02B,0x51,    0},    {0x06B,0xF0,    0},    {0x08B,0xFF,    0},
    {0x0EB,0x01,    0},    {0x048,0x06,    0},    {0x028,0x10,    0},    {0x068,0xF1,    0},
    {0x088,0xFF,    0},    {0x0C3,0x32,    0},    {0x04B,0x0A,    0},    {0x0B3,0x2B,    7},
    {0x044,0x13,    0},    {0x0B1,0x3A,   43},    {0x0B0,0x0B,    7},    {0x0B3,0x0B,    7},
    {0x0B4,0x06,   36},    {0x0B1,0x1A,    7},    {0x0B6,0x0B,   21},    {0x0B8,0x2B,    0},
    {0x04D,0x3F,    0},    {0x02D,0x00,    0},    {0x06D,0xF9,    0},    {0x08D,0x06,    0},
    {0x0ED,0x00,    0},    {0x04A,0x00,    1},    {0x02A,0x00,    0},    {0x06A,0xFA,    0},
    {0x08A,0x47,    0},    {0x0C5,0x36,    0},    {0x04D,0x08,    0},    {0x0A5,0xDA,    0},
    {0x0B5,0x26,    6},    {0x045,0x3F,    1},    {0x042,0x06,    0},    {0x0C2,0x32,    0},
    {0x045,0x0A,    0},    {0x0A2,0x65,    0},    {0x0B2,0x2B,   78},    {0x0B5,0x06,   50},
    {0x054,0x3F,    0},    {0x051,0x0D,    0},    {0x0C7,0x3C,    0},    {0x054,0x0A,    0},
    {0x0A7,0x8B,    0},    {0x0B7,0x2E,    0},    {0x043,0xBF,    1},    {0x023,0x30,    0},
    {0x063,0xE1,    0},    {0x083,0xD6,    0},    {0x0E3,0x00,    0},    {0x040,0x8F,    0},
    {0x020,0x20,    0},    {0x060,0xE0,    0},    {0x080,0x14,    0},    {0x0C0,0x38,    0},
    {0x043,0x91,    0},    {0x0B0,0x2B,    0},    {0x04B,0x3F,    0},    {0x02B,0x00,    0},
    {0x06B,0x00,    0},    {0x08B,0xF0,    0},    {0x0EB,0x00,    0},    {0x048,0x3F,    0},
    {0x028,0x00,    0},    {0x068,0x00,    0},    {0x088,0xF0,    1},    {0x0C3,0x30,    0},
    {0x04B,0x07,    0},    {0x0A3,0xB1,    0},    {0x0B3,0x2A,    0},    {0x04C,0x3F,    0},
    {0x06C,0xF7,    0},    {0x08C,0xFA,    0},    {0x029,0x06,    0},    {0x069,0xAA,    0},
    {0x089,0xFF,    0},    {0x0C4,0x3E,    0},    {0x04C,0x07,    0},    {0x0A4,0xB1,    0},
    {0x0B4,0x2A,    5},    {0x044,0x3F,    0},    {0x024,0x51,    0},    {0x064,0xF0,    0},
    {0x084,0xFF,    0},    {0x0E4,0x01,    0},    {0x041,0x06,    0},    {0x021,0x10,    0},
    {0x061,0xF1,    0},    {0x081,0xFF,    0},    {0x0E1,0x00,    0},    {0x0C1,0x32,    0},
    {0x044,0x0A,    1},    {0x0A1,0x8B,    0},    {0x0B1,0x2E,    6},    {0x053,0x3F,    0},
    {0x033,0x0B,    0},    {0x073,0xF9,    0},    {0x093,0x33,    0},    {0x0F3,0x02,    0},
    {0x050,0x45,    0},    {0x030,0x00,    0},    {0x070,0xC7,    0},    {0x090,0x01,    1},
    {0x0F0,0x02,    0},    {0x0C6,0x3E,    0},    {0x053,0x13,    0},    {0x0A6,0x04,    0},
    {0x0B6,0x3A,   71},    {0x0B3,0x0A,    0},    {0x0B4,0x0A,   28},    {0x0B6,0x1A,    7},
    {0x0B0,0x0B,   15},    {0x0B7,0x0E,    0},    {0x04D,0x3F,    0},    {0x02D,0x51,    0},
    {0x06D,0xF0,    0},    {0x08D,0xFF,    0},    {0x0ED,0x01,    0},    {0x04A,0x0D,    0},
    {0x02A,0x10,    0},    {0x06A,0xF1,    0},    {0x08A,0xFF,    0},    {0x0C5,0x3C,    0},
    {0x04D,0x08,    0},    {0x0A5,0xB1,    0},    {0x0B5,0x2E,    0},    {0x0B1,0x0E,    7},
    {0x04B,0x3F,    0},    {0x02B,0x51,    0},    {0x06B,0xF0,    0},    {0x08B,0xFF,    0},
    {0x0EB,0x01,    0},    {0x048,0x06,    0},    {0x028,0x10,    0},    {0x068,0xF1,    0},
    {0x088,0xFF,    0},    {0x0C3,0x32,    0},    {0x04B,0x08,    0},    {0x0B3,0x2E,   85},
    {0x0B8,0x0B,    8},    {0x0B2,0x0B,   21},    {0x0B5,0x0E,    7},    {0x0B3,0x0E,   14},
    {0x04C,0x3F,    0},    {0x02C,0x51,    0},    {0x06C,0xF0,    1},    {0x08C,0xFF,    0},
    {0x0EC,0x01,    0},    {0x049,0x0D,    0},    {0x029,0x10,    0},    {0x069,0xF1,    0},
    {0x0C4,0x3C,    0},    {0x04C,0x0A,    0},    {0x0A4,0x65,    0},    {0x0B4,0x2B,    0},
    {0x053,0xBF,    0},    {0x033,0x30,    0},    {0x073,0xE1,    0},    {0x093,0xD6,    0},
    {0x0F3,0x00,    0},    {0x050,0x8F,    0},    {0x030,0x20,    0},    {0x070,0xE0,    0},
    {0x090,0x14,    0},    {0x0F0,0x00,    0},    {0x0C6,0x38,    0},    {0x053,0x8F,    1},
    {0x0A6,0x65,    0},    {0x0B6,0x2B,    0},    {0x043,0x3F,    0},    {0x023,0x00,    0},
    {0x063,0xF9,    0},    {0x083,0x06,    0},    {0x040,0x00,    0},    {0x020,0x00,    0},
    {0x060,0xFA,    0},    {0x080,0x47,    0},    {0x0C0,0x36,    0},    {0x043,0x07,    0},
    {0x0A0,0xDA,    0},    {0x0B0,0x26,    0},    {0x054,0x3F,    0},    {0x051,0x06,    1},
    {0x0C7,0x32,    0},    {0x054,0x0A,    0},    {0x0A7,0x65,    0},    {0x0B7,0x2B,    5},
    {0x044,0x3F,    0},    {0x024,0x0B,    0},    {0x064,0xF9,    0},    {0x084,0x33,    0},
    {0x0E4,0x02,    0},    {0x041,0x45,    0},    {0x021,0x00,    0},    {0x061,0xC7,    0},
    {0x081,0x01,    0},    {0x0E1,0x02,    0},    {0x0C1,0x3E,    0},    {0x044,0x16,    0},
    {0x0A1,0x04,    0},    {0x0B1,0x3A,   14},    {0x0B4,0x0B,    7},    {0x0B7,0x0B,   71},
    {0x0B0,0x06,    0},    {0x0B1,0x1A,   15},    {0x0B6,0x0B,   21},    {0x0B8,0x2B,    0},
    {0x0B2,0x2B,  136},    {0x04D,0x09,    0},    {0x0A5,0x65,    0},    {0x0B5,0x2F,    0},
    {0x04B,0xBF,    0},    {0x02B,0x30,    0},    {0x06B,0xE1,    0},    {0x08B,0xD6,    0},
    {0x0EB,0x00,    0},    {0x048,0x8F,    0},    {0x028,0x20,    0},    {0x068,0xE0,    0},
    {0x088,0x14,    0},    {0x0C3,0x38,    0},    {0x04B,0x8F,    0},    {0x0A3,0x65,    1},
    {0x0B3,0x2B,    0},    {0x04C,0x3F,    0},    {0x02C,0x00,    0},    {0x06C,0x00,    0},
    {0x08C,0xF0,    0},    {0x0EC,0x00,    0},    {0x049,0x3F,    0},    {0x029,0x00,    0},
    {0x069,0x00,    0},    {0x089,0xF0,    0},    {0x0C4,0x30,    0},    {0x04C,0x08,    0},
    {0x0A4,0xB1,    0},    {0x0B4,0x2A,    0},    {0x054,0x3F,    0},    {0x034,0x00,    0},
    {0x074,0xF7,    0},    {0x094,0xFA,    0},    {0x0F4,0x00,    0},    {0x051,0x00,    0},
    {0x031,0x06,    0},    {0x071,0xAA,    1},    {0x0C7,0x3E,    0},    {0x054,0x08,    0},
    {0x0A7,0xB1,    0},    {0x0B7,0x2A,    5},    {0x043,0x3F,    0},    {0x023,0x51,    0},
    {0x063,0xF0,    0},    {0x083,0xFF,    0},    {0x0E3,0x01,    0},    {0x040,0x06,    0},
    {0x020,0x10,    0},    {0x060,0xF1,    0},    {0x080,0xFF,    0},    {0x0C0,0x32,    0},
    {0x043,0x09,    0},    {0x0A0,0x65,    1},    {0x0B0,0x2F,    6},    {0x044,0x14,    0},
    {0x0B1,0x3A,   14},    {0x0B8,0x0B,    8},    {0x0B2,0x0B,   50},    {0x0B4,0x0A,    0},
    {0x0B7,0x0A,   14},    {0x0B1,0x1A,   14},    {0x0B3,0x0B,    7},    {0x0B5,0x0F,    7},
    {0x0B0,0x0F,    8},    {0x053,0x3F,    0},    {0x033,0x51,    0},    {0x073,0xF0,    0},
    {0x093,0xFF,    0},    {0x0F3,0x01,    0},    {0x050,0x0D,    0},    {0x030,0x10,    0},
    {0x070,0xF1,    0},    {0x090,0xFF,    0},    {0x0C6,0x3C,    0},    {0x053,0x0B,    0},
    {0x0B6,0x2B,    7},    {0x055,0x3F,    0},    {0x052,0x06,    0},    {0x0C8,0x32,    0},
    {0x055,0x0B,    0},    {0x0B8,0x2B,   35},    {0x0B6,0x0B,    7},    {0x0B8,0x0B,   86},
    {0x045,0x3F,    0},    {0x042,0x0D,    1},    {0x0C2,0x3C,    0},    {0x045,0x0A,    0},
    {0x0B2,0x2B,    0},    {0x04C,0xBF,    0},    {0x02C,0x30,    0},    {0x06C,0xE1,    0},
    {0x08C,0xD6,    0},    {0x049,0x8F,    0},    {0x029,0x20,    0},    {0x069,0xE0,    0},
    {0x089,0x14,    0},    {0x0C4,0x38,    0},    {0x04C,0x8F,    0},    {0x0A4,0x65,    0},
    {0x0B4,0x2B,    0},    {0x054,0x3F,    1},    {0x074,0xF9,    0},    {0x094,0x06,    0},
    {0x031,0x00,    0},    {0x071,0xFA,    0},    {0x091,0x47,    0},    {0x0C7,0x36,    0},
    {0x054,0x09,    0},    {0x0A7,0xDA,    0},    {0x0B7,0x26,    5},    {0x044,0x3F,    0},
    {0x024,0x51,    0},    {0x064,0xF0,    0},    {0x084,0xFF,    1},    {0x0E4,0x01,    0},
    {0x041,0x06,    0},    {0x021,0x10,    0},    {0x061,0xF1,    0},    {0x081,0xFF,    0},
    {0x0E1,0x00,    0},    {0x0C1,0x32,    0},    {0x044,0x0A,    0},    {0x0A1,0x65,    0},
    {0x0B1,0x2B,   21},    {0x04B,0x3F,    0},    {0x02B,0x0B,    0},    {0x06B,0xF9,    0},
    {0x08B,0x33,    0},    {0x0EB,0x02,    0},    {0x048,0x45,    0},    {0x028,0x00,    0},
    {0x068,0xC7,    0},    {0x088,0x01,    0},    {0x0E8,0x02,    0},    {0x0C3,0x3E,    0},
    {0x04B,0x17,    0},    {0x0A3,0x04,    0},    {0x0B3,0x3A,   43},    {0x0B7,0x06,   35},
    {0x0B4,0x0B,   15},    {0x0B3,0x1A,   14},    {0x04D,0x0B,    0},    {0x0A5,0x06,    0},
    {0x0B5,0x2F,    0},    {0x043,0x3F,    0},    {0x023,0x00,    0},    {0x063,0xF9,    0},
    {0x083,0x06,    0},    {0x0E3,0x00,    0},    {0x040,0x00,    0},    {0x020,0x00,    0},
    {0x060,0xFA,    0},    {0x080,0x47,    0},    {0x0C0,0x36,    1},    {0x043,0x08,    0},
    {0x0A0,0xDA,    0},    {0x0B0,0x26,    6},    {0x053,0x3F,    0},    {0x050,0x06,    0},
    {0x0C6,0x32,    1},    {0x053,0x0B,    0},    {0x0A6,0x06,    0},    {0x0B6,0x2F,   13},
    {0x0B2,0x0B,    0},    {0x0B1,0x0B,   65},    {0x0B0,0x06,   50},    {0x0B5,0x0F,    0},
    {0x055,0x3F,    0},    {0x052,0x0D,    0},    {0x0C8,0x3C,    0},    {0x055,0x09,    0},
    {0x0B8,0x2B,    0},    {0x054,0xBF,    0},    {0x034,0x30,    0},    {0x074,0xE1,    0},
    {0x094,0xD6,    0},    {0x051,0x8F,    1},    {0x031,0x20,    0},    {0x071,0xE0,    0},
    {0x091,0x14,    0},    {0x0C7,0x38,    0},    {0x054,0x91,    0},    {0x0A7,0x65,    0},
    {0x0B7,0x2B,    0},    {0x04C,0x3F,    0},    {0x02C,0x00,    0},    {0x06C,0x00,    0},
    {0x08C,0xF0,    0},    {0x049,0x3F,    0},    {0x029,0x00,    0},    {0x069,0x00,    0},
    {0x089,0xF0,    0},    {0x0C4,0x30,    0},    {0x04C,0x07,    0},    {0x0A4,0xB1,    0},
    {0x0B4,0x2A,    0},    {0x04B,0x3F,    1},    {0x02B,0x00,    0},    {0x06B,0xF7,    0},
    {0x08B,0xFA,    0},    {0x0EB,0x00,    0},    {0x048,0x00,    0},    {0x028,0x06,    0},
    {0x068,0xAA,    0},    {0x088,0xFF,    0},    {0x0E8,0x00,    0},    {0x04B,0x07,    0},
    {0x0A3,0xB1,    0},    {0x0B3,0x2A,    5},    {0x0B6,0x0F,    0},    {0x045,0x3F,    0},
    {0x042,0x06,    0},    {0x0C2,0x32,    0},    {0x045,0x09,    0},    {0x0B2,0x2B,   14},
    {0x044,0x3F,    0},    {0x024,0x0B,    0},    {0x064,0xF9,    0},    {0x084,0x33,    0},
    {0x0E4,0x02,    0},    {0x041,0x45,    0},    {0x021,0x00,    0},    {0x061,0xC7,    0},
    {0x081,0x01,    0},    {0x0E1,0x02,    0},    {0x0C1,0x3E,    1},    {0x044,0x13,    0},
    {0x0A1,0x04,    0},    {0x0B1,0x3A,   20},    {0x0B8,0x0B,    8},    {0x0B2,0x0B,   35},
    {0x0B4,0x0A,    0},    {0x0B3,0x0A,   22},    {0x0B1,0x1A,   14},    {0x0B7,0x0B,   14},
    {0x043,0x3F,    0},    {0x023,0x51,    0},    {0x063,0xF0,    0},    {0x083,0xFF,    0},
    {0x0E3,0x01,    1},    {0x040,0x0D,    0},    {0x020,0x10,    0},    {0x060,0xF1,    0},
    {0x080,0xFF,    0},    {0x0C0,0x3C,    0},    {0x043,0x0B,    0},    {0x0A0,0x65,    0},
    {0x0B0,0x2B,    6},    {0x04D,0x3F,    1},    {0x04A,0x06,    0},    {0x0C5,0x32,    0},
    {0x04D,0x0B,    0},    {0x0A5,0x65,    0},    {0x0B5,0x2B,  128},    {0x053,0x3F,    0},
    {0x050,0x0D,    0},    {0x0C6,0x3C,    0},    {0x053,0x08,    1},    {0x0A6,0xB1,    0},
    {0x0B6,0x2E,    0},    {0x055,0xBF,    0},    {0x035,0x30,    0},    {0x075,0xE1,    0},
    {0x095,0xD6,    0},    {0x0F5,0x00,    0},    {0x052,0x8F,    0},    {0x032,0x20,    0},
    {0x072,0xE0,    0},    {0x092,0x14,    0},    {0x0C8,0x38,    0},    {0x055,0x8F,    0},
    {0x0B8,0x2B,    0},    {0x045,0x3F,    0},    {0x025,0x00,    0},    {0x065,0xF9,    0},
    {0x085,0x06,    0},    {0x0E5,0x00,    0},    {0x042,0x00,    1},    {0x022,0x00,    0},
    {0x062,0xFA,    0},    {0x082,0x47,    0},    {0x0C2,0x36,    0},    {0x045,0x07,    0},
    {0x0A2,0xDA,    0},    {0x0B2,0x26,    0},    {0x04C,0x3F,    0},    {0x02C,0x0B,    0},
    {0x06C,0xF9,    0},    {0x08C,0x33,    0},    {0x0EC,0x02,    0},    {0x049,0x45,    0},
    {0x069,0xC7,    0},    {0x089,0x01,    0},    {0x0E9,0x02,    0},    {0x0C4,0x3E,    0},
    {0x04C,0x13,    0},    {0x0A4,0x04,    0},    {0x0B4,0x3A,    5},    {0x04B,0x3F,    0},
    {0x02B,0x51,    0},    {0x06B,0xF0,    0},    {0x08B,0xFF,    0},    {0x0EB,0x01,    0},
    {0x048,0x06,    0},    {0x028,0x10,    0},    {0x068,0xF1,    1},    {0x0C3,0x32,    0},
    {0x04B,0x08,    0},    {0x0B3,0x2E,    0},    {0x0B0,0x0B,    6},    {0x0B5,0x0B,   79},
    {0x0B4,0x1A,   21},    {0x0B2,0x06,    0},    {0x0B6,0x0E,    0},    {0x0B8,0x0B,    7},
    {0x0B3,0x0E,   15},    {0x044,0x3F,    0},    {0x024,0x51,    0},    {0x064,0xF0,    0},
    {0x084,0xFF,    0},    {0x0E4,0x01,    0},    {0x041,0x0D,    0},    {0x021,0x10,    0},
    {0x061,0xF1,    0},    {0x081,0xFF,    0},    {0x0E1,0x00,    0},    {0x0C1,0x3C,    0},
    {0x044,0x0A,    0},    {0x0A1,0x65,    0},    {0x0B1,0x2B,    7},    {0x054,0x3F,    0},
    {0x034,0x51,    0},    {0x074,0xF0,    0},    {0x094,0xFF,    0},    {0x0F4,0x01,    0},
    {0x051,0x06,    0},    {0x031,0x10,    0},    {0x071,0xF1,    0},    {0x091,0xFF,    0},
    {0x0C7,0x32,    0},    {0x054,0x0A,    0},    {0x0B7,0x2B,   43},    {0x0B1,0x0B,    7},
    {0x0B7,0x0B,   78},    {0x043,0x09,    1},    {0x0B0,0x2B,    0},    {0x04D,0xBF,    0},
    {0x02D,0x30,    0},    {0x06D,0xE1,    0},    {0x08D,0xD6,    0},    {0x0ED,0x00,    0},
    {0x04A,0x8F,    0},    {0x02A,0x20,    0},    {0x06A,0xE0,    0},    {0x08A,0x14,    0},
    {0x0C5,0x38,    0},    {0x04D,0x8F,    0},    {0x0B5,0x2B,    0},    {0x04C,0x3F,    0},
    {0x02C,0x00,    0},    {0x06C,0x00,    0},    {0x08C,0xF0,    0},    {0x0EC,0x00,    0},
    {0x049,0x3F,    0},    {0x069,0x00,    1},    {0x089,0xF0,    0},    {0x0E9,0x00,    0},
    {0x0C4,0x30,    0},    {0x04C,0x08,    0},    {0x0A4,0xB1,    0},    {0x0B4,0x2A,    0},
    {0x045,0x3F,    0},    {0x065,0xF7,    0},    {0x085,0xFA,    0},    {0x022,0x06,    0},
    {0x062,0xAA,    0},    {0x082,0xFF,    0},    {0x0C2,0x3E,    0},    {0x045,0x08,    0},
    {0x0A2,0xB1,    0},    {0x0B2,0x2A,    6},    {0x053,0x3F,    0},    {0x033,0x0B,    0},
    {0x073,0xF9,    0},    {0x093,0x33,    0},    {0x0F3,0x02,    0},    {0x050,0x45,    0},
    {0x030,0x00,    0},    {0x070,0xC7,    0},    {0x090,0x01,    0},    {0x0F0,0x02,    0},
    {0x0C6,0x3E,    0},    {0x053,0x16,    0},    {0x0A6,0x04,    0},    {0x0B6,0x3A,    0},
    {0x055,0x3F,    0},    {0x035,0x51,    0},    {0x075,0xF0,    0},    {0x095,0xFF,    0},
    {0x0F5,0x01,    0},    {0x052,0x06,    0},    {0x032,0x10,    0},    {0x072,0xF1,    1},
    {0x092,0xFF,    0},    {0x0C8,0x32,    0},    {0x055,0x09,    0},    {0x0B8,0x2B,   84},
    {0x0B4,0x0A,    0},    {0x0B2,0x0A,    0},    {0x0B6,0x1A,   29},    {0x0B5,0x0B,   21},
    {0x04B,0x3F,    0},    {0x048,0x0D,    1},    {0x0C3,0x3C,    0},    {0x04B,0x09,    0},
    {0x0A3,0x66,    0},    {0x0B3,0x2E,    0},    {0x044,0x3F,    0},    {0x041,0x06,    0},
    {0x0C1,0x32,    0},    {0x044,0x09,    0},    {0x0A1,0x66,    0},    {0x0B1,0x2E,   49},
    {0x0A0,0x61,    0},    {0x0A3,0x64,    0},    {0x0A8,0x61,    1},    {0x0A1,0x64,    6},
    {0x0A0,0x60,    0},    {0x0A3,0x63,    1},    {0x0A8,0x60,    0},    {0x0A1,0x63,   14},
    {0x0A0,0x66,    0},    {0x0A3,0x67,    0},    {0x0A8,0x66,    0},    {0x0A1,0x67,    7},
    {0x0A0,0x6B,    0},    {0x0A3,0x6A,    0},    {0x0A8,0x6B,    0},    {0x0A1,0x6A,    7},
    {0x0A0,0x70,    0},    {0x0A3,0x6E,    0},    {0x0A8,0x70,    0},    {0x0A1,0x6E,    7},
    {0x0A0,0x76,    0},    {0x0A3,0x72,    0},    {0x0A8,0x76,    0},    {0x0A1,0x72,    7},
    {0x0A0,0x79,    0},    {0x0A3,0x75,    0},    {0x0A8,0x79,    1},    {0x0A1,0x75,    6},
    {0x0A0,0x78,    0},    {0x0A3,0x73,    1},    {0x0A8,0x78,    0},    {0x0A1,0x73,    7},
    {0x0A0,0x6E,    0},    {0x0A3,0x6D,    0},    {0x0A8,0x6E,    0},    {0x0A1,0x6D,    7},
    {0x0A0,0x65,    0},    {0x0A3,0x66,    0},    {0x0A8,0x65,    0},    {0x0A1,0x66,    7},
    {0x054,0x3F,    0},    {0x034,0x0B,    0},    {0x074,0xF9,    0},    {0x094,0x33,    0},
    {0x0F4,0x02,    0},    {0x051,0x45,    0},    {0x031,0x00,    0},    {0x071,0xC7,    0},
    {0x091,0x01,    0},    {0x0F1,0x02,    0},    {0x0C7,0x3E,    0},    {0x054,0x14,    0},
    {0x0A7,0x04,    0},    {0x0B7,0x3A,    7},    {0x04C,0xBF,    0},    {0x02C,0x30,    0},
    {0x06C,0xE1,    0},    {0x08C,0xD6,    0},    {0x049,0x8F,    0},    {0x029,0x20,    0},
    {0x069,0xE0,    0},    {0x089,0x14,    0},    {0x0C4,0x38,    0},    {0x04C,0x90,    0},
    {0x0A4,0x65,    1},    {0x0B4,0x2B,    0},    {0x045,0x3F,    0},    {0x065,0xF9,    0},
    {0x085,0x06,    0},    {0x022,0x00,    0},    {0x062,0xFA,    0},    {0x082,0x47,    0},
    {0x0C2,0x36,    0},    {0x045,0x08,    0},    {0x0A2,0xDA,    0},    {0x0B2,0x26,   56},
    {0x0A0,0x69,    0},    {0x0A3,0x69,    0},    {0x0A8,0x69,    0},    {0x0A1,0x69,   14},
    {0x0A0,0x6B,    0},    {0x0A3,0x6A,    1},    {0x0A8,0x6B,    0},    {0x0A1,0x6A,    0},
    {0x0B2,0x06,    7},    {0x0A0,0x71,    0},    {0x0A3,0x6F,    0},    {0x0A8,0x71,    0},
    {0x0A1,0x6F,    7},    {0x0A0,0x73,    0},    {0x0A3,0x70,    0},    {0x0A8,0x73,    0},
    {0x0A1,0x70,    0},    {0x0B7,0x1A,    7},    {0x0A0,0x76,    0},    {0x0A3,0x72,    0},
    {0x0A8,0x76,    0},    {0x0A1,0x72,   14},    {0x0A0,0x7E,    0},    {0x0A3,0x78,    0},
    {0x0A8,0x7E,    0},    {0x0A1,0x78,    7},    {0x0B4,0x0B,    0},    {0x0A0,0x7C,    0},
    {0x0A3,0x77,    0},    {0x0A8,0x7C,    1},    {0x0A1,0x77,    6},    {0x0A0,0x78,    0},
    {0x0A3,0x73,    1},    {0x0A8,0x78,    0},    {0x0A1,0x73,    7},    {0x0A0,0x69,    0},
    {0x0A3,0x69,    0},    {0x0A8,0x69,    0},    {0x0A1,0x69,    7},    {0x053,0x3F,    0},
    {0x033,0x00,    0},    {0x093,0x06,    0},    {0x0F3,0x00,    0},    {0x050,0x00,    0},
    {0x070,0xFA,    0},    {0x090,0x47,    0},    {0x0F0,0x00,    0},    {0x0C6,0x36,    0},
    {0x053,0x08,    0},    {0x0A6,0xDA,    0},    {0x0B6,0x26,   78},    {0x0A0,0x66,    0},
    {0x0A3,0x67,    0},    {0x0A8,0x66,    1},    {0x0A1,0x67,    6},    {0x0A0,0x6E,    0},
    {0x0A3,0x6D,    1},    {0x0A8,0x6E,    0},    {0x0A1,0x6D,    0},    {0x0B6,0x06,    7},
    {0x0A0,0x73,    0},    {0x0A3,0x70,    0},    {0x0A8,0x73,    0},    {0x0A1,0x70,    7},
    {0x0A0,0x71,    0},    {0x0A3,0x6F,    0},    {0x0A8,0x71,    0},    {0x0A1,0x6F,    7},
    {0x0A0,0x74,    0},    {0x0A3,0x71,    0},    {0x0A8,0x74,    0},    {0x0A1,0x71,    7},
    {0x0A0,0x7C,    0},    {0x0A3,0x77,    0},    {0x0A8,0x7C,    0},    {0x0A1,0x77,    7},
    {0x0A0,0x78,    0},    {0x0A3,0x73,    0},    {0x0A8,0x78,    0},    {0x0A1,0x73,    7},
    {0x0A0,0x74,    0},    {0x0A3,0x71,    0},    {0x0A8,0x74,    1},    {0x0A1,0x71,    6},
    {0x0A0,0x6E,    0},    {0x0A3,0x6D,    1},    {0x0A8,0x6E,    0},    {0x0A1,0x6D,    0},
    {0x04D,0x95,    0},    {0x0B5,0x2B,    0},    {0x045,0x3F,    0},    {0x065,0x00,    0},
    {0x085,0xF0,    0},    {0x042,0x3F,    0},    {0x062,0x00,    0},    {0x082,0xF0,    0},
    {0x0C2,0x30,    0},    {0x045,0x07,    0},    {0x0A2,0xB1,    0},    {0x0B2,0x2A,    1},
    {0x054,0x3F,    0},    {0x034,0x00,    0},    {0x074,0xF7,    0},    {0x094,0xFA,    0},
    {0x0F4,0x00,    0},    {0x051,0x00,    0},    {0x031,0x06,    0},    {0x071,0xAA,    0},
    {0x091,0xFF,    0},    {0x0F1,0x00,    0},    {0x054,0x07,    0},    {0x0A7,0xB1,    0},
    {0x0B7,0x2A,    6},    {0x0A0,0x66,    0},    {0x0A3,0x67,    0},    {0x0A8,0x66,    0},
    {0x0A1,0x67,    0},    {0x04C,0x3F,    0},    {0x02C,0x0B,    0},    {0x06C,0xF9,    0},
    {0x08C,0x33,    0},    {0x0EC,0x02,    0},    {0x049,0x45,    0},    {0x029,0x00,    0},
    {0x069,0xC7,    0},    {0x089,0x01,    0},    {0x0E9,0x02,    0},    {0x0C4,0x3E,    0},
    {0x04C,0x15,    0},    {0x0A4,0x04,    0},    {0x0B4,0x3A,   78},    {0x0B2,0x0A,    0},
    {0x0B7,0x0A,    7},    {0x0A0,0x6E,    0},    {0x0A3,0x6D,    0},    {0x0A8,0x6E,    1},
    {0x0A1,0x6D,    6},    {0x0A0,0x71,    0},    {0x0A3,0x6F,    1},    {0x0A8,0x71,    0},
    {0x0A1,0x6F,    0},    {0x0B4,0x1A,   14},    {0x0A0,0x76,    0},    {0x0A3,0x72,    0},
    {0x0A8,0x76,    0},    {0x0A1,0x72,    7},    {0x0A0,0x7C,    0},    {0x0A3,0x77,    0},
    {0x0A8,0x7C,    0},    {0x0A1,0x77,    0},    {0x0B5,0x0B,    7},    {0x0A0,0x7B,    0},
    {0x0A3,0x76,    0},    {0x0A8,0x7B,    0},    {0x0A1,0x76,    7},    {0x0A0,0x79,    0},
    {0x0A3,0x75,    0},    {0x0A8,0x79,    0},    {0x0A1,0x75,   14},    {0x0A0,0x6B,    0},
    {0x0A3,0x6A,    1},    {0x0A8,0x6B,    0},    {0x0A1,0x6A,    7},    {0x0A0,0x66,    0},
    {0x0A3,0x67,    0},    {0x0A8,0x66,    0},    {0x0A1,0x67,   85},    {0x0A0,0x6B,    0},
    {0x0A3,0x6A,    0},    {0x0A8,0x6B,    0},    {0x0A1,0x6A,    7},    {0x0A0,0x6C,    0},
    {0x0A3,0x6C,    1},    {0x0A8,0x6C,    0},    {0x0A1,0x6C,    6},    {0x0A0,0x71,    1},
    {0x0A3,0x6F,    0},    {0x0B0,0x0B,    0},    {0x0A3,0x70,    0},    {0x0A8,0x73,    0},
    {0x0A1,0x70,    0},    {0x0B8,0x0B,    7},    {0x0A3,0x71,    0},    {0x0A1,0x71,    0},
    {0x053,0x3F,    0},    {0x033,0x0B,    0},    {0x093,0x33,    0},    {0x0F3,0x02,    0},
    {0x050,0x45,    0},    {0x070,0xC7,    0},    {0x090,0x01,    0},    {0x0F0,0x02,    0},
    {0x0C6,0x3E,    0},    {0x053,0x13,    0},    {0x0A6,0x04,    0},    {0x0B6,0x3A,    7},
    {0x0A3,0x72,    0},    {0x0A1,0x72,    0},    {0x045,0x3F,    0},    {0x025,0x51,    0},
    {0x065,0xF0,    0},    {0x085,0xFF,    0},    {0x0E5,0x01,    0},    {0x042,0x0D,    0},
    {0x022,0x10,    0},    {0x062,0xF1,    0},    {0x082,0xFF,    0},    {0x0C2,0x3C,    0},
    {0x045,0x0A,    0},    {0x0A2,0x76,    1},    {0x0B2,0x2B,    0},    {0x0A3,0x66,    0},
    {0x0A2,0x65,    0},    {0x054,0xBF,    0},    {0x034,0x30,    0},    {0x074,0xE1,    0},
    {0x094,0xD6,    0},    {0x051,0x8F,    0},    {0x031,0x20,    0},    {0x071,0xE0,    0},
    {0x091,0x14,    0},    {0x0C7,0x38,    0},    {0x054,0x93,    0},    {0x0A7,0x65,    0},
    {0x0B7,0x2B,    0},    {0x04C,0x3F,    0},    {0x02C,0x00,    0},    {0x08C,0x06,    1},
    {0x0EC,0x00,    0},    {0x049,0x00,    0},    {0x069,0xFA,    0},    {0x089,0x47,    0},
    {0x0E9,0x00,    0},    {0x0C4,0x36,    0},    {0x04C,0x07,    0},    {0x0A4,0xDA,    0},
    {0x0B4,0x26,    5},    {0x0A1,0x66,    0},    {0x04D,0x3F,    0},    {0x02D,0x51,    0},
    {0x06D,0xF0,    0},    {0x08D,0xFF,    0},    {0x0ED,0x01,    0},    {0x04A,0x06,    0},
    {0x02A,0x10,    0},    {0x06A,0xF1,    0},    {0x08A,0xFF,    0},    {0x0C5,0x32,    0},
    {0x04D,0x0A,    1},    {0x0B5,0x2B,   13},    {0x0B3,0x0E,    7},    {0x0B1,0x0E,   22},
    {0x0B2,0x0B,    0},    {0x0B5,0x0B,   35},    {0x0B6,0x1A,   22},    {0x0B4,0x06,   21},
    {0x0B7,0x0B,    7},    {0x043,0x0A,    1},    {0x0A0,0x65,    0},    {0x0B0,0x2B,    7},
    {0x055,0x0A,    0},    {0x0A8,0x65,    0},    {0x0B8,0x2B,  128},    {0x04B,0x3F,    0},
    {0x02B,0x0B,    0},    {0x06B,0xF9,    0},    {0x08B,0x33,    0},    {0x0EB,0x02,    0},
    {0x048,0x45,    0},    {0x028,0x00,    0},    {0x068,0xC7,    1},    {0x088,0x01,    0},
    {0x0E8,0x02,    0},    {0x0C3,0x3E,    0},    {0x04B,0x16,    0},    {0x0A3,0x04,    0},
    {0x0B3,0x3A,    0},    {0x044,0x3F,    0},    {0x041,0x0D,    0},    {0x0C1,0x3C,    0},
    {0x044,0x09,    0},    {0x0A1,0x65,    0},    {0x0B1,0x2F,    0},    {0x045,0xBF,    0},
    {0x025,0x30,    0},    {0x065,0xE1,    1},    {0x085,0xD6,    0},    {0x0E5,0x00,    0},
    {0x042,0x8F,    0},    {0x022,0x20,    0},    {0x062,0xE0,    0},    {0x082,0x14,    0},
    {0x0C2,0x38,    0},    {0x045,0x8F,    0},    {0x0B2,0x2B,    0},    {0x04D,0x3F,    0},
    {0x02D,0x00,    0},    {0x06D,0x00,    0},    {0x08D,0xF0,    0},    {0x0ED,0x00,    0},
    {0x04A,0x3F,    0},    {0x02A,0x00,    0},    {0x06A,0x00,    0},    {0x08A,0xF0,    0},
    {0x0C5,0x30,    0},    {0x04D,0x08,    1},    {0x0A5,0xB1,    0},    {0x0B5,0x2A,    0},
    {0x053,0x3F,    0},    {0x033,0x00,    0},    {0x073,0xF7,    0},    {0x093,0xFA,    0},
    {0x0F3,0x00,    0},    {0x050,0x00,    0},    {0x030,0x06,    0},    {0x070,0xAA,    0},
    {0x090,0xFF,    0},    {0x0F0,0x00,    0},    {0x053,0x08,    0},    {0x0A6,0xB1,    0},
    {0x0B6,0x2A,    4},    {0x04C,0x3F,    0},    {0x02C,0x51,    0},    {0x06C,0xF0,    0},
    {0x08C,0xFF,    1},    {0x0EC,0x01,    0},    {0x049,0x06,    0},    {0x029,0x10,    0},
    {0x069,0xF1,    0},    {0x089,0xFF,    0},    {0x0C4,0x32,    0},    {0x04C,0x09,    0},
    {0x0A4,0x65,    0},    {0x0B4,0x2F,   56},    {0x0B0,0x0B,    1},    {0x0B8,0x0B,   21},
    {0x0B3,0x1A,    7},    {0x0B5,0x0A,    0},    {0x0B6,0x0A,   21},    {0x0B2,0x0B,   22},
    {0x0B1,0x0F,    0},    {0x054,0x3F,    0},    {0x034,0x51,    0},    {0x074,0xF0,    0},
    {0x094,0xFF,    0},    {0x0F4,0x01,    0},    {0x051,0x0D,    0},    {0x031,0x10,    0},
    {0x071,0xF1,    0},    {0x091,0xFF,    0},    {0x0C7,0x3C,    0},    {0x054,0x0B,    1},
    {0x0B7,0x2B,    6},    {0x0B4,0x0F,    0},    {0x043,0x3F,    0},    {0x040,0x06,    1},
    {0x0C0,0x32,    0},    {0x043,0x0B,    0},    {0x0B0,0x2B,   42},    {0x0B7,0x0B,    0},
    {0x0B0,0x0B,   86},    {0x055,0x3F,    0},    {0x035,0x0B,    0},    {0x075,0xF9,    0},
    {0x095,0x33,    0},    {0x0F5,0x02,    0},    {0x052,0x45,    0},    {0x032,0x00,    0},
    {0x072,0xC7,    0},    {0x092,0x01,    0},    {0x0F2,0x02,    0},    {0x0C8,0x3E,    0},
    {0x055,0x12,    0},    {0x0A8,0x04,    0},    {0x0B8,0x3A,    0},    {0x04B,0x3F,    0},
    {0x02B,0x51,    0},    {0x06B,0xF0,    0},    {0x08B,0xFF,    0},    {0x0EB,0x01,    0},
    {0x048,0x0D,    0},    {0x028,0x10,    0},    {0x068,0xF1,    1},    {0x088,0xFF,    0},
    {0x0E8,0x00,    0},    {0x0C3,0x3C,    0},    {0x04B,0x0A,    0},    {0x0A3,0x65,    0},
    {0x0B3,0x2B,    0},    {0x04D,0xBF,    0},    {0x02D,0x30,    0},    {0x06D,0xE1,    0},
    {0x08D,0xD6,    0},    {0x04A,0x8F,    0},    {0x02A,0x20,    0},    {0x06A,0xE0,    0},
    {0x08A,0x14,    0},    {0x0C5,0x38,    0},    {0x04D,0x8F,    0},    {0x0A5,0x65,    0},
    {0x0B5,0x2B,    0},    {0x053,0x3F,    0},    {0x073,0xF9,    1},    {0x093,0x06,    0},
    {0x030,0x00,    0},    {0x070,0xFA,    0},    {0x090,0x47,    0},    {0x0C6,0x36,    0},
    {0x053,0x07,    0},    {0x0A6,0xDA,    0},    {0x0B6,0x26,    5},    {0x045,0x3F,    0},
    {0x025,0x51,    0},    {0x065,0xF0,    0},    {0x085,0xFF,    0},    {0x0E5,0x01,    0},
    {0x042,0x06,    0},    {0x022,0x10,    0},    {0x062,0xF1,    0},    {0x082,0xFF,    0},
    {0x0C2,0x32,    0},    {0x045,0x0A,    0},    {0x0B2,0x2B,   71},    {0x0B6,0x06,   14},
    {0x0B8,0x1A,   29},    {0x0B5,0x0B,   14},    {0x044,0x0A,    0},    {0x0A1,0x06,    0},
    {0x0B1,0x2F,    0},    {0x04C,0x3F,    0},    {0x02C,0x00,    1},    {0x06C,0xF9,    0},
    {0x08C,0x06,    0},    {0x0EC,0x00,    0},    {0x049,0x00,    0},    {0x029,0x00,    0},
    {0x069,0xFA,    0},    {0x089,0x47,    0},    {0x0C4,0x36,    0},    {0x04C,0x09,    0},
    {0x0A4,0xDA,    0},    {0x0B4,0x26,    6},    {0x054,0x3F,    1},    {0x051,0x06,    0},
    {0x0C7,0x32,    0},    {0x054,0x0A,    0},    {0x0A7,0x06,    0},    {0x0B7,0x2F,   14},
    {0x0B3,0x0B,    7},    {0x0B2,0x0B,   57},    {0x0B4,0x06,   50},    {0x043,0x3F,    0},
    {0x023,0x0B,    0},    {0x063,0xF9,    0},    {0x083,0x33,    0},    {0x0E3,0x02,    0},
    {0x040,0x45,    0},    {0x020,0x00,    0},    {0x060,0xC7,    0},    {0x080,0x01,    0},
    {0x0E0,0x02,    0},    {0x0C0,0x3E,    0},    {0x043,0x15,    1},    {0x0A0,0x04,    0},
    {0x0B0,0x3A,    6},    {0x053,0x3F,    0},    {0x033,0x51,    0},    {0x073,0xF0,    0},
    {0x093,0xFF,    0},    {0x0F3,0x01,    0},    {0x050,0x0D,    0},    {0x030,0x10,    0},
    {0x070,0xF1,    0},    {0x090,0xFF,    1},    {0x0C6,0x3C,    0},    {0x053,0x0A,    0},
    {0x0A6,0x65,    0},    {0x0B6,0x2B,    0},    {0x055,0xBF,    0},    {0x035,0x30,    0},
    {0x075,0xE1,    0},    {0x095,0xD6,    0},    {0x0F5,0x00,    0},    {0x052,0x8F,    0},
    {0x032,0x20,    0},    {0x072,0xE0,    0},    {0x092,0x14,    0},    {0x0F2,0x00,    0},
    {0x0C8,0x38,    0},    {0x055,0x8F,    0},    {0x0A8,0x65,    0},    {0x0B8,0x2B,    0},
    {0x04D,0x3F,    0},    {0x02D,0x00,    0},    {0x06D,0x00,    0},    {0x08D,0xF0,    1},
    {0x04A,0x3F,    0},    {0x02A,0x00,    0},    {0x06A,0x00,    0},    {0x08A,0xF0,    0},
    {0x0C5,0x30,    0},    {0x04D,0x07,    0},    {0x0A5,0xB1,    0},    {0x0B5,0x2A,    0},
    {0x04B,0x3F,    0},    {0x02B,0x00,    0},    {0x06B,0xF7,    0},    {0x08B,0xFA,    0},
    {0x0EB,0x00,    0},    {0x048,0x00,    0},    {0x028,0x06,    0},    {0x068,0xAA,    0},
    {0x0C3,0x3E,    0},    {0x04B,0x07,    0},    {0x0A3,0xB1,    1},    {0x0B3,0x2A,    0},
    {0x0B1,0x0F,    0},    {0x0B2,0x2B,    4},    {0x0B7,0x0F,   43},    {0x0B6,0x0B,    7},
    {0x0B2,0x0B,   22},    {0x0B5,0x0A,    0},    {0x0B3,0x0A,   14},    {0x0B0,0x1A,   21},
    {0x0B8,0x0B,   22},    {0x04C,0x3F,    0},    {0x02C,0x51,    0},    {0x06C,0xF0,    0},
    {0x08C,0xFF,    0},    {0x0EC,0x01,    0},    {0x049,0x0D,    0},    {0x029,0x10,    0},
    {0x069,0xF1,    0},    {0x089,0xFF,    0},    {0x0C4,0x3C,    0},    {0x04C,0x09,    0},
    {0x0A4,0x65,    0},    {0x0B4,0x2B,    0},    {0x044,0x3F,    1},    {0x041,0x06,    0},
    {0x0C1,0x32,    0},    {0x044,0x09,    0},    {0x0A1,0x65,    0},    {0x0B1,0x2B,  135},
    {0x054,0x3F,    0},    {0x051,0x0D,    0},    {0x0C7,0x3C,    0},    {0x054,0x08,    0},
    {0x0A7,0xB1,    0},    {0x0B7,0x2E,    0},    {0x053,0xBF,    0},    {0x033,0x30,    0},
    {0x073,0xE1,    0},    {0x093,0xD6,    0},    {0x0F3,0x00,    0},    {0x050,0x8F,    0},
    {0x030,0x20,    0},    {0x070,0xE0,    0},    {0x090,0x14,    1},    {0x0C6,0x38,    0},
    {0x053,0x8D,    0},    {0x0B6,0x2B,    0},    {0x045,0x3F,    0},    {0x025,0x00,    0},
    {0x065,0xF9,    0},    {0x085,0x06,    0},    {0x0E5,0x00,    0},    {0x042,0x00,    0},
    {0x022,0x00,    0},    {0x062,0xFA,    0},    {0x082,0x47,    0},    {0x0C2,0x36,    0},
    {0x045,0x07,    0},    {0x0A2,0xDA,    0},    {0x0B2,0x26,    6},    {0x04D,0x3F,    0},
    {0x02D,0x51,    0},    {0x06D,0xF0,    0},    {0x08D,0xFF,    0},    {0x0ED,0x01,    0},
    {0x04A,0x06,    0},    {0x02A,0x10,    0},    {0x06A,0xF1,    0},    {0x08A,0xFF,    0},
    {0x0C5,0x32,    0},    {0x04D,0x08,    0},    {0x0B5,0x2E,    0},    {0x0B4,0x0B,    0},
    {0x04B,0x3F,    0},    {0x02B,0x0B,    0},    {0x06B,0xF9,    0},    {0x08B,0x33,    1},
    {0x0EB,0x02,    0},    {0x048,0x45,    0},    {0x028,0x00,    0},    {0x068,0xC7,    0},
    {0x088,0x01,    0},    {0x0E8,0x02,    0},    {0x04B,0x17,    0},    {0x0A3,0x04,    0},
    {0x0B3,0x3A,    6},    {0x0B1,0x0B,   86},    {0x0B2,0x06,    0},    {0x0B3,0x1A,   14},
    {0x0B6,0x0B,   14},    {0x0B7,0x0E,    7},    {0x043,0x3F,    0},    {0x023,0x51,    0},
    {0x063,0xF0,    0},    {0x083,0xFF,    0},    {0x0E3,0x01,    0},    {0x040,0x0D,    1},
    {0x020,0x10,    0},    {0x060,0xF1,    0},    {0x080,0xFF,    0},    {0x0E0,0x00,    0},
    {0x0C0,0x3C,    0},    {0x043,0x0B,    0},    {0x0A0,0x65,    0},    {0x0B0,0x2B,    0},
    {0x0B5,0x0E,    6},    {0x055,0x3F,    0},    {0x035,0x51,    0},    {0x075,0xF0,    1},
    {0x095,0xFF,    0},    {0x0F5,0x01,    0},    {0x052,0x06,    0},    {0x032,0x10,    0},
    {0x072,0xF1,    0},    {0x092,0xFF,    0},    {0x0C8,0x32,    0},    {0x055,0x0B,    0},
    {0x0B8,0x2B,   35},    {0x0B0,0x0B,    7},    {0x0B8,0x0B,   86},    {0x04C,0x0A,    0},
    {0x0B4,0x2B,    0},    {0x044,0xBF,    0},    {0x024,0x30,    0},    {0x064,0xE1,    0},
    {0x084,0xD6,    0},    {0x0E4,0x00,    0},    {0x041,0x8F,    0},    {0x021,0x20,    0},
    {0x061,0xE0,    0},    {0x081,0x14,    1},    {0x0C1,0x38,    0},    {0x044,0x8F,    0},
    {0x0B1,0x2B,    0},    {0x045,0x3F,    0},    {0x065,0x00,    0},    {0x085,0xF0,    0},
    {0x042,0x3F,    0},    {0x062,0x00,    0},    {0x082,0xF0,    0},    {0x0C2,0x30,    0},
    {0x045,0x07,    0},    {0x0A2,0xB1,    0},    {0x0B2,0x2A,    0},    {0x04B,0x3F,    0},
    {0x02B,0x00,    0},    {0x06B,0xF7,    0},    {0x08B,0xFA,    0},    {0x0EB,0x00,    1},
    {0x048,0x00,    0},    {0x028,0x06,    0},    {0x068,0xAA,    0},    {0x088,0xFF,    0},
    {0x0E8,0x00,    0},    {0x04B,0x07,    0},    {0x0A3,0xB1,    0},    {0x0B3,0x2A,    5},
    {0x053,0x3F,    0},    {0x033,0x51,    0},    {0x073,0xF0,    0},    {0x093,0xFF,    0},
    {0x0F3,0x01,    0},    {0x050,0x06,    0},    {0x030,0x10,    0},    {0x070,0xF1,    0},
    {0x090,0xFF,    1},    {0x0C6,0x32,    0},    {0x053,0x0A,    0},    {0x0B6,0x2B,    0},
    {0x054,0x3F,    0},    {0x034,0x0B,    0},    {0x074,0xF9,    0},    {0x094,0x33,    0},
    {0x0F4,0x02,    0},    {0x051,0x45,    0},    {0x031,0x00,    0},    {0x071,0xC7,    0},
    {0x091,0x01,    0},    {0x0F1,0x02,    0},    {0x0C7,0x3E,    0},    {0x054,0x13,    0},
    {0x0A7,0x04,    0},    {0x0B7,0x3A,   85},    {0x0B2,0x0A,    0},    {0x0B3,0x0A,    0},
    {0x0B7,0x1A,   28},    {0x0B1,0x0B,   15},    {0x04D,0x3F,    0},    {0x04A,0x0D,    0},
    {0x0C5,0x3C,    0},    {0x04D,0x09,    0},    {0x0A5,0x66,    0},    {0x0B5,0x2E,    7},
    {0x043,0x3F,    0},    {0x040,0x06,    0},    {0x0C0,0x32,    0},    {0x043,0x09,    0},
    {0x0A0,0x66,    0},    {0x0B0,0x2E,    0},    {0x0B4,0x0B,    7},    {0x0B6,0x0B,  121},
    {0x055,0x3F,    1},    {0x052,0x0D,    0},    {0x0C8,0x3C,    0},    {0x055,0x0A,    0},
    {0x0B8,0x2B,    0},    {0x045,0xBF,    0},    {0x025,0x30,    0},    {0x065,0xE1,    0},
    {0x085,0xD6,    0},    {0x042,0x8F,    0},    {0x022,0x20,    0},    {0x062,0xE0,    0},
    {0x082,0x14,    0},    {0x0C2,0x38,    0},    {0x045,0x90,    0},    {0x0A2,0x65,    1},
    {0x0B2,0x2B,    0},    {0x04B,0x3F,    0},    {0x06B,0xF9,    0},    {0x08B,0x06,    0},
    {0x028,0x00,    0},    {0x068,0xFA,    0},    {0x088,0x47,    0},    {0x0C3,0x36,    0},
    {0x04B,0x07,    0},    {0x0A3,0xDA,    0},    {0x0B3,0x26,    0},    {0x054,0x14,    0},
    {0x0B7,0x3A,    6},    {0x044,0x3F,    0},    {0x024,0x51,    0},    {0x064,0xF0,    0},
    {0x084,0xFF,    0},    {0x0E4,0x01,    0},    {0x041,0x06,    0},    {0x021,0x10,    0},
    {0x061,0xF1,    0},    {0x081,0xFF,    0},    {0x0C1,0x32,    0},    {0x044,0x0A,    0},
    {0x0B1,0x2B,   14},    {0x0B5,0x0E,    0},    {0x0B0,0x0E,   21},    {0x0B8,0x0B,    7},
    {0x0B1,0x0B,   43},    {0x0B7,0x1A,   14},    {0x0B3,0x06,    1},    {0x0B2,0x0B,   28},
    {0x0B4,0x2B,    7},    {0x0B6,0x2B,  129},    {0x04D,0x0A,    0},    {0x0A5,0x8B,    0},
    {0x0B5,0x2E,    0},    {0x043,0xBF,    0},    {0x023,0x30,    0},    {0x063,0xE1,    0},
    {0x083,0xD6,    0},    {0x0E3,0x00,    0},    {0x040,0x8F,    0},    {0x020,0x20,    0},
    {0x060,0xE0,    0},    {0x080,0x14,    0},    {0x0C0,0x38,    0},    {0x043,0x8F,    0},
    {0x0A0,0x65,    0},    {0x0B0,0x2B,    1},    {0x055,0x3F,    0},    {0x035,0x00,    0},
    {0x075,0x00,    0},    {0x095,0xF0,    0},    {0x0F5,0x00,    0},    {0x052,0x3F,    0},
    {0x032,0x00,    0},    {0x072,0x00,    0},    {0x092,0xF0,    0},    {0x0C8,0x30,    0},
    {0x055,0x07,    0},    {0x0A8,0xB1,    0},    {0x0B8,0x2A,    0},    {0x044,0x3F,    0},
    {0x024,0x00,    0},    {0x064,0xF7,    0},    {0x084,0xFA,    0},    {0x0E4,0x00,    0},
    {0x041,0x00,    0},    {0x021,0x06,    0},    {0x061,0xAA,    1},    {0x0C1,0x3E,    0},
    {0x044,0x07,    0},    {0x0A1,0xB1,    0},    {0x0B1,0x2A,    5},    {0x054,0x3F,    0},
    {0x034,0x51,    0},    {0x074,0xF0,    0},    {0x094,0xFF,    0},    {0x0F4,0x01,    0},
    {0x051,0x06,    0},    {0x031,0x10,    0},    {0x071,0xF1,    0},    {0x091,0xFF,    0},
    {0x0F1,0x00,    0},    {0x0C7,0x32,    0},    {0x054,0x0A,    0},    {0x0A7,0x8B,    0},
    {0x0B7,0x2E,    7},    {0x04B,0x3F,    0},    {0x02B,0x0B,    0},    {0x08B,0x33,    0},
    {0x0EB,0x02,    0},    {0x048,0x45,    0},    {0x068,0xC7,    0},    {0x088,0x01,    0},
    {0x0E8,0x02,    0},    {0x0C3,0x3E,    1},    {0x04B,0x15,    0},    {0x0A3,0x04,    0},
    {0x0B3,0x3A,   78},    {0x0B8,0x0A,    0},    {0x0B1,0x0A,    7},    {0x0B3,0x1A,   28},
    {0x0B0,0x0B,    7},    {0x0B5,0x0E,    1},    {0x045,0x3F,    0},    {0x025,0x51,    0},
    {0x065,0xF0,    0},    {0x085,0xFF,    0},    {0x0E5,0x01,    0},    {0x042,0x0D,    0},
    {0x022,0x10,    0},    {0x062,0xF1,    0},    {0x082,0xFF,    0},    {0x0C2,0x3C,    0},
    {0x045,0x0A,    0},    {0x0A2,0xB1,    0},    {0x0B2,0x2E,    7},    {0x0B7,0x0E,    0},
    {0x055,0x3F,    0},    {0x035,0x51,    0},    {0x075,0xF0,    0},    {0x095,0xFF,    0},
    {0x0F5,0x01,    0},    {0x052,0x06,    0},    {0x032,0x10,    0},    {0x072,0xF1,    0},
    {0x092,0xFF,    0},    {0x0C8,0x32,    0},    {0x055,0x0A,    0},    {0x0B8,0x2E,   71},
    {0x0B4,0x0B,    7},    {0x0B6,0x0B,   50},    {0x0B2,0x0E,    0},    {0x044,0x3F,    0},
    {0x024,0x51,    0},    {0x064,0xF0,    0},    {0x084,0xFF,    0},    {0x0E4,0x01,    0},
    {0x041,0x0D,    0},    {0x021,0x10,    1},    {0x061,0xF1,    0},    {0x0C1,0x3C,    0},
    {0x044,0x0A,    0},    {0x0A1,0x65,    0},    {0x0B1,0x2B,    0},    {0x04B,0xBF,    0},
    {0x02B,0x30,    0},    {0x06B,0xE1,    0},    {0x08B,0xD6,    0},    {0x0EB,0x00,    0},
    {0x048,0x8F,    0},    {0x028,0x20,    0},    {0x068,0xE0,    0},    {0x088,0x14,    0},
    {0x0E8,0x00,    0},    {0x0C3,0x38,    0},    {0x04B,0x8F,    0},    {0x0A3,0x65,    0},
    {0x0B3,0x2B,    0},    {0x043,0x3F,    0},    {0x023,0x00,    1},    {0x063,0xF9,    0},
    {0x083,0x06,    0},    {0x040,0x00,    0},    {0x020,0x00,    0},    {0x060,0xFA,    0},
    {0x080,0x47,    0},    {0x0C0,0x36,    0},    {0x043,0x07,    0},    {0x0A0,0xDA,    0},
    {0x0B0,0x26,    5},    {0x0B8,0x0E,    0},    {0x04D,0x3F,    0},    {0x02D,0x0B,    0},
    {0x06D,0xF9,    0},    {0x08D,0x33,    1},    {0x0ED,0x02,    0},    {0x04A,0x45,    0},
    {0x02A,0x00,    0},    {0x06A,0xC7,    0},    {0x08A,0x01,    0},    {0x0EA,0x02,    0},
    {0x0C5,0x3E,    0},    {0x04D,0x14,    0},    {0x0A5,0x04,    0},    {0x0B5,0x3A,    0},
    {0x0A7,0x65,    0},    {0x0B7,0x2B,   42},    {0x0B1,0x0B,    7},    {0x0B7,0x0B,   36},
    {0x0B5,0x1A,   14},    {0x0B0,0x06,   15},    {0x0B3,0x0B,   21},    {0x0B4,0x2B,    0},
    {0x0B6,0x2B,  129},    {0x045,0x3F,    0},    {0x025,0x0B,    0},    {0x065,0xF9,    0},
    {0x085,0x33,    0},    {0x0E5,0x02,    0},    {0x042,0x45,    0},    {0x022,0x00,    0},
    {0x062,0xC7,    0},    {0x082,0x01,    0},    {0x0E2,0x02,    0},    {0x0C2,0x3E,    0},
    {0x045,0x14,    0},    {0x0A2,0x04,    0},    {0x0B2,0x3A,    7},    {0x055,0x3F,    0},
    {0x052,0x0D,    0},    {0x0C8,0x3C,    0},    {0x055,0x08,    0},    {0x0A8,0x65,    0},
    {0x0B8,0x2F,    0},    {0x044,0xBF,    0},    {0x024,0x30,    0},    {0x064,0xE1,    0},
    {0x084,0xD6,    1},    {0x0E4,0x00,    0},    {0x041,0x8F,    0},    {0x021,0x20,    0},
    {0x061,0xE0,    0},    {0x081,0x14,    0},    {0x0C1,0x38,    0},    {0x044,0x91,    0},
    {0x0B1,0x2B,    0},    {0x054,0x3F,    0},    {0x034,0x00,    0},    {0x074,0x00,    0},
    {0x094,0xF0,    0},    {0x0F4,0x00,    0},    {0x051,0x3F,    0},    {0x031,0x00,    0},
    {0x071,0x00,    0},    {0x091,0xF0,    0},    {0x0C7,0x30,    0},    {0x054,0x07,    0},
    {0x0A7,0xB1,    1},    {0x0B7,0x2A,    0},    {0x04D,0x3F,    0},    {0x02D,0x00,    0},
    {0x06D,0xF7,    0},    {0x08D,0xFA,    0},    {0x0ED,0x00,    0},    {0x04A,0x00,    0},
    {0x02A,0x06,    0},    {0x06A,0xAA,    0},    {0x08A,0xFF,    0},    {0x0EA,0x00,    0},
    {0x04D,0x07,    0},    {0x0A5,0xB1,    0},    {0x0B5,0x2A,    0},    {0x043,0x3F,    0},
    {0x023,0x51,    0},    {0x063,0xF0,    0},    {0x083,0xFF,    0},    {0x0E3,0x01,    0},
    {0x040,0x06,    0},    {0x020,0x10,    0},    {0x060,0xF1,    0},    {0x080,0xFF,    1},
    {0x0C0,0x32,    0},    {0x043,0x08,    0},    {0x0A0,0x65,    0},    {0x0B0,0x2F,   75},
    {0x0B2,0x1A,   15},    {0x0B7,0x0A,    0},    {0x0B5,0x0A,    7},    {0x0B4,0x0B,    7},
    {0x0B6,0x0B,    7},    {0x0B1,0x0B,   21},    {0x04B,0x3F,    0},    {0x02B,0x51,    1},
    {0x06B,0xF0,    0},    {0x08B,0xFF,    0},    {0x0EB,0x01,    0},    {0x048,0x0D,    0},
    {0x028,0x10,    0},    {0x068,0xF1,    0},    {0x088,0xFF,    0},    {0x0C3,0x3C,    0},
    {0x04B,0x0A,    0},    {0x0B3,0x2B,    7},    {0x045,0x3F,    0},    {0x025,0x51,    0},
    {0x065,0xF0,    0},    {0x085,0xFF,    0},    {0x0E5,0x01,    0},    {0x042,0x06,    0},
    {0x022,0x10,    0},    {0x062,0xF1,    0},    {0x082,0xFF,    0},    {0x0E2,0x00,    0},
    {0x0C2,0x32,    0},    {0x045,0x0A,    0},    {0x0A2,0x65,    0},    {0x0B2,0x2B,    7},
    {0x0B8,0x0F,    7},    {0x0B0,0x0F,   28},    {0x0B3,0x0B,    0},    {0x0B2,0x0B,   79},
    {0x054,0x3F,    0},    {0x034,0x0B,    0},    {0x074,0xF9,    0},    {0x094,0x33,    0},
    {0x0F4,0x02,    0},    {0x051,0x45,    0},    {0x071,0xC7,    0},    {0x091,0x01,    0},
    {0x0F1,0x02,    0},    {0x0C7,0x3E,    0},    {0x054,0x15,    0},    {0x0A7,0x04,    1},
    {0x0B7,0x3A,    6},    {0x04D,0x3F,    0},    {0x02D,0x51,    0},    {0x06D,0xF0,    0},
    {0x08D,0xFF,    0},    {0x0ED,0x01,    0},    {0x04A,0x0D,    0},    {0x02A,0x10,    0},
    {0x06A,0xF1,    1},    {0x0C5,0x3C,    0},    {0x04D,0x0A,    0},    {0x0A5,0x65,    0},
    {0x0B5,0x2B,    0},    {0x04C,0xBF,    0},    {0x02C,0x30,    0},    {0x06C,0xE1,    0},
    {0x08C,0xD6,    0},    {0x0EC,0x00,    0},    {0x049,0x8F,    0},    {0x029,0x20,    0},
    {0x069,0xE0,    0},    {0x089,0x14,    0},    {0x0C4,0x38,    0},    {0x04C,0x8F,    0},
    {0x0B4,0x2B,    0},    {0x053,0x3F,    0},    {0x033,0x00,    0},    {0x073,0xF9,    0},
    {0x093,0x06,    1},    {0x0F3,0x00,    0},    {0x050,0x00,    0},    {0x030,0x00,    0},
    {0x070,0xFA,    0},    {0x090,0x47,    0},    {0x0C6,0x36,    0},    {0x053,0x07,    0},
    {0x0A6,0xDA,    0},    {0x0B6,0x26,    5},    {0x044,0x3F,    0},    {0x024,0x51,    0},
    {0x064,0xF0,    0},    {0x084,0xFF,    0},    {0x0E4,0x01,    0},    {0x041,0x06,    1},
    {0x021,0x10,    0},    {0x061,0xF1,    0},    {0x081,0xFF,    0},    {0x0C1,0x32,    0},
    {0x044,0x0A,    0},    {0x0B1,0x2B,   64},    {0x0B6,0x06,   21},    {0x0B7,0x1A,   29},
    {0x0B4,0x0B,   14},    {0x055,0x0A,    0},    {0x0A8,0x06,    0},    {0x0B8,0x2F,    0},
    {0x043,0x3F,    0},    {0x023,0x00,    0},    {0x063,0xF9,    0},    {0x083,0x06,    0},
    {0x0E3,0x00,    0},    {0x040,0x00,    0},    {0x020,0x00,    0},    {0x060,0xFA,    0},
    {0x080,0x47,    0},    {0x0C0,0x36,    0},    {0x043,0x07,    0},    {0x0A0,0xDA,    1},
    {0x0B0,0x26,    6},    {0x04B,0x3F,    0},    {0x048,0x06,    0},    {0x0C3,0x32,    0},
    {0x04B,0x0A,    0},    {0x0A3,0x06,    1},    {0x0B3,0x2F,   28},    {0x0B5,0x0B,    7},
    {0x0B1,0x0B,   43},    {0x0B0,0x06,   50},    {0x0B8,0x0F,    0},    {0x045,0x3F,    0},
    {0x042,0x0D,    0},    {0x0C2,0x3C,    0},    {0x045,0x09,    0},    {0x0B2,0x2B,    0},
    {0x053,0xBF,    0},    {0x033,0x30,    0},    {0x073,0xE1,    0},    {0x093,0xD6,    0},
    {0x050,0x8F,    0},    {0x030,0x20,    0},    {0x070,0xE0,    1},    {0x090,0x14,    0},
    {0x0C6,0x38,    0},    {0x053,0x8D,    0},    {0x0A6,0x65,    0},    {0x0B6,0x2B,    0},
    {0x054,0x3F,    0},    {0x034,0x00,    0},    {0x074,0x00,    0},    {0x094,0xF0,    0},
    {0x0F4,0x00,    0},    {0x051,0x3F,    0},    {0x071,0x00,    0},    {0x091,0xF0,    0},
    {0x0F1,0x00,    0},    {0x0C7,0x30,    0},    {0x054,0x08,    0},    {0x0A7,0xB1,    0},
    {0x0B7,0x2A,    0},    {0x04C,0x3F,    0},    {0x02C,0x00,    0},    {0x06C,0xF7,    1},
    {0x08C,0xFA,    0},    {0x049,0x00,    0},    {0x029,0x06,    0},    {0x069,0xAA,    0},
    {0x089,0xFF,    0},    {0x0C4,0x3E,    0},    {0x04C,0x08,    0},    {0x0A4,0xB1,    0},
    {0x0B4,0x2A,    5},    {0x0B3,0x0F,    0},    {0x04D,0x3F,    0},    {0x04A,0x06,    0},
    {0x0C5,0x32,    0},    {0x04D,0x09,    0},    {0x0B5,0x2B,    0},    {0x044,0x3F,    0},
    {0x024,0x0B,    0},    {0x064,0xF9,    0},    {0x084,0x33,    1},    {0x0E4,0x02,    0},
    {0x041,0x45,    0},    {0x021,0x00,    0},    {0x061,0xC7,    0},    {0x081,0x01,    0},
    {0x0E1,0x02,    0},    {0x0C1,0x3E,    0},    {0x044,0x14,    0},    {0x0A1,0x04,    0},
    {0x0B1,0x3A,   34},    {0x0B2,0x0B,    0},    {0x0B5,0x0B,   43},    {0x0B7,0x0A,    0},
    {0x0B4,0x0A,    7},    {0x0B1,0x1A,   22},    {0x0B6,0x0B,   21},    {0x043,0x3F,    0},
    {0x023,0x51,    0},    {0x063,0xF0,    0},    {0x083,0xFF,    0},    {0x0E3,0x01,    0},
    {0x040,0x0D,    0},    {0x020,0x10,    1},    {0x060,0xF1,    0},    {0x080,0xFF,    0},
    {0x0C0,0x3C,    0},    {0x043,0x09,    0},    {0x0A0,0x65,    0},    {0x0B0,0x2B,    6},
    {0x055,0x3F,    1},    {0x052,0x06,    0},    {0x0C8,0x32,    0},    {0x055,0x09,    0},
    {0x0A8,0x65,    0},    {0x0B8,0x2B,   71},    {0x0B0,0x0B,    7},    {0x0B8,0x0B,   50},
    {0x04B,0x3F,    0},    {0x048,0x0D,    0},    {0x0C3,0x3C,    0},    {0x04B,0x0A,    0},
    {0x0A3,0x04,    0},    {0x0B3,0x36,    1},    {0x045,0xBF,    0},    {0x025,0x30,    0},
    {0x065,0xE1,    0},    {0x085,0xD6,    0},    {0x0E5,0x00,    0},    {0x042,0x8F,    0},
    {0x022,0x20,    0},    {0x062,0xE0,    0},    {0x082,0x14,    0},    {0x0C2,0x38,    0},
    {0x045,0x8B,    0},    {0x0B2,0x2B,    0},    {0x04D,0x3F,    0},    {0x02D,0x00,    0},
    {0x06D,0xF9,    0},    {0x08D,0x06,    0},    {0x0ED,0x00,    0},    {0x04A,0x00,    0},
    {0x02A,0x00,    0},    {0x06A,0xFA,    0},    {0x08A,0x47,    1},    {0x0C5,0x36,    0},
    {0x04D,0x11,    0},    {0x0A5,0xDA,    0},    {0x0B5,0x26,    5},    {0x054,0x3F,    0},
    {0x034,0x51,    0},    {0x074,0xF0,    0},    {0x094,0xFF,    0},    {0x0F4,0x01,    0},
    {0x051,0x06,    0},    {0x031,0x10,    0},    {0x071,0xF1,    0},    {0x091,0xFF,    1},
    {0x0C7,0x32,    0},    {0x054,0x0A,    0},    {0x0A7,0x8B,    0},    {0x0B7,0x36,    0},
    {0x04C,0x3F,    0},    {0x02C,0x02,    0},    {0x08C,0x37,    0},    {0x0EC,0x01,    0},
    {0x049,0x3F,    0},    {0x029,0x02,    0},    {0x069,0xF5,    0},    {0x089,0x37,    0},
    {0x0C4,0x33,    0},    {0x04C,0x0F,    0},    {0x049,0x0F,    0},    {0x0A4,0x23,    0},
    {0x0B4,0x2A,    6},    {0x044,0x3F,    0},    {0x024,0x00,    0},    {0x064,0x00,    0},
    {0x084,0xF0,    0},    {0x0E4,0x00,    0},    {0x041,0x3F,    1},    {0x061,0x00,    0},
    {0x081,0xF0,    0},    {0x0E1,0x00,    0},    {0x0C1,0x30,    0},    {0x044,0x11,    0},
    {0x0A1,0xB1,    0},    {0x0B1,0x2A,    0},    {0x053,0x3F,    0},    {0x033,0x00,    0},
    {0x073,0xF7,    0},    {0x093,0xFA,    0},    {0x050,0x00,    0},    {0x030,0x06,    0},
    {0x070,0xAA,    0},    {0x090,0xFF,    0},    {0x0C6,0x3E,    0},    {0x053,0x11,    0},
    {0x0A6,0xB1,    0},    {0x0B6,0x2A,   21},    {0x0B5,0x06,   14},    {0x0B4,0x0A,    7},
    {0x0B1,0x0A,    0},    {0x0B6,0x0A,   14},    {0x0B3,0x16,    0},    {0x043,0x0B,    0},
    {0x0B0,0x33,    7},    {0x0B7,0x16,    1},    {0x055,0x0B,    0},    {0x0A8,0x04,    0},
    {0x0B8,0x36,   42},    {0x0B2,0x0B,   15},    {0x0B0,0x13,    0},    {0x04D,0x3F,    0},
    {0x02D,0x51,    0},    {0x06D,0xF0,    0},    {0x08D,0xFF,    0},    {0x0ED,0x01,    0},
    {0x04A,0x0D,    0},    {0x02A,0x10,    0},    {0x06A,0xF1,    0},    {0x08A,0xFF,    0},
    {0x0C5,0x3C,    0},    {0x04D,0x0A,    0},    {0x0A5,0x8B,    0},    {0x0B5,0x32,    0},
    {0x04C,0x3F,    0},    {0x02C,0x00,    0},    {0x06C,0xF9,    0},    {0x08C,0x06,    0},
    {0x0EC,0x00,    1},    {0x049,0x00,    0},    {0x029,0x00,    0},    {0x069,0xFA,    0},
    {0x089,0x47,    0},    {0x0C4,0x36,    0},    {0x04C,0x0F,    0},    {0x0A4,0xDA,    0},
    {0x0B4,0x26,    6},    {0x0B8,0x16,    0},    {0x044,0x3F,    0},    {0x024,0x51,    0},
    {0x064,0xF0,    0},    {0x084,0xFF,    0},    {0x0E4,0x01,    0},    {0x041,0x06,    0},
    {0x021,0x10,    0},    {0x061,0xF1,    0},    {0x081,0xFF,    0},    {0x0C1,0x32,    0},
    {0x044,0x0A,    0},    {0x0A1,0x65,    0},    {0x0B1,0x33,   35},    {0x0B4,0x06,   29},
    {0x0B5,0x12,    0},    {0x053,0x3F,    0},    {0x033,0x51,    0},    {0x073,0xF0,    0},
    {0x093,0xFF,    0},    {0x0F3,0x01,    0},    {0x050,0x0D,    0},    {0x030,0x10,    0},
    {0x070,0xF1,    1},    {0x0C6,0x3C,    0},    {0x053,0x0C,    0},    {0x0A6,0x65,    0},
    {0x0B6,0x33,    6},    {0x0B1,0x13,    0},    {0x04B,0x3F,    0},    {0x048,0x06,    1},
    {0x0C3,0x32,    0},    {0x04B,0x0C,    0},    {0x0B3,0x36,   56},    {0x0B6,0x13,    0},
    {0x054,0x3F,    1},    {0x051,0x0D,    0},    {0x0C7,0x3C,    0},    {0x054,0x0A,    0},
    {0x0A7,0x04,    0},    {0x0B7,0x36,    0},    {0x045,0x8D,    0},    {0x0B2,0x2B,    0},
    {0x043,0x3F,    0},    {0x023,0x00,    0},    {0x063,0xF9,    0},    {0x083,0x06,    0},
    {0x0E3,0x00,    0},    {0x040,0x00,    0},    {0x020,0x00,    0},    {0x060,0xFA,    0},
    {0x080,0x47,    1},    {0x0C0,0x36,    0},    {0x043,0x0F,    0},    {0x0A0,0xDA,    0},
    {0x0B0,0x26,    5},    {0x0B3,0x16,    1},    {0x055,0x0A,    0},    {0x0A8,0x8B,    0},
    {0x0B8,0x36,    7},    {0x04C,0x3F,    0},    {0x06C,0x00,    0},    {0x08C,0xF0,    0},
    {0x049,0x3F,    0},    {0x069,0x00,    0},    {0x089,0xF0,    0},    {0x0C4,0x30,    0},
    {0x04C,0x10,    0},    {0x0A4,0xB1,    0},    {0x0B4,0x2A,    0},    {0x04D,0x3F,    0},
    {0x02D,0x00,    0},    {0x06D,0xF7,    0},    {0x08D,0xFA,    0},    {0x0ED,0x00,    0},
    {0x04A,0x00,    0},    {0x02A,0x06,    1},    {0x06A,0xAA,    0},    {0x0C5,0x3E,    0},
    {0x04D,0x10,    0},    {0x0A5,0xB1,    0},    {0x0B5,0x2A,    6},    {0x044,0x3F,    0},
    {0x024,0x02,    0},    {0x064,0xF7,    0},    {0x084,0x37,    0},    {0x041,0x3F,    0},
    {0x021,0x02,    0},    {0x061,0xF5,    0},    {0x081,0x37,    0},    {0x0C1,0x33,    0},
    {0x044,0x10,    0},    {0x041,0x10,    0},    {0x0A1,0x06,    0},    {0x0B1,0x27,   21},
    {0x0B0,0x06,    7},    {0x0B4,0x0A,    0},    {0x0B5,0x0A,   15},    {0x0B1,0x07,    7},
    {0x0B7,0x16,    0},    {0x0B6,0x33,    7},    {0x0B8,0x16,    0},    {0x0B3,0x36,   36},
    {0x0B2,0x0B,   21},    {0x0B6,0x13,    0},    {0x043,0x3F,    0},    {0x023,0x51,    0},
    {0x063,0xF0,    0},    {0x083,0xFF,    0},    {0x0E3,0x01,    0},    {0x040,0x0D,    0},
    {0x020,0x10,    0},    {0x060,0xF1,    0},    {0x080,0xFF,    1},    {0x0C0,0x3C,    0},
    {0x043,0x09,    0},    {0x0A0,0x04,    0},    {0x0B0,0x36,    0},    {0x04C,0x3F,    0},
    {0x06C,0xF9,    0},    {0x08C,0x06,    0},    {0x049,0x00,    0},    {0x069,0xFA,    0},
    {0x089,0x47,    0},    {0x0C4,0x36,    0},    {0x04C,0x0E,    0},    {0x0A4,0xDA,    0},
    {0x0B4,0x26,    6},    {0x0B3,0x16,    0},    {0x04D,0x3F,    0},    {0x02D,0x51,    0},
    {0x06D,0xF0,    0},    {0x08D,0xFF,    0},    {0x0ED,0x01,    0},    {0x04A,0x06,    0},
    {0x02A,0x10,    1},    {0x06A,0xF1,    0},    {0x0C5,0x32,    0},    {0x04D,0x09,    0},
    {0x0A5,0x8B,    0},    {0x0B5,0x36,   42},    {0x0B4,0x06,   21},    {0x0B0,0x16,    1},
    {0x044,0x3F,    0},    {0x024,0x51,    0},    {0x064,0xF0,    0},    {0x084,0xFF,    0},
    {0x041,0x0D,    0},    {0x021,0x10,    0},    {0x061,0xF1,    0},    {0x081,0xFF,    0},
    {0x0C1,0x3C,    0},    {0x044,0x0C,    0},    {0x0A1,0x8B,    0},    {0x0B1,0x36,    7},
    {0x0B5,0x16,    0},    {0x054,0x3F,    0},    {0x051,0x06,    0},    {0x0C7,0x32,    0},
    {0x054,0x0C,    0},    {0x0A7,0x65,    0},    {0x0B7,0x37,   64},    {0x0B1,0x16,    0},
    {0x055,0x3F,    0},    {0x052,0x0D,    0},    {0x0C8,0x3C,    0},    {0x055,0x0A,    0},
    {0x0A8,0x04,    0},    {0x0B8,0x36,    1},    {0x045,0x8F,    0},    {0x0B2,0x2B,    0},
    {0x053,0x3F,    0},    {0x033,0x00,    0},    {0x073,0xF9,    0},    {0x093,0x06,    0},
    {0x0F3,0x00,    0},    {0x050,0x00,    0},    {0x030,0x00,    0},    {0x070,0xFA,    0},
    {0x090,0x47,    0},    {0x0C6,0x36,    0},    {0x053,0x10,    0},    {0x0A6,0xDA,    0},
    {0x0B6,0x26,    0},    {0x0B7,0x17,    0},    {0x04B,0x0A,    0},    {0x0A3,0x8B,    0},
    {0x0B3,0x36,   20},    {0x04C,0x3F,    0},    {0x02C,0x02,    0},    {0x06C,0xF7,    0},
    {0x08C,0x37,    0},    {0x0EC,0x01,    1},    {0x049,0x3F,    0},    {0x029,0x02,    0},
    {0x069,0xF5,    0},    {0x089,0x37,    0},    {0x0C4,0x33,    0},    {0x04C,0x0E,    0},
    {0x049,0x0E,    0},    {0x0A4,0x44,    0},    {0x0B4,0x26,    6},    {0x043,0x3F,    1},
    {0x023,0x00,    0},    {0x063,0x00,    0},    {0x083,0xF0,    0},    {0x0E3,0x00,    0},
    {0x040,0x3F,    0},    {0x020,0x00,    0},    {0x060,0x00,    0},    {0x080,0xF0,    0},
    {0x0C0,0x30,    0},    {0x043,0x0F,    0},    {0x0A0,0xB1,    0},    {0x0B0,0x2A,    0},
    {0x04D,0x3F,    0},    {0x02D,0x00,    0},    {0x06D,0xF7,    0},    {0x08D,0xFA,    0},
    {0x0ED,0x00,    0},    {0x04A,0x00,    0},    {0x02A,0x06,    0},    {0x06A,0xAA,    1},
    {0x0C5,0x3E,    0},    {0x04D,0x0F,    0},    {0x0A5,0xB1,    0},    {0x0B5,0x2A,   13},
    {0x0B6,0x06,   21},    {0x0B4,0x06,    0},    {0x0B8,0x16,    0},    {0x0A1,0x65,    0},
    {0x0B1,0x33,    0},    {0x0B0,0x0A,    0},    {0x0B5,0x0A,    7},    {0x0B3,0x16,    0},
    {0x0A7,0x04,    0},    {0x0B7,0x36,   36},    {0x0B2,0x0B,   29},    {0x0B1,0x13,    0},
    {0x053,0x3F,    0},    {0x033,0x51,    0},    {0x073,0xF0,    0},    {0x093,0xFF,    0},
    {0x0F3,0x01,    0},    {0x050,0x0D,    0},    {0x030,0x10,    0},    {0x070,0xF1,    0},
    {0x090,0xFF,    0},    {0x0C6,0x3C,    0},    {0x053,0x0A,    0},    {0x0A6,0x04,    0},
    {0x0B6,0x36,    0},    {0x04C,0x3F,    0},    {0x02C,0x00,    0},    {0x06C,0xF9,    0},
    {0x08C,0x06,    0},    {0x0EC,0x00,    0},    {0x049,0x00,    1},    {0x029,0x00,    0},
    {0x069,0xFA,    0},    {0x089,0x47,    0},    {0x0C4,0x36,    0},    {0x04C,0x0E,    0},
    {0x0A4,0xDA,    0},    {0x0B4,0x26,    0},    {0x0B7,0x16,    0},    {0x055,0x3F,    0},
    {0x052,0x06,    0},    {0x0C8,0x32,    0},    {0x055,0x0A,    0},    {0x0A8,0x8B,    0},
    {0x0B8,0x36,   41},    {0x0B4,0x06,   22},    {0x0B6,0x16,    0},    {0x043,0x3F,    0},
    {0x023,0x51,    0},    {0x063,0xF0,    0},    {0x083,0xFF,    0},    {0x0E3,0x01,    0},
    {0x040,0x0D,    0},    {0x020,0x10,    0},    {0x060,0xF1,    0},    {0x080,0xFF,    0},
    {0x0C0,0x3C,    0},    {0x043,0x0C,    0},    {0x0A0,0x65,    0},    {0x0B0,0x33,    7},
    {0x0B8,0x16,    0},    {0x04D,0x3F,    0},    {0x02D,0x51,    0},    {0x06D,0xF0,    0},
    {0x08D,0xFF,    0},    {0x0ED,0x01,    0},    {0x04A,0x06,    0},    {0x02A,0x10,    0},
    {0x06A,0xF1,    0},    {0x0C5,0x32,    1},    {0x04D,0x0C,    0},    {0x0A5,0x04,    0},
    {0x0B5,0x36,   63},    {0x0B0,0x13,    0},    {0x04B,0x3F,    1},    {0x048,0x0D,    0},
    {0x0C3,0x3C,    0},    {0x04B,0x0A,    0},    {0x0A3,0x04,    0},    {0x0B3,0x36,    0},
    {0x045,0x8B,    0},    {0x0B2,0x2B,    0},    {0x044,0x3F,    0},    {0x024,0x00,    0},
    {0x064,0xF9,    0},    {0x084,0x06,    0},    {0x0E4,0x00,    0},    {0x041,0x00,    0},
    {0x021,0x00,    0},    {0x061,0xFA,    0},    {0x081,0x47,    1},    {0x0C1,0x36,    0},
    {0x044,0x0E,    0},    {0x0A1,0xDA,    0},    {0x0B1,0x26,    5},    {0x0B5,0x16,    0},
    {0x054,0x0A,    1},    {0x0A7,0x8B,    0},    {0x0B7,0x36,   14},    {0x04C,0x3F,    0},
    {0x06C,0x00,    0},    {0x08C,0xF0,    0},    {0x049,0x3F,    0},    {0x069,0x00,    0},
    {0x089,0xF0,    0},    {0x0C4,0x30,    0},    {0x04C,0x0F,    0},    {0x0A4,0xB1,    0},
    {0x0B4,0x2A,    0},    {0x053,0x3F,    0},    {0x033,0x00,    0},    {0x073,0xF7,    0},
    {0x093,0xFA,    0},    {0x0F3,0x00,    1},    {0x050,0x00,    0},    {0x030,0x06,    0},
    {0x070,0xAA,    0},    {0x0C6,0x3E,    0},    {0x053,0x0F,    0},    {0x0A6,0xB1,    0},
    {0x0B6,0x2A,    6},    {0x055,0x3F,    0},    {0x035,0x03,    0},    {0x075,0xF7,    0},
    {0x095,0x38,    0},    {0x052,0x3F,    0},    {0x032,0x02,    0},    {0x072,0xF5,    0},
    {0x092,0x6C,    0},    {0x0C8,0x37,    0},    {0x055,0x14,    0},    {0x052,0x14,    0},
    {0x0A8,0x34,    0},    {0x0B8,0x23,   14},    {0x0B1,0x06,   14},    {0x0B4,0x0A,    0},
    {0x0B6,0x0A,    8},    {0x0B8,0x03,    0},    {0x0B3,0x16,    0},    {0x0A0,0x8B,    0},
    {0x0B0,0x36,    7},    {0x0B7,0x16,    0},    {0x0A5,0x65,    0},    {0x0B5,0x37,   35},
    {0x0B2,0x0B,   29},    {0x0B0,0x16,    0},    {0x044,0x3F,    0},    {0x024,0x51,    0},
    {0x064,0xF0,    0},    {0x084,0xFF,    0},    {0x0E4,0x01,    0},    {0x041,0x0D,    0},
    {0x021,0x10,    0},    {0x061,0xF1,    0},    {0x081,0xFF,    0},    {0x0C1,0x3C,    1},
    {0x044,0x09,    0},    {0x0A1,0x65,    0},    {0x0B1,0x37,    0},    {0x04C,0x3F,    0},
    {0x06C,0xF9,    0},    {0x08C,0x06,    0},    {0x049,0x00,    0},    {0x069,0xFA,    0},
    {0x089,0x47,    0},    {0x0C4,0x36,    0},    {0x04C,0x0E,    0},    {0x0A4,0xDA,    0},
    {0x0B4,0x26,    6},    {0x0B5,0x17,    0},    {0x053,0x3F,    0},    {0x033,0x51,    0},
    {0x073,0xF0,    0},    {0x093,0xFF,    0},    {0x0F3,0x01,    0},    {0x050,0x06,    0},
    {0x030,0x10,    0},    {0x070,0xF1,    1},    {0x0C6,0x32,    0},    {0x053,0x09,    0},
    {0x0A6,0x04,    0},    {0x0B6,0x3A,    6},    {0x055,0x3F,    0},    {0x035,0x00,    0},
    {0x075,0x00,    0},    {0x095,0xF0,    0},    {0x0F5,0x00,    0},    {0x052,0x3F,    1},
    {0x032,0x00,    0},    {0x072,0x00,    0},    {0x092,0xF0,    0},    {0x0C8,0x30,    0},
    {0x055,0x0F,    0},    {0x0A8,0xB1,    0},    {0x0B8,0x2A,    0},    {0x04B,0x3F,    0},
    {0x02B,0x00,    0},    {0x06B,0xF7,    0},    {0x08B,0xFA,    0},    {0x0EB,0x00,    0},
    {0x048,0x00,    0},    {0x028,0x06,    0},    {0x068,0xAA,    0},    {0x0C3,0x3E,    0},
    {0x04B,0x0F,    0},    {0x0A3,0xB1,    0},    {0x0B3,0x2A,    0},    {0x054,0x3F,    1},
    {0x034,0x03,    0},    {0x074,0xF7,    0},    {0x094,0x38,    0},    {0x051,0x3F,    0},
    {0x031,0x02,    0},    {0x071,0xF5,    0},    {0x091,0x6C,    0},    {0x0C7,0x37,    0},
    {0x054,0x0F,    0},    {0x051,0x0F,    0},    {0x0A7,0x34,    0},    {0x0B7,0x23,   27},
    {0x0B4,0x06,    7},    {0x0B8,0x0A,    0},    {0x0B3,0x0A,   14},    {0x0B7,0x03,    0},
    {0x0B1,0x17,    0},    {0x045,0x3F,    0},    {0x025,0x51,    0},    {0x065,0xF0,    1},
    {0x085,0xFF,    0},    {0x0E5,0x01,    0},    {0x042,0x0D,    0},    {0x022,0x10,    0},
    {0x062,0xF1,    0},    {0x082,0xFF,    0},    {0x0C2,0x3C,    0},    {0x045,0x0C,    0},
    {0x0A2,0x04,    0},    {0x0B2,0x3A,    6},    {0x0B6,0x1A,    0},    {0x043,0x3F,    1},
    {0x040,0x06,    0},    {0x0C0,0x32,    0},    {0x043,0x0C,    0},    {0x0B0,0x3A,   64},
    {0x0B2,0x1A,    0},    {0x04D,0x3F,    0},    {0x04A,0x0D,    0},    {0x0C5,0x3C,    0},
    {0x04D,0x0A,    0},    {0x0A5,0x44,    0},    {0x0B5,0x2E,    0},    {0x04C,0xBF,    0},
    {0x02C,0x30,    0},    {0x06C,0xE1,    0},    {0x08C,0xD6,    1},    {0x049,0x8F,    0},
    {0x029,0x20,    0},    {0x069,0xE0,    0},    {0x089,0x14,    0},    {0x0C4,0x38,    0},
    {0x04C,0x90,    0},    {0x0A4,0x44,    0},    {0x0B4,0x2A,    0},    {0x055,0x3F,    0},
    {0x075,0xF9,    0},    {0x095,0x06,    0},    {0x052,0x00,    0},    {0x072,0xFA,    0},
    {0x092,0x47,    0},    {0x0C8,0x36,    0},    {0x055,0x08,    0},    {0x0A8,0xDA,    1},
    {0x0B8,0x26,    0},    {0x04B,0xBF,    0},    {0x02B,0x02,    0},    {0x06B,0xFD,    0},
    {0x08B,0x05,    0},    {0x0EB,0x02,    0},    {0x048,0x80,    0},    {0x028,0x03,    0},
    {0x068,0xFD,    0},    {0x088,0x12,    0},    {0x0E8,0x02,    0},    {0x0C3,0x3A,    0},
    {0x04B,0x8A,    0},    {0x0B3,0x32,    5},    {0x0B0,0x1A,    0},    {0x054,0x3F,    0},
    {0x034,0x51,    0},    {0x074,0xF0,    0},    {0x094,0xFF,    0},    {0x051,0x06,    0},
    {0x031,0x10,    0},    {0x071,0xF1,    0},    {0x091,0xFF,    0},    {0x0C7,0x32,    0},
    {0x054,0x0A,    0},    {0x0A7,0x44,    0},    {0x0B7,0x2E,   28},    {0x0B5,0x0E,    8},
    {0x0B7,0x0E,   42},    {0x0B3,0x12,   15},    {0x0B4,0x0A,   14},    {0x0B8,0x06,   21},
    {0x0A1,0x44,    0},    {0x0B1,0x2E,    8},    {0x0A6,0x44,    0},    {0x0B6,0x2E,  128},
    {0x045,0x09,    0},    {0x0A2,0x44,    0},    {0x0B2,0x32,    0},    {0x043,0xBF,    0},
    {0x023,0x30,    0},    {0x063,0xE1,    0},    {0x083,0xD6,    0},    {0x0E3,0x00,    0},
    {0x040,0x8F,    1},    {0x020,0x20,    0},    {0x060,0xE0,    0},    {0x080,0x14,    0},
    {0x0C0,0x38,    0},    {0x043,0x8F,    0},    {0x0A0,0x44,    0},    {0x0B0,0x2A,    0},
    {0x04D,0x3F,    0},    {0x02D,0x00,    0},    {0x06D,0x00,    0},    {0x08D,0xF0,    0},
    {0x0ED,0x00,    0},    {0x04A,0x3F,    0},    {0x02A,0x00,    0},    {0x06A,0x00,    0},
    {0x08A,0xF0,    0},    {0x0C5,0x30,    0},    {0x04D,0x08,    0},    {0x0A5,0xB1,    0},
    {0x0B5,0x2A,    0},    {0x054,0x3F,    1},    {0x034,0x00,    0},    {0x074,0xF7,    0},
    {0x094,0xFA,    0},    {0x0F4,0x00,    0},    {0x051,0x00,    0},    {0x031,0x06,    0},
    {0x071,0xAA,    0},    {0x0C7,0x3E,    0},    {0x054,0x08,    0},    {0x0A7,0xB1,    0},
    {0x0B7,0x2A,    0},    {0x04B,0x89,    0},    {0x0B3,0x32,    5},    {0x04C,0x3F,    0},
    {0x02C,0x51,    0},    {0x06C,0xF0,    0},    {0x08C,0xFF,    0},    {0x0EC,0x01,    0},
    {0x049,0x06,    0},    {0x029,0x10,    1},    {0x069,0xF1,    0},    {0x089,0xFF,    0},
    {0x0C4,0x32,    0},    {0x04C,0x09,    0},    {0x0B4,0x32,   14},    {0x0B1,0x0E,    7},
    {0x0B6,0x0E,   43},    {0x0B3,0x12,   21},    {0x0B5,0x0A,    0},    {0x0B7,0x0A,   14},
    {0x0B0,0x0A,   29},    {0x0B2,0x12,    0},    {0x055,0x3F,    0},    {0x035,0x51,    0},
    {0x075,0xF0,    0},    {0x095,0xFF,    0},    {0x0F5,0x01,    0},    {0x052,0x0D,    0},
    {0x032,0x10,    0},    {0x072,0xF1,    0},    {0x092,0xFF,    0},    {0x0C8,0x3C,    0},
    {0x055,0x0A,    0},    {0x0A8,0x44,    0},    {0x0B8,0x2E,    0},    {0x0B4,0x12,    7},
    {0x044,0x3F,    0},    {0x041,0x06,    0},    {0x0C1,0x32,    0},    {0x044,0x0A,    1},
    {0x0B1,0x2E,   35},    {0x0B8,0x0E,    7},    {0x0B1,0x0E,   86},    {0x053,0x3F,    0},
    {0x050,0x0D,    0},    {0x0C6,0x3C,    0},    {0x053,0x0A,    0},    {0x0B6,0x2E,    0},
    {0x04B,0xBF,    0},    {0x02B,0x30,    0},    {0x06B,0xE1,    0},    {0x08B,0xD6,    0},
    {0x0EB,0x00,    0},    {0x048,0x8F,    0},    {0x028,0x20,    0},    {0x068,0xE0,    0},
    {0x088,0x14,    1},    {0x0E8,0x00,    0},    {0x0C3,0x38,    0},    {0x04B,0x90,    0},
    {0x0A3,0x44,    0},    {0x0B3,0x2A,    0},    {0x04D,0x3F,    0},    {0x06D,0xF9,    0},
    {0x08D,0x06,    0},    {0x04A,0x00,    0},    {0x06A,0xFA,    0},    {0x08A,0x47,    0},
    {0x0C5,0x36,    0},    {0x04D,0x09,    0},    {0x0A5,0xDA,    0},    {0x0B5,0x26,    0},
    {0x054,0xBF,    0},    {0x034,0x02,    0},    {0x074,0xFD,    1},    {0x094,0x05,    0},
    {0x0F4,0x02,    0},    {0x051,0x80,    0},    {0x031,0x03,    0},    {0x071,0xFD,    0},
    {0x091,0x12,    0},    {0x0F1,0x02,    0},    {0x0C7,0x3A,    0},    {0x054,0x89,    0},
    {0x0B7,0x32,    5},    {0x043,0x3F,    0},    {0x023,0x51,    0},    {0x063,0xF0,    0},
    {0x083,0xFF,    0},    {0x0E3,0x01,    0},    {0x040,0x06,    0},    {0x020,0x10,    0},
    {0x060,0xF1,    0},    {0x080,0xFF,    0},    {0x0C0,0x32,    0},    {0x043,0x0A,    0},
    {0x0B0,0x2E,   64},    {0x0B5,0x06,   14},    {0x0B7,0x12,   22},    {0x0B3,0x0A,   28},
    {0x045,0x0A,    0},    {0x0A2,0x04,    0},    {0x0B2,0x32,    0},    {0x04C,0x3F,    0},
    {0x02C,0x00,    0},    {0x06C,0xF9,    0},    {0x08C,0x06,    1},    {0x0EC,0x00,    0},
    {0x049,0x00,    0},    {0x029,0x00,    0},    {0x069,0xFA,    0},    {0x089,0x47,    0},
    {0x0C4,0x36,    0},    {0x04C,0x08,    0},    {0x0A4,0xDA,    0},    {0x0B4,0x26,    6},
    {0x055,0x3F,    1},    {0x052,0x06,    0},    {0x0C8,0x32,    0},    {0x055,0x0A,    0},
    {0x0A8,0x04,    0},    {0x0B8,0x32,   14},    {0x0B6,0x0E,    7},    {0x0B0,0x0E,   64},
    {0x0B4,0x06,   36},    {0x0B2,0x12,    0},    {0x0B8,0x12,    7},    {0x044,0x3F,    0},
    {0x041,0x0D,    0},    {0x0C1,0x3C,    0},    {0x044,0x0B,    0},    {0x0B1,0x2E,    1},
    {0x04D,0xBF,    0},    {0x02D,0x30,    0},    {0x06D,0xE1,    0},    {0x08D,0xD6,    0},
    {0x04A,0x8F,    0},    {0x02A,0x20,    0},    {0x06A,0xE0,    0},    {0x08A,0x14,    0},
    {0x0C5,0x38,    0},    {0x04D,0x8F,    0},    {0x0A5,0x44,    0},    {0x0B5,0x2A,    0},
    {0x054,0x3F,    0},    {0x034,0x00,    0},    {0x074,0x00,    0},    {0x094,0xF0,    0},
    {0x0F4,0x00,    0},    {0x051,0x3F,    0},    {0x031,0x00,    0},    {0x071,0x00,    0},
    {0x091,0xF0,    1},    {0x0F1,0x00,    0},    {0x0C7,0x30,    0},    {0x054,0x07,    0},
    {0x0B7,0x2A,    0},    {0x04B,0x3F,    0},    {0x02B,0x00,    0},    {0x06B,0xF7,    0},
    {0x08B,0xFA,    0},    {0x048,0x00,    0},    {0x028,0x06,    0},    {0x068,0xAA,    0},
    {0x088,0xFF,    0},    {0x0C3,0x3E,    0},    {0x04B,0x07,    0},    {0x0A3,0xB1,    0},
    {0x0B3,0x2A,    0},    {0x053,0xBF,    0},    {0x033,0x02,    0},    {0x073,0xFD,    0},
    {0x093,0x05,    0},    {0x0F3,0x02,    1},    {0x050,0x80,    0},    {0x030,0x03,    0},
    {0x070,0xFD,    0},    {0x090,0x12,    0},    {0x0F0,0x02,    0},    {0x0C6,0x3A,    0},
    {0x053,0x8A,    0},    {0x0A6,0xB1,    0},    {0x0B6,0x32,    4},    {0x043,0x0B,    0},
    {0x0B0,0x2E,   43},    {0x0B1,0x0E,    7},    {0x0B0,0x0E,   21},    {0x0B6,0x12,    8},
    {0x0B7,0x0A,    0},    {0x0B3,0x0A,   28},    {0x0B5,0x0A,   29},    {0x04C,0x3F,    0},
    {0x02C,0x51,    0},    {0x06C,0xF0,    0},    {0x08C,0xFF,    0},    {0x0EC,0x01,    0},
    {0x049,0x0D,    0},    {0x029,0x10,    0},    {0x069,0xF1,    0},    {0x089,0xFF,    0},
    {0x0C4,0x3C,    0},    {0x04C,0x0A,    0},    {0x0A4,0x44,    0},    {0x0B4,0x2E,    0},
    {0x045,0x3F,    1},    {0x042,0x06,    0},    {0x0C2,0x32,    0},    {0x045,0x0A,    0},
    {0x0A2,0x44,    0},    {0x0B2,0x2E,  134},    {0x055,0x3F,    1},    {0x052,0x0D,    0},
    {0x0C8,0x3C,    0},    {0x055,0x09,    0},    {0x0A8,0x98,    0},    {0x0B8,0x2F,    0},
    {0x044,0xBF,    0},    {0x024,0x30,    0},    {0x064,0xE1,    0},    {0x084,0xD6,    0},
    {0x0E4,0x00,    0},    {0x041,0x8F,    0},    {0x021,0x20,    0},    {0x061,0xE0,    0},
    {0x081,0x14,    0},    {0x0C1,0x38,    1},    {0x044,0x8F,    0},    {0x0B1,0x2A,    0},
    {0x043,0x3F,    0},    {0x023,0x00,    0},    {0x063,0xF9,    0},    {0x083,0x06,    0},
    {0x0E3,0x00,    0},    {0x040,0x00,    0},    {0x020,0x00,    0},    {0x060,0xFA,    0},
    {0x080,0x47,    0},    {0x0C0,0x36,    0},    {0x043,0x07,    0},    {0x0A0,0xDA,    0},
    {0x0B0,0x26,    0},    {0x053,0x88,    0},    {0x0B6,0x32,    0},    {0x0B4,0x0E,    0},
    {0x054,0x3F,    1},    {0x034,0x51,    0},    {0x074,0xF0,    0},    {0x094,0xFF,    0},
    {0x0F4,0x01,    0},    {0x051,0x06,    0},    {0x031,0x10,    0},    {0x071,0xF1,    0},
    {0x091,0xFF,    0},    {0x0C7,0x32,    0},    {0x054,0x09,    0},    {0x0A7,0x98,    0},
    {0x0B7,0x2F,    5},    {0x0B2,0x0E,   78},    {0x0B6,0x12,   14},    {0x0B0,0x06,   15},
    {0x0B1,0x0A,   14},    {0x0B8,0x0F,    7},    {0x04B,0x3F,    0},    {0x02B,0x51,    0},
    {0x06B,0xF0,    0},    {0x08B,0xFF,    0},    {0x0EB,0x01,    0},    {0x048,0x0D,    0},
    {0x028,0x10,    0},    {0x068,0xF1,    1},    {0x0C3,0x3C,    0},    {0x04B,0x0A,    0},
    {0x0A3,0x44,    0},    {0x0B3,0x2E,    0},    {0x0B7,0x0F,    6},    {0x04D,0x3F,    0},
    {0x02D,0x51,    0},    {0x06D,0xF0,    0},    {0x08D,0xFF,    0},    {0x0ED,0x01,    1},
    {0x04A,0x06,    0},    {0x02A,0x10,    0},    {0x06A,0xF1,    0},    {0x08A,0xFF,    0},
    {0x0C5,0x32,    0},    {0x04D,0x0A,    0},    {0x0B5,0x2E,   35},    {0x0B3,0x0E,    7},
    {0x0B5,0x0E,   86},    {0x0B4,0x2E,    0},    {0x045,0xBF,    0},    {0x025,0x30,    0},
    {0x065,0xE1,    0},    {0x085,0xD6,    0},    {0x0E5,0x00,    0},    {0x042,0x8F,    0},
    {0x022,0x20,    0},    {0x062,0xE0,    0},    {0x082,0x14,    0},    {0x0C2,0x38,    0},
    {0x045,0x8F,    1},    {0x0B2,0x2A,    0},    {0x053,0x3F,    0},    {0x033,0x00,    0},
    {0x073,0x00,    0},    {0x093,0xF0,    0},    {0x0F3,0x00,    0},    {0x050,0x3F,    0},
    {0x030,0x00,    0},    {0x070,0x00,    0},    {0x090,0xF0,    0},    {0x0F0,0x00,    0},
    {0x0C6,0x30,    0},    {0x053,0x08,    0},    {0x0B6,0x2A,    0},    {0x043,0x3F,    0},
    {0x063,0xF7,    0},    {0x083,0xFA,    0},    {0x020,0x06,    0},    {0x060,0xAA,    1},
    {0x080,0xFF,    0},    {0x0C0,0x3E,    0},    {0x043,0x08,    0},    {0x0A0,0xB1,    0},
    {0x0B0,0x2A,    0},    {0x044,0xBF,    0},    {0x024,0x02,    0},    {0x064,0xFD,    0},
    {0x084,0x05,    0},    {0x0E4,0x02,    0},    {0x041,0x80,    0},    {0x021,0x03,    0},
    {0x061,0xFD,    0},    {0x081,0x12,    0},    {0x0E1,0x02,    0},    {0x0C1,0x3A,    0},
    {0x044,0x88,    0},    {0x0A1,0xB1,    0},    {0x0B1,0x32,    5},    {0x055,0x3F,    0},
    {0x052,0x06,    0},    {0x0C8,0x32,    0},    {0x055,0x0A,    1},    {0x0A8,0x44,    0},
    {0x0B8,0x2E,   78},    {0x0B1,0x12,    0},    {0x0B6,0x0A,    0},    {0x0B0,0x0A,   28},
    {0x0B2,0x0A,   22},    {0x054,0x3F,    0},    {0x051,0x0D,    0},    {0x0C7,0x3C,    0},
    {0x054,0x0A,    0},    {0x0A7,0x34,    0},    {0x0B7,0x2F,    7},    {0x04B,0x3F,    0},
    {0x048,0x06,    0},    {0x0C3,0x32,    0},    {0x04B,0x0A,    0},    {0x0A3,0x34,    0},
    {0x0B3,0x2F,    0},    {0x0B4,0x0E,    7},    {0x0B8,0x0E,  114},    {0x0B7,0x0F,    7},
    {0x04D,0x3F,    0},    {0x04A,0x0D,    1},    {0x0C5,0x3C,    0},    {0x04D,0x0A,    0},
    {0x0B5,0x2E,    0},    {0x0B3,0x0F,    0},    {0x044,0xBF,    0},    {0x024,0x30,    0},
    {0x064,0xE1,    0},    {0x084,0xD6,    0},    {0x0E4,0x00,    0},    {0x041,0x8F,    0},
    {0x021,0x20,    0},    {0x061,0xE0,    0},    {0x081,0x14,    0},    {0x0E1,0x00,    0},
    {0x0C1,0x38,    0},    {0x044,0x91,    0},    {0x0A1,0x44,    0},    {0x0B1,0x2A,    1},
    {0x053,0x3F,    0},    {0x073,0xF9,    0},    {0x093,0x06,    0},    {0x050,0x00,    0},
    {0x070,0xFA,    0},    {0x090,0x47,    0},    {0x0C6,0x36,    0},    {0x053,0x09,    0},
    {0x0A6,0xDA,    0},    {0x0B6,0x26,    0},    {0x043,0xBF,    0},    {0x023,0x02,    0},
    {0x063,0xFD,    0},    {0x083,0x05,    0},    {0x0E3,0x02,    0},    {0x040,0x80,    0},
    {0x020,0x03,    0},    {0x060,0xFD,    0},    {0x080,0x12,    1},    {0x0E0,0x02,    0},
    {0x0C0,0x3A,    0},    {0x043,0x8A,    0},    {0x0B0,0x32,    4},    {0x045,0x3F,    0},
    {0x025,0x51,    0},    {0x065,0xF0,    1},    {0x085,0xFF,    0},    {0x0E5,0x01,    0},
    {0x042,0x06,    0},    {0x022,0x10,    0},    {0x062,0xF1,    0},    {0x082,0xFF,    0},
    {0x0C2,0x32,    0},    {0x045,0x0A,    0},    {0x0B2,0x2E,   49},    {0x0B5,0x0E,    8},
    {0x0B2,0x0E,    7},    {0x0B6,0x06,   21},    {0x0B0,0x12,   22},    {0x0B1,0x0A,   21},
    {0x0B4,0x2E,    0},    {0x055,0x3F,    0},    {0x035,0x00,    0},    {0x075,0xF9,    0},
    {0x095,0x06,    0},    {0x0F5,0x00,    0},    {0x052,0x00,    0},    {0x032,0x00,    0},
    {0x072,0xFA,    0},    {0x092,0x47,    1},    {0x0C8,0x36,    0},    {0x055,0x08,    0},
    {0x0A8,0xDA,    0},    {0x0B8,0x26,    6},    {0x054,0x3F,    0},    {0x051,0x06,    1},
    {0x0C7,0x32,    0},    {0x054,0x0A,    0},    {0x0A7,0x44,    0},    {0x0B7,0x2E,   78},
    {0x0B8,0x06,   50},    {0x04B,0x3F,    0},    {0x048,0x0D,    0},    {0x0C3,0x3C,    0},
    {0x04B,0x0A,    0},    {0x0A3,0x65,    0},    {0x0B3,0x2F,    0},    {0x04D,0xBF,    0},
    {0x02D,0x30,    0},    {0x06D,0xE1,    0},    {0x08D,0xD6,    0},    {0x0ED,0x00,    1},
    {0x04A,0x8F,    0},    {0x02A,0x20,    0},    {0x06A,0xE0,    0},    {0x08A,0x14,    0},
    {0x0C5,0x38,    0},    {0x04D,0x91,    0},    {0x0B5,0x2A,    0},    {0x045,0x3F,    0},
    {0x025,0x00,    0},    {0x065,0x00,    0},    {0x085,0xF0,    0},    {0x0E5,0x00,    0},
    {0x042,0x3F,    0},    {0x022,0x00,    0},    {0x062,0x00,    0},    {0x082,0xF0,    0},
    {0x0C2,0x30,    0},    {0x045,0x07,    0},    {0x0A2,0xB1,    0},    {0x0B2,0x2A,    1},
    {0x053,0x3F,    0},    {0x073,0xF7,    0},    {0x093,0xFA,    0},    {0x030,0x06,    0},
    {0x070,0xAA,    0},    {0x090,0xFF,    0},    {0x0C6,0x3E,    0},    {0x053,0x07,    0},
    {0x0A6,0xB1,    0},    {0x0B6,0x2A,    0},    {0x0B0,0x32,    5},    {0x044,0x3F,    0},
    {0x024,0x51,    0},    {0x064,0xF0,    0},    {0x084,0xFF,    0},    {0x0E4,0x01,    0},
    {0x041,0x06,    0},    {0x021,0x10,    0},    {0x061,0xF1,    0},    {0x081,0xFF,    0},
    {0x0C1,0x32,    0},    {0x044,0x0A,    0},    {0x0A1,0x65,    0},    {0x0B1,0x2F,   78},
    {0x0B2,0x0A,    0},    {0x0B6,0x0A,    8},    {0x0B0,0x12,   28},    {0x0B5,0x0A,   14},
    {0x0B3,0x0F,    0},    {0x055,0x3F,    0},    {0x035,0x51,    1},    {0x075,0xF0,    0},
    {0x095,0xFF,    0},    {0x0F5,0x01,    0},    {0x052,0x0D,    0},    {0x032,0x10,    0},
    {0x072,0xF1,    0},    {0x092,0xFF,    0},    {0x0C8,0x3C,    0},    {0x055,0x08,    0},
    {0x0A8,0x98,    0},    {0x0B8,0x2F,    0},    {0x0B1,0x0F,    7},    {0x045,0x3F,    0},
    {0x025,0x51,    0},    {0x065,0xF0,    0},    {0x085,0xFF,    0},    {0x0E5,0x01,    0},
    {0x042,0x06,    0},    {0x022,0x10,    0},    {0x062,0xF1,    0},    {0x082,0xFF,    0},
    {0x0C2,0x32,    0},    {0x045,0x08,    0},    {0x0A2,0x98,    0},    {0x0B2,0x2F,   85},
    {0x0B4,0x0E,    7},    {0x0B7,0x0E,   22},    {0x0B8,0x0F,    7},    {0x0B2,0x0F,    7},
    {0x053,0x3F,    0},    {0x033,0x51,    0},    {0x073,0xF0,    0},    {0x093,0xFF,    0},
    {0x0F3,0x01,    0},    {0x050,0x0D,    0},    {0x030,0x10,    0},    {0x070,0xF1,    1},
    {0x0C6,0x3C,    0},    {0x053,0x0A,    0},    {0x0A6,0x44,    0},    {0x0B6,0x2E,    0},
    {0x043,0xBF,    0},    {0x023,0x30,    0},    {0x063,0xE1,    0},    {0x083,0xD6,    0},
    {0x0E3,0x00,    0},    {0x040,0x8F,    0},    {0x020,0x20,    0},    {0x060,0xE0,    0},
    {0x080,0x14,    0},    {0x0E0,0x00,    0},    {0x0C0,0x38,    0},    {0x043,0x8F,    0},
    {0x0A0,0x44,    0},    {0x0B0,0x2A,    0},    {0x04D,0x3F,    0},    {0x02D,0x00,    0},
    {0x06D,0xF9,    0},    {0x08D,0x06,    1},    {0x04A,0x00,    0},    {0x02A,0x00,    0},
    {0x06A,0xFA,    0},    {0x08A,0x47,    0},    {0x0C5,0x36,    0},    {0x04D,0x07,    0},
    {0x0A5,0xDA,    0},    {0x0B5,0x26,    0},    {0x04B,0xBF,    0},    {0x02B,0x02,    0},
    {0x06B,0xFD,    0},    {0x08B,0x05,    0},    {0x0EB,0x02,    0},    {0x048,0x80,    0},
    {0x028,0x03,    0},    {0x068,0xFD,    0},    {0x088,0x12,    0},    {0x0E8,0x02,    0},
    {0x0C3,0x3A,    0},    {0x04B,0x8A,    0},    {0x0A3,0xB1,    1},    {0x0B3,0x32,    4},
    {0x0A1,0x44,    0},    {0x0B1,0x2E,   22},    {0x0B6,0x0E,    7},    {0x0B1,0x0E,   50},
    {0x0B3,0x12,   21},    {0x0B5,0x06,   14},    {0x0B0,0x0A,   15},    {0x0B4,0x2E,    7},
    {0x0B7,0x2E,  136},    {0x055,0x09,    0},    {0x0A8,0x44,    0},    {0x0B8,0x32,    0},
    {0x045,0xBF,    0},    {0x025,0x30,    0},    {0x065,0xE1,    0},    {0x085,0xD6,    0},
    {0x0E5,0x00,    0},    {0x042,0x8F,    0},    {0x022,0x20,    0},    {0x062,0xE0,    0},
    {0x082,0x14,    0},    {0x0C2,0x38,    0},    {0x045,0x8F,    0},    {0x0A2,0x44,    0},
    {0x0B2,0x2A,    0},    {0x053,0x3F,    0},    {0x033,0x00,    0},    {0x073,0x00,    0},
    {0x093,0xF0,    1},    {0x0F3,0x00,    0},    {0x050,0x3F,    0},    {0x030,0x00,    0},
    {0x070,0x00,    0},    {0x090,0xF0,    0},    {0x0C6,0x30,    0},    {0x053,0x08,    0},
    {0x0A6,0xB1,    0},    {0x0B6,0x2A,    0},    {0x044,0x3F,    0},    {0x024,0x00,    0},
    {0x064,0xF7,    0},    {0x084,0xFA,    0},    {0x0E4,0x00,    0},    {0x041,0x00,    0},
    {0x021,0x06,    0},    {0x061,0xAA,    0},    {0x0C1,0x3E,    0},    {0x044,0x08,    0},
    {0x0A1,0xB1,    1},    {0x0B1,0x2A,    0},    {0x0B3,0x32,    0},    {0x04D,0x3F,    0},
    {0x02D,0x51,    0},    {0x06D,0xF0,    0},    {0x08D,0xFF,    0},    {0x0ED,0x01,    0},
    {0x04A,0x06,    0},    {0x02A,0x10,    0},    {0x06A,0xF1,    0},    {0x08A,0xFF,    0},
    {0x0C5,0x32,    0},    {0x04D,0x09,    0},    {0x0A5,0x44,    0},    {0x0B5,0x32,   26},
    {0x0B4,0x0E,    0},    {0x0B7,0x0E,   50},    {0x0B3,0x12,    7},    {0x0B6,0x0A,    0},
    {0x0B1,0x0A,   29},    {0x0B2,0x0A,    7},    {0x0B8,0x12,    7},    {0x0B5,0x12,    7},
    {0x043,0x3F,    0},    {0x023,0x51,    0},    {0x063,0xF0,    0},    {0x083,0xFF,    1},
    {0x0E3,0x01,    0},    {0x040,0x0D,    0},    {0x020,0x10,    0},    {0x060,0xF1,    0},
    {0x080,0xFF,    0},    {0x0C0,0x3C,    0},    {0x043,0x0B,    0},    {0x0B0,0x2E,    0},
    {0x04C,0x3F,    0},    {0x049,0x06,    0},    {0x0C4,0x32,    0},    {0x04C,0x0B,    0},
    {0x0B4,0x2E,   42},    {0x0B0,0x0E,    0},    {0x0B4,0x0E,   93},    {0x054,0x3F,    0},
    {0x051,0x0D,    0},    {0x0C7,0x3C,    0},    {0x054,0x0A,    1},    {0x0B7,0x2E,    0},
    {0x04B,0xBF,    0},    {0x02B,0x30,    0},    {0x06B,0xE1,    0},    {0x08B,0xD6,    0},
    {0x0EB,0x00,    0},    {0x048,0x8F,    0},    {0x028,0x20,    0},    {0x068,0xE0,    0},
    {0x088,0x14,    0},    {0x0E8,0x00,    0},    {0x0C3,0x38,    0},    {0x04B,0x8F,    0},
    {0x0A3,0x44,    0},    {0x0B3,0x2A,    0},    {0x053,0x3F,    0},    {0x073,0xF9,    0},
    {0x093,0x06,    0},    {0x050,0x00,    1},    {0x070,0xFA,    0},    {0x090,0x47,    0},
    {0x0C6,0x36,    0},    {0x053,0x09,    0},    {0x0A6,0xDA,    0},    {0x0B6,0x26,    0},
    {0x044,0xBF,    0},    {0x024,0x02,    0},    {0x064,0xFD,    0},    {0x084,0x05,    0},
    {0x0E4,0x02,    0},    {0x041,0x80,    0},    {0x021,0x03,    0},    {0x061,0xFD,    0},
    {0x081,0x12,    0},    {0x0E1,0x02,    0},    {0x0C1,0x3A,    0},    {0x044,0x8C,    0},
    {0x0B1,0x32,    5},    {0x045,0x3F,    0},    {0x025,0x51,    0},    {0x065,0xF0,    0},
    {0x085,0xFF,    0},    {0x0E5,0x01,    0},    {0x042,0x06,    0},    {0x022,0x10,    0},
    {0x062,0xF1,    1},    {0x082,0xFF,    0},    {0x0C2,0x32,    0},    {0x045,0x0A,    0},
    {0x0B2,0x2E,   63},    {0x0B6,0x06,   15},    {0x0B1,0x12,   21},    {0x0B3,0x0A,   29},
    {0x055,0x0B,    0},    {0x0A8,0x04,    0},    {0x0B8,0x32,    0},    {0x04D,0x3F,    0},
    {0x02D,0x00,    0},    {0x06D,0xF9,    0},    {0x08D,0x06,    0},    {0x0ED,0x00,    0},
    {0x04A,0x00,    0},    {0x02A,0x00,    0},    {0x06A,0xFA,    0},    {0x08A,0x47,    0},
    {0x0C5,0x36,    0},    {0x04D,0x08,    0},    {0x0A5,0xDA,    0},    {0x0B5,0x26,    7},
    {0x043,0x3F,    0},    {0x040,0x06,    0},    {0x0C0,0x32,    0},    {0x043,0x0B,    0},
    {0x0A0,0x04,    0},    {0x0B0,0x32,    7},    {0x0B7,0x0E,    7},    {0x0B2,0x0E,   57},
    {0x0B5,0x06,   57},    {0x0B8,0x12,    0},    {0x04C,0x3F,    1},    {0x049,0x0D,    0},
    {0x0C4,0x3C,    0},    {0x04C,0x09,    0},    {0x0B4,0x2E,    0},    {0x053,0xBF,    0},
    {0x033,0x30,    0},    {0x073,0xE1,    0},    {0x093,0xD6,    0},    {0x050,0x8F,    0},
    {0x030,0x20,    0},    {0x070,0xE0,    0},    {0x090,0x14,    1},    {0x0C6,0x38,    0},
    {0x053,0x91,    0},    {0x0A6,0x44,    0},    {0x0B6,0x2A,    0},    {0x044,0x3F,    0},
    {0x024,0x00,    0},    {0x064,0x00,    0},    {0x084,0xF0,    0},    {0x0E4,0x00,    0},
    {0x041,0x3F,    0},    {0x021,0x00,    0},    {0x061,0x00,    0},    {0x081,0xF0,    0},
    {0x0E1,0x00,    0},    {0x0C1,0x30,    0},    {0x044,0x07,    0},    {0x0B1,0x2A,    0},
    {0x04B,0x3F,    0},    {0x02B,0x00,    0},    {0x06B,0xF7,    0},    {0x08B,0xFA,    1},
    {0x048,0x00,    0},    {0x028,0x06,    0},    {0x068,0xAA,    0},    {0x088,0xFF,    0},
    {0x0C3,0x3E,    0},    {0x04B,0x07,    0},    {0x0A3,0xB1,    0},    {0x0B3,0x2A,    0},
    {0x054,0xBF,    0},    {0x034,0x02,    0},    {0x074,0xFD,    0},    {0x094,0x05,    0},
    {0x0F4,0x02,    0},    {0x051,0x80,    0},    {0x031,0x03,    0},    {0x071,0xFD,    0},
    {0x091,0x12,    0},    {0x0F1,0x02,    0},    {0x0C7,0x3A,    0},    {0x054,0x8A,    0},
    {0x0A7,0xB1,    0},    {0x0B7,0x32,    1},    {0x0B0,0x12,    4},    {0x045,0x09,    0},
    {0x0B2,0x2E,   35},    {0x0B4,0x0E,    7},    {0x0B2,0x0E,   36},    {0x0B1,0x0A,    0},
    {0x0B3,0x0A,    7},    {0x0B7,0x12,   22},    {0x0B6,0x0A,   21},    {0x04D,0x3F,    0},
    {0x02D,0x51,    0},    {0x06D,0xF0,    0},    {0x08D,0xFF,    0},    {0x0ED,0x01,    0},
    {0x04A,0x0D,    0},    {0x02A,0x10,    0},    {0x06A,0xF1,    0},    {0x08A,0xFF,    1},
    {0x0C5,0x3C,    0},    {0x04D,0x0B,    0},    {0x0A5,0x44,    0},    {0x0B5,0x2E,    6},
    {0x055,0x3F,    1},    {0x052,0x06,    0},    {0x0C8,0x32,    0},    {0x055,0x0B,    0},
    {0x0A8,0x44,    0},    {0x0B8,0x2E,  128},    {0x043,0x3F,    0},    {0x040,0x0D,    0},
    {0x0C0,0x3C,    0},    {0x043,0x08,    0},    {0x0A0,0x98,    0},    {0x0B0,0x2F,    0},
    {0x04C,0xBF,    1},    {0x02C,0x30,    0},    {0x06C,0xE1,    0},    {0x08C,0xD6,    0},
    {0x0EC,0x00,    0},    {0x049,0x8F,    0},    {0x029,0x20,    0},    {0x069,0xE0,    0},
    {0x089,0x14,    0},    {0x0C4,0x38,    0},    {0x04C,0x8F,    0},    {0x0B4,0x2A,    0},
    {0x045,0x3F,    0},    {0x025,0x00,    0},    {0x065,0xF9,    0},    {0x085,0x06,    0},
    {0x0E5,0x00,    0},    {0x042,0x00,    0},    {0x022,0x00,    0},    {0x062,0xFA,    0},
    {0x082,0x47,    1},    {0x0C2,0x36,    0},    {0x045,0x07,    0},    {0x0A2,0xDA,    0},
    {0x0B2,0x26,    0},    {0x044,0xBF,    0},    {0x024,0x02,    0},    {0x064,0xFD,    0},
    {0x084,0x05,    0},    {0x0E4,0x02,    0},    {0x041,0x80,    0},    {0x021,0x03,    0},
    {0x061,0xFD,    0},    {0x081,0x12,    0},    {0x0E1,0x02,    0},    {0x0C1,0x3A,    0},
    {0x044,0x8B,    0},    {0x0B1,0x32,    5},    {0x04B,0x3F,    0},    {0x02B,0x51,    0},
    {0x06B,0xF0,    0},    {0x08B,0xFF,    0},    {0x0EB,0x01,    0},    {0x048,0x06,    0},
    {0x028,0x10,    0},    {0x068,0xF1,    0},    {0x0C3,0x32,    0},    {0x04B,0x08,    1},
    {0x0A3,0x98,    0},    {0x0B3,0x2F,    0},    {0x0B5,0x0E,    6},    {0x0B8,0x0E,   72},
    {0x0B1,0x12,   21},    {0x0B2,0x06,    7},    {0x0B0,0x0F,    0},    {0x0B4,0x0A,    7},
    {0x0B3,0x0F,   15},    {0x054,0x3F,    0},    {0x034,0x51,    0},    {0x074,0xF0,    0},
    {0x094,0xFF,    0},    {0x0F4,0x01,    0},    {0x051,0x0D,    0},    {0x031,0x10,    0},
    {0x071,0xF1,    0},    {0x091,0xFF,    0},    {0x0F1,0x00,    0},    {0x0C7,0x3C,    0},
    {0x054,0x0A,    0},    {0x0A7,0x44,    0},    {0x0B7,0x2E,    7},    {0x053,0x3F,    0},
    {0x033,0x51,    0},    {0x073,0xF0,    0},    {0x093,0xFF,    0},    {0x0F3,0x01,    0},
    {0x050,0x06,    0},    {0x030,0x10,    0},    {0x070,0xF1,    0},    {0x090,0xFF,    0},
    {0x0C6,0x32,    0},    {0x053,0x0A,    0},    {0x0B6,0x2E,   43},    {0x0B7,0x0E,    7},
    {0x0B6,0x0E,   78},    {0x04D,0x09,    0},    {0x0B5,0x2E,    0},    {0x055,0xBF,    0},
    {0x035,0x30,    0},    {0x075,0xE1,    1},    {0x095,0xD6,    0},    {0x0F5,0x00,    0},
    {0x052,0x8F,    0},    {0x032,0x20,    0},    {0x072,0xE0,    0},    {0x092,0x14,    0},
    {0x0C8,0x38,    0},    {0x055,0x8F,    0},    {0x0B8,0x2A,    0},    {0x044,0x3F,    0},
    {0x024,0x00,    0},    {0x064,0x00,    0},    {0x084,0xF0,    0},    {0x0E4,0x00,    0},
    {0x041,0x3F,    0},    {0x021,0x00,    0},    {0x061,0x00,    0},    {0x081,0xF0,    0},
    {0x0E1,0x00,    0},    {0x0C1,0x30,    0},    {0x044,0x08,    1},    {0x0B1,0x2A,    0},
    {0x045,0x3F,    0},    {0x065,0xF7,    0},    {0x085,0xFA,    0},    {0x022,0x06,    0},
    {0x062,0xAA,    0},    {0x082,0xFF,    0},    {0x0C2,0x3E,    0},    {0x045,0x08,    0},
    {0x0A2,0xB1,    0},    {0x0B2,0x2A,    0},    {0x043,0xBF,    0},    {0x023,0x02,    0},
    {0x063,0xFD,    0},    {0x083,0x05,    0},    {0x0E3,0x02,    0},    {0x040,0x80,    0},
    {0x020,0x03,    1},    {0x060,0xFD,    0},    {0x080,0x12,    0},    {0x0E0,0x02,    0},
    {0x0C0,0x3A,    0},    {0x043,0x8A,    0},    {0x0A0,0xB1,    0},    {0x0B0,0x32,    4},
    {0x04C,0x3F,    0},    {0x02C,0x51,    0},    {0x06C,0xF0,    1},    {0x08C,0xFF,    0},
    {0x0EC,0x01,    0},    {0x049,0x06,    0},    {0x029,0x10,    0},    {0x069,0xF1,    0},
    {0x089,0xFF,    0},    {0x0C4,0x32,    0},    {0x04C,0x09,    0},    {0x0B4,0x2E,   78},
    {0x0B0,0x12,    7},    {0x0B1,0x0A,    0},    {0x0B2,0x0A,   29},    {0x0B8,0x0A,   14},
    {0x04B,0x3F,    0},    {0x048,0x0D,    0},    {0x0C3,0x3C,    0},    {0x04B,0x09,    0},
    {0x0A3,0x34,    1},    {0x0B3,0x2F,    6},    {0x054,0x3F,    0},    {0x051,0x06,    1},
    {0x0C7,0x32,    0},    {0x054,0x09,    0},    {0x0A7,0x34,    0},    {0x0B7,0x2F,   49},
    {0x0A5,0x41,    0},    {0x0A3,0x31,    0},    {0x0A4,0x41,    0},    {0x0A7,0x31,    7},
    {0x0A5,0x40,    0},    {0x0A3,0x2F,    0},    {0x0A4,0x40,    1},    {0x0A7,0x2F,   14},
    {0x0A5,0x45,    0},    {0x0A3,0x35,    0},    {0x0A4,0x45,    0},    {0x0A7,0x35,    7},
    {0x0A5,0x4A,    0},    {0x0A3,0x3D,    0},    {0x0A4,0x4A,    0},    {0x0A7,0x3D,    7},
    {0x0A5,0x4B,    0},    {0x0A3,0x3E,    0},    {0x0A4,0x4B,    0},    {0x0A7,0x3E,    7},
    {0x0A5,0x50,    0},    {0x0A3,0x46,    0},    {0x0A4,0x50,    0},    {0x0A7,0x46,    7},
    {0x0A5,0x53,    0},    {0x0A3,0x4A,    0},    {0x0A4,0x53,    0},    {0x0A7,0x4A,    7},
    {0x0A5,0x50,    0},    {0x0A3,0x46,    0},    {0x0A4,0x50,    1},    {0x0A7,0x46,    6},
    {0x0A5,0x4A,    0},    {0x0A3,0x3D,    1},    {0x0A4,0x4A,    0},    {0x0A7,0x3D,    7},
    {0x0A5,0x44,    0},    {0x0A3,0x34,    0},    {0x0A4,0x44,    0},    {0x0A7,0x34,    7},
    {0x053,0xBF,    0},    {0x033,0x30,    0},    {0x073,0xE1,    0},    {0x093,0xD6,    0},
    {0x0F3,0x00,    0},    {0x050,0x8F,    0},    {0x030,0x20,    0},    {0x070,0xE0,    0},
    {0x090,0x14,    0},    {0x0C6,0x38,    0},    {0x053,0x90,    0},    {0x0B6,0x2A,    0},
    {0x043,0x3F,    0},    {0x023,0x00,    0},    {0x063,0xF9,    0},    {0x083,0x06,    0},
    {0x0E3,0x00,    0},    {0x040,0x00,    1},    {0x020,0x00,    0},    {0x060,0xFA,    0},
    {0x080,0x47,    0},    {0x0E0,0x00,    0},    {0x0C0,0x36,    0},    {0x043,0x08,    0},
    {0x0A0,0xDA,    0},    {0x0B0,0x26,    0},    {0x044,0xBF,    0},    {0x024,0x02,    0},
    {0x064,0xFD,    0},    {0x084,0x05,    0},    {0x0E4,0x02,    0},    {0x041,0x80,    0},
    {0x021,0x03,    0},    {0x061,0xFD,    0},    {0x081,0x12,    0},    {0x0E1,0x02,    0},
    {0x0C1,0x3A,    0},    {0x044,0x88,    0},    {0x0B1,0x32,   56},    {0x0A5,0x47,    0},
    {0x0A3,0x38,    0},    {0x0A4,0x47,    0},    {0x0A7,0x38,    7},    {0x0A5,0x49,    0},
    {0x0A3,0x3B,    0},    {0x0A4,0x49,    0},    {0x0A7,0x3B,    7},    {0x0A5,0x47,    0},
    {0x0A3,0x38,    0},    {0x0A4,0x47,    0},    {0x0A7,0x38,    7},    {0x0B0,0x06,    0},
    {0x0A5,0x4C,    0},    {0x0A3,0x40,    0},    {0x0A4,0x4C,    1},    {0x0A7,0x40,    6},
    {0x0B1,0x12,    8},    {0x0A5,0x4D,    0},    {0x0A3,0x41,    0},    {0x0A4,0x4D,    0},
    {0x0A7,0x41,    7},    {0x0A5,0x4F,    0},    {0x0A3,0x44,    0},    {0x0A4,0x4F,    0},
    {0x0A7,0x44,    7},    {0x0A5,0x54,    0},    {0x0A3,0x4C,    0},    {0x0A4,0x54,    0},
    {0x0A7,0x4C,   14},    {0x0B6,0x0A,    0},    {0x0A5,0x53,    0},    {0x0A3,0x4A,    0},
    {0x0A4,0x53,    0},    {0x0A7,0x4A,    7},    {0x0A5,0x4E,    0},    {0x0A3,0x43,    0},
    {0x0A4,0x4E,    0},    {0x0A7,0x43,    7},    {0x0A5,0x45,    0},    {0x0A3,0x35,    1},
    {0x0A4,0x45,    0},    {0x0A7,0x35,    7},    {0x045,0x3F,    0},    {0x065,0xF9,    0},
    {0x085,0x06,    0},    {0x022,0x00,    0},    {0x062,0xFA,    0},    {0x082,0x47,    0},
    {0x0C2,0x36,    0},    {0x045,0x08,    0},    {0x0A2,0xDA,    0},    {0x0B2,0x26,   78},
    {0x0A5,0x47,    0},    {0x0A3,0x38,    0},    {0x0A4,0x47,    0},    {0x0A7,0x38,    7},
    {0x0A5,0x4A,    0},    {0x0A3,0x3D,    0},    {0x0A4,0x4A,    0},    {0x0A7,0x3D,    1},
    {0x0B2,0x06,    6},    {0x0A5,0x4D,    0},    {0x0A3,0x41,    1},    {0x0A4,0x4D,    0},
    {0x0A7,0x41,    6},    {0x0A5,0x4C,    1},    {0x0A3,0x40,    0},    {0x0A4,0x4C,    0},
    {0x0A7,0x40,    7},    {0x0A5,0x4E,    0},    {0x0A3,0x43,    0},    {0x0A4,0x4E,    0},
    {0x0A7,0x43,    7},    {0x0A5,0x53,    0},    {0x0A3,0x4A,    0},    {0x0A4,0x53,    0},
    {0x0A7,0x4A,    7},    {0x0A5,0x50,    0},    {0x0A3,0x46,    0},    {0x0A4,0x50,    0},
    {0x0A7,0x46,    7},    {0x0A5,0x4E,    0},    {0x0A3,0x43,    0},    {0x0A4,0x4E,    0},
    {0x0A7,0x43,    7},    {0x055,0x95,    0},    {0x0B8,0x2A,    0},    {0x043,0x3F,    0},
    {0x063,0x00,    0},    {0x083,0xF0,    1},    {0x040,0x3F,    0},    {0x060,0x00,    0},
    {0x080,0xF0,    0},    {0x0C0,0x30,    0},    {0x043,0x07,    0},    {0x0A0,0xB1,    0},
    {0x0B0,0x2A,    0},    {0x044,0x3F,    0},    {0x024,0x00,    0},    {0x064,0xF7,    0},
    {0x084,0xFA,    0},    {0x0E4,0x00,    0},    {0x041,0x00,    0},    {0x021,0x06,    0},
    {0x061,0xAA,    0},    {0x081,0xFF,    0},    {0x0E1,0x00,    0},    {0x0C1,0x3E,    0},
    {0x044,0x07,    1},    {0x0B1,0x2A,    0},    {0x053,0xBF,    0},    {0x033,0x02,    0},
    {0x073,0xFD,    0},    {0x093,0x05,    0},    {0x0F3,0x02,    0},    {0x050,0x80,    0},
    {0x030,0x03,    0},    {0x070,0xFD,    0},    {0x090,0x12,    0},    {0x0F0,0x02,    0},
    {0x0C6,0x3A,    0},    {0x053,0x8A,    0},    {0x0A6,0xB1,    0},    {0x0B6,0x32,    0},
    {0x0A5,0x47,    0},    {0x0A3,0x38,    0},    {0x0A4,0x47,    0},    {0x0A7,0x38,    5},
    {0x0A5,0x44,    0},    {0x0A3,0x34,    1},    {0x0A4,0x44,    0},    {0x0A7,0x34,   71},
    {0x0B0,0x0A,    0},    {0x0B1,0x0A,    7},    {0x0B6,0x12,    7},    {0x0A5,0x4A,    0},
    {0x0A3,0x3D,    0},    {0x0A4,0x4A,    0},    {0x0A7,0x3D,    7},    {0x0A5,0x4C,    0},
    {0x0A3,0x40,    0},    {0x0A4,0x4C,    0},    {0x0A7,0x40,   14},    {0x0A5,0x4F,    1},
    {0x0A3,0x44,    0},    {0x0A4,0x4F,    0},    {0x0A7,0x44,    7},    {0x0A5,0x53,    0},
    {0x0A3,0x4A,    0},    {0x0A4,0x53,    0},    {0x0A7,0x4A,    0},    {0x0B8,0x0A,    7},
    {0x0A5,0x50,    0},    {0x0A3,0x46,    0},    {0x0A4,0x50,    0},    {0x0A7,0x46,    7},
    {0x0A5,0x52,    0},    {0x0A3,0x49,    0},    {0x0A4,0x52,    0},    {0x0A7,0x49,   14},
    {0x0A5,0x48,    0},    {0x0A3,0x3A,    0},    {0x0A4,0x48,    0},    {0x0A7,0x3A,    7},
    {0x0A5,0x44,    0},    {0x0A3,0x34,    1},    {0x0A4,0x44,    0},    {0x0A7,0x34,   85},
    {0x0A5,0x48,    0},    {0x0A3,0x3A,    0},    {0x0A4,0x48,    0},    {0x0A7,0x3A,    7},
    {0x0A5,0x4C,    0},    {0x0A3,0x40,    0},    {0x0A4,0x4C,    0},    {0x0A7,0x40,    1},
    {0x0B5,0x0E,    0},    {0x0A3,0x41,    6},    {0x0A4,0x4D,    0},    {0x0A7,0x41,    1},
    {0x0B4,0x0E,    6},    {0x0A3,0x43,    1},    {0x0A7,0x43,    7},    {0x0A3,0x44,    0},
    {0x0A7,0x44,    0},    {0x045,0x3F,    0},    {0x025,0x51,    0},    {0x065,0xF0,    0},
    {0x085,0xFF,    0},    {0x0E5,0x01,    0},    {0x042,0x0D,    0},    {0x022,0x10,    0},
    {0x062,0xF1,    0},    {0x082,0xFF,    0},    {0x0C2,0x3C,    0},    {0x045,0x0A,    0},
    {0x0A2,0x4F,    0},    {0x0B2,0x2E,    0},    {0x0A3,0x34,    1},    {0x0A2,0x44,    0},
    {0x043,0xBF,    0},    {0x023,0x30,    0},    {0x063,0xE1,    0},    {0x083,0xD6,    0},
    {0x040,0x8F,    0},    {0x020,0x20,    0},    {0x060,0xE0,    0},    {0x080,0x14,    0},
    {0x0C0,0x38,    0},    {0x043,0x93,    0},    {0x0A0,0x44,    0},    {0x0B0,0x2A,    0},
    {0x044,0x3F,    0},    {0x064,0xF9,    0},    {0x084,0x06,    0},    {0x021,0x00,    1},
    {0x061,0xFA,    0},    {0x081,0x47,    0},    {0x0C1,0x36,    0},    {0x044,0x07,    0},
    {0x0A1,0xDA,    0},    {0x0B1,0x26,    0},    {0x0B6,0x32,    5},    {0x0A7,0x34,    0},
    {0x055,0x3F,    0},    {0x035,0x51,    0},    {0x075,0xF0,    0},    {0x095,0xFF,    0},
    {0x0F5,0x01,    0},    {0x052,0x06,    0},    {0x032,0x10,    0},    {0x072,0xF1,    0},
    {0x092,0xFF,    0},    {0x0C8,0x32,    0},    {0x055,0x0A,    0},    {0x0B8,0x2E,   14},
    {0x0B3,0x0F,    7},    {0x0B7,0x0F,   14},    {0x0B2,0x0E,    8},    {0x0B8,0x0E,   35},
    {0x0B6,0x12,   22},    {0x0B1,0x06,   21},    {0x0B0,0x0A,    7},    {0x04D,0x0A,    0},
    {0x0A5,0x44,    0},    {0x0B5,0x2E,    7},    {0x04C,0x0A,    1},    {0x0A4,0x44,    0},
    {0x0B4,0x2E,  128},    {0x0A3,0x44,    0},    {0x0B3,0x32,    0},    {0x054,0xBF,    0},
    {0x034,0x30,    0},    {0x074,0xE1,    0},    {0x094,0xD6,    0},    {0x0F4,0x00,    0},
    {0x051,0x8F,    0},    {0x031,0x20,    0},    {0x071,0xE0,    0},    {0x091,0x14,    1},
    {0x0C7,0x38,    0},    {0x054,0x8F,    0},    {0x0A7,0x44,    0},    {0x0B7,0x2A,    0},
    {0x045,0x3F,    0},    {0x025,0x00,    0},    {0x065,0x00,    0},    {0x085,0xF0,    0},
    {0x0E5,0x00,    0},    {0x042,0x3F,    0},    {0x022,0x00,    0},    {0x062,0x00,    0},
    {0x082,0xF0,    0},    {0x0C2,0x30,    0},    {0x045,0x08,    0},    {0x0A2,0xB1,    0},
    {0x0B2,0x2A,    0},    {0x055,0x3F,    0},    {0x035,0x00,    0},    {0x075,0xF7,    0},
    {0x095,0xFA,    1},    {0x0F5,0x00,    0},    {0x052,0x00,    0},    {0x032,0x06,    0},
    {0x072,0xAA,    0},    {0x0C8,0x3E,    0},    {0x055,0x08,    0},    {0x0A8,0xB1,    0},
    {0x0B8,0x2A,    0},    {0x053,0x89,    0},    {0x0B6,0x32,    5},    {0x044,0x3F,    0},
    {0x024,0x51,    0},    {0x064,0xF0,    0},    {0x084,0xFF,    0},    {0x0E4,0x01,    0},
    {0x041,0x06,    0},    {0x021,0x10,    0},    {0x061,0xF1,    0},    {0x081,0xFF,    1},
    {0x0C1,0x32,    0},    {0x044,0x09,    0},    {0x0A1,0x44,    0},    {0x0B1,0x32,   49},
    {0x0B5,0x0E,    7},    {0x0B4,0x0E,   22},    {0x0B6,0x12,    0},    {0x0B2,0x0A,    0},
    {0x0B8,0x0A,   28},    {0x0B7,0x0A,   22},    {0x0B3,0x12,    0},    {0x043,0x3F,    0},
    {0x023,0x51,    0},    {0x063,0xF0,    0},    {0x083,0xFF,    0},    {0x0E3,0x01,    0},
    {0x040,0x0D,    0},    {0x020,0x10,    0},    {0x060,0xF1,    0},    {0x080,0xFF,    0},
    {0x0C0,0x3C,    0},    {0x043,0x0B,    0},    {0x0B0,0x2E,    0},    {0x0B1,0x12,    7},
    {0x04D,0x3F,    0},    {0x04A,0x06,    0},    {0x0C5,0x32,    0},    {0x04D,0x0B,    0},
    {0x0B5,0x2E,   36},    {0x0B0,0x0E,    7},    {0x0B5,0x0E,   85},    {0x04C,0x3F,    1},
    {0x049,0x0D,    0},    {0x0C4,0x3C,    0},    {0x04C,0x0A,    0},    {0x0B4,0x2E,    0},
    {0x053,0xBF,    0},    {0x033,0x30,    0},    {0x073,0xE1,    0},    {0x093,0xD6,    0},
    {0x0F3,0x00,    0},    {0x050,0x8F,    0},    {0x030,0x20,    0},    {0x070,0xE0,    0},
    {0x090,0x14,    0},    {0x0F0,0x00,    0},    {0x0C6,0x38,    1},    {0x053,0x8F,    0},
    {0x0A6,0x44,    0},    {0x0B6,0x2A,    0},    {0x045,0x3F,    0},    {0x065,0xF9,    0},
    {0x085,0x06,    0},    {0x042,0x00,    0},    {0x062,0xFA,    0},    {0x082,0x47,    0},
    {0x0C2,0x36,    0},    {0x045,0x07,    0},    {0x0A2,0xDA,    0},    {0x0B2,0x26,    0},
    {0x055,0xBF,    0},    {0x035,0x02,    0},    {0x075,0xFD,    0},    {0x095,0x05,    0},
    {0x0F5,0x02,    0},    {0x052,0x80,    1},    {0x032,0x03,    0},    {0x072,0xFD,    0},
    {0x092,0x12,    0},    {0x0F2,0x02,    0},    {0x0C8,0x3A,    0},    {0x055,0x8A,    0},
    {0x0B8,0x32,    5},    {0x054,0x3F,    0},    {0x034,0x51,    0},    {0x074,0xF0,    0},
    {0x094,0xFF,    0},    {0x0F4,0x01,    0},    {0x051,0x06,    0},    {0x031,0x10,    0},
    {0x071,0xF1,    0},    {0x091,0xFF,    0},    {0x0C7,0x32,    0},    {0x054,0x0A,    0},
    {0x0B7,0x2E,   71},    {0x0B2,0x06,   14},    {0x0B8,0x12,   29},    {0x0B6,0x0A,   14},
    {0x04B,0x0A,    0},    {0x0A3,0x04,    0},    {0x0B3,0x32,    0},    {0x044,0x3F,    0},
    {0x024,0x00,    0},    {0x064,0xF9,    0},    {0x084,0x06,    0},    {0x0E4,0x00,    0},
    {0x041,0x00,    1},    {0x021,0x00,    0},    {0x061,0xFA,    0},    {0x081,0x47,    0},
    {0x0C1,0x36,    0},    {0x044,0x09,    0},    {0x0A1,0xDA,    0},    {0x0B1,0x26,    6},
    {0x043,0x3F,    0},    {0x040,0x06,    1},    {0x0C0,0x32,    0},    {0x043,0x0A,    0},
    {0x0A0,0x04,    0},    {0x0B0,0x32,   14},    {0x0B4,0x0E,    7},    {0x0B7,0x0E,   57},
    {0x0B1,0x06,   50},    {0x04D,0x3F,    0},    {0x04A,0x0D,    0},    {0x0C5,0x3C,    0},
    {0x04D,0x0A,    0},    {0x0B5,0x2E,    0},    {0x045,0xBF,    0},    {0x025,0x30,    1},
    {0x065,0xE1,    0},    {0x085,0xD6,    0},    {0x042,0x8F,    0},    {0x022,0x20,    0},
    {0x062,0xE0,    0},    {0x082,0x14,    0},    {0x0C2,0x38,    0},    {0x045,0x8F,    0},
    {0x0A2,0x44,    0},    {0x0B2,0x2A,    0},    {0x055,0x3F,    0},    {0x035,0x00,    0},
    {0x075,0x00,    0},    {0x095,0xF0,    0},    {0x0F5,0x00,    0},    {0x052,0x3F,    0},
    {0x032,0x00,    0},    {0x072,0x00,    0},    {0x092,0xF0,    0},    {0x0F2,0x00,    0},
    {0x0C8,0x30,    1},    {0x055,0x07,    0},    {0x0B8,0x2A,    0},    {0x053,0x3F,    0},
    {0x033,0x00,    0},    {0x073,0xF7,    0},    {0x093,0xFA,    0},    {0x050,0x00,    0},
    {0x030,0x06,    0},    {0x070,0xAA,    0},    {0x090,0xFF,    0},    {0x0C6,0x3E,    0},
    {0x053,0x07,    0},    {0x0A6,0xB1,    0},    {0x0B6,0x2A,    0},    {0x04C,0xBF,    0},
    {0x02C,0x02,    0},    {0x06C,0xFD,    0},    {0x08C,0x05,    0},    {0x0EC,0x02,    0},
    {0x049,0x80,    1},    {0x029,0x03,    0},    {0x069,0xFD,    0},    {0x089,0x12,    0},
    {0x0E9,0x02,    0},    {0x0C4,0x3A,    0},    {0x04C,0x89,    0},    {0x0A4,0xB1,    0},
    {0x0B4,0x32,    4},    {0x0B3,0x12,    0},    {0x0B7,0x2E,    0},    {0x0B0,0x12,   50},
    {0x0B5,0x0E,    7},    {0x0B7,0x0E,   14},    {0x0B8,0x0A,    0},    {0x0B6,0x0A,    8},
    {0x0B4,0x12,   35},    {0x0B2,0x0A,   15},    {0x044,0x3F,    0},    {0x024,0x51,    0},
    {0x064,0xF0,    0},    {0x084,0xFF,    0},    {0x0E4,0x01,    0},    {0x041,0x0D,    0},
    {0x021,0x10,    0},    {0x061,0xF1,    0},    {0x081,0xFF,    0},    {0x0C1,0x3C,    0},
    {0x044,0x09,    0},    {0x0A1,0x44,    0},    {0x0B1,0x2E,    7},    {0x04B,0x3F,    0},
    {0x048,0x06,    0},    {0x0C3,0x32,    0},    {0x04B,0x09,    0},    {0x0A3,0x44,    0},
    {0x0B3,0x2E,  135},    {0x043,0x3F,    1},    {0x040,0x0D,    0},    {0x0C0,0x3C,    0},
    {0x043,0x08,    0},    {0x0A0,0x98,    0},    {0x0B0,0x2F,    0},    {0x04D,0xBF,    0},
    {0x02D,0x30,    0},    {0x06D,0xE1,    0},    {0x08D,0xD6,    0},    {0x0ED,0x00,    0},
    {0x04A,0x8F,    0},    {0x02A,0x20,    0},    {0x06A,0xE0,    0},    {0x08A,0x14,    0},
    {0x0C5,0x38,    0},    {0x04D,0x8D,    1},    {0x0B5,0x2A,    0},    {0x054,0x3F,    0},
    {0x034,0x00,    0},    {0x074,0xF9,    0},    {0x094,0x06,    0},    {0x0F4,0x00,    0},
    {0x051,0x00,    0},    {0x031,0x00,    0},    {0x071,0xFA,    0},    {0x091,0x47,    0},
    {0x0C7,0x36,    0},    {0x054,0x07,    0},    {0x0A7,0xDA,    0},    {0x0B7,0x26,    0},
    {0x055,0xBF,    0},    {0x035,0x02,    0},    {0x075,0xFD,    0},    {0x095,0x05,    0},
    {0x0F5,0x02,    0},    {0x052,0x80,    0},    {0x032,0x03,    1},    {0x072,0xFD,    0},
    {0x092,0x12,    0},    {0x0F2,0x02,    0},    {0x0C8,0x3A,    0},    {0x055,0x8A,    0},
    {0x0B8,0x32,    0},    {0x053,0x3F,    0},    {0x033,0x51,    0},    {0x073,0xF0,    0},
    {0x093,0xFF,    0},    {0x0F3,0x01,    0},    {0x050,0x06,    0},    {0x030,0x10,    0},
    {0x070,0xF1,    0},    {0x0C6,0x32,    0},    {0x053,0x08,    0},    {0x0A6,0x98,    0},
    {0x0B6,0x2F,    5},    {0x0B1,0x0E,    7},    {0x0B3,0x0E,   71},    {0x0B8,0x12,   14},
    {0x0B7,0x06,   15},    {0x0B5,0x0A,   14},    {0x0B0,0x0F,    7},    {0x04C,0x3F,    0},
    {0x02C,0x51,    0},    {0x06C,0xF0,    0},    {0x08C,0xFF,    0},    {0x0EC,0x01,    0},
    {0x049,0x0D,    0},    {0x029,0x10,    0},    {0x069,0xF1,    0},    {0x089,0xFF,    0},
    {0x0E9,0x00,    1},    {0x0C4,0x3C,    0},    {0x04C,0x0B,    0},    {0x0A4,0x44,    0},
    {0x0B4,0x2E,    0},    {0x0B6,0x0F,    0},    {0x045,0x3F,    0},    {0x025,0x51,    0},
    {0x065,0xF0,    0},    {0x085,0xFF,    0},    {0x0E5,0x01,    0},    {0x042,0x06,    0},
    {0x022,0x10,    0},    {0x062,0xF1,    0},    {0x082,0xFF,    0},    {0x0C2,0x32,    0},
    {0x045,0x0B,    0},    {0x0B2,0x2E,   42},    {0x0B4,0x0E,    7},    {0x0B2,0x0E,   86},
    {0x044,0x0A,    0},    {0x0B1,0x2E,    0},    {0x04B,0xBF,    0},    {0x02B,0x30,    0},
    {0x06B,0xE1,    0},    {0x08B,0xD6,    0},    {0x0EB,0x00,    0},    {0x048,0x8F,    0},
    {0x028,0x20,    0},    {0x068,0xE0,    0},    {0x088,0x14,    0},    {0x0C3,0x38,    0},
    {0x04B,0x8F,    0},    {0x0B3,0x2A,    1},    {0x055,0x3F,    0},    {0x035,0x00,    0},
    {0x075,0x00,    0},    {0x095,0xF0,    0},    {0x0F5,0x00,    0},    {0x052,0x3F,    0},
    {0x032,0x00,    0},    {0x072,0x00,    0},    {0x092,0xF0,    0},    {0x0F2,0x00,    0},
    {0x0C8,0x30,    0},    {0x055,0x07,    0},    {0x0B8,0x2A,    0},    {0x054,0x3F,    0},
    {0x074,0xF7,    0},    {0x094,0xFA,    0},    {0x031,0x06,    0},    {0x071,0xAA,    0},
    {0x091,0xFF,    1},    {0x0C7,0x3E,    0},    {0x054,0x07,    0},    {0x0A7,0xB1,    0},
    {0x0B7,0x2A,    0},    {0x04D,0xBF,    0},    {0x02D,0x02,    0},    {0x06D,0xFD,    0},
    {0x08D,0x05,    0},    {0x0ED,0x02,    0},    {0x04A,0x80,    0},    {0x02A,0x03,    0},
    {0x06A,0xFD,    0},    {0x08A,0x12,    0},    {0x0EA,0x02,    0},    {0x0C5,0x3A,    0},
    {0x04D,0x88,    0},    {0x0A5,0xB1,    0},    {0x0B5,0x32,    5},    {0x043,0x3F,    0},
    {0x040,0x06,    0},    {0x0C0,0x32,    0},    {0x043,0x0A,    0},    {0x0A0,0x44,    0},
    {0x0B0,0x2E,   71},    {0x0B5,0x12,   15},    {0x0B8,0x0A,    0},    {0x0B7,0x0A,   28},
    {0x0B3,0x0A,   14},    {0x053,0x3F,    1},    {0x050,0x0D,    0},    {0x0C6,0x3C,    0},
    {0x053,0x09,    0},    {0x0A6,0x34,    0},    {0x0B6,0x2F,    7},    {0x04C,0x3F,    0},
    {0x049,0x06,    0},    {0x0C4,0x32,    0},    {0x04C,0x09,    0},    {0x0A4,0x34,    0},
    {0x0B4,0x2F,    0},    {0x0B1,0x0E,    7},    {0x0B0,0x0E,  121},    {0x045,0x3F,    0},
    {0x042,0x0D,    1},    {0x0C2,0x3C,    0},    {0x045,0x0A,    0},    {0x0B2,0x2E,    0},
    {0x04D,0xBF,    0},    {0x02D,0x30,    0},    {0x06D,0xE1,    0},    {0x08D,0xD6,    0},
    {0x0ED,0x00,    0},    {0x04A,0x8F,    0},    {0x02A,0x20,    0},    {0x06A,0xE0,    0},
    {0x08A,0x14,    0},    {0x0EA,0x00,    0},    {0x0C5,0x38,    0},    {0x04D,0x90,    0},
    {0x0A5,0x44,    0},    {0x0B5,0x2A,    0},    {0x055,0x3F,    0},    {0x075,0xF9,    1},
    {0x095,0x06,    0},    {0x052,0x00,    0},    {0x072,0xFA,    0},    {0x092,0x47,    0},
    {0x0C8,0x36,    0},    {0x055,0x07,    0},    {0x0A8,0xDA,    0},    {0x0B8,0x26,    0},
    {0x054,0xBF,    0},    {0x034,0x02,    0},    {0x074,0xFD,    0},    {0x094,0x05,    0},
    {0x0F4,0x02,    0},    {0x051,0x80,    0},    {0x031,0x03,    0},    {0x071,0xFD,    0},
    {0x091,0x12,    0},    {0x0F1,0x02,    0},    {0x0C7,0x3A,    1},    {0x054,0x8A,    0},
    {0x0B7,0x32,    4},    {0x04B,0x3F,    0},    {0x02B,0x51,    0},    {0x06B,0xF0,    0},
    {0x08B,0xFF,    0},    {0x0EB,0x01,    1},    {0x048,0x06,    0},    {0x028,0x10,    0},
    {0x068,0xF1,    0},    {0x088,0xFF,    0},    {0x0C3,0x32,    0},    {0x04B,0x0A,    0},
    {0x0B3,0x2E,    6},    {0x0B6,0x0F,    8},    {0x0B4,0x0F,   21},    {0x0B2,0x0E,    7},
    {0x0B3,0x0E,   36},    {0x0B7,0x12,   14},    {0x0B8,0x06,    7},    {0x0B5,0x0A,   29},
    {0x0B1,0x2E,    7},    {0x0B0,0x2E,  129},    {0x053,0x0A,    0},    {0x0A6,0x65,    0},
    {0x0B6,0x2F,    0},    {0x04C,0xBF,    0},    {0x02C,0x30,    0},    {0x06C,0xE1,    0},
    {0x08C,0xD6,    0},    {0x0EC,0x00,    0},    {0x049,0x8F,    0},    {0x029,0x20,    0},
    {0x069,0xE0,    0},    {0x089,0x14,    0},    {0x0C4,0x38,    0},    {0x04C,0x8F,    0},
    {0x0A4,0x44,    0},    {0x0B4,0x2A,    0},    {0x045,0x3F,    0},    {0x025,0x00,    0},
    {0x065,0x00,    0},    {0x085,0xF0,    1},    {0x0E5,0x00,    0},    {0x042,0x3F,    0},
    {0x022,0x00,    0},    {0x062,0x00,    0},    {0x082,0xF0,    0},    {0x0C2,0x30,    0},
    {0x045,0x07,    0},    {0x0A2,0xB1,    0},    {0x0B2,0x2A,    0},    {0x04B,0x3F,    0},
    {0x02B,0x00,    0},    {0x06B,0xF7,    0},    {0x08B,0xFA,    0},    {0x0EB,0x00,    0},
    {0x048,0x00,    0},    {0x028,0x06,    0},    {0x068,0xAA,    0},    {0x0C3,0x3E,    0},
    {0x04B,0x07,    0},    {0x0A3,0xB1,    1},    {0x0B3,0x2A,    0},    {0x0B7,0x32,    5},
    {0x055,0x3F,    0},    {0x035,0x51,    0},    {0x075,0xF0,    0},    {0x095,0xFF,    0},
    {0x0F5,0x01,    0},    {0x052,0x06,    0},    {0x032,0x10,    0},    {0x072,0xF1,    0},
    {0x092,0xFF,    0},    {0x0C8,0x32,    0},    {0x055,0x0A,    0},    {0x0A8,0x65,    0},
    {0x0B8,0x2F,   78},    {0x0B7,0x12,    7},    {0x0B2,0x0A,    0},    {0x0B3,0x0A,   29},
    {0x0B4,0x0A,   14},    {0x0B6,0x0F,    0},    {0x04D,0x3F,    0},    {0x02D,0x51,    0},
    {0x06D,0xF0,    0},    {0x08D,0xFF,    1},    {0x0ED,0x01,    0},    {0x04A,0x0D,    0},
    {0x02A,0x10,    0},    {0x06A,0xF1,    0},    {0x08A,0xFF,    0},    {0x0C5,0x3C,    0},
    {0x04D,0x0A,    0},    {0x0A5,0x98,    0},    {0x0B5,0x2F,    6},    {0x0B8,0x0F,    0},
    {0x054,0x3F,    1},    {0x034,0x51,    0},    {0x074,0xF0,    0},    {0x094,0xFF,    0},
    {0x0F4,0x01,    0},    {0x051,0x06,    0},    {0x031,0x10,    0},    {0x071,0xF1,    0},
    {0x091,0xFF,    0},    {0x0F1,0x00,    0},    {0x0C7,0x32,    0},    {0x054,0x0A,    0},
    {0x0A7,0x98,    0},    {0x0B7,0x2F,   71},    {0x0B1,0x0E,    7},    {0x0B0,0x0E,   50},
    {0x0B5,0x0F,    0},    {0x045,0x3F,    0},    {0x025,0x51,    0},    {0x065,0xF0,    0},
    {0x085,0xFF,    0},    {0x0E5,0x01,    0},    {0x042,0x0D,    0},    {0x022,0x10,    0},
    {0x062,0xF1,    0},    {0x082,0xFF,    0},    {0x0C2,0x3C,    1},    {0x045,0x0A,    0},
    {0x0A2,0x44,    0},    {0x0B2,0x2E,    0},    {0x04B,0xBF,    0},    {0x02B,0x30,    0},
    {0x06B,0xE1,    0},    {0x08B,0xD6,    0},    {0x048,0x8F,    0},    {0x028,0x20,    0},
    {0x068,0xE0,    0},    {0x088,0x14,    0},    {0x0C3,0x38,    0},    {0x04B,0x8F,    0},
    {0x0A3,0x44,    0},    {0x0B3,0x2A,    0},    {0x04C,0x3F,    0},    {0x02C,0x00,    0},
    {0x06C,0xF9,    0},    {0x08C,0x06,    0},    {0x049,0x00,    1},    {0x029,0x00,    0},
    {0x069,0xFA,    0},    {0x089,0x47,    0},    {0x0C4,0x36,    0},    {0x04C,0x07,    0},
    {0x0A4,0xDA,    0},    {0x0B4,0x26,    0},    {0x053,0xBF,    0},    {0x033,0x02,    0},
    {0x073,0xFD,    0},    {0x093,0x05,    0},    {0x0F3,0x02,    0},    {0x050,0x80,    0},
    {0x030,0x03,    0},    {0x070,0xFD,    0},    {0x090,0x12,    0},    {0x0F0,0x02,    0},
    {0x0C6,0x3A,    0},    {0x053,0x88,    0},    {0x0A6,0xB1,    0},    {0x0B6,0x32,    5},
    {0x0B7,0x0F,    0},    {0x0A8,0x44,    0},    {0x0B8,0x2E,   43},    {0x0B2,0x0E,    7},
    {0x0B8,0x0E,   29},    {0x0B6,0x12,   21},    {0x0B4,0x06,   14},    {0x0B3,0x0A,   15},
    {0x0B1,0x2E,    7},    {0x0B0,0x2E,  128},    {0x04D,0x08,    0},    {0x0A5,0x44,    0},
    {0x0B5,0x32,    1},    {0x054,0xBF,    0},    {0x034,0x30,    0},    {0x074,0xE1,    0},
    {0x094,0xD6,    0},    {0x0F4,0x00,    0},    {0x051,0x8F,    0},    {0x031,0x20,    0},
    {0x071,0xE0,    0},    {0x091,0x14,    0},    {0x0C7,0x38,    0},    {0x054,0x91,    0},
    {0x0A7,0x44,    0},    {0x0B7,0x2A,    0},    {0x045,0x3F,    0},    {0x025,0x00,    0},
    {0x065,0x00,    0},    {0x085,0xF0,    0},    {0x0E5,0x00,    0},    {0x042,0x3F,    0},
    {0x022,0x00,    0},    {0x062,0x00,    1},    {0x082,0xF0,    0},    {0x0C2,0x30,    0},
    {0x045,0x07,    0},    {0x0A2,0xB1,    0},    {0x0B2,0x2A,    0},    {0x055,0x3F,    0},
    {0x035,0x00,    0},    {0x075,0xF7,    0},    {0x095,0xFA,    0},    {0x0F5,0x00,    0},
    {0x052,0x00,    0},    {0x032,0x06,    0},    {0x072,0xAA,    0},    {0x0C8,0x3E,    0},
    {0x055,0x07,    0},    {0x0A8,0xB1,    0},    {0x0B8,0x2A,    0},    {0x053,0x89,    0},
    {0x0B6,0x32,    6},    {0x04C,0x3F,    0},    {0x02C,0x51,    0},    {0x06C,0xF0,    0},
    {0x08C,0xFF,    0},    {0x0EC,0x01,    0},    {0x049,0x06,    0},    {0x029,0x10,    0},
    {0x069,0xF1,    0},    {0x089,0xFF,    0},    {0x0C4,0x32,    0},    {0x04C,0x08,    0},
    {0x0A4,0x44,    0},    {0x0B4,0x32,   78},    {0x0B6,0x12,   14},    {0x0B2,0x0A,    0},
    {0x0B8,0x0A,    8},    {0x0B1,0x0E,    0},    {0x0B0,0x0E,   14},    {0x0B7,0x0A,   21},
    {0x04B,0x3F,    0},    {0x02B,0x51,    0},    {0x06B,0xF0,    0},    {0x08B,0xFF,    0},
    {0x0EB,0x01,    0},    {0x048,0x0D,    1},    {0x028,0x10,    0},    {0x068,0xF1,    0},
    {0x088,0xFF,    0},    {0x0C3,0x3C,    0},    {0x04B,0x0A,    0},    {0x0B3,0x2E,    0},
    {0x053,0x3F,    0},    {0x033,0x51,    0},    {0x073,0xF0,    0},    {0x093,0xFF,    0},
    {0x0F3,0x01,    0},    {0x050,0x06,    0},    {0x030,0x10,    0},    {0x070,0xF1,    0},
    {0x090,0xFF,    0},    {0x0F0,0x00,    0},    {0x0C6,0x32,    0},    {0x053,0x0A,    0},
    {0x0A6,0x44,    0},    {0x0B6,0x2E,   14},    {0x0B5,0x12,    7},    {0x0B4,0x12,   21},
    {0x0B3,0x0E,    7},    {0x0B6,0x0E,   86},    {0x045,0x3F,    0},    {0x025,0x51,    0},
    {0x065,0xF0,    0},    {0x085,0xFF,    0},    {0x0E5,0x01,    0},    {0x042,0x0D,    0},
    {0x022,0x10,    0},    {0x062,0xF1,    0},    {0x082,0xFF,    0},    {0x0C2,0x3C,    0},
    {0x045,0x0A,    0},    {0x0A2,0x44,    1},    {0x0B2,0x2E,    0},    {0x055,0xBF,    0},
    {0x035,0x30,    0},    {0x075,0xE1,    0},    {0x095,0xD6,    0},    {0x052,0x8F,    0},
    {0x032,0x20,    0},    {0x072,0xE0,    0},    {0x092,0x14,    0},    {0x0C8,0x38,    0},
    {0x055,0x8F,    0},    {0x0A8,0x44,    0},    {0x0B8,0x2A,    0},    {0x044,0x3F,    0},
    {0x024,0x00,    0},    {0x064,0xF9,    0},    {0x084,0x06,    0},    {0x0E4,0x00,    0},
    {0x041,0x00,    0},    {0x021,0x00,    0},    {0x061,0xFA,    1},    {0x081,0x47,    0},
    {0x0C1,0x36,    0},    {0x044,0x07,    0},    {0x0A1,0xDA,    0},    {0x0B1,0x26,    0},
    {0x043,0xBF,    0},    {0x023,0x02,    0},    {0x063,0xFD,    0},    {0x083,0x05,    0},
    {0x0E3,0x02,    0},    {0x040,0x80,    0},    {0x020,0x03,    0},    {0x060,0xFD,    0},
    {0x080,0x12,    0},    {0x0E0,0x02,    0},    {0x0C0,0x3A,    0},    {0x043,0x88,    0},
    {0x0A0,0xB1,    0},    {0x0B0,0x32,    0},    {0x054,0x3F,    0},    {0x034,0x51,    0},
    {0x074,0xF0,    0},    {0x094,0xFF,    1},    {0x0F4,0x01,    0},    {0x051,0x06,    0},
    {0x031,0x10,    0},    {0x071,0xF1,    0},    {0x091,0xFF,    0},    {0x0C7,0x32,    0},
    {0x054,0x0A,    0},    {0x0B7,0x2E,   68},    {0x0B1,0x06,   22},    {0x0B0,0x12,   28},
    {0x0B8,0x0A,   15},    {0x04D,0x0A,    0},    {0x0A5,0x04,    0},    {0x0B5,0x32,    0},
    {0x04C,0x3F,    0},    {0x02C,0x00,    0},    {0x06C,0xF9,    0},    {0x08C,0x06,    0},
    {0x0EC,0x00,    0},    {0x049,0x00,    0},    {0x029,0x00,    0},    {0x069,0xFA,    0},
    {0x089,0x47,    0},    {0x0C4,0x36,    0},    {0x04C,0x07,    0},    {0x0A4,0xDA,    0},
    {0x0B4,0x26,    7},    {0x04B,0x3F,    0},    {0x048,0x06,    0},    {0x0C3,0x32,    0},
    {0x04B,0x0A,    0},    {0x0A3,0x04,    0},    {0x0B3,0x32,   28},    {0x0B2,0x0E,    7},
    {0x0B7,0x0E,   43},    {0x0B4,0x06,   50},    {0x0B5,0x12,    0},    {0x053,0x3F,    1},
    {0x050,0x0D,    0},    {0x0C6,0x3C,    0},    {0x053,0x09,    0},    {0x0B6,0x2E,    0},
    {0x044,0xBF,    0},    {0x024,0x30,    0},    {0x064,0xE1,    0},    {0x084,0xD6,    0},
    {0x041,0x8F,    0},    {0x021,0x20,    0},    {0x061,0xE0,    0},    {0x081,0x14,    0},
    {0x0C1,0x38,    0},    {0x044,0x8D,    1},    {0x0A1,0x44,    0},    {0x0B1,0x2A,    0},
    {0x043,0x3F,    0},    {0x023,0x00,    0},    {0x063,0x00,    0},    {0x083,0xF0,    0},
    {0x0E3,0x00,    0},    {0x040,0x3F,    0},    {0x020,0x00,    0},    {0x060,0x00,    0},
    {0x080,0xF0,    0},    {0x0E0,0x00,    0},    {0x0C0,0x30,    0},    {0x043,0x08,    0},
    {0x0B0,0x2A,    0},    {0x055,0x3F,    0},    {0x035,0x00,    0},    {0x075,0xF7,    0},
    {0x095,0xFA,    0},    {0x052,0x00,    0},    {0x032,0x06,    1},    {0x072,0xAA,    0},
    {0x092,0xFF,    0},    {0x0C8,0x3E,    0},    {0x055,0x08,    0},    {0x0A8,0xB1,    0},
    {0x0B8,0x2A,    0},    {0x045,0xBF,    0},    {0x025,0x02,    0},    {0x065,0xFD,    0},
    {0x085,0x05,    0},    {0x0E5,0x02,    0},    {0x042,0x80,    0},    {0x022,0x03,    0},
    {0x062,0xFD,    0},    {0x082,0x12,    0},    {0x0E2,0x02,    0},    {0x0C2,0x3A,    0},
    {0x045,0x88,    0},    {0x0A2,0xB1,    0},    {0x0B2,0x32,    4},    {0x0B3,0x12,    1},
    {0x054,0x09,    0},    {0x0B7,0x2E,   28},    {0x0B6,0x0E,    7},    {0x0B7,0x0E,   43},
    {0x0B2,0x12,    0},    {0x0B0,0x0A,    0},    {0x0B8,0x0A,   29},    {0x0B1,0x0A,   21},
    {0x04C,0x3F,    0},    {0x02C,0x51,    0},    {0x06C,0xF0,    0},    {0x08C,0xFF,    0},
    {0x0EC,0x01,    0},    {0x049,0x0D,    0},    {0x029,0x10,    0},    {0x069,0xF1,    0},
    {0x089,0xFF,    0},    {0x0C4,0x3C,    1},    {0x04C,0x09,    0},    {0x0A4,0x44,    0},
    {0x0B4,0x2E,    6},    {0x04D,0x3F,    0},    {0x04A,0x06,    1},    {0x0C5,0x32,    0},
    {0x04D,0x09,    0},    {0x0A5,0x44,    0},    {0x0B5,0x2E,   71},    {0x0B4,0x0E,    7},
    {0x0B5,0x0E,   50},    {0x04B,0x3F,    0},    {0x048,0x0D,    0},    {0x0C3,0x3C,    0},
    {0x04B,0x0A,    0},    {0x0A3,0x44,    0},    {0x0B3,0x36,    0},    {0x053,0xBF,    0},
    {0x033,0x30,    0},    {0x073,0xE1,    1},    {0x093,0xD6,    0},    {0x0F3,0x00,    0},
    {0x050,0x8F,    0},    {0x030,0x20,    0},    {0x070,0xE0,    0},    {0x090,0x14,    0},
    {0x0C6,0x38,    0},    {0x053,0x8B,    0},    {0x0B6,0x2A,    0},    {0x054,0xBF,    0},
    {0x034,0x02,    0},    {0x074,0xFD,    0},    {0x094,0x05,    0},    {0x0F4,0x02,    0},
    {0x051,0x80,    0},    {0x031,0x03,    0},    {0x071,0xFD,    0},    {0x091,0x12,    0},
    {0x0F1,0x02,    0},    {0x0C7,0x3A,    0},    {0x054,0x89,    0},    {0x0A7,0xB1,    1},
    {0x0B7,0x32,    5},    {0x045,0x3F,    0},    {0x025,0x51,    0},    {0x065,0xF0,    0},
    {0x085,0xFF,    0},    {0x0E5,0x01,    0},    {0x042,0x06,    0},    {0x022,0x10,    0},
    {0x062,0xF1,    0},    {0x082,0xFF,    0},    {0x0E2,0x00,    0},    {0x0C2,0x32,    0},
    {0x045,0x0A,    0},    {0x0A2,0x65,    0},    {0x0B2,0x33,    7},    {0x043,0x11,    0},
    {0x0B0,0x2A,    0},    {0x055,0x11,    0},    {0x0B8,0x2A,   21},    {0x0B0,0x0A,    1},
    {0x0B8,0x0A,   35},    {0x0B3,0x16,    0},    {0x044,0x3F,    0},    {0x024,0x51,    0},
    {0x064,0xF0,    0},    {0x084,0xFF,    0},    {0x0E4,0x01,    0},    {0x041,0x0D,    0},
    {0x021,0x10,    1},    {0x061,0xF1,    0},    {0x081,0xFF,    0},    {0x0C1,0x3C,    0},
    {0x044,0x0B,    0},    {0x0A1,0x98,    0},    {0x0B1,0x33,    0},    {0x04C,0x3F,    0},
    {0x02C,0x00,    0},    {0x06C,0x00,    0},    {0x08C,0xF0,    0},    {0x0EC,0x00,    0},
    {0x049,0x3F,    0},    {0x029,0x00,    0},    {0x069,0x00,    0},    {0x089,0xF0,    0},
    {0x0C4,0x30,    0},    {0x04C,0x0F,    0},    {0x0A4,0xB1,    0},    {0x0B4,0x2A,    0},
    {0x04D,0x3F,    0},    {0x02D,0x00,    1},    {0x06D,0xF7,    0},    {0x08D,0xFA,    0},
    {0x0ED,0x00,    0},    {0x04A,0x00,    0},    {0x02A,0x06,    0},    {0x06A,0xAA,    0},
    {0x0C5,0x3E,    0},    {0x04D,0x0F,    0},    {0x0A5,0xB1,    0},    {0x0B5,0x2A,    0},
    {0x0B2,0x13,    0},    {0x043,0x3F,    0},    {0x023,0x51,    0},    {0x063,0xF0,    0},
    {0x083,0xFF,    0},    {0x0E3,0x01,    0},    {0x040,0x06,    0},    {0x020,0x10,    0},
    {0x060,0xF1,    0},    {0x080,0xFF,    1},    {0x0C0,0x32,    0},    {0x043,0x0B,    0},
    {0x0A0,0x06,    0},    {0x0B0,0x33,    4},    {0x0B7,0x12,   15},    {0x0B4,0x0A,    0},
    {0x0B5,0x0A,   28},    {0x0B6,0x0A,   14},    {0x0B1,0x13,    1},    {0x055,0x3F,    0},
    {0x035,0x51,    0},    {0x075,0xF0,    0},    {0x095,0xFF,    0},    {0x0F5,0x01,    0},
    {0x052,0x0D,    0},    {0x032,0x10,    0},    {0x072,0xF1,    0},    {0x0C8,0x3C,    0},
    {0x055,0x0A,    0},    {0x0A8,0x65,    0},    {0x0B8,0x33,    7},    {0x04B,0x3F,    0},
    {0x02B,0x00,    0},    {0x06B,0xF9,    0},    {0x08B,0x06,    0},    {0x0EB,0x00,    0},
    {0x048,0x00,    0},    {0x028,0x00,    0},    {0x068,0xFA,    0},    {0x088,0x47,    0},
    {0x0C3,0x36,    0},    {0x04B,0x12,    0},    {0x0A3,0xDA,    0},    {0x0B3,0x26,    0},
    {0x0B0,0x13,    0},    {0x0A2,0xB1,    0},    {0x0B2,0x32,   21},    {0x0B3,0x06,   43},
    {0x0B8,0x13,    0},    {0x054,0x3F,    0},    {0x034,0x51,    0},    {0x074,0xF0,    0},
    {0x094,0xFF,    0},    {0x0F4,0x01,    0},    {0x051,0x0D,    0},    {0x031,0x10,    0},
    {0x071,0xF1,    0},    {0x091,0xFF,    0},    {0x0F1,0x00,    0},    {0x0C7,0x3C,    0},
    {0x054,0x0C,    0},    {0x0A7,0x44,    0},    {0x0B7,0x36,    1},    {0x0B2,0x12,    0},
    {0x04C,0x3F,    0},    {0x02C,0x51,    0},    {0x06C,0xF0,    0},    {0x08C,0xFF,    0},
    {0x0EC,0x01,    0},    {0x049,0x06,    0},    {0x029,0x10,    0},    {0x069,0xF1,    0},
    {0x089,0xFF,    0},    {0x0C4,0x32,    0},    {0x04C,0x0C,    0},    {0x0A4,0x65,    0},
    {0x0B4,0x33,   63},    {0x0B7,0x16,    0},    {0x04D,0x3F,    0},    {0x02D,0x51,    0},
    {0x06D,0xF0,    0},    {0x08D,0xFF,    0},    {0x0ED,0x01,    0},    {0x04A,0x0D,    0},
    {0x02A,0x10,    1},    {0x06A,0xF1,    0},    {0x0C5,0x3C,    0},    {0x04D,0x0A,    0},
    {0x0A5,0x65,    0},    {0x0B5,0x33,    0},    {0x053,0x8D,    0},    {0x0B6,0x2A,    0},
    {0x044,0x3F,    0},    {0x024,0x00,    0},    {0x064,0x00,    0},    {0x084,0xF0,    0},
    {0x0E4,0x00,    0},    {0x041,0x3F,    0},    {0x021,0x00,    0},    {0x061,0x00,    0},
    {0x081,0xF0,    0},    {0x0C1,0x30,    0},    {0x044,0x0E,    0},    {0x0A1,0xB1,    1},
    {0x0B1,0x2A,    0},    {0x043,0x3F,    0},    {0x023,0x00,    0},    {0x063,0xF7,    0},
    {0x083,0xFA,    0},    {0x0E3,0x00,    0},    {0x040,0x00,    0},    {0x020,0x06,    0},
    {0x060,0xAA,    0},    {0x0C0,0x3E,    0},    {0x043,0x0E,    0},    {0x0A0,0xB1,    0},
    {0x0B0,0x2A,    5},    {0x0B4,0x13,    0},    {0x04B,0x3F,    0},    {0x02B,0x51,    0},
    {0x06B,0xF0,    0},    {0x08B,0xFF,    1},    {0x0EB,0x01,    0},    {0x048,0x06,    0},
    {0x028,0x10,    0},    {0x068,0xF1,    0},    {0x088,0xFF,    0},    {0x0C3,0x32,    0},
    {0x04B,0x0A,    0},    {0x0A3,0xB1,    0},    {0x0B3,0x32,   21},    {0x0B1,0x0A,    0},
    {0x0B0,0x0A,   43},    {0x0B5,0x13,    0},    {0x055,0x0C,    0},    {0x0A8,0xB1,    0},
    {0x0B8,0x32,    7},    {0x0B3,0x12,    0},    {0x045,0x0C,    0},    {0x0A2,0x44,    0},
    {0x0B2,0x32,   35},    {0x0B6,0x0A,   22},    {0x0B8,0x12,    0},    {0x054,0x09,    0},
    {0x0A7,0x65,    0},    {0x0B7,0x33,    7},    {0x04C,0x3F,    0},    {0x02C,0x00,    0},
    {0x06C,0xF9,    0},    {0x08C,0x06,    0},    {0x0EC,0x00,    0},    {0x049,0x00,    0},
    {0x029,0x00,    0},    {0x069,0xFA,    0},    {0x089,0x47,    0},    {0x0C4,0x36,    0},
    {0x04C,0x0F,    1},    {0x0A4,0xDA,    0},    {0x0B4,0x26,    0},    {0x0B2,0x12,    0},
    {0x044,0x3F,    0},    {0x024,0x51,    0},    {0x064,0xF0,    0},    {0x084,0xFF,    0},
    {0x0E4,0x01,    0},    {0x041,0x06,    0},    {0x021,0x10,    0},    {0x061,0xF1,    0},
    {0x081,0xFF,    0},    {0x0C1,0x32,    0},    {0x044,0x09,    0},    {0x0B1,0x32,   13},
    {0x0B4,0x06,   50},    {0x0B7,0x13,    0},    {0x043,0x3F,    0},    {0x023,0x51,    0},
    {0x063,0xF0,    0},    {0x083,0xFF,    1},    {0x0E3,0x01,    0},    {0x040,0x0D,    0},
    {0x020,0x10,    0},    {0x060,0xF1,    0},    {0x0C0,0x3C,    0},    {0x043,0x0C,    0},
    {0x0A0,0x44,    0},    {0x0B0,0x36,    0},    {0x04D,0x3F,    0},    {0x02D,0x00,    0},
    {0x06D,0xF9,    0},    {0x08D,0x06,    0},    {0x0ED,0x00,    0},    {0x04A,0x00,    0},
    {0x02A,0x00,    0},    {0x06A,0xFA,    0},    {0x08A,0x47,    0},    {0x0C5,0x36,    0},
    {0x04D,0x10,    0},    {0x0A5,0xDA,    1},    {0x0B5,0x26,    5},    {0x0B1,0x12,    0},
    {0x04B,0x0C,    1},    {0x0A3,0x65,    0},    {0x0B3,0x33,   21},    {0x0B5,0x06,   36},
    {0x0B0,0x16,    0},    {0x053,0x3F,    0},    {0x033,0x51,    0},    {0x073,0xF0,    0},
    {0x093,0xFF,    0},    {0x0F3,0x01,    0},    {0x050,0x0D,    0},    {0x030,0x10,    0},
    {0x070,0xF1,    0},    {0x090,0xFF,    0},    {0x0C6,0x3C,    0},    {0x053,0x0A,    0},
    {0x0A6,0xB1,    0},    {0x0B6,0x36,    0},    {0x055,0xBF,    0},    {0x035,0x30,    0},
    {0x075,0xE1,    0},    {0x095,0xD6,    0},    {0x0F5,0x00,    0},    {0x052,0x8F,    0},
    {0x032,0x20,    1},    {0x072,0xE0,    0},    {0x092,0x14,    0},    {0x0C8,0x38,    0},
    {0x055,0x8F,    0},    {0x0A8,0x44,    0},    {0x0B8,0x2A,    6},    {0x0B3,0x13,    0},
    {0x045,0x0A,    0},    {0x0B2,0x36,    0},    {0x04C,0x3F,    0},    {0x06C,0x00,    0},
    {0x08C,0xF0,    0},    {0x049,0x3F,    0},    {0x069,0x00,    0},    {0x089,0xF0,    0},
    {0x0C4,0x30,    0},    {0x04C,0x0E,    0},    {0x0A4,0xB1,    0},    {0x0B4,0x2A,    1},
    {0x054,0x3F,    0},    {0x034,0x00,    0},    {0x074,0xF7,    0},    {0x094,0xFA,    0},
    {0x0F4,0x00,    0},    {0x051,0x00,    0},    {0x031,0x06,    0},    {0x071,0xAA,    0},
    {0x0C7,0x3E,    0},    {0x054,0x0E,    0},    {0x0A7,0xB1,    0},    {0x0B7,0x2A,   27},
    {0x0B4,0x0A,    0},    {0x0B7,0x0A,   36},    {0x0B6,0x16,    0},    {0x044,0x3F,    0},
    {0x041,0x0D,    0},    {0x0C1,0x3C,    1},    {0x044,0x0C,    0},    {0x0A1,0x44,    0},
    {0x0B1,0x36,    0},    {0x04D,0x3F,    0},    {0x06D,0x00,    0},    {0x08D,0xF0,    0},
    {0x04A,0x3F,    0},    {0x06A,0x00,    0},    {0x08A,0xF0,    0},    {0x0C5,0x30,    0},
    {0x04D,0x10,    0},    {0x0A5,0xB1,    0},    {0x0B5,0x2A,    0},    {0x043,0x3F,    0},
    {0x023,0x00,    0},    {0x063,0xF7,    0},    {0x083,0xFA,    0},    {0x0E3,0x00,    0},
    {0x040,0x00,    0},    {0x020,0x06,    1},    {0x060,0xAA,    0},    {0x0C0,0x3E,    0},
    {0x043,0x10,    0},    {0x0A0,0xB1,    0},    {0x0B0,0x2A,    5},    {0x0B2,0x16,    0},
    {0x0B3,0x33,   29},    {0x0B5,0x0A,    0},    {0x0B0,0x0A,    7},    {0x0B8,0x0A,   21},
    {0x0B1,0x16,    0},    {0x04C,0x3F,    0},    {0x02C,0x51,    0},    {0x06C,0xF0,    0},
    {0x08C,0xFF,    0},    {0x0EC,0x01,    1},    {0x049,0x0D,    0},    {0x029,0x10,    0},
    {0x069,0xF1,    0},    {0x089,0xFF,    0},    {0x0C4,0x3C,    0},    {0x04C,0x0A,    0},
    {0x0A4,0x65,    0},    {0x0B4,0x33,    6},    {0x0B3,0x13,    0},    {0x054,0x3F,    1},
    {0x034,0x51,    0},    {0x074,0xF0,    0},    {0x094,0xFF,    0},    {0x0F4,0x01,    0},
    {0x051,0x06,    0},    {0x031,0x10,    0},    {0x071,0xF1,    0},    {0x0C7,0x32,    0},
    {0x054,0x0A,    0},    {0x0B7,0x32,    7},    {0x053,0x3F,    0},    {0x033,0x00,    0},
    {0x073,0xF9,    0},    {0x093,0x06,    0},    {0x0F3,0x00,    0},    {0x050,0x00,    0},
    {0x030,0x00,    0},    {0x070,0xFA,    0},    {0x090,0x47,    0},    {0x0C6,0x36,    0},
    {0x053,0x10,    0},    {0x0A6,0xDA,    0},    {0x0B6,0x26,   21},    {0x0B6,0x06,   36},
    {0x0B4,0x13,    0},    {0x045,0x3F,    0},    {0x042,0x0D,    0},    {0x0C2,0x3C,    0},
    {0x045,0x0C,    0},    {0x0B2,0x36,    7},    {0x0B7,0x12,    0},    {0x04D,0x3F,    0},
    {0x02D,0x51,    0},    {0x06D,0xF0,    0},    {0x08D,0xFF,    0},    {0x0ED,0x01,    0},
    {0x04A,0x06,    0},    {0x02A,0x10,    0},    {0x06A,0xF1,    0},    {0x08A,0xFF,    0},
    {0x0C5,0x32,    0},    {0x04D,0x0C,    0},    {0x0A5,0x65,    0},    {0x0B5,0x33,    0},
    {0x043,0x3F,    1},    {0x063,0xF9,    0},    {0x083,0x06,    0},    {0x020,0x00,    0},
    {0x060,0xFA,    0},    {0x080,0x47,    0},    {0x0C0,0x36,    0},    {0x043,0x0E,    0},
    {0x0A0,0xDA,    0},    {0x0B0,0x26,   27},    {0x0B0,0x06,   36},    {0x0B2,0x16,    0},
    {0x055,0x3F,    0},    {0x035,0x51,    0},    {0x075,0xF0,    0},    {0x095,0xFF,    0},
    {0x0F5,0x01,    0},    {0x052,0x0D,    0},    {0x032,0x10,    0},    {0x072,0xF1,    1},
    {0x092,0xFF,    0},    {0x0C8,0x3C,    0},    {0x055,0x0A,    0},    {0x0A8,0x65,    0},
    {0x0B8,0x33,    0},    {0x044,0xBF,    0},    {0x024,0x30,    0},    {0x064,0xE1,    0},
    {0x084,0xD6,    0},    {0x0E4,0x00,    0},    {0x041,0x8F,    0},    {0x021,0x20,    0},
    {0x061,0xE0,    0},    {0x081,0x14,    0},    {0x0C1,0x38,    0},    {0x044,0x8B,    0},
    {0x0B1,0x2A,    0},    {0x0B5,0x13,    0},    {0x04B,0x0A,    0},    {0x0A3,0xB1,    1},
    {0x0B3,0x32,    5},    {0x053,0x3F,    0},    {0x073,0x00,    0},    {0x093,0xF0,    0},
    {0x050,0x3F,    1},    {0x070,0x00,    0},    {0x090,0xF0,    0},    {0x0C6,0x30,    0},
    {0x053,0x0E,    0},    {0x0A6,0xB1,    0},    {0x0B6,0x2A,    0},    {0x04C,0x3F,    0},
    {0x02C,0x00,    0},    {0x06C,0xF7,    0},    {0x08C,0xFA,    0},    {0x0EC,0x00,    0},
    {0x049,0x00,    0},    {0x029,0x06,    0},    {0x069,0xAA,    0},    {0x0C4,0x3E,    0},
    {0x04C,0x0E,    0},    {0x0A4,0xB1,    0},    {0x0B4,0x2A,   28},    {0x0B6,0x0A,    0},
    {0x0B4,0x0A,   28},    {0x0B8,0x13,    0},    {0x054,0x3F,    1},    {0x051,0x0D,    0},
    {0x0C7,0x3C,    0},    {0x054,0x0C,    0},    {0x0A7,0x44,    0},    {0x0B7,0x36,    7},
    {0x0B3,0x12,    0},    {0x043,0x3F,    0},    {0x023,0x51,    0},    {0x063,0xF0,    0},
    {0x083,0xFF,    0},    {0x0E3,0x01,    0},    {0x040,0x06,    0},    {0x020,0x10,    0},
    {0x060,0xF1,    0},    {0x080,0xFF,    0},    {0x0C0,0x32,    0},    {0x043,0x0C,    0},
    {0x0A0,0x65,    0},    {0x0B0,0x33,    7},    {0x045,0x3F,    0},    {0x025,0x00,    0},
    {0x065,0x00,    0},    {0x085,0xF0,    0},    {0x0E5,0x00,    0},    {0x042,0x3F,    0},
    {0x022,0x00,    0},    {0x062,0x00,    0},    {0x082,0xF0,    0},    {0x0C2,0x30,    0},
    {0x045,0x0F,    0},    {0x0A2,0xB1,    0},    {0x0B2,0x2A,    0},    {0x04D,0x3F,    0},
    {0x02D,0x00,    0},    {0x06D,0xF7,    0},    {0x08D,0xFA,    0},    {0x0ED,0x00,    0},
    {0x04A,0x00,    1},    {0x02A,0x06,    0},    {0x06A,0xAA,    0},    {0x0C5,0x3E,    0},
    {0x04D,0x0F,    0},    {0x0A5,0xB1,    0},    {0x0B5,0x2A,   27},    {0x0B2,0x0A,    0},
    {0x0B5,0x0A,    0},    {0x0B1,0x0A,   29},    {0x0B7,0x16,    0},    {0x053,0x3F,    0},
    {0x033,0x51,    0},    {0x073,0xF0,    0},    {0x093,0xFF,    0},    {0x0F3,0x01,    0},
    {0x050,0x0D,    0},    {0x030,0x10,    0},    {0x070,0xF1,    0},    {0x090,0xFF,    0},
    {0x0C6,0x3C,    0},    {0x053,0x09,    0},    {0x0A6,0x65,    0},    {0x0B6,0x33,    0},
    {0x0B0,0x13,    1},    {0x04C,0x3F,    0},    {0x02C,0x51,    0},    {0x06C,0xF0,    0},
    {0x08C,0xFF,    0},    {0x0EC,0x01,    0},    {0x049,0x06,    0},    {0x029,0x10,    0},
    {0x069,0xF1,    0},    {0x0C4,0x32,    0},    {0x04C,0x09,    0},    {0x0B4,0x32,    6},
    {0x055,0x3F,    0},    {0x035,0x00,    0},    {0x075,0xF9,    0},    {0x095,0x06,    0},
    {0x0F5,0x00,    0},    {0x052,0x00,    0},    {0x032,0x00,    0},    {0x072,0xFA,    0},
    {0x092,0x47,    0},    {0x0C8,0x36,    0},    {0x055,0x0E,    0},    {0x0A8,0xDA,    1},
    {0x0B8,0x26,   20},    {0x0B8,0x06,   36},    {0x0B6,0x13,    0},    {0x04B,0x3F,    0},
    {0x048,0x0D,    1},    {0x0C3,0x3C,    0},    {0x04B,0x0C,    0},    {0x0B3,0x32,    6},
    {0x0B4,0x12,    0},    {0x045,0x3F,    0},    {0x025,0x51,    0},    {0x065,0xF0,    0},
    {0x085,0xFF,    0},    {0x0E5,0x01,    0},    {0x042,0x06,    1},    {0x022,0x10,    0},
    {0x062,0xF1,    0},    {0x082,0xFF,    0},    {0x0C2,0x32,    0},    {0x045,0x0C,    0},
    {0x0A2,0x44,    0},    {0x0B2,0x32,   64},    {0x0B3,0x12,    0},    {0x04D,0x3F,    0},
    {0x02D,0x51,    0},    {0x06D,0xF0,    0},    {0x08D,0xFF,    0},    {0x0ED,0x01,    0},
    {0x04A,0x0D,    0},    {0x02A,0x10,    0},    {0x06A,0xF1,    0},    {0x0C5,0x3C,    0},
    {0x04D,0x0A,    0},    {0x0A5,0x65,    0},    {0x0B5,0x2B,    0},    {0x044,0x90,    0},
    {0x0A1,0x65,    0},    {0x0B1,0x2B,    0},    {0x054,0x3F,    0},    {0x034,0x00,    0},
    {0x074,0xF9,    0},    {0x094,0x06,    0},    {0x0F4,0x00,    1},    {0x051,0x00,    0},
    {0x031,0x00,    0},    {0x071,0xFA,    0},    {0x091,0x47,    0},    {0x0C7,0x36,    0},
    {0x054,0x08,    0},    {0x0A7,0xDA,    0},    {0x0B7,0x26,    0},    {0x043,0x3F,    0},
    {0x023,0x0B,    0},    {0x063,0xF9,    0},    {0x083,0x33,    0},    {0x0E3,0x02,    0},
    {0x040,0x45,    0},    {0x020,0x00,    0},    {0x060,0xC7,    0},    {0x080,0x01,    0},
    {0x0E0,0x02,    0},    {0x0C0,0x3E,    0},    {0x043,0x14,    0},    {0x0A0,0x04,    1},
    {0x0B0,0x3A,    5},    {0x0B2,0x12,    0},    {0x055,0x3F,    0},    {0x035,0x51,    0},
    {0x075,0xF0,    0},    {0x095,0xFF,    0},    {0x0F5,0x01,    0},    {0x052,0x06,    0},
    {0x032,0x10,    0},    {0x072,0xF1,    0},    {0x092,0xFF,    0},    {0x0C8,0x32,    0},
    {0x055,0x0A,    0},    {0x0A8,0x65,    0},    {0x0B8,0x2B,   28},    {0x0B5,0x0B,    7},
    {0x0B8,0x0B,   58},    {0x0B1,0x0B,    0},    {0x0B0,0x1A,    7},    {0x0B7,0x06,   28},
    {0x0B6,0x2B,    7},    {0x0A4,0x65,    0},    {0x0B4,0x2B,  129},    {0x04B,0x09,    0},
    {0x0A3,0x65,    0},    {0x0B3,0x2F,    0},    {0x045,0xBF,    0},    {0x025,0x30,    0},
    {0x065,0xE1,    0},    {0x085,0xD6,    0},    {0x0E5,0x00,    0},    {0x042,0x8F,    0},
    {0x022,0x20,    0},    {0x062,0xE0,    0},    {0x082,0x14,    0},    {0x0C2,0x38,    1},
    {0x045,0x8F,    0},    {0x0A2,0x65,    0},    {0x0B2,0x2B,    0},    {0x04D,0x3F,    0},
    {0x02D,0x00,    0},    {0x06D,0x00,    0},    {0x08D,0xF0,    0},    {0x0ED,0x00,    0},
    {0x04A,0x3F,    0},    {0x02A,0x00,    0},    {0x06A,0x00,    0},    {0x08A,0xF0,    0},
    {0x0C5,0x30,    0},    {0x04D,0x08,    0},    {0x0A5,0xB1,    0},    {0x0B5,0x2A,    0},
    {0x055,0x3F,    0},    {0x035,0x00,    0},    {0x075,0xF7,    0},    {0x095,0xFA,    0},
    {0x0F5,0x00,    1},    {0x052,0x00,    0},    {0x032,0x06,    0},    {0x072,0xAA,    0},
    {0x0C8,0x3E,    0},    {0x055,0x08,    0},    {0x0A8,0xB1,    0},    {0x0B8,0x2A,    5},
    {0x044,0x3F,    0},    {0x024,0x51,    0},    {0x064,0xF0,    0},    {0x084,0xFF,    0},
    {0x0E4,0x01,    0},    {0x041,0x06,    0},    {0x021,0x10,    0},    {0x061,0xF1,    0},
    {0x081,0xFF,    0},    {0x0C1,0x32,    1},    {0x044,0x09,    0},    {0x0B1,0x2F,    0},
    {0x043,0x10,    0},    {0x0B0,0x3A,   13},    {0x0B6,0x0B,    0},    {0x0B4,0x0B,   72},
    {0x0B5,0x0A,    0},    {0x0B8,0x0A,    7},    {0x0B2,0x0B,    7},    {0x0B0,0x1A,   21},
    {0x0B3,0x0F,    8},    {0x054,0x3F,    0},    {0x034,0x51,    0},    {0x074,0xF0,    0},
    {0x094,0xFF,    0},    {0x0F4,0x01,    0},    {0x051,0x0D,    0},    {0x031,0x10,    0},
    {0x071,0xF1,    0},    {0x091,0xFF,    0},    {0x0C7,0x3C,    0},    {0x054,0x0A,    0},
    {0x0A7,0x65,    0},    {0x0B7,0x2B,    0},    {0x0B1,0x0F,    7},    {0x053,0x3F,    0},
    {0x050,0x06,    0},    {0x0C6,0x32,    0},    {0x053,0x0A,    0},    {0x0B6,0x2B,   35},
    {0x0B7,0x0B,    8},    {0x0B6,0x0B,   85},    {0x04C,0x3F,    1},    {0x049,0x0D,    0},
    {0x0C4,0x3C,    0},    {0x04C,0x0A,    0},    {0x0B4,0x2B,    0},    {0x04D,0xBF,    0},
    {0x02D,0x30,    0},    {0x06D,0xE1,    0},    {0x08D,0xD6,    0},    {0x04A,0x8F,    0},
    {0x02A,0x20,    0},    {0x06A,0xE0,    0},    {0x08A,0x14,    0},    {0x0C5,0x38,    0},
    {0x04D,0x90,    0},    {0x0A5,0x65,    0},    {0x0B5,0x2B,    1},    {0x055,0x3F,    0},
    {0x075,0xF9,    0},    {0x095,0x06,    0},    {0x032,0x00,    0},    {0x072,0xFA,    0},
    {0x092,0x47,    0},    {0x0C8,0x36,    0},    {0x055,0x09,    0},    {0x0A8,0xDA,    0},
    {0x0B8,0x26,    5},    {0x045,0x3F,    1},    {0x025,0x51,    0},    {0x065,0xF0,    0},
    {0x085,0xFF,    0},    {0x0E5,0x01,    0},    {0x042,0x06,    0},    {0x022,0x10,    0},
    {0x062,0xF1,    0},    {0x082,0xFF,    0},    {0x0C2,0x32,    0},    {0x045,0x0A,    0},
    {0x0B2,0x2B,    7},    {0x043,0x12,    0},    {0x0B0,0x3A,   57},    {0x0B8,0x06,   35},
    {0x0B5,0x0B,    8},    {0x0B0,0x1A,   21},    {0x04B,0x0A,    0},    {0x0A3,0x06,    0},
    {0x0B3,0x2F,    0},    {0x044,0x3F,    0},    {0x024,0x00,    0},    {0x064,0xF9,    0},
    {0x084,0x06,    0},    {0x0E4,0x00,    0},    {0x041,0x00,    0},    {0x021,0x00,    0},
    {0x061,0xFA,    1},    {0x081,0x47,    0},    {0x0C1,0x36,    0},    {0x044,0x08,    0},
    {0x0A1,0xDA,    0},    {0x0B1,0x26,    6},    {0x054,0x3F,    0},    {0x051,0x06,    1},
    {0x0C7,0x32,    0},    {0x054,0x0A,    0},    {0x0A7,0x06,    0},    {0x0B7,0x2F,   13},
    {0x0B4,0x0B,    1},    {0x0B2,0x0B,   71},    {0x0B1,0x06,   28},    {0x0B3,0x0F,    8},
    {0x0B7,0x0F,    7},    {0x053,0x3F,    0},    {0x050,0x0D,    0},    {0x0C6,0x3C,    0},
    {0x053,0x0B,    0},    {0x0B6,0x2B,    0},    {0x055,0xBF,    0},    {0x035,0x30,    0},
    {0x075,0xE1,    0},    {0x095,0xD6,    1},    {0x052,0x8F,    0},    {0x032,0x20,    0},
    {0x072,0xE0,    0},    {0x092,0x14,    0},    {0x0C8,0x38,    0},    {0x055,0x8F,    0},
    {0x0A8,0x65,    0},    {0x0B8,0x2B,    0},    {0x04D,0x3F,    0},    {0x02D,0x00,    0},
    {0x06D,0x00,    0},    {0x08D,0xF0,    0},    {0x04A,0x3F,    0},    {0x02A,0x00,    0},
    {0x06A,0x00,    0},    {0x08A,0xF0,    0},    {0x0C5,0x30,    0},    {0x04D,0x07,    0},
    {0x0A5,0xB1,    1},    {0x0B5,0x2A,    0},    {0x043,0x3F,    0},    {0x023,0x00,    0},
    {0x063,0xF7,    0},    {0x083,0xFA,    0},    {0x0E3,0x00,    0},    {0x040,0x00,    0},
    {0x020,0x06,    0},    {0x060,0xAA,    0},    {0x080,0xFF,    0},    {0x0E0,0x00,    0},
    {0x043,0x07,    0},    {0x0A0,0xB1,    0},    {0x0B0,0x2A,    5},    {0x04C,0x3F,    0},
    {0x049,0x06,    0},    {0x0C4,0x32,    0},    {0x04C,0x0B,    0},    {0x0B4,0x2B,   14},
    {0x045,0x3F,    0},    {0x025,0x0B,    0},    {0x065,0xF9,    0},    {0x085,0x33,    0},
    {0x0E5,0x02,    0},    {0x042,0x45,    0},    {0x022,0x00,    0},    {0x062,0xC7,    1},
    {0x082,0x01,    0},    {0x0E2,0x02,    0},    {0x0C2,0x3E,    0},    {0x045,0x12,    0},
    {0x0A2,0x04,    0},    {0x0B2,0x3A,   28},    {0x0B6,0x0B,    0},    {0x0B4,0x0B,   35},
    {0x0B5,0x0A,    0},    {0x0B0,0x0A,   29},    {0x0B8,0x0B,    0},    {0x0B2,0x1A,   21},
    {0x044,0x3F,    0},    {0x024,0x51,    1},    {0x064,0xF0,    0},    {0x084,0xFF,    0},
    {0x0E4,0x01,    0},    {0x041,0x0D,    0},    {0x021,0x10,    0},    {0x061,0xF1,    0},
    {0x081,0xFF,    0},    {0x0C1,0x3C,    0},    {0x044,0x0A,    0},    {0x0A1,0x65,    0},
    {0x0B1,0x2B,    7},    {0x04B,0x3F,    0},    {0x048,0x06,    0},    {0x0C3,0x32,    0},
    {0x04B,0x0A,    0},    {0x0A3,0x65,    0},    {0x0B3,0x2B,  128},    {0x054,0x3F,    0},
    {0x051,0x0D,    1},    {0x0C7,0x3C,    0},    {0x054,0x09,    0},    {0x0A7,0xB1,    0},
    {0x0B7,0x2E,    0},    {0x053,0xBF,    0},    {0x033,0x30,    0},    {0x073,0xE1,    0},
    {0x093,0xD6,    0},    {0x0F3,0x00,    0},    {0x050,0x8F,    0},    {0x030,0x20,    0},
    {0x070,0xE0,    0},    {0x090,0x14,    0},    {0x0C6,0x38,    0},    {0x053,0x8F,    0},
    {0x0B6,0x2B,    0},    {0x04C,0x3F,    0},    {0x02C,0x00,    0},    {0x06C,0xF9,    0},
    {0x08C,0x06,    1},    {0x0EC,0x00,    0},    {0x049,0x00,    0},    {0x029,0x00,    0},
    {0x069,0xFA,    0},    {0x089,0x47,    0},    {0x0C4,0x36,    0},    {0x04C,0x07,    0},
    {0x0A4,0xDA,    0},    {0x0B4,0x26,    5},    {0x0B1,0x0B,    0},    {0x04D,0x3F,    0},
    {0x02D,0x51,    0},    {0x06D,0xF0,    0},    {0x08D,0xFF,    1},    {0x0ED,0x01,    0},
    {0x04A,0x06,    0},    {0x02A,0x10,    0},    {0x06A,0xF1,    0},    {0x08A,0xFF,    0},
    {0x0C5,0x32,    0},    {0x04D,0x09,    0},    {0x0B5,0x2E,    0},    {0x0B3,0x0B,    6},
    {0x043,0x3F,    0},    {0x023,0x0B,    1},    {0x063,0xF9,    0},    {0x083,0x33,    0},
    {0x0E3,0x02,    0},    {0x040,0x45,    0},    {0x020,0x00,    0},    {0x060,0xC7,    0},
    {0x080,0x01,    0},    {0x0E0,0x02,    0},    {0x043,0x13,    0},    {0x0A0,0x04,    0},
    {0x0B0,0x3A,   92},    {0x0B4,0x06,    7},    {0x0B0,0x1A,    8},    {0x0B6,0x0B,   14},
    {0x0B7,0x0E,    7},    {0x055,0x3F,    0},    {0x035,0x51,    0},    {0x075,0xF0,    0},
    {0x095,0xFF,    0},    {0x0F5,0x01,    0},    {0x052,0x0D,    0},    {0x032,0x10,    0},
    {0x072,0xF1,    0},    {0x092,0xFF,    0},    {0x0C8,0x3C,    0},    {0x055,0x0A,    1},
    {0x0B8,0x2B,    0},    {0x0B5,0x0E,    0},    {0x045,0x3F,    0},    {0x025,0x51,    0},
    {0x065,0xF0,    0},    {0x085,0xFF,    0},    {0x0E5,0x01,    0},    {0x042,0x06,    0},
    {0x022,0x10,    0},    {0x062,0xF1,    0},    {0x082,0xFF,    0},    {0x0E2,0x00,    0},
    {0x0C2,0x32,    0},    {0x045,0x0A,    0},    {0x0A2,0x65,    0},    {0x0B2,0x2B,   42},
    {0x0B8,0x0B,    7},    {0x0B2,0x0B,   86},    {0x0B1,0x2B,    0},    {0x04B,0xBF,    0},
    {0x02B,0x30,    0},    {0x06B,0xE1,    0},    {0x08B,0xD6,    0},    {0x0EB,0x00,    0},
    {0x048,0x8F,    0},    {0x028,0x20,    0},    {0x068,0xE0,    0},    {0x088,0x14,    0},
    {0x0C3,0x38,    0},    {0x04B,0x8F,    0},    {0x0B3,0x2B,    0},    {0x04C,0x3F,    0},
    {0x06C,0x00,    1},    {0x08C,0xF0,    0},    {0x049,0x3F,    0},    {0x069,0x00,    0},
    {0x089,0xF0,    0},    {0x0C4,0x30,    0},    {0x04C,0x08,    0},    {0x0A4,0xB1,    0},
    {0x0B4,0x2A,    0},    {0x043,0x3F,    0},    {0x023,0x00,    0},    {0x063,0xF7,    0},
    {0x083,0xFA,    0},    {0x0E3,0x00,    0},    {0x040,0x00,    0},    {0x020,0x06,    0},
    {0x060,0xAA,    0},    {0x080,0xFF,    0},    {0x0E0,0x00,    0},    {0x043,0x08,    1},
    {0x0A0,0xB1,    0},    {0x0B0,0x2A,    0},    {0x053,0x3F,    0},    {0x033,0x51,    0},
    {0x073,0xF0,    0},    {0x093,0xFF,    0},    {0x0F3,0x01,    0},    {0x050,0x06,    0},
    {0x030,0x10,    0},    {0x070,0xF1,    0},    {0x090,0xFF,    0},    {0x0C6,0x32,    0},
    {0x053,0x0A,    0},    {0x0B6,0x2B,   12},    {0x054,0x3F,    0},    {0x034,0x0B,    0},
    {0x074,0xF9,    0},    {0x094,0x33,    0},    {0x0F4,0x02,    0},    {0x051,0x45,    0},
    {0x031,0x00,    0},    {0x071,0xC7,    0},    {0x091,0x01,    0},    {0x0F1,0x02,    0},
    {0x0C7,0x3E,    0},    {0x054,0x14,    0},    {0x0A7,0x04,    1},    {0x0B7,0x3A,   70},
    {0x0B4,0x0A,    0},    {0x0B0,0x0A,   29},    {0x0B3,0x0B,    0},    {0x0B7,0x1A,   21},
    {0x04D,0x3F,    1},    {0x04A,0x0D,    0},    {0x0C5,0x3C,    0},    {0x04D,0x0A,    0},
    {0x0A5,0x66,    0},    {0x0B5,0x2E,    7},    {0x055,0x3F,    0},    {0x052,0x06,    0},
    {0x0C8,0x32,    0},    {0x055,0x0A,    0},    {0x0A8,0x66,    0},    {0x0B8,0x2E,    0},
    {0x0B1,0x0B,    7},    {0x0B6,0x0B,  114},    {0x0B5,0x0E,    7},    {0x045,0x3F,    0},
    {0x042,0x0D,    1},    {0x0C2,0x3C,    0},    {0x045,0x0A,    0},    {0x0B2,0x2B,    0},
    {0x0B8,0x0E,    0},    {0x04C,0xBF,    0},    {0x02C,0x30,    0},    {0x06C,0xE1,    0},
    {0x08C,0xD6,    0},    {0x049,0x8F,    0},    {0x029,0x20,    0},    {0x069,0xE0,    0},
    {0x089,0x14,    0},    {0x0C4,0x38,    0},    {0x04C,0x91,    0},    {0x0A4,0x65,    0},
    {0x0B4,0x2B,    0},    {0x043,0x3F,    0},    {0x063,0xF9,    0},    {0x083,0x06,    1},
    {0x020,0x00,    0},    {0x060,0xFA,    0},    {0x080,0x47,    0},    {0x0C0,0x36,    0},
    {0x043,0x09,    0},    {0x0A0,0xDA,    0},    {0x0B0,0x26,    5},    {0x04B,0x3F,    0},
    {0x02B,0x51,    0},    {0x06B,0xF0,    0},    {0x08B,0xFF,    0},    {0x0EB,0x01,    0},
    {0x048,0x06,    0},    {0x028,0x10,    1},    {0x068,0xF1,    0},    {0x088,0xFF,    0},
    {0x0C3,0x32,    0},    {0x04B,0x0A,    0},    {0x0B3,0x2B,    0},    {0x054,0x13,    0},
    {0x0B7,0x3A,   49},    {0x0B2,0x0B,    7},    {0x0B3,0x0B,    8},    {0x0B0,0x06,   35},
    {0x0B7,0x1A,    7},    {0x0B4,0x0B,   22},    {0x0B1,0x2B,    0},    {0x053,0x3F,    0},
    {0x033,0x00,    0},    {0x073,0xF9,    0},    {0x093,0x06,    0},    {0x0F3,0x00,    0},
    {0x050,0x00,    0},    {0x030,0x00,    0},    {0x070,0xFA,    0},    {0x090,0x47,    0},
    {0x0C6,0x36,    0},    {0x053,0x08,    0},    {0x0A6,0xDA,    0},    {0x0B6,0x26,    7},
    {0x04D,0x3F,    0},    {0x04A,0x06,    0},    {0x0C5,0x32,    0},    {0x04D,0x0A,    0},
    {0x0A5,0x65,    1},    {0x0B5,0x2B,   70},    {0x0B6,0x06,   58},    {0x055,0x3F,    0},
    {0x052,0x0D,    0},    {0x0C8,0x3C,    0},    {0x055,0x0A,    0},    {0x0A8,0x8B,    0},
    {0x0B8,0x2E,    0},    {0x045,0xBF,    0},    {0x025,0x30,    0},    {0x065,0xE1,    0},
    {0x085,0xD6,    0},    {0x0E5,0x00,    0},    {0x042,0x8F,    0},    {0x022,0x20,    0},
    {0x062,0xE0,    0},    {0x082,0x14,    1},    {0x0C2,0x38,    0},    {0x045,0x91,    0},
    {0x0B2,0x2B,    0},    {0x04B,0x3F,    0},    {0x02B,0x00,    0},    {0x06B,0x00,    0},
    {0x08B,0xF0,    0},    {0x0EB,0x00,    0},    {0x048,0x3F,    0},    {0x028,0x00,    0},
    {0x068,0x00,    0},    {0x088,0xF0,    0},    {0x0C3,0x30,    0},    {0x04B,0x07,    0},
    {0x0A3,0xB1,    0},    {0x0B3,0x2A,    0},    {0x043,0x3F,    0},    {0x063,0xF7,    0},
    {0x083,0xFA,    1},    {0x020,0x06,    0},    {0x060,0xAA,    0},    {0x080,0xFF,    0},
    {0x0C0,0x3E,    0},    {0x043,0x07,    0},    {0x0A0,0xB1,    0},    {0x0B0,0x2A,    5},
    {0x054,0x3F,    0},    {0x034,0x51,    0},    {0x074,0xF0,    0},    {0x094,0xFF,    0},
    {0x0F4,0x01,    0},    {0x051,0x06,    0},    {0x031,0x10,    0},    {0x071,0xF1,    0},
    {0x091,0xFF,    0},    {0x0F1,0x00,    0},    {0x0C7,0x32,    0},    {0x054,0x0A,    0},
    {0x0A7,0x8B,    0},    {0x0B7,0x2E,    7},    {0x04C,0x3F,    0},    {0x02C,0x0B,    0},
    {0x06C,0xF9,    0},    {0x08C,0x33,    0},    {0x0EC,0x02,    0},    {0x049,0x45,    0},
    {0x029,0x00,    0},    {0x069,0xC7,    0},    {0x089,0x01,    0},    {0x0E9,0x02,    0},
    {0x0C4,0x3E,    0},    {0x04C,0x13,    0},    {0x0A4,0x04,    0},    {0x0B4,0x3A,   71},
    {0x0B3,0x0A,    0},    {0x0B0,0x0A,   22},    {0x0B4,0x1A,   14},    {0x0B2,0x0B,    7},
    {0x0B8,0x0E,    7},    {0x053,0x3F,    0},    {0x033,0x51,    0},    {0x073,0xF0,    0},
    {0x093,0xFF,    0},    {0x0F3,0x01,    0},    {0x050,0x0D,    0},    {0x030,0x10,    1},
    {0x070,0xF1,    0},    {0x090,0xFF,    0},    {0x0C6,0x3C,    0},    {0x053,0x08,    0},
    {0x0A6,0xB1,    0},    {0x0B6,0x2E,    0},    {0x0B7,0x0E,    6},    {0x04B,0x3F,    0},
    {0x02B,0x51,    0},    {0x06B,0xF0,    0},    {0x08B,0xFF,    1},    {0x0EB,0x01,    0},
    {0x048,0x06,    0},    {0x028,0x10,    0},    {0x068,0xF1,    0},    {0x088,0xFF,    0},
    {0x0C3,0x32,    0},    {0x04B,0x08,    0},    {0x0B3,0x2E,   85},    {0x0B1,0x0B,    7},
    {0x0B5,0x0B,   22},    {0x0B6,0x0E,    7},    {0x0B3,0x0E,    7},    {0x043,0x3F,    0},
    {0x023,0x51,    0},    {0x063,0xF0,    0},    {0x083,0xFF,    0},    {0x0E3,0x01,    0},
    {0x040,0x0D,    0},    {0x020,0x10,    0},    {0x060,0xF1,    0},    {0x0C0,0x3C,    0},
    {0x043,0x0A,    0},    {0x0A0,0x65,    0},    {0x0B0,0x2B,    1},    {0x04C,0xBF,    0},
    {0x02C,0x30,    0},    {0x06C,0xE1,    0},    {0x08C,0xD6,    0},    {0x0EC,0x00,    0},
    {0x049,0x8F,    0},    {0x029,0x20,    0},    {0x069,0xE0,    0},    {0x089,0x14,    0},
    {0x0E9,0x00,    0},    {0x0C4,0x38,    0},    {0x04C,0x8F,    0},    {0x0A4,0x65,    0},
    {0x0B4,0x2B,    0},    {0x045,0x3F,    0},    {0x025,0x00,    0},    {0x065,0xF9,    0},
    {0x085,0x06,    0},    {0x042,0x00,    0},    {0x022,0x00,    0},    {0x062,0xFA,    0},
    {0x082,0x47,    1},    {0x0C2,0x36,    0},    {0x045,0x07,    0},    {0x0A2,0xDA,    0},
    {0x0B2,0x26,    5},    {0x055,0x3F,    0},    {0x052,0x06,    0},    {0x0C8,0x32,    1},
    {0x055,0x0A,    0},    {0x0A8,0x65,    0},    {0x0B8,0x2B,    0},    {0x054,0x3F,    0},
    {0x034,0x0B,    0},    {0x074,0xF9,    0},    {0x094,0x33,    0},    {0x0F4,0x02,    0},
    {0x051,0x45,    0},    {0x031,0x00,    0},    {0x071,0xC7,    0},    {0x091,0x01,    0},
    {0x0F1,0x02,    0},    {0x0C7,0x3E,    0},    {0x054,0x16,    0},    {0x0A7,0x04,    0},
    {0x0B7,0x3A,   20},    {0x0B0,0x0B,    8},    {0x0B8,0x0B,   71},    {0x0B2,0x06,    0},
    {0x0B7,0x1A,    7},    {0x0B4,0x0B,   22},    {0x0B1,0x2B,    7},    {0x0B5,0x2B,  128},
    {0x053,0x09,    0},    {0x0A6,0x65,    0},    {0x0B6,0x2F,    0},    {0x04B,0xBF,    1},
    {0x02B,0x30,    0},    {0x06B,0xE1,    0},    {0x08B,0xD6,    0},    {0x0EB,0x00,    0},
    {0x048,0x8F,    0},    {0x028,0x20,    0},    {0x068,0xE0,    0},    {0x088,0x14,    0},
    {0x0C3,0x38,    0},    {0x04B,0x8F,    0},    {0x0A3,0x65,    0},    {0x0B3,0x2B,    0},
    {0x043,0x3F,    0},    {0x023,0x00,    0},    {0x063,0x00,    0},    {0x083,0xF0,    0},
    {0x0E3,0x00,    0},    {0x040,0x3F,    0},    {0x020,0x00,    0},    {0x060,0x00,    0},
    {0x080,0xF0,    0},    {0x0C0,0x30,    1},    {0x043,0x08,    0},    {0x0A0,0xB1,    0},
    {0x0B0,0x2A,    0},    {0x055,0x3F,    0},    {0x035,0x00,    0},    {0x075,0xF7,    0},
    {0x095,0xFA,    0},    {0x0F5,0x00,    0},    {0x052,0x00,    0},    {0x032,0x06,    0},
    {0x072,0xAA,    0},    {0x0C8,0x3E,    0},    {0x055,0x08,    0},    {0x0A8,0xB1,    0},
    {0x0B8,0x2A,    5},    {0x045,0x3F,    0},    {0x025,0x51,    1},    {0x065,0xF0,    0},
    {0x085,0xFF,    0},    {0x0E5,0x01,    0},    {0x042,0x06,    0},    {0x022,0x10,    0},
    {0x062,0xF1,    0},    {0x082,0xFF,    0},    {0x0C2,0x32,    0},    {0x045,0x09,    0},
    {0x0A2,0x65,    0},    {0x0B2,0x2F,    7},    {0x054,0x14,    0},    {0x0B7,0x3A,   14},
    {0x0B1,0x0B,    7},    {0x0B5,0x0B,   57},    {0x0B0,0x0A,    0},    {0x0B8,0x0A,   14},
    {0x0B7,0x1A,   15},    {0x0B3,0x0B,    7},    {0x0B6,0x0F,    7},    {0x0B2,0x0F,    0},
    {0x04C,0x3F,    0},    {0x02C,0x51,    0},    {0x06C,0xF0,    0},    {0x08C,0xFF,    0},
    {0x0EC,0x01,    0},    {0x049,0x0D,    0},    {0x029,0x10,    0},    {0x069,0xF1,    0},
    {0x089,0xFF,    0},    {0x0C4,0x3C,    1},    {0x04C,0x0B,    0},    {0x0B4,0x2B,    6},
    {0x044,0x3F,    0},    {0x041,0x06,    1},    {0x0C1,0x32,    0},    {0x044,0x0B,    0},
    {0x0B1,0x2B,   35},    {0x0B4,0x0B,    7},    {0x0B1,0x0B,   93},    {0x04D,0x3F,    0},
    {0x04A,0x0D,    0},    {0x0C5,0x3C,    0},    {0x04D,0x0A,    0},    {0x0B5,0x2B,    0},
    {0x043,0xBF,    1},    {0x023,0x30,    0},    {0x063,0xE1,    0},    {0x083,0xD6,    0},
    {0x040,0x8F,    0},    {0x020,0x20,    0},    {0x060,0xE0,    0},    {0x080,0x14,    0},
    {0x0C0,0x38,    0},    {0x043,0x8F,    0},    {0x0A0,0x65,    0},    {0x0B0,0x2B,    0},
    {0x055,0x3F,    0},    {0x075,0xF9,    0},    {0x095,0x06,    0},    {0x032,0x00,    0},
    {0x072,0xFA,    0},    {0x092,0x47,    1},    {0x0C8,0x36,    0},    {0x055,0x09,    0},
    {0x0A8,0xDA,    0},    {0x0B8,0x26,    0},    {0x054,0x3F,    0},    {0x034,0x51,    0},
    {0x074,0xF0,    0},    {0x094,0xFF,    0},    {0x0F4,0x01,    0},    {0x051,0x06,    0},
    {0x031,0x10,    0},    {0x071,0xF1,    0},    {0x091,0xFF,    0},    {0x0F1,0x00,    0},
    {0x0C7,0x32,    0},    {0x054,0x0A,    0},    {0x0A7,0x65,    0},    {0x0B7,0x2B,   26},
    {0x04B,0x3F,    0},    {0x02B,0x0B,    1},    {0x06B,0xF9,    0},    {0x08B,0x33,    0},
    {0x0EB,0x02,    0},    {0x048,0x45,    0},    {0x028,0x00,    0},    {0x068,0xC7,    0},
    {0x088,0x01,    0},    {0x0E8,0x02,    0},    {0x0C3,0x3E,    0},    {0x04B,0x17,    0},
    {0x0A3,0x04,    0},    {0x0B3,0x3A,   42},    {0x0B8,0x06,   36},    {0x0B0,0x0B,   14},
    {0x0B3,0x1A,   15},    {0x053,0x0B,    0},    {0x0A6,0x06,    0},    {0x0B6,0x2F,    0},
    {0x045,0x3F,    0},    {0x025,0x00,    0},    {0x065,0xF9,    0},    {0x085,0x06,    0},
    {0x0E5,0x00,    0},    {0x042,0x00,    0},    {0x022,0x00,    0},    {0x062,0xFA,    0},
    {0x082,0x47,    0},    {0x0C2,0x36,    0},    {0x045,0x08,    0},    {0x0A2,0xDA,    0},
    {0x0B2,0x26,    0},    {0x04C,0x3F,    1},    {0x049,0x06,    0},    {0x0C4,0x32,    0},
    {0x04C,0x0B,    0},    {0x0A4,0x06,    0},    {0x0B4,0x2F,   13},    {0x0B5,0x0B,    7},
    {0x0B7,0x0B,   57},    {0x0B2,0x06,   50},    {0x0B6,0x0F,    7},    {0x044,0x3F,    0},
    {0x041,0x0D,    1},    {0x0C1,0x3C,    0},    {0x044,0x09,    0},    {0x0B1,0x2B,    0},
    {0x055,0xBF,    0},    {0x035,0x30,    0},    {0x075,0xE1,    0},    {0x095,0xD6,    0},
    {0x052,0x8F,    0},    {0x032,0x20,    0},    {0x072,0xE0,    0},    {0x092,0x14,    0},
    {0x0C8,0x38,    0},    {0x055,0x91,    0},    {0x0A8,0x65,    0},    {0x0B8,0x2B,    0},
    {0x043,0x3F,    1},    {0x023,0x00,    0},    {0x063,0x00,    0},    {0x083,0xF0,    0},
    {0x040,0x3F,    0},    {0x020,0x00,    0},    {0x060,0x00,    0},    {0x080,0xF0,    0},
    {0x0C0,0x30,    0},    {0x043,0x07,    0},    {0x0A0,0xB1,    0},    {0x0B0,0x2A,    0},
    {0x04B,0x3F,    0},    {0x02B,0x00,    0},    {0x06B,0xF7,    0},    {0x08B,0xFA,    0},
    {0x0EB,0x00,    0},    {0x048,0x00,    0},    {0x028,0x06,    0},    {0x068,0xAA,    0},
    {0x088,0xFF,    0},    {0x0E8,0x00,    1},    {0x04B,0x07,    0},    {0x0A3,0xB1,    0},
    {0x0B3,0x2A,    0},    {0x0B4,0x0F,    4},    {0x04D,0x3F,    1},    {0x04A,0x06,    0},
    {0x0C5,0x32,    0},    {0x04D,0x09,    0},    {0x0B5,0x2B,   14},    {0x054,0x3F,    0},
    {0x034,0x0B,    0},    {0x074,0xF9,    0},    {0x094,0x33,    0},    {0x0F4,0x02,    0},
    {0x051,0x45,    0},    {0x031,0x00,    0},    {0x071,0xC7,    0},    {0x091,0x01,    0},
    {0x0F1,0x02,    0},    {0x0C7,0x3E,    0},    {0x054,0x13,    0},    {0x0A7,0x04,    0},
    {0x0B7,0x3A,   21},    {0x0B1,0x0B,    7},    {0x0B5,0x0B,   36},    {0x0B0,0x0A,    0},
    {0x0B3,0x0A,   21},    {0x0B7,0x1A,    8},    {0x0B8,0x0B,   21},    {0x045,0x3F,    0},
    {0x025,0x51,    0},    {0x065,0xF0,    0},    {0x085,0xFF,    0},    {0x0E5,0x01,    0},
    {0x042,0x0D,    0},    {0x022,0x10,    0},    {0x062,0xF1,    0},    {0x082,0xFF,    0},
    {0x0C2,0x3C,    0},    {0x045,0x0B,    0},    {0x0A2,0x65,    1},    {0x0B2,0x2B,    6},
    {0x053,0x3F,    0},    {0x050,0x06,    1},    {0x0C6,0x32,    0},    {0x053,0x0B,    0},
    {0x0A6,0x65,    0},    {0x0B6,0x2B,  128},    {0x04C,0x3F,    0},    {0x049,0x0D,    0},
    {0x0C4,0x3C,    0},    {0x04C,0x08,    0},    {0x0A4,0xB1,    0},    {0x0B4,0x2E,    0},
    {0x044,0xBF,    0},    {0x024,0x30,    0},    {0x064,0xE1,    0},    {0x084,0xD6,    0},
    {0x0E4,0x00,    0},    {0x041,0x8F,    1},    {0x021,0x20,    0},    {0x061,0xE0,    0},
    {0x081,0x14,    0},    {0x0C1,0x38,    0},    {0x044,0x8F,    0},    {0x0B1,0x2B,    0},
    {0x04D,0x3F,    0},    {0x02D,0x00,    0},    {0x06D,0xF9,    0},    {0x08D,0x06,    0},
    {0x0ED,0x00,    0},    {0x04A,0x00,    0},    {0x02A,0x00,    0},    {0x06A,0xFA,    0},
    {0x08A,0x47,    0},    {0x0C5,0x36,    0},    {0x04D,0x07,    0},    {0x0A5,0xDA,    0},
    {0x0B5,0x26,    1},    {0x043,0x3F,    0},    {0x023,0x0B,    0},    {0x063,0xF9,    0},
    {0x083,0x33,    0},    {0x0E3,0x02,    0},    {0x040,0x45,    0},    {0x060,0xC7,    0},
    {0x080,0x01,    0},    {0x0E0,0x02,    0},    {0x0C0,0x3E,    0},    {0x043,0x13,    0},
    {0x0A0,0x04,    0},    {0x0B0,0x3A,    5},    {0x04B,0x3F,    0},    {0x02B,0x51,    0},
    {0x06B,0xF0,    0},    {0x08B,0xFF,    0},    {0x0EB,0x01,    0},    {0x048,0x06,    0},
    {0x028,0x10,    0},    {0x068,0xF1,    0},    {0x0C3,0x32,    0},    {0x04B,0x08,    0},
    {0x0B3,0x2E,    0},    {0x0B2,0x0B,    7},    {0x0B6,0x0B,   79},    {0x0B0,0x1A,   14},
    {0x0B5,0x06,    7},    {0x0B4,0x0E,    0},    {0x0B1,0x0B,    7},    {0x0B3,0x0E,   14},
    {0x054,0x3F,    0},    {0x034,0x51,    0},    {0x074,0xF0,    1},    {0x094,0xFF,    0},
    {0x0F4,0x01,    0},    {0x051,0x0D,    0},    {0x031,0x10,    0},    {0x071,0xF1,    0},
    {0x091,0xFF,    0},    {0x0F1,0x00,    0},    {0x0C7,0x3C,    0},    {0x054,0x0A,    0},
    {0x0A7,0x65,    0},    {0x0B7,0x2B,    7},    {0x055,0x3F,    0},    {0x035,0x51,    0},
    {0x075,0xF0,    0},    {0x095,0xFF,    0},    {0x0F5,0x01,    0},    {0x052,0x06,    0},
    {0x032,0x10,    0},    {0x072,0xF1,    0},    {0x092,0xFF,    0},    {0x0C8,0x32,    0},
    {0x055,0x0A,    0},    {0x0B8,0x2B,   42},    {0x0B7,0x0B,    8},    {0x0B8,0x0B,   78},
    {0x045,0x09,    0},    {0x0B2,0x2B,    0},    {0x053,0xBF,    0},    {0x033,0x30,    0},
    {0x073,0xE1,    0},    {0x093,0xD6,    0},    {0x0F3,0x00,    0},    {0x050,0x8F,    0},
    {0x030,0x20,    1},    {0x070,0xE0,    0},    {0x090,0x14,    0},    {0x0C6,0x38,    0},
    {0x053,0x8F,    0},    {0x0B6,0x2B,    0},    {0x043,0x3F,    0},    {0x023,0x00,    0},
    {0x063,0x00,    0},    {0x083,0xF0,    0},    {0x0E3,0x00,    0},    {0x040,0x3F,    0},
    {0x060,0x00,    0},    {0x080,0xF0,    0},    {0x0E0,0x00,    0},    {0x0C0,0x30,    0},
    {0x043,0x08,    0},    {0x0A0,0xB1,    0},    {0x0B0,0x2A,    0},    {0x04D,0x3F,    1},
    {0x06D,0xF7,    0},    {0x08D,0xFA,    0},    {0x02A,0x06,    0},    {0x06A,0xAA,    0},
    {0x08A,0xFF,    0},    {0x0C5,0x3E,    0},    {0x04D,0x08,    0},    {0x0A5,0xB1,    0},
    {0x0B5,0x2A,    5},    {0x04C,0x3F,    0},    {0x02C,0x0B,    0},    {0x06C,0xF9,    0},
    {0x08C,0x33,    0},    {0x0EC,0x02,    0},    {0x049,0x45,    0},    {0x029,0x00,    1},
    {0x069,0xC7,    0},    {0x089,0x01,    0},    {0x0E9,0x02,    0},    {0x0C4,0x3E,    0},
    {0x04C,0x16,    0},    {0x0A4,0x04,    0},    {0x0B4,0x3A,    0},    {0x044,0x3F,    0},
    {0x024,0x51,    0},    {0x064,0xF0,    0},    {0x084,0xFF,    0},    {0x0E4,0x01,    0},
    {0x041,0x06,    0},    {0x021,0x10,    0},    {0x061,0xF1,    0},    {0x081,0xFF,    0},
    {0x0C1,0x32,    0},    {0x044,0x09,    0},    {0x0B1,0x2B,   85},    {0x0B0,0x0A,    0},
    {0x0B5,0x0A,    0},    {0x0B4,0x1A,   28},    {0x0B6,0x0B,   15},    {0x04B,0x3F,    0},
    {0x048,0x0D,    0},    {0x0C3,0x3C,    0},    {0x04B,0x09,    0},    {0x0A3,0x66,    0},
    {0x0B3,0x2E,    7},    {0x054,0x3F,    0},    {0x051,0x06,    0},    {0x0C7,0x32,    0},
    {0x054,0x09,    0},    {0x0A7,0x66,    0},    {0x0B7,0x2E,   50},    {0x0A2,0x61,    0},
    {0x0A3,0x64,    0},    {0x0A1,0x61,    0},    {0x0A7,0x64,    7},    {0x0A2,0x65,    0},
    {0x0A3,0x66,    0},    {0x0A1,0x65,    0},    {0x0A7,0x66,    7},    {0x0A2,0x66,    0},
    {0x0A3,0x67,    0},    {0x0A1,0x66,    0},    {0x0A7,0x67,    7},    {0x0A2,0x6B,    0},
    {0x0A3,0x6A,    1},    {0x0A1,0x6B,    0},    {0x0A7,0x6A,    6},    {0x0A2,0x6E,    1},
    {0x0A3,0x6D,    0},    {0x0A1,0x6E,    0},    {0x0A7,0x6D,    7},    {0x0A2,0x70,    0},
    {0x0A3,0x6E,    0},    {0x0A1,0x70,    0},    {0x0A7,0x6E,    7},    {0x0A2,0x78,    0},
    {0x0A3,0x73,    0},    {0x0A1,0x78,    0},    {0x0A7,0x73,    7},    {0x0A2,0x7C,    0},
    {0x0A3,0x77,    0},    {0x0A1,0x7C,    0},    {0x0A7,0x77,    7},    {0x0A2,0x78,    0},
    {0x0A3,0x73,    0},    {0x0A1,0x78,    0},    {0x0A7,0x73,    7},    {0x0A2,0x6E,    0},
    {0x0A3,0x6D,    0},    {0x0A1,0x6E,    0},    {0x0A7,0x6D,   14},    {0x055,0x3F,    1},
    {0x035,0x0B,    0},    {0x075,0xF9,    0},    {0x095,0x33,    0},    {0x0F5,0x02,    0},
    {0x052,0x45,    0},    {0x032,0x00,    0},    {0x072,0xC7,    0},    {0x092,0x01,    0},
    {0x0F2,0x02,    0},    {0x0C8,0x3E,    0},    {0x055,0x14,    0},    {0x0A8,0x04,    0},
    {0x0B8,0x3A,    0},    {0x043,0xBF,    0},    {0x023,0x30,    0},    {0x063,0xE1,    0},
    {0x083,0xD6,    0},    {0x040,0x8F,    0},    {0x020,0x20,    0},    {0x060,0xE0,    0},
    {0x080,0x14,    1},    {0x0C0,0x38,    0},    {0x043,0x90,    0},    {0x0A0,0x65,    0},
    {0x0B0,0x2B,    0},    {0x04D,0x3F,    0},    {0x06D,0xF9,    0},    {0x08D,0x06,    0},
    {0x02A,0x00,    0},    {0x06A,0xFA,    0},    {0x08A,0x47,    0},    {0x0C5,0x36,    0},
    {0x04D,0x08,    0},    {0x0A5,0xDA,    0},    {0x0B5,0x26,   56},    {0x0A2,0x69,    0},
    {0x0A3,0x69,    0},    {0x0A1,0x69,    0},    {0x0A7,0x69,    7},    {0x0A2,0x6C,    0},
    {0x0A3,0x6C,    0},    {0x0A1,0x6C,    0},    {0x0A7,0x6C,    7},    {0x0A2,0x69,    0},
    {0x0A3,0x69,    0},    {0x0A1,0x69,    0},    {0x0A7,0x69,    0},    {0x0B5,0x06,    7},
    {0x0A2,0x71,    0},    {0x0A3,0x6F,    0},    {0x0A1,0x71,    0},    {0x0A7,0x6F,    7},
    {0x0A2,0x73,    0},    {0x0A3,0x70,    0},    {0x0A1,0x73,    0},    {0x0A7,0x70,    7},
    {0x0A2,0x74,    0},    {0x0A3,0x71,    1},    {0x0A1,0x74,    0},    {0x0A7,0x71,    0},
    {0x0B8,0x1A,    6},    {0x0A2,0x76,    1},    {0x0A3,0x72,    0},    {0x0A1,0x76,    0},
    {0x0A7,0x72,    7},    {0x0A2,0x7E,    0},    {0x0A3,0x78,    0},    {0x0A1,0x7E,    0},
    {0x0A7,0x78,   14},    {0x0B0,0x0B,    0},    {0x0A2,0x7C,    0},    {0x0A3,0x77,    0},
    {0x0A1,0x7C,    0},    {0x0A7,0x77,    7},    {0x0A2,0x74,    0},    {0x0A3,0x71,    0},
    {0x0A1,0x74,    0},    {0x0A7,0x71,    7},    {0x0A2,0x66,    0},    {0x0A3,0x67,    0},
    {0x0A1,0x66,    0},    {0x0A7,0x67,    1},    {0x04C,0x3F,    0},    {0x02C,0x00,    0},
    {0x08C,0x06,    0},    {0x0EC,0x00,    0},    {0x049,0x00,    0},    {0x069,0xFA,    0},
    {0x089,0x47,    0},    {0x0E9,0x00,    0},    {0x0C4,0x36,    0},    {0x04C,0x08,    0},
    {0x0A4,0xDA,    0},    {0x0B4,0x26,   85},    {0x0A2,0x69,    0},    {0x0A3,0x69,    0},
    {0x0A1,0x69,    0},    {0x0A7,0x69,    7},    {0x0A2,0x70,    0},    {0x0A3,0x6E,    0},
    {0x0A1,0x70,    0},    {0x0A7,0x6E,    0},    {0x0B4,0x06,    7},    {0x0A2,0x74,    0},
    {0x0A3,0x71,    0},    {0x0A1,0x74,    0},    {0x0A7,0x71,   14},    {0x0A2,0x78,    1},
    {0x0A3,0x73,    0},    {0x0A1,0x78,    0},    {0x0A7,0x73,    7},    {0x0A2,0x7C,    0},
    {0x0A3,0x77,    0},    {0x0A1,0x7C,    0},    {0x0A7,0x77,    7},    {0x0A2,0x78,    0},
    {0x0A3,0x73,    0},    {0x0A1,0x78,    0},    {0x0A7,0x73,    7},    {0x0A2,0x74,    0},
    {0x0A3,0x71,    0},    {0x0A1,0x74,    0},    {0x0A7,0x71,    0},    {0x053,0x95,    0},
    {0x0B6,0x2B,    0},    {0x04D,0x3F,    0},    {0x06D,0x00,    1},    {0x08D,0xF0,    0},
    {0x04A,0x3F,    0},    {0x06A,0x00,    0},    {0x08A,0xF0,    0},    {0x0C5,0x30,    0},
    {0x04D,0x07,    0},    {0x0A5,0xB1,    0},    {0x0B5,0x2A,    0},    {0x055,0x3F,    0},
    {0x035,0x00,    0},    {0x075,0xF7,    0},    {0x095,0xFA,    0},    {0x0F5,0x00,    0},
    {0x052,0x00,    0},    {0x032,0x06,    0},    {0x072,0xAA,    0},    {0x092,0xFF,    0},
    {0x0F2,0x00,    0},    {0x055,0x07,    1},    {0x0A8,0xB1,    0},    {0x0B8,0x2A,    5},
    {0x0A2,0x69,    0},    {0x0A3,0x69,    0},    {0x0A1,0x69,    0},    {0x0A7,0x69,    7},
    {0x0A2,0x65,    0},    {0x0A3,0x66,    0},    {0x0A1,0x65,    0},    {0x0A7,0x66,    1},
    {0x043,0x3F,    0},    {0x023,0x0B,    0},    {0x063,0xF9,    0},    {0x083,0x33,    0},
    {0x0E3,0x02,    0},    {0x040,0x45,    0},    {0x020,0x00,    0},    {0x060,0xC7,    0},
    {0x080,0x01,    0},    {0x0E0,0x02,    0},    {0x0C0,0x3E,    0},    {0x043,0x15,    0},
    {0x0A0,0x04,    0},    {0x0B0,0x3A,   71},    {0x0B5,0x0A,    0},    {0x0B8,0x0A,   14},
    {0x0A2,0x6E,    0},    {0x0A3,0x6D,    0},    {0x0A1,0x6E,    0},    {0x0A7,0x6D,    7},
    {0x0B0,0x1A,    0},    {0x0A2,0x73,    0},    {0x0A3,0x70,    0},    {0x0A1,0x73,    0},
    {0x0A7,0x70,    7},    {0x0A2,0x76,    0},    {0x0A3,0x72,    0},    {0x0A1,0x76,    0},
    {0x0A7,0x72,    7},    {0x0A2,0x79,    0},    {0x0A3,0x75,    0},    {0x0A1,0x79,    1},
    {0x0A7,0x75,    0},    {0x0B6,0x0B,    6},    {0x0A2,0x7B,    1},    {0x0A3,0x76,    0},
    {0x0A1,0x7B,    0},    {0x0A7,0x76,    7},    {0x0A2,0x78,    0},    {0x0A3,0x73,    0},
    {0x0A1,0x78,    0},    {0x0A7,0x73,    7},    {0x0A2,0x79,    0},    {0x0A3,0x75,    0},
    {0x0A1,0x79,    0},    {0x0A7,0x75,   14},    {0x0A2,0x6B,    0},    {0x0A3,0x6A,    0},
    {0x0A1,0x6B,    0},    {0x0A7,0x6A,    7},    {0x0A2,0x65,    0},    {0x0A3,0x66,    0},
    {0x0A1,0x65,    0},    {0x0A7,0x66,   86},    {0x0A2,0x6B,    0},    {0x0A3,0x6A,    0},
    {0x0A1,0x6B,    0},    {0x0A7,0x6A,    7},    {0x0A2,0x71,    0},    {0x0A3,0x6F,    0},
    {0x0A1,0x71,    0},    {0x0A7,0x6F,    0},    {0x0B2,0x0B,    0},    {0x0A3,0x70,    7},
    {0x0A1,0x73,    0},    {0x0A7,0x70,    0},    {0x0B1,0x0B,    7},    {0x0A3,0x71,    0},
    {0x0A7,0x71,    0},    {0x04C,0x3F,    1},    {0x02C,0x0B,    0},    {0x08C,0x33,    0},
    {0x0EC,0x02,    0},    {0x049,0x45,    0},    {0x069,0xC7,    0},    {0x089,0x01,    0},
    {0x0E9,0x02,    0},    {0x0C4,0x3E,    0},    {0x04C,0x13,    0},    {0x0A4,0x04,    0},
    {0x0B4,0x3A,    6},    {0x0A3,0x72,    1},    {0x04D,0x3F,    0},    {0x02D,0x51,    0},
    {0x06D,0xF0,    0},    {0x08D,0xFF,    0},    {0x0ED,0x01,    0},    {0x04A,0x0D,    0},
    {0x02A,0x10,    0},    {0x06A,0xF1,    0},    {0x08A,0xFF,    0},    {0x0C5,0x3C,    0},
    {0x04D,0x0A,    0},    {0x0A5,0x76,    0},    {0x0B5,0x2B,    0},    {0x0A3,0x66,    0},
    {0x0A5,0x65,    0},    {0x0A7,0x66,    0},    {0x055,0xBF,    0},    {0x035,0x30,    1},
    {0x075,0xE1,    0},    {0x095,0xD6,    0},    {0x052,0x8F,    0},    {0x032,0x20,    0},
    {0x072,0xE0,    0},    {0x092,0x14,    0},    {0x0C8,0x38,    0},    {0x055,0x93,    0},
    {0x0A8,0x65,    0},    {0x0B8,0x2B,    0},    {0x043,0x3F,    0},    {0x023,0x00,    0},
    {0x083,0x06,    0},    {0x0E3,0x00,    0},    {0x040,0x00,    0},    {0x060,0xFA,    0},
    {0x080,0x47,    0},    {0x0E0,0x00,    0},    {0x0C0,0x36,    1},    {0x043,0x07,    0},
    {0x0A0,0xDA,    0},    {0x0B0,0x26,    0},    {0x053,0x3F,    0},    {0x033,0x51,    0},
    {0x073,0xF0,    0},    {0x093,0xFF,    0},    {0x0F3,0x01,    0},    {0x050,0x06,    0},
    {0x030,0x10,    0},    {0x070,0xF1,    0},    {0x090,0xFF,    0},    {0x0C6,0x32,    0},
    {0x053,0x0A,    0},    {0x0B6,0x2B,   19},    {0x0B3,0x0E,    0},    {0x0B7,0x0E,   21},
    {0x0B5,0x0B,    7},    {0x0B6,0x0B,   36},    {0x0B4,0x1A,   22},    {0x0B0,0x06,   21},
    {0x0B8,0x0B,    7},    {0x045,0x0A,    0},    {0x0A2,0x65,    0},    {0x0B2,0x2B,    7},
    {0x044,0x0A,    0},    {0x0A1,0x65,    0},    {0x0B1,0x2B,  122},    {0x04B,0x3F,    0},
    {0x02B,0x0B,    0},    {0x06B,0xF9,    0},    {0x08B,0x33,    0},    {0x0EB,0x02,    0},
    {0x048,0x45,    0},    {0x028,0x00,    0},    {0x068,0xC7,    0},    {0x088,0x01,    0},
    {0x0E8,0x02,    0},    {0x0C3,0x3E,    0},    {0x04B,0x16,    0},    {0x0A3,0x04,    0},
    {0x0B3,0x3A,    7},    {0x054,0x3F,    0},    {0x051,0x0D,    0},    {0x0C7,0x3C,    0},
    {0x054,0x09,    0},    {0x0A7,0x65,    0},    {0x0B7,0x2F,    0},    {0x04D,0xBF,    0},
    {0x02D,0x30,    1},    {0x06D,0xE1,    0},    {0x08D,0xD6,    0},    {0x0ED,0x00,    0},
    {0x04A,0x8F,    0},    {0x02A,0x20,    0},    {0x06A,0xE0,    0},    {0x08A,0x14,    0},
    {0x0C5,0x38,    0},    {0x04D,0x8F,    0},    {0x0B5,0x2B,    0},    {0x053,0x3F,    0},
    {0x033,0x00,    0},    {0x073,0x00,    0},    {0x093,0xF0,    0},    {0x0F3,0x00,    0},
    {0x050,0x3F,    0},    {0x030,0x00,    0},    {0x070,0x00,    0},    {0x090,0xF0,    0},
    {0x0C6,0x30,    1},    {0x053,0x08,    0},    {0x0A6,0xB1,    0},    {0x0B6,0x2A,    0},
    {0x04C,0x3F,    0},    {0x02C,0x00,    0},    {0x06C,0xF7,    0},    {0x08C,0xFA,    0},
    {0x0EC,0x00,    0},    {0x049,0x00,    0},    {0x029,0x06,    0},    {0x069,0xAA,    0},
    {0x089,0xFF,    0},    {0x0E9,0x00,    0},    {0x04C,0x08,    0},    {0x0A4,0xB1,    0},
    {0x0B4,0x2A,    5},    {0x043,0x3F,    0},    {0x023,0x51,    0},    {0x063,0xF0,    0},
    {0x083,0xFF,    0},    {0x0E3,0x01,    0},    {0x040,0x06,    0},    {0x020,0x10,    0},
    {0x060,0xF1,    0},    {0x080,0xFF,    0},    {0x0C0,0x32,    0},    {0x043,0x09,    1},
    {0x0A0,0x65,    0},    {0x0B0,0x2F,   49},    {0x0B2,0x0B,    7},    {0x0B1,0x0B,   22},
    {0x0B3,0x1A,    0},    {0x0B6,0x0A,    0},    {0x0B4,0x0A,   21},    {0x0B5,0x0B,   21},
    {0x0B7,0x0F,    8},    {0x055,0x3F,    0},    {0x035,0x51,    0},    {0x075,0xF0,    0},
    {0x095,0xFF,    0},    {0x0F5,0x01,    0},    {0x052,0x0D,    0},    {0x032,0x10,    0},
    {0x072,0xF1,    0},    {0x092,0xFF,    0},    {0x0C8,0x3C,    0},    {0x055,0x0B,    0},
    {0x0B8,0x2B,    0},    {0x0B0,0x0F,    7},    {0x045,0x3F,    0},    {0x042,0x06,    0},
    {0x0C2,0x32,    0},    {0x045,0x0B,    0},    {0x0B2,0x2B,   35},    {0x0B8,0x0B,    8},
    {0x0B2,0x0B,   85},    {0x044,0x3F,    0},    {0x024,0x0B,    0},    {0x064,0xF9,    0},
    {0x084,0x33,    0},    {0x0E4,0x02,    0},    {0x041,0x45,    1},    {0x021,0x00,    0},
    {0x061,0xC7,    0},    {0x081,0x01,    0},    {0x0E1,0x02,    0},    {0x0C1,0x3E,    0},
    {0x044,0x12,    0},    {0x0A1,0x04,    0},    {0x0B1,0x3A,    0},    {0x04B,0x3F,    0},
    {0x02B,0x51,    0},    {0x06B,0xF0,    0},    {0x08B,0xFF,    0},    {0x0EB,0x01,    0},
    {0x048,0x0D,    0},    {0x028,0x10,    0},    {0x068,0xF1,    0},    {0x088,0xFF,    0},
    {0x0E8,0x00,    0},    {0x0C3,0x3C,    0},    {0x04B,0x0A,    0},    {0x0A3,0x65,    0},
    {0x0B3,0x2B,    0},    {0x053,0xBF,    1},    {0x033,0x30,    0},    {0x073,0xE1,    0},
    {0x093,0xD6,    0},    {0x050,0x8F,    0},    {0x030,0x20,    0},    {0x070,0xE0,    0},
    {0x090,0x14,    0},    {0x0C6,0x38,    0},    {0x053,0x8F,    0},    {0x0A6,0x65,    0},
    {0x0B6,0x2B,    0},    {0x04C,0x3F,    0},    {0x06C,0xF9,    0},    {0x08C,0x06,    0},
    {0x029,0x00,    0},    {0x069,0xFA,    0},    {0x089,0x47,    1},    {0x0C4,0x36,    0},
    {0x04C,0x07,    0},    {0x0A4,0xDA,    0},    {0x0B4,0x26,    4},    {0x04D,0x3F,    0},
    {0x02D,0x51,    0},    {0x06D,0xF0,    1},    {0x08D,0xFF,    0},    {0x0ED,0x01,    0},
    {0x04A,0x06,    0},    {0x02A,0x10,    0},    {0x06A,0xF1,    0},    {0x08A,0xFF,    0},
    {0x0C5,0x32,    0},    {0x04D,0x0A,    0},    {0x0B5,0x2B,   71},    {0x0B4,0x06,    7},
    {0x0B1,0x1A,   36},    {0x0B6,0x0B,   14},    {0x054,0x0A,    0},    {0x0A7,0x06,    0},
    {0x0B7,0x2F,    0},    {0x043,0x3F,    0},    {0x023,0x00,    0},    {0x063,0xF9,    0},
    {0x083,0x06,    0},    {0x0E3,0x00,    0},    {0x040,0x00,    0},    {0x020,0x00,    0},
    {0x060,0xFA,    0},    {0x080,0x47,    1},    {0x0C0,0x36,    0},    {0x043,0x09,    0},
    {0x0A0,0xDA,    0},    {0x0B0,0x26,    6},    {0x055,0x3F,    0},    {0x052,0x06,    1},
    {0x0C8,0x32,    0},    {0x055,0x0A,    0},    {0x0A8,0x06,    0},    {0x0B8,0x2F,   13},
    {0x0B3,0x0B,    8},    {0x0B5,0x0B,   57},    {0x0B0,0x06,   50},    {0x045,0x3F,    0},
    {0x025,0x0B,    0},    {0x065,0xF9,    0},    {0x085,0x33,    0},    {0x0E5,0x02,    0},
    {0x042,0x45,    0},    {0x022,0x00,    0},    {0x062,0xC7,    0},    {0x082,0x01,    0},
    {0x0E2,0x02,    0},    {0x0C2,0x3E,    0},    {0x045,0x15,    0},    {0x0A2,0x04,    0},
    {0x0B2,0x3A,    0},    {0x04C,0x3F,    0},    {0x02C,0x51,    0},    {0x06C,0xF0,    0},
    {0x08C,0xFF,    0},    {0x0EC,0x01,    0},    {0x049,0x0D,    1},    {0x029,0x10,    0},
    {0x069,0xF1,    0},    {0x089,0xFF,    0},    {0x0C4,0x3C,    0},    {0x04C,0x0A,    0},
    {0x0A4,0x65,    0},    {0x0B4,0x2B,    0},    {0x044,0xBF,    0},    {0x024,0x30,    0},
    {0x064,0xE1,    0},    {0x084,0xD6,    0},    {0x0E4,0x00,    0},    {0x041,0x8F,    0},
    {0x021,0x20,    0},    {0x061,0xE0,    0},    {0x081,0x14,    0},    {0x0E1,0x00,    0},
    {0x0C1,0x38,    0},    {0x044,0x8F,    0},    {0x0A1,0x65,    0},    {0x0B1,0x2B,    0},
    {0x053,0x3F,    1},    {0x033,0x00,    0},    {0x073,0x00,    0},    {0x093,0xF0,    0},
    {0x050,0x3F,    0},    {0x030,0x00,    0},    {0x070,0x00,    0},    {0x090,0xF0,    0},
    {0x0C6,0x30,    0},    {0x053,0x07,    0},    {0x0A6,0xB1,    0},    {0x0B6,0x2A,    0},
    {0x04B,0x3F,    0},    {0x02B,0x00,    0},    {0x06B,0xF7,    0},    {0x08B,0xFA,    0},
    {0x0EB,0x00,    0},    {0x048,0x00,    0},    {0x028,0x06,    0},    {0x068,0xAA,    1},
    {0x0C3,0x3E,    0},    {0x04B,0x07,    0},    {0x0A3,0xB1,    0},    {0x0B3,0x2A,    0},
    {0x0B7,0x0F,    4},    {0x0B5,0x2B,    0},    {0x0B8,0x0F,   50},    {0x0B4,0x0B,    7},
    {0x0B5,0x0B,   14},    {0x0B6,0x0A,    0},    {0x0B3,0x0A,   22},    {0x0B2,0x1A,   14},
    {0x0B1,0x0B,   21},    {0x043,0x3F,    0},    {0x023,0x51,    0},    {0x063,0xF0,    0},
    {0x083,0xFF,    1},    {0x0E3,0x01,    0},    {0x040,0x0D,    0},    {0x020,0x10,    0},
    {0x060,0xF1,    0},    {0x080,0xFF,    0},    {0x0C0,0x3C,    0},    {0x043,0x09,    0},
    {0x0A0,0x65,    0},    {0x0B0,0x2B,    6},    {0x054,0x3F,    1},    {0x051,0x06,    0},
    {0x0C7,0x32,    0},    {0x054,0x09,    0},    {0x0A7,0x65,    0},    {0x0B7,0x2B,  128},
    {0x055,0x3F,    0},    {0x052,0x0D,    0},    {0x0C8,0x3C,    1},    {0x055,0x08,    0},
    {0x0A8,0xB1,    0},    {0x0B8,0x2E,    0},    {0x04C,0xBF,    0},    {0x02C,0x30,    0},
    {0x06C,0xE1,    0},    {0x08C,0xD6,    0},    {0x0EC,0x00,    0},    {0x049,0x8F,    0},
    {0x029,0x20,    0},    {0x069,0xE0,    0},    {0x089,0x14,    0},    {0x0C4,0x38,    0},
    {0x04C,0x8D,    0},    {0x0B4,0x2B,    0},    {0x04D,0x3F,    0},    {0x02D,0x00,    0},
    {0x06D,0xF9,    0},    {0x08D,0x06,    0},    {0x0ED,0x00,    0},    {0x04A,0x00,    1},
    {0x02A,0x00,    0},    {0x06A,0xFA,    0},    {0x08A,0x47,    0},    {0x0C5,0x36,    0},
    {0x04D,0x07,    0},    {0x0A5,0xDA,    0},    {0x0B5,0x26,    5},    {0x053,0x3F,    0},
    {0x033,0x51,    0},    {0x073,0xF0,    0},    {0x093,0xFF,    0},    {0x0F3,0x01,    0},
    {0x050,0x06,    0},    {0x030,0x10,    0},    {0x070,0xF1,    1},    {0x090,0xFF,    0},
    {0x0C6,0x32,    0},    {0x053,0x08,    0},    {0x0B6,0x2E,    6},    {0x0B0,0x0B,    0},
    {0x04B,0x3F,    0},    {0x02B,0x0B,    0},    {0x06B,0xF9,    1},    {0x08B,0x33,    0},
    {0x0EB,0x02,    0},    {0x048,0x45,    0},    {0x028,0x00,    0},    {0x068,0xC7,    0},
    {0x088,0x01,    0},    {0x0E8,0x02,    0},    {0x04B,0x17,    0},    {0x0A3,0x04,    0},
    {0x0B3,0x3A,    6},    {0x0B7,0x0B,   79},    {0x0B5,0x06,    7},    {0x0B3,0x1A,   14},
    {0x0B4,0x0B,   15},    {0x0B8,0x0E,    0},    {0x045,0x3F,    0},    {0x025,0x51,    0},
    {0x065,0xF0,    0},    {0x085,0xFF,    0},    {0x0E5,0x01,    0},    {0x042,0x0D,    0},
    {0x022,0x10,    0},    {0x062,0xF1,    0},    {0x082,0xFF,    0},    {0x0E2,0x00,    0},
    {0x0C2,0x3C,    0},    {0x045,0x0B,    0},    {0x0A2,0x65,    0},    {0x0B2,0x2B,    7},
    {0x0B6,0x0E,    0},    {0x044,0x3F,    0},    {0x024,0x51,    0},    {0x064,0xF0,    0},
    {0x084,0xFF,    0},    {0x0E4,0x01,    0},    {0x041,0x06,    0},    {0x021,0x10,    0},
    {0x061,0xF1,    0},    {0x081,0xFF,    0},    {0x0C1,0x32,    0},    {0x044,0x0B,    1},
    {0x0B1,0x2B,   42},    {0x0B2,0x0B,    7},    {0x0B1,0x0B,   86},    {0x043,0x0A,    0},
    {0x0B0,0x2B,    0},    {0x054,0xBF,    0},    {0x034,0x30,    0},    {0x074,0xE1,    0},
    {0x094,0xD6,    0},    {0x0F4,0x00,    0},    {0x051,0x8F,    0},    {0x031,0x20,    0},
    {0x071,0xE0,    0},    {0x091,0x14,    0},    {0x0C7,0x38,    0},    {0x054,0x8F,    0},
    {0x0B7,0x2B,    0},    {0x04D,0x3F,    0},    {0x06D,0x00,    0},    {0x08D,0xF0,    1},
    {0x04A,0x3F,    0},    {0x06A,0x00,    0},    {0x08A,0xF0,    0},    {0x0C5,0x30,    0},
    {0x04D,0x07,    0},    {0x0A5,0xB1,    0},    {0x0B5,0x2A,    0},    {0x04B,0x3F,    0},
    {0x02B,0x00,    0},    {0x06B,0xF7,    0},    {0x08B,0xFA,    0},    {0x0EB,0x00,    0},
    {0x048,0x00,    0},    {0x028,0x06,    0},    {0x068,0xAA,    0},    {0x088,0xFF,    0},
    {0x0E8,0x00,    0},    {0x04B,0x07,    0},    {0x0A3,0xB1,    1},    {0x0B3,0x2A,    0},
    {0x04C,0x3F,    0},    {0x02C,0x51,    0},    {0x06C,0xF0,    0},    {0x08C,0xFF,    0},
    {0x0EC,0x01,    0},    {0x049,0x06,    0},    {0x029,0x10,    0},    {0x069,0xF1,    0},
    {0x089,0xFF,    0},    {0x0C4,0x32,    0},    {0x04C,0x0A,    0},    {0x0B4,0x2B,    5},
    {0x055,0x3F,    0},    {0x035,0x0B,    0},    {0x075,0xF9,    0},    {0x095,0x33,    0},
    {0x0F5,0x02,    0},    {0x052,0x45,    0},    {0x032,0x00,    0},    {0x072,0xC7,    0},
    {0x092,0x01,    0},    {0x0F2,0x02,    0},    {0x0C8,0x3E,    0},    {0x055,0x13,    0},
    {0x0A8,0x04,    0},    {0x0B8,0x3A,   85},    {0x0B5,0x0A,    0},    {0x0B3,0x0A,    1},
    {0x0B8,0x1A,   21},    {0x0B7,0x0B,   21},    {0x053,0x3F,    1},    {0x050,0x0D,    0},
    {0x0C6,0x3C,    0},    {0x053,0x09,    0},    {0x0A6,0x66,    0},    {0x0B6,0x2E,    0},
    {0x045,0x3F,    0},    {0x042,0x06,    0},    {0x0C2,0x32,    0},    {0x045,0x09,    0},
    {0x0A2,0x66,    0},    {0x0B2,0x2E,    6},    {0x0B0,0x0B,    0},    {0x0B4,0x0B,  129},
    {0x044,0x3F,    0},    {0x041,0x0D,    0},    {0x0C1,0x3C,    0},    {0x044,0x0A,    1},
    {0x0B1,0x2B,    0},    {0x04D,0xBF,    0},    {0x02D,0x30,    0},    {0x06D,0xE1,    0},
    {0x08D,0xD6,    0},    {0x04A,0x8F,    0},    {0x02A,0x20,    0},    {0x06A,0xE0,    0},
    {0x08A,0x14,    0},    {0x0C5,0x38,    0},    {0x04D,0x90,    0},    {0x0A5,0x65,    0},
    {0x0B5,0x2B,    0},    {0x04B,0x3F,    0},    {0x06B,0xF9,    0},    {0x08B,0x06,    0},
    {0x028,0x00,    1},    {0x068,0xFA,    0},    {0x088,0x47,    0},    {0x0C3,0x36,    0},
    {0x04B,0x07,    0},    {0x0A3,0xDA,    0},    {0x0B3,0x26,    0},    {0x055,0x14,    0},
    {0x0B8,0x3A,    5},    {0x054,0x3F,    0},    {0x034,0x51,    0},    {0x074,0xF0,    0},
    {0x094,0xFF,    0},    {0x0F4,0x01,    0},    {0x051,0x06,    0},    {0x031,0x10,    0},
    {0x071,0xF1,    0},    {0x091,0xFF,    1},    {0x0C7,0x32,    0},    {0x054,0x0A,    0},
    {0x0B7,0x2B,    6},    {0x0B6,0x0E,    7},    {0x0B2,0x0E,   22},    {0x0B1,0x0B,    7},
    {0x0B7,0x0B,   36},    {0x0B8,0x1A,   14},    {0x0B3,0x06,    7},    {0x0B5,0x0B,   29},
    {0x0B0,0x2B,    7},    {0x0B4,0x2B,  128},    {0x053,0x0A,    0},    {0x0A6,0x8B,    1},
    {0x0B6,0x2E,    0},    {0x045,0xBF,    0},    {0x025,0x30,    0},    {0x065,0xE1,    0},
    {0x085,0xD6,    0},    {0x0E5,0x00,    0},    {0x042,0x8F,    0},    {0x022,0x20,    0},
    {0x062,0xE0,    0},    {0x082,0x14,    0},    {0x0C2,0x38,    0},    {0x045,0x8F,    0},
    {0x0A2,0x65,    0},    {0x0B2,0x2B,    0},    {0x044,0x3F,    0},    {0x024,0x00,    0},
    {0x064,0x00,    0},    {0x084,0xF0,    0},    {0x0E4,0x00,    0},    {0x041,0x3F,    0},
    {0x021,0x00,    0},    {0x061,0x00,    1},    {0x081,0xF0,    0},    {0x0C1,0x30,    0},
    {0x044,0x07,    0},    {0x0A1,0xB1,    0},    {0x0B1,0x2A,    0},    {0x054,0x3F,    0},
    {0x034,0x00,    0},    {0x074,0xF7,    0},    {0x094,0xFA,    0},    {0x0F4,0x00,    0},
    {0x051,0x00,    0},    {0x031,0x06,    0},    {0x071,0xAA,    0},    {0x0C7,0x3E,    0},
    {0x054,0x07,    0},    {0x0A7,0xB1,    0},    {0x0B7,0x2A,    6},    {0x055,0x3F,    0},
    {0x035,0x51,    0},    {0x075,0xF0,    0},    {0x095,0xFF,    0},    {0x0F5,0x01,    0},
    {0x052,0x06,    0},    {0x032,0x10,    0},    {0x072,0xF1,    0},    {0x092,0xFF,    0},
    {0x0F2,0x00,    0},    {0x0C8,0x32,    0},    {0x055,0x0A,    0},    {0x0A8,0x8B,    0},
    {0x0B8,0x2E,    7},    {0x04B,0x3F,    0},    {0x02B,0x0B,    0},    {0x08B,0x33,    0},
    {0x0EB,0x02,    0},    {0x048,0x45,    0},    {0x068,0xC7,    0},    {0x088,0x01,    0},
    {0x0E8,0x02,    0},    {0x0C3,0x3E,    0},    {0x04B,0x15,    0},    {0x0A3,0x04,    0},
    {0x0B3,0x3A,   78},    {0x0B1,0x0A,    0},    {0x0B7,0x0A,    7},    {0x0B3,0x1A,   22},
    {0x0B2,0x0B,   14},    {0x0B6,0x0E,    0},    {0x04D,0x3F,    0},    {0x02D,0x51,    0},
    {0x06D,0xF0,    0},    {0x08D,0xFF,    0},    {0x0ED,0x01,    0},    {0x04A,0x0D,    0},
    {0x02A,0x10,    0},    {0x06A,0xF1,    1},    {0x08A,0xFF,    0},    {0x0C5,0x3C,    0},
    {0x04D,0x0A,    0},    {0x0A5,0xB1,    0},    {0x0B5,0x2E,    6},    {0x0B8,0x0E,    0},
    {0x044,0x3F,    0},    {0x024,0x51,    0},    {0x064,0xF0,    0},    {0x084,0xFF,    0},
    {0x0E4,0x01,    1},    {0x041,0x06,    0},    {0x021,0x10,    0},    {0x061,0xF1,    0},
    {0x081,0xFF,    0},    {0x0C1,0x32,    0},    {0x044,0x0A,    0},    {0x0B1,0x2E,   71},
    {0x0B0,0x0B,    7},    {0x0B4,0x0B,   50},    {0x0B5,0x0E,    0},    {0x054,0x3F,    0},
    {0x034,0x51,    0},    {0x074,0xF0,    0},    {0x094,0xFF,    0},    {0x0F4,0x01,    0},
    {0x051,0x0D,    0},    {0x031,0x10,    0},    {0x071,0xF1,    0},    {0x0C7,0x3C,    0},
    {0x054,0x0A,    0},    {0x0A7,0x65,    0},    {0x0B7,0x2B,    0},    {0x04B,0xBF,    1},
    {0x02B,0x30,    0},    {0x06B,0xE1,    0},    {0x08B,0xD6,    0},    {0x0EB,0x00,    0},
    {0x048,0x8F,    0},    {0x028,0x20,    0},    {0x068,0xE0,    0},    {0x088,0x14,    0},
    {0x0E8,0x00,    0},    {0x0C3,0x38,    0},    {0x04B,0x8F,    0},    {0x0A3,0x65,    0},
    {0x0B3,0x2B,    0},    {0x045,0x3F,    0},    {0x025,0x00,    0},    {0x065,0xF9,    0},
    {0x085,0x06,    0},    {0x042,0x00,    0},    {0x022,0x00,    0},    {0x062,0xFA,    0},
    {0x082,0x47,    1},    {0x0C2,0x36,    0},    {0x045,0x07,    0},    {0x0A2,0xDA,    0},
    {0x0B2,0x26,    0},    {0x0B1,0x0E,    5},    {0x053,0x3F,    0},    {0x033,0x0B,    0},
    {0x073,0xF9,    0},    {0x093,0x33,    0},    {0x0F3,0x02,    0},    {0x050,0x45,    0},
    {0x030,0x00,    0},    {0x070,0xC7,    0},    {0x090,0x01,    0},    {0x0F0,0x02,    0},
    {0x0C6,0x3E,    0},    {0x053,0x14,    0},    {0x0A6,0x04,    1},    {0x0B6,0x3A,    0},
    {0x0A8,0x65,    0},    {0x0B8,0x2B,   42},    {0x0B7,0x0B,    0},    {0x0B8,0x0B,   43},
    {0x0B6,0x1A,    7},    {0x0B2,0x06,   21},    {0x0B3,0x0B,   15},    {0x0B0,0x2B,    7},
    {0x0B4,0x2B,  121},    {0x04D,0x3F,    0},    {0x02D,0x0B,    0},    {0x06D,0xF9,    0},
    {0x08D,0x33,    0},    {0x0ED,0x02,    0},    {0x04A,0x45,    0},    {0x02A,0x00,    0},
    {0x06A,0xC7,    0},    {0x08A,0x01,    0},    {0x0EA,0x02,    1},    {0x0C5,0x3E,    0},
    {0x04D,0x14,    0},    {0x0A5,0x04,    0},    {0x0B5,0x3A,    6},    {0x044,0x3F,    0},
    {0x041,0x0D,    1},    {0x0C1,0x3C,    0},    {0x044,0x08,    0},    {0x0A1,0x65,    0},
    {0x0B1,0x2F,    0},    {0x054,0xBF,    0},    {0x034,0x30,    0},    {0x074,0xE1,    0},
    {0x094,0xD6,    0},    {0x0F4,0x00,    0},    {0x051,0x8F,    0},    {0x031,0x20,    0},
    {0x071,0xE0,    0},    {0x091,0x14,    0},    {0x0C7,0x38,    0},    {0x054,0x91,    0},
    {0x0B7,0x2B,    0},    {0x055,0x3F,    0},    {0x035,0x00,    1},    {0x075,0x00,    0},
    {0x095,0xF0,    0},    {0x0F5,0x00,    0},    {0x052,0x3F,    0},    {0x032,0x00,    0},
    {0x072,0x00,    0},    {0x092,0xF0,    0},    {0x0C8,0x30,    0},    {0x055,0x07,    0},
    {0x0A8,0xB1,    0},    {0x0B8,0x2A,    0},    {0x053,0x3F,    0},    {0x033,0x00,    0},
    {0x073,0xF7,    0},    {0x093,0xFA,    0},    {0x0F3,0x00,    0},    {0x050,0x00,    0},
    {0x030,0x06,    0},    {0x070,0xAA,    0},    {0x090,0xFF,    0},    {0x0F0,0x00,    1},
    {0x053,0x07,    0},    {0x0A6,0xB1,    0},    {0x0B6,0x2A,    4},    {0x045,0x3F,    0},
    {0x025,0x51,    0},    {0x065,0xF0,    0},    {0x085,0xFF,    1},    {0x0E5,0x01,    0},
    {0x042,0x06,    0},    {0x022,0x10,    0},    {0x062,0xF1,    0},    {0x082,0xFF,    0},
    {0x0C2,0x32,    0},    {0x045,0x08,    0},    {0x0A2,0x65,    0},    {0x0B2,0x2F,   71},
    {0x0B5,0x1A,   21},    {0x0B8,0x0A,    0},    {0x0B6,0x0A,    0},    {0x0B0,0x0B,    7},
    {0x0B4,0x0B,    7},    {0x0B7,0x0B,   22},    {0x04B,0x3F,    0},    {0x02B,0x51,    0},
    {0x06B,0xF0,    0},    {0x08B,0xFF,    0},    {0x0EB,0x01,    0},    {0x048,0x0D,    0},
    {0x028,0x10,    0},    {0x068,0xF1,    0},    {0x088,0xFF,    0},    {0x0C3,0x3C,    0},
    {0x04B,0x0A,    0},    {0x0B3,0x2B,    7},    {0x04D,0x3F,    0},    {0x02D,0x51,    0},
    {0x06D,0xF0,    0},    {0x08D,0xFF,    0},    {0x0ED,0x01,    0},    {0x04A,0x06,    0},
    {0x02A,0x10,    0},    {0x06A,0xF1,    0},    {0x08A,0xFF,    0},    {0x0EA,0x00,    0},
    {0x0C5,0x32,    1},    {0x04D,0x0A,    0},    {0x0A5,0x65,    0},    {0x0B5,0x2B,   13},
    {0x0B1,0x0F,    7},    {0x0B2,0x0F,   22},    {0x0B3,0x0B,    7},    {0x0B5,0x0B,   79},
    {0x055,0x3F,    0},    {0x035,0x0B,    0},    {0x075,0xF9,    0},    {0x095,0x33,    0},
    {0x0F5,0x02,    0},    {0x052,0x45,    0},    {0x072,0xC7,    0},    {0x092,0x01,    0},
    {0x0F2,0x02,    0},    {0x0C8,0x3E,    0},    {0x055,0x15,    0},    {0x0A8,0x04,    0},
    {0x0B8,0x3A,    0},    {0x053,0x3F,    0},    {0x033,0x51,    0},    {0x073,0xF0,    0},
    {0x093,0xFF,    0},    {0x0F3,0x01,    0},    {0x050,0x0D,    0},    {0x030,0x10,    1},
    {0x070,0xF1,    0},    {0x0C6,0x3C,    0},    {0x053,0x0A,    0},    {0x0A6,0x65,    0},
    {0x0B6,0x2B,    0},    {0x043,0xBF,    0},    {0x023,0x30,    0},    {0x063,0xE1,    0},
    {0x083,0xD6,    0},    {0x0E3,0x00,    0},    {0x040,0x8F,    0},    {0x020,0x20,    0},
    {0x060,0xE0,    0},    {0x080,0x14,    0},    {0x0C0,0x38,    0},    {0x043,0x8F,    0},
    {0x0B0,0x2B,    0},    {0x04C,0x3F,    1},    {0x02C,0x00,    0},    {0x06C,0xF9,    0},
    {0x08C,0x06,    0},    {0x0EC,0x00,    0},    {0x049,0x00,    0},    {0x029,0x00,    0},
    {0x069,0xFA,    0},    {0x089,0x47,    0},    {0x0C4,0x36,    0},    {0x04C,0x07,    0},
    {0x0A4,0xDA,    0},    {0x0B4,0x26,    5},    {0x054,0x3F,    0},    {0x034,0x51,    0},
    {0x074,0xF0,    0},    {0x094,0xFF,    0},    {0x0F4,0x01,    0},    {0x051,0x06,    0},
    {0x031,0x10,    0},    {0x071,0xF1,    0},    {0x091,0xFF,    0},    {0x0C7,0x32,    0},
    {0x054,0x0A,    0},    {0x0B7,0x2B,   71},    {0x0B4,0x06,   22},    {0x0B8,0x1A,   28},
    {0x0B0,0x0B,   14},    {0x044,0x0A,    1},    {0x0A1,0x06,    0},    {0x0B1,0x2F,    0},
    {0x045,0x3F,    0},    {0x025,0x00,    0},    {0x065,0xF9,    0},    {0x085,0x06,    0},
    {0x0E5,0x00,    0},    {0x042,0x00,    0},    {0x022,0x00,    0},    {0x062,0xFA,    0},
    {0x082,0x47,    0},    {0x0C2,0x36,    0},    {0x045,0x07,    0},    {0x0A2,0xDA,    0},
    {0x0B2,0x26,    0},    {0x04B,0x3F,    0},    {0x048,0x06,    1},    {0x0C3,0x32,    0},
    {0x04B,0x0A,    0},    {0x0A3,0x06,    0},    {0x0B3,0x2F,   34},    {0x0B6,0x0B,    0},
    {0x0B7,0x0B,   50},    {0x0B2,0x06,   50},    {0x0B1,0x0F,    0},    {0x04D,0x3F,    0},
    {0x04A,0x0D,    1},    {0x0C5,0x3C,    0},    {0x04D,0x09,    0},    {0x0B5,0x2B,    0},
    {0x04C,0xBF,    0},    {0x02C,0x30,    0},    {0x06C,0xE1,    0},    {0x08C,0xD6,    0},
    {0x049,0x8F,    0},    {0x029,0x20,    0},    {0x069,0xE0,    0},    {0x089,0x14,    0},
    {0x0C4,0x38,    0},    {0x04C,0x8D,    0},    {0x0A4,0x65,    0},    {0x0B4,0x2B,    0},
    {0x055,0x3F,    0},    {0x035,0x00,    1},    {0x075,0x00,    0},    {0x095,0xF0,    0},
    {0x0F5,0x00,    0},    {0x052,0x3F,    0},    {0x072,0x00,    0},    {0x092,0xF0,    0},
    {0x0F2,0x00,    0},    {0x0C8,0x30,    0},    {0x055,0x08,    0},    {0x0A8,0xB1,    0},
    {0x0B8,0x2A,    0},    {0x043,0x3F,    0},    {0x023,0x00,    0},    {0x063,0xF7,    0},
    {0x083,0xFA,    0},    {0x040,0x00,    0},    {0x020,0x06,    0},    {0x060,0xAA,    0},
    {0x080,0xFF,    0},    {0x0C0,0x3E,    1},    {0x043,0x08,    0},    {0x0A0,0xB1,    0},
    {0x0B0,0x2A,    0},    {0x0B3,0x0F,    0},    {0x053,0x3F,    0},    {0x050,0x06,    0},
    {0x0C6,0x32,    0},    {0x053,0x09,    0},    {0x0B6,0x2B,    4},    {0x054,0x3F,    0},
    {0x034,0x0B,    0},    {0x074,0xF9,    0},    {0x094,0x33,    0},    {0x0F4,0x02,    1},
    {0x051,0x45,    0},    {0x031,0x00,    0},    {0x071,0xC7,    0},    {0x091,0x01,    0},
    {0x0F1,0x02,    0},    {0x0C7,0x3E,    0},    {0x054,0x14,    0},    {0x0A7,0x04,    0},
    {0x0B7,0x3A,   28},    {0x0B5,0x0B,    7},    {0x0B6,0x0B,   43},    {0x0B8,0x0A,    0},
    {0x0B0,0x0A,    7},    {0x0B7,0x1A,   21},    {0x0B4,0x0B,   22},    {0x045,0x3F,    0},
    {0x025,0x51,    0},    {0x065,0xF0,    0},    {0x085,0xFF,    0},    {0x0E5,0x01,    0},
    {0x042,0x0D,    0},    {0x022,0x10,    0},    {0x062,0xF1,    0},    {0x082,0xFF,    0},
    {0x0C2,0x3C,    0},    {0x045,0x09,    0},    {0x0A2,0x65,    0},    {0x0B2,0x2B,    7},
    {0x044,0x3F,    0},    {0x041,0x06,    0},    {0x0C1,0x32,    0},    {0x044,0x09,    1},
    {0x0A1,0x65,    0},    {0x0B1,0x2B,  128},    {0x0B2,0x0B,    0},    {0x04B,0x3F,    0},
    {0x048,0x0D,    0},    {0x0C3,0x3C,    0},    {0x04B,0x08,    0},    {0x0A3,0xB1,    0},
    {0x0B3,0x2E,    0},    {0x04D,0xBF,    0},    {0x02D,0x30,    0},    {0x06D,0xE1,    0},
    {0x08D,0xD6,    0},    {0x0ED,0x00,    0},    {0x04A,0x8F,    1},    {0x02A,0x20,    0},
    {0x06A,0xE0,    0},    {0x08A,0x14,    0},    {0x0C5,0x38,    0},    {0x04D,0x8B,    0},
    {0x0B5,0x2B,    0},    {0x053,0x3F,    0},    {0x033,0x00,    0},    {0x073,0xF9,    0},
    {0x093,0x47,    0},    {0x0F3,0x02,    0},    {0x050,0x05,    0},    {0x030,0x0F,    0},
    {0x070,0xF7,    0},    {0x090,0x14,    0},    {0x0F0,0x02,    0},    {0x0C6,0x3E,    0},
    {0x053,0x10,    0},    {0x0A6,0x23,    0},    {0x0B6,0x2A,    0},    {0x055,0x0F,    1},
    {0x0B8,0x2A,    0},    {0x043,0x0F,    0},    {0x0B0,0x2A,    5},    {0x0B1,0x0B,    0},
    {0x054,0x3F,    0},    {0x034,0x51,    0},    {0x074,0xF0,    0},    {0x094,0xFF,    0},
    {0x0F4,0x01,    0},    {0x051,0x06,    0},    {0x031,0x10,    0},    {0x071,0xF1,    0},
    {0x091,0xFF,    0},    {0x0F1,0x00,    0},    {0x0C7,0x32,    0},    {0x054,0x08,    0},
    {0x0A7,0xB1,    0},    {0x0B7,0x2E,    7},    {0x0B6,0x0A,    7},    {0x0B8,0x0A,    0},
    {0x0B0,0x0A,  100},    {0x0B5,0x0B,    0},    {0x04C,0x3F,    0},    {0x02C,0x00,    0},
    {0x06C,0xF9,    0},    {0x08C,0x06,    0},    {0x049,0x00,    0},    {0x029,0x00,    0},
    {0x069,0xFA,    0},    {0x089,0x47,    0},    {0x0C4,0x36,    1},    {0x04C,0x10,    0},
    {0x0A4,0xDA,    0},    {0x0B4,0x26,   13},    {0x045,0x0A,    0},    {0x0B2,0x2B,    7},
    {0x044,0x0A,    1},    {0x0B1,0x2B,    0},    {0x0B4,0x06,   42},    {0x0B2,0x0B,    7},
    {0x0B1,0x0B,    8},    {0x0B3,0x0E,    7},    {0x0B7,0x0E,   50},    {0x053,0x11,    0},
    {0x0B6,0x2A,    7},    {0x0B8,0x2A,    0},    {0x0B0,0x2A,    7},    {0x0B6,0x0A,    0},
    {0x04D,0x3F,    0},    {0x02D,0x51,    0},    {0x06D,0xF0,    0},    {0x08D,0xFF,    0},
    {0x0ED,0x01,    0},    {0x04A,0x0D,    0},    {0x02A,0x10,    0},    {0x06A,0xF1,    0},
    {0x08A,0xFF,    0},    {0x0C5,0x3C,    1},    {0x04D,0x09,    0},    {0x0B5,0x2B,    0},
    {0x04C,0xBF,    0},    {0x02C,0x30,    0},    {0x06C,0xE1,    0},    {0x08C,0xD6,    0},
    {0x049,0x8F,    0},    {0x029,0x20,    0},    {0x069,0xE0,    0},    {0x089,0x14,    0},
    {0x0C4,0x38,    0},    {0x04C,0x8D,    0},    {0x0A4,0x65,    0},    {0x0B4,0x2B,    6},
    {0x045,0x3F,    0},    {0x042,0x06,    1},    {0x0C2,0x32,    0},    {0x045,0x09,    0},
    {0x0B2,0x2B,    0},    {0x0B8,0x0A,    0},    {0x0B0,0x0A,   99},    {0x0B4,0x0B,   22},
    {0x044,0x3F,    0},    {0x024,0x00,    0},    {0x064,0xF9,    0},    {0x084,0x06,    0},
    {0x0E4,0x00,    0},    {0x041,0x00,    0},    {0x021,0x00,    0},    {0x061,0xFA,    0},
    {0x081,0x47,    0},    {0x0C1,0x36,    0},    {0x044,0x0F,    0},    {0x0A1,0xDA,    0},
    {0x0B1,0x26,    7},    {0x04B,0x09,    0},    {0x0A3,0x66,    0},    {0x0B3,0x2E,    7},
    {0x054,0x09,    0},    {0x0A7,0x66,    0},    {0x0B7,0x2E,    7},    {0x0B1,0x06,   43},
    {0x0A5,0x61,    0},    {0x0A3,0x64,    0},    {0x0A2,0x61,    0},    {0x0A7,0x64,    7},
    {0x0A5,0x65,    0},    {0x0A3,0x66,    0},    {0x0A2,0x65,    0},    {0x0A7,0x66,    7},
    {0x0A5,0x66,    0},    {0x0A3,0x67,    0},    {0x0A2,0x66,    0},    {0x0A7,0x67,    7},
    {0x0A5,0x6B,    0},    {0x0A3,0x6A,    0},    {0x0A2,0x6B,    1},    {0x0A7,0x6A,    6},
    {0x0A5,0x6E,    0},    {0x0A3,0x6D,    1},    {0x0A2,0x6E,    0},    {0x0A7,0x6D,    7},
    {0x0A5,0x74,    0},    {0x0A3,0x71,    0},    {0x0A2,0x74,    0},    {0x0A7,0x71,    7},
    {0x0A5,0x78,    0},    {0x0A3,0x73,    0},    {0x0A2,0x78,    0},    {0x0A7,0x73,    7},
    {0x0A5,0x7B,    0},    {0x0A3,0x76,    0},    {0x0A2,0x7B,    0},    {0x0A7,0x76,    7},
    {0x0A5,0x76,    0},    {0x0A3,0x72,    0},    {0x0A2,0x76,    0},    {0x0A7,0x72,    7},
    {0x0A5,0x68,    0},    {0x0A3,0x68,    0},    {0x0A2,0x68,    0},    {0x0A7,0x68,   14},
    {0x053,0x12,    0},    {0x0B6,0x2A,    1},    {0x055,0xBF,    0},    {0x035,0x30,    0},
    {0x075,0xE1,    0},    {0x095,0xD6,    0},    {0x052,0x8F,    0},    {0x032,0x20,    0},
    {0x072,0xE0,    0},    {0x092,0x14,    0},    {0x0C8,0x38,    0},    {0x055,0x8F,    0},
    {0x0A8,0x65,    0},    {0x0B8,0x2B,    0},    {0x043,0x3F,    0},    {0x063,0x00,    0},
    {0x083,0xF0,    0},    {0x040,0x3F,    0},    {0x020,0x00,    0},    {0x060,0x00,    0},
    {0x080,0xF0,    1},    {0x0C0,0x30,    0},    {0x043,0x0F,    0},    {0x0B0,0x2A,    0},
    {0x04C,0x3F,    0},    {0x02C,0x00,    0},    {0x06C,0xF7,    0},    {0x08C,0xFA,    0},
    {0x049,0x00,    0},    {0x029,0x06,    0},    {0x069,0xAA,    0},    {0x089,0xFF,    0},
    {0x0C4,0x3E,    0},    {0x04C,0x0F,    0},    {0x0A4,0xB1,    0},    {0x0B4,0x2A,   13},
    {0x0B6,0x0A,    7},    {0x0B0,0x0A,    0},    {0x0B4,0x0A,   36},    {0x044,0x3F,    0},
    {0x084,0x47,    0},    {0x0E4,0x02,    0},    {0x041,0x05,    0},    {0x021,0x0F,    0},
    {0x061,0xF7,    0},    {0x081,0x14,    0},    {0x0E1,0x02,    0},    {0x0C1,0x3E,    0},
    {0x044,0x12,    0},    {0x0A1,0x23,    0},    {0x0B1,0x2A,    0},    {0x0A5,0x69,    0},
    {0x0A3,0x69,    0},    {0x0A2,0x69,    0},    {0x0A7,0x69,    7},    {0x0A5,0x6C,    0},
    {0x0A3,0x6C,    0},    {0x0A2,0x6C,    0},    {0x0A7,0x6C,    0},    {0x053,0x3F,    0},
    {0x073,0x00,    0},    {0x093,0xF0,    0},    {0x0F3,0x00,    0},    {0x050,0x3F,    0},
    {0x030,0x00,    0},    {0x070,0x00,    0},    {0x090,0xF0,    0},    {0x0F0,0x00,    0},
    {0x0C6,0x30,    1},    {0x053,0x0F,    0},    {0x0A6,0xB1,    0},    {0x0B6,0x2A,    0},
    {0x043,0x3F,    0},    {0x063,0xF7,    0},    {0x083,0xFA,    0},    {0x040,0x00,    0},
    {0x020,0x06,    0},    {0x060,0xAA,    0},    {0x080,0xFF,    0},    {0x0C0,0x3E,    0},
    {0x043,0x0F,    0},    {0x0B0,0x2A,    6},    {0x0A5,0x69,    0},    {0x0A3,0x69,    0},
    {0x0A2,0x69,    0},    {0x0A7,0x69,    0},    {0x0B1,0x0A,    7},    {0x0A5,0x71,    0},
    {0x0A3,0x6F,    0},    {0x0A2,0x71,    0},    {0x0A7,0x6F,    7},    {0x0B6,0x0A,    0},
    {0x0B0,0x0A,    0},    {0x0A5,0x73,    0},    {0x0A3,0x70,    0},    {0x0A2,0x73,    0},
    {0x0A7,0x70,    7},    {0x0A5,0x74,    0},    {0x0A3,0x71,    0},    {0x0A2,0x74,    1},
    {0x0A7,0x71,    6},    {0x0A5,0x76,    0},    {0x0A3,0x72,    1},    {0x0A2,0x76,    0},
    {0x0A7,0x72,    7},    {0x0A5,0x7E,    0},    {0x0A3,0x78,    0},    {0x0A2,0x7E,    0},
    {0x0A7,0x78,    7},    {0x0B8,0x0B,    7},    {0x0A5,0x7C,    0},    {0x0A3,0x77,    0},
    {0x0A2,0x7C,    0},    {0x0A7,0x77,    7},    {0x0A5,0x74,    0},    {0x0A3,0x71,    0},
    {0x0A2,0x74,    0},    {0x0A7,0x71,    7},    {0x0A5,0x66,    0},    {0x0A3,0x67,    0},
    {0x0A2,0x66,    0},    {0x0A7,0x67,    0},    {0x04C,0x3F,    1},    {0x06C,0xF9,    0},
    {0x08C,0x06,    0},    {0x029,0x00,    0},    {0x069,0xFA,    0},    {0x089,0x47,    0},
    {0x0C4,0x36,    0},    {0x04C,0x0E,    0},    {0x0A4,0xDA,    0},    {0x0B4,0x26,   21},
    {0x0B4,0x06,   57},    {0x0A5,0x69,    0},    {0x0A3,0x69,    0},    {0x0A2,0x69,    0},
    {0x0A7,0x69,    7},    {0x0A5,0x6E,    0},    {0x0A3,0x6D,    0},    {0x0A2,0x6E,    0},
    {0x0A7,0x6D,    7},    {0x0A5,0x70,    0},    {0x0A3,0x6E,    0},    {0x0A2,0x70,    0},
    {0x0A7,0x6E,    7},    {0x0A5,0x74,    0},    {0x0A3,0x71,    0},    {0x0A2,0x74,    0},
    {0x0A7,0x71,   14},    {0x0A5,0x78,    0},    {0x0A3,0x73,    1},    {0x0A2,0x78,    0},
    {0x0A7,0x73,    7},    {0x0A5,0x7C,    0},    {0x0A3,0x77,    0},    {0x0A2,0x7C,    0},
    {0x0A7,0x77,    7},    {0x0A5,0x78,    0},    {0x0A3,0x73,    0},    {0x0A2,0x78,    0},
    {0x0A7,0x73,    0},    {0x044,0x10,    0},    {0x0B1,0x2A,    7},    {0x053,0x0E,    0},
    {0x0B6,0x2A,    0},    {0x043,0x0E,    0},    {0x0B0,0x2A,    0},    {0x0A5,0x70,    0},
    {0x0A3,0x6E,    0},    {0x0A2,0x70,    0},    {0x0A7,0x6E,    0},    {0x055,0x8B,    1},
    {0x0B8,0x2B,    6},    {0x0A5,0x69,    0},    {0x0A3,0x69,    0},    {0x0A2,0x69,    0},
    {0x0A7,0x69,    0},    {0x0B1,0x0A,    7},    {0x0A5,0x65,    0},    {0x0A3,0x66,    0},
    {0x0A2,0x65,    0},    {0x0A7,0x66,    0},    {0x0B6,0x0A,    1},    {0x0B0,0x0A,   85},
    {0x0A5,0x6E,    0},    {0x0A3,0x6D,    0},    {0x0A2,0x6E,    0},    {0x0A7,0x6D,    7},
    {0x0A5,0x73,    0},    {0x0A3,0x70,    0},    {0x0A2,0x73,    0},    {0x0A7,0x70,    7},
    {0x0B8,0x0B,    0},    {0x0A5,0x76,    0},    {0x0A3,0x72,    0},    {0x0A2,0x76,    0},
    {0x0A7,0x72,    7},    {0x0A5,0x79,    0},    {0x0A3,0x75,    0},    {0x0A2,0x79,    0},
    {0x0A7,0x75,    7},    {0x0B4,0x26,    0},    {0x0A5,0x7B,    1},    {0x0A3,0x76,    0},
    {0x0A2,0x7B,    0},    {0x0A7,0x76,    7},    {0x0A5,0x78,    0},    {0x0A3,0x73,    0},
    {0x0A2,0x78,    0},    {0x0A7,0x73,    7},    {0x0A5,0x79,    0},    {0x0A3,0x75,    0},
    {0x0A2,0x79,    0},    {0x0A7,0x75,    0},    {0x0B4,0x06,   14},    {0x0A5,0x6B,    0},
    {0x0A3,0x6A,    0},    {0x0A2,0x6B,    0},    {0x0A7,0x6A,    7},    {0x0A5,0x65,    0},
    {0x0A3,0x66,    0},    {0x0A2,0x65,    0},    {0x0A7,0x66,   86},    {0x0A5,0x6B,    0},
    {0x0A3,0x6A,    0},    {0x0A2,0x6B,    0},    {0x0A7,0x6A,    7},    {0x0A5,0x71,    0},
    {0x0A3,0x6F,    0},    {0x0A2,0x71,    0},    {0x0A7,0x6F,    0},    {0x0B5,0x0B,    0},
    {0x0A3,0x70,    7},    {0x0A2,0x73,    0},    {0x0A7,0x70,    0},    {0x0B2,0x0B,    7},
    {0x0A3,0x71,    0},    {0x0A7,0x71,    7},    {0x0A3,0x72,    0},    {0x0B3,0x0E,    0},
    {0x044,0x3F,    1},    {0x024,0x51,    0},    {0x064,0xF0,    0},    {0x084,0xFF,    0},
    {0x0E4,0x01,    0},    {0x041,0x0D,    0},    {0x021,0x10,    0},    {0x061,0xF1,    0},
    {0x081,0xFF,    0},    {0x0E1,0x00,    0},    {0x0C1,0x3C,    0},    {0x044,0x0A,    0},
    {0x0A1,0xE9,    0},    {0x0B1,0x2E,    0},    {0x0A1,0xDA,    0},    {0x0A7,0x66,    0},
    {0x053,0xBF,    0},    {0x033,0x30,    0},    {0x073,0xE1,    0},    {0x093,0xD6,    1},
    {0x050,0x8F,    0},    {0x030,0x20,    0},    {0x070,0xE0,    0},    {0x090,0x14,    0},
    {0x0C6,0x38,    0},    {0x053,0x8A,    0},    {0x0A6,0xDA,    0},    {0x0B6,0x2A,    0},
    {0x043,0x3F,    0},    {0x063,0xF9,    0},    {0x083,0x06,    0},    {0x020,0x00,    0},
    {0x060,0xFA,    0},    {0x080,0x47,    0},    {0x0C0,0x36,    0},    {0x043,0x08,    0},
    {0x0A0,0xDA,    0},    {0x0B0,0x26,    1},    {0x055,0x3F,    0},    {0x035,0x00,    0},
    {0x075,0xE8,    0},    {0x095,0x43,    0},    {0x0F5,0x03,    0},    {0x052,0x10,    0},
    {0x032,0x04,    0},    {0x072,0xC2,    0},    {0x092,0xE6,    0},    {0x0C8,0x3E,    0},
    {0x055,0x12,    0},    {0x0A8,0xB1,    0},    {0x0B8,0x32,    0},    {0x0B7,0x0E,    0},
    {0x04C,0x3F,    0},    {0x02C,0x51,    0},    {0x06C,0xF0,    0},    {0x08C,0xFF,    0},
    {0x0EC,0x01,    0},    {0x049,0x06,    0},    {0x029,0x10,    0},    {0x069,0xF1,    1},
    {0x089,0xFF,    0},    {0x0C4,0x32,    0},    {0x04C,0x0A,    0},    {0x0B4,0x2E,   32},
    {0x0B1,0x0E,    7},    {0x0B4,0x0E,   43},    {0x0B8,0x12,   21},    {0x0B0,0x06,   29},
    {0x0A5,0xDA,    0},    {0x0B5,0x2E,    0},    {0x0B6,0x0A,    0},    {0x0A2,0xDA,    0},
    {0x0B2,0x2E,  129},    {0x04B,0x3F,    0},    {0x02B,0x01,    0},    {0x06B,0xB8,    0},
    {0x08B,0x44,    0},    {0x048,0x90,    0},    {0x028,0x04,    0},    {0x068,0xE2,    0},
    {0x088,0xE6,    0},    {0x0C3,0x3E,    0},    {0x04B,0x07,    0},    {0x0A3,0xB1,    0},
    {0x0B3,0x36,    7},    {0x054,0x3F,    0},    {0x051,0x0D,    0},    {0x0C7,0x3C,    0},
    {0x054,0x09,    0},    {0x0A7,0xDA,    0},    {0x0B7,0x32,    0},    {0x044,0xBF,    0},
    {0x024,0x30,    0},    {0x064,0xE1,    0},    {0x084,0xD6,    1},    {0x0E4,0x00,    0},
    {0x041,0x8F,    0},    {0x021,0x20,    0},    {0x061,0xE0,    0},    {0x081,0x14,    0},
    {0x0C1,0x38,    0},    {0x044,0x8D,    0},    {0x0B1,0x2A,    0},    {0x04C,0x3F,    0},
    {0x02C,0x00,    0},    {0x06C,0x00,    0},    {0x08C,0xF0,    0},    {0x0EC,0x00,    0},
    {0x049,0x3F,    0},    {0x029,0x00,    0},    {0x069,0x00,    0},    {0x089,0xF0,    0},
    {0x0C4,0x30,    0},    {0x04C,0x08,    1},    {0x0A4,0xB1,    0},    {0x0B4,0x2A,    0},
    {0x055,0x3F,    0},    {0x075,0xF7,    0},    {0x095,0xFA,    0},    {0x0F5,0x00,    0},
    {0x052,0x00,    0},    {0x032,0x06,    0},    {0x072,0xAA,    0},    {0x092,0xFF,    0},
    {0x055,0x08,    0},    {0x0B8,0x2A,    5},    {0x043,0x3F,    0},    {0x023,0x51,    0},
    {0x063,0xF0,    0},    {0x083,0xFF,    0},    {0x0E3,0x01,    0},    {0x040,0x06,    0},
    {0x020,0x10,    0},    {0x060,0xF1,    0},    {0x080,0xFF,    0},    {0x0C0,0x32,    0},
    {0x043,0x09,    0},    {0x0B0,0x32,    7},    {0x0B5,0x0E,    7},    {0x0B2,0x0E,    7},
    {0x0B3,0x16,   65},    {0x0B4,0x0A,    0},    {0x0B8,0x0A,   35},    {0x0B7,0x12,    7},
    {0x053,0x3F,    1},    {0x033,0x51,    0},    {0x073,0xF0,    0},    {0x093,0xFF,    0},
    {0x0F3,0x01,    0},    {0x050,0x0D,    0},    {0x030,0x10,    0},    {0x070,0xF1,    0},
    {0x090,0xFF,    0},    {0x0C6,0x3C,    0},    {0x053,0x0A,    0},    {0x0B6,0x2E,    0},
    {0x0B0,0x12,    7},    {0x04D,0x3F,    0},    {0x04A,0x06,    0},    {0x0C5,0x32,    0},
    {0x04D,0x0A,    0},    {0x0B5,0x2E,   28},    {0x0B1,0x0A,    7},    {0x0B6,0x0E,    7},
    {0x0B5,0x0E,   79},    {0x045,0x3F,    0},    {0x025,0x01,    0},    {0x065,0xB8,    0},
    {0x085,0x44,    0},    {0x042,0x90,    0},    {0x022,0x04,    0},    {0x062,0xE2,    0},
    {0x082,0xE6,    0},    {0x0C2,0x3E,    0},    {0x045,0x07,    1},    {0x0A2,0xB1,    0},
    {0x0B2,0x36,    6},    {0x04B,0x3F,    0},    {0x02B,0x51,    0},    {0x06B,0xF0,    0},
    {0x08B,0xFF,    0},    {0x048,0x0D,    0},    {0x028,0x10,    0},    {0x068,0xF1,    1},
    {0x088,0xFF,    0},    {0x0C3,0x3C,    0},    {0x04B,0x0A,    0},    {0x0A3,0xDA,    0},
    {0x0B3,0x2E,    0},    {0x04C,0xBF,    0},    {0x02C,0x30,    0},    {0x06C,0xE1,    0},
    {0x08C,0xD6,    0},    {0x049,0x8F,    0},    {0x029,0x20,    0},    {0x069,0xE0,    0},
    {0x089,0x14,    0},    {0x0C4,0x38,    0},    {0x04C,0x8F,    0},    {0x0A4,0xDA,    0},
    {0x0B4,0x2A,    0},    {0x055,0x3F,    0},    {0x075,0xF9,    1},    {0x095,0x06,    0},
    {0x032,0x00,    0},    {0x072,0xFA,    0},    {0x092,0x47,    0},    {0x0C8,0x36,    0},
    {0x055,0x09,    0},    {0x0A8,0xDA,    0},    {0x0B8,0x26,    5},    {0x054,0x3F,    1},
    {0x051,0x06,    0},    {0x0C7,0x32,    0},    {0x054,0x0A,    0},    {0x0B7,0x2E,   14},
    {0x0B2,0x16,   50},    {0x0B8,0x06,   64},    {0x043,0x3F,    0},    {0x040,0x0D,    0},
    {0x0C0,0x3C,    0},    {0x043,0x0A,    0},    {0x0A0,0x8B,    0},    {0x0B0,0x32,    0},
    {0x044,0x3F,    1},    {0x024,0x00,    0},    {0x064,0xF9,    0},    {0x084,0x06,    0},
    {0x041,0x00,    0},    {0x021,0x00,    0},    {0x061,0xFA,    0},    {0x081,0x47,    0},
    {0x0C1,0x36,    0},    {0x044,0x08,    0},    {0x0B1,0x26,    6},    {0x053,0x3F,    0},
    {0x050,0x06,    0},    {0x0C6,0x32,    0},    {0x053,0x0A,    1},    {0x0A6,0x8B,    0},
    {0x0B6,0x32,    6},    {0x0B3,0x0E,    7},    {0x0B7,0x0E,   15},    {0x0B4,0x0A,   57},
    {0x0B1,0x06,   28},    {0x0B0,0x12,    7},    {0x0B6,0x12,    0},    {0x04D,0x3F,    1},
    {0x02D,0x01,    0},    {0x06D,0xB8,    0},    {0x08D,0x44,    0},    {0x04A,0x90,    0},
    {0x02A,0x04,    0},    {0x06A,0xE2,    0},    {0x08A,0xE6,    0},    {0x0C5,0x3E,    0},
    {0x04D,0x07,    0},    {0x0A5,0xB1,    0},    {0x0B5,0x36,    7},    {0x045,0x3F,    0},
    {0x025,0x51,    0},    {0x065,0xF0,    0},    {0x085,0xFF,    0},    {0x042,0x0D,    0},
    {0x022,0x10,    0},    {0x062,0xF1,    0},    {0x082,0xFF,    0},    {0x0C2,0x3C,    0},
    {0x045,0x0B,    0},    {0x0A2,0xDA,    0},    {0x0B2,0x2E,    0},    {0x055,0xBF,    0},
    {0x035,0x30,    0},    {0x075,0xE1,    0},    {0x095,0xD6,    0},    {0x052,0x8F,    0},
    {0x032,0x20,    0},    {0x072,0xE0,    1},    {0x092,0x14,    0},    {0x0C8,0x38,    0},
    {0x055,0x8B,    0},    {0x0B8,0x2A,    0},    {0x04B,0x3F,    0},    {0x02B,0x00,    0},
    {0x06B,0x00,    0},    {0x08B,0xF0,    0},    {0x0EB,0x00,    0},    {0x048,0x3F,    0},
    {0x028,0x00,    0},    {0x068,0x00,    0},    {0x088,0xF0,    0},    {0x0C3,0x30,    0},
    {0x04B,0x07,    0},    {0x0A3,0xB1,    0},    {0x0B3,0x2A,    0},    {0x054,0x3F,    0},
    {0x034,0x00,    0},    {0x074,0xF7,    1},    {0x094,0xFA,    0},    {0x0F4,0x00,    0},
    {0x051,0x00,    0},    {0x031,0x06,    0},    {0x071,0xAA,    0},    {0x0C7,0x3E,    0},
    {0x054,0x07,    0},    {0x0A7,0xB1,    0},    {0x0B7,0x2A,    5},    {0x04C,0x3F,    0},
    {0x02C,0x51,    0},    {0x06C,0xF0,    0},    {0x08C,0xFF,    0},    {0x0EC,0x01,    0},
    {0x049,0x06,    0},    {0x029,0x10,    0},    {0x069,0xF1,    0},    {0x089,0xFF,    0},
    {0x0C4,0x32,    0},    {0x04C,0x0B,    0},    {0x0B4,0x2E,   14},    {0x0B5,0x16,   21},
    {0x0B2,0x0E,    8},    {0x0B4,0x0E,   35},    {0x0B3,0x0A,    0},    {0x0B7,0x0A,   50},
    {0x044,0x3F,    0},    {0x024,0x51,    0},    {0x064,0xF0,    0},    {0x084,0xFF,    0},
    {0x0E4,0x01,    0},    {0x041,0x0D,    1},    {0x021,0x10,    0},    {0x061,0xF1,    0},
    {0x081,0xFF,    0},    {0x0C1,0x3C,    0},    {0x044,0x0A,    0},    {0x0B1,0x2E,    6},
    {0x043,0x3F,    1},    {0x040,0x06,    0},    {0x0C0,0x32,    0},    {0x043,0x0A,    0},
    {0x0A0,0xDA,    0},    {0x0B0,0x2E,   14},    {0x0B8,0x0A,  114},    {0x053,0x3F,    0},
    {0x033,0x01,    0},    {0x073,0xB8,    0},    {0x093,0x44,    0},    {0x050,0x90,    0},
    {0x030,0x04,    0},    {0x070,0xE2,    0},    {0x090,0xE6,    0},    {0x0C6,0x3E,    0},
    {0x053,0x07,    0},    {0x0A6,0xB1,    1},    {0x0B6,0x36,    0},    {0x04D,0x3F,    0},
    {0x02D,0x51,    0},    {0x06D,0xF0,    0},    {0x08D,0xFF,    0},    {0x04A,0x0D,    0},
    {0x02A,0x10,    0},    {0x06A,0xF1,    0},    {0x08A,0xFF,    0},    {0x0C5,0x3C,    0},
    {0x04D,0x09,    0},    {0x0A5,0x44,    0},    {0x0B5,0x32,    0},    {0x045,0xBF,    0},
    {0x025,0x30,    0},    {0x065,0xE1,    0},    {0x085,0xD6,    0},    {0x0E5,0x00,    0},
    {0x042,0x8F,    0},    {0x022,0x20,    0},    {0x062,0xE0,    1},    {0x082,0x14,    0},
    {0x0C2,0x38,    0},    {0x045,0x89,    0},    {0x0B2,0x2A,    0},    {0x04C,0x3F,    0},
    {0x02C,0x00,    0},    {0x06C,0xF9,    0},    {0x08C,0x06,    0},    {0x0EC,0x00,    0},
    {0x049,0x00,    0},    {0x029,0x00,    0},    {0x069,0xFA,    0},    {0x089,0x47,    0},
    {0x0C4,0x36,    0},    {0x04C,0x07,    0},    {0x0B4,0x26,    5},    {0x0B1,0x0E,    0},
    {0x04B,0x3F,    0},    {0x02B,0x51,    0},    {0x06B,0xF0,    0},    {0x08B,0xFF,    0},
    {0x0EB,0x01,    0},    {0x048,0x06,    0},    {0x028,0x10,    0},    {0x068,0xF1,    1},
    {0x088,0xFF,    0},    {0x0C3,0x32,    0},    {0x04B,0x09,    0},    {0x0A3,0x44,    0},
    {0x0B3,0x32,    0},    {0x0B0,0x0E,   21},    {0x0B6,0x16,   78},    {0x0B4,0x06,   29},
    {0x0B5,0x12,    0},    {0x054,0x3F,    0},    {0x034,0x51,    0},    {0x074,0xF0,    0},
    {0x094,0xFF,    0},    {0x0F4,0x01,    0},    {0x051,0x0D,    0},    {0x031,0x10,    0},
    {0x071,0xF1,    0},    {0x0C7,0x3C,    0},    {0x054,0x0A,    0},    {0x0A7,0xDA,    0},
    {0x0B7,0x2E,    0},    {0x0B3,0x12,    7},    {0x055,0x3F,    0},    {0x035,0x51,    0},
    {0x075,0xF0,    0},    {0x095,0xFF,    0},    {0x0F5,0x01,    0},    {0x052,0x06,    0},
    {0x032,0x10,    0},    {0x072,0xF1,    0},    {0x092,0xFF,    0},    {0x0C8,0x32,    0},
    {0x055,0x0A,    0},    {0x0B8,0x2E,   14},    {0x0B2,0x0A,   29},    {0x0B7,0x0E,    0},
    {0x0B8,0x0E,   85},    {0x0B1,0x2E,    0},    {0x043,0xBF,    1},    {0x023,0x30,    0},
    {0x063,0xE1,    0},    {0x083,0xD6,    0},    {0x0E3,0x00,    0},    {0x040,0x8F,    0},
    {0x020,0x20,    0},    {0x060,0xE0,    0},    {0x080,0x14,    0},    {0x0C0,0x38,    0},
    {0x043,0x8B,    0},    {0x0B0,0x2A,    0},    {0x053,0x3F,    0},    {0x033,0x00,    0},
    {0x073,0x00,    0},    {0x093,0xF0,    0},    {0x0F3,0x00,    0},    {0x050,0x3F,    0},
    {0x030,0x00,    0},    {0x070,0x00,    0},    {0x090,0xF0,    1},    {0x0C6,0x30,    0},
    {0x053,0x08,    0},    {0x0B6,0x2A,    0},    {0x04C,0x3F,    0},    {0x06C,0xF7,    0},
    {0x08C,0xFA,    0},    {0x029,0x06,    0},    {0x069,0xAA,    0},    {0x089,0xFF,    0},
    {0x0C4,0x3E,    0},    {0x04C,0x08,    0},    {0x0A4,0xB1,    0},    {0x0B4,0x2A,    6},
    {0x04D,0x3F,    0},    {0x02D,0x01,    0},    {0x06D,0xB8,    0},    {0x08D,0x44,    0},
    {0x04A,0x90,    0},    {0x02A,0x04,    0},    {0x06A,0xE2,    0},    {0x08A,0xE6,    0},
    {0x0C5,0x3E,    0},    {0x04D,0x09,    0},    {0x0A5,0xB1,    0},    {0x0B5,0x36,    0},
    {0x04B,0x0A,    0},    {0x0A3,0xDA,    0},    {0x0B3,0x2E,   28},    {0x0B5,0x16,   57},
    {0x0B6,0x0A,    0},    {0x0B4,0x0A,   50},    {0x045,0x3F,    0},    {0x025,0x51,    0},
    {0x065,0xF0,    0},    {0x085,0xFF,    0},    {0x0E5,0x01,    0},    {0x042,0x0D,    0},
    {0x022,0x10,    1},    {0x062,0xF1,    0},    {0x082,0xFF,    0},    {0x0C2,0x3C,    0},
    {0x045,0x0A,    0},    {0x0A2,0x04,    0},    {0x0B2,0x32,    0},    {0x054,0x3F,    0},
    {0x051,0x06,    0},    {0x0C7,0x32,    0},    {0x054,0x0A,    0},    {0x0A7,0x04,    0},
    {0x0B7,0x32,    6},    {0x0B1,0x0E,    8},    {0x0B3,0x0E,   14},    {0x0B0,0x0A,  100},
    {0x0B2,0x12,    7},    {0x055,0x3F,    0},    {0x052,0x0D,    0},    {0x0C8,0x3C,    0},
    {0x055,0x0A,    0},    {0x0B8,0x2E,    1},    {0x0B7,0x12,    0},    {0x04D,0xBF,    0},
    {0x02D,0x30,    0},    {0x06D,0xE1,    0},    {0x08D,0xD6,    0},    {0x0ED,0x00,    0},
    {0x04A,0x8F,    0},    {0x02A,0x20,    0},    {0x06A,0xE0,    0},    {0x08A,0x14,    0},
    {0x0C5,0x38,    0},    {0x04D,0x8B,    0},    {0x0A5,0xDA,    0},    {0x0B5,0x2A,    0},
    {0x053,0x3F,    0},    {0x073,0xF9,    0},    {0x093,0x06,    0},    {0x050,0x00,    0},
    {0x070,0xFA,    1},    {0x090,0x47,    0},    {0x0C6,0x36,    0},    {0x053,0x09,    0},
    {0x0A6,0xDA,    0},    {0x0B6,0x26,    0},    {0x04C,0x3F,    0},    {0x02C,0x01,    0},
    {0x06C,0xB8,    0},    {0x08C,0x44,    0},    {0x0EC,0x01,    0},    {0x049,0x90,    0},
    {0x029,0x04,    0},    {0x069,0xE2,    0},    {0x089,0xE6,    0},    {0x04C,0x08,    0},
    {0x0B4,0x36,    0},    {0x044,0x3F,    1},    {0x041,0x06,    0},    {0x0C1,0x32,    0},
    {0x044,0x0A,    0},    {0x0B1,0x2E,   25},    {0x0B4,0x16,   29},    {0x0B8,0x0E,    0},
    {0x0B1,0x0E,   14},    {0x0B6,0x06,   65},    {0x04B,0x3F,    0},    {0x048,0x0D,    0},
    {0x0C3,0x3C,    0},    {0x04B,0x0A,    0},    {0x0B3,0x2E,    0},    {0x043,0x3F,    0},
    {0x023,0x00,    0},    {0x063,0xF9,    0},    {0x083,0x06,    0},    {0x040,0x00,    0},
    {0x020,0x00,    1},    {0x060,0xFA,    0},    {0x080,0x47,    0},    {0x0C0,0x36,    0},
    {0x043,0x08,    0},    {0x0B0,0x26,    6},    {0x045,0x3F,    0},    {0x042,0x06,    0},
    {0x0C2,0x32,    0},    {0x045,0x0A,    0},    {0x0A2,0xDA,    0},    {0x0B2,0x2E,   28},
    {0x0B5,0x0A,   43},    {0x0B0,0x06,   50},    {0x054,0x3F,    0},    {0x034,0x01,    0},
    {0x074,0xB8,    0},    {0x094,0x44,    0},    {0x051,0x90,    0},    {0x031,0x04,    0},
    {0x071,0xE2,    1},    {0x091,0xE6,    0},    {0x0C7,0x3E,    0},    {0x054,0x07,    0},
    {0x0A7,0xB1,    0},    {0x0B7,0x36,    6},    {0x04C,0x3F,    0},    {0x02C,0x51,    0},
    {0x06C,0xF0,    0},    {0x08C,0xFF,    1},    {0x049,0x0D,    0},    {0x029,0x10,    0},
    {0x069,0xF1,    0},    {0x089,0xFF,    0},    {0x0C4,0x3C,    0},    {0x04C,0x0A,    0},
    {0x0A4,0x23,    0},    {0x0B4,0x32,    0},    {0x055,0xBF,    0},    {0x035,0x30,    0},
    {0x075,0xE1,    0},    {0x095,0xD6,    0},    {0x0F5,0x00,    0},    {0x052,0x8F,    0},
    {0x032,0x20,    0},    {0x072,0xE0,    0},    {0x092,0x14,    0},    {0x0C8,0x38,    0},
    {0x055,0x8D,    0},    {0x0B8,0x2A,    1},    {0x044,0x3F,    0},    {0x024,0x00,    0},
    {0x064,0x00,    0},    {0x084,0xF0,    0},    {0x0E4,0x00,    0},    {0x041,0x3F,    0},
    {0x021,0x00,    0},    {0x061,0x00,    0},    {0x081,0xF0,    0},    {0x0C1,0x30,    0},
    {0x044,0x07,    0},    {0x0A1,0xB1,    0},    {0x0B1,0x2A,    0},    {0x053,0x3F,    0},
    {0x073,0xF7,    0},    {0x093,0xFA,    0},    {0x030,0x06,    0},    {0x070,0xAA,    0},
    {0x090,0xFF,    1},    {0x0C6,0x3E,    0},    {0x053,0x07,    0},    {0x0A6,0xB1,    0},
    {0x0B6,0x2A,    4},    {0x04D,0x3F,    1},    {0x02D,0x51,    0},    {0x06D,0xF0,    0},
    {0x08D,0xFF,    0},    {0x0ED,0x01,    0},    {0x04A,0x06,    0},    {0x02A,0x10,    0},
    {0x06A,0xF1,    0},    {0x08A,0xFF,    0},    {0x0C5,0x32,    0},    {0x04D,0x0A,    0},
    {0x0A5,0x23,    0},    {0x0B5,0x32,   14},    {0x0B7,0x16,   64},    {0x0B1,0x0A,    0},
    {0x0B6,0x0A,   43},    {0x0B4,0x12,    7},    {0x043,0x3F,    0},    {0x023,0x51,    0},
    {0x063,0xF0,    0},    {0x083,0xFF,    0},    {0x0E3,0x01,    0},    {0x040,0x0D,    0},
    {0x020,0x10,    0},    {0x060,0xF1,    0},    {0x080,0xFF,    0},    {0x0C0,0x3C,    1},
    {0x043,0x08,    0},    {0x0A0,0x44,    0},    {0x0B0,0x32,    0},    {0x0B5,0x12,    6},
    {0x054,0x3F,    0},    {0x034,0x51,    0},    {0x074,0xF0,    0},    {0x094,0xFF,    0},
    {0x051,0x06,    0},    {0x031,0x10,    0},    {0x071,0xF1,    1},    {0x091,0xFF,    0},
    {0x0C7,0x32,    0},    {0x054,0x08,    0},    {0x0A7,0x44,    0},    {0x0B7,0x32,   21},
    {0x0B8,0x0A,   64},    {0x0B3,0x0E,    7},    {0x0B2,0x0E,   21},    {0x0B0,0x12,    8},
    {0x0B7,0x12,    7},    {0x044,0x3F,    0},    {0x024,0x51,    0},    {0x064,0xF0,    0},
    {0x084,0xFF,    0},    {0x0E4,0x01,    0},    {0x041,0x0D,    0},    {0x021,0x10,    0},
    {0x061,0xF1,    0},    {0x081,0xFF,    0},    {0x0C1,0x3C,    0},    {0x044,0x0A,    0},
    {0x0A1,0x8B,    0},    {0x0B1,0x2E,    0},    {0x053,0xBF,    0},    {0x033,0x30,    0},
    {0x073,0xE1,    0},    {0x093,0xD6,    1},    {0x050,0x8F,    0},    {0x030,0x20,    0},
    {0x070,0xE0,    0},    {0x090,0x14,    0},    {0x0C6,0x38,    0},    {0x053,0x93,    0},
    {0x0A6,0x8B,    0},    {0x0B6,0x2A,    0},    {0x04C,0x3F,    0},    {0x02C,0x00,    0},
    {0x06C,0xF9,    0},    {0x08C,0x06,    0},    {0x0EC,0x00,    0},    {0x049,0x00,    0},
    {0x029,0x00,    0},    {0x069,0xFA,    0},    {0x089,0x47,    0},    {0x0C4,0x36,    0},
    {0x04C,0x07,    0},    {0x0A4,0xDA,    1},    {0x0B4,0x26,    0},    {0x04D,0x3F,    0},
    {0x02D,0x00,    0},    {0x06D,0xE8,    0},    {0x08D,0x43,    0},    {0x0ED,0x03,    0},
    {0x04A,0x10,    0},    {0x02A,0x04,    0},    {0x06A,0xC2,    0},    {0x08A,0xE6,    0},
    {0x0C5,0x3E,    0},    {0x04D,0x12,    0},    {0x0A5,0xB1,    0},    {0x0B5,0x32,    5},
    {0x055,0x3F,    0},    {0x035,0x51,    0},    {0x075,0xF0,    0},    {0x095,0xFF,    0},
    {0x0F5,0x01,    0},    {0x052,0x06,    0},    {0x032,0x10,    0},    {0x072,0xF1,    0},
    {0x092,0xFF,    0},    {0x0C8,0x32,    0},    {0x055,0x0A,    0},    {0x0A8,0x8B,    0},
    {0x0B8,0x2E,   21},    {0x0B1,0x0E,    7},    {0x0B8,0x0E,   65},    {0x0B4,0x06,   14},
    {0x0B5,0x12,   21},    {0x0A3,0x8B,    0},    {0x0B3,0x2E,    8},    {0x0A2,0x8B,    0},
    {0x0B2,0x2E,   35},    {0x0B6,0x0A,   86},    {0x043,0x3F,    0},    {0x023,0x01,    0},
    {0x063,0xB8,    0},    {0x083,0x44,    0},    {0x040,0x90,    0},    {0x020,0x04,    0},
    {0x060,0xE2,    0},    {0x080,0xE6,    0},    {0x0C0,0x3E,    0},    {0x043,0x07,    1},
    {0x0A0,0xB1,    0},    {0x0B0,0x36,    6},    {0x054,0x3F,    0},    {0x051,0x0D,    1},
    {0x0C7,0x3C,    0},    {0x054,0x09,    0},    {0x0A7,0x8B,    0},    {0x0B7,0x32,    0},
    {0x044,0xBF,    0},    {0x024,0x30,    0},    {0x064,0xE1,    0},    {0x084,0xD6,    0},
    {0x0E4,0x00,    0},    {0x041,0x8F,    0},    {0x021,0x20,    0},    {0x061,0xE0,    0},
    {0x081,0x14,    0},    {0x0C1,0x38,    0},    {0x044,0x8F,    0},    {0x0B1,0x2A,    0},
    {0x055,0x3F,    0},    {0x035,0x00,    0},    {0x075,0x00,    0},    {0x095,0xF0,    1},
    {0x0F5,0x00,    0},    {0x052,0x3F,    0},    {0x032,0x00,    0},    {0x072,0x00,    0},
    {0x092,0xF0,    0},    {0x0C8,0x30,    0},    {0x055,0x08,    0},    {0x0A8,0xB1,    0},
    {0x0B8,0x2A,    0},    {0x04C,0x3F,    0},    {0x06C,0xF7,    0},    {0x08C,0xFA,    0},
    {0x029,0x06,    0},    {0x069,0xAA,    0},    {0x089,0xFF,    0},    {0x0C4,0x3E,    0},
    {0x04C,0x08,    0},    {0x0A4,0xB1,    0},    {0x0B4,0x2A,    5},    {0x04D,0x3F,    0},
    {0x02D,0x51,    0},    {0x06D,0xF0,    0},    {0x08D,0xFF,    0},    {0x0ED,0x01,    0},
    {0x04A,0x06,    1},    {0x02A,0x10,    0},    {0x06A,0xF1,    0},    {0x08A,0xFF,    0},
    {0x0C5,0x32,    0},    {0x04D,0x09,    0},    {0x0A5,0x8B,    0},    {0x0B5,0x32,   21},
    {0x0B0,0x16,    0},    {0x0B3,0x0E,    7},    {0x0B2,0x0E,   57},    {0x0B8,0x0A,    0},
    {0x0B4,0x0A,   36},    {0x0B7,0x12,    0},    {0x0B5,0x12,    7},    {0x053,0x3F,    0},
    {0x033,0x51,    0},    {0x073,0xF0,    0},    {0x093,0xFF,    0},    {0x0F3,0x01,    0},
    {0x050,0x0D,    0},    {0x030,0x10,    0},    {0x070,0xF1,    0},    {0x090,0xFF,    0},
    {0x0C6,0x3C,    0},    {0x053,0x0B,    0},    {0x0B6,0x2E,    7},    {0x043,0x3F,    0},
    {0x023,0x51,    0},    {0x063,0xF0,    0},    {0x083,0xFF,    0},    {0x040,0x06,    0},
    {0x020,0x10,    0},    {0x060,0xF1,    0},    {0x080,0xFF,    0},    {0x0C0,0x32,    0},
    {0x043,0x0B,    1},    {0x0A0,0x8B,    0},    {0x0B0,0x2E,   28},    {0x0B1,0x0A,    7},
    {0x0B6,0x0E,    7},    {0x0B0,0x0E,   78},    {0x04B,0x3F,    0},    {0x02B,0x01,    0},
    {0x06B,0xB8,    1},    {0x08B,0x44,    0},    {0x048,0x90,    0},    {0x028,0x04,    0},
    {0x068,0xE2,    0},    {0x088,0xE6,    0},    {0x0C3,0x3E,    0},    {0x04B,0x08,    0},
    {0x0A3,0xB1,    0},    {0x0B3,0x36,    7},    {0x045,0x3F,    0},    {0x042,0x0D,    0},
    {0x0C2,0x3C,    0},    {0x045,0x0A,    0},    {0x0B2,0x2E,    0},    {0x055,0xBF,    0},
    {0x035,0x30,    0},    {0x075,0xE1,    0},    {0x095,0xD6,    0},    {0x052,0x8F,    0},
    {0x032,0x20,    0},    {0x072,0xE0,    0},    {0x092,0x14,    1},    {0x0C8,0x38,    0},
    {0x055,0x8B,    0},    {0x0A8,0x8B,    0},    {0x0B8,0x2A,    0},    {0x04C,0x3F,    0},
    {0x06C,0xF9,    0},    {0x08C,0x06,    0},    {0x029,0x00,    0},    {0x069,0xFA,    0},
    {0x089,0x47,    0},    {0x0C4,0x36,    0},    {0x04C,0x09,    0},    {0x0A4,0xDA,    0},
    {0x0B4,0x26,    6},    {0x054,0x3F,    0},    {0x051,0x06,    0},    {0x0C7,0x32,    0},
    {0x054,0x0A,    0},    {0x0B7,0x2E,   21},    {0x0B3,0x16,   43},    {0x0B4,0x06,   64},
    {0x04D,0x3F,    0},    {0x04A,0x0D,    1},    {0x0C5,0x3C,    0},    {0x04D,0x0B,    0},
    {0x0A5,0x44,    0},    {0x0B5,0x32,    0},    {0x044,0x3F,    0},    {0x024,0x00,    0},
    {0x064,0xF9,    0},    {0x084,0x06,    0},    {0x041,0x00,    0},    {0x021,0x00,    0},
    {0x061,0xFA,    0},    {0x081,0x47,    0},    {0x0C1,0x36,    0},    {0x044,0x08,    0},
    {0x0A1,0xDA,    0},    {0x0B1,0x26,    6},    {0x053,0x3F,    1},    {0x050,0x06,    0},
    {0x0C6,0x32,    0},    {0x053,0x0B,    0},    {0x0A6,0x44,    0},    {0x0B6,0x32,   14},
    {0x0B2,0x0E,    7},    {0x0B7,0x0E,    0},    {0x0B8,0x0A,   57},    {0x0B1,0x06,   43},
    {0x043,0x3F,    0},    {0x023,0x01,    0},    {0x063,0xB8,    0},    {0x083,0x44,    0},
    {0x040,0x90,    0},    {0x020,0x04,    0},    {0x060,0xE2,    0},    {0x080,0xE6,    0},
    {0x0C0,0x3E,    0},    {0x043,0x07,    0},    {0x0A0,0xB1,    0},    {0x0B0,0x36,    7},
    {0x0B5,0x12,    7},    {0x04B,0x3F,    0},    {0x02B,0x51,    0},    {0x06B,0xF0,    0},
    {0x08B,0xFF,    0},    {0x048,0x0D,    0},    {0x028,0x10,    0},    {0x068,0xF1,    0},
    {0x088,0xFF,    1},    {0x0C3,0x3C,    0},    {0x04B,0x09,    0},    {0x0A3,0x8B,    0},
    {0x0B3,0x2E,    0},    {0x04C,0xBF,    0},    {0x02C,0x30,    0},    {0x06C,0xE1,    0},
    {0x08C,0xD6,    0},    {0x049,0x8F,    0},    {0x029,0x20,    0},    {0x069,0xE0,    0},
    {0x089,0x14,    0},    {0x0C4,0x38,    0},    {0x04C,0x90,    0},    {0x0A4,0x8B,    0},
    {0x0B4,0x2A,    0},    {0x045,0x3F,    0},    {0x025,0x00,    0},    {0x065,0x00,    0},
    {0x085,0xF0,    0},    {0x0E5,0x00,    1},    {0x042,0x3F,    0},    {0x022,0x00,    0},
    {0x062,0x00,    0},    {0x082,0xF0,    0},    {0x0C2,0x30,    0},    {0x045,0x07,    0},
    {0x0A2,0xB1,    0},    {0x0B2,0x2A,    0},    {0x054,0x3F,    0},    {0x034,0x00,    0},
    {0x074,0xF7,    0},    {0x094,0xFA,    0},    {0x0F4,0x00,    0},    {0x051,0x00,    0},
    {0x031,0x06,    0},    {0x071,0xAA,    0},    {0x0C7,0x3E,    0},    {0x054,0x07,    0},
    {0x0A7,0xB1,    1},    {0x0B7,0x2A,    0},    {0x0B6,0x12,    0},    {0x055,0x3F,    0},
    {0x035,0x51,    0},    {0x075,0xF0,    0},    {0x095,0xFF,    0},    {0x0F5,0x01,    0},
    {0x052,0x06,    0},    {0x032,0x10,    0},    {0x072,0xF1,    0},    {0x092,0xFF,    0},
    {0x0C8,0x32,    0},    {0x055,0x09,    0},    {0x0B8,0x2E,   11},    {0x0B0,0x16,   29},
    {0x0B3,0x0E,    7},    {0x0B8,0x0E,   36},    {0x0B2,0x0A,    0},    {0x0B7,0x0A,   50},
    {0x044,0x3F,    0},    {0x024,0x51,    0},    {0x064,0xF0,    0},    {0x084,0xFF,    0},
    {0x0E4,0x01,    0},    {0x041,0x0D,    0},    {0x021,0x10,    0},    {0x061,0xF1,    0},
    {0x081,0xFF,    0},    {0x0C1,0x3C,    0},    {0x044,0x0B,    0},    {0x0A1,0x8B,    0},
    {0x0B1,0x2E,    0},    {0x04D,0x3F,    1},    {0x04A,0x06,    0},    {0x0C5,0x32,    0},
    {0x04D,0x0B,    0},    {0x0A5,0x8B,    0},    {0x0B5,0x2E,   13},    {0x0B4,0x0A,  114},
    {0x053,0x3F,    0},    {0x033,0x01,    0},    {0x073,0xB8,    0},    {0x093,0x44,    1},
    {0x050,0x90,    0},    {0x030,0x04,    0},    {0x070,0xE2,    0},    {0x090,0xE6,    0},
    {0x0C6,0x3E,    0},    {0x053,0x07,    0},    {0x0A6,0xB1,    0},    {0x0B6,0x36,    6},
    {0x043,0x3F,    1},    {0x023,0x51,    0},    {0x063,0xF0,    0},    {0x083,0xFF,    0},
    {0x040,0x0D,    0},    {0x020,0x10,    0},    {0x060,0xF1,    0},    {0x080,0xFF,    0},
    {0x0C0,0x3C,    0},    {0x043,0x08,    0},    {0x0A0,0x04,    0},    {0x0B0,0x32,    0},
    {0x04B,0xBF,    0},    {0x02B,0x30,    0},    {0x06B,0xE1,    0},    {0x08B,0xD6,    0},
    {0x0EB,0x00,    0},    {0x048,0x8F,    0},    {0x028,0x20,    0},    {0x068,0xE0,    0},
    {0x088,0x14,    1},    {0x0C3,0x38,    0},    {0x04B,0x8D,    0},    {0x0A3,0x44,    0},
    {0x0B3,0x2A,    0},    {0x055,0x3F,    0},    {0x035,0x00,    0},    {0x075,0xF9,    0},
    {0x095,0x06,    0},    {0x0F5,0x00,    0},    {0x052,0x00,    0},    {0x032,0x00,    0},
    {0x072,0xFA,    0},    {0x092,0x47,    0},    {0x0C8,0x36,    0},    {0x055,0x07,    0},
    {0x0A8,0xDA,    0},    {0x0B8,0x26,    6},    {0x045,0x3F,    0},    {0x025,0x51,    0},
    {0x065,0xF0,    0},    {0x085,0xFF,    0},    {0x0E5,0x01,    0},    {0x042,0x06,    0},
    {0x022,0x10,    0},    {0x062,0xF1,    0},    {0x082,0xFF,    0},    {0x0C2,0x32,    0},
    {0x045,0x08,    0},    {0x0A2,0x04,    0},    {0x0B2,0x32,    0},    {0x0B1,0x0E,    7},
    {0x0B5,0x0E,   14},    {0x0B6,0x16,   79},    {0x0B8,0x06,    7},    {0x0B0,0x12,    0},
    {0x0B2,0x12,   21},    {0x054,0x3F,    0},    {0x034,0x51,    0},    {0x074,0xF0,    0},
    {0x094,0xFF,    0},    {0x0F4,0x01,    0},    {0x051,0x0D,    0},    {0x031,0x10,    0},
    {0x071,0xF1,    1},    {0x0C7,0x3C,    0},    {0x054,0x0A,    0},    {0x0A7,0x66,    0},
    {0x0B7,0x2E,    6},    {0x04C,0x3F,    0},    {0x02C,0x51,    0},    {0x06C,0xF0,    0},
    {0x08C,0xFF,    1},    {0x0EC,0x01,    0},    {0x049,0x06,    0},    {0x029,0x10,    0},
    {0x069,0xF1,    0},    {0x089,0xFF,    0},    {0x0C4,0x32,    0},    {0x04C,0x0A,    0},
    {0x0A4,0x66,    0},    {0x0B4,0x2E,   21},    {0x0B3,0x0A,   28},    {0x0B4,0x0E,    7},
    {0x0B7,0x0E,   72},    {0x044,0x3F,    0},    {0x024,0x01,    0},    {0x064,0xB8,    0},
    {0x084,0x44,    0},    {0x041,0x90,    0},    {0x021,0x04,    0},    {0x061,0xE2,    0},
    {0x081,0xE6,    0},    {0x0C1,0x3E,    0},    {0x044,0x07,    0},    {0x0A1,0xB1,    0},
    {0x0B1,0x36,    1},    {0x04D,0x3F,    0},    {0x04A,0x0D,    0},    {0x0C5,0x3C,    0},
    {0x04D,0x09,    0},    {0x0A5,0x44,    0},    {0x0B5,0x2E,    0},    {0x053,0xBF,    0},
    {0x033,0x30,    0},    {0x073,0xE1,    0},    {0x093,0xD6,    0},    {0x0F3,0x00,    0},
    {0x050,0x8F,    0},    {0x030,0x20,    0},    {0x070,0xE0,    0},    {0x090,0x14,    1},
    {0x0C6,0x38,    0},    {0x053,0x8D,    0},    {0x0A6,0x44,    0},    {0x0B6,0x2A,    0},
    {0x055,0x3F,    0},    {0x075,0x00,    0},    {0x095,0xF0,    0},    {0x052,0x3F,    0},
    {0x072,0x00,    0},    {0x092,0xF0,    0},    {0x0C8,0x30,    0},    {0x055,0x08,    0},
    {0x0A8,0xB1,    0},    {0x0B8,0x2A,    0},    {0x043,0x3F,    0},    {0x023,0x00,    0},
    {0x063,0xF7,    0},    {0x083,0xFA,    1},    {0x0E3,0x00,    0},    {0x040,0x00,    0},
    {0x020,0x06,    0},    {0x060,0xAA,    0},    {0x0C0,0x3E,    0},    {0x043,0x08,    0},
    {0x0A0,0xB1,    0},    {0x0B0,0x2A,    4},    {0x045,0x09,    0},    {0x0A2,0x44,    0},
    {0x0B2,0x2E,   21},    {0x0B1,0x16,   58},    {0x0B8,0x0A,    0},    {0x0B0,0x0A,   50},
    {0x04B,0x3F,    0},    {0x02B,0x51,    0},    {0x06B,0xF0,    0},    {0x08B,0xFF,    0},
    {0x0EB,0x01,    0},    {0x048,0x0D,    0},    {0x028,0x10,    0},    {0x068,0xF1,    0},
    {0x088,0xFF,    0},    {0x0C3,0x3C,    0},    {0x04B,0x09,    0},    {0x0A3,0x98,    0},
    {0x0B3,0x2F,    7},    {0x04C,0x09,    0},    {0x0A4,0x98,    0},    {0x0B4,0x2F,   21},
    {0x0B6,0x0A,   29},    {0x0A5,0x41,    0},    {0x0A3,0x95,    0},    {0x0A2,0x41,    0},
    {0x0A4,0x95,    7},    {0x0A5,0x44,    0},    {0x0A3,0x98,    0},    {0x0A2,0x44,    0},
    {0x0A4,0x98,    7},    {0x0A5,0x45,    0},    {0x0A3,0x9A,    0},    {0x0A2,0x45,    0},
    {0x0A4,0x9A,    7},    {0x0A5,0x48,    0},    {0x0A3,0x9F,    0},    {0x0A2,0x48,    0},
    {0x0A4,0x9F,    7},    {0x0A5,0x4A,    0},    {0x0A3,0xA2,    0},    {0x0A2,0x4A,    1},
    {0x0A4,0xA2,    6},    {0x0A5,0x4E,    1},    {0x0A3,0xA9,    0},    {0x0A2,0x4E,    0},
    {0x0A4,0xA9,    7},    {0x0A5,0x50,    0},    {0x0A3,0xAC,    0},    {0x0A2,0x50,    0},
    {0x0A4,0xAC,    7},    {0x0A5,0x52,    0},    {0x0A3,0xB0,    0},    {0x0A2,0x52,    0},
    {0x0A4,0xB0,    7},    {0x0A5,0x4F,    0},    {0x0A3,0xAB,    0},    {0x0A2,0x4F,    0},
    {0x0A4,0xAB,    7},    {0x0A5,0x46,    0},    {0x0A3,0x9C,    0},    {0x0A2,0x46,    0},
    {0x0A4,0x9C,   14},    {0x054,0x3F,    0},    {0x034,0x01,    0},    {0x074,0xB8,    0},
    {0x094,0x44,    1},    {0x051,0x90,    0},    {0x031,0x04,    0},    {0x071,0xE2,    0},
    {0x091,0xE6,    0},    {0x0C7,0x3E,    0},    {0x054,0x07,    0},    {0x0A7,0xB1,    0},
    {0x0B7,0x36,    0},    {0x044,0xBF,    0},    {0x024,0x30,    0},    {0x064,0xE1,    0},
    {0x084,0xD6,    0},    {0x0E4,0x00,    0},    {0x041,0x8F,    0},    {0x021,0x20,    0},
    {0x061,0xE0,    0},    {0x081,0x14,    0},    {0x0C1,0x38,    0},    {0x044,0x90,    0},
    {0x0A1,0x44,    0},    {0x0B1,0x2A,    1},    {0x055,0x3F,    0},    {0x075,0xF9,    0},
    {0x095,0x06,    0},    {0x052,0x00,    0},    {0x072,0xFA,    0},    {0x092,0x47,    0},
    {0x0C8,0x36,    0},    {0x055,0x08,    0},    {0x0A8,0xDA,    0},    {0x0B8,0x26,   27},
    {0x0B7,0x16,   28},    {0x0A5,0x47,    1},    {0x0A3,0x9D,    0},    {0x0A2,0x47,    0},
    {0x0A4,0x9D,    7},    {0x0A5,0x49,    0},    {0x0A3,0xA1,    0},    {0x0A2,0x49,    0},
    {0x0A4,0xA1,    7},    {0x0A5,0x48,    0},    {0x0A3,0x9F,    0},    {0x0A2,0x48,    0},
    {0x0A4,0x9F,    0},    {0x0B8,0x06,    7},    {0x0A5,0x4F,    0},    {0x0A3,0xAB,    0},
    {0x0A2,0x4F,    0},    {0x0A4,0xAB,    7},    {0x0A5,0x4D,    0},    {0x0A3,0xA7,    0},
    {0x0A2,0x4D,    0},    {0x0A4,0xA7,    7},    {0x0A5,0x4E,    0},    {0x0A3,0xA9,    0},
    {0x0A2,0x4E,    0},    {0x0A4,0xA9,    7},    {0x0A5,0x4F,    0},    {0x0A3,0xAB,    0},
    {0x0A2,0x4F,    1},    {0x0A4,0xAB,    6},    {0x0A5,0x54,    1},    {0x0A3,0xB3,    0},
    {0x0A2,0x54,    0},    {0x0A4,0xB3,   14},    {0x0A5,0x53,    0},    {0x0A3,0xB1,    0},
    {0x0A2,0x53,    0},    {0x0A4,0xB1,    7},    {0x0A5,0x4B,    0},    {0x0A3,0xA4,    0},
    {0x0A2,0x4B,    0},    {0x0A4,0xA4,    7},    {0x0A5,0x44,    0},    {0x0A3,0x98,    0},
    {0x0A2,0x44,    0},    {0x0A4,0x98,    0},    {0x043,0x3F,    0},    {0x063,0xF9,    1},
    {0x083,0x06,    0},    {0x020,0x00,    0},    {0x060,0xFA,    0},    {0x080,0x47,    0},
    {0x0C0,0x36,    0},    {0x043,0x08,    0},    {0x0A0,0xDA,    0},    {0x0B0,0x26,   28},
    {0x0B1,0x0A,   50},    {0x0A5,0x45,    0},    {0x0A3,0x9A,    0},    {0x0A2,0x45,    0},
    {0x0A4,0x9A,    7},    {0x0A5,0x4A,    0},    {0x0A3,0xA2,    0},    {0x0A2,0x4A,    0},
    {0x0A4,0xA2,    7},    {0x0A5,0x4B,    0},    {0x0A3,0xA4,    0},    {0x0A2,0x4B,    0},
    {0x0A4,0xA4,    0},    {0x0B0,0x06,    7},    {0x0A5,0x4E,    0},    {0x0A3,0xA9,    0},
    {0x0A2,0x4E,    0},    {0x0A4,0xA9,   14},    {0x0A5,0x50,    0},    {0x0A3,0xAC,    0},
    {0x0A2,0x50,    1},    {0x0A4,0xAC,    6},    {0x0A5,0x53,    1},    {0x0A3,0xB1,    0},
    {0x0A2,0x53,    0},    {0x0A4,0xB1,    7},    {0x0A5,0x50,    0},    {0x0A3,0xAC,    0},
    {0x0A2,0x50,    0},    {0x0A4,0xAC,    7},    {0x0A5,0x4B,    0},    {0x0A3,0xA4,    0},
    {0x0A2,0x4B,    0},    {0x0A4,0xA4,    0},    {0x053,0x8F,    0},    {0x0B6,0x2A,    0},
    {0x054,0x3F,    0},    {0x034,0x00,    0},    {0x074,0x00,    0},    {0x094,0xF0,    0},
    {0x0F4,0x00,    0},    {0x051,0x3F,    0},    {0x031,0x00,    1},    {0x071,0x00,    0},
    {0x091,0xF0,    0},    {0x0C7,0x30,    0},    {0x054,0x07,    0},    {0x0B7,0x2A,    0},
    {0x055,0x3F,    0},    {0x075,0xF7,    0},    {0x095,0xFA,    0},    {0x032,0x06,    0},
    {0x072,0xAA,    0},    {0x092,0xFF,    0},    {0x0C8,0x3E,    0},    {0x055,0x07,    0},
    {0x0A8,0xB1,    0},    {0x0B8,0x2A,    0},    {0x044,0x3F,    0},    {0x024,0x01,    1},
    {0x064,0xB8,    0},    {0x084,0x44,    0},    {0x0E4,0x01,    0},    {0x041,0x90,    0},
    {0x021,0x04,    0},    {0x061,0xE2,    0},    {0x081,0xE6,    0},    {0x0C1,0x3E,    0},
    {0x044,0x07,    0},    {0x0A1,0xB1,    0},    {0x0B1,0x36,    5},    {0x0A5,0x47,    0},
    {0x0A3,0x9D,    0},    {0x0A2,0x47,    0},    {0x0A4,0x9D,    7},    {0x0A5,0x44,    0},
    {0x0A3,0x98,    0},    {0x0A2,0x44,    0},    {0x0A4,0x98,   21},    {0x0B1,0x16,   50},
    {0x0B7,0x0A,    0},    {0x0B8,0x0A,   15},    {0x0A5,0x4A,    0},    {0x0A3,0xA2,    0},
    {0x0A2,0x4A,    0},    {0x0A4,0xA2,    7},    {0x0A5,0x4D,    0},    {0x0A3,0xA7,    0},
    {0x0A2,0x4D,    0},    {0x0A4,0xA7,    7},    {0x0A5,0x4F,    0},    {0x0A3,0xAB,    0},
    {0x0A2,0x4F,    0},    {0x0A4,0xAB,    7},    {0x0A5,0x51,    0},    {0x0A3,0xAE,    0},
    {0x0A2,0x51,    0},    {0x0A4,0xAE,    7},    {0x0A5,0x52,    0},    {0x0A3,0xB0,    0},
    {0x0A2,0x52,    1},    {0x0A4,0xB0,    6},    {0x0A5,0x50,    1},    {0x0A3,0xAC,    0},
    {0x0A2,0x50,    0},    {0x0A4,0xAC,    7},    {0x0A5,0x51,    0},    {0x0A3,0xAE,    0},
    {0x0A2,0x51,    0},    {0x0A4,0xAE,   14},    {0x0A5,0x48,    0},    {0x0A3,0x9F,    0},
    {0x0A2,0x48,    0},    {0x0A4,0x9F,    7},    {0x0A5,0x44,    0},    {0x0A3,0x98,    0},
    {0x0A2,0x44,    0},    {0x0A4,0x98,    7},    {0x0B6,0x0A,   79},    {0x0A5,0x48,    0},
    {0x0A3,0x9F,    0},    {0x0A2,0x48,    0},    {0x0A4,0x9F,    7},    {0x0A5,0x4C,    0},
    {0x0A3,0xA6,    0},    {0x0A2,0x4C,    0},    {0x0A4,0xA6,    0},    {0x0B5,0x0E,    0},
    {0x0A3,0xA7,    7},    {0x0A2,0x4D,    0},    {0x0A4,0xA7,    0},    {0x0B2,0x0E,    7},
    {0x0A3,0xA9,    0},    {0x0A4,0xA9,    0},    {0x0A3,0xAB,    0},    {0x043,0x3F,    0},
    {0x023,0x51,    0},    {0x063,0xF0,    1},    {0x083,0xFF,    0},    {0x0E3,0x01,    0},
    {0x040,0x0D,    0},    {0x020,0x10,    0},    {0x060,0xF1,    0},    {0x080,0xFF,    0},
    {0x0C0,0x3C,    0},    {0x043,0x0A,    0},    {0x0A0,0x76,    0},    {0x0B0,0x2B,    0},
    {0x0A3,0x98,    0},    {0x0A0,0x65,    0},    {0x044,0xBF,    0},    {0x024,0x30,    0},
    {0x064,0xE1,    0},    {0x084,0xD6,    0},    {0x0E4,0x00,    0},    {0x041,0x8F,    0},
    {0x021,0x20,    0},    {0x061,0xE0,    1},    {0x081,0x14,    0},    {0x0C1,0x38,    0},
    {0x044,0x92,    0},    {0x0A1,0x65,    0},    {0x0B1,0x2B,    0},    {0x054,0x3F,    0},
    {0x074,0xF9,    0},    {0x094,0x06,    0},    {0x051,0x00,    0},    {0x071,0xFA,    0},
    {0x091,0x47,    0},    {0x0C7,0x36,    0},    {0x054,0x07,    0},    {0x0A7,0xDA,    0},
    {0x0B7,0x26,    0},    {0x055,0x3F,    1},    {0x075,0xE8,    0},    {0x095,0x43,    0},
    {0x0F5,0x03,    0},    {0x052,0x10,    0},    {0x032,0x04,    0},    {0x072,0xC2,    0},
    {0x092,0xE6,    0},    {0x055,0x12,    0},    {0x0B8,0x32,    4},    {0x0A4,0x98,    0},
    {0x053,0x3F,    0},    {0x033,0x51,    0},    {0x073,0xF0,    0},    {0x093,0xFF,    1},
    {0x0F3,0x01,    0},    {0x050,0x06,    0},    {0x030,0x10,    0},    {0x070,0xF1,    0},
    {0x090,0xFF,    0},    {0x0C6,0x32,    0},    {0x053,0x0A,    0},    {0x0A6,0x65,    0},
    {0x0B6,0x2B,   14},    {0x0B3,0x0F,    7},    {0x0B4,0x0F,   21},    {0x0B0,0x0B,    7},
    {0x0B6,0x0B,   36},    {0x0B8,0x12,   21},    {0x0B7,0x06,   29},    {0x04D,0x0A,    0},
    {0x0A5,0x65,    0},    {0x0B5,0x2B,    0},    {0x045,0x0A,    0},    {0x0A2,0x65,    0},
    {0x0B2,0x2B,   21},    {0x0B1,0x0B,  108},    {0x04B,0x3F,    0},    {0x02B,0x01,    0},
    {0x06B,0xB8,    0},    {0x08B,0x44,    0},    {0x048,0x90,    0},    {0x028,0x04,    0},
    {0x068,0xE2,    0},    {0x088,0xE6,    0},    {0x0C3,0x3E,    0},    {0x04B,0x07,    0},
    {0x0A3,0xB1,    0},    {0x0B3,0x36,    7},    {0x04C,0x3F,    0},    {0x049,0x0D,    0},
    {0x0C4,0x3C,    0},    {0x04C,0x09,    0},    {0x0A4,0x65,    0},    {0x0B4,0x2F,    0},
    {0x043,0xBF,    0},    {0x023,0x30,    0},    {0x063,0xE1,    0},    {0x083,0xD6,    0},
    {0x0E3,0x00,    0},    {0x040,0x8F,    1},    {0x020,0x20,    0},    {0x060,0xE0,    0},
    {0x080,0x14,    0},    {0x0C0,0x38,    0},    {0x043,0x91,    0},    {0x0B0,0x2B,    0},
    {0x053,0x3F,    0},    {0x033,0x00,    0},    {0x073,0x00,    0},    {0x093,0xF0,    0},
    {0x0F3,0x00,    0},    {0x050,0x3F,    0},    {0x030,0x00,    0},    {0x070,0x00,    0},
    {0x090,0xF0,    0},    {0x0C6,0x30,    0},    {0x053,0x08,    0},    {0x0A6,0xB1,    0},
    {0x0B6,0x2A,    0},    {0x055,0x3F,    1},    {0x075,0xF7,    0},    {0x095,0xFA,    0},
    {0x0F5,0x00,    0},    {0x052,0x00,    0},    {0x032,0x06,    0},    {0x072,0xAA,    0},
    {0x092,0xFF,    0},    {0x055,0x08,    0},    {0x0B8,0x2A,    0},    {0x054,0x3F,    0},
    {0x034,0x51,    0},    {0x074,0xF0,    0},    {0x094,0xFF,    0},    {0x0F4,0x01,    0},
    {0x051,0x06,    0},    {0x031,0x10,    0},    {0x071,0xF1,    0},    {0x091,0xFF,    1},
    {0x0C7,0x32,    0},    {0x054,0x09,    0},    {0x0A7,0x65,    0},    {0x0B7,0x2F,   18},
    {0x0B3,0x16,   36},    {0x0B5,0x0B,    7},    {0x0B2,0x0B,   21},    {0x0B6,0x0A,    0},
    {0x0B8,0x0A,   43},    {0x0B4,0x0F,    7},    {0x044,0x3F,    0},    {0x024,0x51,    0},
    {0x064,0xF0,    0},    {0x084,0xFF,    1},    {0x0E4,0x01,    0},    {0x041,0x0D,    0},
    {0x021,0x10,    0},    {0x061,0xF1,    0},    {0x081,0xFF,    0},    {0x0C1,0x3C,    0},
    {0x044,0x0B,    0},    {0x0B1,0x2B,    0},    {0x0B7,0x0F,    7},    {0x04B,0x3F,    0},
    {0x02B,0x51,    0},    {0x06B,0xF0,    0},    {0x08B,0xFF,    0},    {0x048,0x06,    0},
    {0x028,0x10,    0},    {0x068,0xF1,    0},    {0x088,0xFF,    0},    {0x0C3,0x32,    0},
    {0x04B,0x0B,    0},    {0x0A3,0x65,    0},    {0x0B3,0x2B,   35},    {0x0B0,0x0B,    0},
    {0x0B1,0x0B,    7},    {0x0B3,0x0B,   86},    {0x0B5,0x2B,    0},    {0x045,0xBF,    0},
    {0x025,0x30,    0},    {0x065,0xE1,    0},    {0x085,0xD6,    0},    {0x0E5,0x00,    0},
    {0x042,0x8F,    0},    {0x022,0x20,    0},    {0x062,0xE0,    1},    {0x082,0x14,    0},
    {0x0C2,0x38,    0},    {0x045,0x91,    0},    {0x0B2,0x2B,    0},    {0x053,0x3F,    0},
    {0x073,0xF9,    0},    {0x093,0x06,    0},    {0x050,0x00,    0},    {0x070,0xFA,    0},
    {0x090,0x47,    0},    {0x0C6,0x36,    0},    {0x053,0x07,    0},    {0x0A6,0xDA,    0},
    {0x0B6,0x26,    0},    {0x055,0x3F,    0},    {0x035,0x01,    0},    {0x075,0xB8,    1},
    {0x095,0x44,    0},    {0x0F5,0x01,    0},    {0x052,0x90,    0},    {0x032,0x04,    0},
    {0x072,0xE2,    0},    {0x092,0xE6,    0},    {0x055,0x07,    0},    {0x0B8,0x36,    5},
    {0x04C,0x3F,    0},    {0x049,0x06,    1},    {0x0C4,0x32,    0},    {0x04C,0x0A,    0},
    {0x0B4,0x2B,   28},    {0x0B8,0x16,   35},    {0x0B6,0x06,   65},    {0x054,0x3F,    0},
    {0x051,0x0D,    0},    {0x0C7,0x3C,    0},    {0x054,0x0A,    0},    {0x0A7,0x06,    0},
    {0x0B7,0x2F,    0},    {0x043,0x3F,    0},    {0x023,0x00,    0},    {0x063,0xF9,    1},
    {0x083,0x06,    0},    {0x040,0x00,    0},    {0x020,0x00,    0},    {0x060,0xFA,    0},
    {0x080,0x47,    0},    {0x0C0,0x36,    0},    {0x043,0x09,    0},    {0x0A0,0xDA,    0},
    {0x0B0,0x26,    6},    {0x044,0x3F,    0},    {0x041,0x06,    0},    {0x0C1,0x32,    0},
    {0x044,0x0A,    0},    {0x0A1,0x06,    0},    {0x0B1,0x2F,   14},    {0x0B5,0x0B,    7},
    {0x0B4,0x0B,    0},    {0x0B2,0x0B,   57},    {0x0B0,0x06,   36},    {0x04B,0x3F,    0},
    {0x02B,0x01,    0},    {0x06B,0xB8,    0},    {0x08B,0x44,    0},    {0x048,0x90,    0},
    {0x028,0x04,    0},    {0x068,0xE2,    1},    {0x088,0xE6,    0},    {0x0C3,0x3E,    0},
    {0x04B,0x07,    0},    {0x0A3,0xB1,    0},    {0x0B3,0x36,   13},    {0x055,0x3F,    1},
    {0x035,0x51,    0},    {0x075,0xF0,    0},    {0x095,0xFF,    0},    {0x052,0x0D,    0},
    {0x032,0x10,    0},    {0x072,0xF1,    0},    {0x092,0xFF,    0},    {0x0C8,0x3C,    0},
    {0x055,0x0A,    0},    {0x0A8,0x65,    0},    {0x0B8,0x2B,    0},    {0x053,0xBF,    0},
    {0x033,0x30,    0},    {0x073,0xE1,    0},    {0x093,0xD6,    0},    {0x050,0x8F,    0},
    {0x030,0x20,    0},    {0x070,0xE0,    0},    {0x090,0x14,    1},    {0x0C6,0x38,    0},
    {0x053,0x91,    0},    {0x0A6,0x65,    0},    {0x0B6,0x2B,    0},    {0x04D,0x3F,    0},
    {0x02D,0x00,    0},    {0x06D,0x00,    0},    {0x08D,0xF0,    0},    {0x0ED,0x00,    0},
    {0x04A,0x3F,    0},    {0x02A,0x00,    0},    {0x06A,0x00,    0},    {0x08A,0xF0,    0},
    {0x0C5,0x30,    0},    {0x04D,0x07,    0},    {0x0A5,0xB1,    0},    {0x0B5,0x2A,    0},
    {0x04C,0x3F,    0},    {0x02C,0x00,    0},    {0x06C,0xF7,    0},    {0x08C,0xFA,    0},
    {0x0EC,0x00,    1},    {0x049,0x00,    0},    {0x029,0x06,    0},    {0x069,0xAA,    0},
    {0x0C4,0x3E,    0},    {0x04C,0x07,    0},    {0x0A4,0xB1,    0},    {0x0B4,0x2A,    0},
    {0x0B7,0x0F,    5},    {0x045,0x3F,    0},    {0x025,0x51,    0},    {0x065,0xF0,    0},
    {0x085,0xFF,    0},    {0x0E5,0x01,    0},    {0x042,0x06,    0},    {0x022,0x10,    0},
    {0x062,0xF1,    0},    {0x082,0xFF,    0},    {0x0C2,0x32,    0},    {0x045,0x0A,    0},
    {0x0B2,0x2B,    0},    {0x0B1,0x0F,   14},    {0x0B3,0x16,   36},    {0x0B8,0x0B,    7},
    {0x0B2,0x0B,   14},    {0x0B5,0x0A,    0},    {0x0B4,0x0A,   57},    {0x043,0x3F,    0},
    {0x023,0x51,    0},    {0x063,0xF0,    0},    {0x083,0xFF,    0},    {0x0E3,0x01,    0},
    {0x040,0x0D,    0},    {0x020,0x10,    0},    {0x060,0xF1,    1},    {0x080,0xFF,    0},
    {0x0C0,0x3C,    0},    {0x043,0x09,    0},    {0x0A0,0x65,    0},    {0x0B0,0x2B,    6},
    {0x054,0x3F,    1},    {0x051,0x06,    0},    {0x0C7,0x32,    0},    {0x054,0x09,    0},
    {0x0A7,0x65,    0},    {0x0B7,0x2B,   35},    {0x0B6,0x0B,   86},    {0x044,0x3F,    0},
    {0x024,0x01,    0},    {0x064,0xB8,    0},    {0x084,0x44,    0},    {0x041,0x90,    0},
    {0x021,0x04,    0},    {0x061,0xE2,    0},    {0x081,0xE6,    0},    {0x0C1,0x3E,    0},
    {0x044,0x07,    0},    {0x0A1,0xB1,    0},    {0x0B1,0x36,    7},    {0x04B,0x3F,    0},
    {0x02B,0x51,    0},    {0x06B,0xF0,    0},    {0x08B,0xFF,    0},    {0x048,0x0D,    0},
    {0x028,0x10,    0},    {0x068,0xF1,    0},    {0x088,0xFF,    0},    {0x0C3,0x3C,    0},
    {0x04B,0x08,    0},    {0x0B3,0x2E,    0},    {0x055,0xBF,    1},    {0x035,0x30,    0},
    {0x075,0xE1,    0},    {0x095,0xD6,    0},    {0x0F5,0x00,    0},    {0x052,0x8F,    0},
    {0x032,0x20,    0},    {0x072,0xE0,    0},    {0x092,0x14,    0},    {0x0C8,0x38,    0},
    {0x055,0x93,    0},    {0x0B8,0x2B,    0},    {0x045,0x3F,    0},    {0x025,0x00,    0},
    {0x065,0xF9,    0},    {0x085,0x06,    0},    {0x0E5,0x00,    0},    {0x042,0x00,    0},
    {0x022,0x00,    0},    {0x062,0xFA,    0},    {0x082,0x47,    1},    {0x0C2,0x36,    0},
    {0x045,0x07,    0},    {0x0A2,0xDA,    0},    {0x0B2,0x26,    5},    {0x04D,0x3F,    0},
    {0x02D,0x51,    0},    {0x06D,0xF0,    0},    {0x08D,0xFF,    0},    {0x0ED,0x01,    0},
    {0x04A,0x06,    0},    {0x02A,0x10,    0},    {0x06A,0xF1,    0},    {0x08A,0xFF,    0},
    {0x0C5,0x32,    0},    {0x04D,0x08,    1},    {0x0B5,0x2E,    6},    {0x0B0,0x0B,    0},
    {0x0B7,0x0B,   14},    {0x0B1,0x16,   72},    {0x0B2,0x06,   36},    {0x0B3,0x0E,    0},
    {0x04C,0x3F,    0},    {0x02C,0x51,    0},    {0x06C,0xF0,    0},    {0x08C,0xFF,    0},
    {0x0EC,0x01,    0},    {0x049,0x0D,    0},    {0x029,0x10,    0},    {0x069,0xF1,    0},
    {0x0C4,0x3C,    0},    {0x04C,0x0B,    0},    {0x0A4,0x65,    0},    {0x0B4,0x2B,    7},
    {0x0B5,0x0E,    0},    {0x053,0x3F,    0},    {0x033,0x51,    0},    {0x073,0xF0,    0},
    {0x093,0xFF,    0},    {0x0F3,0x01,    0},    {0x050,0x06,    0},    {0x030,0x10,    0},
    {0x070,0xF1,    0},    {0x090,0xFF,    0},    {0x0C6,0x32,    0},    {0x053,0x0B,    0},
    {0x0B6,0x2B,   28},    {0x0B8,0x0B,   15},    {0x0B4,0x0B,    0},    {0x0B6,0x0B,   78},
    {0x043,0x3F,    0},    {0x023,0x01,    0},    {0x063,0xB8,    0},    {0x083,0x44,    0},
    {0x040,0x90,    0},    {0x020,0x04,    0},    {0x060,0xE2,    0},    {0x080,0xE6,    1},
    {0x0C0,0x3E,    0},    {0x043,0x07,    0},    {0x0A0,0xB1,    0},    {0x0B0,0x36,    6},
    {0x054,0x3F,    1},    {0x051,0x0D,    0},    {0x0C7,0x3C,    0},    {0x054,0x0A,    0},
    {0x0B7,0x2B,    0},    {0x044,0xBF,    0},    {0x024,0x30,    0},    {0x064,0xE1,    0},
    {0x084,0xD6,    0},    {0x0E4,0x00,    0},    {0x041,0x8F,    0},    {0x021,0x20,    0},
    {0x061,0xE0,    0},    {0x081,0x14,    0},    {0x0C1,0x38,    0},    {0x044,0x94,    0},
    {0x0A1,0x65,    0},    {0x0B1,0x2B,    1},    {0x045,0x3F,    0},    {0x065,0x00,    0},
    {0x085,0xF0,    0},    {0x042,0x3F,    0},    {0x062,0x00,    0},    {0x082,0xF0,    0},
    {0x0C2,0x30,    0},    {0x045,0x07,    0},    {0x0A2,0xB1,    0},    {0x0B2,0x2A,    0},
    {0x04B,0x3F,    0},    {0x02B,0x00,    0},    {0x06B,0xF7,    0},    {0x08B,0xFA,    0},
    {0x0EB,0x00,    0},    {0x048,0x00,    0},    {0x028,0x06,    0},    {0x068,0xAA,    1},
    {0x0C3,0x3E,    0},    {0x04B,0x07,    0},    {0x0B3,0x2A,    4},    {0x04D,0x0A,    0},
    {0x0A5,0x65,    1},    {0x0B5,0x2B,   21},    {0x0B0,0x16,   64},    {0x0B2,0x0A,    0},
    {0x0B3,0x0A,   43},    {0x055,0x3F,    0},    {0x035,0x51,    0},    {0x075,0xF0,    0},
    {0x095,0xFF,    0},    {0x0F5,0x01,    0},    {0x052,0x0D,    0},    {0x032,0x10,    0},
    {0x072,0xF1,    0},    {0x092,0xFF,    0},    {0x0C8,0x3C,    0},    {0x055,0x09,    1},
    {0x0A8,0x66,    0},    {0x0B8,0x2E,    6},    {0x04C,0x3F,    0},    {0x049,0x06,    1},
    {0x0C4,0x32,    0},    {0x04C,0x09,    0},    {0x0A4,0x66,    0},    {0x0B4,0x2E,    0},
    {0x0B7,0x0B,    6},    {0x0B5,0x0B,   15},    {0x0B1,0x0B,  107},    {0x053,0x3F,    0},
    {0x033,0x01,    0},    {0x073,0xB8,    0},    {0x093,0x44,    0},    {0x050,0x90,    0},
    {0x030,0x04,    0},    {0x070,0xE2,    0},    {0x090,0xE6,    0},    {0x0C6,0x3E,    0},
    {0x053,0x07,    0},    {0x0A6,0xB1,    0},    {0x0B6,0x36,    7},    {0x043,0x3F,    0},
    {0x023,0x51,    0},    {0x063,0xF0,    0},    {0x083,0xFF,    0},    {0x040,0x0D,    0},
    {0x020,0x10,    0},    {0x060,0xF1,    0},    {0x080,0xFF,    0},    {0x0C0,0x3C,    0},
    {0x043,0x0A,    0},    {0x0A0,0x65,    0},    {0x0B0,0x2B,    0},    {0x045,0xBF,    0},
    {0x025,0x30,    1},    {0x065,0xE1,    0},    {0x085,0xD6,    0},    {0x042,0x8F,    0},
    {0x022,0x20,    0},    {0x062,0xE0,    0},    {0x082,0x14,    0},    {0x0C2,0x38,    0},
    {0x045,0x8F,    0},    {0x0A2,0x65,    0},    {0x0B2,0x2B,    0},    {0x04B,0x3F,    0},
    {0x06B,0xF9,    0},    {0x08B,0x06,    0},    {0x028,0x00,    0},    {0x068,0xFA,    0},
    {0x088,0x47,    0},    {0x0C3,0x36,    1},    {0x04B,0x07,    0},    {0x0A3,0xDA,    0},
    {0x0B3,0x26,    0},    {0x054,0x3F,    0},    {0x051,0x06,    0},    {0x0C7,0x32,    0},
    {0x054,0x0A,    0},    {0x0B7,0x2B,   12},    {0x0B8,0x0E,    7},    {0x0B4,0x0E,    7},
    {0x0B6,0x16,   15},    {0x0B0,0x0B,    7},    {0x0B7,0x0B,   50},    {0x0B3,0x06,   36},
    {0x04D,0x3F,    0},    {0x04A,0x0D,    0},    {0x0C5,0x3C,    0},    {0x04D,0x0A,    0},
    {0x0B5,0x2B,    0},    {0x044,0x3F,    0},    {0x024,0x51,    0},    {0x064,0xF0,    0},
    {0x084,0xFF,    0},    {0x0E4,0x01,    0},    {0x041,0x06,    0},    {0x021,0x10,    0},
    {0x061,0xF1,    0},    {0x081,0xFF,    1},    {0x0C1,0x32,    0},    {0x044,0x0A,    0},
    {0x0B1,0x2B,   34},    {0x0B2,0x0B,  100},    {0x055,0x3F,    0},    {0x035,0x01,    0},
    {0x075,0xB8,    0},    {0x095,0x44,    0},    {0x052,0x90,    0},    {0x032,0x04,    1},
    {0x072,0xE2,    0},    {0x092,0xE6,    0},    {0x0C8,0x3E,    0},    {0x055,0x08,    0},
    {0x0A8,0xB1,    0},    {0x0B8,0x36,    0},    {0x04C,0x3F,    0},    {0x049,0x0D,    0},
    {0x0C4,0x3C,    0},    {0x04C,0x0A,    0},    {0x0A4,0x8B,    0},    {0x0B4,0x2E,    0},
    {0x053,0xBF,    1},    {0x033,0x30,    0},    {0x073,0xE1,    0},    {0x093,0xD6,    0},
    {0x0F3,0x00,    0},    {0x050,0x8F,    0},    {0x030,0x20,    0},    {0x070,0xE0,    0},
    {0x090,0x14,    0},    {0x0C6,0x38,    0},    {0x053,0x91,    0},    {0x0A6,0x65,    0},
    {0x0B6,0x2B,    0},    {0x043,0x3F,    0},    {0x023,0x00,    0},    {0x063,0x00,    0},
    {0x083,0xF0,    0},    {0x0E3,0x00,    0},    {0x040,0x3F,    0},    {0x020,0x00,    0},
    {0x060,0x00,    0},    {0x080,0xF0,    0},    {0x0C0,0x30,    1},    {0x043,0x07,    0},
    {0x0A0,0xB1,    0},    {0x0B0,0x2A,    0},    {0x054,0x3F,    0},    {0x034,0x00,    0},
    {0x074,0xF7,    0},    {0x094,0xFA,    0},    {0x0F4,0x00,    0},    {0x051,0x00,    0},
    {0x031,0x06,    0},    {0x071,0xAA,    0},    {0x0C7,0x3E,    0},    {0x054,0x07,    0},
    {0x0A7,0xB1,    0},    {0x0B7,0x2A,    4},    {0x04B,0x3F,    0},    {0x02B,0x51,    0},
    {0x06B,0xF0,    1},    {0x08B,0xFF,    0},    {0x0EB,0x01,    0},    {0x048,0x06,    0},
    {0x028,0x10,    0},    {0x068,0xF1,    0},    {0x088,0xFF,    0},    {0x0C3,0x32,    0},
    {0x04B,0x0A,    0},    {0x0A3,0x8B,    0},    {0x0B3,0x2E,   14},    {0x0B8,0x16,   71},
    {0x0B0,0x0A,    0},    {0x0B7,0x0A,   43},    {0x0B4,0x0E,    0},    {0x045,0x3F,    0},
    {0x025,0x51,    0},    {0x065,0xF0,    0},    {0x085,0xFF,    0},    {0x0E5,0x01,    0},
    {0x042,0x0D,    0},    {0x022,0x10,    0},    {0x062,0xF1,    0},    {0x082,0xFF,    0},
    {0x0C2,0x3C,    0},    {0x045,0x0A,    1},    {0x0A2,0xB1,    0},    {0x0B2,0x2E,    0},
    {0x0B3,0x0E,    6},    {0x055,0x3F,    0},    {0x035,0x51,    0},    {0x075,0xF0,    0},
    {0x095,0xFF,    0},    {0x052,0x06,    0},    {0x032,0x10,    0},    {0x072,0xF1,    0},
    {0x092,0xFF,    1},    {0x0C8,0x32,    0},    {0x055,0x0A,    0},    {0x0B8,0x2E,   28},
    {0x0B6,0x0B,   43},    {0x0B5,0x0B,    0},    {0x0B1,0x0B,   49},    {0x0B2,0x0E,    8},
    {0x043,0x3F,    0},    {0x023,0x51,    0},    {0x063,0xF0,    0},    {0x083,0xFF,    0},
    {0x0E3,0x01,    0},    {0x040,0x0D,    0},    {0x020,0x10,    0},    {0x060,0xF1,    0},
    {0x080,0xFF,    0},    {0x0C0,0x3C,    0},    {0x043,0x0A,    0},    {0x0A0,0x65,    0},
    {0x0B0,0x2B,    0},    {0x054,0xBF,    0},    {0x034,0x30,    0},    {0x074,0xE1,    0},
    {0x094,0xD6,    0},    {0x051,0x8F,    1},    {0x031,0x20,    0},    {0x071,0xE0,    0},
    {0x091,0x14,    0},    {0x0C7,0x38,    0},    {0x054,0x90,    0},    {0x0A7,0x65,    0},
    {0x0B7,0x2B,    0},    {0x04C,0x3F,    0},    {0x02C,0x00,    0},    {0x06C,0xF9,    0},
    {0x08C,0x06,    0},    {0x0EC,0x00,    0},    {0x049,0x00,    0},    {0x029,0x00,    0},
    {0x069,0xFA,    0},    {0x089,0x47,    0},    {0x0C4,0x36,    0},    {0x04C,0x07,    0},
    {0x0A4,0xDA,    0},    {0x0B4,0x26,    1},    {0x0B8,0x0E,    0},    {0x04B,0x3F,    0},
    {0x02B,0x01,    0},    {0x06B,0xB8,    0},    {0x08B,0x44,    0},    {0x048,0x90,    0},
    {0x028,0x04,    0},    {0x068,0xE2,    0},    {0x088,0xE6,    0},    {0x0C3,0x3E,    0},
    {0x04B,0x07,    0},    {0x0A3,0xB1,    0},    {0x0B3,0x36,    5},    {0x053,0x3F,    0},
    {0x033,0x51,    0},    {0x073,0xF0,    0},    {0x093,0xFF,    0},    {0x0F3,0x01,    0},
    {0x050,0x06,    0},    {0x030,0x10,    0},    {0x070,0xF1,    0},    {0x090,0xFF,    0},
    {0x0C6,0x32,    0},    {0x053,0x0A,    0},    {0x0B6,0x2B,   21},    {0x0B3,0x16,   22},
    {0x0B0,0x0B,    0},    {0x0B6,0x0B,   50},    {0x0B4,0x06,   35},    {0x0B5,0x2B,    8},
    {0x0B1,0x2B,   14},    {0x0B7,0x0B,  114},    {0x045,0x08,    0},    {0x0A2,0x65,    0},
    {0x0B2,0x2F,    0},    {0x055,0xBF,    0},    {0x035,0x30,    0},    {0x075,0xE1,    0},
    {0x095,0xD6,    0},    {0x0F5,0x00,    0},    {0x052,0x8F,    0},    {0x032,0x20,    0},
    {0x072,0xE0,    1},    {0x092,0x14,    0},    {0x0C8,0x38,    0},    {0x055,0x8D,    0},
    {0x0A8,0x65,    0},    {0x0B8,0x2B,    0},    {0x04B,0x3F,    0},    {0x02B,0x00,    0},
    {0x06B,0x00,    0},    {0x08B,0xF0,    0},    {0x0EB,0x00,    0},    {0x048,0x3F,    0},
    {0x028,0x00,    0},    {0x068,0x00,    0},    {0x088,0xF0,    0},    {0x0C3,0x30,    0},
    {0x04B,0x07,    0},    {0x0B3,0x2A,    0},    {0x043,0x3F,    0},    {0x023,0x00,    0},
    {0x063,0xF7,    1},    {0x083,0xFA,    0},    {0x0E3,0x00,    0},    {0x040,0x00,    0},
    {0x020,0x06,    0},    {0x060,0xAA,    0},    {0x0C0,0x3E,    0},    {0x043,0x07,    0},
    {0x0A0,0xB1,    0},    {0x0B0,0x2A,    5},    {0x053,0x08,    0},    {0x0B6,0x2F,    0},
    {0x04C,0x3F,    0},    {0x02C,0x01,    0},    {0x06C,0xB8,    0},    {0x08C,0x44,    1},
    {0x0EC,0x01,    0},    {0x049,0x90,    0},    {0x029,0x04,    0},    {0x069,0xE2,    0},
    {0x089,0xE6,    0},    {0x0C4,0x3E,    0},    {0x04C,0x07,    0},    {0x0A4,0xB1,    0},
    {0x0B4,0x36,   28},    {0x0B4,0x16,   64},    {0x0B3,0x0A,    0},    {0x0B0,0x0A,    0},
    {0x0B5,0x0B,    7},    {0x0B1,0x0B,   29},    {0x054,0x3F,    0},    {0x034,0x51,    0},
    {0x074,0xF0,    0},    {0x094,0xFF,    0},    {0x0F4,0x01,    0},    {0x051,0x0D,    0},
    {0x031,0x10,    0},    {0x071,0xF1,    0},    {0x091,0xFF,    0},    {0x0C7,0x3C,    0},
    {0x054,0x0A,    0},    {0x0B7,0x2B,    7},    {0x04C,0x3F,    0},    {0x02C,0x51,    0},
    {0x06C,0xF0,    0},    {0x08C,0xFF,    0},    {0x049,0x06,    0},    {0x029,0x10,    0},
    {0x069,0xF1,    0},    {0x089,0xFF,    0},    {0x0C4,0x32,    0},    {0x04C,0x0A,    0},
    {0x0A4,0x65,    0},    {0x0B4,0x2B,   14},    {0x0B2,0x0F,    0},    {0x0B8,0x0B,    0},
    {0x0B6,0x0F,   29},    {0x0B7,0x0B,    7},    {0x0B4,0x0B,   78},    {0x04B,0x3F,    1},
    {0x02B,0x51,    0},    {0x06B,0xF0,    0},    {0x08B,0xFF,    0},    {0x0EB,0x01,    0},
    {0x048,0x0D,    0},    {0x028,0x10,    0},    {0x068,0xF1,    0},    {0x088,0xFF,    0},
    {0x0C3,0x3C,    0},    {0x04B,0x0A,    0},    {0x0A3,0x65,    0},    {0x0B3,0x2B,    0},
    {0x043,0xBF,    0},    {0x023,0x30,    0},    {0x063,0xE1,    0},    {0x083,0xD6,    0},
    {0x040,0x8F,    0},    {0x020,0x20,    0},    {0x060,0xE0,    0},    {0x080,0x14,    0},
    {0x0C0,0x38,    1},    {0x043,0x8F,    0},    {0x0A0,0x65,    0},    {0x0B0,0x2B,    0},
    {0x04D,0x3F,    0},    {0x02D,0x00,    0},    {0x06D,0xF9,    0},    {0x08D,0x06,    0},
    {0x0ED,0x00,    0},    {0x04A,0x00,    0},    {0x02A,0x00,    0},    {0x06A,0xFA,    0},
    {0x08A,0x47,    0},    {0x0C5,0x36,    0},    {0x04D,0x07,    0},    {0x0A5,0xDA,    0},
    {0x0B5,0x26,    6},    {0x044,0x3F,    0},    {0x024,0x01,    0},    {0x064,0xB8,    0},
    {0x084,0x44,    0},    {0x041,0x90,    0},    {0x021,0x04,    0},    {0x061,0xE2,    0},
    {0x081,0xE6,    0},    {0x0C1,0x3E,    0},    {0x044,0x07,    0},    {0x0A1,0xB1,    0},
    {0x0B1,0x36,    0},    {0x045,0x3F,    0},    {0x042,0x06,    1},    {0x0C2,0x32,    0},
    {0x045,0x0A,    0},    {0x0B2,0x2B,   27},    {0x0B1,0x16,   43},    {0x0B5,0x06,   57},
    {0x055,0x3F,    0},    {0x035,0x51,    0},    {0x075,0xF0,    0},    {0x095,0xFF,    0},
    {0x0F5,0x01,    0},    {0x052,0x0D,    0},    {0x032,0x10,    0},    {0x072,0xF1,    0},
    {0x092,0xFF,    1},    {0x0C8,0x3C,    0},    {0x055,0x0A,    0},    {0x0A8,0x06,    0},
    {0x0B8,0x2F,    0},    {0x053,0x3F,    0},    {0x033,0x00,    0},    {0x073,0xF9,    0},
    {0x093,0x06,    0},    {0x0F3,0x00,    0},    {0x050,0x00,    0},    {0x030,0x00,    0},
    {0x070,0xFA,    0},    {0x090,0x47,    0},    {0x0C6,0x36,    0},    {0x053,0x07,    0},
    {0x0A6,0xDA,    0},    {0x0B6,0x26,    6},    {0x054,0x3F,    1},    {0x051,0x06,    0},
    {0x0C7,0x32,    0},    {0x054,0x0A,    0},    {0x0A7,0x06,    0},    {0x0B7,0x2F,   28},
    {0x0B0,0x0B,    0},    {0x0B3,0x0B,    7},    {0x0B2,0x0B,   50},    {0x0B6,0x06,   43},
    {0x04C,0x3F,    0},    {0x02C,0x01,    0},    {0x06C,0xB8,    0},    {0x08C,0x44,    0},
    {0x049,0x90,    0},    {0x029,0x04,    0},    {0x069,0xE2,    0},    {0x089,0xE6,    0},
    {0x0C4,0x3E,    0},    {0x04C,0x07,    0},    {0x0A4,0xB1,    0},    {0x0B4,0x36,    0},
    {0x0B8,0x0F,    1},    {0x044,0x3F,    0},    {0x024,0x51,    0},    {0x064,0xF0,    0},
    {0x084,0xFF,    0},    {0x041,0x0D,    0},    {0x021,0x10,    0},    {0x061,0xF1,    0},
    {0x081,0xFF,    0},    {0x0C1,0x3C,    0},    {0x044,0x09,    0},    {0x0A1,0x65,    0},
    {0x0B1,0x2B,    0},    {0x04D,0xBF,    0},    {0x02D,0x30,    0},    {0x06D,0xE1,    0},
    {0x08D,0xD6,    0},    {0x04A,0x8F,    0},    {0x02A,0x20,    0},    {0x06A,0xE0,    0},
    {0x08A,0x14,    1},    {0x0C5,0x38,    0},    {0x04D,0x8B,    0},    {0x0A5,0x65,    0},
    {0x0B5,0x2B,    0},    {0x043,0x3F,    0},    {0x023,0x00,    0},    {0x063,0x00,    0},
    {0x083,0xF0,    0},    {0x040,0x3F,    0},    {0x020,0x00,    0},    {0x060,0x00,    0},
    {0x080,0xF0,    0},    {0x0C0,0x30,    0},    {0x043,0x08,    0},    {0x0A0,0xB1,    0},
    {0x0B0,0x2A,    0},    {0x04B,0x3F,    0},    {0x02B,0x00,    0},    {0x06B,0xF7,    0},
    {0x08B,0xFA,    1},    {0x0EB,0x00,    0},    {0x048,0x00,    0},    {0x028,0x06,    0},
    {0x068,0xAA,    0},    {0x0C3,0x3E,    0},    {0x04B,0x08,    0},    {0x0A3,0xB1,    0},
    {0x0B3,0x2A,    4},    {0x0B7,0x0F,    0},    {0x045,0x09,    0},    {0x0B2,0x2B,   21},
    {0x0B4,0x16,   15},    {0x0B1,0x0B,    7},    {0x0B2,0x0B,   36},    {0x0B0,0x0A,    0},
    {0x0B3,0x0A,   57},    {0x053,0x3F,    0},    {0x033,0x51,    0},    {0x073,0xF0,    0},
    {0x093,0xFF,    0},    {0x0F3,0x01,    0},    {0x050,0x0D,    0},    {0x030,0x10,    0},
    {0x070,0xF1,    0},    {0x090,0xFF,    0},    {0x0C6,0x3C,    0},    {0x053,0x09,    0},
    {0x0A6,0x65,    0},    {0x0B6,0x2B,    0},    {0x055,0x3F,    1},    {0x052,0x06,    0},
    {0x0C8,0x32,    0},    {0x055,0x09,    0},    {0x0A8,0x65,    0},    {0x0B8,0x2B,   56},
    {0x0B5,0x0B,   78},    {0x0B6,0x0B,    0},    {0x054,0x3F,    1},    {0x051,0x0D,    0},
    {0x0C7,0x3C,    0},    {0x054,0x0A,    0},    {0x0A7,0x04,    0},    {0x0B7,0x36,    0},
    {0x04C,0xBF,    0},    {0x02C,0x30,    0},    {0x06C,0xE1,    0},    {0x08C,0xD6,    0},
    {0x0EC,0x00,    0},    {0x049,0x8F,    0},    {0x029,0x20,    0},    {0x069,0xE0,    0},
    {0x089,0x14,    0},    {0x0C4,0x38,    1},    {0x04C,0x8B,    0},    {0x0A4,0x65,    0},
    {0x0B4,0x27,    0},    {0x044,0x3F,    0},    {0x024,0x00,    0},    {0x064,0xF9,    0},
    {0x084,0x47,    0},    {0x0E4,0x02,    0},    {0x041,0x05,    0},    {0x021,0x0F,    0},
    {0x061,0xF7,    0},    {0x081,0x14,    0},    {0x0E1,0x02,    0},    {0x0C1,0x3E,    0},
    {0x044,0x09,    0},    {0x0A1,0x23,    0},    {0x0B1,0x2A,    0},    {0x045,0x3F,    0},
    {0x025,0x00,    0},    {0x065,0xF9,    0},    {0x085,0x06,    0},    {0x0E5,0x00,    1},
    {0x042,0x00,    0},    {0x022,0x00,    0},    {0x062,0xFA,    0},    {0x082,0x47,    0},
    {0x0C2,0x36,    0},    {0x045,0x0D,    0},    {0x0A2,0xDA,    0},    {0x0B2,0x26,    0},
    {0x043,0x3F,    0},    {0x023,0x01,    0},    {0x063,0xB8,    0},    {0x083,0x44,    0},
    {0x0E3,0x01,    0},    {0x040,0x90,    0},    {0x020,0x04,    0},    {0x060,0xE2,    0},
    {0x080,0xE6,    0},    {0x0C0,0x3E,    0},    {0x043,0x07,    0},    {0x0B0,0x36,    1},
    {0x0B8,0x0B,    0},    {0x04B,0x3F,    0},    {0x02B,0x51,    0},    {0x06B,0xF0,    0},
    {0x08B,0xFF,    0},    {0x0EB,0x01,    0},    {0x048,0x06,    0},    {0x028,0x10,    0},
    {0x068,0xF1,    0},    {0x0C3,0x32,    0},    {0x04B,0x0A,    0},    {0x0A3,0x65,    0},
    {0x0B3,0x33,    0},    {0x04D,0x3F,    0},    {0x02D,0x00,    0},    {0x06D,0x00,    0},
    {0x08D,0xF0,    0},    {0x04A,0x3F,    0},    {0x02A,0x00,    0},    {0x06A,0x00,    1},
    {0x08A,0xF0,    0},    {0x0C5,0x30,    0},    {0x04D,0x07,    0},    {0x0A5,0xB1,    0},
    {0x0B5,0x2A,    0},    {0x053,0x3F,    0},    {0x033,0x00,    0},    {0x073,0xF7,    0},
    {0x093,0xFA,    0},    {0x0F3,0x00,    0},    {0x050,0x00,    0},    {0x030,0x06,    0},
    {0x070,0xAA,    0},    {0x0C6,0x3E,    0},    {0x053,0x07,    0},    {0x0A6,0xB1,    0},
    {0x0B6,0x2A,   17},    {0x0B2,0x06,    7},    {0x0B1,0x0A,    0},    {0x0B0,0x16,    7},
    {0x0B5,0x0A,    0},    {0x0B6,0x0A,   29},    {0x0B7,0x16,    0},    {0x055,0x3F,    0},
    {0x052,0x0D,    0},    {0x0C8,0x3C,    0},    {0x055,0x0B,    0},    {0x0A8,0x8B,    0},
    {0x0B8,0x36,    7},    {0x0B3,0x13,    0},    {0x045,0x3F,    0},    {0x025,0x51,    0},
    {0x065,0xF0,    0},    {0x085,0xFF,    0},    {0x0E5,0x01,    0},    {0x042,0x06,    0},
    {0x022,0x10,    0},    {0x062,0xF1,    0},    {0x082,0xFF,    0},    {0x0C2,0x32,    0},
    {0x045,0x0B,    0},    {0x0A2,0x04,    0},    {0x0B2,0x36,   64},    {0x0B8,0x16,    0},
    {0x044,0x3F,    0},    {0x024,0x51,    0},    {0x064,0xF0,    0},    {0x084,0xFF,    0},
    {0x0E4,0x01,    0},    {0x041,0x0D,    0},    {0x021,0x10,    0},    {0x061,0xF1,    1},
    {0x081,0xFF,    0},    {0x0E1,0x00,    0},    {0x0C1,0x3C,    0},    {0x044,0x0A,    0},
    {0x0A1,0x65,    0},    {0x0B1,0x33,    0},    {0x0B4,0x07,    6},    {0x0B2,0x16,    0},
    {0x043,0x3F,    0},    {0x023,0x51,    0},    {0x063,0xF0,    0},    {0x083,0xFF,    1},
    {0x040,0x06,    0},    {0x020,0x10,    0},    {0x060,0xF1,    0},    {0x080,0xFF,    0},
    {0x0C0,0x32,    0},    {0x043,0x0A,    0},    {0x0A0,0x8B,    0},    {0x0B0,0x32,   56},
    {0x0B1,0x13,    0},    {0x04D,0x3F,    0},    {0x02D,0x51,    1},    {0x06D,0xF0,    0},
    {0x08D,0xFF,    0},    {0x0ED,0x01,    0},    {0x04A,0x0D,    0},    {0x02A,0x10,    0},
    {0x06A,0xF1,    0},    {0x08A,0xFF,    0},    {0x0C5,0x3C,    0},    {0x04D,0x0C,    0},
    {0x0A5,0x8B,    0},    {0x0B5,0x32,    7},    {0x0B0,0x12,    0},    {0x053,0x3F,    0},
    {0x033,0x51,    0},    {0x073,0xF0,    0},    {0x093,0xFF,    0},    {0x0F3,0x01,    0},
    {0x050,0x06,    0},    {0x030,0x10,    0},    {0x070,0xF1,    0},    {0x0C6,0x32,    0},
    {0x053,0x0C,    0},    {0x0A6,0x04,    0},    {0x0B6,0x32,   64},    {0x0B5,0x12,    0},
    {0x0B7,0x36,    7},    {0x0B6,0x12,    0},    {0x0B3,0x33,   57},    {0x0B7,0x16,    0},
    {0x055,0x0C,    0},    {0x0A8,0x65,    0},    {0x0B8,0x33,    7},    {0x0B3,0x13,    0},
    {0x04C,0x3F,    0},    {0x02C,0x51,    0},    {0x06C,0xF0,    0},    {0x08C,0xFF,    0},
    {0x0EC,0x01,    1},    {0x049,0x06,    0},    {0x029,0x10,    0},    {0x069,0xF1,    0},
    {0x089,0xFF,    0},    {0x0C4,0x32,    0},    {0x04C,0x0C,    0},    {0x0A4,0x8B,    0},
    {0x0B4,0x32,   64},    {0x0B8,0x13,    0},    {0x045,0x3F,    0},    {0x042,0x0D,    0},
    {0x0C2,0x3C,    0},    {0x045,0x09,    0},    {0x0A2,0x8B,    0},    {0x0B2,0x36,    7},
    {0x0B4,0x12,    0},    {0x044,0x3F,    0},    {0x041,0x06,    0},    {0x0C1,0x32,    0},
    {0x044,0x09,    0},    {0x0A1,0x04,    0},    {0x0B1,0x36,   57},    {0x0B2,0x16,    0},
    {0x043,0x3F,    0},    {0x040,0x0D,    0},    {0x0C0,0x3C,    0},    {0x043,0x0C,    0},
    {0x0A0,0x04,    0},    {0x0B0,0x36,    7},    {0x0B1,0x16,    0},    {0x04D,0x3F,    0},
    {0x04A,0x06,    0},    {0x0C5,0x32,    0},    {0x04D,0x0C,    1},    {0x0A5,0x65,    0},
    {0x0B5,0x33,   63},    {0x0B0,0x16,    0},    {0x053,0x3F,    0},    {0x050,0x0D,    1},
    {0x0C6,0x3C,    0},    {0x053,0x0A,    0},    {0x0A6,0x8B,    0},    {0x0B6,0x36,    6},
    {0x0B5,0x13,    0},    {0x054,0x3F,    1},    {0x051,0x06,    0},    {0x0C7,0x32,    0},
    {0x054,0x0A,    0},    {0x0B7,0x36,   64},    {0x0B6,0x16,    0},    {0x04B,0x3F,    0},
    {0x048,0x0D,    0},    {0x0C3,0x3C,    0},    {0x04B,0x0C,    0},    {0x0A3,0x04,    0},
    {0x0B3,0x36,    0},    {0x0B7,0x16,    0},    {0x055,0x3F,    1},    {0x052,0x06,    0},
    {0x0C8,0x32,    0},    {0x055,0x0C,    0},    {0x0B8,0x33,   63},    {0x0B3,0x16,    0},
    {0x04C,0x3F,    0},    {0x049,0x0D,    0},    {0x0C4,0x3C,    0},    {0x04C,0x0A,    0},
    {0x0A4,0x65,    1},    {0x0B4,0x33,    6},    {0x0B8,0x13,    0},    {0x045,0x3F,    0},
    {0x042,0x06,    1},    {0x0C2,0x32,    0},    {0x045,0x0A,    0},    {0x0B2,0x32,   63},
    {0x0B4,0x13,    0},    {0x044,0x3F,    1},    {0x041,0x0D,    0},    {0x0C1,0x3C,    0},
    {0x044,0x0C,    0},    {0x0A1,0x8B,    0},    {0x0B1,0x32,    0},    {0x0B2,0x12,    0},
    {0x043,0x3F,    0},    {0x040,0x06,    0},    {0x0C0,0x32,    1},    {0x043,0x0C,    0},
    {0x0B0,0x32,   63},    {0x0B1,0x12,    0},    {0x04D,0x3F,    0},    {0x04A,0x0D,    0},
    {0x0C5,0x3C,    0},    {0x04D,0x0A,    0},    {0x0A5,0x04,    0},    {0x0B5,0x36,    7},
    {0x0B0,0x12,    0},    {0x053,0x3F,    0},    {0x050,0x06,    0},    {0x0C6,0x32,    0},
    {0x053,0x0A,    0},    {0x0A6,0x65,    0},    {0x0B6,0x33,   64},    {0x0B5,0x16,    0},
    {0x054,0x3F,    0},    {0x051,0x0D,    1},    {0x0C7,0x3C,    0},    {0x054,0x0C,    0},
    {0x0A7,0x8B,    0},    {0x0B7,0x36,    6},    {0x0B6,0x13,    0},    {0x04B,0x3F,    0},
    {0x048,0x06,    1},    {0x0C3,0x32,    0},    {0x04B,0x0C,    0},    {0x0B3,0x36,   56},
    {0x0B7,0x16,    0},    {0x055,0x3F,    1},    {0x052,0x0D,    0},    {0x0C8,0x3C,    0},
    {0x055,0x09,    0},    {0x0B8,0x37,    6},    {0x0B3,0x16,    1},    {0x04C,0x3F,    0},
    {0x049,0x06,    0},    {0x0C4,0x32,    0},    {0x04C,0x09,    0},    {0x0A4,0x8B,    0},
    {0x0B4,0x36,   64},    {0x0B8,0x17,    0},    {0x045,0x3F,    0},    {0x042,0x0D,    0},
    {0x0C2,0x3C,    0},    {0x045,0x0C,    0},    {0x0A2,0x04,    0},    {0x0B2,0x3A,    7},
    {0x0B4,0x16,    0},    {0x044,0x3F,    0},    {0x041,0x06,    0},    {0x0C1,0x32,    0},
    {0x044,0x0C,    0},    {0x0A1,0x65,    1},    {0x0B1,0x37,    0},
};

#define opl_doom_setup_song_count ((uint32_t)(sizeof(opl_doom_setup_song)/sizeof(opl_doom_setup_song[0])))
#define opl_doom_setup_song_total_ms 52296u

#endif
