/* Auto-generated by tools/dro2hdr --hs=13l4 from C:\silixcon-devel\opl\songs\OPL_NATiON.dro.
 * heatshrink-packed DRO v2 payload.
 * Register writes : 36813
 * Total length    : 274780 ms (274.8 s)
 * Plain DRO size  : 73768 bytes
 * Packed size     : 16708 bytes (22.6%)
 * Decoder RAM     : 8192 bytes (window) + ~40 bytes state
 * Do not edit.
 */
#ifndef opl_nation_H
#define opl_nation_H

#include "opl_song_hs.h"

static const uint8_t opl_nation_hs_data[];   /* defined below */

static const opl_song_hs opl_nation = {
    .hs_data      = opl_nation_hs_data,
    .hs_len       = 16708u,
    .total_ms     = 274780u,
    .codemap_len  = 116,
    .short_code   = 0xFE,
    .long_code    = 0xFF,
    .hs_window    = 13,
    .hs_lookahead = 4,
};

static const uint8_t opl_nation_hs_data[] = {
    0xA2, 0x50, 0xAA, 0x54, 0x1A, 0xBD, 0x3E, 0xA1, 0x4C, 0x81, 0x00, 0x16, 0x5C, 0xDC, 0x7C, 0x02,
    0x01, 0x5C, 0x98, 0xC1, 0x20, 0x10, 0x18, 0x04, 0x03, 0xFD, 0xFF, 0xBA, 0x41, 0x30, 0x18, 0x1C,
    0x16, 0x0F, 0x09, 0x85, 0xC3, 0x61, 0xF1, 0x18, 0x9C, 0x56, 0x2F, 0x19, 0x8D, 0xC8, 0x64, 0x72,
    0x59, 0x3C, 0xA6, 0x56, 0x03, 0x08, 0xA0, 0x50, 0xE4, 0x12, 0x3B, 0x05, 0x8F, 0x81, 0x49, 0xA6,
    0x5A, 0x6D, 0x9C, 0x4A, 0x0D, 0x12, 0x43, 0x24, 0xB0, 0xD9, 0x3C, 0x9C, 0x1A, 0x55, 0x36, 0x55,
    0x2D, 0xB5, 0x5B, 0x78, 0xBB, 0x0D, 0x06, 0xD3, 0x49, 0xB1, 0xD0, 0xED, 0x74, 0xB4, 0x2A, 0x2C,
    0x8A, 0x4B, 0x62, 0xB2, 0xF0, 0xB6, 0x5A, 0x2A, 0x45, 0x2E, 0x51, 0x2B, 0xB4, 0x5A, 0xF8, 0x7B,
    0x3D, 0x1F, 0x8E, 0xA1, 0x53, 0x98, 0x4C, 0xEE, 0x17, 0x3E, 0x35, 0x46, 0xA9, 0x31, 0x9A, 0x5C,
    0x6E, 0x9C, 0x7D, 0xB6, 0x9B, 0x6F, 0xA7, 0xA9, 0x55, 0x66, 0x53, 0x5B, 0x95, 0xD7, 0x91, 0xB8,
    0xD4, 0x4A, 0x65, 0x9E, 0x8F, 0x07, 0xCF, 0xE5, 0xEA, 0xF6, 0xFB, 0x3E, 0x9F, 0x5F, 0x2C, 0x02,
    0xC1, 0x01, 0xFF, 0xC0, 0xBF, 0xF0, 0x3F, 0xFC, 0x13, 0xFF, 0x05, 0xFF, 0xC1, 0xBF, 0xF0, 0x7F,
    0xFC, 0x23, 0xFF, 0x09, 0xFF, 0xC2, 0xBF, 0xF0, 0xBF, 0xFC, 0x33, 0xFF, 0x0D, 0xFF, 0xC3, 0xBF,
    0xF0, 0xFF, 0xFC, 0x43, 0xFF, 0x11, 0xFF, 0xC4, 0xBF, 0xF1, 0x3F, 0xFC, 0x53, 0xFF, 0x15, 0x90,
    0x45, 0xA8, 0x1F, 0xEB, 0x1C, 0x5E, 0x7F, 0x18, 0x9F, 0xC6, 0x78, 0x31, 0xAF, 0x04, 0x6F, 0x63,
    0x1C, 0x89, 0x40, 0x6A, 0x70, 0x4B, 0xA4, 0x76, 0x6D, 0x17, 0xA7, 0xC6, 0x20, 0x11, 0xE9, 0xFC,
    0x7E, 0x7F, 0x20, 0xD4, 0x48, 0x7A, 0xD0, 0xAA, 0x64, 0x36, 0x9F, 0x22, 0x98, 0x47, 0xA1, 0x71,
    0xF8, 0x04, 0x8E, 0x7F, 0x24, 0x9F, 0xC9, 0x64, 0x92, 0x68, 0x2C, 0x9F, 0x6B, 0x28, 0xEA, 0xC0,
    0xAA, 0x90, 0x5C, 0x2C, 0xA6, 0x03, 0x2A, 0x9F, 0x48, 0xE0, 0x12, 0x4A, 0x04, 0xAE, 0x7F, 0x2C,
    0x9F, 0xCB, 0x60, 0xF2, 0xE8, 0x94, 0xBF, 0xE5, 0x30, 0xF9, 0x42, 0xEC, 0x10, 0xEB, 0x94, 0xC6,
    0x71, 0x2B, 0xA7, 0xCB, 0x20, 0x13, 0x29, 0x54, 0xCE, 0x83, 0x34, 0x96, 0xCD, 0x6A, 0xF3, 0x69,
    0x34, 0xDE, 0x83, 0x38, 0x95, 0x4E, 0x68, 0x3F, 0xEB, 0xAC, 0xEA, 0x7F, 0x3B, 0x9F, 0xCF, 0x20,
    0xF3, 0xD8, 0x94, 0xFB, 0xE5, 0x3F, 0xF9, 0x40, 0xEC, 0x10, 0x6B, 0x95, 0x02, 0x71, 0x3A, 0xA7,
    0xCE, 0xE0, 0x14, 0x19, 0x35, 0x0A, 0x83, 0xFF, 0x80, 0xFF, 0xA9, 0x73, 0x48, 0x04, 0xD2, 0x5B,
    0xFE, 0xBA, 0x80, 0x0B, 0xE0, 0x02, 0xA8, 0x03, 0xE5, 0xC1, 0xA1, 0xCF, 0xE8, 0x93, 0xF0, 0x02,
    0xDC, 0x01, 0xFF, 0x00, 0xAF, 0x20, 0x1F, 0xEE, 0xB0, 0x01, 0xA9, 0xEA, 0x00, 0x14, 0xE7, 0x10,
    0x09, 0xC4, 0x9B, 0xFD, 0xEA, 0x01, 0xE5, 0x23, 0x13, 0xD9, 0x74, 0xFB, 0x7F, 0x3F, 0xC8, 0xC0,
    0xE8, 0x50, 0x68, 0xC5, 0x02, 0x61, 0x3A, 0x80, 0x00, 0xF2, 0x40, 0x3D, 0x90, 0x05, 0xB0, 0x02,
    0x3F, 0x80, 0xF3, 0x54, 0x59, 0x05, 0x1A, 0x59, 0x47, 0x8E, 0xD2, 0x3F, 0xD0, 0x99, 0x1C, 0x32,
    0x47, 0x49, 0x9B, 0x50, 0xE0, 0x14, 0x48, 0x05, 0x2A, 0x55, 0x4B, 0xA0, 0x80, 0xC6, 0xB3, 0xB8,
    0x0F, 0xFA, 0xEB, 0x3B, 0x81, 0x00, 0x06, 0x50, 0x30, 0x00, 0xCA, 0x08, 0x01, 0x9A, 0xCE, 0xE0,
    0xC0, 0x03, 0xB4, 0x20, 0x00, 0x76, 0x85, 0x00, 0x0E, 0xD0, 0xD0, 0x01, 0xDA, 0x1D, 0xFE, 0x89,
    0xCE, 0xE1, 0xE0, 0x01, 0x94, 0x40, 0x00, 0x32, 0x88, 0x80, 0x06, 0x51, 0x20, 0x00, 0xCA, 0x26,
    0x00, 0x19, 0x45, 0x00, 0x03, 0x28, 0xA8, 0x00, 0x65, 0x16, 0x00, 0x0C, 0xA2, 0xE0, 0x01, 0x94,
    0x60, 0x00, 0x32, 0x8C, 0x80, 0x06, 0x51, 0xA0, 0x00, 0xCA, 0x36, 0x00, 0x19, 0x47, 0x00, 0x03,
    0x28, 0xE8, 0x00, 0x65, 0x1E, 0x00, 0x0C, 0xA3, 0xFF, 0xE8, 0x98, 0x09, 0x69, 0x20, 0x00, 0x2C,
    0xA4, 0x20, 0x01, 0x94, 0x88, 0x00, 0x32, 0x91, 0x80, 0x06, 0x52, 0x40, 0x00, 0xCA, 0x4A, 0x00,
    0x19, 0x49, 0x80, 0x03, 0x29, 0x38, 0x00, 0x65, 0x28, 0x00, 0x0C, 0xA5, 0x20, 0x01, 0x94, 0xA8,
    0x00, 0x32, 0x95, 0x80, 0x66, 0xD2, 0xC0, 0x02, 0xCA, 0x5A, 0x00, 0x19, 0x4B, 0x80, 0x03, 0x29,
    0x78, 0x00, 0x65, 0x30, 0x00, 0x0C, 0xA6, 0x3F, 0xE8, 0x98, 0x40, 0xE9, 0x21, 0x8D, 0x48, 0xE3,
    0x72, 0x38, 0xE6, 0x46, 0x03, 0x78, 0x82, 0x56, 0xE9, 0x90, 0x28, 0xEC, 0xE2, 0x2F, 0x02, 0x8C,
    0x03, 0xEE, 0xBC, 0x19, 0x37, 0x82, 0x4F, 0xB1, 0x94, 0x44, 0xA0, 0x55, 0x38, 0x2D, 0xD2, 0x53,
    0x00, 0x95, 0x4D, 0xA4, 0x74, 0xF9, 0x24, 0x02, 0x9B, 0x3F, 0xA7, 0x4F, 0xE9, 0xF7, 0x1A, 0x86,
    0x86, 0xA3, 0x71, 0xA9, 0x50, 0xA1, 0xF1, 0x18, 0x94, 0x56, 0xA7, 0x36, 0xA6, 0xE2, 0xE9, 0xD4,
    0x0A, 0xA4, 0xFE, 0xAB, 0x3F, 0xAB, 0x5C, 0x6A, 0xFA, 0x1A, 0xC5, 0xC6, 0xB3, 0x42, 0x88, 0x44,
    0x62, 0x71, 0x5A, 0xD4, 0xDA, 0xA9, 0x8B, 0xAA, 0xD0, 0x26, 0x41, 0x07, 0x90, 0x0F, 0x67, 0x36,
    0x80, 0x4D, 0xA5, 0x40, 0xC9, 0x94, 0xAA, 0xB7, 0x2D, 0xAE, 0x6C, 0x2B, 0xB2, 0xEA, 0xF0, 0x42,
    0xBE, 0x10, 0xAC, 0x83, 0x36, 0x61, 0x0A, 0xF8, 0x33, 0x7E, 0x0C, 0xD9, 0x51, 0x20, 0x20, 0x07,
    0xAD, 0x10, 0x18, 0x32, 0xA2, 0x03, 0x06, 0x54, 0x40, 0x60, 0xCA, 0x88, 0x0B, 0xF9, 0x51, 0x01,
    0x7B, 0x2A, 0x24, 0x28, 0x01, 0xB6, 0x86, 0x80, 0x67, 0x34, 0x40, 0x5E, 0xCA, 0x88, 0x0B, 0xD9,
    0x51, 0x01, 0x7B, 0x2A, 0x20, 0x2F, 0x65, 0x44, 0x05, 0xEC, 0xA8, 0x80, 0xBD, 0x90, 0x03, 0x68,
    0x0B, 0xF9, 0x51, 0x01, 0x7F, 0x2A, 0x20, 0x2F, 0xE5, 0x44, 0x05, 0xFC, 0xA8, 0x80, 0xBF, 0x95,
    0x10, 0x17, 0xF2, 0x00, 0x6D, 0x01, 0x83, 0x2A, 0x20, 0x30, 0x65, 0x44, 0x06, 0x0C, 0xA8, 0x80,
    0xC1, 0x95, 0x10, 0x18, 0x32, 0xA2, 0x03, 0x06, 0x54, 0x40, 0x5F, 0xCA, 0x88, 0x0B, 0xF9, 0x51,
    0x01, 0x7F, 0x2A, 0x20, 0x2F, 0xE5, 0x44, 0x05, 0xFC, 0xA8, 0x80, 0xBF, 0x95, 0x10, 0x17, 0xF2,
    0xA2, 0x02, 0xFE, 0x54, 0x40, 0x5F, 0xCA, 0x88, 0x0B, 0xF9, 0x51, 0x01, 0x7F, 0x2A, 0x20, 0x2F,
    0xE5, 0x44, 0x05, 0xEC, 0xA8, 0x80, 0xBD, 0x95, 0x10, 0x17, 0xB2, 0xA2, 0x02, 0xF6, 0x54, 0x40,
    0x5E, 0xCA, 0x88, 0x0B, 0xD9, 0x52, 0x80, 0xAB, 0x5F, 0x50, 0x24, 0xE5, 0x26, 0x0A, 0xDF, 0xC2,
    0xB7, 0xF0, 0xAD, 0xFC, 0x00, 0x5F, 0x0C, 0x97, 0x02, 0xA1, 0xF0, 0xA8, 0x7C, 0x2A, 0x16, 0xAE,
    0xC0, 0x01, 0x8D, 0x29, 0x00, 0x54, 0xFE, 0x15, 0x3F, 0x85, 0x4F, 0xE1, 0x53, 0xED, 0x7E, 0x7F,
    0x60, 0x9F, 0xD8, 0x6E, 0x36, 0x2D, 0x0D, 0x8E, 0xE3, 0x64, 0xA1, 0x44, 0x62, 0x31, 0x48, 0xAD,
    0x96, 0x6D, 0x5F, 0xC5, 0xD8, 0x28, 0x00, 0x2C, 0x94, 0xB6, 0xBD, 0xB0, 0xB3, 0x4B, 0xAC, 0xF4,
    0x10, 0xB1, 0xFC, 0x2C, 0x7F, 0x0B, 0x1F, 0xC2, 0xC7, 0x31, 0x1C, 0xFC, 0x47, 0x37, 0x09, 0x1C,
    0xC2, 0xE3, 0xF0, 0xB8, 0xEE, 0x6D, 0x0A, 0x0B, 0x97, 0xC2, 0xE5, 0x71, 0x11, 0xCE, 0x8B, 0xC1,
    0xA3, 0x78, 0x28, 0xFB, 0x1A, 0x44, 0x4A, 0x13, 0x53, 0x86, 0x5D, 0x28, 0x74, 0xFA, 0x20, 0x9D,
    0x69, 0x68, 0x99, 0x5A, 0x62, 0x32, 0x0F, 0xC4, 0x87, 0xEB, 0x0A, 0xFF, 0xC3, 0x6F, 0xF2, 0x29,
    0xF4, 0x7A, 0x89, 0x1F, 0x80, 0x52, 0x83, 0xE7, 0x20, 0xAD, 0xDA, 0x4D, 0x35, 0xA0, 0x85, 0x73,
    0x10, 0x0A, 0xDC, 0xC4, 0x12, 0xD4, 0xA0, 0xD9, 0xA0, 0x16, 0x69, 0x90, 0x57, 0xFE, 0x15, 0xFF,
    0x80, 0x76, 0x60, 0xA6, 0xA0, 0x00, 0xBE, 0x00, 0x29, 0x03, 0x46, 0xD2, 0x60, 0x11, 0xCE, 0xCF,
    0x87, 0x00, 0x35, 0xC0, 0x27, 0xF0, 0x0B, 0x60, 0x1F, 0x15, 0x08, 0x54, 0x82, 0x23, 0x69, 0x30,
    0x44, 0x66, 0x01, 0xD9, 0x4D, 0x6C, 0xF5, 0x70, 0x8A, 0x7C, 0x22, 0x9F, 0x01, 0x2F, 0xC0, 0x85,
    0xF0, 0x21, 0x5A, 0x6B, 0x67, 0xC0, 0x84, 0x5F, 0xE0, 0x11, 0xA8, 0x45, 0xED, 0x26, 0x08, 0xBD,
    0xA4, 0xC2, 0x68, 0xB4, 0x98, 0x22, 0x96, 0x93, 0x04, 0x53, 0xE1, 0x14, 0xF8, 0x45, 0x3E, 0x10,
    0x4F, 0x84, 0x13, 0x52, 0x60, 0x82, 0x7C, 0x4D, 0x1F, 0x07, 0xB7, 0xC0, 0x33, 0x40, 0x7A, 0xFC,
    0x1E, 0xB6, 0x06, 0xF5, 0xC1, 0xB7, 0xA9, 0x90, 0x26, 0x2C, 0x0D, 0xBF, 0x83, 0x6F, 0xE0, 0x95,
    0xF8, 0x26, 0x3E, 0x00, 0x3D, 0x00, 0x43, 0xE0, 0x02, 0xC7, 0xAA, 0xC1, 0x44, 0x07, 0x6D, 0x46,
    0x8B, 0x40, 0x03, 0xCE, 0x81, 0x60, 0xA2, 0x03, 0x7B, 0xD3, 0x2B, 0x3D, 0x04, 0x1B, 0xDF, 0x06,
    0xF7, 0xC0, 0x57, 0xF0, 0x22, 0xFC, 0x05, 0x53, 0x09, 0x1E, 0x24, 0x00, 0xE0, 0xF8, 0x38, 0x3E,
    0x0E, 0x0F, 0x83, 0x83, 0xE0, 0xE0, 0xF8, 0x38, 0x3E, 0x0E, 0x0A, 0x86, 0x1A, 0x52, 0x60, 0x71,
    0x7C, 0x1C, 0x5F, 0x07, 0x17, 0xC1, 0xC5, 0x30, 0xDF, 0x52, 0x01, 0x46, 0x82, 0xD1, 0xEE, 0x74,
    0x8B, 0xA4, 0x26, 0xCD, 0x0C, 0xB3, 0x0E, 0x9A, 0x90, 0x0A, 0x54, 0xB6, 0x97, 0xB0, 0x07, 0x7F,
    0xC1, 0xDF, 0xF0, 0x77, 0xFC, 0x1D, 0xF3, 0xB0, 0x50, 0x00, 0x3B, 0x29, 0x75, 0x2E, 0x82, 0x0F,
    0x3B, 0x81, 0x2A, 0x61, 0xD1, 0xD8, 0x2B, 0xEC, 0x0F, 0x5F, 0x83, 0xD7, 0x5F, 0xEB, 0xA8, 0x7C,
    0xA6, 0x00, 0x2A, 0x4B, 0x80, 0x0B, 0x50, 0x6A, 0x54, 0x41, 0x14, 0x80, 0x5A, 0x60, 0x04, 0x80,
    0xE8, 0x04, 0xA6, 0x00, 0xF9, 0x00, 0x5E, 0x40, 0x02, 0xA8, 0x86, 0xFE, 0x21, 0xBC, 0x83, 0x42,
    0xA0, 0x22, 0xF8, 0x08, 0xBE, 0x01, 0x4B, 0x4A, 0x80, 0x6F, 0x60, 0x12, 0x7C, 0x02, 0x97, 0x02,
    0x3C, 0x80, 0xA5, 0x40, 0x01, 0x4C, 0x00, 0xFB, 0x02, 0xD7, 0xC0, 0xB5, 0xF0, 0x1B, 0xFC, 0x0B,
    0x5F, 0x01, 0xAF, 0xC0, 0xB5, 0xF0, 0x11, 0x7C, 0x0B, 0x5F, 0x02, 0xD7, 0xC0, 0xB5, 0xF0, 0x23,
    0xFC, 0x04, 0x99, 0x00, 0xFF, 0xC0, 0x3F, 0xF9, 0x70, 0x64, 0xB6, 0x18, 0xFF, 0x86, 0x3E, 0xE0,
    0x23, 0x98, 0x38, 0x70, 0x08, 0x3F, 0x80, 0xEF, 0xE0, 0x83, 0xF8, 0x20, 0xFE, 0x08, 0x3F, 0x82,
    0x0F, 0xE0, 0x22, 0xF8, 0x20, 0xFE, 0x02, 0x4F, 0x82, 0x0F, 0xE0, 0x24, 0xF8, 0x20, 0xFE, 0x01,
    0xFF, 0x83, 0xFB, 0xF2, 0xA0, 0xF5, 0x4C, 0x01, 0x13, 0x0F, 0x64, 0xC0, 0xA3, 0x70, 0xF8, 0x5C,
    0x05, 0xFF, 0x02, 0xA7, 0x43, 0xFB, 0x69, 0x50, 0x7F, 0x66, 0x03, 0x4F, 0x81, 0xE7, 0xA2, 0x0A,
    0x98, 0x09, 0x7E, 0x02, 0x5F, 0x08, 0x5E, 0x40, 0x5B, 0xB8, 0x86, 0x7E, 0x21, 0x9B, 0x8F, 0x66,
    0x90, 0xF9, 0x34, 0x3E, 0x4F, 0xB0, 0x94, 0x6E, 0x20, 0x46, 0x41, 0x94, 0xA6, 0x06, 0x3D, 0x89,
    0x40, 0x03, 0x9B, 0x29, 0x6C, 0xDE, 0xAE, 0x22, 0x7F, 0x88, 0x9E, 0xE0, 0x4B, 0xF8, 0x20, 0x3A,
    0x01, 0xD9, 0x88, 0xDB, 0xE2, 0x36, 0xB8, 0x15, 0xFE, 0x05, 0x7A, 0x81, 0x3E, 0x82, 0x41, 0xF8,
    0x90, 0x6C, 0x05, 0xF9, 0x80, 0xA2, 0x82, 0x38, 0xF8, 0x8E, 0x33, 0x2A, 0x11, 0xC7, 0xC4, 0x71,
    0x70, 0x29, 0xFC, 0x2B, 0x1C, 0x09, 0xF5, 0x83, 0x9B, 0xF0, 0x80, 0xFC, 0x15, 0x7F, 0x0A, 0x4F,
    0xC0, 0x5F, 0xF0, 0xA4, 0xFC, 0x04, 0x5F, 0x0A, 0x4F, 0xC2, 0x53, 0xF0, 0x2A, 0x7C, 0x45, 0x1F,
    0x02, 0xD7, 0xC0, 0xB5, 0xF0, 0x1B, 0xFC, 0x0B, 0x5F, 0x02, 0xD7, 0xC0, 0xB5, 0xF0, 0x2D, 0x7C,
    0x04, 0x5F, 0x02, 0xD7, 0xC0, 0x49, 0xF0, 0xD2, 0x7C, 0x04, 0x9F, 0x0D, 0x27, 0xC0, 0x3F, 0xF1,
    0x14, 0x74, 0x0E, 0x9F, 0x03, 0xA7, 0xC0, 0x59, 0xF0, 0x3A, 0x7C, 0x05, 0xFF, 0x03, 0xA7, 0xC0,
    0x45, 0xF0, 0x3A, 0x7C, 0x0A, 0x9F, 0x01, 0x27, 0xC0, 0xE9, 0xF0, 0x12, 0x7C, 0x03, 0xFF, 0x00,
    0xFF, 0xC1, 0xCF, 0xF0, 0x39, 0x7C, 0x05, 0x5F, 0x03, 0x97, 0xC0, 0xE5, 0xF0, 0x39, 0x7C, 0x0E,
    0x5F, 0x01, 0x17, 0xC0, 0xE5, 0xCB, 0xA8, 0x6C, 0xE6, 0x02, 0x7F, 0x81, 0x57, 0xE0, 0x11, 0xD0,
    0x0A, 0x7E, 0x1E, 0x3A, 0x00, 0x9E, 0xA0, 0x12, 0x98, 0xC1, 0xA5, 0x29, 0x9C, 0xEC, 0x00, 0xA5,
    0x73, 0xAB, 0xD2, 0x49, 0x1A, 0x82, 0xC6, 0xF6, 0xB1, 0xCE, 0xAC, 0x06, 0xA9, 0x04, 0xC2, 0xD3,
    0x20, 0x31, 0xD9, 0xF4, 0x5E, 0x01, 0x18, 0xA0, 0x00, 0xDB, 0xE1, 0x01, 0xF8, 0x0E, 0x2A, 0x41,
    0x39, 0xCE, 0x68, 0x34, 0xEA, 0x0D, 0x56, 0x83, 0x60, 0x20, 0x87, 0xC8, 0x21, 0xCA, 0x75, 0x0A,
    0xAB, 0x42, 0xB0, 0x50, 0x80, 0x83, 0x5A, 0x75, 0x0E, 0xAB, 0x43, 0xB0, 0x50, 0xC1, 0x55, 0x5A,
    0x75, 0x12, 0xAB, 0x44, 0xB0, 0x51, 0x01, 0x5B, 0x90, 0x14, 0xCE, 0x9D, 0x46, 0xAA, 0xD1, 0xAC,
    0x14, 0x60, 0x3D, 0x56, 0x9D, 0x48, 0xAA, 0xD2, 0x2C, 0x14, 0x80, 0x35, 0xFC, 0x12, 0xBF, 0xA7,
    0x52, 0xAA, 0xB4, 0xAB, 0x05, 0x28, 0x0D, 0x15, 0xA7, 0x53, 0x6A, 0xB4, 0xDB, 0x05, 0x34, 0x12,
    0xDF, 0x05, 0xF7, 0xC0, 0x5B, 0x4A, 0x75, 0x56, 0x9D, 0x60, 0xA7, 0x7F, 0xA2, 0x74, 0xEA, 0x7D,
    0x56, 0x9F, 0x60, 0xA7, 0x80, 0x0E, 0x55, 0x0A, 0xAD, 0x42, 0xC1, 0x50, 0x00, 0x1C, 0xAA, 0x35,
    0x5A, 0x8D, 0x82, 0xA2, 0x00, 0x39, 0x54, 0xAA, 0xB5, 0x2B, 0x05, 0x48, 0x00, 0x72, 0xA9, 0xD5,
    0x6A, 0x76, 0x0A, 0x98, 0xA4, 0x7E, 0x04, 0x1F, 0xD3, 0xAA, 0x95, 0x5A, 0xA5, 0x82, 0xA8, 0x01,
    0x69, 0x55, 0x6A, 0xB5, 0x5B, 0x05, 0x54, 0x00, 0x72, 0xAB, 0x55, 0x6A, 0xD6, 0x0A, 0xB0, 0x00,
    0xE5, 0x57, 0xAA, 0xD5, 0xEC, 0x15, 0x70, 0x01, 0xCA, 0xB1, 0x55, 0xAC, 0x58, 0x2B, 0x00, 0x03,
    0x95, 0x66, 0xAB, 0x59, 0xB0, 0x56, 0x45, 0x3F, 0x50, 0x0D, 0xCC, 0x08, 0x94, 0xAD, 0x55, 0x6B,
    0x56, 0x0A, 0xD0, 0x03, 0x65, 0x5B, 0xAA, 0xD6, 0xEC, 0x15, 0xB0, 0x01, 0xCA, 0xB9, 0x55, 0xAE,
    0x58, 0x2B, 0x80, 0x03, 0x95, 0x76, 0xAB, 0x5D, 0xB0, 0x57, 0x40, 0x07, 0x2A, 0xF5, 0x56, 0xBD,
    0x60, 0xAF, 0x00, 0x0E, 0x55, 0xFA, 0xAD, 0x7E, 0xC1, 0x5F, 0x28, 0xDD, 0x25, 0xB4, 0xEB, 0x05,
    0x56, 0xC1, 0x60, 0xB0, 0x00, 0x26, 0x56, 0x1A, 0xAD, 0x86, 0xC1, 0x61, 0x00, 0x1C, 0xAC, 0x55,
    0x5B, 0x15, 0x82, 0xC4, 0x00, 0x39, 0x58, 0xEA, 0xB6, 0x3B, 0x05, 0x8C, 0x00, 0x72, 0xB2, 0x55,
    0x6C, 0x96, 0x0B, 0x20, 0x00, 0xE5, 0x65, 0xAA, 0xD9, 0x6C, 0x16, 0x51, 0x5C, 0xFC, 0x23, 0xDF,
    0xA7, 0x59, 0xAA, 0xB6, 0x6B, 0x05, 0x98, 0x02, 0xD2, 0xB3, 0xD5, 0x6C, 0xF6, 0x0B, 0x38, 0x00,
    0xE5, 0x68, 0xAA, 0xDA, 0x2C, 0x16, 0x80, 0x01, 0xCA, 0xD3, 0x55, 0xB4, 0xD8, 0x2D, 0x20, 0x03,
    0x95, 0xAA, 0xAB, 0x6A, 0xB0, 0x5A, 0x80, 0x07, 0x2B, 0x5D, 0x56, 0xD7, 0x60, 0xB5, 0x81, 0x02,
    0xD6, 0xCA, 0xAD, 0xB2, 0xC1, 0x6C, 0x00, 0x4C, 0xAD, 0xB5, 0x5B, 0x6D, 0x82, 0xDA, 0x00, 0x39,
    0x5B, 0xAA, 0xB6, 0xEB, 0x05, 0xB8, 0x00, 0x72, 0xB7, 0xD5, 0x6D, 0xF6, 0x0B, 0x78, 0x00, 0xE5,
    0x70, 0xAA, 0xDC, 0x2C, 0x17, 0x00, 0x01, 0xCA, 0xE3, 0x55, 0xB8, 0xD8, 0x2E, 0x23, 0x18, 0xCD,
    0x3A, 0xE5, 0x55, 0xB9, 0x58, 0x2E, 0x40, 0x0B, 0x95, 0xCE, 0xAB, 0x73, 0xB0, 0x5C, 0xC0, 0x07,
    0x2B, 0xA5, 0x56, 0xE9, 0x60, 0xBA, 0x00, 0x0E, 0x57, 0x5A, 0xAD, 0xD6, 0xC1, 0x75, 0x00, 0x1C,
    0xAE, 0xD5, 0x5B, 0xB5, 0x82, 0xEC, 0x00, 0x39, 0x5D, 0xEA, 0xB7, 0x7B, 0x05, 0xDC, 0x06, 0xB6,
    0xBC, 0x55, 0x6F, 0x16, 0x0B, 0xC0, 0x02, 0x65, 0x79, 0xAA, 0xDE, 0x6C, 0x17, 0x90, 0x01, 0xCA,
    0xF5, 0x55, 0xBD, 0x58, 0x2F, 0x40, 0x03, 0x95, 0xEE, 0xAB, 0x7B, 0xB0, 0x5E, 0xC0, 0x07, 0x2B,
    0xE5, 0x56, 0xF9, 0x60, 0xBE, 0x00, 0x0E, 0x57, 0xDA, 0xAD, 0xF6, 0xC1, 0x7D, 0x01, 0xAD, 0x03,
    0x15, 0x8A, 0x75, 0xFA, 0xAB, 0x7E, 0xB0, 0x5F, 0x80, 0x1B, 0x2B, 0xFD, 0x56, 0xFF, 0x60, 0xBF,
    0xFF, 0xBA, 0xE0, 0x43, 0xBD, 0x6E, 0x23, 0x5D, 0x87, 0x59, 0xA2, 0x41, 0xEE, 0xF8, 0x68, 0xEA,
    0x1A, 0x6F, 0x83, 0xE3, 0xE1, 0xF3, 0xF8, 0x2B, 0x3E, 0x13, 0x4E, 0x80, 0x93, 0xE0, 0x24, 0xF8,
    0x7D, 0x72, 0x03, 0xEF, 0x80, 0xAF, 0xE2, 0x4D, 0xD0, 0x14, 0x7E, 0x02, 0xCF, 0x80, 0x9F, 0xE0,
    0x27, 0xF8, 0x87, 0xFE, 0x1E, 0x6A, 0x94, 0x4F, 0xE5, 0x13, 0xF9, 0x44, 0xFE, 0x09, 0x7F, 0x81,
    0x17, 0xE0, 0x97, 0xF8, 0x25, 0xFE, 0x09, 0x7F, 0x82, 0x5F, 0xE0, 0x24, 0xF8, 0x25, 0xFE, 0x03,
    0xEF, 0x80, 0xAF, 0xE0, 0x97, 0xF8, 0x0B, 0x3E, 0x30, 0x8F, 0x80, 0x97, 0xE0, 0x25, 0xF8, 0xAD,
    0x72, 0x30, 0xDA, 0x12, 0x02, 0x85, 0x29, 0xF9, 0x2D, 0x6E, 0x52, 0xB9, 0x00, 0x0E, 0x85, 0x2D,
    0xF8, 0x19, 0xFE, 0x52, 0xDC, 0x00, 0x5A, 0x85, 0x2F, 0xF8, 0x24, 0x3E, 0x52, 0xFF, 0x80, 0x9F,
    0xE0, 0x23, 0xB9, 0x4C, 0x74, 0x00, 0x7A, 0x14, 0xCF, 0xE5, 0x33, 0xB0, 0x03, 0x68, 0x52, 0x7F,
    0x94, 0x9F, 0xE0, 0x43, 0xF9, 0x49, 0xFE, 0x52, 0x7F, 0x8A, 0x57, 0xE5, 0x27, 0xF9, 0x49, 0xFE,
    0x52, 0x7B, 0x0C, 0xB2, 0x52, 0x22, 0x94, 0xFC, 0xA5, 0x3F, 0x29, 0x4F, 0xCA, 0x53, 0xF0, 0x2A,
    0xFC, 0xF1, 0x52, 0xE5, 0x0D, 0x63, 0xD2, 0x99, 0xCF, 0x28, 0x2E, 0x56, 0x1A, 0xAF, 0xC0, 0x2F,
    0x39, 0x48, 0x5C, 0xA5, 0x25, 0xA1, 0x72, 0x81, 0x3D, 0x40, 0x82, 0x48, 0x01, 0x13, 0x0B, 0x9F,
    0xC0, 0xDD, 0xF0, 0x5F, 0x62, 0x5A, 0x17, 0x3F, 0x81, 0x23, 0xE0, 0x12, 0xA0, 0x09, 0xF4, 0x02,
    0x4F, 0x80, 0x93, 0xE0, 0x16, 0xB0, 0x5C, 0xFE, 0x02, 0xBF, 0x81, 0xD2, 0xC1, 0x73, 0xD8, 0x07,
    0x26, 0x01, 0xAD, 0x82, 0x12, 0x98, 0x10, 0x42, 0x7E, 0x72, 0x95, 0x59, 0x00, 0x52, 0xE0, 0x7B,
    0xA6, 0x04, 0x0F, 0x7F, 0x01, 0xE7, 0xC0, 0xAD, 0xF0, 0x3D, 0xFC, 0x09, 0xFF, 0x03, 0xDF, 0xC0,
    0x49, 0xF0, 0x12, 0x7C, 0x0F, 0x7F, 0x03, 0xDF, 0xC0, 0x57, 0xF4, 0x3D, 0xD4, 0xEE, 0x9A, 0x23,
    0x6D, 0x00, 0x65, 0xF0, 0x19, 0x78, 0x05, 0xBF, 0x01, 0x6F, 0xC2, 0xE9, 0xA4, 0x45, 0xD0, 0x8E,
    0xFE, 0x0F, 0xED, 0x45, 0x0D, 0x3A, 0x11, 0x1E, 0xA4, 0x28, 0x7F, 0x82, 0x5F, 0xE0, 0x3F, 0xF8,
    0xA1, 0xFE, 0x03, 0xDF, 0x8A, 0x1F, 0xE0, 0x24, 0xF8, 0x09, 0x3E, 0x28, 0x7F, 0x81, 0xA7, 0xE0,
    0x2B, 0xF8, 0xA1, 0xFE, 0x02, 0xCF, 0x8A, 0x1F, 0xE0, 0x25, 0xF8, 0x09, 0x7E, 0x28, 0x7F, 0x82,
    0x23, 0xE0, 0x49, 0xF8, 0x0D, 0xBE, 0x08, 0x8F, 0x80, 0xE3, 0xE0, 0x8A, 0xF9, 0x67, 0xBE, 0x02,
    0x4F, 0x80, 0x87, 0x20, 0x8A, 0xF8, 0x0A, 0xFE, 0x06, 0x4F, 0x82, 0xDB, 0xE2, 0x5E, 0xF9, 0x65,
    0xF1, 0x00, 0x8D, 0x40, 0x23, 0x7F, 0x38, 0xE7, 0xCA, 0x03, 0x57, 0x82, 0x4D, 0xE9, 0x90, 0x38,
    0xEC, 0xEA, 0x2F, 0x05, 0x8C, 0x2D, 0xCF, 0x00, 0x20, 0xA8, 0x3B, 0x3E, 0x03, 0x5F, 0x80, 0x52,
    0x40, 0x37, 0xD0, 0x00, 0xAA, 0x7F, 0x89, 0xC9, 0xFE, 0x32, 0x8B, 0xB4, 0x0B, 0xE9, 0x05, 0xFA,
    0x4A, 0x60, 0x07, 0xF6, 0x97, 0x1C, 0x15, 0x1D, 0x99, 0x43, 0x80, 0x23, 0x64, 0x04, 0x70, 0x07,
    0x76, 0x01, 0x36, 0x80, 0x27, 0x80, 0x12, 0xFC, 0x07, 0x54, 0x06, 0xAD, 0x40, 0x47, 0xF0, 0x11,
    0xD4, 0x04, 0x39, 0x01, 0xBF, 0x00, 0x47, 0xF0, 0x1B, 0xD0, 0x0B, 0x3A, 0x01, 0x1F, 0x26, 0x50,
    0xE0, 0x10, 0x68, 0x09, 0x76, 0x03, 0x87, 0xC0, 0xE1, 0xF0, 0x2D, 0x70, 0x09, 0x5F, 0x04, 0xAF,
    0x80, 0x5F, 0x70, 0x12, 0xFC, 0x09, 0x9F, 0x0A, 0x0D, 0x40, 0x51, 0xF0, 0x39, 0xFC, 0x0E, 0x3F,
    0x04, 0xAF, 0xC0, 0x99, 0xF0, 0x5D, 0xFC, 0x09, 0x9B, 0x01, 0xC6, 0x80, 0x4D, 0xF0, 0x38, 0xD8,
    0x04, 0x5F, 0x04, 0xB7, 0xC1, 0x2D, 0x70, 0x38, 0xFC, 0x0E, 0x3F, 0x09, 0x95, 0x81, 0xC5, 0xF0,
    0x4B, 0xFC, 0x25, 0xBF, 0x01, 0x27, 0xC2, 0x5B, 0xF0, 0x13, 0x7C, 0x0E, 0x3F, 0x04, 0xBF, 0xC1,
    0x2F, 0xF0, 0x96, 0xFC, 0x17, 0x3F, 0x09, 0x6F, 0xC0, 0x47, 0xF0, 0x96, 0xFC, 0x04, 0x7F, 0x04,
    0xB7, 0xC2, 0x5B, 0xF0, 0x13, 0x7C, 0x25, 0xBF, 0x02, 0x57, 0xC1, 0x2B, 0xF0, 0x5D, 0xFC, 0x09,
    0x9F, 0x09, 0x6F, 0xC0, 0x51, 0xF0, 0x96, 0xFC, 0x0E, 0x3F, 0x04, 0xAF, 0xC0, 0x99, 0xF0, 0x5D,
    0xFC, 0x25, 0xBF, 0x01, 0x37, 0xC2, 0x5B, 0xF0, 0x4B, 0x7C, 0x12, 0xDF, 0x09, 0x6F, 0xC0, 0x4B,
    0xF0, 0x96, 0xFC, 0x09, 0x5F, 0x04, 0xBF, 0xC1, 0x79, 0xF0, 0x25, 0x7C, 0x1E, 0xBF, 0x01, 0x37,
    0xC2, 0x5B, 0xF0, 0x4B, 0xFC, 0x12, 0xFF, 0x02, 0x57, 0xC1, 0x73, 0xF0, 0x1B, 0xFC, 0x04, 0x7F,
    0x09, 0x6F, 0xC1, 0x2D, 0xF0, 0x4B, 0x7C, 0x25, 0xBF, 0x03, 0x87, 0xC1, 0xC1, 0xF0, 0x4A, 0xFC,
    0x25, 0xBF, 0x01, 0x2F, 0xC0, 0x99, 0xF0, 0x7A, 0x7C, 0x05, 0x1F, 0x09, 0x6F, 0xC0, 0x49, 0xF0,
    0x96, 0xFC, 0x09, 0x9F, 0x05, 0xDF, 0xC2, 0x5B, 0xF0, 0x13, 0x7C, 0x25, 0xBF, 0x04, 0xB7, 0xC1,
    0x2D, 0xF0, 0x38, 0xFC, 0x0E, 0x3F, 0x09, 0x6F, 0xC1, 0x2F, 0xF0, 0x96, 0xFC, 0x04, 0x9F, 0x09,
    0x6F, 0xC2, 0x5B, 0xF0, 0x38, 0xFC, 0x25, 0xBF, 0x01, 0x2F, 0xC2, 0x5B, 0xF0, 0x11, 0xFC, 0x25,
    0xBF, 0x09, 0x6F, 0xC0, 0xDD, 0xF0, 0x96, 0xFC, 0x12, 0xDF, 0x09, 0x6F, 0xC0, 0xE1, 0xF0, 0x38,
    0x7C, 0x1C, 0x1F, 0x04, 0xAF, 0xC2, 0x5B, 0xF0, 0x12, 0xFC, 0x09, 0x9F, 0x09, 0x6F, 0xC0, 0xE7,
    0xF0, 0x4A, 0xFC, 0x04, 0x9F, 0x09, 0x6F, 0xC0, 0x47, 0xF0, 0x5D, 0xFC, 0x25, 0xBF, 0x03, 0x8F,
    0xC1, 0x2D, 0xF0, 0x4B, 0x7C, 0x25, 0xBF, 0x03, 0x8F, 0xC2, 0x5B, 0xF0, 0x71, 0x51, 0xD1, 0xB4,
    0x80, 0xD1, 0xA0, 0x54, 0x7D, 0xA5, 0x23, 0x69, 0x09, 0xFF, 0xC3, 0x3F, 0xF6, 0xA8, 0x0D, 0x26,
    0x71, 0x43, 0xA5, 0x51, 0x20, 0x00, 0x33, 0xFC, 0x92, 0x01, 0x49, 0x99, 0x00, 0x72, 0x52, 0x69,
    0x94, 0x28, 0x0A, 0xD9, 0x27, 0x6D, 0x20, 0x31, 0xA8, 0x14, 0x6F, 0x69, 0x1C, 0xDA, 0x40, 0x7F,
    0xF0, 0x4F, 0xFD, 0xAE, 0x03, 0x4C, 0x80, 0x47, 0x67, 0x11, 0x7A, 0x54, 0x62, 0x00, 0xE8, 0xDD,
    0x01, 0x07, 0xE0, 0x41, 0xAC, 0x18, 0x01, 0x95, 0xA4, 0xCD, 0x80, 0x53, 0x50, 0x35, 0xFC, 0x06,
    0xF3, 0x95, 0xCF, 0xE5, 0x93, 0xF9, 0x6C, 0x4E, 0x5D, 0x08, 0x97, 0xFE, 0xE6, 0x1E, 0x88, 0x5F,
    0xFE, 0x1D, 0xFF, 0x98, 0xCE, 0x65, 0x78, 0x09, 0x64, 0x02, 0x93, 0x3A, 0x33, 0x05, 0x2A, 0xE6,
    0x30, 0xD8, 0x51, 0x6C, 0x03, 0x0E, 0x52, 0x66, 0x80, 0x2C, 0x9D, 0x2E, 0x82, 0x0B, 0xFB, 0x01,
    0x1E, 0x40, 0x31, 0xF8, 0x30, 0x29, 0x06, 0x02, 0x96, 0x40, 0xDF, 0x50, 0x2B, 0x7C, 0x04, 0xB3,
    0x2A, 0x9E, 0x4A, 0xE9, 0xF2, 0xBA, 0x54, 0x05, 0x7F, 0x01, 0x5D, 0x8B, 0x99, 0xF2, 0xB5, 0x70,
    0xD8, 0x1A, 0x2B, 0xE5, 0xC0, 0x57, 0xF0, 0x3A, 0xD4, 0xB9, 0x1A, 0x02, 0x67, 0xE4, 0x9C, 0x78,
    0xEC, 0xCA, 0x95, 0x0A, 0x01, 0x24, 0xE6, 0x70, 0x20, 0x08, 0x56, 0x3B, 0x38, 0x03, 0xA5, 0x40,
    0x73, 0xF0, 0x1C, 0xD4, 0x0A, 0x7F, 0x07, 0x4F, 0xC1, 0x29, 0x79, 0x9D, 0x04, 0x1B, 0xBF, 0x06,
    0xEF, 0xC1, 0xBB, 0xF0, 0x15, 0xFC, 0x1A, 0x5F, 0x06, 0x97, 0xC1, 0xA5, 0xF0, 0x69, 0x7C, 0x14,
    0xDF, 0x06, 0x97, 0xC0, 0x97, 0xF0, 0x69, 0x7C, 0x14, 0xDF, 0x06, 0x97, 0xC1, 0xA5, 0xF0, 0x4C,
    0x7C, 0x1A, 0x5F, 0x06, 0x97, 0xC1, 0xA5, 0xF0, 0x69, 0x7C, 0x1A, 0x5F, 0x06, 0x97, 0xC3, 0x1F,
    0x60, 0x6A, 0x7C, 0x1A, 0x9F, 0x06, 0xA7, 0xC1, 0xA9, 0xF0, 0x6A, 0x7C, 0x1A, 0x9F, 0x06, 0xA7,
    0xC1, 0x5B, 0xF0, 0x6A, 0x7C, 0x1A, 0x9F, 0x06, 0xA7, 0xC1, 0xA9, 0xF0, 0x13, 0x7C, 0x1A, 0x9F,
    0x06, 0xA7, 0xC1, 0xA9, 0xF0, 0x54, 0x7C, 0x1A, 0x9F, 0x06, 0xA7, 0xC1, 0xA9, 0xF0, 0x6A, 0x7C,
    0x1A, 0x9F, 0x06, 0xA7, 0xC1, 0xA9, 0xF0, 0x26, 0x7C, 0x1A, 0x9F, 0x0D, 0x3F, 0xC1, 0xA5, 0xF0,
    0x29, 0xFC, 0x1A, 0x5F, 0x06, 0x97, 0xC0, 0x73, 0xF0, 0x69, 0x7C, 0x1A, 0x5F, 0x06, 0x97, 0xC1,
    0xA5, 0xF0, 0x12, 0xFC, 0x1A, 0x5F, 0x06, 0x97, 0xC1, 0xA5, 0xF0, 0x69, 0x7C, 0x1A, 0x5F, 0x19,
    0xCF, 0xC0, 0x41, 0xF0, 0x70, 0xFC, 0x16, 0xBA, 0x06, 0x3D, 0xA5, 0x40, 0xC7, 0xD0, 0x27, 0xFE,
    0x0C, 0x7C, 0x80, 0x93, 0xE1, 0x06, 0xF8, 0x34, 0xBE, 0x0D, 0x2C, 0x04, 0x2B, 0xE0, 0x30, 0xF8,
    0x6D, 0x30, 0x07, 0x0B, 0x83, 0x5B, 0xE0, 0xD6, 0xF8, 0x35, 0xBE, 0x03, 0xDF, 0x83, 0x5B, 0xE0,
    0xD6, 0xF8, 0x35, 0xBE, 0x0D, 0x6F, 0x83, 0x5B, 0xE0, 0xD6, 0xF8, 0x09, 0xBE, 0x0D, 0x6F, 0x83,
    0x5B, 0xE0, 0xD6, 0xF8, 0x28, 0xBE, 0x1A, 0x9F, 0x80, 0xAF, 0xE0, 0x9E, 0xF8, 0x6A, 0x7E, 0x1A,
    0x9F, 0x80, 0xAF, 0xE1, 0xA9, 0xF8, 0x13, 0x3E, 0x1A, 0x9F, 0x86, 0xA7, 0xE0, 0x39, 0xF8, 0x14,
    0xFE, 0x0D, 0x2F, 0x83, 0x4B, 0xE0, 0x39, 0xF8, 0x34, 0xBE, 0x0D, 0x2F, 0x83, 0x4B, 0xE0, 0xD2,
    0xF8, 0x34, 0xBE, 0x0D, 0x2F, 0x83, 0x4B, 0xE0, 0xD2, 0xF8, 0x34, 0xBE, 0x0D, 0x2F, 0x83, 0x4B,
    0xE0, 0xD2, 0xF8, 0x0A, 0xFE, 0x0D, 0x2F, 0x82, 0x63, 0xE0, 0xD2, 0xF8, 0x0A, 0xFE, 0x0D, 0x2F,
    0x83, 0x4B, 0xE0, 0xD2, 0xF8, 0xD4, 0x7E, 0x35, 0x1F, 0x83, 0x53, 0xE0, 0xD4, 0xF8, 0x35, 0x3E,
    0x0D, 0x4F, 0x80, 0xEF, 0xE0, 0xD4, 0xF8, 0x35, 0x3E, 0x0D, 0x4F, 0x83, 0x53, 0xE0, 0xD4, 0xF8,
    0x35, 0x3E, 0x02, 0x6F, 0x83, 0x53, 0xE0, 0xD4, 0xF8, 0x35, 0x3E, 0x0D, 0x4F, 0x83, 0x53, 0xE0,
    0x2B, 0xF8, 0x35, 0x3E, 0x0D, 0x4F, 0x83, 0x53, 0xE0, 0x2B, 0xF8, 0x35, 0x3E, 0x04, 0xCF, 0x83,
    0x53, 0xE1, 0xA7, 0xF8, 0x0E, 0x7E, 0x05, 0x3F, 0x83, 0x4B, 0xE0, 0xD2, 0xF8, 0x0E, 0x7E, 0x0D,
    0x2F, 0x83, 0x4B, 0xE0, 0xD2, 0xF8, 0x34, 0xBE, 0x0D, 0x2F, 0x83, 0x4B, 0xE0, 0xD2, 0xF8, 0x34,
    0xBE, 0x0D, 0x2F, 0x83, 0x4B, 0xE3, 0x51, 0xF8, 0x08, 0x3E, 0x32, 0xCF, 0x82, 0xD7, 0x8D, 0x69,
    0xA4, 0x06, 0x7B, 0xA1, 0x9F, 0x7C, 0x67, 0xF3, 0x18, 0x1E, 0x0E, 0x0D, 0x86, 0xA0, 0x4D, 0xA7,
    0x54, 0x69, 0xDC, 0x0C, 0x6B, 0x9B, 0x62, 0xCC, 0x8D, 0x8F, 0x20, 0x56, 0x7C, 0x6B, 0xDF, 0x01,
    0x8F, 0xC2, 0x27, 0xF0, 0x6F, 0xFC, 0x6B, 0xDF, 0x01, 0x87, 0xC6, 0xBD, 0xF1, 0xAF, 0x7C, 0xD1,
    0xFA, 0x90, 0x4B, 0xA2, 0x32, 0xFF, 0xAC, 0xC3, 0xE9, 0x0B, 0xCF, 0x43, 0xAB, 0x73, 0x19, 0xE4,
    0xAF, 0x20, 0x68, 0xF9, 0x4C, 0xA6, 0x33, 0xE0, 0x77, 0xF4, 0x0C, 0x76, 0x98, 0xD0, 0x99, 0xE7,
    0x20, 0x7A, 0x7C, 0x09, 0xDF, 0x07, 0xA7, 0xE6, 0x50, 0xA0, 0xAA, 0xD4, 0x02, 0x73, 0x92, 0xC1,
    0xA4, 0xD0, 0x09, 0x3F, 0xC2, 0x51, 0xF6, 0x81, 0x7C, 0x20, 0xBB, 0x43, 0x67, 0xFC, 0xD9, 0xFF,
    0x08, 0x17, 0xC0, 0x3F, 0x48, 0x7C, 0x9A, 0x1E, 0x03, 0x5B, 0x80, 0xD2, 0x60, 0x5F, 0xF8, 0x17,
    0xED, 0x34, 0x02, 0xFD, 0x42, 0x1F, 0x50, 0x1F, 0x54, 0x0B, 0x53, 0x02, 0x1E, 0x41, 0xE5, 0xF0,
    0x1A, 0x70, 0x22, 0xB6, 0x9C, 0x05, 0x42, 0xE1, 0x16, 0xF8, 0x2D, 0xE8, 0x1B, 0xFF, 0x83, 0x5F,
    0xE0, 0x30, 0xF8, 0x34, 0xEE, 0x02, 0xA9, 0x83, 0x53, 0xE1, 0xB2, 0xC8, 0x23, 0xF6, 0x03, 0x7A,
    0x02, 0x43, 0xE0, 0x90, 0xB3, 0x63, 0xFE, 0x04, 0x4F, 0x81, 0x13, 0x60, 0x99, 0xA0, 0x3E, 0xBE,
    0x09, 0xAF, 0x82, 0x6A, 0x73, 0xA0, 0x4D, 0x50, 0x43, 0x78, 0x04, 0xB6, 0x82, 0x7B, 0xF1, 0x0E,
    0xE8, 0x0C, 0xF3, 0x10, 0xF7, 0xC0, 0xD7, 0xF0, 0x43, 0x7C, 0x43, 0xDF, 0x06, 0x86, 0x42, 0x57,
    0x90, 0x5F, 0x7C, 0x25, 0x9F, 0x09, 0x67, 0xC2, 0x59, 0xF0, 0x4D, 0xFC, 0x25, 0x9F, 0x09, 0x67,
    0xC2, 0x59, 0xF0, 0x48, 0xFC, 0x25, 0x9F, 0x09, 0x67, 0x84, 0xCD, 0xF0, 0x95, 0xFC, 0x40, 0x76,
    0x72, 0xEC, 0xC2, 0x5D, 0xF0, 0x97, 0x7C, 0x1D, 0x3F, 0x07, 0x4F, 0xC0, 0x67, 0xF0, 0x97, 0x7C,
    0x18, 0x5F, 0x09, 0x77, 0xC2, 0x5D, 0xF0, 0x49, 0x7C, 0x25, 0xDF, 0x02, 0x27, 0xC2, 0x5D, 0xF0,
    0x97, 0x7C, 0x13, 0x9F, 0x09, 0x77, 0xC2, 0x5D, 0xF0, 0x97, 0x7C, 0x25, 0xDF, 0x21, 0x16, 0x4C,
    0x07, 0xF0, 0x37, 0xFC, 0x26, 0x5F, 0x09, 0x97, 0xC4, 0xC3, 0x6E, 0x50, 0x4D, 0x7E, 0x0C, 0x5F,
    0x84, 0xD7, 0xE1, 0x35, 0xF8, 0x4D, 0x7E, 0x0A, 0x2F, 0x84, 0xD7, 0xE1, 0x35, 0xF8, 0x4D, 0x7E,
    0x09, 0x8F, 0x84, 0xD7, 0xE2, 0x62, 0xF8, 0x98, 0xBE, 0x13, 0x6F, 0x89, 0x8B, 0xE0, 0x6D, 0xF8,
    0x4C, 0xFE, 0x0E, 0xEF, 0x84, 0xCF, 0xE1, 0x33, 0xF8, 0x4C, 0xFE, 0x0C, 0x3F, 0x84, 0xCF, 0xE0,
    0x90, 0xF8, 0x4C, 0xFE, 0x04, 0x4F, 0x81, 0x13, 0xE1, 0x33, 0xF8, 0x4C, 0xFE, 0x13, 0x3F, 0x84,
    0xCF, 0xE0, 0x80, 0xF8, 0x4C, 0xFE, 0x26, 0x2F, 0x81, 0xAF, 0xE1, 0x2F, 0xF8, 0x4B, 0xFE, 0x26,
    0x2F, 0x8E, 0x3B, 0xE1, 0x2B, 0xF8, 0x4A, 0xFE, 0x12, 0xBF, 0x84, 0xAF, 0xE1, 0x2B, 0xF8, 0x4A,
    0xFE, 0x01, 0xF9, 0x82, 0x1B, 0xE0, 0x86, 0xAC, 0xC6, 0x7C, 0x02, 0xED, 0x04, 0xEB, 0xC4, 0xA1,
    0xD8, 0x1F, 0xE6, 0x12, 0xDF, 0x83, 0xF3, 0xE1, 0x2D, 0xF8, 0x4B, 0x7E, 0x12, 0xDF, 0x80, 0x97,
    0xE0, 0x25, 0xF8, 0x48, 0xB4, 0x0F, 0x8F, 0x84, 0x8B, 0xE1, 0x22, 0xF8, 0x48, 0xBE, 0x4B, 0x5A,
    0x04, 0x8B, 0xC0, 0xE0, 0xF8, 0x48, 0xBE, 0x12, 0x2F, 0x84, 0x8B, 0xE1, 0x22, 0xB8, 0x53, 0xBE,
    0x05, 0x5F, 0x93, 0x3B, 0xE4, 0xCE, 0xF8, 0x12, 0xF1, 0x39, 0x81, 0x01, 0x33, 0xE4, 0xD1, 0xF9,
    0x7A, 0xAE, 0x09, 0x9F, 0x84, 0xD7, 0xE0, 0x27, 0xB5, 0x04, 0x4C, 0xD4, 0xC0, 0x84, 0xE7, 0xE0,
    0xC9, 0xF8, 0x4E, 0x7E, 0x13, 0x9F, 0x84, 0xE7, 0xE0, 0xB1, 0xF8, 0x4E, 0x7E, 0x26, 0x5F, 0x89,
    0x97, 0xE0, 0xA7, 0xF8, 0x99, 0x7E, 0x26, 0x5F, 0x81, 0xDF, 0xE1, 0x37, 0xF8, 0x4D, 0xFE, 0x06,
    0xDF, 0x89, 0x97, 0xE0, 0xD1, 0xF8, 0x99, 0x7E, 0x26, 0x5F, 0x89, 0x97, 0xE2, 0x65, 0xF8, 0x50,
    0xBE, 0x09, 0x0F, 0x89, 0x97, 0xE0, 0x44, 0xF8, 0x11, 0x3E, 0x14, 0x2F, 0x85, 0x0B, 0xE1, 0x42,
    0xF8, 0x99, 0x7E, 0x08, 0x0F, 0x89, 0x97, 0xE2, 0x65, 0xF8, 0x1A, 0xFE, 0x08, 0x6F, 0x84, 0xBF,
    0xE2, 0x65, 0xF8, 0xE4, 0xBE, 0x12, 0xCF, 0x84, 0xB3, 0xE1, 0x2C, 0xF8, 0x4B, 0x3E, 0x12, 0xCF,
    0x84, 0xB3, 0xE1, 0x2C, 0xF8, 0x4B, 0x3E, 0x12, 0xCF, 0x84, 0xB3, 0xE4, 0xC8, 0xF8, 0x3E, 0xBE,
    0x40, 0x6F, 0x84, 0xBB, 0xE1, 0x2E, 0xF8, 0x4B, 0xBE, 0x0E, 0x9F, 0x82, 0x9F, 0xE1, 0x2E, 0xF8,
    0x30, 0xBE, 0x12, 0xEF, 0x84, 0xBB, 0xE0, 0x92, 0xF8, 0x4B, 0xBE, 0x04, 0x4F, 0x81, 0x13, 0xE1,
    0x2E, 0xF8, 0x4B, 0xBE, 0x12, 0xEF, 0x84, 0xBB, 0xE0, 0x80, 0xF8, 0x4B, 0xBE, 0x4C, 0x8F, 0x81,
    0xBF, 0xE1, 0x32, 0xF8, 0x4C, 0xBE, 0x4C, 0x8F, 0x9C, 0xAB, 0xE1, 0x35, 0xF8, 0x4D, 0x7E, 0x13,
    0x5F, 0x82, 0x8F, 0xE0, 0xA2, 0xF8, 0x4D, 0x7E, 0x13, 0x5F, 0x84, 0xD7, 0xE1, 0x35, 0xF8, 0x4D,
    0x7E, 0x13, 0x5F, 0x89, 0x8B, 0xE1, 0x36, 0xF8, 0x98, 0xBE, 0x06, 0xDF, 0x84, 0xCF, 0xE0, 0xEE,
    0xF8, 0x4C, 0xFE, 0x03, 0x0F, 0x84, 0xCF, 0xE0, 0xC3, 0xF8, 0x23, 0xFE, 0x13, 0x3F, 0x84, 0xCF,
    0xE1, 0x33, 0xF8, 0x11, 0x3E, 0x13, 0x3F, 0x84, 0xCF, 0xE0, 0x9A, 0xF8, 0x4C, 0xFE, 0x13, 0x3F,
    0x84, 0xCF, 0xE1, 0x33, 0xF8, 0x1A, 0xFE, 0x12, 0xFF, 0x84, 0xBF, 0xE2, 0x62, 0xF8, 0xE3, 0xBE,
    0x03, 0xCF, 0x84, 0xAF, 0xE1, 0x2B, 0xF8, 0x4A, 0xFE, 0x09, 0xAF, 0x84, 0xAF, 0xE4, 0xC8, 0xF9,
    0x32, 0x3E, 0x4C, 0x8F, 0x93, 0x23, 0xE4, 0xC8, 0xF8, 0x4B, 0x7E, 0x12, 0xDF, 0x84, 0xB7, 0xE0,
    0x6F, 0xF8, 0x4B, 0x7E, 0x02, 0x5F, 0x93, 0x23, 0xE0, 0xF8, 0xF9, 0x32, 0x3E, 0x12, 0x2F, 0x82,
    0x1F, 0xE4, 0xC8, 0xF9, 0xDF, 0x32, 0x0E, 0x3F, 0x93, 0x2F, 0xE1, 0x25, 0xF8, 0x27, 0xBE, 0x4C,
    0xBF, 0x85, 0x47, 0xE0, 0x58, 0xF8, 0x20, 0xFE, 0x4C, 0xBF, 0x93, 0x2F, 0xE0, 0x4C, 0xF9, 0x32,
    0xFE, 0x09, 0xCF, 0x84, 0xE3, 0xE4, 0xCB, 0xE0, 0x9A, 0x7E, 0x13, 0xCF, 0x84, 0xF3, 0xE1, 0x3C,
    0xF8, 0x4F, 0x3E, 0x0B, 0x4F, 0x84, 0xF3, 0xE2, 0x68, 0xF8, 0x9A, 0x3E, 0x0A, 0x7F, 0x89, 0xA3,
    0xE2, 0x68, 0xF8, 0x1D, 0xFE, 0x11, 0x4F, 0x84, 0xEB, 0xE0, 0x6D, 0xF8, 0x9A, 0x3E, 0x0D, 0x1F,
    0x89, 0xA3, 0xE2, 0x68, 0xF8, 0x9A, 0x3E, 0x11, 0x8F, 0x85, 0x17, 0xE0, 0x90, 0xF8, 0x9A, 0x3E,
    0x04, 0x4F, 0x81, 0x13, 0xE1, 0x42, 0xF8, 0x50, 0xBE, 0x14, 0x2F, 0x89, 0xA3, 0xE0, 0x80, 0xF8,
    0x9A, 0x3E, 0x26, 0x8F, 0x81, 0xAF, 0xE2, 0x68, 0xF8, 0x4B, 0xFE, 0x26, 0x8F, 0x8E, 0x57, 0xE1,
    0x2C, 0xF8, 0x4B, 0x3E, 0x12, 0xCF, 0x84, 0xB3, 0xE1, 0x2C, 0xF8, 0x4B, 0x3E, 0x12, 0xCF, 0x84,
    0xB3, 0xE0, 0x91, 0xF8, 0x4B, 0x3E, 0x4C, 0xBF, 0x83, 0xEB, 0xE9, 0x94, 0xFA, 0x65, 0x3E, 0x12,
    0xEF, 0x84, 0xBB, 0xE0, 0xE9, 0xF8, 0x4B, 0xBE, 0x12, 0xEF, 0x84, 0xBB, 0xE1, 0x2E, 0xF8, 0x4B,
    0xBE, 0x09, 0x2F, 0x84, 0xBB, 0xE0, 0x44, 0xF8, 0x11, 0x3E, 0x12, 0xEF, 0x84, 0xBB, 0xE1, 0x2E,
    0xF8, 0x4B, 0xBE, 0x08, 0x0F, 0x84, 0xBB, 0xE4, 0xCB, 0xF8, 0x4C, 0xBE, 0x13, 0x2F, 0x84, 0xCB,
    0xE4, 0xCB, 0xFA, 0x65, 0x3E, 0x13, 0x5F, 0x84, 0xD7, 0xE1, 0x35, 0xF8, 0x4D, 0x7E, 0x13, 0x5F,
    0x84, 0xD7, 0xE1, 0x35, 0xF8, 0x4D, 0x7E, 0x13, 0x5F, 0x84, 0xD7, 0xE1, 0x35, 0xF8, 0x98, 0xBE,
    0x10, 0x2F, 0x89, 0x8B, 0xE1, 0x33, 0xF8, 0x4C, 0xFE, 0x0E, 0xEF, 0x84, 0xCF, 0xE0, 0x30, 0xF8,
    0x4C, 0xFE, 0x0C, 0x3F, 0x84, 0xCF, 0xE1, 0x33, 0xF8, 0x4C, 0xFE, 0x13, 0x3F, 0x81, 0x13, 0xE1,
    0x33, 0xF8, 0x4C, 0xFE, 0x09, 0xAF, 0x84, 0xCF, 0xE1, 0x33, 0xF8, 0x4C, 0xFE, 0x13, 0x3F, 0x84,
    0xBF, 0xE1, 0x2F, 0xF8, 0x4B, 0xFE, 0x26, 0x2F, 0x8E, 0x3B, 0xE0, 0x3C, 0xF8, 0x4A, 0xFE, 0x12,
    0xBF, 0x84, 0xAF, 0xE0, 0x9A, 0xF8, 0x4A, 0xFE, 0x4C, 0xBF, 0x93, 0x2F, 0xE4, 0xCB, 0xF9, 0x32,
    0xFE, 0x4C, 0xBF, 0x84, 0xB7, 0xE1, 0x2D, 0xF8, 0x4B, 0x7E, 0x06, 0xFF, 0x84, 0xB7, 0xE0, 0x25,
    0xF9, 0x32, 0xFE, 0x0F, 0x8F, 0x93, 0x2F, 0xE1, 0x22, 0xF8, 0x21, 0xFE, 0x4C, 0xBF, 0x88, 0x43,
    0xE1, 0x4C, 0xF8, 0x48, 0xBE, 0x12, 0x2F, 0x84, 0x8B, 0xE1, 0x4E, 0xF8, 0x15, 0x7E, 0x4C, 0x8F,
    0x93, 0x23, 0xE4, 0xC8, 0xF8, 0x13, 0x3E, 0x4C, 0x8F, 0x82, 0x67, 0xE1, 0x35, 0xDC, 0x96, 0x97,
    0xCA, 0x09, 0xB7, 0x25, 0x33, 0x9E, 0x52, 0x65, 0x75, 0x29, 0x99, 0xF2, 0x82, 0x75, 0xF0, 0x9D,
    0x72, 0x0A, 0x13, 0xAD, 0x49, 0x66, 0x50, 0x90, 0x0F, 0xCC, 0x27, 0x5F, 0x09, 0xD7, 0xC2, 0x75,
    0xFA, 0x54, 0xA4, 0xA1, 0x1D, 0x13, 0x37, 0xC4, 0xCD, 0xF1, 0x33, 0x7C, 0x07, 0x93, 0x02, 0xEE,
    0x40, 0xB5, 0x50, 0x21, 0xE4, 0x22, 0x5E, 0x82, 0x81, 0xD3, 0x61, 0x38, 0xB4, 0x96, 0x71, 0x09,
    0x03, 0x6F, 0xC2, 0x71, 0x69, 0x48, 0x05, 0x32, 0x0D, 0x2F, 0x89, 0x9B, 0xE0, 0x30, 0xE0, 0x33,
    0xAA, 0x02, 0xA9, 0x03, 0x33, 0xE2, 0x66, 0xF8, 0x50, 0xFE, 0x09, 0x0F, 0x85, 0x0E, 0x92, 0x50,
    0x47, 0xF8, 0x08, 0xBF, 0x13, 0x3F, 0xC2, 0x89, 0xF0, 0x4D, 0xFC, 0x28, 0x99, 0x05, 0xE4, 0xC2,
    0x49, 0x70, 0x4E, 0xD0, 0x10, 0x5F, 0x09, 0xD5, 0x21, 0x22, 0x68, 0xD0, 0x1A, 0x64, 0x26, 0x8F,
    0x81, 0xB7, 0xE0, 0x88, 0xF8, 0x4C, 0xAD, 0x81, 0x09, 0x97, 0x82, 0x5F, 0x7C, 0x08, 0x02, 0xB0,
    0x0C, 0x2F, 0x84, 0xC3, 0xE1, 0x30, 0xF8, 0x4C, 0x3E, 0x09, 0xFF, 0x84, 0xC3, 0xE1, 0x30, 0xF8,
    0x4C, 0x3E, 0x09, 0x4F, 0x84, 0xC3, 0xE0, 0x5B, 0xE0, 0x15, 0xB0, 0x0F, 0xEF, 0x81, 0xC7, 0x49,
    0x99, 0xE0, 0x4C, 0xBE, 0x13, 0x2F, 0x84, 0xCB, 0xE1, 0x32, 0xF8, 0x0C, 0xFE, 0x13, 0x2F, 0x83,
    0x13, 0xE1, 0x32, 0xF8, 0x4C, 0xBE, 0x13, 0x2F, 0xC9, 0x66, 0x7B, 0x00, 0x99, 0xFC, 0x08, 0xDF,
    0x09, 0x9F, 0xC2, 0x67, 0xF0, 0x4F, 0x7C, 0x26, 0x79, 0xA5, 0x80, 0xB6, 0x61, 0x34, 0xC9, 0xBD,
    0xE4, 0x08, 0x4F, 0x84, 0xD3, 0xE1, 0x34, 0xC9, 0x34, 0x6E, 0x27, 0x4F, 0x84, 0xE7, 0xE1, 0x39,
    0xF8, 0xD0, 0xA6, 0x73, 0x6F, 0x9C, 0xDB, 0xE4, 0xD4, 0xF8, 0xEA, 0x3E, 0x3A, 0x8F, 0x84, 0xF3,
    0xE1, 0x3C, 0xF8, 0x4F, 0x3E, 0x3A, 0x8F, 0x84, 0xF3, 0xE1, 0x3C, 0xF8, 0x4F, 0x3E, 0x4D, 0x4F,
    0x8E, 0x9B, 0xE3, 0x80, 0xF8, 0xE9, 0xBE, 0x3A, 0x6F, 0x8E, 0x9B, 0xE3, 0x40, 0xF8, 0x3C, 0xFE,
    0x03, 0x0F, 0x93, 0x53, 0xE0, 0xC5, 0xF8, 0x4E, 0xBE, 0x13, 0xAF, 0x84, 0xEB, 0xE4, 0xD4, 0xF8,
    0x11, 0x3E, 0x13, 0x8F, 0x84, 0xE3, 0xE0, 0x9A, 0xF9, 0x35, 0x3E, 0x4D, 0x4F, 0x8E, 0x9B, 0xE4,
    0xD4, 0xF8, 0x9A, 0xFE, 0x13, 0x1F, 0x84, 0xC7, 0xE4, 0xD4, 0xF8, 0x4B, 0x3E, 0x03, 0xCF, 0x84,
    0xAF, 0xE1, 0x2B, 0xF8, 0x4A, 0xFE, 0x09, 0xAF, 0x84, 0xAF, 0xE4, 0xD4, 0xF8, 0x21, 0xBE, 0x4D,
    0x4F, 0x93, 0x53, 0xE4, 0xD4, 0xF8, 0x4B, 0x7E, 0x0B, 0x5E, 0x41, 0xE5, 0xD1, 0x29, 0x7F, 0xCA,
    0x61, 0xF2, 0x85, 0xD8, 0x21, 0xD7, 0x29, 0x8C, 0xE2, 0x57, 0x4F, 0x96, 0x04, 0xE3, 0xB2, 0xE0,
    0x9C, 0x5C, 0x0F, 0x3F, 0x09, 0xBE, 0xC0, 0x5B, 0xF0, 0xAD, 0xF4, 0x1F, 0xFF, 0x26, 0xDF, 0xC2,
    0x53, 0xD2, 0x68, 0x7A, 0x5D, 0x39, 0xC3, 0x87, 0xBA, 0x53, 0x2A, 0x10, 0x84, 0xBE, 0x4D, 0x4F,
    0x84, 0x8B, 0xC0, 0xA6, 0xA1, 0x32, 0x30, 0x04, 0x0F, 0x93, 0x1B, 0xE1, 0x1F, 0xF9, 0x31, 0xB6,
    0x03, 0xEA, 0x27, 0x73, 0xE4, 0xC6, 0xF8, 0x0C, 0xE5, 0xFE, 0xBA, 0xD0, 0xE7, 0xF4, 0x49, 0xFD,
    0x16, 0x01, 0x46, 0x82, 0xD1, 0xEE, 0x74, 0x8B, 0xA4, 0x26, 0xCD, 0x0C, 0xB3, 0x5A, 0xA0, 0x14,
    0x99, 0xB5, 0x0E, 0x01, 0x44, 0x80, 0x45, 0xE7, 0xF1, 0x89, 0xFC, 0x66, 0x01, 0x1A, 0x80, 0x46,
    0xFE, 0x71, 0xCF, 0x94, 0x06, 0xAF, 0x04, 0x9B, 0xDA, 0xE0, 0x14, 0xC8, 0x1C, 0x76, 0x75, 0x17,
    0x82, 0xC6, 0x20, 0x00, 0x4A, 0xF8, 0x22, 0xF5, 0x32, 0x93, 0x44, 0x64, 0xFF, 0x89, 0x47, 0xD4,
    0x0D, 0x12, 0xBF, 0xC8, 0xE8, 0x92, 0x48, 0x05, 0x36, 0x7F, 0x4E, 0x9F, 0xD3, 0xE2, 0x35, 0x08,
    0x25, 0x47, 0xE5, 0x52, 0xD0, 0x43, 0xF7, 0xB1, 0x2C, 0xDD, 0x4E, 0x71, 0x4D, 0xC3, 0x53, 0xB0,
    0x15, 0x49, 0xFD, 0x56, 0x7F, 0x56, 0x88, 0xD5, 0xE0, 0x95, 0x8F, 0x95, 0x67, 0x41, 0x10, 0xDE,
    0xC4, 0xF3, 0x75, 0xA9, 0xC5, 0x53, 0x0D, 0x55, 0xC0, 0x57, 0xE7, 0xF6, 0x09, 0xFD, 0x86, 0x23,
    0x62, 0x82, 0x58, 0xFE, 0x56, 0x4D, 0x04, 0x47, 0x7B, 0x14, 0xCD, 0xD9, 0x67, 0x15, 0xFC, 0x35,
    0x83, 0x01, 0x4E, 0xC1, 0xD5, 0x70, 0x76, 0x0C, 0x18, 0x4C, 0x69, 0xCA, 0x02, 0xCC, 0xA5, 0xA5,
    0x00, 0xA0, 0x1C, 0x27, 0x26, 0x9B, 0xD0, 0x41, 0x67, 0x29, 0x8C, 0xE6, 0xAE, 0x07, 0x49, 0x4D,
    0x68, 0x55, 0x7A, 0xDC, 0x02, 0xB7, 0x2D, 0xAE, 0x72, 0xAB, 0xB0, 0x0A, 0xEC, 0xBA, 0xCD, 0x00,
    0xB3, 0x4C, 0x6C, 0xF5, 0x7F, 0xF5, 0xD4, 0x02, 0x77, 0x09, 0xBF, 0xC2, 0x6F, 0x51, 0x81, 0xCC,
    0x12, 0x73, 0x9B, 0xD5, 0xEB, 0x70, 0xDA, 0xEC, 0x3A, 0xCD, 0x11, 0xFF, 0x5D, 0x69, 0xD8, 0x0A,
    0xAE, 0x00, 0x06, 0xFB, 0x99, 0x43, 0x40, 0x53, 0x30, 0x14, 0x5C, 0x14, 0x96, 0x83, 0x48, 0x3E,
    0x12, 0x1F, 0xB4, 0x2B, 0xE1, 0x0D, 0xDA, 0x02, 0x8E, 0x50, 0x00, 0x3C, 0xFC, 0x0F, 0x35, 0x01,
    0x64, 0xC0, 0xA9, 0x30, 0x71, 0x58, 0x0A, 0x72, 0x02, 0x06, 0x81, 0xED, 0x20, 0x7A, 0xDE, 0x65,
    0x0D, 0x01, 0xFF, 0x41, 0xD5, 0xF9, 0x27, 0x1C, 0x09, 0x1F, 0x01, 0x54, 0xC0, 0x33, 0x30, 0x25,
    0xF3, 0xD4, 0x0C, 0x6A, 0x83, 0x17, 0xE0, 0x4B, 0xF8, 0x12, 0xEA, 0x09, 0xDC, 0x80, 0xEB, 0x60,
    0x4C, 0xF8, 0x0E, 0xFE, 0x05, 0x4C, 0x02, 0x1F, 0x80, 0x57, 0xF8, 0x2A, 0x6A, 0x05, 0x1B, 0x87,
    0x82, 0x50, 0xD0, 0x18, 0xDC, 0x13, 0x9F, 0x04, 0xE7, 0xC0, 0xA1, 0x70, 0x1D, 0xFC, 0x14, 0x5D,
    0x07, 0xB5, 0x30, 0x20, 0x41, 0xF8, 0x17, 0xBF, 0x24, 0x80, 0x02, 0xAB, 0xE0, 0x52, 0xF8, 0x0C,
    0xBC, 0x10, 0x2A, 0x00, 0xAB, 0xE2, 0x0A, 0xF8, 0x20, 0x2A, 0x1C, 0x7B, 0x82, 0xD7, 0xE0, 0x64,
    0xCC, 0x16, 0xFE, 0x03, 0x19, 0x01, 0x93, 0xE1, 0x5D, 0x9E, 0x04, 0x2B, 0xB4, 0x29, 0x74, 0xC2,
    0xBB, 0x99, 0x71, 0x00, 0x29, 0x32, 0xA1, 0x61, 0xC0, 0x7D, 0xBB, 0x39, 0x3A, 0x24, 0x06, 0xAF,
    0x84, 0x5B, 0x60, 0x68, 0xF8, 0x2E, 0xFE, 0x07, 0xBE, 0x01, 0x87, 0x80, 0x49, 0xF8, 0x1E, 0xFE,
    0x0D, 0x3F, 0x83, 0x4F, 0xE0, 0x6E, 0xC9, 0x58, 0x74, 0x16, 0xEA, 0x03, 0xD3, 0x21, 0xB4, 0xF8,
    0x2D, 0xFE, 0x16, 0x2D, 0x84, 0x9F, 0xE0, 0x58, 0xF8, 0x2E, 0xBE, 0x0B, 0xAF, 0x81, 0x2F, 0xE1,
    0xBC, 0xE0, 0x5C, 0xBC, 0x04, 0x1F, 0x80, 0xF3, 0xE0, 0x5A, 0xF8, 0x83, 0xF6, 0x00, 0xFB, 0x05,
    0x57, 0xD3, 0x28, 0x68, 0x0C, 0xBE, 0x09, 0xFF, 0x82, 0x7E, 0xA0, 0x3C, 0xFD, 0x2F, 0x60, 0x10,
    0x4A, 0x15, 0xBA, 0xE7, 0x86, 0x98, 0x98, 0x64, 0x25, 0xEA, 0x6C, 0x00, 0x91, 0xF0, 0x24, 0x74,
    0x42, 0xFF, 0x04, 0x57, 0xC1, 0x15, 0xF0, 0xD5, 0x7C, 0x2E, 0xF7, 0x2F, 0x8C, 0xC0, 0xBB, 0xA0,
    0x42, 0x7C, 0x07, 0x7F, 0xE3, 0x82, 0x0B, 0xE0, 0x2D, 0xF8, 0x0B, 0x75, 0x2E, 0x2B, 0x8C, 0xA0,
    0x13, 0x29, 0x71, 0x0E, 0x28, 0x2D, 0x1D, 0xEC, 0x07, 0x0B, 0x50, 0xB9, 0xF0, 0x5A, 0x1F, 0x01,
    0xDF, 0xC1, 0x81, 0x31, 0xB2, 0x50, 0x5A, 0x1F, 0x01, 0xB6, 0x66, 0x50, 0xE0, 0xAF, 0xFC, 0x17,
    0xFF, 0x04, 0x47, 0xC5, 0x09, 0x89, 0x50, 0x14, 0xE6, 0x2D, 0x0F, 0x86, 0xE7, 0xF3, 0x28, 0x70,
    0x89, 0x7E, 0x1B, 0xCF, 0x81, 0x23, 0xE0, 0x2A, 0x98, 0x6A, 0xFE, 0x2D, 0x0F, 0x83, 0x53, 0xE0,
    0x4B, 0xE8, 0x4A, 0xBE, 0x04, 0xCF, 0x87, 0x97, 0xE0, 0x84, 0xB8, 0x6A, 0x3E, 0x2D, 0x0F, 0x88,
    0x53, 0x00, 0x7C, 0xA0, 0xB4, 0x2D, 0x0E, 0x0A, 0xE7, 0xC1, 0x39, 0xF0, 0x28, 0x7C, 0x07, 0x7F,
    0x05, 0x17, 0x40, 0x7D, 0xF0, 0x2D, 0xFC, 0x59, 0xBF, 0x02, 0x7F, 0xC1, 0x4F, 0xF0, 0x7F, 0xD4,
    0x05, 0x5D, 0x99, 0x43, 0x82, 0xF9, 0xF0, 0x53, 0xFC, 0x0A, 0xDF, 0x01, 0x36, 0x26, 0x34, 0xBA,
    0xB8, 0x15, 0xE5, 0x31, 0x99, 0x95, 0x56, 0x60, 0xB1, 0xB2, 0x4B, 0x6A, 0x03, 0x09, 0x4B, 0xAB,
    0x90, 0x20, 0x18, 0xCA, 0x63, 0x5E, 0xAB, 0x85, 0x36, 0x87, 0x08, 0xB0, 0x17, 0xBF, 0x32, 0x88,
    0x8B, 0x07, 0xE0, 0xAC, 0xE0, 0x9B, 0x27, 0x31, 0x02, 0xC5, 0x21, 0xD5, 0xD8, 0x88, 0x55, 0xFE,
    0x03, 0xF9, 0x80, 0xCE, 0x60, 0x32, 0x98, 0xBC, 0xEE, 0x0B, 0xAF, 0x82, 0xEB, 0xE1, 0x0B, 0xD0,
    0xE0, 0xFE, 0x88, 0xEB, 0x01, 0x43, 0xE0, 0x50, 0xB8, 0x10, 0x2E, 0x05, 0x3F, 0x82, 0xC3, 0xF4,
    0xA9, 0x88, 0x16, 0x70, 0x04, 0xDD, 0x9D, 0x26, 0x62, 0x30, 0xF8, 0x2C, 0xFE, 0x04, 0xFF, 0x00,
    0x8E, 0x61, 0xFA, 0xF8, 0x10, 0xB6, 0x05, 0x4F, 0x81, 0x0F, 0xE1, 0x5F, 0xC0, 0x10, 0xB0, 0x03,
    0xFB, 0x43, 0xED, 0x30, 0xF9, 0x07, 0xC6, 0x43, 0x76, 0x85, 0x7D, 0x21, 0xBF, 0x40, 0x48, 0x53,
    0x8E, 0x2F, 0xCF, 0x82, 0x43, 0x52, 0xD9, 0xAD, 0x5C, 0x82, 0xBB, 0x2C, 0xFF, 0xC0, 0xC3, 0x79,
    0x94, 0x44, 0x0A, 0x93, 0x9A, 0x98, 0xD6, 0x72, 0x60, 0x28, 0xDC, 0x18, 0xBF, 0x16, 0xEF, 0xC1,
    0x2B, 0x71, 0x6D, 0xFC, 0x0A, 0xFB, 0x03, 0x9F, 0xC1, 0x91, 0xF0, 0x19, 0xE0, 0x0D, 0x3A, 0x03,
    0x47, 0xC8, 0x41, 0xF2, 0x42, 0xF8, 0x0E, 0x1B, 0x20, 0xFC, 0x81, 0x2F, 0xF0, 0x30, 0xCC, 0x0E,
    0xD2, 0x03, 0x15, 0x80, 0xC3, 0x30, 0x2C, 0xDC, 0x0E, 0xD5, 0x07, 0x4F, 0xC1, 0x0F, 0x50, 0x39,
    0xFC, 0x8A, 0xD4, 0x98, 0x91, 0x5B, 0x25, 0xB3, 0xC2, 0x15, 0xA4, 0x19, 0x5A, 0x50, 0x43, 0x2B,
    0x4C, 0x08, 0x45, 0x68, 0x14, 0x49, 0x0B, 0x8F, 0xE2, 0xE3, 0xF9, 0x0D, 0x6A, 0x08, 0x1C, 0x80,
    0xDF, 0xF3, 0x28, 0x88, 0x18, 0xFE, 0x0C, 0x5F, 0x84, 0xEF, 0xE1, 0x3B, 0xF8, 0xB8, 0xFE, 0x0C,
    0x1F, 0x86, 0x2B, 0xE1, 0x8A, 0xF8, 0x12, 0x3E, 0x18, 0xAB, 0x94, 0xE7, 0x00, 0x4E, 0xC8, 0xB9,
    0xBE, 0x18, 0xAF, 0x87, 0x6B, 0xE2, 0xE6, 0xB8, 0x61, 0x7E, 0x18, 0x5F, 0x82, 0x1F, 0x81, 0x86,
    0xF8, 0xB9, 0xBE, 0x23, 0x9F, 0x8B, 0x9A, 0x91, 0x10, 0xB2, 0xFC, 0x13, 0xFF, 0x02, 0x87, 0xC0,
    0x77, 0xF0, 0x52, 0xF4, 0x26, 0x1F, 0x0B, 0x87, 0xC5, 0xD3, 0xE0, 0x56, 0xFC, 0x15, 0xBF, 0x29,
    0xDF, 0xC0, 0xD9, 0xF2, 0x7E, 0x74, 0x10, 0x14, 0x0A, 0xB7, 0xC1, 0x6B, 0xF0, 0xCB, 0x7C, 0xE2,
    0xBF, 0x38, 0xAE, 0xCE, 0x25, 0x89, 0x8D, 0x72, 0xAE, 0x15, 0xEA, 0x72, 0x80, 0x7B, 0x29, 0x95,
    0x9C, 0x23, 0x1F, 0x2D, 0xB7, 0xC0, 0xCF, 0xF2, 0xDB, 0x7E, 0x22, 0x07, 0xA9, 0x44, 0x80, 0xC1,
    0xF0, 0x74, 0xFC, 0x0F, 0x5A, 0x98, 0x81, 0xEA, 0xD3, 0x20, 0x69, 0x7C, 0x1A, 0x5F, 0x2D, 0xB7,
    0xC5, 0xFD, 0xC0, 0x25, 0xC8, 0xB7, 0x32, 0x01, 0xEE, 0x83, 0x73, 0xF0, 0x1F, 0x7C, 0xB7, 0x3C,
    0x98, 0xD7, 0x30, 0x20, 0x42, 0x94, 0xCA, 0xBD, 0x02, 0x04, 0x05, 0x30, 0xE0, 0x5E, 0xF9, 0x6F,
    0x3E, 0x0B, 0xFF, 0x81, 0x47, 0xE4, 0x5C, 0xBD, 0x2E, 0x04, 0x4F, 0xDA, 0x21, 0x02, 0xE6, 0x71,
    0xDC, 0xD4, 0x76, 0x32, 0x88, 0xD7, 0x62, 0x40, 0x56, 0x99, 0x08, 0x3E, 0x08, 0x9B, 0x4C, 0x81,
    0x13, 0x50, 0x32, 0xFC, 0xA0, 0x7D, 0x45, 0x5D, 0x4A, 0x89, 0xF2, 0xE3, 0xDA, 0x1C, 0x1B, 0x5D,
    0x00, 0xD6, 0xC0, 0xB0, 0xF8, 0xBA, 0x7E, 0x46, 0x0F, 0x80, 0xBE, 0x85, 0x52, 0x98, 0x12, 0x3E,
    0x5C, 0x4F, 0x92, 0xDA, 0xC0, 0x8F, 0xF8, 0x23, 0xFE, 0x1B, 0x4F, 0x91, 0xAF, 0x2B, 0x24, 0xB8,
    0x6D, 0x3C, 0x03, 0xBC, 0x05, 0x2F, 0x85, 0xC5, 0xF9, 0x71, 0x7E, 0x03, 0x1F, 0x97, 0x17, 0xE0,
    0x33, 0xDC, 0xB6, 0x73, 0x81, 0x06, 0x3D, 0x05, 0xC7, 0x39, 0x89, 0x8E, 0x29, 0x32, 0xAF, 0x50,
    0x40, 0x71, 0x29, 0xA9, 0x71, 0xFE, 0x03, 0xDF, 0x97, 0x1F, 0x80, 0xAF, 0x9C, 0x54, 0x1C, 0xBF,
    0x2E, 0x3D, 0x83, 0x5F, 0x7D, 0x80, 0x18, 0xEE, 0x0C, 0x2F, 0x85, 0xCF, 0xE5, 0xCA, 0xF8, 0xB9,
    0xBE, 0x1C, 0xDF, 0x95, 0xD7, 0x01, 0xBD, 0xD8, 0x8E, 0x3E, 0x0F, 0x1F, 0x95, 0xE2, 0x80, 0x7F,
    0xA0, 0xD8, 0x36, 0x4F, 0x6B, 0x8B, 0xA7, 0xE0, 0xE3, 0xF9, 0x74, 0x3E, 0x2E, 0x9F, 0x81, 0x4B,
    0xE1, 0xFF, 0xF9, 0x74, 0x3A, 0x27, 0xCF, 0x88, 0xBB, 0xE5, 0xD0, 0xE8, 0xBA, 0x7E, 0x0A, 0x2F,
    0x84, 0x0B, 0xE0, 0x3B, 0xF8, 0x2A, 0x38, 0x17, 0x0C, 0x0B, 0xA7, 0xE2, 0xE9, 0xF8, 0xBA, 0x7E,
    0x0B, 0x0F, 0x97, 0x4F, 0xE2, 0xE9, 0xB1, 0x68, 0xA9, 0x2E, 0xAF, 0x61, 0xCB, 0xAB, 0xF0, 0x56,
    0x7C, 0x0B, 0x7F, 0x02, 0xDF, 0xC2, 0xBD, 0x21, 0x13, 0x7C, 0x5C, 0x19, 0x02, 0xEC, 0xD1, 0x2B,
    0xF0, 0x88, 0x7C, 0x5B, 0xDF, 0x05, 0x7F, 0xCD, 0xA5, 0x58, 0x71, 0xCA, 0xFE, 0x24, 0x9C, 0x00,
    0xC7, 0x00, 0xBC, 0xF8, 0x2F, 0x3E, 0x10, 0xDF, 0x8B, 0x4F, 0xE0, 0x4F, 0xF8, 0x58, 0x38, 0x03,
    0xFB, 0x01, 0x4B, 0xE0, 0xAF, 0xF8, 0x58, 0x38, 0x44, 0x7C, 0x9A, 0x23, 0xE0, 0xB2, 0xF8, 0x14,
    0x7E, 0x1B, 0x1E, 0x9F, 0x3F, 0xE7, 0xCF, 0x98, 0x11, 0xF4, 0x05, 0x9F, 0x81, 0x23, 0xE1, 0x66,
    0xE9, 0xA6, 0xF2, 0x56, 0xFF, 0x97, 0x67, 0xE3, 0x19, 0xE9, 0x76, 0x7E, 0x5D, 0x9F, 0x97, 0x67,
    0x42, 0xEF, 0xA1, 0x76, 0x7E, 0x0C, 0xCF, 0x8B, 0xBF, 0xE2, 0xEF, 0xF9, 0x76, 0x7E, 0x09, 0xCF,
    0x80, 0xD7, 0x40, 0x18, 0xA0, 0x0D, 0x3E, 0x03, 0x4F, 0x8B, 0xA7, 0xE3, 0x24, 0xE1, 0x27, 0x6E,
    0x18, 0x7B, 0x05, 0x5A, 0x60, 0x0F, 0xB8, 0x0E, 0xFE, 0x5C, 0x3F, 0x91, 0x8B, 0xE5, 0xC3, 0xD0,
    0x35, 0x6A, 0x7B, 0x5A, 0x2D, 0xDE, 0xA2, 0xDF, 0xA2, 0x29, 0xFE, 0x2D, 0xFF, 0xAD, 0xE3, 0xE1,
    0x7B, 0xFA, 0xDE, 0x3E, 0x17, 0xCF, 0x85, 0xF3, 0xE1, 0x2A, 0xFA, 0xDE, 0x3C, 0x05, 0x49, 0x4C,
    0x9D, 0x21, 0x30, 0x92, 0x7D, 0x6F, 0x7F, 0x0B, 0xF7, 0xC2, 0xFD, 0xF2, 0x2F, 0x74, 0x15, 0x58,
    0x45, 0x6F, 0xC2, 0xF9, 0xF0, 0x28, 0xFD, 0x6F, 0xDF, 0x45, 0x6F, 0xC2, 0xE9, 0xF5, 0xBF, 0x7D,
    0x15, 0xBF, 0x16, 0xE7, 0xCA, 0x17, 0xF6, 0x80, 0x59, 0x70, 0x3F, 0x05, 0x2F, 0xC0, 0xA7, 0xF1,
    0x41, 0xFD, 0x70, 0x3F, 0x11, 0x55, 0xC0, 0x89, 0xF0, 0x30, 0xFD, 0x16, 0x7F, 0x02, 0xAF, 0xC1,
    0x61, 0xF0, 0x85, 0xD5, 0x75, 0xFF, 0x2E, 0x67, 0xCA, 0x19, 0xF0, 0x5D, 0xFC, 0xA1, 0x9F, 0x2E,
    0x67, 0xD7, 0x09, 0xF1, 0x20, 0x7D, 0x9C, 0x57, 0x17, 0x77, 0xC0, 0xDB, 0xF2, 0xE6, 0xFC, 0x18,
    0x3F, 0x5C, 0x27, 0xC0, 0xC3, 0xF0, 0x24, 0xFD, 0x70, 0x9F, 0x0B, 0xE7, 0xC1, 0xAD, 0xF2, 0xE6,
    0xFC, 0x2F, 0x5F, 0x5C, 0x3F, 0xC3, 0x87, 0xF0, 0x1F, 0x7D, 0x70, 0xFF, 0x05, 0xEF, 0xC1, 0x7B,
    0xF0, 0x5E, 0xFC, 0x17, 0xBF, 0x5C, 0x3F, 0xD7, 0x0F, 0xB0, 0x28, 0x51, 0x87, 0x57, 0x10, 0x17,
    0xD7, 0x1B, 0xF5, 0x84, 0x7C, 0x44, 0x9F, 0x2E, 0x45, 0x43, 0xE7, 0x92, 0xE4, 0x7D, 0x72, 0x1F,
    0x0C, 0x17, 0xC5, 0x47, 0xF5, 0xC8, 0x7C, 0x5B, 0x5B, 0x26, 0xD4, 0xD7, 0x21, 0xF0, 0x25, 0xFD,
    0x72, 0x1F, 0x04, 0x9F, 0xC1, 0x27, 0xF0, 0xDC, 0xFD, 0x72, 0x1F, 0x04, 0xCE, 0xD6, 0xBB, 0xC0,
    0x1F, 0x7C, 0xB9, 0xBF, 0x01, 0x87, 0xC0, 0x61, 0xF2, 0xE6, 0xFC, 0x19, 0x9C, 0x0C, 0x17, 0xC5,
    0xD7, 0xF0, 0x1D, 0xFD, 0x72, 0x7F, 0x07, 0x47, 0xD7, 0x27, 0xF0, 0xB7, 0x7C, 0x2D, 0xDF, 0x20,
    0xB7, 0xCA, 0x3F, 0xF0, 0x62, 0xC8, 0x39, 0x7F, 0x5C, 0xB7, 0xC4, 0x75, 0xF1, 0x1D, 0x7C, 0x8D,
    0x5F, 0x17, 0x47, 0xC1, 0xB5, 0xF0, 0x27, 0x7C, 0xB8, 0xBF, 0x20, 0xF6, 0x48, 0xC7, 0x60, 0xDF,
    0x7C, 0x5D, 0xDF, 0x2E, 0x5F, 0xC3, 0x7B, 0xF0, 0x2E, 0xFC, 0xA3, 0x7E, 0x3E, 0x0E, 0x17, 0x3F,
    0xF0, 0x54, 0x7C, 0x0B, 0x3F, 0x01, 0xF7, 0xCB, 0x9D, 0xF1, 0x8D, 0x50, 0x08, 0x9F, 0x03, 0x0F,
    0xC5, 0xDD, 0xF0, 0x2A, 0xFC, 0x16, 0x7F, 0x08, 0x75, 0x4B, 0xF9, 0x85, 0xD2, 0xFC, 0x16, 0xDF,
    0x05, 0xB7, 0xC0, 0xB9, 0xF5, 0xD2, 0xFC, 0xE5, 0xDD, 0x22, 0x76, 0x57, 0x51, 0xF0, 0x32, 0x7D,
    0x75, 0x1F, 0x03, 0x17, 0xD7, 0x51, 0xF5, 0x0E, 0x7D, 0x75, 0x1F, 0x5D, 0x47, 0xC1, 0x87, 0xF0,
    0x8E, 0xFC, 0x75, 0x5D, 0x04, 0x6C, 0x80, 0xA1, 0xF5, 0x0E, 0xFC, 0xD0, 0xBF, 0x05, 0xB7, 0xD4,
    0x3B, 0xF1, 0x2D, 0xE1, 0x75, 0x7F, 0x05, 0xCF, 0xC1, 0x73, 0xF5, 0x37, 0xFD, 0x75, 0x7F, 0x0B,
    0x94, 0xD5, 0x89, 0x33, 0x9F, 0x7C, 0x2E, 0x5F, 0x5D, 0x77, 0xCA, 0xF9, 0xF2, 0xEA, 0x7C, 0xBA,
    0x9F, 0x5D, 0x77, 0xCB, 0xA9, 0xD4, 0x3F, 0x60, 0xBA, 0x9F, 0x5D, 0x77, 0xC3, 0x1F, 0xF1, 0x7D,
    0xFD, 0x47, 0xDF, 0x2C, 0xFE, 0x03, 0x09, 0x33, 0xA9, 0xFC, 0x19, 0xDF, 0x5D, 0x77, 0xD7, 0x5D,
    0xF0, 0x34, 0x7C, 0x89, 0x5F, 0x5D, 0x77, 0xD7, 0x5D, 0xB3, 0xC9, 0xF9, 0x75, 0xDF, 0x5D, 0x77,
    0xCB, 0xD5, 0xF2, 0xF5, 0x7D, 0x75, 0xDF, 0x2F, 0x56, 0x93, 0x25, 0x59, 0x8D, 0x0B, 0x94, 0xBA,
    0xEF, 0xAE, 0xBB, 0xE2, 0xFE, 0xFA, 0xEB, 0xBE, 0x19, 0x1F, 0xAE, 0xBB, 0xE2, 0xFE, 0xF8, 0x64,
    0x7E, 0x13, 0xEF, 0xAC, 0x23, 0xE9, 0xBF, 0xD0, 0x31, 0x3E, 0x19, 0x3F, 0x86, 0x4F, 0xE1, 0x93,
    0xFB, 0x4F, 0x3E, 0xBA, 0xEF, 0x86, 0x37, 0xE0, 0x4E, 0xFA, 0xEB, 0xB8, 0x58, 0xBB, 0x06, 0x23,
    0xE1, 0x88, 0xFA, 0xEC, 0x7E, 0x18, 0x9F, 0x81, 0x6B, 0xEB, 0xB1, 0xFA, 0xEC, 0x7E, 0x0A, 0x2F,
    0x81, 0x4F, 0xE1, 0x34, 0xFA, 0xEC, 0x7E, 0x1E, 0x7B, 0x01, 0x07, 0xE0, 0x5E, 0xFA, 0x31, 0xFE,
    0x05, 0x2F, 0x82, 0xB7, 0xEB, 0xB1, 0xF9, 0x49, 0xBE, 0xBB, 0x1F, 0x82, 0xE3, 0xE5, 0x26, 0xF8,
    0x66, 0x7E, 0x74, 0xEF, 0x97, 0x93, 0xE3, 0x00, 0xB2, 0xED, 0x3E, 0x06, 0xCF, 0x97, 0x9B, 0xE0,
    0x6A, 0xFA, 0xED, 0x3E, 0xBB, 0x4F, 0x83, 0xB3, 0xEB, 0xB4, 0xFA, 0xED, 0x3E, 0x0D, 0x5F, 0x81,
    0xC3, 0xE5, 0xE6, 0xF9, 0x79, 0xB2, 0xBB, 0x4F, 0x97, 0x9B, 0xE5, 0xE6, 0xF9, 0x63, 0x72, 0x08,
    0x3A, 0xAE, 0xDF, 0xE0, 0x61, 0xF9, 0x7B, 0x3E, 0x0C, 0x5F, 0x81, 0x53, 0xEB, 0xB7, 0xF8, 0x2F,
    0xF3, 0x35, 0x6E, 0x9D, 0x0B, 0xDD, 0x35, 0xDB, 0xFD, 0x76, 0xFF, 0x5B, 0x77, 0xCA, 0x4F, 0xF2,
    0xB2, 0xFD, 0x76, 0x9F, 0x04, 0x8E, 0x40, 0x6B, 0x80, 0x59, 0xFC, 0x5E, 0x5F, 0x23, 0xC7, 0xCB,
    0x59, 0x80, 0x24, 0x7C, 0xBD, 0x7F, 0x5D, 0xBF, 0xC1, 0x1F, 0xF0, 0x28, 0xFC, 0x07, 0x5F, 0x5D,
    0xBF, 0xC3, 0x75, 0x75, 0xDB, 0xFC, 0x07, 0x9F, 0x2F, 0x4F, 0xC0, 0x63, 0xF2, 0xF4, 0xFC, 0xBD,
    0x3F, 0x3B, 0x66, 0x40, 0x6D, 0x45, 0xDB, 0xFC, 0x5D, 0x9F, 0x06, 0x1F, 0xD8, 0xF7, 0xA0, 0x75,
    0xC9, 0x77, 0x5F, 0x5D, 0xD7, 0xD7, 0x75, 0xF0, 0x62, 0xFC, 0x12, 0x9F, 0x2F, 0x8F, 0xC2, 0xF7,
    0xC1, 0x79, 0x7C, 0xBE, 0x3F, 0x5D, 0xEF, 0xC4, 0x89, 0xF2, 0xF8, 0xFD, 0x61, 0xD5, 0x5D, 0xD7,
    0x6E, 0xA1, 0xB0, 0xB8, 0x3A, 0xBE, 0x0E, 0xAF, 0x97, 0xE3, 0xE4, 0x85, 0xF3, 0x19, 0xA6, 0x2F,
    0xCF, 0x8B, 0xF3, 0xE5, 0xF8, 0xF8, 0xBF, 0x3E, 0x06, 0x4F, 0x97, 0xE3, 0xE0, 0xC0, 0xA2, 0xF1,
    0xFE, 0x0A, 0xFF, 0x81, 0x67, 0xE1, 0x12, 0xF8, 0x5F, 0xFE, 0x19, 0xFC, 0x01, 0x13, 0xE0, 0x61,
    0xF8, 0xBF, 0xFE, 0x05, 0x5F, 0x82, 0xEB, 0xE5, 0xF8, 0xB8, 0xCB, 0x6C, 0xBC, 0xAF, 0x82, 0xE3,
    0xE0, 0xB8, 0xF8, 0x17, 0xBE, 0x05, 0xEE, 0x03, 0x03, 0xE8, 0xDC, 0xCA, 0xF2, 0xFE, 0x06, 0x2F,
    0xC0, 0x26, 0x50, 0xA1, 0x7A, 0xFC, 0x16, 0xDF, 0x99, 0x01, 0x73, 0x6B, 0xCE, 0xFA, 0xF3, 0xBE,
    0x46, 0x6F, 0x83, 0x0F, 0xE1, 0x1D, 0xFA, 0xF3, 0xBE, 0xBC, 0xEF, 0x81, 0x4B, 0xCB, 0xCE, 0xF8,
    0x2D, 0xBE, 0x08, 0xAE, 0xA7, 0xEB, 0x2B, 0xCE, 0xF4, 0x28, 0x16, 0xDF, 0x05, 0xB7, 0xC3, 0x8B,
    0xF7, 0x06, 0x7E, 0x73, 0x02, 0x5E, 0x77, 0xC0, 0xB3, 0xF0, 0x69, 0xFD, 0x79, 0xDF, 0x5E, 0x77,
    0xCB, 0xF3, 0xF1, 0x98, 0x7D, 0x79, 0xDF, 0x6E, 0x2D, 0x4B, 0xED, 0xF2, 0xFB, 0x5A, 0x14, 0x5F,
    0x6F, 0x83, 0x27, 0xE3, 0x03, 0xF8, 0x49, 0x38, 0x30, 0x3B, 0xB7, 0x2E, 0xCB, 0xCB, 0xF8, 0x0D,
    0x7E, 0xBC, 0xBF, 0x80, 0xD3, 0xE0, 0x34, 0xF8, 0xE4, 0xFC, 0x03, 0x6C, 0xB2, 0x87, 0x0B, 0xCD,
    0xF9, 0x78, 0xB1, 0x32, 0xB4, 0xC4, 0x64, 0x1F, 0x89, 0x0F, 0xD6, 0x15, 0xFF, 0x86, 0xDF, 0xE3,
    0xD4, 0x40, 0x6B, 0xD8, 0x17, 0x5E, 0xA6, 0xCF, 0xE9, 0xD3, 0xFA, 0x7C, 0x92, 0xA1, 0x05, 0xA8,
    0xED, 0x6A, 0x5D, 0x58, 0x7D, 0x52, 0x25, 0x85, 0xB6, 0x40, 0x6A, 0x73, 0xEA, 0x6C, 0x02, 0x9D,
    0x40, 0xAA, 0x4F, 0xEA, 0xB3, 0xFA, 0xB7, 0x5E, 0xAF, 0xD1, 0xAC, 0x7C, 0xEB, 0x3F, 0x38, 0x87,
    0x16, 0x27, 0xE4, 0xAA, 0x53, 0x6A, 0xB0, 0x11, 0x88, 0x78, 0x06, 0x93, 0x17, 0x65, 0x4F, 0x33,
    0x53, 0x73, 0xCD, 0x2E, 0x13, 0x17, 0x15, 0xC0, 0xDB, 0x20, 0x09, 0x5E, 0xBA, 0x14, 0x1F, 0x86,
    0x5F, 0x04, 0x19, 0xA8, 0x9A, 0x6A, 0x10, 0xBB, 0x41, 0xA4, 0xD0, 0x09, 0x3F, 0xC2, 0x51, 0xF6,
    0x81, 0x7C, 0x20, 0xBB, 0x40, 0x28, 0x4C, 0x5D, 0xDE, 0x3F, 0xEC, 0xC4, 0x01, 0x40, 0x14, 0xDC,
    0x67, 0x3F, 0x69, 0xAF, 0xA5, 0x53, 0x93, 0x22, 0xDB, 0xFD, 0x75, 0x02, 0x16, 0x08, 0xB7, 0xC0,
    0xD5, 0x68, 0x05, 0xB4, 0xAF, 0x04, 0xC6, 0x40, 0x47, 0xA8, 0x16, 0xBE, 0x2A, 0x9F, 0x91, 0xDB,
    0x21, 0x28, 0xF8, 0x0C, 0xBE, 0x43, 0x8D, 0x00, 0x66, 0xE0, 0xCD, 0xD0, 0x3E, 0x64, 0x0C, 0xEB,
    0x81, 0xF7, 0x40, 0x36, 0xA0, 0x13, 0xA6, 0x2B, 0x7D, 0x81, 0xFA, 0xC0, 0x3A, 0xF8, 0x71, 0xF4,
    0x0E, 0xFB, 0x00, 0xF3, 0x20, 0x3B, 0xB8, 0x19, 0xBE, 0x0C, 0x1E, 0x82, 0x52, 0x52, 0x66, 0x62,
    0x54, 0x15, 0xB4, 0x15, 0x7D, 0xC0, 0xA5, 0xF0, 0x36, 0x7C, 0x0A, 0x1F, 0x05, 0x0E, 0x9A, 0x81,
    0x80, 0x1E, 0x7C, 0x14, 0x7F, 0x08, 0x06, 0x01, 0xFF, 0xF0, 0x7F, 0xE4, 0x1F, 0xBF, 0x07, 0xEF,
    0xC1, 0xFB, 0xF0, 0x0A, 0xD8, 0x0C, 0xDA, 0x02, 0xDF, 0xC2, 0x57, 0xF0, 0x7E, 0xF4, 0x0B, 0x1F,
    0x04, 0xAF, 0x4B, 0x09, 0x50, 0x61, 0x7C, 0x1F, 0xBF, 0x07, 0xEF, 0xC0, 0x39, 0x42, 0x98, 0x5C,
    0x15, 0x7F, 0x07, 0xF7, 0xC1, 0xFD, 0xF0, 0x28, 0xF8, 0x07, 0x9F, 0x07, 0xFF, 0xC0, 0x7D, 0xF0,
    0x80, 0x7C, 0x0D, 0x5F, 0x17, 0xF5, 0xC3, 0x29, 0x70, 0x0C, 0x4C, 0x02, 0xD3, 0x02, 0xAF, 0xC2,
    0x03, 0xF0, 0x80, 0xFC, 0x0A, 0x77, 0x10, 0x34, 0xA5, 0xD4, 0x20, 0xDD, 0xD4, 0x0A, 0xD2, 0x08,
    0x1F, 0xC0, 0x7F, 0xF1, 0x01, 0x7C, 0x10, 0xBF, 0x06, 0xB7, 0xC2, 0x09, 0xF0, 0x82, 0x7C, 0x20,
    0x9F, 0x0F, 0xFF, 0xC0, 0xBB, 0xF0, 0xFF, 0xFC, 0x3F, 0xFF, 0x02, 0xBF, 0xC3, 0xFF, 0xF0, 0x62,
    0x7C, 0x12, 0x1F, 0x0F, 0xFF, 0xC1, 0x55, 0xF0, 0x80, 0x7C, 0x20, 0x1F, 0x03, 0xDF, 0xC0, 0x75,
    0xF0, 0x7F, 0xFC, 0x3F, 0xFF, 0x07, 0xF7, 0xC0, 0xCD, 0xF0, 0xCB, 0x7C, 0x0A, 0x1F, 0x07, 0xDF,
    0xC1, 0xF7, 0xF0, 0x7D, 0xF2, 0x63, 0x42, 0x17, 0xFD, 0x84, 0x01, 0xF0, 0x1E, 0xFC, 0x14, 0x9F,
    0x10, 0x07, 0xC4, 0x01, 0xF0, 0x7D, 0xFC, 0x1F, 0x7F, 0x07, 0xDF, 0xC0, 0xD3, 0xF0, 0x2F, 0x7C,
    0x25, 0x3F, 0x14, 0x0C, 0xA0, 0xC1, 0x5B, 0xA6, 0x1C, 0x40, 0x9F, 0x02, 0xE7, 0xC4, 0x09, 0xF0,
    0x16, 0xFC, 0x1E, 0xF8, 0x02, 0xC5, 0x43, 0xF3, 0x70, 0x6B, 0xFC, 0x1F, 0x1F, 0x07, 0xC7, 0xC1,
    0xB7, 0x60, 0x24, 0xD1, 0x68, 0x75, 0x0F, 0xE5, 0xC1, 0x99, 0xF0, 0x7E, 0x7C, 0x08, 0x3F, 0x05,
    0xFD, 0x00, 0x83, 0xF0, 0xAA, 0x68, 0x0D, 0xBF, 0x27, 0x06, 0xC3, 0x3D, 0x80, 0x1E, 0x7C, 0x07,
    0x95, 0x01, 0x84, 0xC3, 0x57, 0xF0, 0x57, 0x61, 0x15, 0xFB, 0x08, 0x7D, 0xE5, 0xB4, 0x24, 0x12,
    0x4C, 0x41, 0x7F, 0x05, 0x8F, 0xDB, 0xA1, 0xA0, 0x61, 0xD1, 0xEC, 0x12, 0x08, 0x6F, 0xC2, 0x1B,
    0x87, 0xED, 0xEC, 0x21, 0xF7, 0x86, 0x84, 0x3F, 0xEA, 0x35, 0xDA, 0x1B, 0xEE, 0x20, 0xBF, 0x81,
    0x7F, 0xE8, 0xA4, 0xC0, 0x82, 0xF6, 0x04, 0x49, 0x01, 0x5F, 0xE8, 0xF4, 0xF8, 0x82, 0xFE, 0x20,
    0xBF, 0xA2, 0x6B, 0xA2, 0x0B, 0xF8, 0x2C, 0x3E, 0x07, 0xAF, 0x84, 0x4B, 0x0F, 0xAB, 0xD8, 0x82,
    0xFE, 0x03, 0xAF, 0x84, 0x3B, 0xE2, 0x0B, 0xF8, 0x19, 0xBE, 0x0B, 0xEC, 0x06, 0x87, 0x0C, 0xD4,
    0x90, 0x14, 0x3E, 0x20, 0xBF, 0x83, 0xF7, 0xCF, 0x92, 0xC8, 0x3F, 0x73, 0xCA, 0x10, 0x6E, 0x00,
    0xF7, 0x30, 0x7F, 0x7C, 0x14, 0xDF, 0x05, 0x36, 0x00, 0x4F, 0x30, 0x7F, 0xFC, 0x1F, 0xF9, 0x07,
    0xEF, 0xC1, 0xFB, 0xF0, 0x7E, 0xFC, 0x0D, 0x7F, 0x07, 0xF7, 0xC2, 0x57, 0xF0, 0x80, 0x7C, 0x0B,
    0x1F, 0x04, 0xC7, 0xC8, 0x1D, 0xF0, 0x62, 0xFC, 0x20, 0x1F, 0x20, 0x77, 0xC1, 0x61, 0xF0, 0x80,
    0xFC, 0x20, 0x3B, 0x79, 0xA7, 0x84, 0x2D, 0xF0, 0x20, 0xFC, 0x20, 0xFF, 0x02, 0x1F, 0xC2, 0x11,
    0xF0, 0x64, 0x7D, 0xE5, 0x52, 0x20, 0x9F, 0xC8, 0x27, 0xF0, 0x85, 0xFC, 0x62, 0xFF, 0x31, 0x07,
    0xC2, 0x17, 0x44, 0x95, 0x4C, 0x41, 0x3F, 0x02, 0x0F, 0xC8, 0x2B, 0xF2, 0x0A, 0xFC, 0x82, 0xBF,
    0x20, 0xAF, 0xC6, 0x33, 0xF1, 0x8C, 0xFC, 0x82, 0xBF, 0x08, 0x57, 0xC6, 0x89, 0xF2, 0x0A, 0xFC,
    0x0A, 0xFF, 0x1B, 0x87, 0xC1, 0x8D, 0xF0, 0x84, 0x7C, 0x82, 0xBF, 0x10, 0x4F, 0xC2, 0x0F, 0xF0,
    0x83, 0xFC, 0x78, 0xDF, 0x10, 0x4F, 0xC0, 0x75, 0xF0, 0x80, 0xFC, 0x41, 0x3F, 0x03, 0x37, 0xC8,
    0x2B, 0xF2, 0x0A, 0xFC, 0x0A, 0x1F, 0x04, 0xEF, 0xC8, 0x2B, 0xF2, 0x88, 0xF0, 0x82, 0xBF, 0x01,
    0xEF, 0xC8, 0x2B, 0xF2, 0x0A, 0xFC, 0x82, 0xBF, 0x07, 0xDF, 0xC1, 0xF7, 0xF0, 0x7D, 0xFC, 0x82,
    0xBF, 0x02, 0xF7, 0xC2, 0xFD, 0x30, 0xDA, 0xFC, 0x8E, 0xDD, 0x10, 0x67, 0xC4, 0x19, 0xF2, 0x0B,
    0x7C, 0x37, 0xBF, 0x20, 0xB7, 0xC1, 0xB1, 0xF0, 0x3B, 0x7C, 0x60, 0x7F, 0x20, 0xB6, 0x88, 0xC1,
    0x35, 0x68, 0xC8, 0x19, 0xBF, 0x20, 0xB7, 0xC0, 0x83, 0xF0, 0x20, 0xFC, 0x08, 0x3F, 0x20, 0xB7,
    0xC5, 0xA7, 0xB2, 0x0B, 0x7C, 0x07, 0x9F, 0x0A, 0xDF, 0xC1, 0xB1, 0x90, 0x7D, 0xFC, 0x09, 0x9F,
    0x92, 0x40, 0x2B, 0xF3, 0xFB, 0x04, 0xFE, 0xC3, 0x01, 0xB1, 0x40, 0xAC, 0x7B, 0x4B, 0x26, 0xD2,
    0x23, 0xFF, 0x8A, 0x7F, 0xED, 0xB0, 0x1A, 0xFD, 0x2A, 0xC0, 0x22, 0x5F, 0x83, 0x23, 0xEB, 0x22,
    0x9C, 0x99, 0x64, 0x53, 0x01, 0x7E, 0x40, 0x11, 0x29, 0x50, 0x33, 0xFE, 0x16, 0xBD, 0xD9, 0x92,
    0xE7, 0x20, 0xF3, 0x54, 0x02, 0x92, 0x94, 0xAD, 0xBA, 0x60, 0x57, 0xF8, 0x8B, 0xBE, 0x07, 0x8B,
    0x80, 0x5E, 0x4D, 0xAC, 0x9A, 0x3A, 0x26, 0x45, 0x3B, 0x84, 0xD7, 0xE2, 0x31, 0xFB, 0xA3, 0x66,
    0x04, 0xFA, 0x01, 0x2F, 0x81, 0x39, 0xF8, 0x8D, 0xBC, 0x05, 0x0C, 0x84, 0xD3, 0xE1, 0x92, 0xF8,
    0x8D, 0xFE, 0x23, 0x7F, 0x88, 0xDF, 0xE2, 0x37, 0xF8, 0x36, 0xFE, 0x13, 0xDF, 0x87, 0xA3, 0xE0,
    0xBE, 0xC1, 0x3B, 0xA8, 0x03, 0xDF, 0x88, 0xEB, 0xE2, 0x3A, 0xF8, 0x8E, 0xBE, 0x06, 0x9F, 0x87,
    0x43, 0xE0, 0x53, 0xF8, 0x8E, 0xBE, 0x23, 0xAF, 0x88, 0xEB, 0xE2, 0x3A, 0xF8, 0x0F, 0x7E, 0x0A,
    0x7F, 0x88, 0xEB, 0xE1, 0x09, 0xF8, 0x35, 0x3E, 0x23, 0xAF, 0x84, 0x13, 0xE2, 0x3A, 0xF8, 0x8E,
    0xBE, 0x65, 0x0F, 0x8C, 0xE7, 0xE6, 0x4C, 0xF8, 0x25, 0xBE, 0x44, 0x2F, 0x83, 0x0F, 0xE0, 0x34,
    0xFA, 0x14, 0x7E, 0x0A, 0xEF, 0x84, 0x0B, 0xE1, 0x02, 0xF8, 0x40, 0xBE, 0x28, 0xAC, 0x80, 0xFF,
    0xE1, 0x03, 0xF8, 0x10, 0x7E, 0x10, 0x4F, 0x81, 0xB7, 0xE8, 0x54, 0xE8, 0x67, 0x27, 0x67, 0x03,
    0x94, 0x88, 0x87, 0xF0, 0x2D, 0xFC, 0x0E, 0xDF, 0x02, 0xCF, 0xD4, 0xBD, 0x51, 0x0D, 0xFC, 0x43,
    0x7F, 0x02, 0x3F, 0xC4, 0x37, 0xF1, 0x0D, 0xFC, 0x22, 0x3F, 0x07, 0x2F, 0xC4, 0x37, 0xF0, 0x8B,
    0x7C, 0x22, 0xDF, 0x10, 0xDF, 0xC4, 0x37, 0xF1, 0x0D, 0xFC, 0x43, 0x7F, 0x10, 0xDF, 0xC1, 0x59,
    0xF1, 0x0D, 0xFC, 0x1B, 0x3F, 0x01, 0x9F, 0xC4, 0x37, 0xF0, 0x5E, 0x7C, 0x23, 0x1F, 0x08, 0xC7,
    0xC8, 0xA7, 0xF0, 0x1D, 0x7C, 0x22, 0x9F, 0x10, 0xC7, 0xC2, 0x27, 0xF0, 0x65, 0xFC, 0x43, 0x1F,
    0x02, 0x87, 0xC2, 0x1B, 0xF0, 0x86, 0xFD, 0x4C, 0xFF, 0x10, 0xAF, 0xC0, 0x75, 0xF1, 0x0A, 0xFC,
    0x20, 0x7F, 0x10, 0xAF, 0xC4, 0x2B, 0xF0, 0x7F, 0x7C, 0x1F, 0xDF, 0x10, 0xAF, 0xC0, 0xB7, 0xF0,
    0x97, 0xF4, 0x2D, 0x33, 0x10, 0xBF, 0xC0, 0xB5, 0xF0, 0x4A, 0xE4, 0x5B, 0xB8, 0x22, 0x87, 0xD0,
    0x4B, 0xF2, 0x07, 0x7C, 0x1A, 0xBF, 0x07, 0xB7, 0xD0, 0xCF, 0xF1, 0x07, 0xFC, 0x19, 0x5F, 0x22,
    0x87, 0xC0, 0x83, 0xF4, 0x33, 0xFC, 0x08, 0x3F, 0x03, 0x87, 0xD0, 0xCF, 0xF2, 0x48, 0x64, 0x34,
    0xB5, 0x94, 0xB4, 0xA7, 0x00, 0x42, 0xFA, 0x1B, 0x7E, 0x76, 0xFF, 0xA1, 0xB7, 0xE3, 0x2C, 0xD0,
    0x88, 0x7E, 0x22, 0x1F, 0x94, 0x37, 0xE2, 0x21, 0xC2, 0x0B, 0xA4, 0x22, 0x1F, 0x9D, 0xDB, 0xE7,
    0x4A, 0xF8, 0x88, 0x6C, 0x77, 0xA9, 0x08, 0x87, 0xE7, 0x7B, 0xF8, 0x88, 0x7E, 0x22, 0x1F, 0x95,
    0xDF, 0xE2, 0x21, 0xFA, 0x1F, 0xFE, 0x06, 0x4F, 0xA1, 0xFF, 0xE0, 0xCE, 0xF8, 0x6D, 0xBE, 0x87,
    0xFF, 0x83, 0x0B, 0xE2, 0x21, 0xF9, 0x5E, 0xFE, 0x08, 0x4D, 0x83, 0xAB, 0x20, 0x3D, 0xF8, 0x89,
    0x3E, 0x22, 0x4F, 0x88, 0x93, 0xE0, 0x69, 0xFA, 0x05, 0xBE, 0x05, 0x3F, 0x88, 0x93, 0xE8, 0x82,
    0xFA, 0x20, 0xBE, 0xA9, 0x0E, 0x22, 0x0B, 0xE0, 0x3F, 0xFA, 0x20, 0xBE, 0x88, 0x2F, 0xA2, 0x0B,
    0xE8, 0x82, 0xF8, 0x41, 0xBE, 0x10, 0x6F, 0xA2, 0x0B, 0xE0, 0x60, 0xF8, 0x4D, 0xFC, 0xEE, 0x2A,
    0x99, 0xE3, 0xE0, 0x5B, 0xF9, 0x9E, 0x3E, 0x0C, 0x8F, 0x84, 0x1B, 0xE1, 0x06, 0xF9, 0x10, 0xBE,
    0x0B, 0x3F, 0x84, 0x1F, 0xE8, 0x85, 0xF8, 0xB7, 0x3E, 0x03, 0xEF, 0x84, 0x1F, 0xE0, 0x40, 0xF8,
    0x42, 0x3E, 0x06, 0xCF, 0xA2, 0x0B, 0xA4, 0x41, 0xF8, 0x16, 0xBE, 0x10, 0xEF, 0xA2, 0x17, 0xE6,
    0x5F, 0xF4, 0xC8, 0x44, 0x1F, 0x11, 0x07, 0xC0, 0x91, 0xF1, 0x70, 0x6A, 0x65, 0x42, 0xA0, 0x91,
    0x17, 0xE1, 0x17, 0xF9, 0x11, 0x7E, 0x0E, 0xBF, 0x91, 0x23, 0xE1, 0x1F, 0xF8, 0xD2, 0x7A, 0x49,
    0xBD, 0x08, 0xA7, 0xE1, 0x26, 0xF8, 0xDF, 0x3C, 0x01, 0xC9, 0x4D, 0x4D, 0xA9, 0x82, 0x27, 0x7C,
    0x0E, 0x1F, 0x1D, 0x66, 0x80, 0xA9, 0x4C, 0x38, 0x3A, 0x7E, 0x12, 0x8F, 0x91, 0x47, 0xE2, 0x2F,
    0xF8, 0x33, 0x3E, 0x12, 0x7F, 0x90, 0x0B, 0xE0, 0xAE, 0xB8, 0x8B, 0xFE, 0x03, 0xDF, 0x84, 0x9F,
    0xE2, 0x2F, 0xF8, 0x1B, 0x3E, 0x3B, 0xEE, 0x02, 0x8E, 0x64, 0x57, 0xF8, 0x15, 0xBE, 0x07, 0x0F,
    0x81, 0x53, 0xE1, 0xD1, 0xF9, 0x16, 0xB4, 0x06, 0x0B, 0x01, 0x0F, 0xE0, 0xB0, 0xF8, 0x07, 0xEC,
    0x0C, 0x8A, 0x81, 0x2E, 0xA1, 0x21, 0xF9, 0x18, 0xFE, 0x0E, 0x6D, 0x80, 0xE2, 0x60, 0xD1, 0xA8,
    0x8F, 0xFE, 0x11, 0xFF, 0x82, 0xAB, 0x80, 0x7B, 0xB0, 0x20, 0xEC, 0x9E, 0xBF, 0x89, 0xCB, 0x41,
    0xF1, 0xF8, 0xA9, 0xFA, 0x03, 0x99, 0xD2, 0xA1, 0x33, 0x28, 0x6D, 0x04, 0x00, 0x72, 0x00, 0x84,
    0xA5, 0x33, 0x50, 0xBF, 0xC8, 0x03, 0x54, 0xAB, 0x80, 0x6A, 0x95, 0x70, 0x04, 0xCC, 0xEA, 0x9D,
    0x53, 0x15, 0xA5, 0x20, 0x1C, 0x9C, 0xAE, 0x7F, 0x2C, 0x9F, 0xCB, 0x7A, 0xF2, 0xEE, 0x8C, 0xBF,
    0xE7, 0x30, 0xF9, 0xC2, 0xF8, 0xB0, 0xEF, 0x24, 0xAE, 0x9B, 0x2C, 0x80, 0xD3, 0x67, 0xF4, 0xE9,
    0xFD, 0x3E, 0x23, 0x50, 0x82, 0x54, 0x7E, 0x55, 0x2D, 0x04, 0x3F, 0x7B, 0x12, 0xCD, 0xDB, 0x20,
    0x15, 0x39, 0xC5, 0x37, 0x0D, 0x4E, 0xC0, 0x55, 0x27, 0xF5, 0x59, 0xFD, 0x5A, 0x23, 0x57, 0x82,
    0x56, 0x3E, 0x55, 0x9D, 0x04, 0x43, 0x7B, 0x13, 0xCD, 0xD5, 0x30, 0xD5, 0x5C, 0x02, 0x14, 0xE9,
    0x11, 0xB1, 0x41, 0x2C, 0x7F, 0x2B, 0x26, 0x82, 0x23, 0xBD, 0x8A, 0x66, 0xED, 0xB0, 0x0A, 0xFE,
    0x1A, 0xC1, 0x80, 0xA7, 0x60, 0xEA, 0xB8, 0x3B, 0x06, 0x0C, 0x07, 0x97, 0x7D, 0x9C, 0xA6, 0x53,
    0x98, 0x15, 0x6E, 0x01, 0x5B, 0x97, 0x57, 0x01, 0xA3, 0x39, 0x75, 0x7B, 0x0E, 0x19, 0x69, 0x4C,
    0x6C, 0xE0, 0x42, 0xB0, 0x04, 0x30, 0x17, 0x09, 0x53, 0xB0, 0x15, 0x5C, 0x00, 0x07, 0xAE, 0x06,
    0x1A, 0x10, 0xDE, 0x72, 0x92, 0x1B, 0xD6, 0x6B, 0x41, 0x00, 0xA5, 0xA6, 0xB3, 0x9A, 0xB9, 0x0E,
    0xEA, 0x02, 0x89, 0x4B, 0x6B, 0x8B, 0xAE, 0x98, 0x29, 0x24, 0x02, 0x8A, 0x01, 0xF2, 0x40, 0x24,
    0xB8, 0x00, 0xE9, 0x41, 0xAD, 0x8B, 0xC6, 0x56, 0x60, 0x39, 0x48, 0x05, 0x7B, 0x00, 0x64, 0xA6,
    0x33, 0x9E, 0x50, 0x07, 0x66, 0x01, 0xC9, 0x80, 0x6E, 0x60, 0x16, 0xA4, 0xC6, 0x72, 0x01, 0xEA,
    0xCB, 0xA7, 0x38, 0x70, 0x0D, 0x7C, 0x08, 0xD7, 0x02, 0x2C, 0xDB, 0x37, 0x80, 0x0A, 0x4C, 0x08,
    0x14, 0x01, 0x16, 0x40, 0x1B, 0xA9, 0x6C, 0xE7, 0x94, 0x00, 0x7E, 0x01, 0x66, 0x40, 0x2A, 0xF8,
    0x24, 0x2C, 0x01, 0x0B, 0x81, 0x6A, 0x40, 0x26, 0xF8, 0x03, 0x74, 0x11, 0x49, 0x01, 0x6E, 0xC0,
    0x22, 0xF8, 0x13, 0x74, 0x06, 0x2A, 0x81, 0xB3, 0xE0, 0x68, 0xF8, 0x06, 0xB4, 0x38, 0x9A, 0x01,
    0x93, 0xE0, 0x1A, 0xB0, 0x18, 0x28, 0x01, 0x7F, 0x4A, 0xA9, 0x70, 0x22, 0x95, 0x4E, 0x67, 0x02,
    0x03, 0x67, 0x68, 0x30, 0xE0, 0x0F, 0x6C, 0x1D, 0x73, 0x06, 0x17, 0x20, 0x40, 0x3E, 0xF8, 0x30,
    0xB1, 0x81, 0x01, 0xD7, 0xC1, 0x85, 0xF0, 0x0D, 0x7C, 0xAD, 0x7A, 0x06, 0x16, 0x42, 0x59, 0x30,
    0x4D, 0xFC, 0x18, 0x57, 0x09, 0x8D, 0x40, 0xAB, 0xB6, 0x0A, 0xD0, 0x05, 0xBF, 0x06, 0x2F, 0xC1,
    0x8B, 0xF1, 0x1B, 0xFC, 0x0D, 0x75, 0x02, 0xC5, 0xB0, 0x20, 0x26, 0xF8, 0x15, 0x36, 0x0F, 0xDB,
    0x05, 0x52, 0x62, 0x75, 0xA0, 0x1D, 0x30, 0x03, 0x19, 0x80, 0x6F, 0xE0, 0x42, 0xEC, 0xD4, 0x11,
    0xFF, 0x0C, 0x97, 0xC1, 0x95, 0x81, 0xD4, 0x4E, 0x54, 0x3A, 0x8C, 0x81, 0xD3, 0x12, 0xDA, 0x10,
    0x41, 0xB8, 0x18, 0xFF, 0x86, 0x3F, 0xE0, 0xCC, 0xD6, 0xC0, 0x07, 0x9F, 0x06, 0x67, 0xC0, 0x35,
    0xF0, 0x66, 0x7C, 0x25, 0x5F, 0x06, 0x67, 0xE7, 0x2C, 0x7B, 0xD0, 0x15, 0xF1, 0x2A, 0x0F, 0x4C,
    0x80, 0x5B, 0xF0, 0x66, 0x7C, 0x32, 0x5F, 0x0C, 0x97, 0xC0, 0xBD, 0x50, 0x11, 0x7C, 0x0A, 0x15,
    0x07, 0x0D, 0x03, 0x25, 0xF0, 0xC9, 0x7C, 0x03, 0x5F, 0x07, 0x1E, 0x00, 0xCF, 0xF0, 0xC9, 0x54,
    0x0C, 0x72, 0x0D, 0x57, 0xC5, 0x79, 0xA0, 0x37, 0xEE, 0x14, 0x28, 0x0C, 0x4C, 0x6B, 0xD5, 0x70,
    0x63, 0xD0, 0x03, 0xB2, 0x0C, 0xA7, 0x88, 0x83, 0x30, 0x63, 0xFC, 0x18, 0xF7, 0x97, 0x11, 0x56,
    0xC1, 0xB0, 0xA0, 0x0C, 0xE5, 0x31, 0x01, 0x94, 0xA6, 0x20, 0xCC, 0xF0, 0x07, 0xFE, 0x1F, 0x3D,
    0x06, 0x67, 0xE0, 0x27, 0xD0, 0x31, 0x7A, 0x0C, 0xDF, 0x85, 0x7E, 0x60, 0x2B, 0xF8, 0x32, 0xBE,
    0x0C, 0xA9, 0x80, 0x9F, 0x03, 0x3F, 0xA8, 0xA5, 0xBC, 0x19, 0x7C, 0xEC, 0x00, 0x4D, 0xF0, 0x39,
    0x5A, 0x6A, 0x02, 0x1E, 0x86, 0x13, 0xC0, 0x19, 0xF8, 0xC4, 0x2E, 0x63, 0x59, 0xCA, 0x66, 0x78,
    0x10, 0xD9, 0xE0, 0x04, 0x1F, 0x19, 0x77, 0xC6, 0x5D, 0xF1, 0x97, 0x58, 0x33, 0x7E, 0x0D, 0xE4,
    0xE5, 0xD5, 0xC3, 0xB6, 0x54, 0x9E, 0x53, 0x98, 0xD9, 0xC5, 0x0D, 0x20, 0xCE, 0xF8, 0x09, 0x1F,
    0x19, 0x6E, 0xC0, 0x85, 0xA0, 0x68, 0x7C, 0x03, 0x5F, 0x19, 0x6F, 0xC3, 0x3B, 0xA0, 0x32, 0xFC,
    0x65, 0xBF, 0x06, 0x7F, 0xC1, 0x9F, 0xF0, 0x67, 0xFC, 0x04, 0xDF, 0x19, 0x6F, 0xC0, 0x45, 0xF1,
    0x96, 0xFC, 0x15, 0xFE, 0x03, 0x47, 0xC2, 0x73, 0xF1, 0x96, 0xE8, 0x03, 0x5D, 0x19, 0x6F, 0xC6,
    0x5B, 0xF0, 0x63, 0x7C, 0x2F, 0xD3, 0x98, 0xD7, 0x08, 0xF1, 0x5E, 0x50, 0x08, 0xA5, 0x32, 0x2D,
    0xCC, 0xC3, 0x39, 0xE8, 0x88, 0x10, 0xA4, 0x69, 0xF9, 0x03, 0x1B, 0xE2, 0xA1, 0xA2, 0x42, 0x68,
    0x01, 0xB9, 0x83, 0x1B, 0xE0, 0x1A, 0xF8, 0x99, 0x3E, 0x19, 0x7E, 0x4C, 0x6B, 0x89, 0x15, 0xB0,
    0x10, 0x28, 0x03, 0xC9, 0x0C, 0xD3, 0xE0, 0xC9, 0xF4, 0x46, 0xBB, 0x12, 0x01, 0x6F, 0xC1, 0x93,
    0xF0, 0x26, 0x52, 0x64, 0x04, 0xCA, 0x8C, 0xC7, 0xE3, 0x31, 0xF0, 0x09, 0xBE, 0x33, 0x1F, 0x83,
    0x36, 0x60, 0x26, 0xD0, 0x5E, 0x7E, 0x32, 0xDF, 0x82, 0x2F, 0x00, 0x17, 0xA0, 0x29, 0xF6, 0x03,
    0x0F, 0x8C, 0xBB, 0xE3, 0xA3, 0xE0, 0x22, 0xA6, 0x36, 0xB9, 0xB6, 0xF2, 0x40, 0x23, 0x94, 0xD4,
    0x66, 0x1F, 0x07, 0xEC, 0x80, 0xB7, 0x38, 0xA8, 0x32, 0xFE, 0x26, 0x8B, 0x03, 0xA6, 0xE6, 0xFC,
    0x98, 0x10, 0x6E, 0x0C, 0xEF, 0x81, 0xE7, 0xE0, 0xCE, 0xF8, 0x4C, 0x30, 0x1D, 0x6B, 0x0A, 0xB3,
    0x02, 0x68, 0xF8, 0x17, 0xFE, 0x12, 0xBA, 0x05, 0x77, 0xE0, 0xD1, 0xF8, 0x66, 0xFE, 0x19, 0xBF,
    0x89, 0x9F, 0xE3, 0x36, 0xF8, 0xCD, 0xB2, 0x19, 0xBF, 0x86, 0x6F, 0xE0, 0xE8, 0xF8, 0x1A, 0xAE,
    0x59, 0x8D, 0x0C, 0xE3, 0xE2, 0x64, 0xD1, 0x84, 0x27, 0x29, 0x30, 0x86, 0x45, 0x0D, 0xC2, 0x65,
    0x7C, 0x4B, 0xF9, 0x1B, 0xB7, 0xC6, 0x6B, 0xD2, 0x3E, 0xE4, 0x3C, 0xB7, 0x13, 0x1F, 0x40, 0x3D,
    0xF1, 0x31, 0xFC, 0x3F, 0xDD, 0x1E, 0xBF, 0xC0, 0xC9, 0x61, 0xA6, 0x78, 0x4C, 0xB5, 0x01, 0x67,
    0xF0, 0x69, 0x19, 0xC8, 0x32, 0xBA, 0x0F, 0x6C, 0x8D, 0xCB, 0xE0, 0x71, 0xAD, 0x04, 0xFC, 0xF2,
    0x00, 0x35, 0x81, 0xA7, 0xA9, 0xD4, 0xFE, 0x77, 0x3F, 0x9E, 0x41, 0xE7, 0xB1, 0x29, 0xF7, 0xCA,
    0x7F, 0xF2, 0x81, 0xD8, 0x20, 0xD7, 0x2A, 0x04, 0xE2, 0x75, 0x4F, 0x9D, 0xC0, 0x00, 0x6F, 0xC1,
    0xD6, 0x4A, 0x67, 0x57, 0x02, 0x4D, 0xCC, 0x6D, 0x81, 0xB8, 0x75, 0x2E, 0x73, 0x88, 0x80, 0xDE,
    0x63, 0x50, 0xE9, 0xAA, 0x29, 0x20, 0x97, 0x79, 0x25, 0xF1, 0x99, 0x87, 0xFE, 0x17, 0x14, 0x87,
    0x45, 0x2D, 0xD0, 0x1B, 0x7C, 0x06, 0x63, 0x35, 0x95, 0xC0, 0x25, 0x90, 0x30, 0x18, 0x7E, 0x67,
    0x81, 0x01, 0x85, 0xA6, 0xD3, 0x98, 0x12, 0x79, 0x6A, 0x09, 0x5B, 0x9A, 0x43, 0x80, 0x2F, 0x9C,
    0xD8, 0x39, 0x9F, 0x1A, 0xFE, 0x26, 0x23, 0x5F, 0xF9, 0xC3, 0xAA, 0x68, 0xDF, 0x87, 0x32, 0x64,
    0x17, 0xB0, 0x40, 0x68, 0x0E, 0x8B, 0x14, 0x07, 0xE2, 0xDF, 0xE9, 0x0B, 0xAA, 0x69, 0x5F, 0x00,
    0x2E, 0x60, 0x38, 0xD0, 0x42, 0x68, 0x9A, 0xDB, 0x92, 0x8F, 0xA8, 0x19, 0xFA, 0x06, 0x6A, 0x06,
    0x2F, 0x80, 0x9E, 0xC4, 0xB0, 0xF8, 0x0D, 0x76, 0x00, 0xD9, 0x8C, 0x66, 0x88, 0x0F, 0xFA, 0x03,
    0xEA, 0x12, 0x1F, 0x82, 0x06, 0x87, 0xE7, 0x90, 0x10, 0xFE, 0x04, 0x3F, 0x83, 0x1B, 0xA0, 0x33,
    0xB1, 0x4C, 0x3E, 0x46, 0x5B, 0x80, 0x3E, 0x81, 0xFD, 0xD8, 0x1E, 0x74, 0x6C, 0xBD, 0x01, 0x43,
    0xE0, 0x50, 0xA8, 0x2B, 0x7E, 0x0A, 0x1B, 0x95, 0x17, 0xE0, 0x37, 0xD8, 0x29, 0xFE, 0x18, 0x8F,
    0x02, 0xE3, 0x74, 0x13, 0xF6, 0xD4, 0x13, 0xBF, 0x01, 0x0E, 0x07, 0x6F, 0xF2, 0x4E, 0x64, 0x28,
    0x32, 0x10, 0xCF, 0xCD, 0xC9, 0xD0, 0x8C, 0xFC, 0x69, 0x99, 0x01, 0xCC, 0xC0, 0x99, 0xF0, 0x8E,
    0xFC, 0xCC, 0x1F, 0x08, 0xEF, 0xC2, 0xAD, 0x70, 0x90, 0x7C, 0x1B, 0x9F, 0x06, 0xE7, 0xC2, 0x41,
    0xF0, 0x90, 0x68, 0x09, 0x74, 0x04, 0x2F, 0xC2, 0x47, 0xC0, 0x35, 0x48, 0x1A, 0x5F, 0x09, 0x1F,
    0xC3, 0x4B, 0xC3, 0x13, 0x60, 0x08, 0xDF, 0x02, 0x37, 0xCB, 0xFD, 0x61, 0x62, 0xCE, 0x62, 0x2C,
    0x5A, 0x04, 0x9F, 0xE1, 0x27, 0xF8, 0x49, 0xF2, 0x05, 0xAB, 0x04, 0xAB, 0xC7, 0x2C, 0xC0, 0x15,
    0xFE, 0x12, 0xAF, 0x84, 0xAB, 0xE2, 0x03, 0xF1, 0xCF, 0x34, 0x12, 0xEF, 0x1D, 0x0B, 0x40, 0x6E,
    0xF8, 0x1B, 0xBE, 0x13, 0x9A, 0x81, 0x6B, 0x42, 0x79, 0x92, 0x30, 0xF2, 0x31, 0x7E, 0x84, 0xB6,
    0x93, 0x29, 0x9C, 0x08, 0xB7, 0xDB, 0x03, 0x0F, 0xC0, 0xC3, 0xF2, 0x1B, 0x6A, 0x64, 0x43, 0x6F,
    0x8A, 0x3B, 0x07, 0x65, 0xE0, 0x05, 0x26, 0x14, 0xDD, 0x0E, 0xD6, 0x62, 0xF9, 0x98, 0x1E, 0xEA,
    0x14, 0xCF, 0x8F, 0x27, 0x20, 0x19, 0x99, 0xDC, 0x3E, 0x02, 0x5A, 0x09, 0xAB, 0xE9, 0xD8, 0xB8,
    0x52, 0x7E, 0x09, 0x3F, 0x82, 0x4F, 0xE3, 0xE2, 0xB0, 0x09, 0xE6, 0x26, 0xAB, 0x09, 0x1E, 0xC0,
    0x38, 0xF8, 0x04, 0x2E, 0x38, 0x4A, 0x02, 0x3F, 0xE1, 0x49, 0xC1, 0x42, 0x36, 0x92, 0x3D, 0x01,
    0x0F, 0xE0, 0x43, 0xF8, 0x35, 0xE8, 0x03, 0x0B, 0x85, 0x0B, 0xE0, 0xD2, 0x98, 0x14, 0x70, 0x39,
    0x7D, 0x29, 0xF6, 0xC0, 0x7C, 0xD1, 0xE9, 0xB4, 0x05, 0x0F, 0x83, 0x83, 0xE0, 0xB0, 0xC8, 0x9B,
    0x7E, 0x03, 0xAF, 0x82, 0xAB, 0xE0, 0x66, 0xF8, 0x19, 0xBE, 0x06, 0x6B, 0x3A, 0x9E, 0x80, 0xA8,
    0xC2, 0xAF, 0xA4, 0x0A, 0x8F, 0x80, 0xB3, 0x00, 0xA8, 0xF8, 0x15, 0xFE, 0x28, 0x3D, 0x9F, 0x5A,
    0x63, 0xF6, 0x90, 0xA0, 0xFE, 0x7D, 0x5F, 0x8A, 0x17, 0xE2, 0x85, 0xF2, 0xBF, 0xA4, 0x4E, 0x8F,
    0x8A, 0x1B, 0xE7, 0xE2, 0xF8, 0xA1, 0xFE, 0x28, 0x7B, 0x2D, 0x12, 0x82, 0x87, 0xF0, 0x0B, 0x2C,
    0x09, 0x2F, 0x82, 0x4B, 0xE2, 0x87, 0xF8, 0xA1, 0xF0, 0x03, 0xCE, 0x81, 0x96, 0xC0, 0xFD, 0xD0,
    0x25, 0xFE, 0x28, 0xAF, 0x88, 0xAB, 0xE0, 0x47, 0xF8, 0x11, 0xFE, 0x07, 0xFF, 0x89, 0xDB, 0xA8,
    0x16, 0xF8, 0xA2, 0x3E, 0x67, 0xCB, 0x0A, 0x17, 0x84, 0xDE, 0xC0, 0x14, 0xBE, 0x0E, 0xAF, 0x8A,
    0x17, 0xA4, 0xE1, 0xD0, 0x70, 0x2A, 0x03, 0xBD, 0x01, 0x7B, 0xE0, 0x5E, 0xAB, 0x7F, 0xF4, 0x6A,
    0xCA, 0xA0, 0xF7, 0xE2, 0xF4, 0xC8, 0xE8, 0x2C, 0x5B, 0x8F, 0x81, 0xAF, 0xC0, 0x24, 0xB8, 0xA0,
    0xBE, 0x05, 0xEF, 0x93, 0xB3, 0xE4, 0xEC, 0xF8, 0x43, 0x6A, 0x67, 0x5D, 0xA1, 0x33, 0x01, 0x4C,
    0xFA, 0x14, 0x3E, 0x08, 0xDF, 0x93, 0xB3, 0x40, 0x57, 0xD0, 0x51, 0xBE, 0x03, 0x8B, 0x05, 0xDB,
    0xA1, 0x46, 0xF8, 0x27, 0xFE, 0x06, 0x5F, 0x93, 0xBF, 0xE0, 0x38, 0xF9, 0x3B, 0xFE, 0x08, 0xEF,
    0x8F, 0x2F, 0xE0, 0x84, 0xB8, 0x7F, 0xA6, 0x04, 0x3F, 0x81, 0x0F, 0xE4, 0xEF, 0xF8, 0xA1, 0x32,
    0x0D, 0x2F, 0x84, 0xFB, 0xE4, 0xEF, 0xFA, 0x23, 0x70, 0x05, 0x0F, 0x83, 0x7F, 0xE3, 0xC4, 0xF8,
    0x28, 0xAD, 0x35, 0x49, 0x45, 0x40, 0x75, 0xF2, 0x79, 0x70, 0x1A, 0xDF, 0x27, 0x97, 0xC4, 0xF3,
    0x50, 0xF2, 0x70, 0x9E, 0x5F, 0x07, 0xAF, 0xC9, 0xE5, 0xF0, 0xA9, 0xE9, 0x14, 0xFF, 0x09, 0x0F,
    0xC4, 0xDD, 0xD0, 0x2F, 0xCC, 0xF8, 0xDF, 0x09, 0x37, 0xD1, 0x69, 0xE0, 0x93, 0x7C, 0x10, 0x76,
    0x37, 0xCD, 0x80, 0xF7, 0x90, 0x17, 0x74, 0x1C, 0xBF, 0x07, 0x2F, 0xC2, 0x53, 0xF1, 0x38, 0x58,
    0x60, 0xB5, 0x46, 0x87, 0xC9, 0xF7, 0xE7, 0x51, 0xF0, 0x1C, 0x3F, 0x09, 0x97, 0xC3, 0x6F, 0x94,
    0x5E, 0x58, 0x09, 0x9F, 0x02, 0x67, 0xC9, 0xFD, 0xF0, 0x9B, 0x69, 0x1E, 0x5D, 0x09, 0xB7, 0xC4,
    0xEB, 0xF0, 0x52, 0x48, 0x64, 0xF6, 0x01, 0xE6, 0xC0, 0xAF, 0xF0, 0x1E, 0x7C, 0x9F, 0xDF, 0x04,
    0x4E, 0x00, 0x7B, 0xF2, 0x7E, 0xEC, 0x0D, 0x5F, 0x03, 0x57, 0xC9, 0xF5, 0xF2, 0x7D, 0x62, 0x6C,
    0x8F, 0xDA, 0xA4, 0x7F, 0x64, 0xFB, 0xF8, 0x9E, 0x3E, 0x05, 0xEF, 0x93, 0xEF, 0xE4, 0xFB, 0xF8,
    0x18, 0xB0, 0x91, 0x4A, 0xA4, 0xCB, 0xC4, 0xFD, 0xFA, 0x4D, 0xBE, 0x44, 0x9F, 0x93, 0xEB, 0x49,
    0x3A, 0xF9, 0x3F, 0x7E, 0x15, 0x4B, 0x94, 0x03, 0xE9, 0x47, 0xC0, 0x26, 0x7E, 0x09, 0x9F, 0x94,
    0x03, 0xE9, 0x50, 0xF8, 0xF0, 0x74, 0x50, 0x0F, 0x82, 0x53, 0xE5, 0x00, 0xF8, 0x52, 0xF6, 0x27,
    0xEF, 0x81, 0x1B, 0xE5, 0x03, 0xF8, 0x9F, 0xBE, 0x50, 0x3F, 0x89, 0xFB, 0xE5, 0x00, 0xD8, 0x9F,
    0xBE, 0x0E, 0x5F, 0x82, 0xDB, 0xE5, 0x00, 0xD1, 0x0F, 0xFE, 0x50, 0x3F, 0x8C, 0xA7, 0xE0, 0x66,
    0xF8, 0x19, 0xBE, 0x04, 0xC9, 0xAC, 0x4A, 0x85, 0x04, 0xC9, 0x9C, 0xEA, 0x99, 0x5F, 0x2C, 0xA7,
    0x05, 0x09, 0xF8, 0x18, 0x3E, 0x06, 0x0F, 0xC0, 0x29, 0x52, 0x60, 0xA3, 0x52, 0x5C, 0x14, 0x6F,
    0xA6, 0x9F, 0xE1, 0x3B, 0xC0, 0x50, 0x6A, 0x5A, 0x3F, 0x90, 0x6E, 0x66, 0x41, 0xF8, 0x43, 0x2E,
    0xA0, 0xBA, 0xA6, 0xD3, 0xC0, 0xF4, 0xF0, 0x27, 0x70, 0x02, 0xEE, 0x26, 0xF7, 0x40, 0x95, 0xF8,
    0x25, 0x7E, 0x06, 0x5A, 0x96, 0x6F, 0xE0, 0x96, 0xB8, 0x0E, 0xFE, 0x50, 0x5F, 0x82, 0x4F, 0xE1,
    0x45, 0xB2, 0xAF, 0x28, 0x6C, 0xAE, 0x01, 0x1B, 0xE0, 0x46, 0xF9, 0x78, 0x3E, 0x50, 0x3F, 0xA7,
    0x8F, 0xE0, 0x58, 0xC0, 0x51, 0xFC, 0x00, 0x7B, 0x85, 0x1F, 0xE0, 0x52, 0xF8, 0x20, 0x3E, 0x0B,
    0x7A, 0x14, 0x17, 0xC9, 0xE7, 0xFD, 0xD6, 0x95, 0x0A, 0x99, 0x43, 0xA6, 0xD0, 0xD3, 0xB5, 0x68,
    0x78, 0xFF, 0x0B, 0x76, 0xD6, 0x7D, 0xB3, 0xDA, 0x6D, 0x3B, 0xBE, 0x04, 0x47, 0xCA, 0x5F, 0x68,
    0x74, 0xCA, 0x14, 0x1C, 0x6C, 0x84, 0x53, 0xA0, 0x18, 0xA4, 0x1A, 0x41, 0xF0, 0x90, 0xFD, 0xA1,
    0x5F, 0x08, 0x6E, 0xD0, 0x0C, 0xD2, 0x80, 0x47, 0xE0, 0x12, 0x39, 0xFC, 0x92, 0x7F, 0x25, 0x99,
    0x49, 0xA2, 0x32, 0x7F, 0xC4, 0xA3, 0xEB, 0x02, 0xFF, 0xC1, 0x6F, 0xF2, 0x3A, 0x24, 0x90, 0x0E,
    0x1F, 0x96, 0x94, 0x5E, 0x92, 0xD2, 0x8B, 0xD0, 0x12, 0x53, 0x93, 0x4D, 0xE8, 0x24, 0x5A, 0xAA,
    0x81, 0x7E, 0xA0, 0x5B, 0xFF, 0xE0, 0x3F, 0xEA, 0x5A, 0x94, 0xE9, 0x01, 0x97, 0x68, 0x65, 0xFF,
    0x19, 0x84, 0xC6, 0x17, 0x83, 0x87, 0x61, 0xAD, 0xD0, 0x0B, 0x7C, 0x02, 0x63, 0x36, 0x95, 0xD1,
    0xA5, 0x90, 0x31, 0x89, 0xD2, 0x1A, 0x02, 0x39, 0xBD, 0x4F, 0xEB, 0x92, 0xF8, 0x04, 0x2C, 0x80,
    0x0F, 0xB9, 0x36, 0xA3, 0xA6, 0xB8, 0x80, 0xEA, 0x4E, 0xEB, 0xC9, 0x2D, 0x30, 0x59, 0x06, 0xD6,
    0x43, 0xD5, 0x85, 0x55, 0x21, 0xB8, 0x5B, 0x84, 0x04, 0x0D, 0xF2, 0xA0, 0x00, 0xDA, 0x61, 0x29,
    0xB4, 0xE4, 0xED, 0xD9, 0x03, 0x87, 0xC0, 0x8F, 0x85, 0x42, 0x48, 0x06, 0xDF, 0x2D, 0x95, 0x40,
    0x1F, 0x80, 0x8B, 0x4C, 0x1C, 0x95, 0x4E, 0x57, 0x60, 0xC0, 0xC4, 0x90, 0x2B, 0x2D, 0x70, 0x80,
    0x02, 0xB2, 0x60, 0x31, 0xF8, 0x16, 0x7C, 0x0E, 0xCB, 0xA4, 0x97, 0xC0, 0xC7, 0xA4, 0x3E, 0x4D,
    0x0F, 0x93, 0xEC, 0x25, 0x1B, 0x88, 0x2F, 0xFE, 0x53, 0x03, 0x91, 0xC0, 0x24, 0x90, 0x00, 0x82,
    0xCE, 0x6F, 0x57, 0x04, 0xB7, 0x40, 0x27, 0x39, 0x3F, 0xC6, 0x51, 0x76, 0x81, 0x7D, 0x20, 0xBF,
    0x49, 0x4C, 0x00, 0x02, 0x52, 0xE3, 0x91, 0x8B, 0xE1, 0x6F, 0xC8, 0x0C, 0x3E, 0x01, 0xC9, 0x00,
    0xBA, 0x40, 0xF6, 0x90, 0x0B, 0xEC, 0x07, 0xEA, 0x15, 0x12, 0xC1, 0x2B, 0xB8, 0x4A, 0xBA, 0x11,
    0x2D, 0xC1, 0x6F, 0xE0, 0x37, 0x90, 0x44, 0xBE, 0x3C, 0xEB, 0xCB, 0x4A, 0x0B, 0x40, 0x89, 0x64,
    0x17, 0x32, 0x47, 0x17, 0xC2, 0xBD, 0x50, 0x39, 0xFC, 0x08, 0x79, 0x03, 0xA5, 0x16, 0x91, 0x40,
    0x38, 0xFE, 0x49, 0xC7, 0x06, 0x36, 0x96, 0xD9, 0x60, 0x43, 0xF0, 0x0D, 0x5C, 0x02, 0x7F, 0xDA,
    0x9B, 0xC0, 0x43, 0xE8, 0x31, 0x5F, 0x0C, 0x57, 0xC0, 0xEF, 0x70, 0x92, 0x5C, 0x0D, 0xB8, 0x07,
    0x04, 0x82, 0x0B, 0x60, 0x65, 0xF8, 0x0D, 0x74, 0x02, 0xDD, 0x81, 0x99, 0xF0, 0x82, 0x5C, 0x1D,
    0x3A, 0x46, 0xE7, 0x80, 0xC9, 0xF0, 0x67, 0xF0, 0x3F, 0x78, 0x06, 0x7F, 0xC0, 0xAF, 0xF0, 0x2B,
    0xD4, 0x95, 0xDA, 0x06, 0x3E, 0x03, 0x03, 0xF0, 0x25, 0x5C, 0x2F, 0xDF, 0x0A, 0x37, 0x00, 0xCD,
    0xA0, 0x96, 0xDC, 0x1A, 0x76, 0x29, 0x74, 0x84, 0x43, 0xF0, 0x1F, 0x4D, 0x95, 0x34, 0x01, 0xDE,
    0x41, 0x75, 0x30, 0xCB, 0x70, 0x16, 0xFD, 0x02, 0x2F, 0xCA, 0xE7, 0x49, 0x6B, 0x4E, 0x30, 0x1D,
    0xEB, 0x28, 0xE7, 0xE0, 0x51, 0xF8, 0x14, 0x72, 0x12, 0x4E, 0xA4, 0x0B, 0xA0, 0x9C, 0xF8, 0x17,
    0x7E, 0x11, 0xCF, 0xB4, 0xEB, 0x00, 0xA2, 0xD8, 0x76, 0xBE, 0x04, 0x1F, 0x81, 0x06, 0x41, 0x65,
    0xF8, 0x0C, 0xFE, 0x03, 0x3F, 0xD2, 0xA5, 0xC4, 0x0B, 0xD0, 0x68, 0x3E, 0x47, 0x1A, 0xA9, 0x3F,
    0x80, 0x12, 0xB8, 0x0C, 0x38, 0x0D, 0x5F, 0x8D, 0x3E, 0x40, 0x43, 0xD3, 0x31, 0xBE, 0x33, 0xAC,
    0xC3, 0x81, 0xA3, 0x45, 0x2D, 0x78, 0x1A, 0x9F, 0x0C, 0x67, 0xC0, 0xC7, 0x71, 0xC1, 0x78, 0x31,
    0xDA, 0x0F, 0x97, 0xC2, 0xCD, 0x48, 0x70, 0x99, 0xFE, 0x26, 0x7F, 0x89, 0x9F, 0xEE, 0x77, 0xC8,
    0x9A, 0x7E, 0x05, 0x4B, 0x8F, 0x6E, 0xA0, 0xF0, 0xF8, 0x3C, 0x3E, 0x05, 0x8E, 0x82, 0xCB, 0xE1,
    0xE0, 0xF8, 0x16, 0x76, 0x04, 0x5F, 0x81, 0x87, 0x41, 0x99, 0xF8, 0x19, 0x3E, 0x0C, 0x2B, 0x01,
    0x7B, 0x43, 0x21, 0xA8, 0x2E, 0x2E, 0x18, 0xAF, 0x82, 0xD7, 0xE1, 0x19, 0xF8, 0x11, 0x3E, 0x0B,
    0xBF, 0xB2, 0xCB, 0xC0, 0x67, 0xF8, 0xCA, 0x3E, 0x0C, 0x0F, 0x83, 0x03, 0xE4, 0x74, 0xD8, 0x2F,
    0xBE, 0x4F, 0x0C, 0x01, 0x96, 0x60, 0xBF, 0xF8, 0x2F, 0xFE, 0x06, 0x2F, 0x80, 0xB3, 0x73, 0x15,
    0x49, 0x68, 0x19, 0x3D, 0x54, 0x9F, 0xC0, 0x63, 0x20, 0x33, 0xFC, 0x25, 0x34, 0x88, 0x86, 0xDB,
    0xE0, 0x65, 0xF9, 0xD8, 0x6E, 0x0C, 0x1C, 0x93, 0x03, 0xE0, 0x45, 0xB8, 0x61, 0x30, 0xAA, 0x5E,
    0x03, 0x3F, 0xE0, 0xCF, 0xF8, 0x4B, 0x34, 0x3F, 0x2C, 0x03, 0x1E, 0xE1, 0xDF, 0xA0, 0xEB, 0x24,
    0x05, 0xCF, 0x81, 0x73, 0xC0, 0xC5, 0x98, 0x12, 0x6C, 0x05, 0xFF, 0x83, 0x17, 0xE4, 0x80, 0xA1,
    0xED, 0x32, 0x53, 0x6E, 0x1B, 0xF6, 0x91, 0x10, 0x64, 0x7C, 0x19, 0x1F, 0x02, 0xDF, 0xD5, 0x49,
    0xE1, 0x1E, 0xFC, 0x09, 0x7A, 0x03, 0x07, 0xC0, 0x99, 0xF0, 0xC6, 0x79, 0x51, 0x1F, 0x87, 0xDA,
    0x61, 0xF2, 0x0F, 0x8C, 0x86, 0xED, 0x0A, 0xFA, 0x43, 0x7E, 0x80, 0xA2, 0xA7, 0x1C, 0x6B, 0xBF,
    0x05, 0x16, 0xA5, 0xB3, 0x57, 0xC9, 0x4C, 0x08, 0xB5, 0x06, 0xC4, 0x9A, 0xC5, 0x72, 0xBE, 0x7C,
    0x0D, 0x55, 0x7C, 0xB5, 0x25, 0x53, 0x5A, 0x09, 0x2B, 0xF0, 0x5E, 0x3E, 0x8C, 0xE3, 0xE0, 0xA7,
    0xFA, 0x49, 0xF2, 0x33, 0x6A, 0x16, 0xEB, 0x80, 0x5F, 0xB0, 0x1F, 0xBE, 0x0D, 0xFF, 0x0C, 0x2A,
    0x60, 0x38, 0xD8, 0x1D, 0x34, 0x07, 0x3F, 0x92, 0x87, 0xE5, 0x11, 0xF0, 0x1E, 0xF6, 0x4A, 0x0D,
    0x82, 0x97, 0xE5, 0x39, 0xD0, 0x1A, 0x66, 0x06, 0x1B, 0x82, 0x07, 0x01, 0x85, 0xA0, 0x40, 0x3E,
    0x69, 0xBF, 0x86, 0xFE, 0x89, 0xE3, 0xC8, 0xCA, 0x6E, 0x3B, 0x7D, 0xAC, 0x23, 0xE3, 0x3D, 0xF8,
    0xCF, 0x7E, 0x33, 0xDB, 0x91, 0xCB, 0x21, 0xB7, 0xF8, 0x2F, 0x36, 0x15, 0x59, 0x96, 0x9A, 0x60,
    0x6F, 0xF8, 0x36, 0x7E, 0x15, 0xBF, 0x85, 0x6F, 0xE3, 0x3D, 0xF8, 0x35, 0xBE, 0x1B, 0x6F, 0x86,
    0xDB, 0xE1, 0xB6, 0xF8, 0x6D, 0xBE, 0x7B, 0xFF, 0x81, 0x5F, 0x85, 0x9E, 0xF8, 0x6D, 0xFE, 0x05,
    0xBF, 0x85, 0xC2, 0xC2, 0x76, 0xE8, 0x6C, 0xBE, 0x1B, 0x2F, 0x82, 0x6B, 0x81, 0xB3, 0xF8, 0x54,
    0xFA, 0x27, 0xEF, 0x89, 0xFB, 0xE2, 0x11, 0xB0, 0x2E, 0xE6, 0x19, 0x2F, 0x82, 0xE3, 0xE2, 0xDD,
    0xF8, 0x11, 0x3E, 0x0B, 0xEF, 0x9F, 0x76, 0xE1, 0x58, 0xF0, 0x1A, 0xBE, 0x34, 0x3F, 0x83, 0x1B,
    0xE0, 0xC6, 0xF9, 0x79, 0x3E, 0x27, 0xBF, 0x96, 0x73, 0xE0, 0xF7, 0xC8, 0x33, 0x7E, 0x0C, 0xDF,
    0x87, 0x2B, 0xE0, 0x37, 0xF9, 0xDF, 0xFE, 0x34, 0xED, 0x2D, 0xCF, 0xE0, 0x72, 0xF9, 0x9A, 0xFE,
    0x34, 0xEF, 0x99, 0xAF, 0xE6, 0x6B, 0xCA, 0x81, 0xAC, 0x06, 0x9F, 0x81, 0x3B, 0xE6, 0x6B, 0xF2,
    0xE4, 0x34, 0x0E, 0x7F, 0x83, 0x9F, 0xE6, 0x6B, 0xF8, 0xD6, 0x3E, 0xA5, 0x0A, 0x19, 0xBA, 0xE0,
    0x46, 0xD0, 0x7C, 0xFE, 0x04, 0x7F, 0x99, 0xBB, 0xEB, 0x9C, 0xFA, 0xE7, 0x26, 0x06, 0xAF, 0x99,
    0xC7, 0xE0, 0xD4, 0xF8, 0x35, 0x3E, 0x05, 0xDD, 0x27, 0x0A, 0xA9, 0xD9, 0xB0, 0xA6, 0xBE, 0xBA,
    0xFC, 0x92, 0x6F, 0xE1, 0x9B, 0xC2, 0xD8, 0x34, 0x06, 0xEF, 0x96, 0x83, 0xE0, 0xCB, 0x9A, 0x37,
    0xAA, 0x5E, 0x7F, 0x99, 0xE6, 0xD0, 0xE3, 0x3C, 0xFD, 0x76, 0x3C, 0x1A, 0x07, 0xC9, 0xC9, 0xF2,
    0x72, 0x68, 0x0C, 0x1A, 0x5C, 0x27, 0x00, 0xA3, 0xF3, 0x3B, 0x58, 0xA8, 0xDC, 0x04, 0xF7, 0xC1,
    0x3D, 0xF0, 0xF2, 0x7D, 0x2C, 0x9C, 0x2C, 0x57, 0xD2, 0xAD, 0x50, 0xD9, 0xCD, 0x78, 0xDC, 0x02,
    0x17, 0xCC, 0xEF, 0xF0, 0x47, 0xFC, 0x06, 0xFF, 0x33, 0xBF, 0xC1, 0xB9, 0xFA, 0x0C, 0xB4, 0x55,
    0xF4, 0x5E, 0x5F, 0xC6, 0x77, 0xF0, 0x21, 0xFC, 0x1B, 0x1F, 0x19, 0xDD, 0x57, 0xB5, 0xF3, 0x3C,
    0xFD, 0x7B, 0x3F, 0x03, 0x7C, 0x81, 0xAF, 0xF0, 0xCE, 0xFC, 0xCF, 0x9F, 0x0C, 0xFF, 0xC4, 0x07,
    0xF3, 0x3E, 0x7C, 0x35, 0x3F, 0x13, 0xBF, 0xC2, 0x19, 0xF3, 0x3E, 0x6C, 0x11, 0xD4, 0x2A, 0x7D,
    0x17, 0xF1, 0xF2, 0x7C, 0xFC, 0x1F, 0xFF, 0x02, 0xF7, 0xCD, 0x05, 0xF1, 0xA0, 0xFC, 0x0B, 0xFF,
    0x02, 0x5F, 0xCD, 0x05, 0xF1, 0x62, 0xFC, 0x4E, 0x3F, 0x34, 0x17, 0xCD, 0x05, 0xA1, 0xA0, 0xFC,
    0x17, 0x7F, 0x09, 0x27, 0xC0, 0x89, 0xF0, 0x60, 0xFC, 0x68, 0x37, 0x7E, 0x4F, 0x80, 0xD5, 0xF1,
    0xA0, 0xFC, 0x68, 0x3F, 0x06, 0x4F, 0xCD, 0x0B, 0xF1, 0xA0, 0xDD, 0x81, 0xBD, 0x34, 0x3F, 0xC1,
    0x89, 0xF0, 0x33, 0xFC, 0x0C, 0xFF, 0x0C, 0x64, 0x84, 0xD3, 0xF3, 0x43, 0xE9, 0x34, 0x5F, 0x03,
    0x3F, 0xC4, 0x0D, 0xF0, 0x32, 0xFC, 0x18, 0x9F, 0x26, 0x6D, 0x90, 0x17, 0xF1, 0x49, 0x5C, 0xD0,
    0xB9, 0x40, 0x57, 0xC1, 0xA3, 0xF0, 0x97, 0x7C, 0x25, 0xD5, 0x06, 0x4F, 0xC6, 0x57, 0x40, 0x2D,
    0xFC, 0x31, 0xDF, 0x62, 0x16, 0x40, 0xBD, 0xF0, 0x62, 0x7C, 0x31, 0xDF, 0x26, 0x6F, 0x0E, 0x9F,
    0xF0, 0x63, 0xFC, 0x18, 0xFF, 0x0F, 0x5F, 0xD8, 0x27, 0x73, 0x43, 0x7C, 0x09, 0xBA, 0x03, 0x17,
    0xC0, 0x9D, 0xF0, 0xC8, 0x7C, 0x3B, 0x1D, 0x30, 0x9F, 0xCD, 0x11, 0xF1, 0xBA, 0x74, 0xD1, 0x1F,
    0x34, 0x47, 0xCD, 0x11, 0xF1, 0xA3, 0xD4, 0xD1, 0x1F, 0x0D, 0x9F, 0xC6, 0x8F, 0xF0, 0xD4, 0xFC,
    0xD1, 0x1F, 0x2E, 0x97, 0xC1, 0x4F, 0xF0, 0x1D, 0x50, 0x6C, 0x59, 0x34, 0x4F, 0x40, 0x73, 0xF1,
    0xA0, 0x7D, 0x8F, 0xD9, 0x1C, 0x0E, 0xC9, 0xE7, 0x76, 0x3F, 0x68, 0x02, 0x5A, 0x1B, 0xCF, 0xCC,
    0xE5, 0xF2, 0x71, 0xFC, 0x9C, 0x78, 0x4D, 0x77, 0xD8, 0xC5, 0xD1, 0x9B, 0x7C, 0x66, 0xDF, 0x54,
    0x37, 0xD3, 0x61, 0xF6, 0x18, 0x7C, 0xCE, 0x58, 0x4D, 0x87, 0xC3, 0x4B, 0xF0, 0xA3, 0xFD, 0x5C,
    0xBD, 0x0D, 0x3F, 0xE6, 0x54, 0x25, 0x60, 0x5C, 0x34, 0xFF, 0x29, 0xD6, 0x51, 0xE5, 0xF0, 0xD3,
    0xFC, 0x9B, 0xFF, 0x2D, 0x86, 0x97, 0xBD, 0xF3, 0x3A, 0xFC, 0x17, 0x3F, 0x02, 0xF7, 0xCA, 0x61,
    0xA4, 0xDB, 0x7C, 0x34, 0x3F, 0x0D, 0x0F, 0xD9, 0x9D, 0xD4, 0xDB, 0x7D, 0x36, 0xDF, 0x2D, 0x2F,
    0xCB, 0x4B, 0x90, 0x30, 0xD5, 0xD4, 0x53, 0x66, 0xDF, 0xC1, 0x7D, 0xF0, 0x5F, 0x7C, 0x59, 0xDF,
    0x67, 0x27, 0xC4, 0xD9, 0xF4, 0xDE, 0x7C, 0x0D, 0xBF, 0x19, 0xB7, 0xC1, 0x93, 0xF0, 0x64, 0xFD,
    0x9C, 0xBF, 0x13, 0x7E, 0xC1, 0x03, 0xF2, 0xD3, 0x7C, 0xCF, 0x7F, 0x06, 0x9F, 0xC4, 0x63, 0xF0,
    0x39, 0xFD, 0x9D, 0x1F, 0x14, 0x17, 0xD6, 0x8F, 0xD1, 0xA2, 0xFC, 0x28, 0x3F, 0x1A, 0x2F, 0xC1,
    0xAD, 0xF6, 0x74, 0x7D, 0x9D, 0x1F, 0x08, 0x5F, 0xCC, 0xF9, 0xF0, 0xD5, 0x7C, 0x1D, 0x7F, 0x03,
    0xBF, 0xCC, 0xF9, 0xF0, 0xD4, 0x7D, 0x9D, 0x7F, 0x0F, 0xEF, 0xCC, 0xF9, 0xF3, 0x3E, 0x7D, 0x9D,
    0x7F, 0x06, 0x97, 0xC1, 0xA5, 0xF3, 0x3C, 0xFC, 0x1A, 0x5F, 0x67, 0x5F, 0xD9, 0xD7, 0xF0, 0x65,
    0x56, 0x64, 0x1D, 0x49, 0x08, 0xFF, 0xEC, 0xEE, 0xF8, 0x53, 0xFE, 0x26, 0x7F, 0xB3, 0xBB, 0xC2,
    0x30, 0xE1, 0x9D, 0xFE, 0xCF, 0x1F, 0xB3, 0xC7, 0xE2, 0xF5, 0xFB, 0x3C, 0x7E, 0xCF, 0x1F, 0x8B,
    0x1B, 0xAC, 0xF1, 0xF9, 0x9E, 0xBE, 0xCF, 0x1F, 0xB3, 0xC7, 0xE0, 0xA2, 0xF8, 0x7A, 0x7E, 0xCF,
    0x1F, 0x89, 0x47, 0xE6, 0x7D, 0x98, 0x1F, 0x64, 0x09, 0x9F, 0x81, 0x13, 0xE6, 0x7C, 0xF8, 0x0D,
    0xBE, 0x03, 0x6F, 0x99, 0xF3, 0xE0, 0xE1, 0xFB, 0xA5, 0x7C, 0x34, 0x3F, 0x8D, 0x0F, 0xE6, 0x7A,
    0xF8, 0xD0, 0xFE, 0x3E, 0xAF, 0xB3, 0xD3, 0xE1, 0x98, 0xF8, 0x66, 0x3E, 0x2E, 0x4F, 0x99, 0xDF,
    0xE2, 0x7E, 0xCA, 0xF3, 0x7E, 0x4E, 0xBF, 0x86, 0x9F, 0xE2, 0x79, 0xF8, 0x15, 0x3E, 0xCF, 0x7F,
    0x8D, 0x03, 0xE4, 0xE7, 0xF8, 0x3D, 0xBE, 0x54, 0x5F, 0x82, 0xD7, 0xE2, 0xA4, 0xA8, 0x7B, 0xFE,
    0x34, 0x3F, 0x99, 0xDF, 0xE3, 0x43, 0xF8, 0xD0, 0xFE, 0x5B, 0x2F, 0x96, 0xCB, 0x48, 0xAA, 0xC3,
    0x3F, 0x7E, 0x0B, 0xEF, 0x82, 0xFB, 0xE1, 0x22, 0xF9, 0x34, 0x3E, 0x67, 0xAF, 0x81, 0x37, 0xE0,
    0x6D, 0xF8, 0xD0, 0xFE, 0x0C, 0x9F, 0x83, 0x27, 0xE6, 0x7A, 0xF9, 0x02, 0xEE, 0x18, 0xDF, 0x16,
    0xCF, 0xE0, 0xCB, 0xF8, 0x1A, 0x3E, 0x06, 0x8F, 0xB4, 0x0F, 0xE8, 0x08, 0xF1, 0xDE, 0x6A, 0xD0,
    0x6F, 0x81, 0xB7, 0xED, 0x06, 0xF8, 0xCE, 0xBE, 0xA8, 0x7F, 0x8C, 0xEA, 0xEB, 0x4E, 0xFB, 0x41,
    0xBE, 0xD0, 0x6F, 0x83, 0x63, 0xE0, 0x6F, 0xFB, 0x41, 0xBE, 0x74, 0xBF, 0x01, 0x73, 0xE0, 0x5C,
    0xF9, 0xD1, 0xBE, 0x0C, 0xBF, 0xAB, 0x07, 0xEB, 0x4F, 0xD0, 0xB6, 0x66, 0x2A, 0x1A, 0xB4, 0x27,
    0xE0, 0xCE, 0xF8, 0x33, 0xBE, 0x05, 0xEF, 0xB4, 0x27, 0xE1, 0x9C, 0xEA, 0x05, 0x3E, 0x19, 0xCF,
    0xB4, 0x27, 0xE8, 0x13, 0xFB, 0x42, 0x7E, 0x68, 0x0F, 0x8D, 0xEF, 0xED, 0x09, 0xF8, 0xD3, 0xEE,
    0x1A, 0x9A, 0x1A, 0x03, 0xED, 0x09, 0xF9, 0xA0, 0x3E, 0x0E, 0x0F, 0x8D, 0x43, 0xEB, 0x6C, 0xF9,
    0xA0, 0x2C, 0x1A, 0xDA, 0xA0, 0xA3, 0xE0, 0xE2, 0xFB, 0x42, 0x7E, 0xD0, 0x9F, 0xB4, 0x27, 0xE4,
    0xC2, 0xF9, 0x0A, 0xBE, 0x07, 0xBF, 0xA8, 0x37, 0x60, 0xA5, 0xFB, 0x42, 0x7E, 0xD0, 0x9F, 0x9A,
    0x5B, 0xE6, 0x96, 0xFB, 0x42, 0x7E, 0xD0, 0x9F, 0x9B, 0x1F, 0x0D, 0x09, 0xF8, 0xD4, 0xBE, 0x35,
    0x2F, 0xB4, 0x27, 0xED, 0x09, 0xFB, 0x42, 0x7E, 0xD0, 0x9F, 0x83, 0x67, 0xE1, 0xBA, 0xF8, 0x56,
    0xFE, 0xC4, 0xAF, 0x8A, 0x36, 0xE0, 0xD9, 0xF8, 0x36, 0x7E, 0x1B, 0xCF, 0x86, 0xF3, 0xE1, 0x11,
    0xFB, 0xB0, 0xFE, 0xD0, 0x9F, 0x82, 0xDB, 0xE1, 0xB7, 0xF8, 0x85, 0xBE, 0x1B, 0x5F, 0x98, 0xAE,
    0x81, 0xB5, 0xF8, 0x6D, 0x7E, 0xD0, 0xCF, 0x86, 0xDB, 0xE9, 0xCA, 0xF8, 0xA1, 0x3E, 0xD0, 0xCF,
    0xB4, 0x33, 0xE0, 0xBB, 0xF8, 0x17, 0xFE, 0x2E, 0x6F, 0x86, 0x7F, 0xE4, 0x14, 0xEB, 0x67, 0x7C,
    0x06, 0xAF, 0x8D, 0x3F, 0xE0, 0xC6, 0xF8, 0x31, 0xBE, 0x60, 0x8F, 0x83, 0x13, 0xE5, 0xBD, 0xFB,
    0x43, 0x3E, 0x0D, 0x0F, 0x83, 0x43, 0xE1, 0xCD, 0xFA, 0x0A, 0x3E, 0xD0, 0xCF, 0x95, 0x8B, 0x4D,
    0x0F, 0xF8, 0x1D, 0x7E, 0x69, 0x2F, 0x8D, 0x5F, 0xE6, 0x92, 0xFB, 0x43, 0xFE, 0x06, 0xCF, 0x84,
    0x1F, 0xE6, 0x92, 0xFB, 0x43, 0xFE, 0x0E, 0xAF, 0x81, 0xE7, 0xE6, 0x92, 0xF9, 0xA4, 0xBE, 0xD0,
    0xFF, 0x87, 0xE7, 0xE0, 0xD1, 0xF9, 0xA4, 0xBE, 0x35, 0x6A, 0x95, 0xE6, 0xAD, 0x12, 0xF8, 0x1B,
    0x7E, 0x69, 0x8F, 0x83, 0x6B, 0xE0, 0xDA, 0xFB, 0x44, 0xBE, 0xAA, 0x8F, 0x83, 0x52, 0xF3, 0x50,
    0xD7, 0xC9, 0xA2, 0x5F, 0x68, 0x97, 0xD9, 0x81, 0xF1, 0x35, 0xFD, 0xA2, 0x5E, 0x30, 0x17, 0xDA,
    0x1F, 0xF3, 0x4B, 0xDC, 0x0F, 0xB4, 0x04, 0xF4, 0xDA, 0x25, 0xF1, 0xA4, 0xFC, 0x9F, 0x3F, 0x34,
    0xC7, 0x40, 0xC1, 0x30, 0x28, 0xFC, 0x0A, 0x3F, 0x68, 0x97, 0xC1, 0x3D, 0xF0, 0x4F, 0x7C, 0x3D,
    0x5F, 0x4E, 0x8F, 0xCD, 0x29, 0xF9, 0xAB, 0x36, 0x2A, 0xD1, 0x2F, 0x81, 0x0B, 0xE0, 0x41, 0xF8,
    0x1E, 0x3E, 0x04, 0x1F, 0x81, 0x07, 0xE7, 0x1D, 0xF8, 0x52, 0xF4, 0x5B, 0x0A, 0xCD, 0x43, 0x77,
    0xC6, 0x74, 0x51, 0x42, 0xDC, 0x20, 0x0C, 0x80, 0x99, 0xF3, 0xBE, 0x7C, 0x2E, 0x35, 0x0B, 0x4F,
    0x00, 0x8F, 0xF0, 0xB4, 0xFC, 0xF0, 0x93, 0x0C, 0x86, 0xC0, 0x83, 0x40, 0xDA, 0xE5, 0x3B, 0xFB,
    0x02, 0xA6, 0x97, 0x09, 0xF1, 0x03, 0xFC, 0x04, 0x95, 0x02, 0x1F, 0xC4, 0x8F, 0xF2, 0x0A, 0xFC,
    0x3A, 0xBF, 0x04, 0x4E, 0x00, 0x8F, 0x90, 0x21, 0xD8, 0x10, 0xB4, 0x02, 0x6C, 0xDB, 0x29, 0x80,
    0x1A, 0x50, 0x05, 0x5F, 0x03, 0x76, 0x40, 0xDB, 0xF0, 0x9A, 0xFC, 0x14, 0xBB, 0x02, 0x2E, 0x81,
    0x53, 0x80, 0x22, 0xCD, 0x38, 0x78, 0x03, 0x67, 0xC1, 0x61, 0xF3, 0xE7, 0xF0, 0x88, 0xD4, 0x94,
    0x91, 0x1A, 0x80, 0xF8, 0xFC, 0xD9, 0xC9, 0xF8, 0x02, 0x47, 0xC1, 0x53, 0xB8, 0x48, 0x11, 0x78,
    0x1E, 0xA9, 0x80, 0xFB, 0xE0, 0xAB, 0xF8, 0x2A, 0xFE, 0x03, 0xCF, 0xC0, 0x28, 0x33, 0x90, 0xDD,
    0xE0, 0x07, 0x96, 0x05, 0x4D, 0xC0, 0xBD, 0xF0, 0xAB, 0xD2, 0x52, 0x87, 0x5E, 0x4D, 0xA7, 0x32,
    0x00, 0x2E, 0xD0, 0x45, 0xD7, 0x01, 0x05, 0x2C, 0xF2, 0x00, 0x47, 0x4A, 0x13, 0x41, 0x8B, 0x00,
    0x0A, 0x40, 0x17, 0x94, 0xE2, 0x2D, 0xFE, 0xF5, 0x01, 0x4A, 0xF3, 0x28, 0x48, 0x02, 0x6A, 0x21,
    0x89, 0x87, 0x77, 0xE5, 0x75, 0xB0, 0x1C, 0x27, 0x2A, 0x11, 0x45, 0x00, 0x45, 0x29, 0x5C, 0xFE,
    0x59, 0x3F, 0x96, 0xC8, 0x25, 0xDE, 0x49, 0x7C, 0x66, 0x61, 0xFF, 0x85, 0xC5, 0x21, 0xD1, 0x4B,
    0x74, 0x06, 0xDF, 0x01, 0x98, 0xCD, 0x65, 0x70, 0x09, 0x64, 0x0D, 0x0E, 0x9B, 0x3E, 0xF7, 0xC1,
    0x37, 0xF1, 0xE1, 0xDC, 0xAB, 0xDF, 0x2E, 0x9F, 0xC1, 0x3B, 0xB2, 0xAA, 0xF1, 0xD7, 0x72, 0x2E,
    0x67, 0xC0, 0xAD, 0xB2, 0xA5, 0x54, 0x40, 0x7F, 0x10, 0x1D, 0x41, 0x77, 0x61, 0x9E, 0xE0, 0xCD,
    0xBA, 0x2F, 0xBE, 0x00, 0x53, 0xF0, 0x0A, 0xDC, 0x05, 0x1F, 0x01, 0x46, 0x02, 0x47, 0x55, 0x34,
    0xD4, 0x05, 0x55, 0x89, 0x1B, 0x1E, 0xE0, 0x1D, 0xCD, 0x0E, 0x7F, 0x44, 0x9F, 0xD1, 0x60, 0x34,
    0x68, 0x15, 0x1F, 0x69, 0x48, 0xDA, 0x42, 0x7F, 0xF0, 0xCF, 0xFD, 0xAA, 0x03, 0x49, 0x9C, 0x50,
    0xE9, 0x54, 0x48, 0x00, 0x0A, 0x69, 0x32, 0xB4, 0xC4, 0x64, 0x1F, 0x89, 0x0F, 0xD6, 0x15, 0xFF,
    0x86, 0xDF, 0xE3, 0xD4, 0x41, 0x2B, 0x58, 0x13, 0x3E, 0x05, 0xED, 0x20, 0xF2, 0xE8, 0x94, 0xBF,
    0xE5, 0x30, 0xF9, 0x42, 0xEC, 0x10, 0xEB, 0x95, 0xBA, 0x01, 0x6F, 0x80, 0x4C, 0x67, 0x12, 0xBA,
    0x7C, 0xB2, 0x01, 0x4D, 0x9F, 0xD3, 0xA7, 0xF4, 0xF8, 0x05, 0x42, 0x0B, 0x51, 0xB9, 0xD4, 0xAE,
    0x90, 0xFB, 0x34, 0x4A, 0xCD, 0x53, 0x9B, 0x53, 0x60, 0x14, 0xE8, 0x05, 0x52, 0x7F, 0x55, 0x9F,
    0xD5, 0xA0, 0x15, 0x78, 0x05, 0x63, 0xE7, 0x59, 0xF9, 0x44, 0x2A, 0xF1, 0x39, 0xBD, 0xC6, 0x07,
    0x5A, 0x9D, 0x55, 0x20, 0xB5, 0x58, 0x05, 0x7E, 0x7F, 0x60, 0x9F, 0xD8, 0x64, 0x96, 0x28, 0x2D,
    0x8F, 0x6B, 0x64, 0xEA, 0xC4, 0x6A, 0x91, 0x4C, 0x2D, 0xCA, 0x03, 0x65, 0x9F, 0x57, 0xE0, 0x16,
    0x0A, 0x05, 0x26, 0x64, 0x06, 0x49, 0x49, 0x92, 0x43, 0x20, 0xE5, 0xDC, 0x2D, 0x35, 0x95, 0x39,
    0x16, 0xC5, 0xCB, 0x9B, 0x18, 0xAB, 0x29, 0x48, 0xF4, 0xE2, 0xF3, 0xF8, 0xC4, 0xFE, 0x33, 0x01,
    0x8D, 0x40, 0xA3, 0x7B, 0x48, 0xE6, 0xD2, 0x03, 0xFF, 0x82, 0x7F, 0xED, 0x70, 0x1A, 0x64, 0x02,
    0x3B, 0x38, 0x8B, 0xD2, 0xA3, 0x06, 0x0D, 0x9C, 0xA9, 0x28, 0x34, 0x01, 0x0D, 0x01, 0x07, 0x29,
    0x35, 0x08, 0x5B, 0x56, 0x21, 0xF7, 0xA0, 0xC0, 0x0F, 0x9F, 0xFA, 0xEB, 0x49, 0x9B, 0x00, 0xEE,
    0x73, 0x28, 0x50, 0x45, 0x2D, 0x06, 0x93, 0x40, 0x24, 0xFF, 0x09, 0x47, 0xDA, 0x05, 0xF0, 0x82,
    0xED, 0x00, 0xF5, 0x3A, 0x4C, 0xE8, 0x59, 0x94, 0x3E, 0xEC, 0xC0, 0x4F, 0x4F, 0xF7, 0xA8, 0x41,
    0x9F, 0x01, 0x2C, 0xE9, 0x33, 0x40, 0x2E, 0xD4, 0x02, 0x13, 0x02, 0x9C, 0xA5, 0x41, 0x6A, 0xA0,
    0x00, 0xA4, 0x3F, 0x5F, 0x8F, 0x6A, 0x50, 0x60, 0x12, 0x62, 0xEA, 0x07, 0x8A, 0x81, 0x37, 0xE3,
    0x6A, 0xA0, 0x07, 0xA4, 0x01, 0x1A, 0x84, 0xCF, 0xE3, 0x68, 0xC8, 0x0A, 0xFE, 0x17, 0xEB, 0x00,
    0x66, 0xE0, 0xE8, 0xD0, 0x44, 0xE4, 0x0E, 0x9B, 0x81, 0xBB, 0x40, 0x34, 0xA0, 0x25, 0xA7, 0x26,
    0x02, 0x46, 0x40, 0x6D, 0xF1, 0xCF, 0xE8, 0x20, 0xD6, 0x01, 0xC6, 0x41, 0x19, 0x41, 0xCC, 0xDC,
    0x03, 0xB2, 0x03, 0x17, 0xE4, 0x9C, 0x78, 0xEC, 0xCA, 0x95, 0x0A, 0x01, 0x7C, 0xE6, 0x70, 0x20,
    0x08, 0x56, 0x3B, 0x38, 0x04, 0x55, 0x40, 0x9F, 0xF0, 0x27, 0xE4, 0x06, 0x1E, 0x04, 0x7D, 0x26,
    0x50, 0xA0, 0x27, 0xE4, 0x1D, 0xBD, 0x01, 0xCF, 0xC1, 0xD5, 0xF0, 0x75, 0x7C, 0x1D, 0x5F, 0x07,
    0x57, 0xC1, 0xD5, 0xF0, 0x75, 0x6C, 0x1D, 0x1F, 0x07, 0x47, 0xC1, 0xD1, 0xF0, 0x25, 0xFC, 0x1D,
    0x1F, 0x05, 0x8F, 0xC0, 0x57, 0xF0, 0x74, 0x7C, 0x13, 0x1F, 0x07, 0x47, 0xC1, 0xD1, 0xF0, 0x74,
    0x7C, 0x06, 0xDF, 0x07, 0x47, 0xC1, 0xD1, 0xF0, 0x57, 0x7C, 0x1D, 0x1F, 0x07, 0x46, 0xC0, 0x31,
    0x30, 0x28, 0xFC, 0x1D, 0x5F, 0x07, 0x57, 0xC1, 0xD5, 0x90, 0xF8, 0xCA, 0x4C, 0x68, 0x59, 0x03,
    0x52, 0x40, 0xEE, 0xF8, 0x0F, 0xFF, 0x24, 0xE3, 0xCE, 0xA7, 0xF3, 0xB9, 0xFC, 0xF2, 0x31, 0x3D,
    0x97, 0x4F, 0xB7, 0xF3, 0xFC, 0x8C, 0x0E, 0x85, 0x06, 0x8C, 0x50, 0x26, 0x13, 0xA8, 0x04, 0xEC,
    0x12, 0x92, 0x0F, 0xA5, 0xC1, 0xF7, 0xF0, 0x7D, 0xFC, 0x1F, 0x7F, 0x07, 0xDF, 0xC1, 0xF7, 0xF0,
    0x7D, 0xFC, 0x19, 0xFF, 0x07, 0xDF, 0xC0, 0xB1, 0xF0, 0x7D, 0xFC, 0x18, 0x9F, 0x04, 0x7F, 0xC1,
    0xF7, 0xF0, 0x54, 0xFC, 0x1F, 0x7F, 0x07, 0xDF, 0xC1, 0xF7, 0xF0, 0x1B, 0x7C, 0x1F, 0x7F, 0x07,
    0xDF, 0xC1, 0x77, 0xF0, 0x7D, 0xFC, 0x3C, 0x9F, 0x02, 0x7F, 0xC1, 0xF3, 0xF0, 0x7C, 0xFC, 0x3C,
    0x9F, 0x07, 0xAF, 0xC3, 0xC9, 0xF9, 0xB4, 0xB6, 0x77, 0x01, 0x07, 0x4E, 0x67, 0x66, 0x40, 0xB8,
    0x3A, 0xBE, 0x0E, 0xAF, 0x4E, 0xE0, 0x7F, 0xEB, 0xAC, 0xEE, 0x08, 0x4E, 0x1F, 0x83, 0xB7, 0xE0,
    0x13, 0x94, 0x18, 0x08, 0x75, 0x9D, 0xC2, 0x01, 0xDF, 0xF0, 0x77, 0xF6, 0x76, 0x12, 0x69, 0x01,
    0x82, 0xB3, 0xB8, 0x68, 0x15, 0x3E, 0x0F, 0x1D, 0xCE, 0xE1, 0xDF, 0xE8, 0x9C, 0xEE, 0x1E, 0x00,
    0x19, 0x44, 0x00, 0x03, 0x28, 0x88, 0x00, 0x65, 0x12, 0x00, 0x0C, 0xA2, 0x7F, 0xE8, 0x98, 0x0B,
    0x7E, 0x02, 0xDE, 0x45, 0x00, 0x23, 0x28, 0xA8, 0x00, 0x65, 0x16, 0x00, 0x0C, 0xA2, 0xE0, 0x01,
    0x94, 0x60, 0x00, 0x32, 0x8C, 0xFF, 0xA2, 0x60, 0xDF, 0xF8, 0x37, 0xF4, 0x0F, 0xCF, 0x83, 0xF2,
    0xE0, 0x41, 0xAC, 0x68, 0x03, 0xF2, 0x8D, 0x80, 0x06, 0x51, 0xC0, 0x00, 0xCA, 0x3A, 0x00, 0x19,
    0x47, 0x80, 0x03, 0x28, 0xF8, 0x09, 0xEC, 0x0D, 0x4F, 0x84, 0x1F, 0xE1, 0x07, 0xF8, 0x14, 0x2B,
    0x20, 0x01, 0x04, 0xA4, 0x20, 0x01, 0x94, 0x88, 0x00, 0x32, 0x91, 0x80, 0x06, 0x52, 0x40, 0x00,
    0xCA, 0x4A, 0x05, 0x0F, 0x85, 0x9F, 0x81, 0x1D, 0xF8, 0x47, 0x6C, 0x05, 0x1C, 0x49, 0x80, 0x41,
    0x29, 0x38, 0x00, 0x65, 0x28, 0x00, 0x0C, 0xA5, 0x20, 0x01, 0x94, 0xA8, 0x00, 0x32, 0x95, 0x81,
    0x47, 0xE0, 0x51, 0xB8, 0x8C, 0x71, 0x26, 0x9D, 0xCB, 0x00, 0x27, 0x29, 0x68, 0x00, 0x65, 0x2E,
    0x00, 0x0C, 0xA5, 0xE0, 0x01, 0x94, 0xC0, 0x00, 0x32, 0x98, 0x82, 0xBF, 0xE4, 0x55, 0xC4, 0x62,
    0x5D, 0x2E, 0x97, 0xEF, 0xE6, 0x19, 0x18, 0x5D, 0x0A, 0x1D, 0x18, 0x98, 0xCC, 0x0A, 0x23, 0x22,
    0x29, 0xD6, 0x41, 0x50, 0x96, 0x54, 0x63, 0xB5, 0x2F, 0xF4, 0x3E, 0x47, 0x12, 0x91, 0x91, 0x4A,
    0x61, 0x4C, 0xF8, 0x91, 0xA9, 0x00, 0xAD, 0x8F, 0x82, 0xC1, 0x50, 0xF8, 0x54, 0x3E, 0x33, 0x5F,
    0x83, 0x3F, 0xE0, 0x45, 0x98, 0x96, 0x69, 0x07, 0x9E, 0xC4, 0xA7, 0xDF, 0x29, 0xFF, 0xCA, 0x07,
    0x60, 0x83, 0x5C, 0xA8, 0x13, 0x89, 0xD5, 0x3E, 0x76, 0x15, 0x9F, 0x89, 0x7A, 0x72, 0x21, 0x23,
    0x7C, 0x2B, 0x1F, 0x12, 0x37, 0xC2, 0x51, 0xF1, 0x23, 0x7C, 0x0B, 0x1F, 0x12, 0x37, 0xC1, 0xBD,
    0xF0, 0xEE, 0x7C, 0x48, 0xDF, 0x06, 0x7F, 0xC4, 0x8D, 0xF0, 0xA4, 0xFC, 0x48, 0xDF, 0x01, 0xB7,
    0xC2, 0x7D, 0xF1, 0x23, 0x7C, 0x17, 0x7F, 0x09, 0x47, 0xC4, 0x8D, 0xF0, 0x27, 0xFC, 0x48, 0xDF,
    0x12, 0x37, 0xC0, 0x9F, 0x7A, 0xD8, 0xCF, 0x7E, 0x03, 0xAF, 0x83, 0xDB, 0xE0, 0xF6, 0xF8, 0x91,
    0x7E, 0x33, 0x0F, 0x83, 0xA7, 0xE0, 0xE9, 0xF8, 0x3A, 0x7E, 0x0E, 0x9F, 0xCB, 0x42, 0x91, 0x21,
    0xB6, 0xCC, 0x1D, 0x7F, 0x07, 0x5F, 0xC1, 0x69, 0xF0, 0x75, 0xFC, 0x05, 0xBF, 0x07, 0x5F, 0xC1,
    0x37, 0xF0, 0x75, 0xFC, 0x1D, 0x7F, 0x01, 0xB7, 0xC1, 0xD7, 0xF0, 0x75, 0xFC, 0x1D, 0x7F, 0x07,
    0x5F, 0xC1, 0xD7, 0xF2, 0x17, 0x7C, 0x0A, 0x3F, 0x03, 0x5F, 0xC1, 0xDB, 0xF0, 0x11, 0x4A, 0x58,
    0x31, 0xF9, 0x03, 0xB7, 0xB2, 0xC1, 0x91, 0x58, 0x1D, 0xDF, 0x00, 0x6D, 0x06, 0x39, 0x20, 0x77,
    0xDE, 0x58, 0x32, 0x0B, 0x83, 0xC3, 0xE0, 0xF0, 0xF4, 0xB0, 0x64, 0x52, 0x96, 0x0C, 0x82, 0xC0,
    0xF3, 0xF8, 0x3C, 0xF7, 0x2C, 0x09, 0x95, 0xA5, 0x83, 0x21, 0xB8, 0x31, 0xFE, 0x02, 0x7B, 0x8C,
    0x8A, 0x52, 0xC1, 0x91, 0x4A, 0x58, 0x32, 0x29, 0x4B, 0x06, 0x45, 0x29, 0x60, 0xC8, 0xA5, 0x2C,
    0x19, 0x14, 0x80, 0xD9, 0x59, 0x60, 0xC5, 0xE5, 0x2C, 0x18, 0xBC, 0xA5, 0x83, 0x17, 0x94, 0xB0,
    0x62, 0xF2, 0x96, 0x0C, 0x5E, 0x52, 0xC1, 0x8B, 0xC8, 0x0D, 0x1F, 0x08, 0x4E, 0x65, 0x83, 0x08,
    0x94, 0xB0, 0x61, 0x12, 0x96, 0x0C, 0x22, 0x52, 0xC1, 0x84, 0x4A, 0x58, 0x30, 0x89, 0x4B, 0x06,
    0x11, 0x70, 0x6E, 0xFC, 0x15, 0x1F, 0x08, 0xA7, 0x25, 0x83, 0x04, 0x94, 0xB0, 0x60, 0x92, 0x96,
    0x0C, 0x12, 0x52, 0xC1, 0x82, 0x4A, 0x58, 0x30, 0x49, 0x4B, 0x06, 0x09, 0x70, 0x66, 0xFC, 0x23,
    0xFF, 0x08, 0xFF, 0xC0, 0x4F, 0x31, 0x81, 0xCA, 0x58, 0x30, 0x39, 0x4B, 0x06, 0x07, 0x29, 0x60,
    0xC0, 0xE5, 0x2C, 0x18, 0x1C, 0xA5, 0x83, 0x03, 0xB8, 0x13, 0x3E, 0x12, 0xAF, 0x84, 0xAB, 0xE0,
    0x50, 0xA8, 0xC4, 0x25, 0x2C, 0x18, 0x84, 0xA5, 0x83, 0x10, 0x94, 0xB0, 0x62, 0x12, 0x96, 0x0C,
    0x42, 0x52, 0xC1, 0x88, 0x5C, 0x26, 0xBF, 0x09, 0xAE, 0x88, 0x65, 0x30, 0x9B, 0x54, 0x86, 0x33,
    0x03, 0x3F, 0xC2, 0x6B, 0xF0, 0x9A, 0xFC, 0x87, 0x79, 0xAD, 0x90, 0xA2, 0xC1, 0x36, 0xC9, 0x10,
    0xEE, 0x13, 0x6F, 0x90, 0xFE, 0xE4, 0x6D, 0xC0, 0x48, 0x2E, 0x13, 0x6F, 0x91, 0xB7, 0xE1, 0x22,
    0x91, 0x10, 0xAE, 0x13, 0x6F, 0x91, 0xB7, 0x84, 0x45, 0xF9, 0x11, 0x6C, 0x07, 0x1A, 0x10, 0xE7,
    0xE4, 0x39, 0xB0, 0x1C, 0x3E, 0x45, 0x3E, 0x10, 0xAF, 0xE4, 0x2B, 0xB1, 0x22, 0xEC, 0x41, 0x1F,
    0x90, 0x46, 0xC0, 0x7C, 0xF9, 0x25, 0x74, 0x40, 0x1F, 0x90, 0x06, 0xC0, 0x41, 0xF8, 0x10, 0x78,
    0x3F, 0xFF, 0x8F, 0xFE, 0xC1, 0x17, 0xFA, 0xBE, 0xBE, 0x8E, 0x2C, 0x92, 0x53, 0x48, 0xE3, 0x90,
    0x2F, 0xA4, 0x11, 0xED, 0x8A, 0xB2, 0xC0, 0xAA, 0xF8, 0x45, 0x3A, 0x91, 0xA9, 0xA7, 0xB3, 0xE0,
    0x2C, 0x98, 0x95, 0x72, 0x02, 0xDB, 0x84, 0x8B, 0xE4, 0xB8, 0xFA, 0x2B, 0x32, 0x41, 0x0A, 0x48,
    0x67, 0xB2, 0x39, 0xF4, 0x8C, 0xCD, 0x52, 0xBC, 0x41, 0xAB, 0x77, 0x38, 0x14, 0xEA, 0x05, 0x3B,
    0x44, 0xFD, 0x64, 0x95, 0x78, 0x2D, 0x63, 0x6B, 0x59, 0xEA, 0xC4, 0x2A, 0x91, 0x3C, 0x2D, 0xC6,
    0x03, 0x5A, 0x9F, 0x55, 0x20, 0x15, 0x54, 0x49, 0xD8, 0x27, 0x59, 0x9B, 0xA5, 0xD2, 0x72, 0x64,
    0x1D, 0x4A, 0x4B, 0x5E, 0x02, 0x6C, 0x86, 0xC7, 0xF0, 0x60, 0x7C, 0x6C, 0x7F, 0x1B, 0x1D, 0xC9,
    0x3F, 0xF2, 0x4F, 0xCA, 0x27, 0x2E, 0x84, 0x4B, 0xFF, 0x73, 0x0F, 0x44, 0x2F, 0xFF, 0x0E, 0xFF,
    0xCC, 0x67, 0x32, 0xBC, 0x04, 0xB0, 0x28, 0xBF, 0x24, 0xAC, 0xE5, 0x43, 0x6F, 0xA8, 0x0C, 0x3A,
    0x36, 0xEF, 0x8D, 0xBB, 0xE0, 0xEB, 0xF8, 0xDB, 0x3E, 0x11, 0x7F, 0x8C, 0xD7, 0xE0, 0xF2, 0xF8,
    0x0A, 0xFE, 0x36, 0xCF, 0x83, 0x07, 0xE2, 0x41, 0xB8, 0x17, 0xE8, 0x02, 0xBF, 0x80, 0xAE, 0xC3,
    0x56, 0xF8, 0x13, 0x3E, 0x10, 0xBF, 0x91, 0x0B, 0xE0, 0x39, 0xF8, 0x14, 0xFE, 0x21, 0xEF, 0x9A,
    0x27, 0xE0, 0x39, 0xF8, 0x37, 0x7E, 0x0D, 0xDF, 0x8A, 0x23, 0xC0, 0xD2, 0xF8, 0x34, 0xBE, 0x0D,
    0x2F, 0x83, 0x4B, 0xE0, 0xD2, 0xF8, 0x34, 0xBE, 0x0D, 0x2F, 0x83, 0x4B, 0xE0, 0xD2, 0xF8, 0x0A,
    0xFE, 0x0D, 0x2F, 0x82, 0x63, 0xE0, 0xD2, 0xF8, 0x0A, 0xFE, 0x0D, 0x2F, 0x83, 0x4B, 0xE0, 0xD2,
    0xF9, 0x0A, 0x7E, 0x42, 0x9F, 0x83, 0x53, 0xE0, 0xD4, 0xF8, 0x35, 0x3E, 0x0D, 0x4F, 0x80, 0xEF,
    0xE0, 0xD4, 0xF8, 0x35, 0x3E, 0x0D, 0x4F, 0x83, 0x53, 0xE0, 0xD4, 0xF8, 0x35, 0x3E, 0x02, 0x6F,
    0x83, 0x53, 0x94, 0x11, 0x95, 0xCC, 0x1A, 0xBF, 0x06, 0xAF, 0xC1, 0xAB, 0xF0, 0x6A, 0xFC, 0x05,
    0x9F, 0x06, 0xAF, 0xC1, 0xAB, 0xF0, 0x6A, 0xFC, 0x05, 0x7F, 0x06, 0xAF, 0xC0, 0x99, 0xF0, 0x6A,
    0xFC, 0x35, 0x1F, 0x01, 0xCF, 0xC0, 0xA7, 0xF0, 0x69, 0xFC, 0x1A, 0x7F, 0x01, 0xCF, 0xC1, 0xA7,
    0xF0, 0x69, 0xFC, 0x1A, 0x7F, 0x06, 0x9F, 0xC1, 0xA7, 0xF0, 0x69, 0xFC, 0x1A, 0x7F, 0x06, 0x9F,
    0xC3, 0x51, 0xF0, 0x69, 0x7C, 0x1A, 0x58, 0x01, 0x07, 0xC0, 0x41, 0xD0, 0x5A, 0xFD, 0x83, 0x36,
    0x1B, 0x9D, 0x81, 0x8F, 0xA0, 0x4F, 0xFC, 0xFE, 0x5E, 0x01, 0x27, 0xCF, 0xCF, 0xF0, 0x69, 0x7C,
    0xFC, 0xFB, 0x01, 0x87, 0xCF, 0xB9, 0xF9, 0xA0, 0x1C, 0x2E, 0x0D, 0x6F, 0x83, 0x5B, 0x87, 0x80,
    0xA0, 0x10, 0xBE, 0x06, 0x7C, 0x83, 0x8E, 0xA1, 0x1D, 0xF8, 0x38, 0xFE, 0x0E, 0x3F, 0x83, 0x8F,
    0xE0, 0xE3, 0xB8, 0x08, 0xEA, 0x0E, 0x1F, 0x83, 0x87, 0xE0, 0xE1, 0xF8, 0x62, 0x3E, 0x0E, 0x1F,
    0x83, 0x87, 0xE0, 0xE1, 0xF8, 0x08, 0x3E, 0x00, 0xEB, 0x03, 0x5A, 0xE4, 0x47, 0xF0, 0x1C, 0xFE,
    0x19, 0x1F, 0x86, 0x47, 0x80, 0x30, 0xF8, 0x2B, 0xF8, 0x03, 0x3C, 0x82, 0x8B, 0xE0, 0xA2, 0xF8,
    0x28, 0xBE, 0x02, 0xBF, 0x82, 0x8B, 0xE0, 0xA2, 0xF8, 0x28, 0xBE, 0x0A, 0x2F, 0x82, 0x07, 0xE0,
    0xA2, 0xF8, 0x12, 0x7E, 0x0A, 0x2F, 0x80, 0x83, 0xE0, 0xA2, 0xF8, 0x28, 0xBE, 0x07, 0x3F, 0x82,
    0x8B, 0xE3, 0x0A, 0xF8, 0x14, 0xFE, 0x0A, 0x4F, 0x82, 0x93, 0xE0, 0x30, 0xF8, 0x29, 0x3E, 0x0A,
    0x4F, 0x82, 0x93, 0xE0, 0xA4, 0xF8, 0x08, 0xFE, 0x0A, 0x4F, 0x82, 0x93, 0xE0, 0x83, 0xF8, 0x29,
    0x3E, 0x0A, 0x4F, 0x82, 0x93, 0xE0, 0x20, 0xF8, 0x29, 0x3E, 0x0A, 0x4F, 0x80, 0xA7, 0xE0, 0xA4,
    0xF8, 0x51, 0xFE, 0x0A, 0x2F, 0x82, 0x8B, 0xE0, 0xA2, 0xF8, 0x28, 0xBE, 0x0A, 0x2F, 0x80, 0xAF,
    0xE0, 0xA2, 0xF8, 0x28, 0xBE, 0x0A, 0x2F, 0x82, 0x8B, 0xE0, 0x81, 0xF8, 0x28, 0xBE, 0x04, 0x9F,
    0x8E, 0x7F, 0xE2, 0x7A, 0xF8, 0xD2, 0xFE, 0x2D, 0x7F, 0xBB, 0x0A, 0xB0, 0x0A, 0x34, 0x16, 0x8F,
    0x73, 0xA4, 0x5D, 0x21, 0x36, 0x68, 0x65, 0x9A, 0xD5, 0x00, 0xA4, 0xCD, 0xA8, 0x70, 0x0A, 0x21,
    0x82, 0xEB, 0x00, 0x37, 0xEC, 0xB5, 0x12, 0x8E, 0xB4, 0x0A, 0x99, 0x05, 0xA7, 0xCA, 0x60, 0x12,
    0xA9, 0x84, 0x8E, 0x16, 0x5C, 0x4B, 0x40, 0x25, 0xD0, 0x09, 0x7F, 0xCE, 0x61, 0xF3, 0x85, 0xE1,
    0xA1, 0xD1, 0x6B, 0x7C, 0x0E, 0x63, 0x32, 0x95, 0xC3, 0x25, 0x86, 0x19, 0xAC, 0x1A, 0x7B, 0x00,
    0x9F, 0x7C, 0x27, 0xFF, 0x68, 0x1F, 0xC2, 0x0D, 0xB4, 0xB9, 0xC0, 0x28, 0x13, 0xE6, 0x42, 0xCC,
    0x0E, 0x94, 0x95, 0x1E, 0xCB, 0x52, 0xA7, 0xF6, 0x51, 0xF4, 0x13, 0x96, 0xBC, 0xC2, 0x60, 0x0E,
    0xF8, 0x03, 0x6E, 0x0D, 0xC9, 0x01, 0xE2, 0x60, 0x0D, 0xF8, 0x03, 0x6C, 0xA9, 0xCA, 0x49, 0x1D,
    0xE1, 0x2D, 0xAD, 0x4B, 0xAB, 0x0F, 0xAA, 0x44, 0xB0, 0xB6, 0xC8, 0x0D, 0x4E, 0x7C, 0xA9, 0xE9,
    0x50, 0x23, 0xB3, 0x80, 0x0C, 0xFC, 0x03, 0x37, 0x4A, 0xC4, 0xA4, 0xB5, 0xCA, 0xBF, 0xFB, 0xD4,
    0x10, 0xE9, 0x41, 0xA8, 0x30, 0xDF, 0xFC, 0x1F, 0xFD, 0xC2, 0xA2, 0x40, 0x63, 0x10, 0x18, 0xFC,
    0x06, 0x49, 0x01, 0x96, 0x40, 0x67, 0x70, 0x1A, 0x75, 0x06, 0xAB, 0x41, 0xB0, 0x50, 0x68, 0x90,
    0x28, 0xC4, 0x0A, 0x3F, 0x02, 0x92, 0x40, 0xA5, 0x90, 0x29, 0xDC, 0x0A, 0x9D, 0x42, 0xAA, 0xD0,
    0xAC, 0x14, 0x2A, 0x24, 0x0E, 0x31, 0x03, 0x8F, 0xC0, 0xE4, 0x90, 0x39, 0x64, 0x0E, 0x77, 0x03,
    0xA7, 0x50, 0xEA, 0xB4, 0x3B, 0x05, 0x0E, 0x89, 0x04, 0x8C, 0x41, 0x23, 0xF0, 0x49, 0x24, 0x12,
    0x59, 0x04, 0x9D, 0xC1, 0x29, 0xD4, 0x4A, 0xAD, 0x12, 0xC1, 0x44, 0xFF, 0x46, 0xE8, 0x90, 0x58,
    0xC4, 0x16, 0x3F, 0x05, 0x92, 0x41, 0x65, 0x90, 0x59, 0xDC, 0x16, 0x9D, 0x45, 0xAA, 0xD1, 0x6C,
    0x14, 0x5F, 0xF4, 0x32, 0x89, 0x06, 0x8C, 0x41, 0xA3, 0xF0, 0x69, 0x24, 0x1A, 0x59, 0x06, 0x9D,
    0xC1, 0xA9, 0xD4, 0x6A, 0xAD, 0x1A, 0xC1, 0x46, 0xA2, 0x41, 0xE3, 0x10, 0x78, 0xFC, 0x1E, 0x49,
    0x07, 0x96, 0x41, 0xE7, 0x70, 0x7A, 0x75, 0x1E, 0xAB, 0x47, 0xB0, 0x51, 0xE8, 0x90, 0x88, 0xC4,
    0x22, 0x3F, 0x08, 0x92, 0x42, 0x25, 0x90, 0x89, 0xDC, 0x22, 0x9D, 0x48, 0xAA, 0xD2, 0x2C, 0x14,
    0x8F, 0xF4, 0x4A, 0x89, 0x09, 0x8C, 0x42, 0x63, 0xF0, 0x99, 0x24, 0x26, 0x59, 0x09, 0x9D, 0xC2,
    0x69, 0xD4, 0x9A, 0xAD, 0x26, 0xC1, 0x49, 0xFF, 0x45, 0x68, 0x90, 0xA8, 0xC4, 0x2A, 0x3F, 0x0A,
    0x92, 0x42, 0xA5, 0x90, 0xA9, 0xDC, 0x2A, 0x9D, 0x4A, 0xAA, 0xD2, 0xAC, 0x14, 0xAA, 0x24, 0x2E,
    0x31, 0x0B, 0x8F, 0xC2, 0xE4, 0x90, 0xB9, 0x64, 0x2E, 0x77, 0x0B, 0xA7, 0x52, 0xEA, 0xB4, 0xBB,
    0x05, 0x2E, 0x89, 0x0C, 0x8C, 0x43, 0x23, 0xF0, 0xC9, 0x24, 0x32, 0x59, 0x0C, 0x9D, 0xC3, 0x29,
    0xD4, 0xCA, 0xAD, 0x32, 0xC1, 0x4C, 0xA2, 0x43, 0x63, 0x10, 0xD8, 0xFC, 0x36, 0x49, 0x0D, 0x96,
    0x43, 0x67, 0x70, 0xDA, 0x75, 0x36, 0xAB, 0x4D, 0xB0, 0x53, 0x7F, 0xD0, 0xAA, 0x24, 0x3A, 0x31,
    0x0E, 0x8F, 0xC3, 0xA4, 0x90, 0xE9, 0x64, 0x3A, 0x77, 0x0E, 0xA7, 0x53, 0xAA, 0xB4, 0xEB, 0x05,
    0x3B, 0xFD, 0x1D, 0xA2, 0x43, 0xE3, 0x10, 0xF8, 0xFC, 0x3E, 0x49, 0x0F, 0x96, 0x43, 0xE7, 0x70,
    0xFA, 0x75, 0x3E, 0xAB, 0x4F, 0xB0, 0x53, 0xE8, 0x91, 0x08, 0xC4, 0x42, 0x3F, 0x10, 0x92, 0x44,
    0x25, 0x91, 0x09, 0xDC, 0x42, 0x9D, 0x50, 0xAA, 0xD4, 0x2C, 0x15, 0x0A, 0x24, 0x46, 0x31, 0x11,
    0x8F, 0xC4, 0x64, 0x91, 0x19, 0x64, 0x46, 0x77, 0x11, 0xA7, 0x54, 0x6A, 0xB5, 0x1B, 0x05, 0x46,
    0x89, 0x12, 0x8C, 0x44, 0xA3, 0xF1, 0x29, 0x24, 0x4A, 0x59, 0x12, 0x9D, 0xC4, 0xA9, 0xD5, 0x2A,
    0xAD, 0x4A, 0xC1, 0x52, 0xFF, 0x4A, 0x28, 0x91, 0x38, 0xC4, 0x4E, 0x3F, 0x13, 0x92, 0x24, 0x3A,
    0x53, 0xB8, 0x9D, 0x3A, 0xA7, 0x55, 0xA9, 0xD8, 0x2A, 0x74, 0x48, 0xA4, 0x62, 0x29, 0x1F, 0x8A,
    0x49, 0x22, 0x92, 0xC8, 0xA4, 0xEE, 0x29, 0x4E, 0xAA, 0x55, 0x6A, 0x96, 0x0A, 0xA5, 0x12, 0x2B,
    0x18, 0x8A, 0xC7, 0xE2, 0xB2, 0x48, 0xAC, 0xB2, 0x2B, 0x3B, 0x8A, 0xD3, 0xAA, 0xB5, 0x5A, 0xAD,
    0x82, 0xAB, 0x44, 0x8B, 0x46, 0x22, 0xD1, 0xF8, 0xB4, 0x92, 0x2D, 0x2C, 0x8B, 0x4E, 0xE2, 0xD4,
    0xEA, 0xB5, 0x56, 0xAD, 0x60, 0xAB, 0x51, 0x22, 0xF1, 0x88, 0xBC, 0x7E, 0x2F, 0x24, 0x8B, 0xCB,
    0x22, 0xF3, 0xB8, 0xBD, 0x3A, 0xAF, 0x55, 0xAB, 0xD8, 0x2A, 0xE0, 0x2D, 0x94, 0x62, 0x31, 0x18,
    0x8F, 0xC6, 0x24, 0x91, 0x89, 0x64, 0x62, 0x77, 0x18, 0xA7, 0x56, 0x2A, 0xB5, 0x8B, 0x05, 0x62,
    0x89, 0x19, 0x8C, 0x46, 0x63, 0xF1, 0x99, 0x24, 0x66, 0x59, 0x19, 0x9D, 0xC6, 0x69, 0xD5, 0x9A,
    0xAD, 0x66, 0xC1, 0x59, 0xA2, 0x46, 0xA3, 0x11, 0xA8, 0xFC, 0x6A, 0x49, 0x1A, 0x96, 0x46, 0xA7,
    0x71, 0xAA, 0x75, 0x6A, 0xAB, 0x5A, 0xB0, 0x56, 0xA8, 0x91, 0xB8, 0xC4, 0x6E, 0x3F, 0x1B, 0x92,
    0x46, 0xE5, 0x91, 0xB9, 0xDC, 0x6E, 0x9D, 0x5B, 0xAA, 0xD6, 0xEC, 0x15, 0xB0, 0x12, 0x4A, 0x39,
    0x18, 0x8E, 0x47, 0xE3, 0x92, 0x48, 0xE4, 0xB2, 0x39, 0x3B, 0x8E, 0x53, 0xAB, 0x95, 0x5A, 0xE5,
    0x82, 0xB9, 0x44, 0x8E, 0xC6, 0x23, 0xB1, 0xF8, 0xEC, 0x92, 0x3B, 0x2C, 0x8E, 0xCE, 0xE3, 0xB4,
    0xEA, 0xED, 0x56, 0xBB, 0x60, 0xAE, 0xD1, 0x23, 0xD1, 0x88, 0xF4, 0x7E, 0x3D, 0x24, 0x8F, 0x4B,
    0x23, 0xD3, 0xB8, 0xF5, 0x3A, 0xBD, 0x55, 0xAF, 0x58, 0x2B, 0xD4, 0x48, 0xFC, 0x62, 0x3F, 0x1F,
    0x8F, 0xC9, 0x23, 0xF2, 0xC8, 0xFC, 0xEE, 0x3F, 0x4E, 0xAF, 0xD5, 0x6B, 0xF6, 0x0A, 0xF8, 0x09,
    0x25, 0x20, 0x8C, 0x48, 0x23, 0xF2, 0x09, 0x24, 0x82, 0x59, 0x20, 0x9D, 0xC8, 0x29, 0xD6, 0x0A,
    0xAD, 0x82, 0xC1, 0x60, 0xA2, 0x48, 0x63, 0x12, 0x18, 0xFC, 0x86, 0x49, 0x21, 0x96, 0x48, 0x67,
    0x72, 0x1A, 0x75, 0x86, 0xAB, 0x61, 0xB0, 0x58, 0x68, 0x92, 0x28, 0xC4, 0x8A, 0x3F, 0x22, 0x92,
    0x48, 0xA5, 0x92, 0x29, 0xDC, 0x8A, 0x9D, 0x62, 0xAA, 0xD8, 0xAC, 0x16, 0x2A, 0x24, 0x8E, 0x31,
    0x23, 0x8F, 0xC8, 0xE4, 0x92, 0x39, 0x64, 0x8E, 0x77, 0x23, 0xA7, 0x58, 0xEA, 0xB6, 0x3B, 0x05,
    0x8C, 0x04, 0x92, 0x92, 0x46, 0x24, 0x91, 0xF9, 0x24, 0x92, 0x49, 0x2C, 0x92, 0x4E, 0xE4, 0x94,
    0xEB, 0x25, 0x56, 0xC9, 0x60, 0xB2, 0x51, 0x24, 0xB1, 0x89, 0x2C, 0x7E, 0x4B, 0x24, 0x92, 0xCB,
    0x24, 0xB3, 0xB9, 0x2D, 0x3A, 0xCB, 0x55, 0xB2, 0xD8, 0x2C, 0xB4, 0x49, 0x34, 0x62, 0x4D, 0x1F,
    0x93, 0x49, 0x24, 0xD2, 0xC9, 0x34, 0xEE, 0x4D, 0x4E, 0xB3, 0x55, 0x6C, 0xD6, 0x0B, 0x35, 0x12,
    0x4F, 0x18, 0x93, 0xC7, 0xE4, 0xF2, 0x49, 0x3C, 0xB2, 0x4F, 0x3B, 0x93, 0xD3, 0xAC, 0xF5, 0x5B,
    0x3D, 0x82, 0xCE, 0x02, 0x49, 0x4A, 0x23, 0x12, 0x88, 0xFC, 0xA2, 0x49, 0x28, 0x96, 0x4A, 0x27,
    0x72, 0x8A, 0x75, 0xA2, 0xAB, 0x68, 0xB0, 0x5A, 0x28, 0x92, 0x98, 0xC4, 0xA6, 0x3F, 0x29, 0x92,
    0x4A, 0x65, 0x92, 0x99, 0xDC, 0xA6, 0x9D, 0x69, 0xAA, 0xDA, 0x6C, 0x16, 0x9A, 0x24, 0xAA, 0x31,
    0x2A, 0x8F, 0xCA, 0xA4, 0x92, 0xA9, 0x64, 0xAA, 0x77, 0x2A, 0xA7, 0x5A, 0xAA, 0xB6, 0xAB, 0x05,
    0xAA, 0x89, 0x2B, 0x8C, 0x4A, 0xE3, 0xF2, 0xB9, 0x24, 0xAE, 0x59, 0x2B, 0x9D, 0xCA, 0xE9, 0xD6,
    0xBA, 0xAD, 0xAE, 0xC1, 0x6B, 0x08, 0xAC, 0xA5, 0x91, 0x89, 0x64, 0x7E, 0x59, 0x24, 0x96, 0x4B,
    0x25, 0x93, 0xB9, 0x65, 0x3A, 0xD9, 0x55, 0xB6, 0x58, 0x2D, 0x81, 0x15, 0x94, 0xB6, 0x31, 0x2D,
    0x8F, 0xCB, 0x64, 0x92, 0xD9, 0x64, 0xB6, 0x77, 0x2D, 0xA7, 0x5B, 0x6A, 0xB6, 0xDB, 0x05, 0xB6,
    0x89, 0x2E, 0x8C, 0x4B, 0xA3, 0xF2, 0xE9, 0x24, 0xBA, 0x59, 0x2E, 0x9D, 0xCB, 0xA9, 0xD6, 0xEA,
    0xAD, 0xBA, 0xC1, 0x6E, 0xA2, 0x4B, 0xE3, 0x12, 0xF8, 0xFC, 0xBE, 0x49, 0x2F, 0x96, 0x4B, 0xE7,
    0x72, 0xFA, 0x75, 0xBE, 0xAB, 0x6F, 0xB0, 0x5B, 0xE8, 0x93, 0x08, 0xC4, 0xC2, 0x3F, 0x30, 0x92,
    0x4C, 0x25, 0x93, 0x09, 0xDC, 0xC2, 0x9D, 0x70, 0xAA, 0xDC, 0x2C, 0x17, 0x0A, 0x24, 0xC6, 0x31,
    0x31, 0x8F, 0xCC, 0x64, 0x93, 0x19, 0x64, 0xC6, 0x77, 0x31, 0xA7, 0x5C, 0x6A, 0xB7, 0x1B, 0x05,
    0xC4, 0x0B, 0x92, 0x99, 0x46, 0x26, 0x51, 0xF9, 0x94, 0x92, 0x65, 0x2C, 0x99, 0x4E, 0xE6, 0x54,
    0xEB, 0x95, 0x56, 0xE5, 0x60, 0xB9, 0x51, 0x26, 0x71, 0x89, 0x9C, 0x7E, 0x67, 0x24, 0x99, 0xCB,
    0x26, 0x73, 0xB9, 0x9D, 0x3A, 0xE7, 0x55, 0xB9, 0xD8, 0x2E, 0x62, 0x56, 0x9D, 0x2A, 0x01, 0x47,
    0xFF, 0xD2, 0x3F, 0xF0, 0x9F, 0xFC, 0x33, 0xFF, 0x4A, 0x85, 0x09, 0x52, 0x71, 0x79, 0xFC, 0x62,
    0x7F, 0x32, 0x80, 0x46, 0xFF, 0xF1, 0xCF, 0xFC, 0xCA, 0x0D, 0x17, 0xA5, 0x46, 0x20, 0x02, 0x82,
    0x9C, 0xD2, 0x01, 0x20, 0xFF, 0xC8, 0x7F, 0xF0, 0xDF, 0xFC, 0xD2, 0x0C, 0x28, 0x0B, 0xCD, 0xA0,
    0x12, 0x7F, 0xFC, 0xA3, 0xFE, 0x28, 0x19, 0xCD, 0xA1, 0x42, 0x63, 0xBC, 0xE2, 0x01, 0x2F, 0xFF,
    0xCC, 0x3F, 0xE8, 0x27, 0x9C, 0xE2, 0x14, 0x26, 0x1B, 0xD0, 0x60, 0x13, 0xEF, 0xFC, 0xFF, 0xFF,
    0x03, 0xFF, 0xC1, 0xBF, 0xF4, 0x18, 0x68, 0x97, 0xE6, 0x23, 0x49, 0xD6, 0xE0, 0x15, 0x1F, 0xFD,
    0x4B, 0xFF, 0x0F, 0xFF, 0xC4, 0xBF, 0xF5, 0xB8, 0x28, 0x8C, 0xA6, 0x88, 0x49, 0xD7, 0x60, 0x15,
    0x8F, 0xFD, 0x67, 0xFF, 0x10, 0xFF, 0xC4, 0xFF, 0xF5, 0xD8, 0x2A, 0x20, 0xA7, 0x5F, 0x9F, 0xD8,
    0x27, 0xF6, 0x68, 0x05, 0x8F, 0xFF, 0x64, 0xFF, 0xC4, 0x7F, 0xF1, 0x4F, 0xFD, 0x9A, 0x13, 0x5F,
    0x80, 0x58, 0x28, 0x00,
};

#endif
