/* Auto-generated by tools/dro2hdr from capture\pre2_loop.dro.
 * Total events : 17353
 * Total length : 58443 ms (58.4 s)
 * Original DRO : 58443 ms
 * Do not edit.
 */
#ifndef pre2_loop_song_H
#define pre2_loop_song_H

#include "seq_player.h"

static const opl_event pre2_loop_song[] = {
    {0x001,0x20,    0},    {0x020,0x01,    0},    {0x023,0x04,    0},    {0x055,0x04,    0},
    {0x060,0xCF,    0},    {0x061,0xFF,    0},    {0x062,0xFF,    0},    {0x063,0xFF,    0},
    {0x064,0xFF,    0},    {0x065,0xFF,    0},    {0x068,0xFF,    0},    {0x069,0xFF,    0},
    {0x06A,0xFF,    0},    {0x06B,0xFF,    0},    {0x06C,0xFF,    0},    {0x06D,0xFF,    0},
    {0x070,0xFF,    0},    {0x071,0xFF,    0},    {0x072,0xFF,    0},    {0x073,0xFF,    0},
    {0x074,0xFF,    0},    {0x075,0xFF,    0},    {0x080,0x09,    0},    {0x081,0xFF,    0},
    {0x082,0xFF,    0},    {0x083,0x06,    0},    {0x084,0xFF,    0},    {0x085,0xFF,    0},
    {0x088,0xFF,    0},    {0x089,0xFF,    0},    {0x08A,0xFF,    0},    {0x08B,0xFF,    0},
    {0x08C,0xFF,    0},    {0x08D,0xFF,    0},    {0x090,0xFF,    0},    {0x091,0xFF,    0},
    {0x092,0xFF,    0},    {0x093,0xFF,    0},    {0x094,0xFF,    0},    {0x095,0xFF,    0},
    {0x0A0,0xC0,    0},    {0x0BD,0xC0,    0},    {0x0C0,0x06,    0},    {0x0B0,0x21,    0},
    {0x084,0x07,    1},    {0x024,0x03,    0},    {0x081,0x04,    0},    {0x0E1,0x03,    0},
    {0x044,0x02,    0},    {0x041,0x06,    0},    {0x0C1,0x02,    0},    {0x0A1,0x87,    0},
    {0x0B1,0x26,    0},    {0x085,0x05,    0},    {0x025,0x21,    0},    {0x0E5,0x01,    0},
    {0x082,0x00,    0},    {0x022,0x20,    0},    {0x0E2,0x02,    0},    {0x045,0x0C,    0},
    {0x042,0x09,    0},    {0x0C2,0x02,    0},    {0x0A2,0x87,    0},    {0x0B2,0x2E,    0},
    {0x08B,0x05,    0},    {0x02B,0x21,    0},    {0x0EB,0x01,    0},    {0x088,0x00,    0},
    {0x028,0x20,    0},    {0x0E8,0x02,    0},    {0x04B,0x0C,    1},    {0x048,0x09,    0},
    {0x0C3,0x02,    0},    {0x0A3,0x81,    0},    {0x0B3,0x31,    0},    {0x08C,0x05,    0},
    {0x02C,0x21,    0},    {0x0EC,0x01,    0},    {0x089,0x00,    0},    {0x029,0x20,    0},
    {0x0E9,0x02,    0},    {0x04C,0x0C,    0},    {0x049,0x09,    0},    {0x0C4,0x02,    0},
    {0x0A4,0xE5,    0},    {0x0B4,0x31,    0},    {0x08D,0x05,    0},    {0x02D,0x22,    0},
    {0x0ED,0x01,    0},    {0x08A,0x00,    0},    {0x02A,0x23,    0},    {0x0EA,0x02,    0},
    {0x04D,0x0C,    0},    {0x04A,0x30,    0},    {0x0C5,0x04,    0},    {0x0A5,0x81,    0},
    {0x0B5,0x29,    1},    {0x093,0x05,    0},    {0x033,0x22,    0},    {0x0F3,0x01,    0},
    {0x090,0x00,    0},    {0x030,0x23,    0},    {0x0F0,0x02,    0},    {0x053,0x0C,    0},
    {0x050,0x30,    0},    {0x0C6,0x04,    0},    {0x0A6,0xE5,    0},    {0x0B6,0x29,    0},
    {0x034,0x20,    0},    {0x031,0x20,    0},    {0x054,0x3F,    0},    {0x051,0x3F,    0},
    {0x035,0x20,    0},    {0x032,0x20,    0},    {0x055,0x3F,    0},    {0x052,0x3F,   11},
    {0x0A0,0xB6,   15},    {0x0A0,0xAC,   14},    {0x0A0,0xA2,    0},    {0x0B2,0x0E,    0},
    {0x0B3,0x11,    0},    {0x0B4,0x11,   14},    {0x0A0,0x98,    0},    {0x042,0x0A,    0},
    {0x048,0x0A,    0},    {0x049,0x0A,   15},    {0x0A0,0x8E,   14},    {0x0A0,0x84,    0},
    {0x04A,0x2F,    0},    {0x050,0x2F,   14},    {0x0A0,0x7A,    0},    {0x0B0,0x01,    0},
    {0x0B1,0x06,   14},    {0x083,0x0A,    0},    {0x023,0x0A,    0},    {0x060,0xFF,    0},
    {0x080,0x00,    0},    {0x020,0x0F,    1},    {0x0C0,0x0E,    0},    {0x0A0,0x57,    0},
    {0x0B0,0x25,    0},    {0x0B1,0x26,    0},    {0x042,0x0B,    0},    {0x048,0x0B,    0},
    {0x049,0x0B,   56},    {0x042,0x0C,    0},    {0x048,0x0C,    1},    {0x049,0x0C,    0},
    {0x04A,0x2E,    0},    {0x050,0x2E,   42},    {0x0B0,0x05,    0},    {0x0B1,0x06,   14},
    {0x0B0,0x25,    1},    {0x0B1,0x26,    0},    {0x042,0x09,    0},    {0x0B2,0x2E,    0},
    {0x048,0x09,    0},    {0x0B3,0x31,    0},    {0x049,0x09,    0},    {0x0B4,0x31,   28},
    {0x04A,0x2D,    0},    {0x050,0x2D,   14},    {0x0B2,0x0E,    0},    {0x0B3,0x11,    0},
    {0x0B4,0x11,   15},    {0x042,0x0A,    0},    {0x048,0x0A,    0},    {0x049,0x0A,   42},
    {0x0B0,0x05,    0},    {0x0B1,0x06,   15},    {0x0B0,0x25,    0},    {0x0B1,0x2A,    0},
    {0x042,0x09,    0},    {0x0B2,0x2E,    0},    {0x048,0x09,    0},    {0x0B3,0x31,    0},
    {0x049,0x09,    0},    {0x0B4,0x31,    0},    {0x04A,0x2C,    0},    {0x050,0x2C,   42},
    {0x0B2,0x0E,    1},    {0x0B3,0x11,    0},    {0x0B4,0x11,   14},    {0x042,0x0A,    0},
    {0x048,0x0A,    0},    {0x049,0x0A,   28},    {0x04A,0x2B,    0},    {0x050,0x2B,   15},
    {0x0B0,0x05,    0},    {0x0B1,0x0A,   14},    {0x063,0xF7,    0},    {0x083,0x67,    0},
    {0x023,0x23,    0},    {0x080,0x02,    0},    {0x020,0x01,    0},    {0x0E0,0x02,    0},
    {0x043,0x04,    0},    {0x0B0,0x25,    0},    {0x024,0x05,    0},    {0x081,0x09,    0},
    {0x021,0x04,    0},    {0x0E1,0x00,    0},    {0x044,0x00,    0},    {0x041,0x00,    0},
    {0x0C1,0x0F,    0},    {0x0A1,0x6D,    0},    {0x0B1,0x25,    0},    {0x042,0x0B,    0},
    {0x048,0x0B,    1},    {0x049,0x0B,   13},    {0x0A1,0x59,   14},    {0x0A1,0x45,   15},
    {0x0A1,0x31,   14},    {0x0A1,0x1D,    0},    {0x042,0x0C,    0},    {0x048,0x0C,    0},
    {0x049,0x0C,    0},    {0x04A,0x2A,    0},    {0x050,0x2A,   14},    {0x0A1,0x09,   14},
    {0x0A1,0xF5,    0},    {0x0B1,0x24,   15},    {0x0B0,0x05,    0},    {0x0A1,0xE1,    0},
    {0x0B1,0x04,   14},    {0x063,0xFF,    0},    {0x083,0x0A,    0},    {0x023,0x0A,    0},
    {0x080,0x00,    0},    {0x020,0x0F,    0},    {0x0E0,0x00,    0},    {0x043,0x00,    0},
    {0x0B0,0x25,    0},    {0x024,0x03,    0},    {0x081,0x04,    0},    {0x021,0x00,    0},
    {0x0E1,0x03,    0},    {0x044,0x02,    0},    {0x041,0x06,    0},    {0x0C1,0x02,    0},
    {0x0A1,0x41,    1},    {0x0B1,0x26,    0},    {0x042,0x09,    0},    {0x0B2,0x2E,    0},
    {0x048,0x09,    0},    {0x0B3,0x31,    0},    {0x049,0x09,    0},    {0x0B4,0x31,   27},
    {0x04A,0x29,    1},    {0x050,0x29,   14},    {0x0B2,0x0E,    0},    {0x0B3,0x11,    0},
    {0x0B4,0x11,   14},    {0x042,0x0A,    0},    {0x048,0x0A,    0},    {0x049,0x0A,   43},
    {0x0B0,0x05,    0},    {0x0B1,0x06,   14},    {0x0B0,0x25,    0},    {0x0B1,0x2A,    0},
    {0x042,0x09,    0},    {0x0B2,0x2E,    0},    {0x048,0x09,    0},    {0x0B3,0x31,    0},
    {0x049,0x09,    0},    {0x0B4,0x31,    0},    {0x04A,0x28,    1},    {0x050,0x28,   42},
    {0x0B2,0x0E,    0},    {0x0B3,0x11,    0},    {0x0B4,0x11,   14},    {0x042,0x0A,    0},
    {0x048,0x0A,    0},    {0x049,0x0A,   29},    {0x04A,0x27,    0},    {0x050,0x27,   14},
    {0x0B0,0x05,    0},    {0x0B1,0x0A,   14},    {0x0B0,0x25,    0},    {0x0B1,0x26,    0},
    {0x042,0x0B,    0},    {0x048,0x0B,    0},    {0x049,0x0B,   43},    {0x0B0,0x05,   14},
    {0x083,0xFF,    0},    {0x023,0x20,    0},    {0x080,0xFF,    0},    {0x020,0x20,    0},
    {0x043,0x3F,    0},    {0x040,0x3F,    0},    {0x0C0,0x00,    1},    {0x042,0x0C,    0},
    {0x048,0x0C,    0},    {0x049,0x0C,    0},    {0x04A,0x26,    0},    {0x050,0x26,   42},
    {0x0B1,0x06,   14},    {0x083,0x06,    0},    {0x023,0x04,    0},    {0x060,0xCF,    0},
    {0x080,0x09,    0},    {0x020,0x01,    1},    {0x043,0x00,    0},    {0x040,0x00,    0},
    {0x0C0,0x06,    0},    {0x0A0,0xC0,    0},    {0x0B0,0x21,    0},    {0x0A1,0x87,    0},
    {0x0B1,0x26,    0},    {0x042,0x09,    0},    {0x0B2,0x2E,    0},    {0x048,0x09,    0},
    {0x0B3,0x31,    0},    {0x049,0x09,    0},    {0x0B4,0x31,   14},    {0x0A0,0xB6,   14},
    {0x0A0,0xAC,    0},    {0x04A,0x25,    0},    {0x050,0x25,   14},    {0x0A0,0xA2,    0},
    {0x0B2,0x0E,    0},    {0x0B3,0x11,    0},    {0x0B4,0x11,   14},    {0x0A0,0x98,    0},
    {0x042,0x0A,    1},    {0x048,0x0A,    0},    {0x049,0x0A,   14},    {0x0A0,0x8E,   14},
    {0x0A0,0x84,   14},    {0x0A0,0x7A,    0},    {0x0B0,0x01,    0},    {0x0B1,0x06,   14},
    {0x083,0x0A,    1},    {0x023,0x0A,    0},    {0x060,0xFF,    0},    {0x080,0x00,    0},
    {0x020,0x0F,    0},    {0x0C0,0x0E,    0},    {0x0A0,0x57,    0},    {0x0B0,0x25,    0},
    {0x0B1,0x26,    0},    {0x042,0x09,    0},    {0x0B2,0x2E,    0},    {0x048,0x09,    0},
    {0x0B3,0x31,    0},    {0x049,0x09,    0},    {0x0B4,0x31,    0},    {0x04A,0x24,    0},
    {0x050,0x24,   42},    {0x0B2,0x0E,    0},    {0x0B3,0x11,    0},    {0x0B4,0x11,   15},
    {0x042,0x0A,    0},    {0x048,0x0A,    0},    {0x049,0x0A,   28},    {0x04A,0x23,    0},
    {0x050,0x23,   14},    {0x0B0,0x05,    0},    {0x0B1,0x06,   15},    {0x0B0,0x25,    0},
    {0x0B1,0x26,    0},    {0x042,0x09,    0},    {0x0B2,0x2E,    0},    {0x048,0x09,    0},
    {0x0B3,0x31,    0},    {0x049,0x09,    0},    {0x0B4,0x31,   42},    {0x0B2,0x0E,    1},
    {0x0B3,0x11,    0},    {0x0B4,0x11,   14},    {0x042,0x0A,    0},    {0x048,0x0A,    0},
    {0x049,0x0A,    0},    {0x04A,0x22,    0},    {0x050,0x22,   43},    {0x0B0,0x05,    0},
    {0x0B1,0x06,   14},    {0x0B0,0x25,    0},    {0x0B1,0x2A,    0},    {0x042,0x0B,    0},
    {0x048,0x0B,    0},    {0x049,0x0B,   28},    {0x04A,0x21,    0},    {0x050,0x21,   29},
    {0x042,0x0C,    0},    {0x048,0x0C,    0},    {0x049,0x0C,   43},    {0x0B0,0x05,    0},
    {0x0B1,0x0A,   14},    {0x063,0xF7,    0},    {0x083,0x67,    0},    {0x023,0x23,    0},
    {0x080,0x02,    0},    {0x020,0x01,    0},    {0x0E0,0x02,    0},    {0x043,0x04,    0},
    {0x0B0,0x25,    0},    {0x024,0x05,    0},    {0x081,0x09,    0},    {0x021,0x04,    0},
    {0x0E1,0x00,    0},    {0x044,0x00,    0},    {0x041,0x00,    0},    {0x0C1,0x0F,    0},
    {0x0A1,0x6D,    1},    {0x0B1,0x25,    0},    {0x042,0x09,    0},    {0x0B2,0x2E,    0},
    {0x048,0x09,    0},    {0x0B3,0x31,    0},    {0x049,0x09,    0},    {0x0B4,0x31,    0},
    {0x04A,0x20,    0},    {0x050,0x20,   13},    {0x0A1,0x59,   14},    {0x0A1,0x45,   15},
    {0x0A1,0x31,    0},    {0x0B2,0x0E,    0},    {0x0B3,0x11,    0},    {0x0B4,0x11,   14},
    {0x0A1,0x1D,    0},    {0x042,0x0A,    0},    {0x048,0x0A,    0},    {0x049,0x0A,   14},
    {0x0A1,0x09,   15},    {0x0A1,0xF5,    0},    {0x0B1,0x24,    0},    {0x04A,0x1F,    0},
    {0x050,0x1F,   14},    {0x0B0,0x05,    0},    {0x0A1,0xE1,    0},    {0x0B1,0x04,   14},
    {0x063,0xFF,    0},    {0x083,0x0A,    0},    {0x023,0x0A,    0},    {0x080,0x00,    0},
    {0x020,0x0F,    0},    {0x0E0,0x00,    0},    {0x043,0x00,    0},    {0x0B0,0x25,    0},
    {0x024,0x03,    0},    {0x081,0x04,    0},    {0x021,0x00,    0},    {0x0E1,0x03,    1},
    {0x044,0x02,    0},    {0x041,0x06,    0},    {0x0C1,0x02,    0},    {0x0A1,0xE5,    0},
    {0x0B1,0x25,    0},    {0x042,0x09,    0},    {0x0B2,0x2E,    0},    {0x048,0x09,    0},
    {0x0B3,0x31,    0},    {0x049,0x09,    0},    {0x0B4,0x31,   42},    {0x0B2,0x0E,    0},
    {0x0B3,0x11,    0},    {0x0B4,0x11,   14},    {0x042,0x0A,    0},    {0x048,0x0A,    0},
    {0x049,0x0A,    0},    {0x04A,0x1E,    0},    {0x050,0x1E,   43},    {0x0B0,0x05,    0},
    {0x0B1,0x05,   14},    {0x0B0,0x25,    0},    {0x0A1,0x41,    0},    {0x0B1,0x26,    0},
    {0x042,0x0B,    0},    {0x048,0x0B,    0},    {0x049,0x0B,   29},    {0x04A,0x1D,    0},
    {0x050,0x1D,   28},    {0x042,0x0C,    0},    {0x048,0x0C,    0},    {0x049,0x0C,   43},
    {0x0B0,0x05,    0},    {0x0B1,0x06,   14},    {0x0B0,0x25,    0},    {0x0A1,0x87,    0},
    {0x0B1,0x26,    1},    {0x042,0x09,    0},    {0x0B2,0x2E,    0},    {0x048,0x09,    0},
    {0x0B3,0x31,    0},    {0x049,0x09,    0},    {0x0B4,0x31,    0},    {0x04A,0x1C,    0},
    {0x050,0x1C,   42},    {0x0B0,0x05,    0},    {0x0B2,0x0E,    0},    {0x0B3,0x11,    0},
    {0x0B4,0x11,   14},    {0x083,0xFF,    0},    {0x023,0x20,    0},    {0x080,0xFF,    1},
    {0x020,0x20,    0},    {0x043,0x3F,    0},    {0x040,0x3F,    0},    {0x0C0,0x00,    0},
    {0x042,0x0A,    0},    {0x048,0x0A,    0},    {0x049,0x0A,   28},    {0x04A,0x1B,    0},
    {0x050,0x1B,   14},    {0x0B1,0x06,   14},    {0x083,0x06,    1},    {0x023,0x04,    0},
    {0x060,0xCF,    0},    {0x080,0x09,    0},    {0x020,0x01,    0},    {0x043,0x00,    0},
    {0x040,0x00,    0},    {0x0C0,0x06,    0},    {0x0A0,0xC0,    0},    {0x0B0,0x21,    0},
    {0x0B1,0x26,    0},    {0x042,0x09,    0},    {0x0B2,0x2E,    0},    {0x048,0x09,    0},
    {0x0B3,0x31,    0},    {0x049,0x09,    0},    {0x0B4,0x31,   14},    {0x0A0,0xB6,   14},
    {0x0A0,0xAC,   14},    {0x0A0,0xA2,    0},    {0x0B2,0x0E,    0},    {0x0B3,0x11,    0},
    {0x0B4,0x11,   15},    {0x0A0,0x98,    0},    {0x042,0x0A,    0},    {0x048,0x0A,    0},
    {0x049,0x0A,    0},    {0x04A,0x1A,    0},    {0x050,0x1A,   14},    {0x0A0,0x8E,   14},
    {0x0A0,0x84,   14},    {0x0A0,0x7A,    0},    {0x0B0,0x01,    0},    {0x0B1,0x06,   15},
    {0x083,0x0A,    0},    {0x023,0x0A,    0},    {0x060,0xFF,    0},    {0x080,0x00,    0},
    {0x020,0x0F,    0},    {0x0C0,0x0E,    0},    {0x0A0,0x57,    0},    {0x0B0,0x25,    0},
    {0x0B1,0x26,    0},    {0x042,0x0B,    0},    {0x048,0x0B,    0},    {0x049,0x0B,   28},
    {0x04A,0x19,    0},    {0x050,0x19,   29},    {0x042,0x0C,    0},    {0x048,0x0C,    0},
    {0x049,0x0C,   43},    {0x0B0,0x05,    0},    {0x0B1,0x06,   14},    {0x0B0,0x25,    0},
    {0x0B1,0x26,    0},    {0x042,0x09,    0},    {0x0B2,0x2E,    0},    {0x048,0x09,    0},
    {0x0B3,0x31,    0},    {0x049,0x09,    0},    {0x0B4,0x31,    0},    {0x04A,0x18,    0},
    {0x050,0x18,   43},    {0x0B2,0x0E,    0},    {0x0B3,0x11,    0},    {0x0B4,0x11,   14},
    {0x042,0x0A,    0},    {0x048,0x0A,    0},    {0x049,0x0A,   28},    {0x04A,0x17,    1},
    {0x050,0x17,   14},    {0x0B0,0x05,    0},    {0x0B1,0x06,   14},    {0x0B0,0x25,    0},
    {0x0B1,0x2A,    0},    {0x042,0x09,    0},    {0x0B2,0x2E,    0},    {0x048,0x09,    0},
    {0x0B3,0x31,    0},    {0x049,0x09,    0},    {0x0B4,0x31,   43},    {0x0B2,0x0E,    0},
    {0x0B3,0x11,    0},    {0x0B4,0x11,   14},    {0x042,0x0A,    0},    {0x048,0x0A,    0},
    {0x049,0x0A,    0},    {0x04A,0x16,    0},    {0x050,0x16,   43},    {0x0B0,0x05,    0},
    {0x0B1,0x0A,   14},    {0x063,0xF7,    0},    {0x083,0x67,    0},    {0x023,0x23,    0},
    {0x080,0x02,    0},    {0x020,0x01,    0},    {0x0E0,0x02,    0},    {0x043,0x04,    0},
    {0x0B0,0x25,    0},    {0x024,0x05,    0},    {0x081,0x09,    0},    {0x021,0x04,    0},
    {0x0E1,0x00,    1},    {0x044,0x00,    0},    {0x041,0x00,    0},    {0x0C1,0x0F,    0},
    {0x0A1,0x6D,    0},    {0x0B1,0x25,    0},    {0x042,0x0B,    0},    {0x048,0x0B,    0},
    {0x049,0x0B,   13},    {0x0A1,0x59,   15},    {0x0A1,0x45,    0},    {0x04A,0x15,    0},
    {0x050,0x15,   14},    {0x0A1,0x31,   14},    {0x0A1,0x1D,    0},    {0x042,0x0C,    0},
    {0x048,0x0C,    0},    {0x049,0x0C,   14},    {0x0A1,0x09,   15},    {0x0A1,0xF5,    0},
    {0x0B1,0x24,   14},    {0x0B0,0x05,    0},    {0x0A1,0xE1,    0},    {0x0B1,0x04,   14},
    {0x063,0xFF,    0},    {0x083,0x0A,    0},    {0x023,0x0A,    0},    {0x080,0x00,    0},
    {0x020,0x0F,    0},    {0x0E0,0x00,    0},    {0x043,0x00,    0},    {0x0B0,0x25,    1},
    {0x024,0x03,    0},    {0x081,0x04,    0},    {0x021,0x00,    0},    {0x0E1,0x03,    0},
    {0x044,0x02,    0},    {0x041,0x06,    0},    {0x0C1,0x02,    0},    {0x0A1,0x41,    0},
    {0x0B1,0x26,    0},    {0x042,0x09,    0},    {0x0B2,0x2E,    0},    {0x048,0x09,    0},
    {0x0B3,0x31,    0},    {0x049,0x09,    0},    {0x0B4,0x31,    0},    {0x04A,0x14,    0},
    {0x050,0x14,   42},    {0x0B2,0x0E,    0},    {0x0B3,0x11,    0},    {0x0B4,0x11,   14},
    {0x042,0x0A,    0},    {0x048,0x0A,    0},    {0x049,0x0A,   29},    {0x04A,0x13,    0},
    {0x050,0x13,   14},    {0x0B0,0x05,    0},    {0x0B1,0x06,   14},    {0x0B0,0x25,    0},
    {0x0B1,0x2A,    1},    {0x042,0x09,    0},    {0x0B2,0x2E,    0},    {0x048,0x09,    0},
    {0x0B3,0x31,    0},    {0x049,0x09,    0},    {0x0B4,0x31,   42},    {0x0B2,0x0E,    0},
    {0x0B3,0x11,    0},    {0x0B4,0x11,   14},    {0x042,0x0A,    1},    {0x048,0x0A,    0},
    {0x049,0x0A,    0},    {0x04A,0x12,    0},    {0x050,0x12,   42},    {0x0B0,0x05,    0},
    {0x0B1,0x0A,   15},    {0x0B0,0x25,    0},    {0x0B1,0x26,    0},    {0x042,0x0B,    0},
    {0x048,0x0B,    0},    {0x049,0x0B,   28},    {0x04A,0x11,    0},    {0x050,0x11,   14},
    {0x0B0,0x05,   15},    {0x083,0xFF,    0},    {0x023,0x20,    0},    {0x080,0xFF,    0},
    {0x020,0x20,    0},    {0x043,0x3F,    0},    {0x040,0x3F,    0},    {0x0C0,0x00,    0},
    {0x042,0x0C,    0},    {0x048,0x0C,    0},    {0x049,0x0C,   42},    {0x0B1,0x06,   15},
    {0x083,0x06,    0},    {0x023,0x04,    0},    {0x060,0xCF,    0},    {0x080,0x09,    0},
    {0x020,0x01,    0},    {0x043,0x00,    0},    {0x040,0x00,    0},    {0x0C0,0x06,    0},
    {0x0A0,0xC0,    0},    {0x0B0,0x21,    0},    {0x0A1,0x87,    0},    {0x0B1,0x26,    0},
    {0x042,0x09,    0},    {0x0B2,0x2E,    0},    {0x048,0x09,    0},    {0x0B3,0x31,    0},
    {0x049,0x09,    0},    {0x0B4,0x31,    0},    {0x04A,0x10,    0},    {0x050,0x10,   14},
    {0x0A0,0xB6,   14},    {0x0A0,0xAC,   14},    {0x0A0,0xA2,    1},    {0x0B2,0x0E,    0},
    {0x0B3,0x11,    0},    {0x0B4,0x11,   14},    {0x0A0,0x98,    0},    {0x042,0x0A,    0},
    {0x048,0x0A,    0},    {0x049,0x0A,   14},    {0x0A0,0x8E,   14},    {0x0A0,0x84,    0},
    {0x04A,0x0F,    0},    {0x050,0x0F,   15},    {0x0A0,0x7A,    0},    {0x0B0,0x01,    0},
    {0x0B1,0x06,   14},    {0x083,0x0A,    0},    {0x023,0x0A,    0},    {0x060,0xFF,    0},
    {0x080,0x00,    0},    {0x020,0x0F,    0},    {0x0C0,0x0E,    0},    {0x0A0,0x57,    0},
    {0x0B0,0x25,    0},    {0x0B1,0x26,    0},    {0x042,0x09,    0},    {0x0B2,0x2E,    0},
    {0x048,0x09,    0},    {0x0B3,0x31,    0},    {0x049,0x09,    0},    {0x0B4,0x31,   43},
    {0x0B2,0x0E,    0},    {0x0B3,0x11,    0},    {0x0B4,0x11,   14},    {0x042,0x0A,    0},
    {0x048,0x0A,    0},    {0x049,0x0A,    0},    {0x04A,0x0E,    0},    {0x050,0x0E,   43},
    {0x0B0,0x05,    0},    {0x0B1,0x06,   14},    {0x0B0,0x25,    0},    {0x0B1,0x26,    0},
    {0x042,0x09,    0},    {0x0B2,0x2E,    0},    {0x048,0x09,    0},    {0x0B3,0x31,    0},
    {0x049,0x09,    0},    {0x0B4,0x31,   29},    {0x04A,0x0D,    0},    {0x050,0x0D,   14},
    {0x0B2,0x0E,    0},    {0x0B3,0x11,    0},    {0x0B4,0x11,   14},    {0x042,0x0A,    0},
    {0x048,0x0A,    0},    {0x049,0x0A,   43},    {0x0B0,0x05,    0},    {0x0B1,0x06,   14},
    {0x0B0,0x25,    0},    {0x0B1,0x2A,    0},    {0x042,0x0B,    0},    {0x048,0x0B,    0},
    {0x049,0x0B,    0},    {0x04A,0x0C,    0},    {0x050,0x0C,   57},    {0x042,0x0C,    0},
    {0x048,0x0C,    0},    {0x049,0x0C,   29},    {0x04A,0x0B,    0},    {0x050,0x0B,   14},
    {0x0B0,0x05,    0},    {0x0B1,0x0A,   14},    {0x063,0xF7,    0},    {0x083,0x67,    0},
    {0x023,0x23,    0},    {0x080,0x02,    0},    {0x020,0x01,    0},    {0x0E0,0x02,    0},
    {0x043,0x04,    0},    {0x0B0,0x25,    1},    {0x024,0x05,    0},    {0x081,0x09,    0},
    {0x021,0x04,    0},    {0x0E1,0x00,    0},    {0x044,0x00,    0},    {0x041,0x00,    0},
    {0x0C1,0x0F,    0},    {0x0A1,0x6D,    0},    {0x0B1,0x25,    0},    {0x042,0x09,    0},
    {0x0B2,0x2E,    0},    {0x048,0x09,    0},    {0x0B3,0x31,    0},    {0x049,0x09,    0},
    {0x0B4,0x31,   14},    {0x0A1,0x59,   14},    {0x0A1,0x45,   14},    {0x0A1,0x31,    0},
    {0x0B2,0x0E,    0},    {0x0B3,0x11,    0},    {0x0B4,0x11,   14},    {0x0A1,0x1D,    0},
    {0x042,0x0A,    0},    {0x048,0x0A,    0},    {0x049,0x0A,    1},    {0x04A,0x0A,    0},
    {0x050,0x0A,   14},    {0x0A1,0x09,   14},    {0x0A1,0xF5,    0},    {0x0B1,0x24,   14},
    {0x0B0,0x05,    0},    {0x0A1,0xE1,    0},    {0x0B1,0x04,   14},    {0x063,0xFF,    0},
    {0x083,0x0A,    0},    {0x023,0x0A,    0},    {0x080,0x00,    1},    {0x020,0x0F,    0},
    {0x0E0,0x00,    0},    {0x043,0x00,    0},    {0x0B0,0x25,    0},    {0x024,0x03,    0},
    {0x081,0x04,    0},    {0x021,0x00,    0},    {0x0E1,0x03,    0},    {0x044,0x02,    0},
    {0x041,0x06,    0},    {0x0C1,0x02,    0},    {0x0A1,0xE5,    0},    {0x0B1,0x25,    0},
    {0x042,0x09,    0},    {0x0B2,0x2E,    0},    {0x048,0x09,    0},    {0x0B3,0x31,    0},
    {0x049,0x09,    0},    {0x0B4,0x31,   28},    {0x04A,0x09,    0},    {0x050,0x09,   14},
    {0x0B2,0x0E,    0},    {0x0B3,0x11,    0},    {0x0B4,0x11,   14},    {0x042,0x0A,    1},
    {0x048,0x0A,    0},    {0x049,0x0A,   42},    {0x0B0,0x05,    0},    {0x0B1,0x05,   15},
    {0x0B0,0x25,    0},    {0x0A1,0x41,    0},    {0x0B1,0x26,    0},    {0x042,0x0B,    0},
    {0x048,0x0B,    0},    {0x049,0x0B,    0},    {0x04A,0x08,    0},    {0x050,0x08,   57},
    {0x042,0x0C,    0},    {0x048,0x0C,    0},    {0x049,0x0C,   28},    {0x04A,0x07,    0},
    {0x050,0x07,   14},    {0x0B0,0x05,    0},    {0x0B1,0x06,   15},    {0x0B0,0x25,    0},
    {0x0A1,0x87,    0},    {0x0B1,0x26,    0},    {0x042,0x09,    0},    {0x0B2,0x2E,    0},
    {0x048,0x09,    0},    {0x0B3,0x31,    0},    {0x049,0x09,    0},    {0x0B4,0x31,   42},
    {0x0B0,0x05,    1},    {0x0B2,0x0E,    0},    {0x0B3,0x11,    0},    {0x0B4,0x11,   14},
    {0x083,0xFF,    0},    {0x023,0x20,    0},    {0x080,0xFF,    0},    {0x020,0x20,    0},
    {0x043,0x3F,    0},    {0x040,0x3F,    0},    {0x0C0,0x00,    0},    {0x042,0x0A,    0},
    {0x048,0x0A,    0},    {0x049,0x0A,    0},    {0x04A,0x08,    0},    {0x050,0x08,   43},
    {0x0B1,0x06,   14},    {0x083,0x06,    0},    {0x023,0x04,    0},    {0x060,0xCF,    0},
    {0x080,0x09,    0},    {0x020,0x01,    0},    {0x043,0x00,    0},    {0x040,0x00,    0},
    {0x0C0,0x06,    0},    {0x0A0,0xC0,    0},    {0x0B0,0x21,    0},    {0x0A1,0xE5,    0},
    {0x0B1,0x25,    0},    {0x042,0x09,    0},    {0x0B2,0x2E,    0},    {0x048,0x09,    0},
    {0x0A3,0x6B,    0},    {0x0B3,0x31,    1},    {0x049,0x09,    0},    {0x0B4,0x31,    0},
    {0x0A5,0x6B,   13},    {0x0A0,0xB6,   14},    {0x0A0,0xAC,    0},    {0x04A,0x09,    0},
    {0x050,0x09,   15},    {0x0A0,0xA2,    0},    {0x0B2,0x0E,    0},    {0x0B3,0x11,    0},
    {0x0B4,0x11,   14},    {0x0A0,0x98,    0},    {0x042,0x0A,    0},    {0x048,0x0A,    0},
    {0x049,0x0A,   14},    {0x0A0,0x8E,   14},    {0x0A0,0x84,   15},    {0x0A0,0x7A,    0},
    {0x0B0,0x01,    0},    {0x0B1,0x05,   14},    {0x083,0x0A,    0},    {0x023,0x0A,    0},
    {0x060,0xFF,    0},    {0x080,0x00,    0},    {0x020,0x0F,    0},    {0x0C0,0x0E,    0},
    {0x0A0,0x57,    0},    {0x0B0,0x25,    0},    {0x0B1,0x25,    0},    {0x042,0x0B,    0},
    {0x048,0x0B,    0},    {0x049,0x0B,    0},    {0x04A,0x0A,    1},    {0x050,0x0A,   56},
    {0x042,0x0C,    0},    {0x048,0x0C,    0},    {0x049,0x0C,   29},    {0x04A,0x0B,    0},
    {0x050,0x0B,   14},    {0x0B0,0x05,    0},    {0x0B1,0x05,   14},    {0x0B0,0x25,    0},
    {0x0B1,0x25,    0},    {0x042,0x09,    0},    {0x0B2,0x2E,    0},    {0x048,0x09,    0},
    {0x0B3,0x31,    0},    {0x049,0x09,    0},    {0x0B4,0x31,   43},    {0x0B2,0x0E,    0},
    {0x0B3,0x11,    0},    {0x0B4,0x11,   14},    {0x042,0x0A,    0},    {0x048,0x0A,    0},
    {0x049,0x0A,    0},    {0x04A,0x0C,    0},    {0x050,0x0C,   43},    {0x0B0,0x05,    0},
    {0x0B1,0x05,   14},    {0x0B0,0x25,    0},    {0x0B1,0x29,    0},    {0x042,0x09,    0},
    {0x0B2,0x2E,    0},    {0x048,0x09,    1},    {0x0B3,0x31,    0},    {0x049,0x09,    0},
    {0x0B4,0x31,   28},    {0x04A,0x0D,    0},    {0x050,0x0D,   14},    {0x0B2,0x0E,    0},
    {0x0B3,0x11,    0},    {0x0B4,0x11,   14},    {0x042,0x0A,    0},    {0x048,0x0A,    0},
    {0x049,0x0A,   43},    {0x0B0,0x05,    0},    {0x0B1,0x09,   14},    {0x063,0xF7,    0},
    {0x083,0x67,    0},    {0x023,0x23,    0},    {0x080,0x02,    1},    {0x020,0x01,    0},
    {0x0E0,0x02,    0},    {0x043,0x04,    0},    {0x0B0,0x25,    0},    {0x024,0x05,    0},
    {0x081,0x09,    0},    {0x021,0x04,    0},    {0x0E1,0x00,    0},    {0x044,0x00,    0},
    {0x041,0x00,    0},    {0x0C1,0x0F,    0},    {0x0A1,0x6D,    0},    {0x0B1,0x25,    0},
    {0x042,0x0B,    0},    {0x048,0x0B,    0},    {0x049,0x0B,    0},    {0x04A,0x0E,    0},
    {0x050,0x0E,   14},    {0x0A1,0x59,   14},    {0x0A1,0x45,   14},    {0x0A1,0x31,   14},
    {0x0A1,0x1D,    1},    {0x042,0x0C,    0},    {0x048,0x0C,    0},    {0x049,0x0C,   14},
    {0x0A1,0x09,   14},    {0x0A1,0xF5,    0},    {0x0B1,0x24,    0},    {0x04A,0x0F,    0},
    {0x050,0x0F,   14},    {0x0B0,0x05,    0},    {0x0A1,0xE1,    0},    {0x0B1,0x04,   15},
    {0x063,0xFF,    0},    {0x083,0x0A,    0},    {0x023,0x0A,    0},    {0x080,0x00,    0},
    {0x020,0x0F,    0},    {0x0E0,0x00,    0},    {0x043,0x00,    0},    {0x0B0,0x25,    0},
    {0x024,0x03,    0},    {0x081,0x04,    0},    {0x021,0x00,    0},    {0x0E1,0x03,    0},
    {0x044,0x02,    0},    {0x041,0x06,    0},    {0x0C1,0x02,    0},    {0x0A1,0xB0,    0},
    {0x0B1,0x25,    0},    {0x042,0x09,    0},    {0x0B2,0x2E,    0},    {0x048,0x09,    0},
    {0x0B3,0x31,    0},    {0x049,0x09,    0},    {0x0B4,0x31,   42},    {0x0B2,0x0E,    0},
    {0x0B3,0x11,    0},    {0x0B4,0x11,   15},    {0x042,0x0A,    0},    {0x048,0x0A,    0},
    {0x049,0x0A,    0},    {0x04A,0x10,    0},    {0x050,0x10,   42},    {0x0B0,0x05,    0},
    {0x0B1,0x05,   15},    {0x0B0,0x25,    0},    {0x0B1,0x29,    0},    {0x042,0x09,    0},
    {0x0B2,0x2E,    0},    {0x048,0x09,    0},    {0x0B3,0x31,    0},    {0x049,0x09,    0},
    {0x0B4,0x31,   28},    {0x04A,0x11,    0},    {0x050,0x11,   15},    {0x0B2,0x0E,    0},
    {0x0B3,0x11,    0},    {0x0B4,0x11,   14},    {0x042,0x0A,    0},    {0x048,0x0A,    0},
    {0x049,0x0A,   43},    {0x0B0,0x05,    0},    {0x0B1,0x09,   14},    {0x0B0,0x25,    0},
    {0x0B1,0x25,    0},    {0x042,0x0B,    0},    {0x048,0x0B,    0},    {0x049,0x0B,    0},
    {0x04A,0x12,    0},    {0x050,0x12,   43},    {0x0B0,0x05,   14},    {0x083,0xFF,    0},
    {0x023,0x20,    0},    {0x080,0xFF,    0},    {0x020,0x20,    0},    {0x043,0x3F,    0},
    {0x040,0x3F,    0},    {0x0C0,0x00,    0},    {0x042,0x0C,    0},    {0x048,0x0C,    0},
    {0x049,0x0C,   28},    {0x04A,0x13,    1},    {0x050,0x13,   14},    {0x0B1,0x05,   14},
    {0x083,0x06,    0},    {0x023,0x04,    0},    {0x060,0xCF,    0},    {0x080,0x09,    0},
    {0x020,0x01,    0},    {0x043,0x00,    0},    {0x040,0x00,    0},    {0x0C0,0x06,    0},
    {0x0A0,0xC0,    0},    {0x0B0,0x21,    0},    {0x0A1,0xE5,    0},    {0x0B1,0x25,    0},
    {0x042,0x09,    1},    {0x0B2,0x2E,    0},    {0x048,0x09,    0},    {0x0B3,0x31,    0},
    {0x049,0x09,    0},    {0x0B4,0x31,   13},    {0x0A0,0xB6,   14},    {0x0A0,0xAC,   15},
    {0x0A0,0xA2,    0},    {0x0B2,0x0E,    0},    {0x0B3,0x11,    0},    {0x0B4,0x11,   14},
    {0x0A0,0x98,    0},    {0x042,0x0A,    0},    {0x048,0x0A,    0},    {0x049,0x0A,    0},
    {0x04A,0x14,    0},    {0x050,0x14,   14},    {0x0A0,0x8E,   15},    {0x0A0,0x84,   14},
    {0x0A0,0x7A,    0},    {0x0B0,0x01,    0},    {0x0B1,0x05,   14},    {0x083,0x0A,    0},
    {0x023,0x0A,    0},    {0x060,0xFF,    0},    {0x080,0x00,    0},    {0x020,0x0F,    0},
    {0x0C0,0x0E,    0},    {0x0A0,0x57,    0},    {0x0B0,0x25,    0},    {0x0B1,0x25,    0},
    {0x042,0x09,    1},    {0x0B2,0x2E,    0},    {0x048,0x09,    0},    {0x0B3,0x31,    0},
    {0x049,0x09,    0},    {0x0B4,0x31,   28},    {0x04A,0x15,    0},    {0x050,0x15,   14},
    {0x0B2,0x0E,    0},    {0x0B3,0x11,    0},    {0x0B4,0x11,   14},    {0x042,0x0A,    0},
    {0x048,0x0A,    0},    {0x049,0x0A,   43},    {0x0B0,0x05,    0},    {0x0B1,0x05,   14},
    {0x0B0,0x25,    0},    {0x0B1,0x25,    0},    {0x042,0x09,    0},    {0x0B2,0x2E,    0},
    {0x048,0x09,    1},    {0x0B3,0x31,    0},    {0x049,0x09,    0},    {0x0B4,0x31,    0},
    {0x04A,0x16,    0},    {0x050,0x16,   42},    {0x0B2,0x0E,    0},    {0x0B3,0x11,    0},
    {0x0B4,0x11,   14},    {0x042,0x0A,    0},    {0x048,0x0A,    0},    {0x049,0x0A,   29},
    {0x04A,0x17,    0},    {0x050,0x17,   14},    {0x0B0,0x05,    0},    {0x0B1,0x05,   14},
    {0x0B0,0x25,    0},    {0x0B1,0x29,    1},    {0x042,0x0B,    0},    {0x048,0x0B,    0},
    {0x049,0x0B,   56},    {0x042,0x0C,    1},    {0x048,0x0C,    0},    {0x049,0x0C,    0},
    {0x04A,0x18,    0},    {0x050,0x18,   42},    {0x0B0,0x05,    0},    {0x0B1,0x09,   15},
    {0x063,0xF7,    0},    {0x083,0x67,    0},    {0x023,0x23,    0},    {0x080,0x02,    0},
    {0x020,0x01,    0},    {0x0E0,0x02,    0},    {0x043,0x04,    0},    {0x0B0,0x25,    0},
    {0x024,0x05,    0},    {0x081,0x09,    0},    {0x021,0x04,    0},    {0x0E1,0x00,    0},
    {0x044,0x00,    0},    {0x041,0x00,    0},    {0x0C1,0x0F,    0},    {0x0A1,0x6D,    0},
    {0x0B1,0x25,    0},    {0x042,0x09,    0},    {0x0B2,0x2E,    0},    {0x048,0x09,    0},
    {0x0B3,0x31,    0},    {0x049,0x09,    0},    {0x0B4,0x31,   14},    {0x0A1,0x59,   14},
    {0x0A1,0x45,    0},    {0x04A,0x19,    0},    {0x050,0x19,   14},    {0x0A1,0x31,    0},
    {0x0B2,0x0E,    0},    {0x0B3,0x11,    1},    {0x0B4,0x11,   14},    {0x0A1,0x1D,    0},
    {0x042,0x0A,    0},    {0x048,0x0A,    0},    {0x049,0x0A,   14},    {0x0A1,0x09,   14},
    {0x0A1,0xF5,    0},    {0x0B1,0x24,   14},    {0x0B0,0x05,    0},    {0x0A1,0xE1,    1},
    {0x0B1,0x04,   14},    {0x063,0xFF,    0},    {0x083,0x0A,    0},    {0x023,0x0A,    0},
    {0x080,0x00,    0},    {0x020,0x0F,    0},    {0x0E0,0x00,    0},    {0x043,0x00,    0},
    {0x0B0,0x25,    0},    {0x024,0x03,    0},    {0x081,0x04,    0},    {0x021,0x00,    0},
    {0x0E1,0x03,    0},    {0x044,0x02,    0},    {0x041,0x06,    0},    {0x0C1,0x02,    0},
    {0x0A1,0x6B,    0},    {0x0B1,0x25,    0},    {0x042,0x09,    0},    {0x0B2,0x2E,    0},
    {0x048,0x09,    1},    {0x0B3,0x31,    0},    {0x049,0x09,    0},    {0x0B4,0x31,    0},
    {0x04A,0x1A,    0},    {0x050,0x1A,   42},    {0x0B2,0x0E,    0},    {0x0B3,0x11,    0},
    {0x0B4,0x11,   14},    {0x042,0x0A,    0},    {0x048,0x0A,    0},    {0x049,0x0A,   28},
    {0x04A,0x1B,    0},    {0x050,0x1B,   15},    {0x0B0,0x05,    0},    {0x0B1,0x05,   14},
    {0x0B0,0x25,    0},    {0x0A1,0xB0,    0},    {0x0B1,0x25,    0},    {0x042,0x0B,    0},
    {0x048,0x0B,    0},    {0x049,0x0B,   57},    {0x042,0x0C,    0},    {0x048,0x0C,    0},
    {0x049,0x0C,    0},    {0x04A,0x1C,    0},    {0x050,0x1C,   43},    {0x0B0,0x05,    0},
    {0x0B1,0x05,   14},    {0x0B0,0x25,    0},    {0x0A1,0xE5,    0},    {0x0B1,0x25,    0},
    {0x042,0x09,    0},    {0x0B2,0x2E,    0},    {0x048,0x09,    0},    {0x0B3,0x31,    0},
    {0x049,0x09,    0},    {0x0B4,0x31,   29},    {0x04A,0x1D,    0},    {0x050,0x1D,   14},
    {0x0B0,0x05,    0},    {0x0B2,0x0E,    0},    {0x0B3,0x11,    0},    {0x0B4,0x11,   14},
    {0x083,0xFF,    0},    {0x023,0x20,    0},    {0x080,0xFF,    0},    {0x020,0x20,    0},
    {0x043,0x3F,    0},    {0x040,0x3F,    0},    {0x0C0,0x00,    0},    {0x042,0x0A,    0},
    {0x048,0x0A,    0},    {0x049,0x0A,   43},    {0x0B1,0x05,   14},    {0x083,0x06,    0},
    {0x023,0x04,    0},    {0x060,0xCF,    0},    {0x080,0x09,    0},    {0x020,0x01,    0},
    {0x043,0x00,    0},    {0x040,0x00,    0},    {0x0C0,0x06,    0},    {0x0A0,0xC0,    0},
    {0x0B0,0x21,    1},    {0x0B1,0x25,    0},    {0x042,0x09,    0},    {0x0B2,0x2E,    0},
    {0x048,0x09,    0},    {0x0B3,0x31,    0},    {0x049,0x09,    0},    {0x0B4,0x31,    0},
    {0x04A,0x1E,    0},    {0x050,0x1E,   13},    {0x0A0,0xB6,   15},    {0x0A0,0xAC,   14},
    {0x0A0,0xA2,    0},    {0x0B2,0x0E,    0},    {0x0B3,0x11,    0},    {0x0B4,0x11,   14},
    {0x0A0,0x98,    0},    {0x042,0x0A,    0},    {0x048,0x0A,    0},    {0x049,0x0A,   14},
    {0x0A0,0x8E,   15},    {0x0A0,0x84,    0},    {0x04A,0x1F,    0},    {0x050,0x1F,   14},
    {0x0A0,0x7A,    0},    {0x0B0,0x01,    0},    {0x0B1,0x05,   14},    {0x083,0x0A,    0},
    {0x023,0x0A,    0},    {0x060,0xFF,    0},    {0x080,0x00,    0},    {0x020,0x0F,    0},
    {0x0C0,0x0E,    0},    {0x0A0,0x57,    1},    {0x0B0,0x25,    0},    {0x0B1,0x25,    0},
    {0x042,0x0B,    0},    {0x048,0x0B,    0},    {0x049,0x0B,   56},    {0x042,0x0C,    0},
    {0x048,0x0C,    0},    {0x049,0x0C,    1},    {0x04A,0x20,    0},    {0x050,0x20,   42},
    {0x0B0,0x05,    0},    {0x0B1,0x05,   14},    {0x0B0,0x25,    0},    {0x0B1,0x25,    1},
    {0x042,0x09,    0},    {0x0B2,0x2E,    0},    {0x048,0x09,    0},    {0x0B3,0x31,    0},
    {0x049,0x09,    0},    {0x0B4,0x31,   28},    {0x04A,0x21,    0},    {0x050,0x21,   14},
    {0x0B2,0x0E,    0},    {0x0B3,0x11,    0},    {0x0B4,0x11,   15},    {0x042,0x0A,    0},
    {0x048,0x0A,    0},    {0x049,0x0A,   42},    {0x0B0,0x05,    0},    {0x0B1,0x05,   15},
    {0x0B0,0x25,    0},    {0x0B1,0x29,    0},    {0x042,0x09,    0},    {0x0B2,0x2E,    0},
    {0x048,0x09,    0},    {0x0B3,0x31,    0},    {0x049,0x09,    0},    {0x0B4,0x31,    0},
    {0x04A,0x22,    0},    {0x050,0x22,   42},    {0x0B2,0x0E,    0},    {0x0B3,0x11,    0},
    {0x0B4,0x11,   15},    {0x042,0x0A,    0},    {0x048,0x0A,    0},    {0x049,0x0A,   28},
    {0x04A,0x23,    0},    {0x050,0x23,   14},    {0x0B0,0x05,    0},    {0x0B1,0x09,   15},
    {0x063,0xF7,    0},    {0x083,0x67,    0},    {0x023,0x23,    0},    {0x080,0x02,    0},
    {0x020,0x01,    0},    {0x0E0,0x02,    0},    {0x043,0x04,    0},    {0x0B0,0x25,    0},
    {0x024,0x05,    0},    {0x081,0x09,    0},    {0x021,0x04,    0},    {0x0E1,0x00,    0},
    {0x044,0x00,    0},    {0x041,0x00,    0},    {0x0C1,0x0F,    0},    {0x0A1,0x6D,    0},
    {0x0B1,0x25,    0},    {0x042,0x0B,    0},    {0x048,0x0B,    0},    {0x049,0x0B,   14},
    {0x0A1,0x59,   14},    {0x0A1,0x45,   15},    {0x0A1,0x31,   14},    {0x0A1,0x1D,    0},
    {0x042,0x0C,    0},    {0x048,0x0C,    0},    {0x049,0x0C,    0},    {0x04A,0x24,    0},
    {0x050,0x24,   14},    {0x0A1,0x09,   14},    {0x0A1,0xF5,    0},    {0x0B1,0x24,   15},
    {0x0B0,0x05,    0},    {0x0A1,0xE1,    0},    {0x0B1,0x04,   14},    {0x063,0xFF,    0},
    {0x083,0x0A,    0},    {0x023,0x0A,    0},    {0x080,0x00,    0},    {0x020,0x0F,    0},
    {0x0E0,0x00,    0},    {0x043,0x00,    0},    {0x0B0,0x25,    0},    {0x024,0x03,    0},
    {0x081,0x04,    0},    {0x021,0x00,    0},    {0x0E1,0x03,    0},    {0x044,0x02,    0},
    {0x041,0x06,    0},    {0x0C1,0x02,    0},    {0x0A1,0xB0,    0},    {0x0B1,0x25,    1},
    {0x042,0x09,    0},    {0x0B2,0x2E,    0},    {0x048,0x09,    0},    {0x0B3,0x31,    0},
    {0x049,0x09,    0},    {0x0B4,0x31,   27},    {0x04A,0x25,    0},    {0x050,0x25,   15},
    {0x0B2,0x0E,    0},    {0x0B3,0x11,    0},    {0x0B4,0x11,   14},    {0x042,0x0A,    0},
    {0x048,0x0A,    0},    {0x049,0x0A,   43},    {0x0B0,0x05,    0},    {0x0B1,0x05,   14},
    {0x0B0,0x25,    0},    {0x0B1,0x29,    0},    {0x042,0x09,    0},    {0x0B2,0x2E,    0},
    {0x048,0x09,    0},    {0x0B3,0x31,    0},    {0x049,0x09,    0},    {0x0B4,0x31,    0},
    {0x04A,0x26,    0},    {0x050,0x26,   43},    {0x0B2,0x0E,    0},    {0x0B3,0x11,    0},
    {0x0B4,0x11,   14},    {0x042,0x0A,    0},    {0x048,0x0A,    0},    {0x049,0x0A,   29},
    {0x04A,0x27,    0},    {0x050,0x27,   14},    {0x0B0,0x05,    0},    {0x0B1,0x09,   14},
    {0x0B0,0x25,    0},    {0x0B1,0x25,    0},    {0x042,0x0B,    0},    {0x048,0x0B,    0},
    {0x049,0x0B,   43},    {0x0B0,0x05,   14},    {0x083,0xFF,    0},    {0x023,0x20,    0},
    {0x080,0xFF,    0},    {0x020,0x20,    0},    {0x043,0x3F,    0},    {0x040,0x3F,    0},
    {0x0C0,0x00,    0},    {0x042,0x0C,    1},    {0x048,0x0C,    0},    {0x049,0x0C,    0},
    {0x04A,0x28,    0},    {0x050,0x28,   42},    {0x0B1,0x05,   14},    {0x083,0x06,    0},
    {0x023,0x04,    0},    {0x060,0xCF,    0},    {0x080,0x09,    0},    {0x020,0x01,    0},
    {0x043,0x00,    1},    {0x040,0x00,    0},    {0x0C0,0x06,    0},    {0x0A0,0xC0,    0},
    {0x0B0,0x21,    0},    {0x0A1,0xE5,    0},    {0x0B1,0x25,    0},    {0x042,0x09,    0},
    {0x0B2,0x2E,    0},    {0x048,0x09,    0},    {0x0B3,0x31,    0},    {0x049,0x09,    0},
    {0x0B4,0x31,   14},    {0x0A0,0xB6,   14},    {0x0A0,0xAC,    0},    {0x04A,0x29,    0},
    {0x050,0x29,   14},    {0x0A0,0xA2,    0},    {0x0B2,0x0E,    0},    {0x0B3,0x11,    0},
    {0x0B4,0x11,   14},    {0x0A0,0x98,    0},    {0x042,0x0A,    0},    {0x048,0x0A,    1},
    {0x049,0x0A,   14},    {0x0A0,0x8E,   14},    {0x0A0,0x84,   14},    {0x0A0,0x7A,    0},
    {0x0B0,0x01,    0},    {0x0B1,0x05,   14},    {0x083,0x0A,    0},    {0x023,0x0A,    0},
    {0x060,0xFF,    1},    {0x080,0x00,    0},    {0x020,0x0F,    0},    {0x0C0,0x0E,    0},
    {0x0A0,0x57,    0},    {0x0B0,0x25,    0},    {0x0B1,0x25,    0},    {0x042,0x09,    0},
    {0x0B2,0x2E,    0},    {0x048,0x09,    0},    {0x0B3,0x31,    0},    {0x049,0x09,    0},
    {0x0B4,0x31,    0},    {0x04A,0x2A,    0},    {0x050,0x2A,   42},    {0x0B2,0x0E,    0},
    {0x0B3,0x11,    0},    {0x0B4,0x11,   15},    {0x042,0x0A,    0},    {0x048,0x0A,    0},
    {0x049,0x0A,   28},    {0x04A,0x2B,    0},    {0x050,0x2B,   14},    {0x0B0,0x05,    0},
    {0x0B1,0x05,   15},    {0x0B0,0x25,    0},    {0x0B1,0x25,    0},    {0x042,0x09,    0},
    {0x0B2,0x2E,    0},    {0x048,0x09,    0},    {0x0B3,0x31,    0},    {0x049,0x09,    0},
    {0x0B4,0x31,   42},    {0x0B2,0x0E,    0},    {0x0B3,0x11,    1},    {0x0B4,0x11,   14},
    {0x042,0x0A,    0},    {0x048,0x0A,    0},    {0x049,0x0A,    0},    {0x04A,0x2C,    0},
    {0x050,0x2C,   42},    {0x0B0,0x05,    1},    {0x0B1,0x05,   14},    {0x0B0,0x25,    0},
    {0x0B1,0x29,    0},    {0x042,0x0B,    0},    {0x048,0x0B,    0},    {0x049,0x0B,   28},
    {0x04A,0x2D,    0},    {0x050,0x2D,   29},    {0x042,0x0C,    0},    {0x048,0x0C,    0},
    {0x049,0x0C,   43},    {0x0B0,0x05,    0},    {0x0B1,0x09,   14},    {0x063,0xF7,    0},
    {0x083,0x67,    0},    {0x023,0x23,    0},    {0x080,0x02,    0},    {0x020,0x01,    0},
    {0x0E0,0x02,    0},    {0x043,0x04,    0},    {0x0B0,0x25,    0},    {0x024,0x05,    0},
    {0x081,0x09,    0},    {0x021,0x04,    0},    {0x0E1,0x00,    0},    {0x044,0x00,    0},
    {0x041,0x00,    0},    {0x0C1,0x0F,    0},    {0x0A1,0x6D,    0},    {0x0B1,0x25,    1},
    {0x042,0x09,    0},    {0x0B2,0x2E,    0},    {0x048,0x09,    0},    {0x0B3,0x31,    0},
    {0x049,0x09,    0},    {0x0B4,0x31,    0},    {0x04A,0x2E,    0},    {0x050,0x2E,   13},
    {0x0A1,0x59,   14},    {0x0A1,0x45,   15},    {0x0A1,0x31,    0},    {0x0B2,0x0E,    0},
    {0x0B3,0x11,    0},    {0x0B4,0x11,   14},    {0x0A1,0x1D,    0},    {0x042,0x0A,    0},
    {0x048,0x0A,    0},    {0x049,0x0A,   14},    {0x0A1,0x09,   14},    {0x0A1,0xF5,    1},
    {0x0B1,0x24,    0},    {0x04A,0x2F,    0},    {0x050,0x2F,   14},    {0x0B0,0x05,    0},
    {0x0A1,0xE1,    0},    {0x0B1,0x04,   14},    {0x063,0xFF,    0},    {0x083,0x0A,    0},
    {0x023,0x0A,    0},    {0x080,0x00,    0},    {0x020,0x0F,    0},    {0x0E0,0x00,    0},
    {0x043,0x00,    0},    {0x0B0,0x25,    0},    {0x024,0x03,    0},    {0x081,0x04,    0},
    {0x021,0x00,    0},    {0x0E1,0x03,    0},    {0x044,0x02,    1},    {0x041,0x06,    0},
    {0x0C1,0x02,    0},    {0x0A1,0x6B,    0},    {0x0B1,0x25,    0},    {0x042,0x09,    0},
    {0x0B2,0x2E,    0},    {0x048,0x09,    0},    {0x0B3,0x31,    0},    {0x049,0x09,    0},
    {0x0B4,0x31,   42},    {0x0B2,0x0E,    0},    {0x0B3,0x11,    0},    {0x0B4,0x11,   14},
    {0x042,0x0A,    0},    {0x048,0x0A,    0},    {0x049,0x0A,    0},    {0x04A,0x30,    0},
    {0x050,0x30,   43},    {0x0B0,0x05,    0},    {0x0B1,0x05,   14},    {0x0B0,0x25,    0},
    {0x0A1,0xB0,    0},    {0x0B1,0x25,    0},    {0x042,0x0B,    0},    {0x048,0x0B,    0},
    {0x049,0x0B,   29},    {0x04A,0x2F,    0},    {0x050,0x2F,   28},    {0x042,0x0C,    0},
    {0x048,0x0C,    0},    {0x049,0x0C,   43},    {0x0B0,0x05,    0},    {0x0B1,0x05,   14},
    {0x0B0,0x25,    0},    {0x0A1,0xE5,    0},    {0x0B1,0x25,    0},    {0x042,0x09,    1},
    {0x0B2,0x2E,    0},    {0x048,0x09,    0},    {0x0B3,0x31,    0},    {0x049,0x09,    0},
    {0x0B4,0x31,    0},    {0x04A,0x2E,    0},    {0x050,0x2E,   42},    {0x0B0,0x05,    0},
    {0x0B2,0x0E,    0},    {0x0B3,0x11,    0},    {0x0B4,0x11,   14},    {0x083,0xFF,    0},
    {0x023,0x20,    0},    {0x080,0xFF,    0},    {0x020,0x20,    1},    {0x043,0x3F,    0},
    {0x040,0x3F,    0},    {0x0C0,0x00,    0},    {0x042,0x0A,    0},    {0x048,0x0A,    0},
    {0x049,0x0A,   28},    {0x04A,0x2D,    0},    {0x050,0x2D,   14},    {0x0B1,0x05,   14},
    {0x083,0x06,    0},    {0x023,0x04,    1},    {0x060,0xCF,    0},    {0x080,0x09,    0},
    {0x020,0x01,    0},    {0x043,0x00,    0},    {0x040,0x00,    0},    {0x0C0,0x06,    0},
    {0x0A0,0xC0,    0},    {0x0B0,0x21,    0},    {0x0A1,0x02,    0},    {0x0B1,0x26,    0},
    {0x042,0x09,    0},    {0x0B2,0x2E,    0},    {0x048,0x09,    0},    {0x0A3,0x81,    0},
    {0x0B3,0x31,    0},    {0x049,0x09,    0},    {0x0A4,0x02,    0},    {0x0B4,0x32,    0},
    {0x0A5,0x81,    0},    {0x0A6,0x02,    0},    {0x0B6,0x2A,   14},    {0x0A0,0xB6,   14},
    {0x0A0,0xAC,   14},    {0x0A0,0xA2,    0},    {0x0B2,0x0E,    0},    {0x0B3,0x11,    0},
    {0x0B4,0x12,   15},    {0x0A0,0x98,    0},    {0x042,0x0A,    0},    {0x048,0x0A,    0},
    {0x049,0x0A,    0},    {0x04A,0x2C,    0},    {0x050,0x2C,   14},    {0x0A0,0x8E,   14},
    {0x0A0,0x84,   14},    {0x0A0,0x7A,    0},    {0x0B0,0x01,    0},    {0x0B1,0x06,   15},
    {0x083,0x0A,    0},    {0x023,0x0A,    0},    {0x060,0xFF,    0},    {0x080,0x00,    0},
    {0x020,0x0F,    0},    {0x0C0,0x0E,    0},    {0x0A0,0x57,    0},    {0x0B0,0x25,    0},
    {0x0B1,0x26,    0},    {0x042,0x0B,    0},    {0x048,0x0B,    0},    {0x049,0x0B,   28},
    {0x04A,0x2B,    0},    {0x050,0x2B,   29},    {0x042,0x0C,    0},    {0x048,0x0C,    0},
    {0x049,0x0C,   42},    {0x0B0,0x05,    1},    {0x0B1,0x06,   14},    {0x0B0,0x25,    0},
    {0x0B1,0x26,    0},    {0x042,0x09,    0},    {0x0B2,0x2E,    0},    {0x048,0x09,    0},
    {0x0B3,0x31,    0},    {0x049,0x09,    0},    {0x0B4,0x32,    0},    {0x04A,0x2A,    0},
    {0x050,0x2A,   43},    {0x0B2,0x0E,    0},    {0x0B3,0x11,    0},    {0x0B4,0x12,   14},
    {0x042,0x0A,    0},    {0x048,0x0A,    0},    {0x049,0x0A,   28},    {0x04A,0x29,    0},
    {0x050,0x29,   15},    {0x0B0,0x05,    0},    {0x0B1,0x06,   14},    {0x0B0,0x25,    0},
    {0x0B1,0x2A,    0},    {0x042,0x09,    0},    {0x0B2,0x2E,    0},    {0x048,0x09,    0},
    {0x0B3,0x31,    0},    {0x049,0x09,    0},    {0x0B4,0x32,   43},    {0x0B2,0x0E,    0},
    {0x0B3,0x11,    0},    {0x0B4,0x12,   14},    {0x042,0x0A,    0},    {0x048,0x0A,    0},
    {0x049,0x0A,    0},    {0x04A,0x28,    0},    {0x050,0x28,   43},    {0x0B0,0x05,    0},
    {0x0B1,0x0A,   14},    {0x063,0xF7,    0},    {0x083,0x67,    0},    {0x023,0x23,    0},
    {0x080,0x02,    0},    {0x020,0x01,    0},    {0x0E0,0x02,    0},    {0x043,0x04,    0},
    {0x0B0,0x25,    0},    {0x024,0x05,    0},    {0x081,0x09,    0},    {0x021,0x04,    0},
    {0x0E1,0x00,    0},    {0x044,0x00,    1},    {0x041,0x00,    0},    {0x0C1,0x0F,    0},
    {0x0A1,0x6D,    0},    {0x0B1,0x25,    0},    {0x042,0x0B,    0},    {0x048,0x0B,    0},
    {0x049,0x0B,   13},    {0x0A1,0x59,   15},    {0x0A1,0x45,    0},    {0x04A,0x27,    0},
    {0x050,0x27,   14},    {0x0A1,0x31,   14},    {0x0A1,0x1D,    0},    {0x042,0x0C,    0},
    {0x048,0x0C,    0},    {0x049,0x0C,   14},    {0x0A1,0x09,   15},    {0x0A1,0xF5,    0},
    {0x0B1,0x24,   14},    {0x0B0,0x05,    0},    {0x0A1,0xE1,    0},    {0x0B1,0x04,   14},
    {0x063,0xFF,    0},    {0x083,0x0A,    0},    {0x023,0x0A,    0},    {0x080,0x00,    0},
    {0x020,0x0F,    0},    {0x0E0,0x00,    0},    {0x043,0x00,    0},    {0x0B0,0x25,    0},
    {0x024,0x03,    1},    {0x081,0x04,    0},    {0x021,0x00,    0},    {0x0E1,0x03,    0},
    {0x044,0x02,    0},    {0x041,0x06,    0},    {0x0C1,0x02,    0},    {0x0A1,0xCA,    0},
    {0x0B1,0x25,    0},    {0x042,0x09,    0},    {0x0B2,0x2E,    0},    {0x048,0x09,    0},
    {0x0B3,0x31,    0},    {0x049,0x09,    0},    {0x0B4,0x32,    0},    {0x04A,0x26,    0},
    {0x050,0x26,   42},    {0x0B2,0x0E,    0},    {0x0B3,0x11,    0},    {0x0B4,0x12,   14},
    {0x042,0x0A,    0},    {0x048,0x0A,    0},    {0x049,0x0A,   29},    {0x04A,0x25,    0},
    {0x050,0x25,   14},    {0x0B0,0x05,    0},    {0x0B1,0x05,   14},    {0x0B0,0x25,    0},
    {0x0B1,0x29,    0},    {0x042,0x09,    0},    {0x0B2,0x2E,    1},    {0x048,0x09,    0},
    {0x0B3,0x31,    0},    {0x049,0x09,    0},    {0x0B4,0x32,   42},    {0x0B2,0x0E,    0},
    {0x0B3,0x11,    0},    {0x0B4,0x12,   14},    {0x042,0x0A,    0},    {0x048,0x0A,    1},
    {0x049,0x0A,    0},    {0x04A,0x24,    0},    {0x050,0x24,   42},    {0x0B0,0x05,    0},
    {0x0B1,0x09,   14},    {0x0B0,0x25,    1},    {0x0B1,0x25,    0},    {0x042,0x0B,    0},
    {0x048,0x0B,    0},    {0x049,0x0B,   28},    {0x04A,0x23,    0},    {0x050,0x23,   14},
    {0x0B0,0x05,   15},    {0x083,0xFF,    0},    {0x023,0x20,    0},    {0x080,0xFF,    0},
    {0x020,0x20,    0},    {0x043,0x3F,    0},    {0x040,0x3F,    0},    {0x0C0,0x00,    0},
    {0x042,0x0C,    0},    {0x048,0x0C,    0},    {0x049,0x0C,   42},    {0x0B1,0x05,   15},
    {0x083,0x06,    0},    {0x023,0x04,    0},    {0x060,0xCF,    0},    {0x080,0x09,    0},
    {0x020,0x01,    0},    {0x043,0x00,    0},    {0x040,0x00,    0},    {0x0C0,0x06,    0},
    {0x0A0,0xC0,    0},    {0x0B0,0x21,    0},    {0x0A1,0x02,    0},    {0x0B1,0x26,    0},
    {0x042,0x09,    0},    {0x0B2,0x2E,    0},    {0x048,0x09,    0},    {0x0B3,0x31,    0},
    {0x049,0x09,    0},    {0x0B4,0x32,    0},    {0x04A,0x22,    0},    {0x050,0x22,   14},
    {0x0A0,0xB6,   14},    {0x0A0,0xAC,   14},    {0x0A0,0xA2,    0},    {0x0B2,0x0E,    1},
    {0x0B3,0x11,    0},    {0x0B4,0x12,   14},    {0x0A0,0x98,    0},    {0x042,0x0A,    0},
    {0x048,0x0A,    0},    {0x049,0x0A,   14},    {0x0A0,0x8E,   14},    {0x0A0,0x84,    0},
    {0x04A,0x21,    0},    {0x050,0x21,   14},    {0x0A0,0x7A,    1},    {0x0B0,0x01,    0},
    {0x0B1,0x06,   14},    {0x083,0x0A,    0},    {0x023,0x0A,    0},    {0x060,0xFF,    0},
    {0x080,0x00,    0},    {0x020,0x0F,    0},    {0x0C0,0x0E,    0},    {0x0A0,0x57,    0},
    {0x0B0,0x25,    0},    {0x0B1,0x26,    0},    {0x042,0x09,    0},    {0x0B2,0x2E,    0},
    {0x048,0x09,    0},    {0x0B3,0x31,    0},    {0x049,0x09,    0},    {0x0B4,0x32,   43},
    {0x0B2,0x0E,    0},    {0x0B3,0x11,    0},    {0x0B4,0x12,   14},    {0x042,0x0A,    0},
    {0x048,0x0A,    0},    {0x049,0x0A,    0},    {0x04A,0x20,    0},    {0x050,0x20,   43},
    {0x0B0,0x05,    0},    {0x0B1,0x06,   14},    {0x0B0,0x25,    0},    {0x0B1,0x26,    0},
    {0x042,0x09,    0},    {0x0B2,0x2E,    0},    {0x048,0x09,    0},    {0x0B3,0x31,    0},
    {0x049,0x09,    0},    {0x0B4,0x32,   28},    {0x04A,0x1F,    1},    {0x050,0x1F,   14},
    {0x0B2,0x0E,    0},    {0x0B3,0x11,    0},    {0x0B4,0x12,   14},    {0x042,0x0A,    0},
    {0x048,0x0A,    0},    {0x049,0x0A,   43},    {0x0B0,0x05,    0},    {0x0B1,0x06,   14},
    {0x0B0,0x25,    0},    {0x0B1,0x2A,    0},    {0x042,0x0B,    0},    {0x048,0x0B,    0},
    {0x049,0x0B,    0},    {0x04A,0x1E,    0},    {0x050,0x1E,   57},    {0x042,0x0C,    0},
    {0x048,0x0C,    0},    {0x049,0x0C,   29},    {0x04A,0x1D,    0},    {0x050,0x1D,   14},
    {0x0B0,0x05,    0},    {0x0B1,0x0A,   14},    {0x063,0xF7,    0},    {0x083,0x67,    0},
    {0x023,0x23,    0},    {0x080,0x02,    0},    {0x020,0x01,    0},    {0x0E0,0x02,    0},
    {0x043,0x04,    0},    {0x0B0,0x25,    0},    {0x024,0x05,    1},    {0x081,0x09,    0},
    {0x021,0x04,    0},    {0x0E1,0x00,    0},    {0x044,0x00,    0},    {0x041,0x00,    0},
    {0x0C1,0x0F,    0},    {0x0A1,0x6D,    0},    {0x0B1,0x25,    0},    {0x042,0x09,    0},
    {0x0B2,0x2E,    0},    {0x048,0x09,    0},    {0x0B3,0x31,    0},    {0x049,0x09,    0},
    {0x0B4,0x32,   13},    {0x0A1,0x59,   15},    {0x0A1,0x45,   14},    {0x0A1,0x31,    0},
    {0x0B2,0x0E,    0},    {0x0B3,0x11,    0},    {0x0B4,0x12,   14},    {0x0A1,0x1D,    0},
    {0x042,0x0A,    0},    {0x048,0x0A,    0},    {0x049,0x0A,    0},    {0x04A,0x1C,    1},
    {0x050,0x1C,   14},    {0x0A1,0x09,   14},    {0x0A1,0xF5,    0},    {0x0B1,0x24,   14},
    {0x0B0,0x05,    0},    {0x0A1,0xE1,    0},    {0x0B1,0x04,   14},    {0x063,0xFF,    0},
    {0x083,0x0A,    0},    {0x023,0x0A,    0},    {0x080,0x00,    0},    {0x020,0x0F,    0},
    {0x0E0,0x00,    1},    {0x043,0x00,    0},    {0x0B0,0x25,    0},    {0x024,0x03,    0},
    {0x081,0x04,    0},    {0x021,0x00,    0},    {0x0E1,0x03,    0},    {0x044,0x02,    0},
    {0x041,0x06,    0},    {0x0C1,0x02,    0},    {0x0A1,0x81,    0},    {0x0B1,0x25,    0},
    {0x042,0x09,    0},    {0x0B2,0x2E,    0},    {0x048,0x09,    0},    {0x0B3,0x31,    0},
    {0x049,0x09,    0},    {0x0B4,0x32,   28},    {0x04A,0x1B,    0},    {0x050,0x1B,   14},
    {0x0B2,0x0E,    0},    {0x0B3,0x11,    0},    {0x0B4,0x12,   14},    {0x042,0x0A,    0},
    {0x048,0x0A,    1},    {0x049,0x0A,   42},    {0x0B0,0x05,    0},    {0x0B1,0x05,   14},
    {0x0B0,0x25,    1},    {0x0A1,0xCA,    0},    {0x0B1,0x25,    0},    {0x042,0x0B,    0},
    {0x048,0x0B,    0},    {0x049,0x0B,    0},    {0x04A,0x1A,    0},    {0x050,0x1A,   57},
    {0x042,0x0C,    0},    {0x048,0x0C,    0},    {0x049,0x0C,   28},    {0x04A,0x19,    0},
    {0x050,0x19,   14},    {0x0B0,0x05,    0},    {0x0B1,0x05,   15},    {0x0B0,0x25,    0},
    {0x0A1,0x02,    0},    {0x0B1,0x26,    0},    {0x042,0x09,    0},    {0x0B2,0x2E,    0},
    {0x048,0x09,    0},    {0x0B3,0x31,    0},    {0x049,0x09,    0},    {0x0B4,0x32,   42},
    {0x0B0,0x05,    0},    {0x0B2,0x0E,    1},    {0x0B3,0x11,    0},    {0x0B4,0x12,   14},
    {0x083,0xFF,    0},    {0x023,0x20,    0},    {0x080,0xFF,    0},    {0x020,0x20,    0},
    {0x043,0x3F,    0},    {0x040,0x3F,    0},    {0x0C0,0x00,    0},    {0x042,0x0A,    0},
    {0x048,0x0A,    0},    {0x049,0x0A,    0},    {0x04A,0x18,    0},    {0x050,0x18,   43},
    {0x0B1,0x06,   14},    {0x083,0x06,    0},    {0x023,0x04,    0},    {0x060,0xCF,    0},
    {0x080,0x09,    0},    {0x020,0x01,    0},    {0x043,0x00,    0},    {0x040,0x00,    0},
    {0x0C0,0x06,    0},    {0x0A0,0xC0,    0},    {0x0B0,0x21,    0},    {0x0B1,0x26,    0},
    {0x042,0x09,    0},    {0x0B2,0x2E,    0},    {0x048,0x09,    0},    {0x0B3,0x31,    0},
    {0x049,0x09,    0},    {0x0B4,0x32,   14},    {0x0A0,0xB6,   14},    {0x0A0,0xAC,    0},
    {0x04A,0x17,    0},    {0x050,0x17,   15},    {0x0A0,0xA2,    0},    {0x0B2,0x0E,    0},
    {0x0B3,0x11,    0},    {0x0B4,0x12,   14},    {0x0A0,0x98,    0},    {0x042,0x0A,    0},
    {0x048,0x0A,    0},    {0x049,0x0A,   14},    {0x0A0,0x8E,   14},    {0x0A0,0x84,   15},
    {0x0A0,0x7A,    0},    {0x0B0,0x01,    0},    {0x0B1,0x06,   14},    {0x083,0x0A,    0},
    {0x023,0x0A,    0},    {0x060,0xFF,    0},    {0x080,0x00,    0},    {0x020,0x0F,    0},
    {0x0C0,0x0E,    0},    {0x0A0,0x57,    0},    {0x0B0,0x25,    0},    {0x0B1,0x26,    0},
    {0x042,0x0B,    0},    {0x048,0x0B,    0},    {0x049,0x0B,    0},    {0x04A,0x16,    0},
    {0x050,0x16,   57},    {0x042,0x0C,    0},    {0x048,0x0C,    0},    {0x049,0x0C,   29},
    {0x04A,0x15,    0},    {0x050,0x15,   14},    {0x0B0,0x05,    0},    {0x0B1,0x06,   14},
    {0x0B0,0x25,    0},    {0x0B1,0x26,    0},    {0x042,0x09,    0},    {0x0B2,0x2E,    0},
    {0x048,0x09,    0},    {0x0B3,0x31,    0},    {0x049,0x09,    0},    {0x0B4,0x32,   43},
    {0x0B2,0x0E,    0},    {0x0B3,0x11,    0},    {0x0B4,0x12,   14},    {0x042,0x0A,    0},
    {0x048,0x0A,    0},    {0x049,0x0A,    0},    {0x04A,0x14,    0},    {0x050,0x14,   43},
    {0x0B0,0x05,    0},    {0x0B1,0x06,   14},    {0x0B0,0x25,    0},    {0x0B1,0x2A,    0},
    {0x042,0x09,    0},    {0x0B2,0x2E,    0},    {0x048,0x09,    0},    {0x0B3,0x31,    1},
    {0x049,0x09,    0},    {0x0B4,0x32,   28},    {0x04A,0x13,    0},    {0x050,0x13,   14},
    {0x0B2,0x0E,    0},    {0x0B3,0x11,    0},    {0x0B4,0x12,   14},    {0x042,0x0A,    0},
    {0x048,0x0A,    0},    {0x049,0x0A,   43},    {0x0B0,0x05,    0},    {0x0B1,0x0A,   14},
    {0x063,0xF7,    0},    {0x083,0x67,    0},    {0x023,0x23,    0},    {0x080,0x02,    0},
    {0x020,0x01,    1},    {0x0E0,0x02,    0},    {0x043,0x04,    0},    {0x0B0,0x25,    0},
    {0x024,0x05,    0},    {0x081,0x09,    0},    {0x021,0x04,    0},    {0x0E1,0x00,    0},
    {0x044,0x00,    0},    {0x041,0x00,    0},    {0x0C1,0x0F,    0},    {0x0A1,0x6D,    0},
    {0x0B1,0x25,    0},    {0x042,0x0B,    0},    {0x048,0x0B,    0},    {0x049,0x0B,    0},
    {0x04A,0x12,    0},    {0x050,0x12,   14},    {0x0A1,0x59,   14},    {0x0A1,0x45,   14},
    {0x0A1,0x31,   14},    {0x0A1,0x1D,    0},    {0x042,0x0C,    1},    {0x048,0x0C,    0},
    {0x049,0x0C,   14},    {0x0A1,0x09,   14},    {0x0A1,0xF5,    0},    {0x0B1,0x24,    0},
    {0x04A,0x11,    0},    {0x050,0x11,   14},    {0x0B0,0x05,    0},    {0x0A1,0xE1,    0},
    {0x0B1,0x04,   14},    {0x063,0xFF,    0},    {0x083,0x0A,    1},    {0x023,0x0A,    0},
    {0x080,0x00,    0},    {0x020,0x0F,    0},    {0x0E0,0x00,    0},    {0x043,0x00,    0},
    {0x0B0,0x25,    0},    {0x024,0x03,    0},    {0x081,0x04,    0},    {0x021,0x00,    0},
    {0x0E1,0x03,    0},    {0x044,0x02,    0},    {0x041,0x06,    0},    {0x0C1,0x02,    0},
    {0x0A1,0xCA,    0},    {0x0B1,0x25,    0},    {0x042,0x09,    0},    {0x0B2,0x2E,    0},
    {0x048,0x09,    0},    {0x0B3,0x31,    0},    {0x049,0x09,    0},    {0x0B4,0x32,   42},
    {0x0B2,0x0E,    0},    {0x0B3,0x11,    0},    {0x0B4,0x12,   15},    {0x042,0x0A,    0},
    {0x048,0x0A,    0},    {0x049,0x0A,    0},    {0x04A,0x10,    0},    {0x050,0x10,   42},
    {0x0B0,0x05,    0},    {0x0B1,0x05,   15},    {0x0B0,0x25,    0},    {0x0B1,0x29,    0},
    {0x042,0x09,    0},    {0x0B2,0x2E,    0},    {0x048,0x09,    0},    {0x0B3,0x31,    0},
    {0x049,0x09,    0},    {0x0B4,0x32,   28},    {0x04A,0x0F,    0},    {0x050,0x0F,   14},
    {0x0B2,0x0E,    1},    {0x0B3,0x11,    0},    {0x0B4,0x12,   14},    {0x042,0x0A,    0},
    {0x048,0x0A,    0},    {0x049,0x0A,   42},    {0x0B0,0x05,    1},    {0x0B1,0x09,   14},
    {0x0B0,0x25,    0},    {0x0B1,0x25,    0},    {0x042,0x0B,    0},    {0x048,0x0B,    0},
    {0x049,0x0B,    0},    {0x04A,0x0E,    0},    {0x050,0x0E,   43},    {0x0B0,0x05,   14},
    {0x083,0xFF,    0},    {0x023,0x20,    0},    {0x080,0xFF,    0},    {0x020,0x20,    0},
    {0x043,0x3F,    0},    {0x040,0x3F,    0},    {0x0C0,0x00,    0},    {0x042,0x0C,    0},
    {0x048,0x0C,    0},    {0x049,0x0C,   28},    {0x04A,0x0D,    0},    {0x050,0x0D,   15},
    {0x0B1,0x05,   14},    {0x083,0x06,    0},    {0x023,0x04,    0},    {0x060,0xCF,    0},
    {0x080,0x09,    0},    {0x020,0x01,    0},    {0x043,0x00,    0},    {0x040,0x00,    0},
    {0x0C0,0x06,    0},    {0x0A0,0xC0,    0},    {0x0B0,0x21,    0},    {0x0A1,0x02,    0},
    {0x0B1,0x26,    0},    {0x042,0x09,    0},    {0x0B2,0x2E,    1},    {0x048,0x09,    0},
    {0x0B3,0x31,    0},    {0x049,0x09,    0},    {0x0B4,0x32,   13},    {0x0A0,0xB6,   14},
    {0x0A0,0xAC,   15},    {0x0A0,0xA2,    0},    {0x0B2,0x0E,    0},    {0x0B3,0x11,    0},
    {0x0B4,0x12,   14},    {0x0A0,0x98,    0},    {0x042,0x0A,    0},    {0x048,0x0A,    0},
    {0x049,0x0A,    0},    {0x04A,0x0C,    0},    {0x050,0x0C,   14},    {0x0A0,0x8E,   15},
    {0x0A0,0x84,   14},    {0x0A0,0x7A,    0},    {0x0B0,0x01,    0},    {0x0B1,0x06,   14},
    {0x083,0x0A,    0},    {0x023,0x0A,    0},    {0x060,0xFF,    0},    {0x080,0x00,    0},
    {0x020,0x0F,    0},    {0x0C0,0x0E,    0},    {0x0A0,0x57,    0},    {0x0B0,0x25,    0},
    {0x0B1,0x26,    0},    {0x042,0x09,    0},    {0x0B2,0x2E,    1},    {0x048,0x09,    0},
    {0x0B3,0x31,    0},    {0x049,0x09,    0},    {0x0B4,0x32,   28},    {0x04A,0x0B,    0},
    {0x050,0x0B,   14},    {0x0B2,0x0E,    0},    {0x0B3,0x11,    0},    {0x0B4,0x12,   14},
    {0x042,0x0A,    0},    {0x048,0x0A,    0},    {0x049,0x0A,   43},    {0x0B0,0x05,    0},
    {0x0B1,0x06,   14},    {0x0B0,0x25,    0},    {0x0B1,0x26,    0},    {0x042,0x09,    0},
    {0x0B2,0x2E,    0},    {0x048,0x09,    0},    {0x0B3,0x31,    1},    {0x049,0x09,    0},
    {0x0B4,0x32,    0},    {0x04A,0x0A,    0},    {0x050,0x0A,   42},    {0x0B2,0x0E,    0},
    {0x0B3,0x11,    0},    {0x0B4,0x12,   14},    {0x042,0x0A,    0},    {0x048,0x0A,    0},
    {0x049,0x0A,   29},    {0x04A,0x09,    0},    {0x050,0x09,   14},    {0x0B0,0x05,    0},
    {0x0B1,0x06,   14},    {0x0B0,0x25,    0},    {0x0B1,0x2A,    0},    {0x042,0x0B,    1},
    {0x048,0x0B,    0},    {0x049,0x0B,   56},    {0x042,0x0C,    0},    {0x048,0x0C,    1},
    {0x049,0x0C,    0},    {0x04A,0x08,    0},    {0x050,0x08,   42},    {0x0B0,0x05,    0},
    {0x0B1,0x0A,   14},    {0x063,0xF7,    1},    {0x083,0x67,    0},    {0x023,0x23,    0},
    {0x080,0x02,    0},    {0x020,0x01,    0},    {0x0E0,0x02,    0},    {0x043,0x04,    0},
    {0x0B0,0x25,    0},    {0x024,0x05,    0},    {0x081,0x09,    0},    {0x021,0x04,    0},
    {0x0E1,0x00,    0},    {0x044,0x00,    0},    {0x041,0x00,    0},    {0x0C1,0x0F,    0},
    {0x0A1,0x6D,    0},    {0x0B1,0x25,    0},    {0x042,0x09,    0},    {0x0B2,0x2E,    0},
    {0x048,0x09,    0},    {0x0B3,0x31,    0},    {0x049,0x09,    0},    {0x0B4,0x32,   14},
    {0x0A1,0x59,   14},    {0x0A1,0x45,    0},    {0x04A,0x07,    0},    {0x050,0x07,   14},
    {0x0A1,0x31,    0},    {0x0B2,0x0E,    0},    {0x0B3,0x11,    0},    {0x0B4,0x12,   15},
    {0x0A1,0x1D,    0},    {0x042,0x0A,    0},    {0x048,0x0A,    0},    {0x049,0x0A,   14},
    {0x0A1,0x09,   14},    {0x0A1,0xF5,    0},    {0x0B1,0x24,   14},    {0x0B0,0x05,    0},
    {0x0A1,0xE1,    0},    {0x0B1,0x04,   15},    {0x063,0xFF,    0},    {0x083,0x0A,    0},
    {0x023,0x0A,    0},    {0x080,0x00,    0},    {0x020,0x0F,    0},    {0x0E0,0x00,    0},
    {0x043,0x00,    0},    {0x0B0,0x25,    0},    {0x024,0x03,    0},    {0x081,0x04,    0},
    {0x021,0x00,    0},    {0x0E1,0x03,    0},    {0x044,0x02,    0},    {0x041,0x06,    0},
    {0x0C1,0x02,    0},    {0x0A1,0x81,    0},    {0x0B1,0x25,    0},    {0x042,0x09,    0},
    {0x0B2,0x2E,    0},    {0x048,0x09,    0},    {0x0B3,0x31,    1},    {0x049,0x09,    0},
    {0x0B4,0x32,    0},    {0x04A,0x08,    0},    {0x050,0x08,   41},    {0x0B2,0x0E,    1},
    {0x0B3,0x11,    0},    {0x0B4,0x12,   14},    {0x042,0x0A,    0},    {0x048,0x0A,    0},
    {0x049,0x0A,   28},    {0x04A,0x09,    0},    {0x050,0x09,   15},    {0x0B0,0x05,    0},
    {0x0B1,0x05,   14},    {0x0B0,0x25,    0},    {0x0A1,0xCA,    0},    {0x0B1,0x25,    0},
    {0x042,0x0B,    0},    {0x048,0x0B,    0},    {0x049,0x0B,   57},    {0x042,0x0C,    0},
    {0x048,0x0C,    0},    {0x049,0x0C,    0},    {0x04A,0x0A,    0},    {0x050,0x0A,   43},
    {0x0B0,0x05,    0},    {0x0B1,0x05,   14},    {0x0B0,0x25,    0},    {0x0A1,0x02,    0},
    {0x0B1,0x26,    0},    {0x042,0x09,    0},    {0x0B2,0x2E,    0},    {0x048,0x09,    0},
    {0x0B3,0x31,    0},    {0x049,0x09,    0},    {0x0B4,0x32,   29},    {0x04A,0x0B,    0},
    {0x050,0x0B,   14},    {0x0B0,0x05,    0},    {0x0B2,0x0E,    0},    {0x0B3,0x11,    0},
    {0x0B4,0x12,   14},    {0x083,0xFF,    0},    {0x023,0x20,    0},    {0x080,0xFF,    0},
    {0x020,0x20,    0},    {0x043,0x3F,    0},    {0x040,0x3F,    0},    {0x0C0,0x00,    0},
    {0x042,0x0A,    0},    {0x048,0x0A,    0},    {0x049,0x0A,   43},    {0x0B1,0x06,   14},
    {0x083,0x06,    0},    {0x023,0x04,    0},    {0x060,0xCF,    0},    {0x080,0x09,    0},
    {0x020,0x01,    0},    {0x043,0x00,    0},    {0x040,0x00,    0},    {0x0C0,0x06,    0},
    {0x0A0,0xC0,    0},    {0x0B0,0x21,    0},    {0x0A1,0xB0,    0},    {0x0B1,0x25,    1},
    {0x042,0x09,    0},    {0x0B2,0x2E,    0},    {0x048,0x09,    0},    {0x0A3,0xB0,    0},
    {0x0B3,0x31,    0},    {0x049,0x09,    0},    {0x0B4,0x32,    0},    {0x04A,0x0C,    0},
    {0x0A5,0xB0,    0},    {0x050,0x0C,   13},    {0x0A0,0xB6,   15},    {0x0A0,0xAC,   14},
    {0x0A0,0xA2,    0},    {0x0B2,0x0E,    0},    {0x0B3,0x11,    0},    {0x0B4,0x12,   14},
    {0x0A0,0x98,    0},    {0x042,0x0A,    0},    {0x048,0x0A,    0},    {0x049,0x0A,   14},
    {0x0A0,0x8E,   15},    {0x0A0,0x84,    0},    {0x04A,0x0D,    0},    {0x050,0x0D,   14},
    {0x0A0,0x7A,    0},    {0x0B0,0x01,    0},    {0x0B1,0x05,   14},    {0x083,0x0A,    0},
    {0x023,0x0A,    0},    {0x060,0xFF,    0},    {0x080,0x00,    0},    {0x020,0x0F,    0},
    {0x0C0,0x0E,    0},    {0x0A0,0x57,    0},    {0x0B0,0x25,    1},    {0x0B1,0x25,    0},
    {0x042,0x0B,    0},    {0x048,0x0B,    0},    {0x049,0x0B,   56},    {0x042,0x0C,    0},
    {0x048,0x0C,    0},    {0x049,0x0C,    0},    {0x04A,0x0E,    0},    {0x050,0x0E,   43},
    {0x0B0,0x05,    0},    {0x0B1,0x05,   14},    {0x0B0,0x25,    0},    {0x0B1,0x25,    0},
    {0x042,0x09,    1},    {0x0B2,0x2E,    0},    {0x048,0x09,    0},    {0x0B3,0x31,    0},
    {0x049,0x09,    0},    {0x0B4,0x32,   28},    {0x04A,0x0F,    0},    {0x050,0x0F,   14},
    {0x0B2,0x0E,    0},    {0x0B3,0x11,    0},    {0x0B4,0x12,   14},    {0x042,0x0A,    0},
    {0x048,0x0A,    1},    {0x049,0x0A,   42},    {0x0B0,0x05,    0},    {0x0B1,0x05,   15},
    {0x0B0,0x25,    0},    {0x0B1,0x29,    0},    {0x042,0x09,    0},    {0x0B2,0x2E,    0},
    {0x048,0x09,    0},    {0x0B3,0x31,    0},    {0x049,0x09,    0},    {0x0B4,0x32,    0},
    {0x04A,0x10,    0},    {0x050,0x10,   42},    {0x0B2,0x0E,    0},    {0x0B3,0x11,    0},
    {0x0B4,0x12,   15},    {0x042,0x0A,    0},    {0x048,0x0A,    0},    {0x049,0x0A,   28},
    {0x04A,0x11,    0},    {0x050,0x11,   14},    {0x0B0,0x05,    0},    {0x0B1,0x09,   15},
    {0x063,0xF7,    0},    {0x083,0x67,    0},    {0x023,0x23,    0},    {0x080,0x02,    0},
    {0x020,0x01,    0},    {0x0E0,0x02,    0},    {0x043,0x04,    0},    {0x0B0,0x25,    0},
    {0x024,0x05,    0},    {0x081,0x09,    0},    {0x021,0x04,    0},    {0x0E1,0x00,    0},
    {0x044,0x00,    0},    {0x041,0x00,    0},    {0x0C1,0x0F,    0},    {0x0A1,0x6D,    0},
    {0x0B1,0x25,    0},    {0x042,0x0B,    0},    {0x048,0x0B,    0},    {0x049,0x0B,   14},
    {0x0A1,0x59,   14},    {0x0A1,0x45,   14},    {0x0A1,0x31,   15},    {0x0A1,0x1D,    0},
    {0x042,0x0C,    0},    {0x048,0x0C,    0},    {0x049,0x0C,    0},    {0x04A,0x12,    0},
    {0x050,0x12,   14},    {0x0A1,0x09,   14},    {0x0A1,0xF5,    0},    {0x0B1,0x24,   15},
    {0x0B0,0x05,    0},    {0x0A1,0xE1,    0},    {0x0B1,0x04,   14},    {0x063,0xFF,    0},
    {0x083,0x0A,    0},    {0x023,0x0A,    0},    {0x080,0x00,    0},    {0x020,0x0F,    0},
    {0x0E0,0x00,    0},    {0x043,0x00,    0},    {0x0B0,0x25,    0},    {0x024,0x03,    0},
    {0x081,0x04,    0},    {0x021,0x00,    0},    {0x0E1,0x03,    0},    {0x044,0x02,    0},
    {0x041,0x06,    0},    {0x0C1,0x02,    0},    {0x0A1,0x81,    0},    {0x0B1,0x25,    0},
    {0x042,0x09,    0},    {0x0B2,0x2E,    1},    {0x048,0x09,    0},    {0x0B3,0x31,    0},
    {0x049,0x09,    0},    {0x0B4,0x32,   27},    {0x04A,0x13,    0},    {0x050,0x13,   15},
    {0x0B2,0x0E,    0},    {0x0B3,0x11,    0},    {0x0B4,0x12,   14},    {0x042,0x0A,    0},
    {0x048,0x0A,    0},    {0x049,0x0A,   43},    {0x0B0,0x05,    0},    {0x0B1,0x05,   14},
    {0x0B0,0x25,    0},    {0x0B1,0x29,    0},    {0x042,0x09,    0},    {0x0B2,0x2E,    0},
    {0x048,0x09,    0},    {0x0B3,0x31,    0},    {0x049,0x09,    0},    {0x0B4,0x32,    0},
    {0x04A,0x14,    0},    {0x050,0x14,   43},    {0x0B2,0x0E,    0},    {0x0B3,0x11,    0},
    {0x0B4,0x12,   14},    {0x042,0x0A,    0},    {0x048,0x0A,    0},    {0x049,0x0A,   29},
    {0x04A,0x15,    0},    {0x050,0x15,   14},    {0x0B0,0x05,    0},    {0x0B1,0x09,   14},
    {0x0B0,0x25,    0},    {0x0B1,0x25,    0},    {0x042,0x0B,    0},    {0x048,0x0B,    0},
    {0x049,0x0B,   43},    {0x0B0,0x05,   14},    {0x083,0xFF,    0},    {0x023,0x20,    0},
    {0x080,0xFF,    0},    {0x020,0x20,    0},    {0x043,0x3F,    0},    {0x040,0x3F,    0},
    {0x0C0,0x00,    0},    {0x042,0x0C,    0},    {0x048,0x0C,    1},    {0x049,0x0C,    0},
    {0x04A,0x16,    0},    {0x050,0x16,   42},    {0x0B1,0x05,   14},    {0x083,0x06,    0},
    {0x023,0x04,    0},    {0x060,0xCF,    0},    {0x080,0x09,    0},    {0x020,0x01,    0},
    {0x043,0x00,    0},    {0x040,0x00,    0},    {0x0C0,0x06,    1},    {0x0A0,0xC0,    0},
    {0x0B0,0x21,    0},    {0x0A1,0xB0,    0},    {0x0B1,0x25,    0},    {0x042,0x09,    0},
    {0x0B2,0x2E,    0},    {0x048,0x09,    0},    {0x0B3,0x31,    0},    {0x049,0x09,    0},
    {0x0B4,0x32,   13},    {0x0A0,0xB6,   15},    {0x0A0,0xAC,    0},    {0x04A,0x17,    0},
    {0x050,0x17,   14},    {0x0A0,0xA2,    0},    {0x0B2,0x0E,    0},    {0x0B3,0x11,    0},
    {0x0B4,0x12,   14},    {0x0A0,0x98,    0},    {0x042,0x0A,    0},    {0x048,0x0A,    0},
    {0x049,0x0A,   15},    {0x0A0,0x8E,   14},    {0x0A0,0x84,   14},    {0x0A0,0x7A,    0},
    {0x0B0,0x01,    0},    {0x0B1,0x05,   14},    {0x083,0x0A,    0},    {0x023,0x0A,    0},
    {0x060,0xFF,    0},    {0x080,0x00,    1},    {0x020,0x0F,    0},    {0x0C0,0x0E,    0},
    {0x0A0,0x57,    0},    {0x0B0,0x25,    0},    {0x0B1,0x25,    0},    {0x042,0x09,    0},
    {0x0B2,0x2E,    0},    {0x048,0x09,    0},    {0x0B3,0x31,    0},    {0x049,0x09,    0},
    {0x0B4,0x32,    0},    {0x04A,0x18,    0},    {0x050,0x18,   42},    {0x0B2,0x0E,    0},
    {0x0B3,0x11,    0},    {0x0B4,0x12,   14},    {0x042,0x0A,    1},    {0x048,0x0A,    0},
    {0x049,0x0A,   28},    {0x04A,0x19,    0},    {0x050,0x19,   14},    {0x0B0,0x05,    0},
    {0x0B1,0x05,   15},    {0x0B0,0x25,    0},    {0x0B1,0x25,    0},    {0x042,0x09,    0},
    {0x0B2,0x2E,    0},    {0x048,0x09,    0},    {0x0B3,0x31,    0},    {0x049,0x09,    0},
    {0x0B4,0x32,   42},    {0x0B2,0x0E,    0},    {0x0B3,0x11,    0},    {0x0B4,0x12,   15},
    {0x042,0x0A,    0},    {0x048,0x0A,    0},    {0x049,0x0A,    0},    {0x04A,0x1A,    0},
    {0x050,0x1A,   42},    {0x0B0,0x05,    0},    {0x0B1,0x05,   15},    {0x0B0,0x25,    0},
    {0x0B1,0x29,    0},    {0x042,0x0B,    0},    {0x048,0x0B,    0},    {0x049,0x0B,   28},
    {0x04A,0x1B,    0},    {0x050,0x1B,   29},    {0x042,0x0C,    0},    {0x048,0x0C,    0},
    {0x049,0x0C,   43},    {0x0B0,0x05,    0},    {0x0B1,0x09,   14},    {0x063,0xF7,    0},
    {0x083,0x67,    0},    {0x023,0x23,    0},    {0x080,0x02,    0},    {0x020,0x01,    0},
    {0x0E0,0x02,    0},    {0x043,0x04,    0},    {0x0B0,0x25,    0},    {0x024,0x05,    0},
    {0x081,0x09,    0},    {0x021,0x04,    0},    {0x0E1,0x00,    0},    {0x044,0x00,    0},
    {0x041,0x00,    0},    {0x0C1,0x0F,    0},    {0x0A1,0x6D,    0},    {0x0B1,0x25,    0},
    {0x042,0x09,    1},    {0x0B2,0x2E,    0},    {0x048,0x09,    0},    {0x0B3,0x31,    0},
    {0x049,0x09,    0},    {0x0B4,0x32,    0},    {0x04A,0x1C,    0},    {0x050,0x1C,   13},
    {0x0A1,0x59,   14},    {0x0A1,0x45,   15},    {0x0A1,0x31,    0},    {0x0B2,0x0E,    0},
    {0x0B3,0x11,    0},    {0x0B4,0x12,   14},    {0x0A1,0x1D,    0},    {0x042,0x0A,    0},
    {0x048,0x0A,    0},    {0x049,0x0A,   14},    {0x0A1,0x09,   14},    {0x0A1,0xF5,    0},
    {0x0B1,0x24,    1},    {0x04A,0x1D,    0},    {0x050,0x1D,   14},    {0x0B0,0x05,    0},
    {0x0A1,0xE1,    0},    {0x0B1,0x04,   14},    {0x063,0xFF,    0},    {0x083,0x0A,    0},
    {0x023,0x0A,    0},    {0x080,0x00,    0},    {0x020,0x0F,    0},    {0x0E0,0x00,    0},
    {0x043,0x00,    0},    {0x0B0,0x25,    0},    {0x024,0x03,    0},    {0x081,0x04,    0},
    {0x021,0x00,    0},    {0x0E1,0x03,    0},    {0x044,0x02,    0},    {0x041,0x06,    0},
    {0x0C1,0x02,    1},    {0x0A1,0x87,    0},    {0x0B1,0x22,    0},    {0x042,0x09,    0},
    {0x0B2,0x2E,    0},    {0x048,0x09,    0},    {0x0B3,0x31,    0},    {0x049,0x09,    0},
    {0x0B4,0x32,   42},    {0x0B2,0x0E,    0},    {0x0B3,0x11,    0},    {0x0B4,0x12,   14},
    {0x042,0x0A,    0},    {0x048,0x0A,    0},    {0x049,0x0A,    0},    {0x04A,0x1E,    0},
    {0x050,0x1E,   43},    {0x0B0,0x05,    0},    {0x0B1,0x02,   14},    {0x0B0,0x25,    0},
    {0x0A1,0x81,    0},    {0x0B1,0x25,    0},    {0x042,0x0B,    0},    {0x048,0x0B,    0},
    {0x049,0x0B,   29},    {0x04A,0x1F,    0},    {0x050,0x1F,   28},    {0x042,0x0C,    0},
    {0x048,0x0C,    0},    {0x049,0x0C,   43},    {0x0B0,0x05,    0},    {0x0B1,0x05,   14},
    {0x0B0,0x25,    0},    {0x0A1,0xB0,    0},    {0x0B1,0x25,    0},    {0x042,0x09,    0},
    {0x0B2,0x2E,    1},    {0x048,0x09,    0},    {0x0B3,0x31,    0},    {0x049,0x09,    0},
    {0x0B4,0x32,    0},    {0x04A,0x20,    0},    {0x050,0x20,   42},    {0x0B0,0x05,    0},
    {0x0B2,0x0E,    0},    {0x0B3,0x11,    0},    {0x0B4,0x12,   14},    {0x083,0xFF,    0},
    {0x023,0x20,    0},    {0x080,0xFF,    0},    {0x020,0x20,    0},    {0x043,0x3F,    0},
    {0x040,0x3F,    1},    {0x0C0,0x00,    0},    {0x042,0x0A,    0},    {0x048,0x0A,    0},
    {0x049,0x0A,   28},    {0x04A,0x21,    0},    {0x050,0x21,   14},    {0x0B1,0x05,   14},
    {0x083,0x06,    0},    {0x023,0x04,    0},    {0x060,0xCF,    0},    {0x080,0x09,    1},
    {0x020,0x01,    0},    {0x043,0x00,    0},    {0x040,0x00,    0},    {0x0C0,0x06,    0},
    {0x0A0,0xC0,    0},    {0x0B0,0x21,    0},    {0x0B1,0x25,    0},    {0x042,0x09,    0},
    {0x0B2,0x2E,    0},    {0x048,0x09,    0},    {0x0B3,0x31,    0},    {0x049,0x09,    0},
    {0x0B4,0x32,   14},    {0x0A0,0xB6,   14},    {0x0A0,0xAC,   14},    {0x0A0,0xA2,    0},
    {0x0B2,0x0E,    0},    {0x0B3,0x11,    0},    {0x0B4,0x12,   14},    {0x0A0,0x98,    1},
    {0x042,0x0A,    0},    {0x048,0x0A,    0},    {0x049,0x0A,    0},    {0x04A,0x22,    0},
    {0x050,0x22,   14},    {0x0A0,0x8E,   14},    {0x0A0,0x84,   14},    {0x0A0,0x7A,    0},
    {0x0B0,0x01,    0},    {0x0B1,0x05,   15},    {0x083,0x0A,    0},    {0x023,0x0A,    0},
    {0x060,0xFF,    0},    {0x080,0x00,    0},    {0x020,0x0F,    0},    {0x0C0,0x0E,    0},
    {0x0A0,0x57,    0},    {0x0B0,0x25,    0},    {0x0B1,0x25,    0},    {0x042,0x0B,    0},
    {0x048,0x0B,    0},    {0x049,0x0B,   28},    {0x04A,0x23,    0},    {0x050,0x23,   29},
    {0x042,0x0C,    0},    {0x048,0x0C,    0},    {0x049,0x0C,   42},    {0x0B0,0x05,    0},
    {0x0B1,0x05,   15},    {0x0B0,0x25,    0},    {0x0B1,0x25,    0},    {0x042,0x09,    0},
    {0x0B2,0x2E,    0},    {0x048,0x09,    0},    {0x0B3,0x31,    0},    {0x049,0x09,    0},
    {0x0B4,0x32,    0},    {0x04A,0x24,    0},    {0x050,0x24,   42},    {0x0B2,0x0E,    1},
    {0x0B3,0x11,    0},    {0x0B4,0x12,   14},    {0x042,0x0A,    0},    {0x048,0x0A,    0},
    {0x049,0x0A,   28},    {0x04A,0x25,    0},    {0x050,0x25,   15},    {0x0B0,0x05,    0},
    {0x0B1,0x05,   14},    {0x0B0,0x25,    0},    {0x0B1,0x29,    0},    {0x042,0x09,    0},
    {0x0B2,0x2E,    0},    {0x048,0x09,    0},    {0x0B3,0x31,    0},    {0x049,0x09,    0},
    {0x0B4,0x32,   43},    {0x0B2,0x0E,    0},    {0x0B3,0x11,    0},    {0x0B4,0x12,   14},
    {0x042,0x0A,    0},    {0x048,0x0A,    0},    {0x049,0x0A,    0},    {0x04A,0x26,    0},
    {0x050,0x26,   43},    {0x0B0,0x05,    0},    {0x0B1,0x09,   14},    {0x063,0xF7,    0},
    {0x083,0x67,    0},    {0x023,0x23,    0},    {0x080,0x02,    0},    {0x020,0x01,    0},
    {0x0E0,0x02,    0},    {0x043,0x04,    0},    {0x0B0,0x25,    0},    {0x024,0x05,    0},
    {0x081,0x09,    0},    {0x021,0x04,    0},    {0x0E1,0x00,    0},    {0x044,0x00,    0},
    {0x041,0x00,    0},    {0x0C1,0x0F,    1},    {0x0A1,0x6D,    0},    {0x0B1,0x25,    0},
    {0x042,0x0B,    0},    {0x048,0x0B,    0},    {0x049,0x0B,   13},    {0x0A1,0x59,   14},
    {0x0A1,0x45,    1},    {0x04A,0x27,    0},    {0x050,0x27,   14},    {0x0A1,0x31,   14},
    {0x0A1,0x1D,    0},    {0x042,0x0C,    0},    {0x048,0x0C,    0},    {0x049,0x0C,   14},
    {0x0A1,0x09,   15},    {0x0A1,0xF5,    0},    {0x0B1,0x24,   14},    {0x0B0,0x05,    0},
    {0x0A1,0xE1,    0},    {0x0B1,0x04,   14},    {0x063,0xFF,    0},    {0x083,0x0A,    0},
    {0x023,0x0A,    0},    {0x080,0x00,    0},    {0x020,0x0F,    0},    {0x0E0,0x00,    0},
    {0x043,0x00,    0},    {0x0B0,0x25,    0},    {0x024,0x03,    0},    {0x081,0x04,    0},
    {0x021,0x00,    1},    {0x0E1,0x03,    0},    {0x044,0x02,    0},    {0x041,0x06,    0},
    {0x0C1,0x02,    0},    {0x0A1,0x81,    0},    {0x0B1,0x25,    0},    {0x042,0x09,    0},
    {0x0B2,0x2E,    0},    {0x048,0x09,    0},    {0x0B3,0x31,    0},    {0x049,0x09,    0},
    {0x0B4,0x32,    0},    {0x04A,0x28,    0},    {0x050,0x28,   42},    {0x0B2,0x0E,    0},
    {0x0B3,0x11,    0},    {0x0B4,0x12,   14},    {0x042,0x0A,    0},    {0x048,0x0A,    0},
    {0x049,0x0A,   29},    {0x04A,0x29,    0},    {0x050,0x29,   14},    {0x0B0,0x05,    0},
    {0x0B1,0x05,   14},    {0x0B0,0x25,    0},    {0x0B1,0x29,    0},    {0x042,0x09,    0},
    {0x0B2,0x2E,    0},    {0x048,0x09,    1},    {0x0B3,0x31,    0},    {0x049,0x09,    0},
    {0x0B4,0x32,   42},    {0x0B2,0x0E,    0},    {0x0B3,0x11,    0},    {0x0B4,0x12,   14},
    {0x042,0x0A,    0},    {0x048,0x0A,    0},    {0x049,0x0A,    0},    {0x04A,0x2A,    1},
    {0x050,0x2A,   42},    {0x0B0,0x05,    0},    {0x0B1,0x09,   14},    {0x0B0,0x25,    0},
    {0x0B1,0x25,    1},    {0x042,0x0B,    0},    {0x048,0x0B,    0},    {0x049,0x0B,   28},
    {0x04A,0x2B,    0},    {0x050,0x2B,   14},    {0x0B0,0x05,   14},    {0x083,0xFF,    0},
    {0x023,0x20,    1},    {0x080,0xFF,    0},    {0x020,0x20,    0},    {0x043,0x3F,    0},
    {0x040,0x3F,    0},    {0x0C0,0x00,    0},    {0x042,0x0C,    0},    {0x048,0x0C,    0},
    {0x049,0x0C,   42},    {0x0B1,0x05,   15},    {0x083,0x06,    0},    {0x023,0x04,    0},
    {0x060,0xCF,    0},    {0x080,0x09,    0},    {0x020,0x01,    0},    {0x043,0x00,    0},
    {0x040,0x00,    0},    {0x0C0,0x06,    0},    {0x0A0,0xC0,    0},    {0x0B0,0x21,    0},
    {0x0A1,0xB0,    0},    {0x0B1,0x25,    0},    {0x042,0x09,    0},    {0x0B2,0x2E,    0},
    {0x048,0x09,    0},    {0x0B3,0x31,    0},    {0x049,0x09,    0},    {0x0B4,0x32,    0},
    {0x04A,0x2C,    0},    {0x050,0x2C,   14},    {0x0A0,0xB6,   14},    {0x0A0,0xAC,   14},
    {0x0A0,0xA2,    0},    {0x0B2,0x0E,    0},    {0x0B3,0x11,    1},    {0x0B4,0x12,   14},
    {0x0A0,0x98,    0},    {0x042,0x0A,    0},    {0x048,0x0A,    0},    {0x049,0x0A,   14},
    {0x0A0,0x8E,   14},    {0x0A0,0x84,    0},    {0x04A,0x2D,    0},    {0x050,0x2D,   14},
    {0x0A0,0x7A,    0},    {0x0B0,0x01,    1},    {0x0B1,0x05,   14},    {0x083,0x0A,    0},
    {0x023,0x0A,    0},    {0x060,0xFF,    0},    {0x080,0x00,    0},    {0x020,0x0F,    0},
    {0x0C0,0x0E,    0},    {0x0A0,0x57,    0},    {0x0B0,0x25,    0},    {0x0B1,0x25,    0},
    {0x042,0x09,    0},    {0x0B2,0x2E,    0},    {0x048,0x09,    0},    {0x0B3,0x31,    0},
    {0x049,0x09,    0},    {0x0B4,0x32,   43},    {0x0B2,0x0E,    0},    {0x0B3,0x11,    0},
    {0x0B4,0x12,   14},    {0x042,0x0A,    0},    {0x048,0x0A,    0},    {0x049,0x0A,    0},
    {0x04A,0x2E,    0},    {0x050,0x2E,   43},    {0x0B0,0x05,    0},    {0x0B1,0x05,   14},
    {0x0B0,0x25,    0},    {0x0B1,0x25,    0},    {0x042,0x09,    0},    {0x0B2,0x2E,    0},
    {0x048,0x09,    0},    {0x0B3,0x31,    0},    {0x049,0x09,    0},    {0x0B4,0x32,   28},
    {0x04A,0x2F,    0},    {0x050,0x2F,   15},    {0x0B2,0x0E,    0},    {0x0B3,0x11,    0},
    {0x0B4,0x12,   14},    {0x042,0x0A,    0},    {0x048,0x0A,    0},    {0x049,0x0A,   43},
    {0x0B0,0x05,    0},    {0x0B1,0x05,   14},    {0x0B0,0x25,    0},    {0x0B1,0x29,    0},
    {0x042,0x0B,    0},    {0x048,0x0B,    0},    {0x049,0x0B,    0},    {0x04A,0x30,    0},
    {0x050,0x30,   57},    {0x042,0x0C,    0},    {0x048,0x0C,    0},    {0x049,0x0C,   29},
    {0x04A,0x2F,    0},    {0x050,0x2F,   14},    {0x0B0,0x05,    0},    {0x0B1,0x09,   14},
    {0x063,0xF7,    0},    {0x083,0x67,    0},    {0x023,0x23,    0},    {0x080,0x02,    0},
    {0x020,0x01,    0},    {0x0E0,0x02,    0},    {0x043,0x04,    0},    {0x0B0,0x25,    0},
    {0x024,0x05,    0},    {0x081,0x09,    0},    {0x021,0x04,    1},    {0x0E1,0x00,    0},
    {0x044,0x00,    0},    {0x041,0x00,    0},    {0x0C1,0x0F,    0},    {0x0A1,0x6D,    0},
    {0x0B1,0x25,    0},    {0x042,0x09,    0},    {0x0B2,0x2E,    0},    {0x048,0x09,    0},
    {0x0B3,0x31,    0},    {0x049,0x09,    0},    {0x0B4,0x32,   13},    {0x0A1,0x59,   15},
    {0x0A1,0x45,   14},    {0x0A1,0x31,    0},    {0x0B2,0x0E,    0},    {0x0B3,0x11,    0},
    {0x0B4,0x12,   14},    {0x0A1,0x1D,    0},    {0x042,0x0A,    0},    {0x048,0x0A,    0},
    {0x049,0x0A,    0},    {0x04A,0x2E,    0},    {0x050,0x2E,   14},    {0x0A1,0x09,   15},
    {0x0A1,0xF5,    0},    {0x0B1,0x24,   14},    {0x0B0,0x05,    0},    {0x0A1,0xE1,    0},
    {0x0B1,0x04,   14},    {0x063,0xFF,    0},    {0x083,0x0A,    0},    {0x023,0x0A,    0},
    {0x080,0x00,    0},    {0x020,0x0F,    0},    {0x0E0,0x00,    0},    {0x043,0x00,    1},
    {0x0B0,0x25,    0},    {0x024,0x03,    0},    {0x081,0x04,    0},    {0x021,0x00,    0},
    {0x0E1,0x03,    0},    {0x044,0x02,    0},    {0x041,0x06,    0},    {0x0C1,0x02,    0},
    {0x0A1,0x87,    0},    {0x0B1,0x22,    0},    {0x042,0x09,    0},    {0x0B2,0x2E,    0},
    {0x048,0x09,    0},    {0x0B3,0x31,    0},    {0x049,0x09,    0},    {0x0B4,0x32,   28},
    {0x04A,0x2D,    0},    {0x050,0x2D,   14},    {0x0B2,0x0E,    0},    {0x0B3,0x11,    0},
    {0x0B4,0x12,   14},    {0x042,0x0A,    0},    {0x048,0x0A,    0},    {0x049,0x0A,   43},
    {0x0B0,0x05,    0},    {0x0B1,0x02,   14},    {0x0B0,0x25,    0},    {0x0A1,0x81,    1},
    {0x0B1,0x25,    0},    {0x042,0x0B,    0},    {0x048,0x0B,    0},    {0x049,0x0B,    0},
    {0x04A,0x2C,    0},    {0x050,0x2C,   56},    {0x042,0x0C,    1},    {0x048,0x0C,    0},
    {0x049,0x0C,   28},    {0x04A,0x2B,    0},    {0x050,0x2B,   14},    {0x0B0,0x05,    0},
    {0x0B1,0x05,   15},    {0x083,0x07,    0},    {0x023,0x05,    0},    {0x080,0x09,    0},
    {0x020,0x04,    0},    {0x0C0,0x0F,    0},    {0x0A0,0x6D,    0},    {0x0B0,0x25,    0},
    {0x064,0xF7,    0},    {0x084,0x67,    0},    {0x024,0x23,    0},    {0x081,0x02,    0},
    {0x021,0x01,    0},    {0x0E1,0x02,    0},    {0x044,0x04,    0},    {0x041,0x00,    0},
    {0x0C1,0x0E,    0},    {0x0A1,0x57,    0},    {0x0B1,0x25,    0},    {0x042,0x09,    0},
    {0x0B2,0x2E,    0},    {0x048,0x09,    0},    {0x0B3,0x31,    0},    {0x049,0x09,    0},
    {0x0B4,0x32,   14},    {0x0A0,0x59,   14},    {0x0A0,0x45,   14},    {0x0A0,0x31,    0},
    {0x0B0,0x05,    0},    {0x0B2,0x0E,    1},    {0x0B3,0x11,    0},    {0x0B4,0x12,   14},
    {0x083,0xFF,    0},    {0x023,0x20,    0},    {0x080,0xFF,    0},    {0x020,0x20,    0},
    {0x043,0x3F,    0},    {0x040,0x3F,    0},    {0x0C0,0x00,    0},    {0x0A0,0x1D,    0},
    {0x042,0x0A,    0},    {0x048,0x0A,    0},    {0x049,0x0A,    0},    {0x04A,0x2A,    0},
    {0x050,0x2A,   14},    {0x0A0,0x09,   14},    {0x0A0,0xF5,    0},    {0x0B0,0x04,   14},
    {0x0A0,0xE1,    0},    {0x0B1,0x05,    1},    {0x0B5,0x09,    0},    {0x0B6,0x0A,   14},
    {0x083,0x06,    0},    {0x023,0x04,    0},    {0x060,0xCF,    0},    {0x080,0x09,    0},
    {0x020,0x01,    0},    {0x043,0x00,    0},    {0x040,0x00,    0},    {0x0C0,0x06,    0},
    {0x0A0,0xC0,    0},    {0x0B0,0x21,    0},    {0x064,0xFF,    0},    {0x084,0x07,    0},
    {0x024,0x03,    0},    {0x081,0x04,    0},    {0x021,0x00,    0},    {0x0E1,0x03,    0},
    {0x044,0x02,    0},    {0x041,0x06,    0},    {0x0C1,0x02,    0},    {0x0A1,0x87,    0},
    {0x0B1,0x26,    1},    {0x042,0x09,    0},    {0x0B2,0x2E,    0},    {0x048,0x09,    0},
    {0x0A3,0x81,    0},    {0x0B3,0x31,    0},    {0x049,0x09,    0},    {0x0A4,0xE5,    0},
    {0x0B4,0x31,    0},    {0x04A,0x30,    0},    {0x0A5,0x81,    0},    {0x0B5,0x29,    0},
    {0x050,0x30,    0},    {0x0A6,0xE5,    0},    {0x0B6,0x29,    0},    {0x074,0xFE,    0},
    {0x094,0x1F,    0},    {0x034,0x22,    0},    {0x0F4,0x01,    0},    {0x091,0x00,    0},
    {0x031,0x03,    0},    {0x0F1,0x01,    0},    {0x054,0x00,    0},    {0x051,0x0C,    0},
    {0x0C7,0x02,    1},    {0x0A7,0x87,    0},    {0x0B7,0x2E,    0},    {0x095,0x04,    0},
    {0x035,0x02,    0},    {0x0F5,0x01,    0},    {0x092,0x00,    0},    {0x032,0x03,    0},
    {0x0F2,0x01,    0},    {0x055,0x04,    0},    {0x052,0x12,    0},    {0x0C8,0x02,    0},
    {0x0A8,0x87,    0},    {0x0B8,0x2E,   12},    {0x0A0,0xB6,   14},    {0x0A0,0xAC,   14},
    {0x0A0,0xA2,    1},    {0x0B2,0x0E,    0},    {0x0B3,0x11,    0},    {0x0B4,0x11,   14},
    {0x0A0,0x98,    0},    {0x042,0x0A,    0},    {0x048,0x0A,    0},    {0x049,0x0A,    0},
    {0x051,0x10,    0},    {0x052,0x14,   14},    {0x0A0,0x8E,   14},    {0x0A0,0x84,    0},
    {0x04A,0x2F,    0},    {0x050,0x2F,   15},    {0x0A0,0x7A,    0},    {0x0B0,0x01,    0},
    {0x0B1,0x06,   14},    {0x083,0x0A,    0},    {0x023,0x0A,    0},    {0x060,0xFF,    0},
    {0x080,0x00,    0},    {0x020,0x0F,    0},    {0x0C0,0x0E,    0},    {0x0A0,0x57,    0},
    {0x0B0,0x25,    0},    {0x0B1,0x26,    0},    {0x042,0x0B,    0},    {0x048,0x0B,    0},
    {0x049,0x0B,    0},    {0x051,0x13,    0},    {0x052,0x16,   57},    {0x042,0x0C,    0},
    {0x048,0x0C,    0},    {0x049,0x0C,    0},    {0x04A,0x2E,    0},    {0x050,0x2E,    0},
    {0x051,0x18,    0},    {0x052,0x15,   43},    {0x0B0,0x05,    0},    {0x0B1,0x06,    0},
    {0x0B7,0x0E,    0},    {0x0B8,0x0E,   14},    {0x0B0,0x25,    0},    {0x0B1,0x26,    0},
    {0x042,0x09,    0},    {0x0B2,0x2E,    0},    {0x048,0x09,    0},    {0x0B3,0x31,    0},
    {0x049,0x09,    0},    {0x0B4,0x31,    0},    {0x051,0x0C,    0},    {0x0A7,0x41,    1},
    {0x0B7,0x2E,    0},    {0x052,0x12,    0},    {0x0A8,0x41,    0},    {0x0B8,0x2E,   28},
    {0x04A,0x2D,    0},    {0x050,0x2D,   14},    {0x0B2,0x0E,    0},    {0x0B3,0x11,    0},
    {0x0B4,0x11,   14},    {0x042,0x0A,    0},    {0x048,0x0A,    0},    {0x049,0x0A,    0},
    {0x051,0x10,    0},    {0x052,0x14,   43},    {0x0B0,0x05,    0},    {0x0B1,0x06,   14},
    {0x0B0,0x25,    0},    {0x0B1,0x2A,    0},    {0x042,0x09,    0},    {0x0B2,0x2E,    0},
    {0x048,0x09,    0},    {0x0B3,0x31,    0},    {0x049,0x09,    0},    {0x0B4,0x31,    1},
    {0x04A,0x2C,    0},    {0x050,0x2C,    0},    {0x051,0x13,    0},    {0x052,0x16,   42},
    {0x0B2,0x0E,    0},    {0x0B3,0x11,    0},    {0x0B4,0x11,   14},    {0x042,0x0A,    0},
    {0x048,0x0A,    0},    {0x049,0x0A,    0},    {0x051,0x18,    0},    {0x052,0x15,   29},
    {0x04A,0x2B,    0},    {0x050,0x2B,   14},    {0x0B0,0x05,    0},    {0x0B1,0x0A,    0},
    {0x0B7,0x0E,    0},    {0x0B8,0x0E,   14},    {0x063,0xF7,    0},    {0x083,0x67,    0},
    {0x023,0x23,    0},    {0x080,0x02,    0},    {0x020,0x01,    0},    {0x0E0,0x02,    0},
    {0x043,0x04,    1},    {0x0B0,0x25,    0},    {0x024,0x05,    0},    {0x081,0x09,    0},
    {0x021,0x04,    0},    {0x0E1,0x00,    0},    {0x044,0x00,    0},    {0x041,0x00,    0},
    {0x0C1,0x0F,    0},    {0x0A1,0x6D,    0},    {0x0B1,0x25,    0},    {0x042,0x0B,    0},
    {0x048,0x0B,    0},    {0x049,0x0B,    0},    {0x051,0x0C,    0},    {0x0A7,0xE5,    0},
    {0x0B7,0x2D,    0},    {0x052,0x12,    0},    {0x0A8,0xE5,    0},    {0x0B8,0x2D,   14},
    {0x0A1,0x59,   14},    {0x0A1,0x45,   14},    {0x0A1,0x31,   14},    {0x0A1,0x1D,    0},
    {0x042,0x0C,    0},    {0x048,0x0C,    0},    {0x049,0x0C,    1},    {0x04A,0x2A,    0},
    {0x050,0x2A,    0},    {0x051,0x10,    0},    {0x052,0x14,   14},    {0x0A1,0x09,   14},
    {0x0A1,0xF5,    0},    {0x0B1,0x24,   14},    {0x0B0,0x05,    0},    {0x0A1,0xE1,    0},
    {0x0B1,0x04,   14},    {0x063,0xFF,    0},    {0x083,0x0A,    0},    {0x023,0x0A,    1},
    {0x080,0x00,    0},    {0x020,0x0F,    0},    {0x0E0,0x00,    0},    {0x043,0x00,    0},
    {0x0B0,0x25,    0},    {0x024,0x03,    0},    {0x081,0x04,    0},    {0x021,0x00,    0},
    {0x0E1,0x03,    0},    {0x044,0x02,    0},    {0x041,0x06,    0},    {0x0C1,0x02,    0},
    {0x0A1,0x41,    0},    {0x0B1,0x26,    0},    {0x042,0x09,    0},    {0x0B2,0x2E,    0},
    {0x048,0x09,    0},    {0x0B3,0x31,    0},    {0x049,0x09,    0},    {0x0B4,0x31,    0},
    {0x051,0x13,    0},    {0x052,0x16,   28},    {0x04A,0x29,    0},    {0x050,0x29,   14},
    {0x0B2,0x0E,    0},    {0x0B3,0x11,    0},    {0x0B4,0x11,   15},    {0x042,0x0A,    0},
    {0x048,0x0A,    0},    {0x049,0x0A,    0},    {0x051,0x18,    0},    {0x052,0x15,   42},
    {0x0B0,0x05,    0},    {0x0B1,0x06,    0},    {0x0B7,0x0D,    1},    {0x0B8,0x0D,   14},
    {0x0B0,0x25,    0},    {0x0B1,0x2A,    0},    {0x042,0x09,    0},    {0x0B2,0x2E,    0},
    {0x048,0x09,    0},    {0x0B3,0x31,    0},    {0x049,0x09,    0},    {0x0B4,0x31,    0},
    {0x04A,0x28,    0},    {0x050,0x28,    0},    {0x051,0x0C,    0},    {0x0A7,0x41,    0},
    {0x0B7,0x2E,    0},    {0x052,0x12,    0},    {0x0A8,0x41,    0},    {0x0B8,0x2E,   42},
    {0x0B2,0x0E,    0},    {0x0B3,0x11,    0},    {0x0B4,0x11,   15},    {0x042,0x0A,    0},
    {0x048,0x0A,    0},    {0x049,0x0A,    0},    {0x051,0x10,    0},    {0x052,0x14,   28},
    {0x04A,0x27,    0},    {0x050,0x27,   14},    {0x0B0,0x05,    0},    {0x0B1,0x0A,   15},
    {0x0B0,0x25,    0},    {0x0B1,0x26,    0},    {0x042,0x0B,    0},    {0x048,0x0B,    0},
    {0x049,0x0B,    0},    {0x051,0x13,    0},    {0x052,0x16,   43},    {0x0B0,0x05,   14},
    {0x083,0xFF,    0},    {0x023,0x20,    0},    {0x080,0xFF,    0},    {0x020,0x20,    0},
    {0x043,0x3F,    0},    {0x040,0x3F,    0},    {0x0C0,0x00,    0},    {0x042,0x0C,    0},
    {0x048,0x0C,    0},    {0x049,0x0C,    0},    {0x04A,0x26,    0},    {0x050,0x26,    0},
    {0x051,0x18,    0},    {0x052,0x15,   43},    {0x0B1,0x06,   14},    {0x083,0x06,    0},
    {0x023,0x04,    0},    {0x060,0xCF,    0},    {0x080,0x09,    0},    {0x020,0x01,    0},
    {0x043,0x00,    0},    {0x040,0x00,    0},    {0x0C0,0x06,    0},    {0x0A0,0xC0,    0},
    {0x0B0,0x21,    0},    {0x0A1,0x87,    0},    {0x0B1,0x26,    0},    {0x042,0x09,    0},
    {0x0B2,0x2E,    0},    {0x048,0x09,    0},    {0x0B3,0x31,    1},    {0x049,0x09,    0},
    {0x0B4,0x31,    0},    {0x051,0x19,    0},    {0x0A7,0x44,    0},    {0x052,0x14,    0},
    {0x0A8,0x44,   13},    {0x0A0,0xB6,    0},    {0x0A7,0x47,    0},    {0x0A8,0x47,   14},
    {0x0A0,0xAC,    0},    {0x04A,0x25,    1},    {0x050,0x25,    0},    {0x0A7,0x4A,    0},
    {0x0A8,0x4A,   14},    {0x0A0,0xA2,    0},    {0x0B2,0x0E,    0},    {0x0B3,0x11,    0},
    {0x0B4,0x11,    0},    {0x0A7,0x47,    0},    {0x0A8,0x47,   14},    {0x0A0,0x98,    0},
    {0x042,0x0A,    0},    {0x048,0x0A,    0},    {0x049,0x0A,    0},    {0x051,0x1A,    0},
    {0x0A7,0x44,    0},    {0x052,0x13,    0},    {0x0A8,0x44,   14},    {0x0A0,0x8E,    0},
    {0x0A7,0x41,    0},    {0x0A8,0x41,   14},    {0x0A0,0x84,    1},    {0x0A7,0x3E,    0},
    {0x0A8,0x3E,   14},    {0x0A0,0x7A,    0},    {0x0B0,0x01,    0},    {0x0B1,0x06,    0},
    {0x0A7,0x3B,    0},    {0x0A8,0x3B,   14},    {0x083,0x0A,    0},    {0x023,0x0A,    0},
    {0x060,0xFF,    0},    {0x080,0x00,    0},    {0x020,0x0F,    0},    {0x0C0,0x0E,    0},
    {0x0A0,0x57,    0},    {0x0B0,0x25,    0},    {0x0B1,0x26,    0},    {0x042,0x09,    0},
    {0x0B2,0x2E,    0},    {0x048,0x09,    1},    {0x0B3,0x31,    0},    {0x049,0x09,    0},
    {0x0B4,0x31,    0},    {0x04A,0x24,    0},    {0x050,0x24,    0},    {0x051,0x1B,    0},
    {0x0A7,0x38,    0},    {0x052,0x12,    0},    {0x0A8,0x38,   13},    {0x0A7,0x3B,    0},
    {0x0A8,0x3B,   15},    {0x0A7,0x3E,    0},    {0x0A8,0x3E,   14},    {0x0B2,0x0E,    0},
    {0x0B3,0x11,    0},    {0x0B4,0x11,    0},    {0x0A7,0x41,    0},    {0x0A8,0x41,   14},
    {0x042,0x0A,    0},    {0x048,0x0A,    0},    {0x049,0x0A,    0},    {0x051,0x1C,    0},
    {0x0A7,0x44,    0},    {0x052,0x11,    0},    {0x0A8,0x44,   14},    {0x0A7,0x47,    0},
    {0x0A8,0x47,   15},    {0x04A,0x23,    0},    {0x050,0x23,    0},    {0x0A7,0x4A,    0},
    {0x0A8,0x4A,   14},    {0x0B0,0x05,    0},    {0x0B1,0x06,    0},    {0x0A7,0x47,    0},
    {0x0A8,0x47,   14},    {0x0B0,0x25,    0},    {0x0B1,0x26,    0},    {0x042,0x09,    0},
    {0x0B2,0x2E,    0},    {0x048,0x09,    0},    {0x0B3,0x31,    0},    {0x049,0x09,    1},
    {0x0B4,0x31,    0},    {0x051,0x1D,    0},    {0x0A7,0x44,    0},    {0x052,0x10,    0},
    {0x0A8,0x44,   13},    {0x0A7,0x41,    1},    {0x0A8,0x41,   14},    {0x0A7,0x3E,    0},
    {0x0A8,0x3E,   14},    {0x0B2,0x0E,    0},    {0x0B3,0x11,    0},    {0x0B4,0x11,    0},
    {0x0A7,0x3B,    0},    {0x0A8,0x3B,   14},    {0x042,0x0A,    0},    {0x048,0x0A,    0},
    {0x049,0x0A,    0},    {0x04A,0x22,    0},    {0x050,0x22,    0},    {0x051,0x1E,    1},
    {0x0A7,0x38,    0},    {0x052,0x0F,    0},    {0x0A8,0x38,   14},    {0x0A7,0x3B,    0},
    {0x0A8,0x3B,   14},    {0x0A7,0x3E,    0},    {0x0A8,0x3E,   14},    {0x0B0,0x05,    0},
    {0x0B1,0x06,    0},    {0x0A7,0x41,    0},    {0x0A8,0x41,   14},    {0x0B0,0x25,    0},
    {0x0B1,0x2A,    0},    {0x042,0x0B,    0},    {0x048,0x0B,    0},    {0x049,0x0B,    1},
    {0x051,0x1F,    0},    {0x0A7,0x44,    0},    {0x052,0x0E,    0},    {0x0A8,0x44,   14},
    {0x0A7,0x47,    0},    {0x0A8,0x47,   14},    {0x04A,0x21,    0},    {0x050,0x21,    0},
    {0x0A7,0x4A,    0},    {0x0A8,0x4A,   14},    {0x0A7,0x47,    0},    {0x0A8,0x47,   14},
    {0x042,0x0C,    0},    {0x048,0x0C,    0},    {0x049,0x0C,    1},    {0x051,0x20,    0},
    {0x0A7,0x44,    0},    {0x052,0x0D,    0},    {0x0A8,0x44,   14},    {0x0A7,0x41,    0},
    {0x0A8,0x41,   14},    {0x0A7,0x3E,    0},    {0x0A8,0x3E,   14},    {0x0B0,0x05,    0},
    {0x0B1,0x0A,    0},    {0x0B7,0x0E,    0},    {0x0B8,0x0E,   14},    {0x063,0xF7,    0},
    {0x083,0x67,    0},    {0x023,0x23,    1},    {0x080,0x02,    0},    {0x020,0x01,    0},
    {0x0E0,0x02,    0},    {0x043,0x04,    0},    {0x0B0,0x25,    0},    {0x024,0x05,    0},
    {0x081,0x09,    0},    {0x021,0x04,    0},    {0x0E1,0x00,    0},    {0x044,0x00,    0},
    {0x041,0x00,    0},    {0x0C1,0x0F,    0},    {0x0A1,0x6D,    0},    {0x0B1,0x25,    0},
    {0x042,0x09,    0},    {0x0B2,0x2E,    0},    {0x048,0x09,    0},    {0x0B3,0x31,    0},
    {0x049,0x09,    0},    {0x0B4,0x31,    0},    {0x04A,0x20,    0},    {0x050,0x20,    0},
    {0x051,0x0C,    1},    {0x0A7,0xB0,    0},    {0x0B7,0x2D,    0},    {0x052,0x12,    0},
    {0x0A8,0xB0,    0},    {0x0B8,0x2D,   13},    {0x0A1,0x59,   14},    {0x0A1,0x45,   14},
    {0x0A1,0x31,    0},    {0x0B2,0x0E,    0},    {0x0B3,0x11,    0},    {0x0B4,0x11,   14},
    {0x0A1,0x1D,    1},    {0x042,0x0A,    0},    {0x048,0x0A,    0},    {0x049,0x0A,    0},
    {0x051,0x10,    0},    {0x052,0x14,   14},    {0x0A1,0x09,   14},    {0x0A1,0xF5,    0},
    {0x0B1,0x24,    0},    {0x04A,0x1F,    0},    {0x050,0x1F,   14},    {0x0B0,0x05,    0},
    {0x0A1,0xE1,    0},    {0x0B1,0x04,   15},    {0x063,0xFF,    0},    {0x083,0x0A,    0},
    {0x023,0x0A,    0},    {0x080,0x00,    0},    {0x020,0x0F,    0},    {0x0E0,0x00,    0},
    {0x043,0x00,    0},    {0x0B0,0x25,    0},    {0x024,0x03,    0},    {0x081,0x04,    0},
    {0x021,0x00,    0},    {0x0E1,0x03,    0},    {0x044,0x02,    0},    {0x041,0x06,    0},
    {0x0C1,0x02,    0},    {0x0A1,0xE5,    0},    {0x0B1,0x25,    0},    {0x042,0x09,    0},
    {0x0B2,0x2E,    0},    {0x048,0x09,    0},    {0x0B3,0x31,    0},    {0x049,0x09,    0},
    {0x0B4,0x31,    1},    {0x051,0x13,    0},    {0x052,0x16,   41},    {0x0B2,0x0E,    0},
    {0x0B3,0x11,    1},    {0x0B4,0x11,   14},    {0x042,0x0A,    0},    {0x048,0x0A,    0},
    {0x049,0x0A,    0},    {0x04A,0x1E,    0},    {0x050,0x1E,    0},    {0x051,0x18,    0},
    {0x052,0x15,   42},    {0x0B0,0x05,    1},    {0x0B1,0x05,    0},    {0x0B7,0x0D,    0},
    {0x0B8,0x0D,   14},    {0x0B0,0x25,    0},    {0x0A1,0x41,    0},    {0x0B1,0x26,    0},
    {0x042,0x0B,    0},    {0x048,0x0B,    0},    {0x049,0x0B,    0},    {0x051,0x0C,    0},
    {0x0A7,0xE5,    0},    {0x0B7,0x2D,    0},    {0x052,0x12,    0},    {0x0A8,0xE5,    0},
    {0x0B8,0x2D,   28},    {0x04A,0x1D,    0},    {0x050,0x1D,   29},    {0x042,0x0C,    0},
    {0x048,0x0C,    0},    {0x049,0x0C,    0},    {0x051,0x10,    0},    {0x052,0x14,   43},
    {0x0B0,0x05,    0},    {0x0B1,0x06,   14},    {0x0B0,0x25,    0},    {0x0A1,0x87,    0},
    {0x0B1,0x26,    0},    {0x042,0x09,    0},    {0x0B2,0x2E,    0},    {0x048,0x09,    0},
    {0x0B3,0x31,    0},    {0x049,0x09,    0},    {0x0B4,0x31,    0},    {0x04A,0x1C,    0},
    {0x050,0x1C,    0},    {0x051,0x13,    0},    {0x052,0x16,   43},    {0x0B0,0x05,    0},
    {0x0B2,0x0E,    0},    {0x0B3,0x11,    0},    {0x0B4,0x11,   14},    {0x083,0xFF,    0},
    {0x023,0x20,    0},    {0x080,0xFF,    0},    {0x020,0x20,    0},    {0x043,0x3F,    0},
    {0x040,0x3F,    0},    {0x0C0,0x00,    0},    {0x042,0x0A,    0},    {0x048,0x0A,    0},
    {0x049,0x0A,    0},    {0x051,0x18,    0},    {0x052,0x15,   29},    {0x04A,0x1B,    0},
    {0x050,0x1B,   14},    {0x0B1,0x06,   14},    {0x083,0x06,    0},    {0x023,0x04,    0},
    {0x060,0xCF,    0},    {0x080,0x09,    0},    {0x020,0x01,    0},    {0x043,0x00,    0},
    {0x040,0x00,    0},    {0x0C0,0x06,    0},    {0x0A0,0xC0,    0},    {0x0B0,0x21,    0},
    {0x0B1,0x26,    0},    {0x042,0x09,    0},    {0x0B2,0x2E,    1},    {0x048,0x09,    0},
    {0x0B3,0x31,    0},    {0x049,0x09,    0},    {0x0B4,0x31,    0},    {0x051,0x19,    0},
    {0x0A7,0xE8,    0},    {0x052,0x14,    0},    {0x0A8,0xE8,   13},    {0x0A0,0xB6,    0},
    {0x0A7,0xEB,    0},    {0x0A8,0xEB,   15},    {0x0A0,0xAC,    0},    {0x0A7,0xEE,    0},
    {0x0A8,0xEE,   14},    {0x0A0,0xA2,    0},    {0x0B2,0x0E,    0},    {0x0B3,0x11,    0},
    {0x0B4,0x11,    0},    {0x0A7,0xEB,    0},    {0x0A8,0xEB,   14},    {0x0A0,0x98,    0},
    {0x042,0x0A,    0},    {0x048,0x0A,    0},    {0x049,0x0A,    0},    {0x04A,0x1A,    0},
    {0x050,0x1A,    0},    {0x051,0x1A,    0},    {0x0A7,0xE8,    0},    {0x052,0x13,    1},
    {0x0A8,0xE8,   13},    {0x0A0,0x8E,    0},    {0x0A7,0xE5,    1},    {0x0A8,0xE5,   14},
    {0x0A0,0x84,    0},    {0x0A7,0xE2,    0},    {0x0A8,0xE2,   14},    {0x0A0,0x7A,    0},
    {0x0B0,0x01,    0},    {0x0B1,0x06,    0},    {0x0A7,0xDF,    0},    {0x0A8,0xDF,   14},
    {0x083,0x0A,    0},    {0x023,0x0A,    0},    {0x060,0xFF,    0},    {0x080,0x00,    0},
    {0x020,0x0F,    0},    {0x0C0,0x0E,    0},    {0x0A0,0x57,    0},    {0x0B0,0x25,    0},
    {0x0B1,0x26,    1},    {0x042,0x0B,    0},    {0x048,0x0B,    0},    {0x049,0x0B,    0},
    {0x051,0x1B,    0},    {0x0A7,0xDC,    0},    {0x052,0x12,    0},    {0x0A8,0xDC,   13},
    {0x0A7,0xDF,    1},    {0x0A8,0xDF,   14},    {0x04A,0x19,    0},    {0x050,0x19,    0},
    {0x0A7,0xE2,    0},    {0x0A8,0xE2,   14},    {0x0A7,0xE5,    0},    {0x0A8,0xE5,   14},
    {0x042,0x0C,    0},    {0x048,0x0C,    0},    {0x049,0x0C,    0},    {0x051,0x1C,    0},
    {0x0A7,0xE8,    0},    {0x052,0x11,    1},    {0x0A8,0xE8,   14},    {0x0A7,0xEB,    0},
    {0x0A8,0xEB,   14},    {0x0A7,0xEE,    0},    {0x0A8,0xEE,   14},    {0x0B0,0x05,    0},
    {0x0B1,0x06,    0},    {0x0A7,0xEB,    0},    {0x0A8,0xEB,   14},    {0x0B0,0x25,    0},
    {0x0B1,0x26,    0},    {0x042,0x09,    0},    {0x0B2,0x2E,    1},    {0x048,0x09,    0},
    {0x0B3,0x31,    0},    {0x049,0x09,    0},    {0x0B4,0x31,    0},    {0x04A,0x18,    0},
    {0x050,0x18,    0},    {0x051,0x1D,    0},    {0x0A7,0xE8,    0},    {0x052,0x10,    0},
    {0x0A8,0xE8,   14},    {0x0A7,0xE5,    0},    {0x0A8,0xE5,   14},    {0x0A7,0xE2,    0},
    {0x0A8,0xE2,   14},    {0x0B2,0x0E,    0},    {0x0B3,0x11,    0},    {0x0B4,0x11,    0},
    {0x0A7,0xDF,    0},    {0x0A8,0xDF,   14},    {0x042,0x0A,    0},    {0x048,0x0A,    0},
    {0x049,0x0A,    1},    {0x051,0x1E,    0},    {0x0A7,0xDC,    0},    {0x052,0x0F,    0},
    {0x0A8,0xDC,   14},    {0x0A7,0xDF,    0},    {0x0A8,0xDF,   14},    {0x04A,0x17,    0},
    {0x050,0x17,    0},    {0x0A7,0xE2,    0},    {0x0A8,0xE2,   14},    {0x0B0,0x05,    0},
    {0x0B1,0x06,    0},    {0x0A7,0xE5,    0},    {0x0A8,0xE5,   14},    {0x0B0,0x25,    1},
    {0x0B1,0x2A,    0},    {0x042,0x09,    0},    {0x0B2,0x2E,    0},    {0x048,0x09,    0},
    {0x0B3,0x31,    0},    {0x049,0x09,    0},    {0x0B4,0x31,    0},    {0x051,0x1F,    0},
    {0x0A7,0xE8,    0},    {0x052,0x0E,    0},    {0x0A8,0xE8,   14},    {0x0A7,0xEB,    0},
    {0x0A8,0xEB,   14},    {0x0A7,0xEE,    0},    {0x0A8,0xEE,   14},    {0x0B2,0x0E,    0},
    {0x0B3,0x11,    0},    {0x0B4,0x11,    0},    {0x0A7,0xEB,    0},    {0x0A8,0xEB,   15},
    {0x042,0x0A,    0},    {0x048,0x0A,    0},    {0x049,0x0A,    0},    {0x04A,0x16,    0},
    {0x050,0x16,    0},    {0x051,0x20,    0},    {0x0A7,0xE8,    0},    {0x052,0x0D,    0},
    {0x0A8,0xE8,   14},    {0x0A7,0xE5,    0},    {0x0A8,0xE5,   14},    {0x0A7,0xE2,    0},
    {0x0A8,0xE2,   14},    {0x0B0,0x05,    0},    {0x0B1,0x0A,    0},    {0x0B7,0x0D,    1},
    {0x0B8,0x0D,   14},    {0x063,0xF7,    0},    {0x083,0x67,    0},    {0x023,0x23,    0},
    {0x080,0x02,    0},    {0x020,0x01,    0},    {0x0E0,0x02,    0},    {0x043,0x04,    0},
    {0x0B0,0x25,    0},    {0x024,0x05,    0},    {0x081,0x09,    0},    {0x021,0x04,    0},
    {0x0E1,0x00,    0},    {0x044,0x00,    0},    {0x041,0x00,    0},    {0x0C1,0x0F,    0},
    {0x0A1,0x6D,    0},    {0x0B1,0x25,    0},    {0x042,0x0B,    0},    {0x048,0x0B,    0},
    {0x049,0x0B,    0},    {0x051,0x0C,    0},    {0x0A7,0x81,    1},    {0x0B7,0x2D,    0},
    {0x052,0x12,    0},    {0x0A8,0x81,    0},    {0x0B8,0x2D,   13},    {0x0A1,0x59,   14},
    {0x0A1,0x45,    0},    {0x04A,0x15,    0},    {0x050,0x15,   14},    {0x0A1,0x31,   15},
    {0x0A1,0x1D,    0},    {0x042,0x0C,    0},    {0x048,0x0C,    0},    {0x049,0x0C,    0},
    {0x051,0x10,    0},    {0x052,0x14,   14},    {0x0A1,0x09,   14},    {0x0A1,0xF5,    0},
    {0x0B1,0x24,   14},    {0x0B0,0x05,    1},    {0x0A1,0xE1,    0},    {0x0B1,0x04,   14},
    {0x063,0xFF,    0},    {0x083,0x0A,    0},    {0x023,0x0A,    0},    {0x080,0x00,    0},
    {0x020,0x0F,    0},    {0x0E0,0x00,    0},    {0x043,0x00,    0},    {0x0B0,0x25,    0},
    {0x024,0x03,    0},    {0x081,0x04,    0},    {0x021,0x00,    0},    {0x0E1,0x03,    0},
    {0x044,0x02,    0},    {0x041,0x06,    0},    {0x0C1,0x02,    0},    {0x0A1,0x41,    0},
    {0x0B1,0x26,    0},    {0x042,0x09,    0},    {0x0B2,0x2E,    0},    {0x048,0x09,    1},
    {0x0B3,0x31,    0},    {0x049,0x09,    0},    {0x0B4,0x31,    0},    {0x04A,0x14,    0},
    {0x050,0x14,    0},    {0x051,0x13,    0},    {0x052,0x16,   42},    {0x0B2,0x0E,    0},
    {0x0B3,0x11,    0},    {0x0B4,0x11,   14},    {0x042,0x0A,    0},    {0x048,0x0A,    0},
    {0x049,0x0A,    0},    {0x051,0x18,    0},    {0x052,0x15,   28},    {0x04A,0x13,    0},
    {0x050,0x13,   15},    {0x0B0,0x05,    0},    {0x0B1,0x06,    0},    {0x0B7,0x0D,    0},
    {0x0B8,0x0D,   14},    {0x0B0,0x25,    0},    {0x0B1,0x2A,    0},    {0x042,0x09,    0},
    {0x0B2,0x2E,    0},    {0x048,0x09,    0},    {0x0B3,0x31,    0},    {0x049,0x09,    0},
    {0x0B4,0x31,    0},    {0x051,0x0C,    0},    {0x0A7,0xB0,    0},    {0x0B7,0x2D,    0},
    {0x052,0x12,    1},    {0x0A8,0xB0,    0},    {0x0B8,0x2D,   42},    {0x0B2,0x0E,    0},
    {0x0B3,0x11,    0},    {0x0B4,0x11,   14},    {0x042,0x0A,    0},    {0x048,0x0A,    0},
    {0x049,0x0A,    0},    {0x04A,0x12,    0},    {0x050,0x12,    0},    {0x051,0x10,    0},
    {0x052,0x14,   43},    {0x0B0,0x05,    0},    {0x0B1,0x0A,   14},    {0x0B0,0x25,    0},
    {0x0B1,0x26,    0},    {0x042,0x0B,    0},    {0x048,0x0B,    0},    {0x049,0x0B,    0},
    {0x051,0x13,    0},    {0x052,0x16,   29},    {0x04A,0x11,    0},    {0x050,0x11,   14},
    {0x0B0,0x05,   14},    {0x083,0xFF,    0},    {0x023,0x20,    0},    {0x080,0xFF,    0},
    {0x020,0x20,    0},    {0x043,0x3F,    0},    {0x040,0x3F,    0},    {0x0C0,0x00,    0},
    {0x042,0x0C,    0},    {0x048,0x0C,    0},    {0x049,0x0C,    1},    {0x051,0x18,    0},
    {0x052,0x15,   42},    {0x0B1,0x06,   14},    {0x083,0x06,    0},    {0x023,0x04,    0},
    {0x060,0xCF,    0},    {0x080,0x09,    0},    {0x020,0x01,    0},    {0x043,0x00,    0},
    {0x040,0x00,    0},    {0x0C0,0x06,    0},    {0x0A0,0xC0,    0},    {0x0B0,0x21,    1},
    {0x0A1,0x87,    0},    {0x0B1,0x26,    0},    {0x042,0x09,    0},    {0x0B2,0x2E,    0},
    {0x048,0x09,    0},    {0x0B3,0x31,    0},    {0x049,0x09,    0},    {0x0B4,0x31,    0},
    {0x04A,0x10,    0},    {0x050,0x10,    0},    {0x051,0x19,    0},    {0x0A7,0xB3,    0},
    {0x052,0x14,    0},    {0x0A8,0xB3,   13},    {0x0A0,0xB6,    1},    {0x0A7,0xB6,    0},
    {0x0A8,0xB6,   14},    {0x0A0,0xAC,    0},    {0x0A7,0xB9,    0},    {0x0A8,0xB9,   14},
    {0x0A0,0xA2,    0},    {0x0B2,0x0E,    0},    {0x0B3,0x11,    0},    {0x0B4,0x11,    0},
    {0x0A7,0xB6,    0},    {0x0A8,0xB6,   14},    {0x0A0,0x98,    0},    {0x042,0x0A,    0},
    {0x048,0x0A,    0},    {0x049,0x0A,    0},    {0x051,0x1A,    1},    {0x0A7,0xB3,    0},
    {0x052,0x13,    0},    {0x0A8,0xB3,   13},    {0x0A0,0x8E,    1},    {0x0A7,0xB0,    0},
    {0x0A8,0xB0,   14},    {0x0A0,0x84,    0},    {0x04A,0x0F,    0},    {0x050,0x0F,    0},
    {0x0A7,0xAD,    0},    {0x0A8,0xAD,   14},    {0x0A0,0x7A,    0},    {0x0B0,0x01,    0},
    {0x0B1,0x06,    0},    {0x0A7,0xAA,    0},    {0x0A8,0xAA,   14},    {0x083,0x0A,    0},
    {0x023,0x0A,    0},    {0x060,0xFF,    0},    {0x080,0x00,    0},    {0x020,0x0F,    0},
    {0x0C0,0x0E,    1},    {0x0A0,0x57,    0},    {0x0B0,0x25,    0},    {0x0B1,0x26,    0},
    {0x042,0x09,    0},    {0x0B2,0x2E,    0},    {0x048,0x09,    0},    {0x0B3,0x31,    0},
    {0x049,0x09,    0},    {0x0B4,0x31,    0},    {0x051,0x1B,    0},    {0x0A7,0xA7,    0},
    {0x052,0x12,    0},    {0x0A8,0xA7,   14},    {0x0A7,0xAA,    0},    {0x0A8,0xAA,   14},
    {0x0A7,0xAD,    0},    {0x0A8,0xAD,   14},    {0x0B2,0x0E,    0},    {0x0B3,0x11,    0},
    {0x0B4,0x11,    0},    {0x0A7,0xB0,    0},    {0x0A8,0xB0,   14},    {0x042,0x0A,    0},
    {0x048,0x0A,    0},    {0x049,0x0A,    1},    {0x04A,0x0E,    0},    {0x050,0x0E,    0},
    {0x051,0x1C,    0},    {0x0A7,0xB3,    0},    {0x052,0x11,    0},    {0x0A8,0xB3,   14},
    {0x0A7,0xB6,    0},    {0x0A8,0xB6,   14},    {0x0A7,0xB9,    0},    {0x0A8,0xB9,   14},
    {0x0B0,0x05,    0},    {0x0B1,0x06,    0},    {0x0A7,0xB6,    0},    {0x0A8,0xB6,   14},
    {0x0B0,0x25,    1},    {0x0B1,0x26,    0},    {0x042,0x09,    0},    {0x0B2,0x2E,    0},
    {0x048,0x09,    0},    {0x0B3,0x31,    0},    {0x049,0x09,    0},    {0x0B4,0x31,    0},
    {0x051,0x1D,    0},    {0x0A7,0xB3,    0},    {0x052,0x10,    0},    {0x0A8,0xB3,   14},
    {0x0A7,0xB0,    0},    {0x0A8,0xB0,   14},    {0x04A,0x0D,    0},    {0x050,0x0D,    0},
    {0x0A7,0xAD,    0},    {0x0A8,0xAD,   14},    {0x0B2,0x0E,    0},    {0x0B3,0x11,    0},
    {0x0B4,0x11,    0},    {0x0A7,0xAA,    1},    {0x0A8,0xAA,   14},    {0x042,0x0A,    0},
    {0x048,0x0A,    0},    {0x049,0x0A,    0},    {0x051,0x1E,    0},    {0x0A7,0xA7,    0},
    {0x052,0x0F,    0},    {0x0A8,0xA7,   14},    {0x0A7,0xAA,    0},    {0x0A8,0xAA,   14},
    {0x0A7,0xAD,    0},    {0x0A8,0xAD,   14},    {0x0B0,0x05,    0},    {0x0B1,0x06,    0},
    {0x0A7,0xB0,    1},    {0x0A8,0xB0,   14},    {0x0B0,0x25,    0},    {0x0B1,0x2A,    0},
    {0x042,0x0B,    0},    {0x048,0x0B,    0},    {0x049,0x0B,    0},    {0x04A,0x0C,    0},
    {0x050,0x0C,    0},    {0x051,0x1F,    0},    {0x0A7,0xB3,    0},    {0x052,0x0E,    0},
    {0x0A8,0xB3,   14},    {0x0A7,0xB6,    0},    {0x0A8,0xB6,   14},    {0x0A7,0xB9,    0},
    {0x0A8,0xB9,   14},    {0x0A7,0xB6,    1},    {0x0A8,0xB6,   14},    {0x042,0x0C,    0},
    {0x048,0x0C,    0},    {0x049,0x0C,    0},    {0x051,0x20,    0},    {0x0A7,0xB3,    0},
    {0x052,0x0D,    0},    {0x0A8,0xB3,   14},    {0x0A7,0xB0,    0},    {0x0A8,0xB0,   14},
    {0x04A,0x0B,    0},    {0x050,0x0B,    0},    {0x0A7,0xAD,    0},    {0x0A8,0xAD,   14},
    {0x0B0,0x05,    1},    {0x0B1,0x0A,    0},    {0x0B7,0x0D,    0},    {0x0B8,0x0D,   14},
    {0x063,0xF7,    0},    {0x083,0x67,    0},    {0x023,0x23,    0},    {0x080,0x02,    0},
    {0x020,0x01,    0},    {0x0E0,0x02,    0},    {0x043,0x04,    0},    {0x0B0,0x25,    0},
    {0x024,0x05,    0},    {0x081,0x09,    0},    {0x021,0x04,    0},    {0x0E1,0x00,    0},
    {0x044,0x00,    0},    {0x041,0x00,    0},    {0x0C1,0x0F,    0},    {0x0A1,0x6D,    0},
    {0x0B1,0x25,    0},    {0x042,0x09,    0},    {0x0B2,0x2E,    1},    {0x048,0x09,    0},
    {0x0B3,0x31,    0},    {0x049,0x09,    0},    {0x0B4,0x31,    0},    {0x051,0x0C,    0},
    {0x0A7,0x81,    0},    {0x0B7,0x2D,    0},    {0x052,0x12,    0},    {0x0A8,0x81,    0},
    {0x0B8,0x2D,   13},    {0x0A1,0x59,   14},    {0x0A1,0x45,   15},    {0x0A1,0x31,    0},
    {0x0B2,0x0E,    0},    {0x0B3,0x11,    0},    {0x0B4,0x11,   14},    {0x0A1,0x1D,    0},
    {0x042,0x0A,    0},    {0x048,0x0A,    0},    {0x049,0x0A,    0},    {0x04A,0x0A,    0},
    {0x050,0x0A,    0},    {0x051,0x10,    0},    {0x052,0x14,   14},    {0x0A1,0x09,   14},
    {0x0A1,0xF5,    0},    {0x0B1,0x24,   15},    {0x0B0,0x05,    0},    {0x0A1,0xE1,    0},
    {0x0B1,0x04,   14},    {0x063,0xFF,    0},    {0x083,0x0A,    0},    {0x023,0x0A,    0},
    {0x080,0x00,    0},    {0x020,0x0F,    0},    {0x0E0,0x00,    0},    {0x043,0x00,    0},
    {0x0B0,0x25,    0},    {0x024,0x03,    0},    {0x081,0x04,    0},    {0x021,0x00,    0},
    {0x0E1,0x03,    0},    {0x044,0x02,    0},    {0x041,0x06,    0},    {0x0C1,0x02,    0},
    {0x0A1,0xE5,    0},    {0x0B1,0x25,    1},    {0x042,0x09,    0},    {0x0B2,0x2E,    0},
    {0x048,0x09,    0},    {0x0B3,0x31,    0},    {0x049,0x09,    0},    {0x0B4,0x31,    0},
    {0x051,0x13,    0},    {0x052,0x16,   27},    {0x04A,0x09,    1},    {0x050,0x09,   14},
    {0x0B2,0x0E,    0},    {0x0B3,0x11,    0},    {0x0B4,0x11,   14},    {0x042,0x0A,    0},
    {0x048,0x0A,    0},    {0x049,0x0A,    0},    {0x051,0x18,    0},    {0x052,0x15,   43},
    {0x0B0,0x05,    0},    {0x0B1,0x05,   14},    {0x0B0,0x25,    0},    {0x0A1,0x41,    0},
    {0x0B1,0x26,    0},    {0x042,0x0B,    0},    {0x048,0x0B,    0},    {0x049,0x0B,    0},
    {0x04A,0x08,    0},    {0x050,0x08,    0},    {0x051,0x19,    0},    {0x0A7,0x84,    1},
    {0x052,0x14,    0},    {0x0A8,0x84,   13},    {0x0A7,0x87,    0},    {0x0A8,0x87,   15},
    {0x0A7,0x8A,    0},    {0x0A8,0x8A,   14},    {0x0A7,0x87,    0},    {0x0A8,0x87,   14},
    {0x042,0x0C,    0},    {0x048,0x0C,    0},    {0x049,0x0C,    0},    {0x051,0x1A,    0},
    {0x0A7,0x84,    0},    {0x052,0x13,    0},    {0x0A8,0x84,   14},    {0x0A7,0x81,    0},
    {0x0A8,0x81,   15},    {0x04A,0x07,    0},    {0x050,0x07,    0},    {0x0A7,0x7E,    0},
    {0x0A8,0x7E,   14},    {0x0B0,0x05,    0},    {0x0B1,0x06,    0},    {0x0A7,0x7B,    0},
    {0x0A8,0x7B,   14},    {0x0B0,0x25,    0},    {0x0A1,0x87,    0},    {0x0B1,0x26,    0},
    {0x042,0x09,    0},    {0x0B2,0x2E,    0},    {0x048,0x09,    0},    {0x0B3,0x31,    1},
    {0x049,0x09,    0},    {0x0B4,0x31,    0},    {0x051,0x1B,    0},    {0x0A7,0x78,    0},
    {0x052,0x12,    0},    {0x0A8,0x78,   14},    {0x0A7,0x7B,    0},    {0x0A8,0x7B,   14},
    {0x0A7,0x7E,    0},    {0x0A8,0x7E,   14},    {0x0B0,0x05,    0},    {0x0B2,0x0E,    0},
    {0x0B3,0x11,    0},    {0x0B4,0x11,    0},    {0x0A7,0x81,    0},    {0x0A8,0x81,   14},
    {0x083,0xFF,    0},    {0x023,0x20,    0},    {0x080,0xFF,    0},    {0x020,0x20,    0},
    {0x043,0x3F,    0},    {0x040,0x3F,    0},    {0x0C0,0x00,    1},    {0x042,0x0A,    0},
    {0x048,0x0A,    0},    {0x049,0x0A,    0},    {0x04A,0x08,    0},    {0x050,0x08,    0},
    {0x051,0x1C,    0},    {0x0A7,0x84,    0},    {0x052,0x11,    0},    {0x0A8,0x84,   14},
    {0x0A7,0x87,    0},    {0x0A8,0x87,   14},    {0x0A7,0x8A,    0},    {0x0A8,0x8A,   14},
    {0x0B1,0x06,    0},    {0x0B7,0x0D,    0},    {0x0B8,0x0D,   14},    {0x083,0x06,    0},
    {0x023,0x04,    0},    {0x060,0xCF,    0},    {0x080,0x09,    0},    {0x020,0x01,    0},
    {0x043,0x00,    1},    {0x040,0x00,    0},    {0x0C0,0x06,    0},    {0x0A0,0xC0,    0},
    {0x0B0,0x21,    0},    {0x0A1,0xE5,    0},    {0x0B1,0x25,    0},    {0x042,0x09,    0},
    {0x0B2,0x2E,    0},    {0x048,0x09,    0},    {0x0A3,0x6B,    0},    {0x0B3,0x31,    0},
    {0x049,0x09,    0},    {0x0B4,0x31,    0},    {0x0A5,0x6B,    0},    {0x051,0x0C,    0},
    {0x0A7,0xE5,    0},    {0x0B7,0x2D,    0},    {0x052,0x12,    0},    {0x0A8,0xE5,    0},
    {0x0B8,0x2D,   14},    {0x0A0,0xB6,   14},    {0x0A0,0xAC,    0},    {0x04A,0x09,    0},
    {0x050,0x09,   14},    {0x0A0,0xA2,    0},    {0x0B2,0x0E,    0},    {0x0B3,0x11,    0},
    {0x0B4,0x11,   14},    {0x0A0,0x98,    0},    {0x042,0x0A,    0},    {0x048,0x0A,    1},
    {0x049,0x0A,    0},    {0x051,0x10,    0},    {0x052,0x14,   14},    {0x0A0,0x8E,   14},
    {0x0A0,0x84,   14},    {0x0A0,0x7A,    0},    {0x0B0,0x01,    0},    {0x0B1,0x05,   14},
    {0x083,0x0A,    0},    {0x023,0x0A,    1},    {0x060,0xFF,    0},    {0x080,0x00,    0},
    {0x020,0x0F,    0},    {0x0C0,0x0E,    0},    {0x0A0,0x57,    0},    {0x0B0,0x25,    0},
    {0x0B1,0x25,    0},    {0x042,0x0B,    0},    {0x048,0x0B,    0},    {0x049,0x0B,    0},
    {0x04A,0x0A,    0},    {0x050,0x0A,    0},    {0x051,0x13,    0},    {0x052,0x16,   57},
    {0x042,0x0C,    0},    {0x048,0x0C,    0},    {0x049,0x0C,    0},    {0x051,0x18,    0},
    {0x052,0x15,   28},    {0x04A,0x0B,    0},    {0x050,0x0B,   14},    {0x0B0,0x05,    0},
    {0x0B1,0x05,   15},    {0x0B0,0x25,    0},    {0x0B1,0x25,    0},    {0x042,0x09,    0},
    {0x0B2,0x2E,    0},    {0x048,0x09,    0},    {0x0B3,0x31,    0},    {0x049,0x09,    0},
    {0x0B4,0x31,    0},    {0x051,0x19,    0},    {0x0A7,0xE8,    0},    {0x052,0x14,    0},
    {0x0A8,0xE8,   14},    {0x0A7,0xEB,    0},    {0x0A8,0xEB,   14},    {0x0A7,0xEE,    0},
    {0x0A8,0xEE,   14},    {0x0B2,0x0E,    0},    {0x0B3,0x11,    1},    {0x0B4,0x11,    0},
    {0x0A7,0xEB,    0},    {0x0A8,0xEB,   14},    {0x042,0x0A,    0},    {0x048,0x0A,    0},
    {0x049,0x0A,    0},    {0x04A,0x0C,    0},    {0x050,0x0C,    0},    {0x051,0x1A,    0},
    {0x0A7,0xE8,    0},    {0x052,0x13,    0},    {0x0A8,0xE8,   14},    {0x0A7,0xE5,    0},
    {0x0A8,0xE5,   14},    {0x0A7,0xE2,    0},    {0x0A8,0xE2,   14},    {0x0B0,0x05,    1},
    {0x0B1,0x05,    0},    {0x0A7,0xDF,    0},    {0x0A8,0xDF,   14},    {0x0B0,0x25,    0},
    {0x0B1,0x29,    0},    {0x042,0x09,    0},    {0x0B2,0x2E,    0},    {0x048,0x09,    0},
    {0x0B3,0x31,    0},    {0x049,0x09,    0},    {0x0B4,0x31,    0},    {0x051,0x1B,    0},
    {0x0A7,0xDC,    0},    {0x052,0x12,    0},    {0x0A8,0xDC,   14},    {0x0A7,0xDF,    0},
    {0x0A8,0xDF,   14},    {0x04A,0x0D,    0},    {0x050,0x0D,    0},    {0x0A7,0xE2,    0},
    {0x0A8,0xE2,   15},    {0x0B2,0x0E,    0},    {0x0B3,0x11,    0},    {0x0B4,0x11,    0},
    {0x0A7,0xE5,    0},    {0x0A8,0xE5,   14},    {0x042,0x0A,    0},    {0x048,0x0A,    0},
    {0x049,0x0A,    0},    {0x051,0x1C,    0},    {0x0A7,0xE8,    0},    {0x052,0x11,    0},
    {0x0A8,0xE8,   14},    {0x0A7,0xEB,    0},    {0x0A8,0xEB,   14},    {0x0A7,0xEE,    0},
    {0x0A8,0xEE,   15},    {0x0B0,0x05,    0},    {0x0B1,0x09,    0},    {0x0A7,0xEB,    0},
    {0x0A8,0xEB,   14},    {0x063,0xF7,    0},    {0x083,0x67,    0},    {0x023,0x23,    0},
    {0x080,0x02,    0},    {0x020,0x01,    0},    {0x0E0,0x02,    0},    {0x043,0x04,    0},
    {0x0B0,0x25,    0},    {0x024,0x05,    0},    {0x081,0x09,    0},    {0x021,0x04,    0},
    {0x0E1,0x00,    0},    {0x044,0x00,    0},    {0x041,0x00,    0},    {0x0C1,0x0F,    0},
    {0x0A1,0x6D,    1},    {0x0B1,0x25,    0},    {0x042,0x0B,    0},    {0x048,0x0B,    0},
    {0x049,0x0B,    0},    {0x04A,0x0E,    0},    {0x050,0x0E,    0},    {0x051,0x1D,    0},
    {0x0A7,0xE8,    0},    {0x052,0x10,    0},    {0x0A8,0xE8,   13},    {0x0A1,0x59,    0},
    {0x0A7,0xE5,    0},    {0x0A8,0xE5,   14},    {0x0A1,0x45,    1},    {0x0A7,0xE2,    0},
    {0x0A8,0xE2,   14},    {0x0A1,0x31,    0},    {0x0A7,0xDF,    0},    {0x0A8,0xDF,   14},
    {0x0A1,0x1D,    0},    {0x042,0x0C,    0},    {0x048,0x0C,    0},    {0x049,0x0C,    0},
    {0x051,0x1E,    0},    {0x0A7,0xDC,    0},    {0x052,0x0F,    0},    {0x0A8,0xDC,   14},
    {0x0A1,0x09,    0},    {0x0A7,0xDF,    0},    {0x0A8,0xDF,   15},    {0x0A1,0xF5,    0},
    {0x0B1,0x24,    0},    {0x04A,0x0F,    0},    {0x050,0x0F,    0},    {0x0A7,0xE2,    0},
    {0x0A8,0xE2,   14},    {0x0B0,0x05,    0},    {0x0A1,0xE1,    0},    {0x0B1,0x04,    0},
    {0x0A7,0xE5,    0},    {0x0A8,0xE5,   14},    {0x063,0xFF,    0},    {0x083,0x0A,    0},
    {0x023,0x0A,    0},    {0x080,0x00,    0},    {0x020,0x0F,    0},    {0x0E0,0x00,    0},
    {0x043,0x00,    0},    {0x0B0,0x25,    0},    {0x024,0x03,    0},    {0x081,0x04,    0},
    {0x021,0x00,    0},    {0x0E1,0x03,    0},    {0x044,0x02,    1},    {0x041,0x06,    0},
    {0x0C1,0x02,    0},    {0x0A1,0xB0,    0},    {0x0B1,0x25,    0},    {0x042,0x09,    0},
    {0x0B2,0x2E,    0},    {0x048,0x09,    0},    {0x0B3,0x31,    0},    {0x049,0x09,    0},
    {0x0B4,0x31,    0},    {0x051,0x1F,    0},    {0x0A7,0xE8,    0},    {0x052,0x0E,    0},
    {0x0A8,0xE8,   13},    {0x0A7,0xEB,    0},    {0x0A8,0xEB,   15},    {0x0A7,0xEE,    0},
    {0x0A8,0xEE,   14},    {0x0B2,0x0E,    0},    {0x0B3,0x11,    0},    {0x0B4,0x11,    0},
    {0x0A7,0xEB,    0},    {0x0A8,0xEB,   14},    {0x042,0x0A,    0},    {0x048,0x0A,    0},
    {0x049,0x0A,    0},    {0x04A,0x10,    0},    {0x050,0x10,    0},    {0x051,0x20,    0},
    {0x0A7,0xE8,    0},    {0x052,0x0D,    1},    {0x0A8,0xE8,   13},    {0x0A7,0xE5,    1},
    {0x0A8,0xE5,   14},    {0x0A7,0xE2,    0},    {0x0A8,0xE2,   14},    {0x0B0,0x05,    0},
    {0x0B1,0x05,    0},    {0x0B7,0x0D,    0},    {0x0B8,0x0D,   14},    {0x0B0,0x25,    0},
    {0x0B1,0x29,    0},    {0x042,0x09,    0},    {0x0B2,0x2E,    0},    {0x048,0x09,    0},
    {0x0B3,0x31,    1},    {0x049,0x09,    0},    {0x0B4,0x31,    0},    {0x051,0x0C,    0},
    {0x0A7,0xB0,    0},    {0x0B7,0x2D,    0},    {0x052,0x12,    0},    {0x0A8,0xB0,    0},
    {0x0B8,0x2D,   28},    {0x04A,0x11,    0},    {0x050,0x11,   14},    {0x0B2,0x0E,    0},
    {0x0B3,0x11,    0},    {0x0B4,0x11,   14},    {0x042,0x0A,    0},    {0x048,0x0A,    0},
    {0x049,0x0A,    0},    {0x051,0x10,    0},    {0x052,0x14,   43},    {0x0B0,0x05,    0},
    {0x0B1,0x09,   14},    {0x0B0,0x25,    0},    {0x0B1,0x25,    0},    {0x042,0x0B,    0},
    {0x048,0x0B,    1},    {0x049,0x0B,    0},    {0x04A,0x12,    0},    {0x050,0x12,    0},
    {0x051,0x13,    0},    {0x052,0x16,   42},    {0x0B0,0x05,   14},    {0x083,0xFF,    0},
    {0x023,0x20,    0},    {0x080,0xFF,    0},    {0x020,0x20,    1},    {0x043,0x3F,    0},
    {0x040,0x3F,    0},    {0x0C0,0x00,    0},    {0x042,0x0C,    0},    {0x048,0x0C,    0},
    {0x049,0x0C,    0},    {0x051,0x18,    0},    {0x052,0x15,   28},    {0x04A,0x13,    0},
    {0x050,0x13,   14},    {0x0B1,0x05,   14},    {0x083,0x06,    0},    {0x023,0x04,    1},
    {0x060,0xCF,    0},    {0x080,0x09,    0},    {0x020,0x01,    0},    {0x043,0x00,    0},
    {0x040,0x00,    0},    {0x0C0,0x06,    0},    {0x0A0,0xC0,    0},    {0x0B0,0x21,    0},
    {0x0A1,0xE5,    0},    {0x0B1,0x25,    0},    {0x042,0x09,    0},    {0x0B2,0x2E,    0},
    {0x048,0x09,    0},    {0x0B3,0x31,    0},    {0x049,0x09,    0},    {0x0B4,0x31,    0},
    {0x051,0x19,    0},    {0x0A7,0xB3,    0},    {0x052,0x14,    0},    {0x0A8,0xB3,   14},
    {0x0A0,0xB6,    0},    {0x0A7,0xB6,    0},    {0x0A8,0xB6,   14},    {0x0A0,0xAC,    0},
    {0x0A7,0xB9,    0},    {0x0A8,0xB9,   14},    {0x0A0,0xA2,    0},    {0x0B2,0x0E,    0},
    {0x0B3,0x11,    0},    {0x0B4,0x11,    1},    {0x0A7,0xB6,    0},    {0x0A8,0xB6,   14},
    {0x0A0,0x98,    0},    {0x042,0x0A,    0},    {0x048,0x0A,    0},    {0x049,0x0A,    0},
    {0x04A,0x14,    0},    {0x050,0x14,    0},    {0x051,0x1A,    0},    {0x0A7,0xB3,    0},
    {0x052,0x13,    0},    {0x0A8,0xB3,   14},    {0x0A0,0x8E,    0},    {0x0A7,0xB0,    0},
    {0x0A8,0xB0,   14},    {0x0A0,0x84,    0},    {0x0A7,0xAD,    0},    {0x0A8,0xAD,   14},
    {0x0A0,0x7A,    0},    {0x0B0,0x01,    0},    {0x0B1,0x05,    1},    {0x0A7,0xAA,    0},
    {0x0A8,0xAA,   14},    {0x083,0x0A,    0},    {0x023,0x0A,    0},    {0x060,0xFF,    0},
    {0x080,0x00,    0},    {0x020,0x0F,    0},    {0x0C0,0x0E,    0},    {0x0A0,0x57,    0},
    {0x0B0,0x25,    0},    {0x0B1,0x25,    0},    {0x042,0x09,    0},    {0x0B2,0x2E,    0},
    {0x048,0x09,    0},    {0x0B3,0x31,    0},    {0x049,0x09,    0},    {0x0B4,0x31,    0},
    {0x051,0x1B,    0},    {0x0A7,0xA7,    0},    {0x052,0x12,    0},    {0x0A8,0xA7,   14},
    {0x0A7,0xAA,    0},    {0x0A8,0xAA,   14},    {0x04A,0x15,    0},    {0x050,0x15,    0},
    {0x0A7,0xAD,    0},    {0x0A8,0xAD,   14},    {0x0B2,0x0E,    0},    {0x0B3,0x11,    1},
    {0x0B4,0x11,    0},    {0x0A7,0xB0,    0},    {0x0A8,0xB0,   14},    {0x042,0x0A,    0},
    {0x048,0x0A,    0},    {0x049,0x0A,    0},    {0x051,0x1C,    0},    {0x0A7,0xB3,    0},
    {0x052,0x11,    0},    {0x0A8,0xB3,   14},    {0x0A7,0xB6,    0},    {0x0A8,0xB6,   14},
    {0x0A7,0xB9,    0},    {0x0A8,0xB9,   14},    {0x0B0,0x05,    1},    {0x0B1,0x05,    0},
    {0x0A7,0xB6,    0},    {0x0A8,0xB6,   14},    {0x0B0,0x25,    0},    {0x0B1,0x25,    0},
    {0x042,0x09,    0},    {0x0B2,0x2E,    0},    {0x048,0x09,    0},    {0x0B3,0x31,    0},
    {0x049,0x09,    0},    {0x0B4,0x31,    0},    {0x04A,0x16,    0},    {0x050,0x16,    0},
    {0x051,0x1D,    0},    {0x0A7,0xB3,    0},    {0x052,0x10,    0},    {0x0A8,0xB3,   14},
    {0x0A7,0xB0,    0},    {0x0A8,0xB0,   14},    {0x0A7,0xAD,    0},    {0x0A8,0xAD,   15},
    {0x0B2,0x0E,    0},    {0x0B3,0x11,    0},    {0x0B4,0x11,    0},    {0x0A7,0xAA,    0},
    {0x0A8,0xAA,   14},    {0x042,0x0A,    0},    {0x048,0x0A,    0},    {0x049,0x0A,    0},
    {0x051,0x1E,    0},    {0x0A7,0xA7,    0},    {0x052,0x0F,    0},    {0x0A8,0xA7,   14},
    {0x0A7,0xAA,    0},    {0x0A8,0xAA,   14},    {0x04A,0x17,    0},    {0x050,0x17,    1},
    {0x0A7,0xAD,    0},    {0x0A8,0xAD,   14},    {0x0B0,0x05,    0},    {0x0B1,0x05,    0},
    {0x0A7,0xB0,    0},    {0x0A8,0xB0,   14},    {0x0B0,0x25,    0},    {0x0B1,0x29,    0},
    {0x042,0x0B,    0},    {0x048,0x0B,    0},    {0x049,0x0B,    0},    {0x051,0x1F,    0},
    {0x0A7,0xB3,    0},    {0x052,0x0E,    0},    {0x0A8,0xB3,   14},    {0x0A7,0xB6,    0},
    {0x0A8,0xB6,   15},    {0x0A7,0xB9,    0},    {0x0A8,0xB9,   14},    {0x0A7,0xB6,    0},
    {0x0A8,0xB6,   14},    {0x042,0x0C,    0},    {0x048,0x0C,    0},    {0x049,0x0C,    0},
    {0x04A,0x18,    0},    {0x050,0x18,    0},    {0x051,0x20,    0},    {0x0A7,0xB3,    0},
    {0x052,0x0D,    0},    {0x0A8,0xB3,   14},    {0x0A7,0xB0,    0},    {0x0A8,0xB0,   15},
    {0x0A7,0xAD,    0},    {0x0A8,0xAD,   14},    {0x0B0,0x05,    0},    {0x0B1,0x09,    0},
    {0x0B7,0x0D,    0},    {0x0B8,0x0D,   14},    {0x063,0xF7,    0},    {0x083,0x67,    0},
    {0x023,0x23,    0},    {0x080,0x02,    0},    {0x020,0x01,    0},    {0x0E0,0x02,    0},
    {0x043,0x04,    0},    {0x0B0,0x25,    0},    {0x024,0x05,    0},    {0x081,0x09,    0},
    {0x021,0x04,    0},    {0x0E1,0x00,    1},    {0x044,0x00,    0},    {0x041,0x00,    0},
    {0x0C1,0x0F,    0},    {0x0A1,0x6D,    0},    {0x0B1,0x25,    0},    {0x042,0x09,    0},
    {0x0B2,0x2E,    0},    {0x048,0x09,    0},    {0x0B3,0x31,    0},    {0x049,0x09,    0},
    {0x0B4,0x31,    0},    {0x051,0x0C,    0},    {0x0A7,0x81,    0},    {0x0B7,0x2D,    0},
    {0x052,0x12,    0},    {0x0A8,0x81,    0},    {0x0B8,0x2D,   13},    {0x0A1,0x59,   15},
    {0x0A1,0x45,    0},    {0x04A,0x19,    0},    {0x050,0x19,   14},    {0x0A1,0x31,    0},
    {0x0B2,0x0E,    0},    {0x0B3,0x11,    0},    {0x0B4,0x11,   14},    {0x0A1,0x1D,    0},
    {0x042,0x0A,    0},    {0x048,0x0A,    0},    {0x049,0x0A,    0},    {0x051,0x10,    0},
    {0x052,0x14,   14},    {0x0A1,0x09,   15},    {0x0A1,0xF5,    0},    {0x0B1,0x24,   14},
    {0x0B0,0x05,    0},    {0x0A1,0xE1,    0},    {0x0B1,0x04,   14},    {0x063,0xFF,    0},
    {0x083,0x0A,    0},    {0x023,0x0A,    0},    {0x080,0x00,    0},    {0x020,0x0F,    0},
    {0x0E0,0x00,    0},    {0x043,0x00,    0},    {0x0B0,0x25,    0},    {0x024,0x03,    1},
    {0x081,0x04,    0},    {0x021,0x00,    0},    {0x0E1,0x03,    0},    {0x044,0x02,    0},
    {0x041,0x06,    0},    {0x0C1,0x02,    0},    {0x0A1,0x6B,    0},    {0x0B1,0x25,    0},
    {0x042,0x09,    0},    {0x0B2,0x2E,    0},    {0x048,0x09,    0},    {0x0B3,0x31,    0},
    {0x049,0x09,    0},    {0x0B4,0x31,    0},    {0x04A,0x1A,    0},    {0x050,0x1A,    0},
    {0x051,0x13,    0},    {0x052,0x16,   42},    {0x0B2,0x0E,    0},    {0x0B3,0x11,    0},
    {0x0B4,0x11,   14},    {0x042,0x0A,    0},    {0x048,0x0A,    0},    {0x049,0x0A,    0},
    {0x051,0x18,    1},    {0x052,0x15,   28},    {0x04A,0x1B,    0},    {0x050,0x1B,   14},
    {0x0B0,0x05,    0},    {0x0B1,0x05,    0},    {0x0B7,0x0D,    0},    {0x0B8,0x0D,   14},
    {0x0B0,0x25,    0},    {0x0A1,0xB0,    0},    {0x0B1,0x25,    0},    {0x042,0x0B,    1},
    {0x048,0x0B,    0},    {0x049,0x0B,    0},    {0x051,0x0C,    0},    {0x0A7,0xE5,    0},
    {0x0B7,0x2D,    0},    {0x052,0x12,    0},    {0x0A8,0xE5,    0},    {0x0B8,0x2D,   56},
    {0x042,0x0C,    0},    {0x048,0x0C,    1},    {0x049,0x0C,    0},    {0x04A,0x1C,    0},
    {0x050,0x1C,    0},    {0x051,0x10,    0},    {0x052,0x14,   42},    {0x0B0,0x05,    0},
    {0x0B1,0x05,   14},    {0x0B0,0x25,    1},    {0x0A1,0xE5,    0},    {0x0B1,0x25,    0},
    {0x042,0x09,    0},    {0x0B2,0x2E,    0},    {0x048,0x09,    0},    {0x0B3,0x31,    0},
    {0x049,0x09,    0},    {0x0B4,0x31,    0},    {0x051,0x13,    0},    {0x052,0x16,   28},
    {0x04A,0x1D,    0},    {0x050,0x1D,   14},    {0x0B0,0x05,    0},    {0x0B2,0x0E,    0},
    {0x0B3,0x11,    0},    {0x0B4,0x11,   15},    {0x083,0xFF,    0},    {0x023,0x20,    0},
    {0x080,0xFF,    0},    {0x020,0x20,    0},    {0x043,0x3F,    0},    {0x040,0x3F,    0},
    {0x0C0,0x00,    0},    {0x042,0x0A,    0},    {0x048,0x0A,    0},    {0x049,0x0A,    0},
    {0x051,0x18,    0},    {0x052,0x15,   42},    {0x0B1,0x05,   15},    {0x083,0x06,    0},
    {0x023,0x04,    0},    {0x060,0xCF,    0},    {0x080,0x09,    0},    {0x020,0x01,    0},
    {0x043,0x00,    0},    {0x040,0x00,    0},    {0x0C0,0x06,    0},    {0x0A0,0xC0,    0},
    {0x0B0,0x21,    0},    {0x0B1,0x25,    0},    {0x042,0x09,    0},    {0x0B2,0x2E,    0},
    {0x048,0x09,    0},    {0x0B3,0x31,    0},    {0x049,0x09,    0},    {0x0B4,0x31,    0},
    {0x04A,0x1E,    0},    {0x050,0x1E,    0},    {0x051,0x19,    1},    {0x0A7,0xE8,    0},
    {0x052,0x14,    0},    {0x0A8,0xE8,   13},    {0x0A0,0xB6,    0},    {0x0A7,0xEB,    0},
    {0x0A8,0xEB,   14},    {0x0A0,0xAC,    0},    {0x0A7,0xEE,    0},    {0x0A8,0xEE,   14},
    {0x0A0,0xA2,    0},    {0x0B2,0x0E,    1},    {0x0B3,0x11,    0},    {0x0B4,0x11,    0},
    {0x0A7,0xEB,    0},    {0x0A8,0xEB,   14},    {0x0A0,0x98,    0},    {0x042,0x0A,    0},
    {0x048,0x0A,    0},    {0x049,0x0A,    0},    {0x051,0x1A,    0},    {0x0A7,0xE8,    0},
    {0x052,0x13,    0},    {0x0A8,0xE8,   14},    {0x0A0,0x8E,    0},    {0x0A7,0xE5,    0},
    {0x0A8,0xE5,   14},    {0x0A0,0x84,    0},    {0x04A,0x1F,    0},    {0x050,0x1F,    0},
    {0x0A7,0xE2,    0},    {0x0A8,0xE2,   15},    {0x0A0,0x7A,    0},    {0x0B0,0x01,    0},
    {0x0B1,0x05,    0},    {0x0A7,0xDF,    0},    {0x0A8,0xDF,   14},    {0x083,0x0A,    0},
    {0x023,0x0A,    0},    {0x060,0xFF,    0},    {0x080,0x00,    0},    {0x020,0x0F,    0},
    {0x0C0,0x0E,    0},    {0x0A0,0x57,    0},    {0x0B0,0x25,    0},    {0x0B1,0x25,    0},
    {0x042,0x0B,    0},    {0x048,0x0B,    0},    {0x049,0x0B,    0},    {0x051,0x1B,    0},
    {0x0A7,0xDC,    0},    {0x052,0x12,    0},    {0x0A8,0xDC,   14},    {0x0A7,0xDF,    0},
    {0x0A8,0xDF,   14},    {0x0A7,0xE2,    0},    {0x0A8,0xE2,   15},    {0x0A7,0xE5,    0},
    {0x0A8,0xE5,   14},    {0x042,0x0C,    0},    {0x048,0x0C,    0},    {0x049,0x0C,    0},
    {0x04A,0x20,    0},    {0x050,0x20,    0},    {0x051,0x1C,    0},    {0x0A7,0xE8,    0},
    {0x052,0x11,    0},    {0x0A8,0xE8,   14},    {0x0A7,0xEB,    0},    {0x0A8,0xEB,   14},
    {0x0A7,0xEE,    1},    {0x0A8,0xEE,   14},    {0x0B0,0x05,    0},    {0x0B1,0x05,    0},
    {0x0A7,0xEB,    0},    {0x0A8,0xEB,   14},    {0x0B0,0x25,    0},    {0x0B1,0x25,    0},
    {0x042,0x09,    0},    {0x0B2,0x2E,    0},    {0x048,0x09,    0},    {0x0B3,0x31,    0},
    {0x049,0x09,    0},    {0x0B4,0x31,    0},    {0x051,0x1D,    0},    {0x0A7,0xE8,    0},
    {0x052,0x10,    0},    {0x0A8,0xE8,   14},    {0x0A7,0xE5,    0},    {0x0A8,0xE5,   15},
    {0x04A,0x21,    0},    {0x050,0x21,    0},    {0x0A7,0xE2,    0},    {0x0A8,0xE2,   14},
    {0x0B2,0x0E,    0},    {0x0B3,0x11,    0},    {0x0B4,0x11,    0},    {0x0A7,0xDF,    0},
    {0x0A8,0xDF,   14},    {0x042,0x0A,    0},    {0x048,0x0A,    0},    {0x049,0x0A,    0},
    {0x051,0x1E,    0},    {0x0A7,0xDC,    0},    {0x052,0x0F,    0},    {0x0A8,0xDC,   14},
    {0x0A7,0xDF,    0},    {0x0A8,0xDF,   15},    {0x0A7,0xE2,    0},    {0x0A8,0xE2,   14},
    {0x0B0,0x05,    0},    {0x0B1,0x05,    0},    {0x0A7,0xE5,    0},    {0x0A8,0xE5,   14},
    {0x0B0,0x25,    0},    {0x0B1,0x29,    0},    {0x042,0x09,    0},    {0x0B2,0x2E,    0},
    {0x048,0x09,    0},    {0x0B3,0x31,    0},    {0x049,0x09,    0},    {0x0B4,0x31,    0},
    {0x04A,0x22,    1},    {0x050,0x22,    0},    {0x051,0x1F,    0},    {0x0A7,0xE8,    0},
    {0x052,0x0E,    0},    {0x0A8,0xE8,   13},    {0x0A7,0xEB,    0},    {0x0A8,0xEB,   15},
    {0x0A7,0xEE,    0},    {0x0A8,0xEE,   14},    {0x0B2,0x0E,    0},    {0x0B3,0x11,    0},
    {0x0B4,0x11,    0},    {0x0A7,0xEB,    0},    {0x0A8,0xEB,   14},    {0x042,0x0A,    0},
    {0x048,0x0A,    0},    {0x049,0x0A,    0},    {0x051,0x20,    0},    {0x0A7,0xE8,    0},
    {0x052,0x0D,    0},    {0x0A8,0xE8,   14},    {0x0A7,0xE5,    1},    {0x0A8,0xE5,   14},
    {0x04A,0x23,    0},    {0x050,0x23,    0},    {0x0A7,0xE2,    0},    {0x0A8,0xE2,   14},
    {0x0B0,0x05,    0},    {0x0B1,0x09,    0},    {0x0A7,0xDF,    0},    {0x0A8,0xDF,   14},
    {0x063,0xF7,    0},    {0x083,0x67,    0},    {0x023,0x23,    0},    {0x080,0x02,    0},
    {0x020,0x01,    0},    {0x0E0,0x02,    0},    {0x043,0x04,    0},    {0x0B0,0x25,    1},
    {0x024,0x05,    0},    {0x081,0x09,    0},    {0x021,0x04,    0},    {0x0E1,0x00,    0},
    {0x044,0x00,    0},    {0x041,0x00,    0},    {0x0C1,0x0F,    0},    {0x0A1,0x6D,    0},
    {0x0B1,0x25,    0},    {0x042,0x0B,    0},    {0x048,0x0B,    0},    {0x049,0x0B,    0},
    {0x051,0x21,    0},    {0x0A7,0xDC,    0},    {0x052,0x0C,    0},    {0x0A8,0xDC,   13},
    {0x0A1,0x59,    1},    {0x0A7,0xDF,    0},    {0x0A8,0xDF,   14},    {0x0A1,0x45,    0},
    {0x0A7,0xE2,    0},    {0x0A8,0xE2,   14},    {0x0A1,0x31,    0},    {0x0A7,0xE5,    0},
    {0x0A8,0xE5,   14},    {0x0A1,0x1D,    0},    {0x042,0x0C,    0},    {0x048,0x0C,    0},
    {0x049,0x0C,    0},    {0x04A,0x24,    1},    {0x050,0x24,    0},    {0x051,0x22,    0},
    {0x0A7,0xE8,    0},    {0x052,0x0D,    0},    {0x0A8,0xE8,   14},    {0x0A1,0x09,    0},
    {0x0A7,0xEB,    0},    {0x0A8,0xEB,   14},    {0x0A1,0xF5,    0},    {0x0B1,0x24,    0},
    {0x0A7,0xEE,    0},    {0x0A8,0xEE,   14},    {0x0B0,0x05,    0},    {0x0A1,0xE1,    0},
    {0x0B1,0x04,    0},    {0x0A7,0xEB,    0},    {0x0A8,0xEB,   14},    {0x063,0xFF,    0},
    {0x083,0x0A,    0},    {0x023,0x0A,    0},    {0x080,0x00,    0},    {0x020,0x0F,    1},
    {0x0E0,0x00,    0},    {0x043,0x00,    0},    {0x0B0,0x25,    0},    {0x024,0x03,    0},
    {0x081,0x04,    0},    {0x021,0x00,    0},    {0x0E1,0x03,    0},    {0x044,0x02,    0},
    {0x041,0x06,    0},    {0x0C1,0x02,    0},    {0x0A1,0xB0,    0},    {0x0B1,0x25,    0},
    {0x042,0x09,    0},    {0x0B2,0x2E,    0},    {0x048,0x09,    0},    {0x0B3,0x31,    0},
    {0x049,0x09,    0},    {0x0B4,0x31,    0},    {0x051,0x23,    0},    {0x0A7,0xE8,    0},
    {0x052,0x0E,    0},    {0x0A8,0xE8,   14},    {0x0A7,0xE5,    0},    {0x0A8,0xE5,   14},
    {0x04A,0x25,    0},    {0x050,0x25,    0},    {0x0A7,0xE2,    0},    {0x0A8,0xE2,   14},
    {0x0B2,0x0E,    0},    {0x0B3,0x11,    0},    {0x0B4,0x11,    0},    {0x0A7,0xDF,    0},
    {0x0A8,0xDF,   14},    {0x042,0x0A,    0},    {0x048,0x0A,    1},    {0x049,0x0A,    0},
    {0x051,0x24,    0},    {0x0A7,0xDC,    0},    {0x052,0x0F,    0},    {0x0A8,0xDC,   14},
    {0x0A7,0xDF,    0},    {0x0A8,0xDF,   14},    {0x0A7,0xE2,    0},    {0x0A8,0xE2,   14},
    {0x0B0,0x05,    0},    {0x0B1,0x05,    0},    {0x0A7,0xE5,    0},    {0x0A8,0xE5,   14},
    {0x0B0,0x25,    1},    {0x0B1,0x29,    0},    {0x042,0x09,    0},    {0x0B2,0x2E,    0},
    {0x048,0x09,    0},    {0x0B3,0x31,    0},    {0x049,0x09,    0},    {0x0B4,0x31,    0},
    {0x04A,0x26,    0},    {0x050,0x26,    0},    {0x051,0x25,    0},    {0x0A7,0xE8,    0},
    {0x052,0x10,    0},    {0x0A8,0xE8,   14},    {0x0A7,0xEB,    0},    {0x0A8,0xEB,   14},
    {0x0A7,0xEE,    0},    {0x0A8,0xEE,   14},    {0x0B2,0x0E,    0},    {0x0B3,0x11,    0},
    {0x0B4,0x11,    1},    {0x0A7,0xEB,    0},    {0x0A8,0xEB,   14},    {0x042,0x0A,    0},
    {0x048,0x0A,    0},    {0x049,0x0A,    0},    {0x051,0x26,    0},    {0x0A7,0xE8,    0},
    {0x052,0x11,    0},    {0x0A8,0xE8,   14},    {0x0A7,0xE5,    0},    {0x0A8,0xE5,   14},
    {0x04A,0x27,    0},    {0x050,0x27,    0},    {0x0A7,0xE2,    0},    {0x0A8,0xE2,   14},
    {0x0B0,0x05,    0},    {0x0B1,0x09,    1},    {0x0A7,0xDF,    0},    {0x0A8,0xDF,   14},
    {0x0B0,0x25,    0},    {0x0B1,0x25,    0},    {0x042,0x0B,    0},    {0x048,0x0B,    0},
    {0x049,0x0B,    0},    {0x051,0x27,    0},    {0x0A7,0xDC,    0},    {0x052,0x12,    0},
    {0x0A8,0xDC,   14},    {0x0A7,0xDF,    0},    {0x0A8,0xDF,   14},    {0x0A7,0xE2,    0},
    {0x0A8,0xE2,   14},    {0x0B0,0x05,    1},    {0x0A7,0xE5,    0},    {0x0A8,0xE5,   14},
    {0x083,0xFF,    0},    {0x023,0x20,    0},    {0x080,0xFF,    0},    {0x020,0x20,    0},
    {0x043,0x3F,    0},    {0x040,0x3F,    0},    {0x0C0,0x00,    0},    {0x042,0x0C,    0},
    {0x048,0x0C,    0},    {0x049,0x0C,    0},    {0x04A,0x28,    0},    {0x050,0x28,    0},
    {0x051,0x26,    0},    {0x0A7,0xE8,    0},    {0x052,0x13,    0},    {0x0A8,0xE8,   14},
    {0x0A7,0xEB,    0},    {0x0A8,0xEB,   14},    {0x0A7,0xEE,    0},    {0x0A8,0xEE,   15},
    {0x0B1,0x05,    0},    {0x0A7,0xEB,    0},    {0x0A8,0xEB,   14},    {0x083,0x06,    0},
    {0x023,0x04,    0},    {0x060,0xCF,    0},    {0x080,0x09,    0},    {0x020,0x01,    0},
    {0x043,0x00,    0},    {0x040,0x00,    0},    {0x0C0,0x06,    0},    {0x0A0,0xC0,    0},
    {0x0B0,0x21,    0},    {0x0A1,0xE5,    0},    {0x0B1,0x25,    0},    {0x042,0x09,    0},
    {0x0B2,0x2E,    0},    {0x048,0x09,    0},    {0x0B3,0x31,    0},    {0x049,0x09,    1},
    {0x0B4,0x31,    0},    {0x051,0x25,    0},    {0x0A7,0xE8,    0},    {0x052,0x14,    0},
    {0x0A8,0xE8,   13},    {0x0A0,0xB6,    0},    {0x0A7,0xE5,    0},    {0x0A8,0xE5,   14},
    {0x0A0,0xAC,    0},    {0x04A,0x29,    0},    {0x050,0x29,    1},    {0x0A7,0xE2,    0},
    {0x0A8,0xE2,   14},    {0x0A0,0xA2,    0},    {0x0B2,0x0E,    0},    {0x0B3,0x11,    0},
    {0x0B4,0x11,    0},    {0x0A7,0xDF,    0},    {0x0A8,0xDF,   14},    {0x0A0,0x98,    0},
    {0x042,0x0A,    0},    {0x048,0x0A,    0},    {0x049,0x0A,    0},    {0x051,0x24,    0},
    {0x0A7,0xDC,    0},    {0x052,0x15,    0},    {0x0A8,0xDC,   14},    {0x0A0,0x8E,    0},
    {0x0A7,0xDF,    0},    {0x0A8,0xDF,   14},    {0x0A0,0x84,    1},    {0x0A7,0xE2,    0},
    {0x0A8,0xE2,   14},    {0x0A0,0x7A,    0},    {0x0B0,0x01,    0},    {0x0B1,0x05,    0},
    {0x0A7,0xE5,    0},    {0x0A8,0xE5,   14},    {0x083,0x0A,    0},    {0x023,0x0A,    0},
    {0x060,0xFF,    0},    {0x080,0x00,    0},    {0x020,0x0F,    0},    {0x0C0,0x0E,    0},
    {0x0A0,0x57,    0},    {0x0B0,0x25,    0},    {0x0B1,0x25,    0},    {0x042,0x09,    0},
    {0x0B2,0x2E,    0},    {0x048,0x09,    0},    {0x0B3,0x31,    1},    {0x049,0x09,    0},
    {0x0B4,0x31,    0},    {0x04A,0x2A,    0},    {0x050,0x2A,    0},    {0x051,0x23,    0},
    {0x0A7,0xE8,    0},    {0x052,0x16,    0},    {0x0A8,0xE8,   13},    {0x0A7,0xEB,    0},
    {0x0A8,0xEB,   15},    {0x0A7,0xEE,    0},    {0x0A8,0xEE,   14},    {0x0B2,0x0E,    0},
    {0x0B3,0x11,    0},    {0x0B4,0x11,    0},    {0x0A7,0xEB,    0},    {0x0A8,0xEB,   14},
    {0x042,0x0A,    0},    {0x048,0x0A,    0},    {0x049,0x0A,    0},    {0x051,0x22,    0},
    {0x0A7,0xE8,    0},    {0x052,0x17,    0},    {0x0A8,0xE8,   14},    {0x0A7,0xE5,    0},
    {0x0A8,0xE5,   15},    {0x04A,0x2B,    0},    {0x050,0x2B,    0},    {0x0A7,0xE2,    0},
    {0x0A8,0xE2,   14},    {0x0B0,0x05,    0},    {0x0B1,0x05,    0},    {0x0B7,0x0D,    0},
    {0x0B8,0x0D,   14},    {0x0B0,0x25,    0},    {0x0B1,0x25,    0},    {0x042,0x09,    0},
    {0x0B2,0x2E,    0},    {0x048,0x09,    0},    {0x0B3,0x31,    0},    {0x049,0x09,    0},
    {0x0B4,0x31,    1},    {0x051,0x0C,    0},    {0x0A7,0x87,    0},    {0x0B7,0x2A,    0},
    {0x052,0x12,    0},    {0x0A8,0x87,    0},    {0x0B8,0x2A,   42},    {0x0B2,0x0E,    0},
    {0x0B3,0x11,    0},    {0x0B4,0x11,   14},    {0x042,0x0A,    0},    {0x048,0x0A,    0},
    {0x049,0x0A,    0},    {0x04A,0x2C,    0},    {0x050,0x2C,    0},    {0x051,0x10,    0},
    {0x052,0x14,   43},    {0x0B0,0x05,    0},    {0x0B1,0x05,   14},    {0x0B0,0x25,    0},
    {0x0B1,0x29,    0},    {0x042,0x0B,    0},    {0x048,0x0B,    0},    {0x049,0x0B,    1},
    {0x051,0x13,    0},    {0x052,0x16,   28},    {0x04A,0x2D,    0},    {0x050,0x2D,   28},
    {0x042,0x0C,    0},    {0x048,0x0C,    0},    {0x049,0x0C,    0},    {0x051,0x18,    1},
    {0x052,0x15,   42},    {0x0B0,0x05,    0},    {0x0B1,0x09,   14},    {0x063,0xF7,    0},
    {0x083,0x67,    0},    {0x023,0x23,    0},    {0x080,0x02,    0},    {0x020,0x01,    1},
    {0x0E0,0x02,    0},    {0x043,0x04,    0},    {0x0B0,0x25,    0},    {0x024,0x05,    0},
    {0x081,0x09,    0},    {0x021,0x04,    0},    {0x0E1,0x00,    0},    {0x044,0x00,    0},
    {0x041,0x00,    0},    {0x0C1,0x0F,    0},    {0x0A1,0x6D,    0},    {0x0B1,0x25,    0},
    {0x042,0x09,    0},    {0x0B2,0x2E,    0},    {0x048,0x09,    0},    {0x0B3,0x31,    0},
    {0x049,0x09,    0},    {0x0B4,0x31,    0},    {0x04A,0x2E,    0},    {0x050,0x2E,    0},
    {0x051,0x19,    0},    {0x052,0x14,   14},    {0x0A1,0x59,   14},    {0x0A1,0x45,   14},
    {0x0A1,0x31,    0},    {0x0B2,0x0E,    0},    {0x0B3,0x11,    0},    {0x0B4,0x11,   14},
    {0x0A1,0x1D,    0},    {0x042,0x0A,    1},    {0x048,0x0A,    0},    {0x049,0x0A,    0},
    {0x051,0x1A,    0},    {0x052,0x13,   14},    {0x0A1,0x09,   14},    {0x0A1,0xF5,    0},
    {0x0B1,0x24,    0},    {0x04A,0x2F,    0},    {0x050,0x2F,   14},    {0x0B0,0x05,    0},
    {0x0A1,0xE1,    0},    {0x0B1,0x04,   14},    {0x063,0xFF,    1},    {0x083,0x0A,    0},
    {0x023,0x0A,    0},    {0x080,0x00,    0},    {0x020,0x0F,    0},    {0x0E0,0x00,    0},
    {0x043,0x00,    0},    {0x0B0,0x25,    0},    {0x024,0x03,    0},    {0x081,0x04,    0},
    {0x021,0x00,    0},    {0x0E1,0x03,    0},    {0x044,0x02,    0},    {0x041,0x06,    0},
    {0x0C1,0x02,    0},    {0x0A1,0x6B,    0},    {0x0B1,0x25,    0},    {0x042,0x09,    0},
    {0x0B2,0x2E,    0},    {0x048,0x09,    0},    {0x0B3,0x31,    0},    {0x049,0x09,    0},
    {0x0B4,0x31,    0},    {0x051,0x1B,    1},    {0x052,0x12,   41},    {0x0B2,0x0E,    0},
    {0x0B3,0x11,    0},    {0x0B4,0x11,   15},    {0x042,0x0A,    0},    {0x048,0x0A,    0},
    {0x049,0x0A,    0},    {0x04A,0x30,    0},    {0x050,0x30,    0},    {0x051,0x1C,    0},
    {0x052,0x11,   42},    {0x0B0,0x05,    0},    {0x0B1,0x05,    1},    {0x0B7,0x0A,    0},
    {0x0B8,0x0A,   14},    {0x0B0,0x25,    0},    {0x0A1,0xB0,    0},    {0x0B1,0x25,    0},
    {0x042,0x0B,    0},    {0x048,0x0B,    0},    {0x049,0x0B,    0},    {0x051,0x0C,    0},
    {0x0A7,0x6B,    0},    {0x0B7,0x2D,    0},    {0x052,0x12,    0},    {0x0A8,0x6B,    0},
    {0x0B8,0x2D,   28},    {0x04A,0x2F,    0},    {0x050,0x2F,   29},    {0x042,0x0C,    0},
    {0x048,0x0C,    0},    {0x049,0x0C,    0},    {0x051,0x10,    0},    {0x052,0x14,   43},
    {0x0B0,0x05,    0},    {0x0B1,0x05,   14},    {0x0B0,0x25,    0},    {0x0A1,0xE5,    0},
    {0x0B1,0x25,    0},    {0x042,0x09,    0},    {0x0B2,0x2E,    0},    {0x048,0x09,    0},
    {0x0B3,0x31,    0},    {0x049,0x09,    0},    {0x0B4,0x31,    0},    {0x04A,0x2E,    0},
    {0x050,0x2E,    0},    {0x051,0x13,    0},    {0x052,0x16,   43},    {0x0B0,0x05,    0},
    {0x0B2,0x0E,    0},    {0x0B3,0x11,    0},    {0x0B4,0x11,   14},    {0x083,0xFF,    0},
    {0x023,0x20,    0},    {0x080,0xFF,    0},    {0x020,0x20,    0},    {0x043,0x3F,    0},
    {0x040,0x3F,    0},    {0x0C0,0x00,    0},    {0x042,0x0A,    0},    {0x048,0x0A,    0},
    {0x049,0x0A,    0},    {0x051,0x18,    0},    {0x052,0x15,   28},    {0x04A,0x2D,    1},
    {0x050,0x2D,   14},    {0x0B1,0x05,    0},    {0x0B7,0x0D,    0},    {0x0B8,0x0D,   14},
    {0x083,0x06,    0},    {0x023,0x04,    0},    {0x060,0xCF,    0},    {0x080,0x09,    0},
    {0x020,0x01,    0},    {0x043,0x00,    0},    {0x040,0x00,    0},    {0x0C0,0x06,    0},
    {0x0A0,0xC0,    0},    {0x0B0,0x21,    0},    {0x0A1,0x02,    0},    {0x0B1,0x26,    0},
    {0x042,0x09,    0},    {0x0B2,0x2E,    1},    {0x048,0x09,    0},    {0x0A3,0x81,    0},
    {0x0B3,0x31,    0},    {0x049,0x09,    0},    {0x0A4,0x02,    0},    {0x0B4,0x32,    0},
    {0x0A5,0x81,    0},    {0x0A6,0x02,    0},    {0x0B6,0x2A,    0},    {0x051,0x0C,    0},
    {0x0A7,0x81,    0},    {0x0B7,0x2D,    0},    {0x052,0x12,    0},    {0x0A8,0x81,    0},
    {0x0B8,0x2D,   13},    {0x0A0,0xB6,   14},    {0x0A0,0xAC,   15},    {0x0A0,0xA2,    0},
    {0x0B2,0x0E,    0},    {0x0B3,0x11,    0},    {0x0B4,0x12,   14},    {0x0A0,0x98,    0},
    {0x042,0x0A,    0},    {0x048,0x0A,    0},    {0x049,0x0A,    0},    {0x04A,0x2C,    0},
    {0x050,0x2C,    0},    {0x051,0x10,    0},    {0x052,0x14,   14},    {0x0A0,0x8E,   15},
    {0x0A0,0x84,   14},    {0x0A0,0x7A,    0},    {0x0B0,0x01,    0},    {0x0B1,0x06,   14},
    {0x083,0x0A,    0},    {0x023,0x0A,    0},    {0x060,0xFF,    0},    {0x080,0x00,    0},
    {0x020,0x0F,    0},    {0x0C0,0x0E,    0},    {0x0A0,0x57,    0},    {0x0B0,0x25,    0},
    {0x0B1,0x26,    0},    {0x042,0x0B,    0},    {0x048,0x0B,    1},    {0x049,0x0B,    0},
    {0x051,0x13,    0},    {0x052,0x16,   28},    {0x04A,0x2B,    0},    {0x050,0x2B,   28},
    {0x042,0x0C,    0},    {0x048,0x0C,    0},    {0x049,0x0C,    0},    {0x051,0x18,    0},
    {0x052,0x15,   43},    {0x0B0,0x05,    0},    {0x0B1,0x06,    0},    {0x0B7,0x0D,    0},
    {0x0B8,0x0D,   14},    {0x0B0,0x25,    0},    {0x0B1,0x26,    0},    {0x042,0x09,    0},
    {0x0B2,0x2E,    0},    {0x048,0x09,    1},    {0x0B3,0x31,    0},    {0x049,0x09,    0},
    {0x0B4,0x32,    0},    {0x04A,0x2A,    0},    {0x050,0x2A,    0},    {0x051,0x0C,    0},
    {0x0A7,0xB0,    0},    {0x0B7,0x2D,    0},    {0x052,0x12,    0},    {0x0A8,0xB0,    0},
    {0x0B8,0x2D,   42},    {0x0B2,0x0E,    0},    {0x0B3,0x11,    0},    {0x0B4,0x12,   14},
    {0x042,0x0A,    0},    {0x048,0x0A,    0},    {0x049,0x0A,    0},    {0x051,0x10,    1},
    {0x052,0x14,   28},    {0x04A,0x29,    0},    {0x050,0x29,   14},    {0x0B0,0x05,    0},
    {0x0B1,0x06,   14},    {0x0B0,0x25,    0},    {0x0B1,0x2A,    1},    {0x042,0x09,    0},
    {0x0B2,0x2E,    0},    {0x048,0x09,    0},    {0x0B3,0x31,    0},    {0x049,0x09,    0},
    {0x0B4,0x32,    0},    {0x051,0x13,    0},    {0x052,0x16,   42},    {0x0B2,0x0E,    0},
    {0x0B3,0x11,    0},    {0x0B4,0x12,   14},    {0x042,0x0A,    1},    {0x048,0x0A,    0},
    {0x049,0x0A,    0},    {0x04A,0x28,    0},    {0x050,0x28,    0},    {0x051,0x18,    0},
    {0x052,0x15,   42},    {0x0B0,0x05,    0},    {0x0B1,0x0A,    0},    {0x0B7,0x0D,    0},
    {0x0B8,0x0D,   15},    {0x063,0xF7,    0},    {0x083,0x67,    0},    {0x023,0x23,    0},
    {0x080,0x02,    0},    {0x020,0x01,    0},    {0x0E0,0x02,    0},    {0x043,0x04,    0},
    {0x0B0,0x25,    0},    {0x024,0x05,    0},    {0x081,0x09,    0},    {0x021,0x04,    0},
    {0x0E1,0x00,    0},    {0x044,0x00,    0},    {0x041,0x00,    0},    {0x0C1,0x0F,    0},
    {0x0A1,0x6D,    0},    {0x0B1,0x25,    0},    {0x042,0x0B,    0},    {0x048,0x0B,    0},
    {0x049,0x0B,    0},    {0x051,0x0C,    0},    {0x0A7,0x81,    0},    {0x0B7,0x2D,    0},
    {0x052,0x12,    1},    {0x0A8,0x81,    0},    {0x0B8,0x2D,   13},    {0x0A1,0x59,   14},
    {0x0A1,0x45,    0},    {0x04A,0x27,    0},    {0x050,0x27,   14},    {0x0A1,0x31,   15},
    {0x0A1,0x1D,    0},    {0x042,0x0C,    0},    {0x048,0x0C,    0},    {0x049,0x0C,    0},
    {0x051,0x10,    0},    {0x052,0x14,   14},    {0x0A1,0x09,   14},    {0x0A1,0xF5,    0},
    {0x0B1,0x24,   14},    {0x0B0,0x05,    0},    {0x0A1,0xE1,    0},    {0x0B1,0x04,   15},
    {0x063,0xFF,    0},    {0x083,0x0A,    0},    {0x023,0x0A,    0},    {0x080,0x00,    0},
    {0x020,0x0F,    0},    {0x0E0,0x00,    0},    {0x043,0x00,    0},    {0x0B0,0x25,    0},
    {0x024,0x03,    0},    {0x081,0x04,    0},    {0x021,0x00,    0},    {0x0E1,0x03,    0},
    {0x044,0x02,    0},    {0x041,0x06,    0},    {0x0C1,0x02,    0},    {0x0A1,0xCA,    0},
    {0x0B1,0x25,    0},    {0x042,0x09,    0},    {0x0B2,0x2E,    0},    {0x048,0x09,    0},
    {0x0B3,0x31,    1},    {0x049,0x09,    0},    {0x0B4,0x32,    0},    {0x04A,0x26,    0},
    {0x050,0x26,    0},    {0x051,0x13,    0},    {0x052,0x16,   41},    {0x0B2,0x0E,    1},
    {0x0B3,0x11,    0},    {0x0B4,0x12,   14},    {0x042,0x0A,    0},    {0x048,0x0A,    0},
    {0x049,0x0A,    0},    {0x051,0x18,    0},    {0x052,0x15,   28},    {0x04A,0x25,    0},
    {0x050,0x25,   15},    {0x0B0,0x05,    0},    {0x0B1,0x05,    0},    {0x0B7,0x0D,    0},
    {0x0B8,0x0D,   14},    {0x0B0,0x25,    0},    {0x0B1,0x29,    0},    {0x042,0x09,    0},
    {0x0B2,0x2E,    0},    {0x048,0x09,    0},    {0x0B3,0x31,    0},    {0x049,0x09,    0},
    {0x0B4,0x32,    0},    {0x051,0x0C,    0},    {0x0A7,0x87,    0},    {0x0B7,0x2A,    0},
    {0x052,0x12,    0},    {0x0A8,0x87,    0},    {0x0B8,0x2A,   43},    {0x0B2,0x0E,    0},
    {0x0B3,0x11,    0},    {0x0B4,0x12,   14},    {0x042,0x0A,    0},    {0x048,0x0A,    0},
    {0x049,0x0A,    0},    {0x04A,0x24,    0},    {0x050,0x24,    0},    {0x051,0x10,    0},
    {0x052,0x14,   43},    {0x0B0,0x05,    0},    {0x0B1,0x09,   14},    {0x0B0,0x25,    0},
    {0x0B1,0x25,    0},    {0x042,0x0B,    0},    {0x048,0x0B,    0},    {0x049,0x0B,    0},
    {0x051,0x13,    0},    {0x052,0x16,   29},    {0x04A,0x23,    0},    {0x050,0x23,   14},
    {0x0B0,0x05,   14},    {0x083,0xFF,    0},    {0x023,0x20,    0},    {0x080,0xFF,    0},
    {0x020,0x20,    0},    {0x043,0x3F,    0},    {0x040,0x3F,    0},    {0x0C0,0x00,    0},
    {0x042,0x0C,    0},    {0x048,0x0C,    0},    {0x049,0x0C,    0},    {0x051,0x18,    1},
    {0x052,0x15,   42},    {0x0B1,0x05,   14},    {0x083,0x06,    0},    {0x023,0x04,    0},
    {0x060,0xCF,    0},    {0x080,0x09,    0},    {0x020,0x01,    0},    {0x043,0x00,    0},
    {0x040,0x00,    0},    {0x0C0,0x06,    0},    {0x0A0,0xC0,    0},    {0x0B0,0x21,    0},
    {0x0A1,0x02,    1},    {0x0B1,0x26,    0},    {0x042,0x09,    0},    {0x0B2,0x2E,    0},
    {0x048,0x09,    0},    {0x0B3,0x31,    0},    {0x049,0x09,    0},    {0x0B4,0x32,    0},
    {0x04A,0x22,    0},    {0x050,0x22,    0},    {0x051,0x19,    0},    {0x0A7,0x8A,    0},
    {0x052,0x14,    0},    {0x0A8,0x8A,   13},    {0x0A0,0xB6,    0},    {0x0A7,0x8D,    1},
    {0x0A8,0x8D,   14},    {0x0A0,0xAC,    0},    {0x0A7,0x90,    0},    {0x0A8,0x90,   14},
    {0x0A0,0xA2,    0},    {0x0B2,0x0E,    0},    {0x0B3,0x11,    0},    {0x0B4,0x12,    0},
    {0x0A7,0x8D,    0},    {0x0A8,0x8D,   14},    {0x0A0,0x98,    0},    {0x042,0x0A,    0},
    {0x048,0x0A,    0},    {0x049,0x0A,    0},    {0x051,0x1A,    0},    {0x0A7,0x8A,    0},
    {0x052,0x13,    1},    {0x0A8,0x8A,   13},    {0x0A0,0x8E,    1},    {0x0A7,0x87,    0},
    {0x0A8,0x87,   14},    {0x0A0,0x84,    0},    {0x04A,0x21,    0},    {0x050,0x21,    0},
    {0x0A7,0x84,    0},    {0x0A8,0x84,   14},    {0x0A0,0x7A,    0},    {0x0B0,0x01,    0},
    {0x0B1,0x06,    0},    {0x0A7,0x81,    0},    {0x0A8,0x81,   14},    {0x083,0x0A,    0},
    {0x023,0x0A,    0},    {0x060,0xFF,    0},    {0x080,0x00,    0},    {0x020,0x0F,    0},
    {0x0C0,0x0E,    0},    {0x0A0,0x57,    0},    {0x0B0,0x25,    1},    {0x0B1,0x26,    0},
    {0x042,0x09,    0},    {0x0B2,0x2E,    0},    {0x048,0x09,    0},    {0x0B3,0x31,    0},
    {0x049,0x09,    0},    {0x0B4,0x32,    0},    {0x051,0x1B,    0},    {0x0A7,0x7E,    0},
    {0x052,0x12,    0},    {0x0A8,0x7E,   14},    {0x0A7,0x81,    0},    {0x0A8,0x81,   14},
    {0x0A7,0x84,    0},    {0x0A8,0x84,   14},    {0x0B2,0x0E,    0},    {0x0B3,0x11,    0},
    {0x0B4,0x12,    0},    {0x0A7,0x87,    0},    {0x0A8,0x87,   14},    {0x042,0x0A,    0},
    {0x048,0x0A,    0},    {0x049,0x0A,    0},    {0x04A,0x20,    1},    {0x050,0x20,    0},
    {0x051,0x1C,    0},    {0x0A7,0x8A,    0},    {0x052,0x11,    0},    {0x0A8,0x8A,   14},
    {0x0A7,0x8D,    0},    {0x0A8,0x8D,   14},    {0x0A7,0x90,    0},    {0x0A8,0x90,   14},
    {0x0B0,0x05,    0},    {0x0B1,0x06,    0},    {0x0A7,0x8D,    0},    {0x0A8,0x8D,   14},
    {0x0B0,0x25,    0},    {0x0B1,0x26,    1},    {0x042,0x09,    0},    {0x0B2,0x2E,    0},
    {0x048,0x09,    0},    {0x0B3,0x31,    0},    {0x049,0x09,    0},    {0x0B4,0x32,    0},
    {0x051,0x1D,    0},    {0x0A7,0x8A,    0},    {0x052,0x10,    0},    {0x0A8,0x8A,   14},
    {0x0A7,0x87,    0},    {0x0A8,0x87,   14},    {0x04A,0x1F,    0},    {0x050,0x1F,    0},
    {0x0A7,0x84,    0},    {0x0A8,0x84,   14},    {0x0B2,0x0E,    0},    {0x0B3,0x11,    0},
    {0x0B4,0x12,    0},    {0x0A7,0x81,    0},    {0x0A8,0x81,   14},    {0x042,0x0A,    1},
    {0x048,0x0A,    0},    {0x049,0x0A,    0},    {0x051,0x1E,    0},    {0x0A7,0x7E,    0},
    {0x052,0x0F,    0},    {0x0A8,0x7E,   14},    {0x0A7,0x81,    0},    {0x0A8,0x81,   14},
    {0x0A7,0x84,    0},    {0x0A8,0x84,   14},    {0x0B0,0x05,    0},    {0x0B1,0x06,    0},
    {0x0A7,0x87,    0},    {0x0A8,0x87,   15},    {0x0B0,0x25,    0},    {0x0B1,0x2A,    0},
    {0x042,0x0B,    0},    {0x048,0x0B,    0},    {0x049,0x0B,    0},    {0x04A,0x1E,    0},
    {0x050,0x1E,    0},    {0x051,0x1F,    0},    {0x0A7,0x8A,    0},    {0x052,0x0E,    0},
    {0x0A8,0x8A,   14},    {0x0A7,0x8D,    0},    {0x0A8,0x8D,   14},    {0x0A7,0x90,    0},
    {0x0A8,0x90,   14},    {0x0A7,0x8D,    0},    {0x0A8,0x8D,   15},    {0x042,0x0C,    0},
    {0x048,0x0C,    0},    {0x049,0x0C,    0},    {0x051,0x20,    0},    {0x0A7,0x8A,    0},
    {0x052,0x0D,    0},    {0x0A8,0x8A,   14},    {0x0A7,0x87,    0},    {0x0A8,0x87,   14},
    {0x04A,0x1D,    0},    {0x050,0x1D,    0},    {0x0A7,0x84,    0},    {0x0A8,0x84,   14},
    {0x0B0,0x05,    0},    {0x0B1,0x0A,    1},    {0x0A7,0x81,    0},    {0x0A8,0x81,   14},
    {0x063,0xF7,    0},    {0x083,0x67,    0},    {0x023,0x23,    0},    {0x080,0x02,    0},
    {0x020,0x01,    0},    {0x0E0,0x02,    0},    {0x043,0x04,    0},    {0x0B0,0x25,    0},
    {0x024,0x05,    0},    {0x081,0x09,    0},    {0x021,0x04,    0},    {0x0E1,0x00,    0},
    {0x044,0x00,    0},    {0x041,0x00,    0},    {0x0C1,0x0F,    0},    {0x0A1,0x6D,    0},
    {0x0B1,0x25,    0},    {0x042,0x09,    0},    {0x0B2,0x2E,    0},    {0x048,0x09,    0},
    {0x0B3,0x31,    1},    {0x049,0x09,    0},    {0x0B4,0x32,    0},    {0x051,0x21,    0},
    {0x0A7,0x7E,    0},    {0x052,0x0C,    0},    {0x0A8,0x7E,   13},    {0x0A1,0x59,    0},
    {0x0A7,0x81,    0},    {0x0A8,0x81,   14},    {0x0A1,0x45,    0},    {0x0A7,0x84,    0},
    {0x0A8,0x84,   14},    {0x0A1,0x31,    1},    {0x0B2,0x0E,    0},    {0x0B3,0x11,    0},
    {0x0B4,0x12,    0},    {0x0A7,0x87,    0},    {0x0A8,0x87,   14},    {0x0A1,0x1D,    0},
    {0x042,0x0A,    0},    {0x048,0x0A,    0},    {0x049,0x0A,    0},    {0x04A,0x1C,    0},
    {0x050,0x1C,    0},    {0x051,0x22,    0},    {0x0A7,0x8A,    0},    {0x052,0x0D,    0},
    {0x0A8,0x8A,   14},    {0x0A1,0x09,    0},    {0x0A7,0x8D,    0},    {0x0A8,0x8D,   14},
    {0x0A1,0xF5,    0},    {0x0B1,0x24,    0},    {0x0A7,0x90,    0},    {0x0A8,0x90,   15},
    {0x0B0,0x05,    0},    {0x0A1,0xE1,    0},    {0x0B1,0x04,    0},    {0x0A7,0x8D,    0},
    {0x0A8,0x8D,   14},    {0x063,0xFF,    0},    {0x083,0x0A,    0},    {0x023,0x0A,    0},
    {0x080,0x00,    0},    {0x020,0x0F,    0},    {0x0E0,0x00,    0},    {0x043,0x00,    0},
    {0x0B0,0x25,    0},    {0x024,0x03,    0},    {0x081,0x04,    0},    {0x021,0x00,    0},
    {0x0E1,0x03,    0},    {0x044,0x02,    0},    {0x041,0x06,    0},    {0x0C1,0x02,    0},
    {0x0A1,0x81,    0},    {0x0B1,0x25,    0},    {0x042,0x09,    1},    {0x0B2,0x2E,    0},
    {0x048,0x09,    0},    {0x0B3,0x31,    0},    {0x049,0x09,    0},    {0x0B4,0x32,    0},
    {0x051,0x23,    0},    {0x0A7,0x8A,    0},    {0x052,0x0E,    0},    {0x0A8,0x8A,   13},
    {0x0A7,0x87,    0},    {0x0A8,0x87,   14},    {0x04A,0x1B,    0},    {0x050,0x1B,    1},
    {0x0A7,0x84,    0},    {0x0A8,0x84,   14},    {0x0B2,0x0E,    0},    {0x0B3,0x11,    0},
    {0x0B4,0x12,    0},    {0x0A7,0x81,    0},    {0x0A8,0x81,   14},    {0x042,0x0A,    0},
    {0x048,0x0A,    0},    {0x049,0x0A,    0},    {0x051,0x24,    0},    {0x0A7,0x7E,    0},
    {0x052,0x0F,    0},    {0x0A8,0x7E,   14},    {0x0A7,0x81,    0},    {0x0A8,0x81,   15},
    {0x0A7,0x84,    0},    {0x0A8,0x84,   14},    {0x0B0,0x05,    0},    {0x0B1,0x05,    0},
    {0x0B7,0x0A,    0},    {0x0B8,0x0A,   14},    {0x0B0,0x25,    0},    {0x0A1,0xCA,    0},
    {0x0B1,0x25,    0},    {0x042,0x0B,    0},    {0x048,0x0B,    0},    {0x049,0x0B,    0},
    {0x04A,0x1A,    0},    {0x050,0x1A,    0},    {0x051,0x0C,    0},    {0x0A7,0x81,    0},
    {0x0B7,0x2D,    1},    {0x052,0x12,    0},    {0x0A8,0x81,    0},    {0x0B8,0x2D,   56},
    {0x042,0x0C,    0},    {0x048,0x0C,    0},    {0x049,0x0C,    0},    {0x051,0x10,    0},
    {0x052,0x14,   29},    {0x04A,0x19,    0},    {0x050,0x19,   14},    {0x0B0,0x05,    0},
    {0x0B1,0x05,   14},    {0x0B0,0x25,    0},    {0x0A1,0x02,    0},    {0x0B1,0x26,    0},
    {0x042,0x09,    0},    {0x0B2,0x2E,    0},    {0x048,0x09,    0},    {0x0B3,0x31,    0},
    {0x049,0x09,    1},    {0x0B4,0x32,    0},    {0x051,0x13,    0},    {0x052,0x16,   42},
    {0x0B0,0x05,    0},    {0x0B2,0x0E,    0},    {0x0B3,0x11,    0},    {0x0B4,0x12,   14},
    {0x083,0xFF,    0},    {0x023,0x20,    0},    {0x080,0xFF,    0},    {0x020,0x20,    0},
    {0x043,0x3F,    0},    {0x040,0x3F,    0},    {0x0C0,0x00,    0},    {0x042,0x0A,    1},
    {0x048,0x0A,    0},    {0x049,0x0A,    0},    {0x04A,0x18,    0},    {0x050,0x18,    0},
    {0x051,0x18,    0},    {0x052,0x15,   42},    {0x0B1,0x06,   14},    {0x083,0x06,    0},
    {0x023,0x04,    0},    {0x060,0xCF,    0},    {0x080,0x09,    0},    {0x020,0x01,    0},
    {0x043,0x00,    0},    {0x040,0x00,    1},    {0x0C0,0x06,    0},    {0x0A0,0xC0,    0},
    {0x0B0,0x21,    0},    {0x0B1,0x26,    0},    {0x042,0x09,    0},    {0x0B2,0x2E,    0},
    {0x048,0x09,    0},    {0x0B3,0x31,    0},    {0x049,0x09,    0},    {0x0B4,0x32,    0},
    {0x051,0x19,    0},    {0x052,0x14,   14},    {0x0A0,0xB6,   14},    {0x0A0,0xAC,    0},
    {0x04A,0x17,    0},    {0x050,0x17,   14},    {0x0A0,0xA2,    0},    {0x0B2,0x0E,    0},
    {0x0B3,0x11,    0},    {0x0B4,0x12,   14},    {0x0A0,0x98,    0},    {0x042,0x0A,    0},
    {0x048,0x0A,    0},    {0x049,0x0A,    1},    {0x051,0x1A,    0},    {0x052,0x13,   14},
    {0x0A0,0x8E,   14},    {0x0A0,0x84,   14},    {0x0A0,0x7A,    0},    {0x0B0,0x01,    0},
    {0x0B1,0x06,   14},    {0x083,0x0A,    0},    {0x023,0x0A,    0},    {0x060,0xFF,    0},
    {0x080,0x00,    1},    {0x020,0x0F,    0},    {0x0C0,0x0E,    0},    {0x0A0,0x57,    0},
    {0x0B0,0x25,    0},    {0x0B1,0x26,    0},    {0x042,0x0B,    0},    {0x048,0x0B,    0},
    {0x049,0x0B,    0},    {0x04A,0x16,    0},    {0x050,0x16,    0},    {0x051,0x1B,    0},
    {0x052,0x12,   56},    {0x042,0x0C,    1},    {0x048,0x0C,    0},    {0x049,0x0C,    0},
    {0x051,0x1C,    0},    {0x052,0x11,   28},    {0x04A,0x15,    0},    {0x050,0x15,   14},
    {0x0B0,0x05,    0},    {0x0B1,0x06,   15},    {0x0B0,0x25,    0},    {0x0B1,0x26,    0},
    {0x042,0x09,    0},    {0x0B2,0x2E,    0},    {0x048,0x09,    0},    {0x0B3,0x31,    0},
    {0x049,0x09,    0},    {0x0B4,0x32,    0},    {0x051,0x1D,    0},    {0x052,0x10,   42},
    {0x0B2,0x0E,    0},    {0x0B3,0x11,    0},    {0x0B4,0x12,   15},    {0x042,0x0A,    0},
    {0x048,0x0A,    0},    {0x049,0x0A,    0},    {0x04A,0x14,    0},    {0x050,0x14,    0},
    {0x051,0x1E,    0},    {0x052,0x0F,   42},    {0x0B0,0x05,    0},    {0x0B1,0x06,   15},
    {0x0B0,0x25,    0},    {0x0B1,0x2A,    0},    {0x042,0x09,    0},    {0x0B2,0x2E,    0},
    {0x048,0x09,    0},    {0x0B3,0x31,    0},    {0x049,0x09,    0},    {0x0B4,0x32,    0},
    {0x051,0x1F,    0},    {0x052,0x0E,   28},    {0x04A,0x13,    0},    {0x050,0x13,   15},
    {0x0B2,0x0E,    0},    {0x0B3,0x11,    0},    {0x0B4,0x12,   14},    {0x042,0x0A,    0},
    {0x048,0x0A,    0},    {0x049,0x0A,    0},    {0x051,0x20,    0},    {0x052,0x0D,   43},
    {0x0B0,0x05,    0},    {0x0B1,0x0A,    0},    {0x0B7,0x0D,    0},    {0x0B8,0x0D,   14},
    {0x063,0xF7,    0},    {0x083,0x67,    0},    {0x023,0x23,    0},    {0x080,0x02,    0},
    {0x020,0x01,    0},    {0x0E0,0x02,    0},    {0x043,0x04,    0},    {0x0B0,0x25,    0},
    {0x024,0x05,    0},    {0x081,0x09,    0},    {0x021,0x04,    0},    {0x0E1,0x00,    0},
    {0x044,0x00,    0},    {0x041,0x00,    0},    {0x0C1,0x0F,    0},    {0x0A1,0x6D,    0},
    {0x0B1,0x25,    0},    {0x042,0x0B,    1},    {0x048,0x0B,    0},    {0x049,0x0B,    0},
    {0x04A,0x12,    0},    {0x050,0x12,    0},    {0x051,0x0C,    0},    {0x0A7,0x6B,    0},
    {0x0B7,0x2D,    0},    {0x052,0x12,    0},    {0x0A8,0x6B,    0},    {0x0B8,0x2D,   13},
    {0x0A1,0x59,   14},    {0x0A1,0x45,   15},    {0x0A1,0x31,   14},    {0x0A1,0x1D,    0},
    {0x042,0x0C,    0},    {0x048,0x0C,    0},    {0x049,0x0C,    0},    {0x051,0x10,    0},
    {0x052,0x14,   14},    {0x0A1,0x09,   14},    {0x0A1,0xF5,    0},    {0x0B1,0x24,    1},
    {0x04A,0x11,    0},    {0x050,0x11,   14},    {0x0B0,0x05,    0},    {0x0A1,0xE1,    0},
    {0x0B1,0x04,   14},    {0x063,0xFF,    0},    {0x083,0x0A,    0},    {0x023,0x0A,    0},
    {0x080,0x00,    0},    {0x020,0x0F,    0},    {0x0E0,0x00,    0},    {0x043,0x00,    0},
    {0x0B0,0x25,    0},    {0x024,0x03,    0},    {0x081,0x04,    0},    {0x021,0x00,    0},
    {0x0E1,0x03,    0},    {0x044,0x02,    0},    {0x041,0x06,    1},    {0x0C1,0x02,    0},
    {0x0A1,0xCA,    0},    {0x0B1,0x25,    0},    {0x042,0x09,    0},    {0x0B2,0x2E,    0},
    {0x048,0x09,    0},    {0x0B3,0x31,    0},    {0x049,0x09,    0},    {0x0B4,0x32,    0},
    {0x051,0x13,    0},    {0x052,0x16,   42},    {0x0B2,0x0E,    0},    {0x0B3,0x11,    0},
    {0x0B4,0x12,   14},    {0x042,0x0A,    0},    {0x048,0x0A,    0},    {0x049,0x0A,    0},
    {0x04A,0x10,    0},    {0x050,0x10,    0},    {0x051,0x18,    0},    {0x052,0x15,   43},
    {0x0B0,0x05,    0},    {0x0B1,0x05,    0},    {0x0B7,0x0D,    0},    {0x0B8,0x0D,   14},
    {0x0B0,0x25,    0},    {0x0B1,0x29,    0},    {0x042,0x09,    0},    {0x0B2,0x2E,    0},
    {0x048,0x09,    0},    {0x0B3,0x31,    0},    {0x049,0x09,    0},    {0x0B4,0x32,    1},
    {0x051,0x0C,    0},    {0x0A7,0xB0,    0},    {0x0B7,0x2D,    0},    {0x052,0x12,    0},
    {0x0A8,0xB0,    0},    {0x0B8,0x2D,   28},    {0x04A,0x0F,    0},    {0x050,0x0F,   14},
    {0x0B2,0x0E,    0},    {0x0B3,0x11,    0},    {0x0B4,0x12,   14},    {0x042,0x0A,    0},
    {0x048,0x0A,    0},    {0x049,0x0A,    0},    {0x051,0x10,    0},    {0x052,0x14,   43},
    {0x0B0,0x05,    0},    {0x0B1,0x09,   14},    {0x0B0,0x25,    0},    {0x0B1,0x25,    0},
    {0x042,0x0B,    0},    {0x048,0x0B,    0},    {0x049,0x0B,    1},    {0x04A,0x0E,    0},
    {0x050,0x0E,    0},    {0x051,0x13,    0},    {0x052,0x16,   42},    {0x0B0,0x05,   14},
    {0x083,0xFF,    0},    {0x023,0x20,    0},    {0x080,0xFF,    0},    {0x020,0x20,    0},
    {0x043,0x3F,    1},    {0x040,0x3F,    0},    {0x0C0,0x00,    0},    {0x042,0x0C,    0},
    {0x048,0x0C,    0},    {0x049,0x0C,    0},    {0x051,0x18,    0},    {0x052,0x15,   28},
    {0x04A,0x0D,    0},    {0x050,0x0D,   14},    {0x0B1,0x05,   14},    {0x083,0x06,    0},
    {0x023,0x04,    0},    {0x060,0xCF,    1},    {0x080,0x09,    0},    {0x020,0x01,    0},
    {0x043,0x00,    0},    {0x040,0x00,    0},    {0x0C0,0x06,    0},    {0x0A0,0xC0,    0},
    {0x0B0,0x21,    0},    {0x0A1,0x02,    0},    {0x0B1,0x26,    0},    {0x042,0x09,    0},
    {0x0B2,0x2E,    0},    {0x048,0x09,    0},    {0x0B3,0x31,    0},    {0x049,0x09,    0},
    {0x0B4,0x32,    0},    {0x051,0x19,    0},    {0x0A7,0xB3,    0},    {0x052,0x14,    0},
    {0x0A8,0xB3,   14},    {0x0A0,0xB6,    0},    {0x0A7,0xB6,    0},    {0x0A8,0xB6,   14},
    {0x0A0,0xAC,    0},    {0x0A7,0xB9,    0},    {0x0A8,0xB9,   14},    {0x0A0,0xA2,    0},
    {0x0B2,0x0E,    0},    {0x0B3,0x11,    0},    {0x0B4,0x12,    0},    {0x0A7,0xB6,    0},
    {0x0A8,0xB6,   14},    {0x0A0,0x98,    1},    {0x042,0x0A,    0},    {0x048,0x0A,    0},
    {0x049,0x0A,    0},    {0x04A,0x0C,    0},    {0x050,0x0C,    0},    {0x051,0x1A,    0},
    {0x0A7,0xB3,    0},    {0x052,0x13,    0},    {0x0A8,0xB3,   14},    {0x0A0,0x8E,    0},
    {0x0A7,0xB0,    0},    {0x0A8,0xB0,   14},    {0x0A0,0x84,    0},    {0x0A7,0xAD,    0},
    {0x0A8,0xAD,   14},    {0x0A0,0x7A,    0},    {0x0B0,0x01,    0},    {0x0B1,0x06,    1},
    {0x0A7,0xAA,    0},    {0x0A8,0xAA,   14},    {0x083,0x0A,    0},    {0x023,0x0A,    0},
    {0x060,0xFF,    0},    {0x080,0x00,    0},    {0x020,0x0F,    0},    {0x0C0,0x0E,    0},
    {0x0A0,0x57,    0},    {0x0B0,0x25,    0},    {0x0B1,0x26,    0},    {0x042,0x09,    0},
    {0x0B2,0x2E,    0},    {0x048,0x09,    0},    {0x0B3,0x31,    0},    {0x049,0x09,    0},
    {0x0B4,0x32,    0},    {0x051,0x1B,    0},    {0x0A7,0xA7,    0},    {0x052,0x12,    0},
    {0x0A8,0xA7,   14},    {0x0A7,0xAA,    0},    {0x0A8,0xAA,   14},    {0x04A,0x0B,    0},
    {0x050,0x0B,    0},    {0x0A7,0xAD,    0},    {0x0A8,0xAD,   14},    {0x0B2,0x0E,    0},
    {0x0B3,0x11,    0},    {0x0B4,0x12,    1},    {0x0A7,0xB0,    0},    {0x0A8,0xB0,   14},
    {0x042,0x0A,    0},    {0x048,0x0A,    0},    {0x049,0x0A,    0},    {0x051,0x1C,    0},
    {0x0A7,0xB3,    0},    {0x052,0x11,    0},    {0x0A8,0xB3,   14},    {0x0A7,0xB6,    0},
    {0x0A8,0xB6,   14},    {0x0A7,0xB9,    0},    {0x0A8,0xB9,   14},    {0x0B0,0x05,    0},
    {0x0B1,0x06,    1},    {0x0B7,0x0D,    0},    {0x0B8,0x0D,   14},    {0x0B0,0x25,    0},
    {0x0B1,0x26,    0},    {0x042,0x09,    0},    {0x0B2,0x2E,    0},    {0x048,0x09,    0},
    {0x0B3,0x31,    0},    {0x049,0x09,    0},    {0x0B4,0x32,    0},    {0x04A,0x0A,    0},
    {0x050,0x0A,    0},    {0x051,0x0C,    0},    {0x0A7,0x6B,    0},    {0x0B7,0x2D,    0},
    {0x052,0x12,    0},    {0x0A8,0x6B,    0},    {0x0B8,0x2D,   43},    {0x0B2,0x0E,    0},
    {0x0B3,0x11,    0},    {0x0B4,0x12,   14},    {0x042,0x0A,    0},    {0x048,0x0A,    0},
    {0x049,0x0A,    0},    {0x051,0x10,    0},    {0x052,0x14,   28},    {0x04A,0x09,    0},
    {0x050,0x09,   15},    {0x0B0,0x05,    0},    {0x0B1,0x06,   14},    {0x0B0,0x25,    0},
    {0x0B1,0x2A,    0},    {0x042,0x0B,    0},    {0x048,0x0B,    0},    {0x049,0x0B,    0},
    {0x051,0x13,    0},    {0x052,0x16,   57},    {0x042,0x0C,    0},    {0x048,0x0C,    0},
    {0x049,0x0C,    0},    {0x04A,0x08,    0},    {0x050,0x08,    0},    {0x051,0x18,    0},
    {0x052,0x15,   43},    {0x0B0,0x05,    0},    {0x0B1,0x0A,    0},    {0x0B7,0x0D,    0},
    {0x0B8,0x0D,   14},    {0x063,0xF7,    0},    {0x083,0x67,    0},    {0x023,0x23,    0},
    {0x080,0x02,    0},    {0x020,0x01,    0},    {0x0E0,0x02,    0},    {0x043,0x04,    0},
    {0x0B0,0x25,    0},    {0x024,0x05,    0},    {0x081,0x09,    0},    {0x021,0x04,    0},
    {0x0E1,0x00,    0},    {0x044,0x00,    0},    {0x041,0x00,    1},    {0x0C1,0x0F,    0},
    {0x0A1,0x6D,    0},    {0x0B1,0x25,    0},    {0x042,0x09,    0},    {0x0B2,0x2E,    0},
    {0x048,0x09,    0},    {0x0B3,0x31,    0},    {0x049,0x09,    0},    {0x0B4,0x32,    0},
    {0x051,0x0C,    0},    {0x0A7,0x81,    0},    {0x0B7,0x2D,    0},    {0x052,0x12,    0},
    {0x0A8,0x81,    0},    {0x0B8,0x2D,   13},    {0x0A1,0x59,   15},    {0x0A1,0x45,    0},
    {0x04A,0x07,    0},    {0x050,0x07,   14},    {0x0A1,0x31,    0},    {0x0B2,0x0E,    0},
    {0x0B3,0x11,    0},    {0x0B4,0x12,   14},    {0x0A1,0x1D,    0},    {0x042,0x0A,    0},
    {0x048,0x0A,    0},    {0x049,0x0A,    0},    {0x051,0x10,    0},    {0x052,0x14,   14},
    {0x0A1,0x09,   15},    {0x0A1,0xF5,    0},    {0x0B1,0x24,   14},    {0x0B0,0x05,    0},
    {0x0A1,0xE1,    0},    {0x0B1,0x04,   14},    {0x063,0xFF,    0},    {0x083,0x0A,    0},
    {0x023,0x0A,    0},    {0x080,0x00,    0},    {0x020,0x0F,    0},    {0x0E0,0x00,    0},
    {0x043,0x00,    0},    {0x0B0,0x25,    0},    {0x024,0x03,    0},    {0x081,0x04,    1},
    {0x021,0x00,    0},    {0x0E1,0x03,    0},    {0x044,0x02,    0},    {0x041,0x06,    0},
    {0x0C1,0x02,    0},    {0x0A1,0x81,    0},    {0x0B1,0x25,    0},    {0x042,0x09,    0},
    {0x0B2,0x2E,    0},    {0x048,0x09,    0},    {0x0B3,0x31,    0},    {0x049,0x09,    0},
    {0x0B4,0x32,    0},    {0x04A,0x08,    0},    {0x050,0x08,    0},    {0x051,0x13,    0},
    {0x052,0x16,   42},    {0x0B2,0x0E,    0},    {0x0B3,0x11,    0},    {0x0B4,0x12,   14},
    {0x042,0x0A,    0},    {0x048,0x0A,    0},    {0x049,0x0A,    0},    {0x051,0x18,    0},
    {0x052,0x15,   29},    {0x04A,0x09,    0},    {0x050,0x09,   14},    {0x0B0,0x05,    0},
    {0x0B1,0x05,   14},    {0x0B0,0x25,    0},    {0x0A1,0xCA,    0},    {0x0B1,0x25,    0},
    {0x042,0x0B,    0},    {0x048,0x0B,    1},    {0x049,0x0B,    0},    {0x051,0x19,    0},
    {0x052,0x14,   56},    {0x042,0x0C,    0},    {0x048,0x0C,    0},    {0x049,0x0C,    1},
    {0x04A,0x0A,    0},    {0x050,0x0A,    0},    {0x051,0x1A,    0},    {0x052,0x13,   42},
    {0x0B0,0x05,    0},    {0x0B1,0x05,   14},    {0x0B0,0x25,    0},    {0x0A1,0x02,    1},
    {0x0B1,0x26,    0},    {0x042,0x09,    0},    {0x0B2,0x2E,    0},    {0x048,0x09,    0},
    {0x0B3,0x31,    0},    {0x049,0x09,    0},    {0x0B4,0x32,    0},    {0x051,0x1B,    0},
    {0x052,0x12,   28},    {0x04A,0x0B,    0},    {0x050,0x0B,   14},    {0x0B0,0x05,    0},
    {0x0B2,0x0E,    0},    {0x0B3,0x11,    0},    {0x0B4,0x12,   14},    {0x083,0xFF,    1},
    {0x023,0x20,    0},    {0x080,0xFF,    0},    {0x020,0x20,    0},    {0x043,0x3F,    0},
    {0x040,0x3F,    0},    {0x0C0,0x00,    0},    {0x042,0x0A,    0},    {0x048,0x0A,    0},
    {0x049,0x0A,    0},    {0x051,0x1C,    0},    {0x052,0x11,   42},    {0x0B1,0x06,    1},
    {0x0B7,0x0D,    0},    {0x0B8,0x0D,   14},    {0x083,0x06,    0},    {0x023,0x04,    0},
    {0x060,0xCF,    0},    {0x080,0x09,    0},    {0x020,0x01,    0},    {0x043,0x00,    0},
    {0x040,0x00,    0},    {0x0C0,0x06,    0},    {0x0A0,0xC0,    0},    {0x0B0,0x21,    0},
    {0x0A1,0xB0,    0},    {0x0B1,0x25,    0},    {0x042,0x09,    0},    {0x0B2,0x2E,    0},
    {0x048,0x09,    0},    {0x0A3,0xB0,    0},    {0x0B3,0x31,    0},    {0x049,0x09,    0},
    {0x0B4,0x32,    0},    {0x04A,0x0C,    0},    {0x0A5,0xB0,    0},    {0x050,0x0C,    1},
    {0x051,0x0C,    0},    {0x0A7,0xB0,    0},    {0x0B7,0x2D,    0},    {0x052,0x12,    0},
    {0x0A8,0xB0,    0},    {0x0B8,0x2D,   13},    {0x0A0,0xB6,   14},    {0x0A0,0xAC,   14},
    {0x0A0,0xA2,    0},    {0x0B2,0x0E,    0},    {0x0B3,0x11,    1},    {0x0B4,0x12,   14},
    {0x0A0,0x98,    0},    {0x042,0x0A,    0},    {0x048,0x0A,    0},    {0x049,0x0A,    0},
    {0x051,0x10,    0},    {0x052,0x14,   14},    {0x0A0,0x8E,   14},    {0x0A0,0x84,    0},
    {0x04A,0x0D,    0},    {0x050,0x0D,   14},    {0x0A0,0x7A,    0},    {0x0B0,0x01,    1},
    {0x0B1,0x05,   14},    {0x083,0x0A,    0},    {0x023,0x0A,    0},    {0x060,0xFF,    0},
    {0x080,0x00,    0},    {0x020,0x0F,    0},    {0x0C0,0x0E,    0},    {0x0A0,0x57,    0},
    {0x0B0,0x25,    0},    {0x0B1,0x25,    0},    {0x042,0x0B,    0},    {0x048,0x0B,    0},
    {0x049,0x0B,    0},    {0x051,0x13,    0},    {0x052,0x16,   57},    {0x042,0x0C,    0},
    {0x048,0x0C,    0},    {0x049,0x0C,    0},    {0x04A,0x0E,    0},    {0x050,0x0E,    0},
    {0x051,0x18,    0},    {0x052,0x15,   43},    {0x0B0,0x05,    0},    {0x0B1,0x05,   14},
    {0x0B0,0x25,    0},    {0x0B1,0x25,    0},    {0x042,0x09,    0},    {0x0B2,0x2E,    0},
    {0x048,0x09,    0},    {0x0B3,0x31,    0},    {0x049,0x09,    0},    {0x0B4,0x32,    0},
    {0x051,0x19,    0},    {0x052,0x14,   28},    {0x04A,0x0F,    0},    {0x050,0x0F,   15},
    {0x0B2,0x0E,    0},    {0x0B3,0x11,    0},    {0x0B4,0x12,   14},    {0x042,0x0A,    0},
    {0x048,0x0A,    0},    {0x049,0x0A,    0},    {0x051,0x1A,    0},    {0x052,0x13,   43},
    {0x0B0,0x05,    0},    {0x0B1,0x05,   14},    {0x0B0,0x25,    0},    {0x0B1,0x29,    0},
    {0x042,0x09,    0},    {0x0B2,0x2E,    0},    {0x048,0x09,    0},    {0x0B3,0x31,    0},
    {0x049,0x09,    0},    {0x0B4,0x32,    0},    {0x04A,0x10,    0},    {0x050,0x10,    1},
    {0x051,0x1B,    0},    {0x0A7,0xAC,    0},    {0x052,0x12,    0},    {0x0A8,0xAC,   13},
    {0x0A7,0xA8,    0},    {0x0A8,0xA8,   15},    {0x0A7,0xA4,    0},    {0x0A8,0xA4,   14},
    {0x0B2,0x0E,    0},    {0x0B3,0x11,    0},    {0x0B4,0x12,    0},    {0x0A7,0xA0,    0},
    {0x0A8,0xA0,   14},    {0x042,0x0A,    0},    {0x048,0x0A,    0},    {0x049,0x0A,    0},
    {0x051,0x1C,    0},    {0x0A7,0x9C,    0},    {0x052,0x11,    0},    {0x0A8,0x9C,   14},
    {0x0A7,0x98,    0},    {0x0A8,0x98,   15},    {0x04A,0x11,    0},    {0x050,0x11,    0},
    {0x0A7,0x94,    0},    {0x0A8,0x94,   14},    {0x0B0,0x05,    0},    {0x0B1,0x09,    0},
    {0x0A7,0x90,    0},    {0x0B7,0x0D,    0},    {0x0A8,0x90,    0},    {0x0B8,0x0D,   14},
    {0x063,0xF7,    0},    {0x083,0x67,    0},    {0x023,0x23,    0},    {0x080,0x02,    0},
    {0x020,0x01,    0},    {0x0E0,0x02,    0},    {0x043,0x04,    0},    {0x0B0,0x25,    0},
    {0x024,0x05,    0},    {0x081,0x09,    1},    {0x021,0x04,    0},    {0x0E1,0x00,    0},
    {0x044,0x00,    0},    {0x041,0x00,    0},    {0x0C1,0x0F,    0},    {0x0A1,0x6D,    0},
    {0x0B1,0x25,    0},    {0x042,0x0B,    0},    {0x048,0x0B,    0},    {0x049,0x0B,    0},
    {0x051,0x0C,    0},    {0x0A7,0x81,    0},    {0x0B7,0x2D,    0},    {0x052,0x12,    0},
    {0x0A8,0x81,    0},    {0x0B8,0x2D,   13},    {0x0A1,0x59,   15},    {0x0A1,0x45,   14},
    {0x0A1,0x31,   14},    {0x0A1,0x1D,    0},    {0x042,0x0C,    0},    {0x048,0x0C,    0},
    {0x049,0x0C,    0},    {0x04A,0x12,    0},    {0x050,0x12,    1},    {0x051,0x10,    0},
    {0x052,0x14,   13},    {0x0A1,0x09,   15},    {0x0A1,0xF5,    0},    {0x0B1,0x24,   14},
    {0x0B0,0x05,    0},    {0x0A1,0xE1,    0},    {0x0B1,0x04,   14},    {0x063,0xFF,    0},
    {0x083,0x0A,    0},    {0x023,0x0A,    0},    {0x080,0x00,    0},    {0x020,0x0F,    0},
    {0x0E0,0x00,    1},    {0x043,0x00,    0},    {0x0B0,0x25,    0},    {0x024,0x03,    0},
    {0x081,0x04,    0},    {0x021,0x00,    0},    {0x0E1,0x03,    0},    {0x044,0x02,    0},
    {0x041,0x06,    0},    {0x0C1,0x02,    0},    {0x0A1,0x81,    0},    {0x0B1,0x25,    0},
    {0x042,0x09,    0},    {0x0B2,0x2E,    0},    {0x048,0x09,    0},    {0x0B3,0x31,    0},
    {0x049,0x09,    0},    {0x0B4,0x32,    0},    {0x051,0x13,    0},    {0x052,0x16,   28},
    {0x04A,0x13,    0},    {0x050,0x13,   14},    {0x0B2,0x0E,    0},    {0x0B3,0x11,    0},
    {0x0B4,0x12,   14},    {0x042,0x0A,    0},    {0x048,0x0A,    0},    {0x049,0x0A,    1},
    {0x051,0x18,    0},    {0x052,0x15,   42},    {0x0B0,0x05,    0},    {0x0B1,0x05,   14},
    {0x0B0,0x25,    0},    {0x0B1,0x29,    1},    {0x042,0x09,    0},    {0x0B2,0x2E,    0},
    {0x048,0x09,    0},    {0x0B3,0x31,    0},    {0x049,0x09,    0},    {0x0B4,0x32,    0},
    {0x04A,0x14,    0},    {0x050,0x14,    0},    {0x051,0x19,    0},    {0x052,0x14,   42},
    {0x0B2,0x0E,    0},    {0x0B3,0x11,    0},    {0x0B4,0x12,   15},    {0x042,0x0A,    0},
    {0x048,0x0A,    0},    {0x049,0x0A,    0},    {0x051,0x1A,    0},    {0x052,0x13,   28},
    {0x04A,0x15,    0},    {0x050,0x15,   14},    {0x0B0,0x05,    0},    {0x0B1,0x09,   15},
    {0x0B0,0x25,    0},    {0x0B1,0x25,    0},    {0x042,0x0B,    0},    {0x048,0x0B,    0},
    {0x049,0x0B,    0},    {0x051,0x1B,    0},    {0x052,0x12,   42},    {0x0B0,0x05,   15},
    {0x083,0xFF,    0},    {0x023,0x20,    0},    {0x080,0xFF,    0},    {0x020,0x20,    0},
    {0x043,0x3F,    0},    {0x040,0x3F,    0},    {0x0C0,0x00,    0},    {0x042,0x0C,    0},
    {0x048,0x0C,    0},    {0x049,0x0C,    0},    {0x04A,0x16,    0},    {0x050,0x16,    0},
    {0x051,0x1C,    0},    {0x052,0x11,   42},    {0x0B1,0x05,    1},    {0x0B7,0x0D,    0},
    {0x0B8,0x0D,   14},    {0x083,0x06,    0},    {0x023,0x04,    0},    {0x060,0xCF,    0},
    {0x080,0x09,    0},    {0x020,0x01,    0},    {0x043,0x00,    0},    {0x040,0x00,    0},
    {0x0C0,0x06,    0},    {0x0A0,0xC0,    0},    {0x0B0,0x21,    0},    {0x0A1,0xB0,    0},
    {0x0B1,0x25,    0},    {0x042,0x09,    0},    {0x0B2,0x2E,    0},    {0x048,0x09,    0},
    {0x0B3,0x31,    0},    {0x049,0x09,    0},    {0x0B4,0x32,    1},    {0x051,0x0C,    0},
    {0x0A7,0x6B,    0},    {0x0B7,0x2D,    0},    {0x052,0x12,    0},    {0x0A8,0x6B,    0},
    {0x0B8,0x2D,   13},    {0x0A0,0xB6,   14},    {0x0A0,0xAC,    0},    {0x04A,0x17,    0},
    {0x050,0x17,   15},    {0x0A0,0xA2,    0},    {0x0B2,0x0E,    0},    {0x0B3,0x11,    0},
    {0x0B4,0x12,   14},    {0x0A0,0x98,    0},    {0x042,0x0A,    0},    {0x048,0x0A,    0},
    {0x049,0x0A,    0},    {0x051,0x10,    0},    {0x052,0x14,   14},    {0x0A0,0x8E,   14},
    {0x0A0,0x84,   15},    {0x0A0,0x7A,    0},    {0x0B0,0x01,    0},    {0x0B1,0x05,   14},
    {0x083,0x0A,    0},    {0x023,0x0A,    0},    {0x060,0xFF,    0},    {0x080,0x00,    0},
    {0x020,0x0F,    0},    {0x0C0,0x0E,    0},    {0x0A0,0x57,    0},    {0x0B0,0x25,    0},
    {0x0B1,0x25,    0},    {0x042,0x09,    0},    {0x0B2,0x2E,    0},    {0x048,0x09,    0},
    {0x0B3,0x31,    0},    {0x049,0x09,    0},    {0x0B4,0x32,    1},    {0x04A,0x18,    0},
    {0x050,0x18,    0},    {0x051,0x13,    0},    {0x052,0x16,   42},    {0x0B2,0x0E,    0},
    {0x0B3,0x11,    0},    {0x0B4,0x12,   14},    {0x042,0x0A,    0},    {0x048,0x0A,    0},
    {0x049,0x0A,    0},    {0x051,0x18,    0},    {0x052,0x15,   29},    {0x04A,0x19,    0},
    {0x050,0x19,   14},    {0x0B0,0x05,    0},    {0x0B1,0x05,    0},    {0x0B7,0x0D,    0},
    {0x0B8,0x0D,   14},    {0x0B0,0x25,    0},    {0x0B1,0x25,    0},    {0x042,0x09,    0},
    {0x0B2,0x2E,    0},    {0x048,0x09,    0},    {0x0B3,0x31,    0},    {0x049,0x09,    0},
    {0x0B4,0x32,    0},    {0x051,0x0C,    1},    {0x0A7,0x81,    0},    {0x0B7,0x2D,    0},
    {0x052,0x12,    0},    {0x0A8,0x81,    0},    {0x0B8,0x2D,   42},    {0x0B2,0x0E,    0},
    {0x0B3,0x11,    0},    {0x0B4,0x12,   14},    {0x042,0x0A,    0},    {0x048,0x0A,    0},
    {0x049,0x0A,    0},    {0x04A,0x1A,    0},    {0x050,0x1A,    0},    {0x051,0x10,    0},
    {0x052,0x14,   43},    {0x0B0,0x05,    0},    {0x0B1,0x05,   14},    {0x0B0,0x25,    0},
    {0x0B1,0x29,    0},    {0x042,0x0B,    0},    {0x048,0x0B,    0},    {0x049,0x0B,    0},
    {0x051,0x13,    0},    {0x052,0x16,   29},    {0x04A,0x1B,    0},    {0x050,0x1B,   28},
    {0x042,0x0C,    0},    {0x048,0x0C,    0},    {0x049,0x0C,    0},    {0x051,0x18,    0},
    {0x052,0x15,   43},    {0x0B0,0x05,    0},    {0x0B1,0x09,    0},    {0x0B7,0x0D,    0},
    {0x0B8,0x0D,   14},    {0x063,0xF7,    0},    {0x083,0x67,    0},    {0x023,0x23,    0},
    {0x080,0x02,    0},    {0x020,0x01,    0},    {0x0E0,0x02,    1},    {0x043,0x04,    0},
    {0x0B0,0x25,    0},    {0x024,0x05,    0},    {0x081,0x09,    0},    {0x021,0x04,    0},
    {0x0E1,0x00,    0},    {0x044,0x00,    0},    {0x041,0x00,    0},    {0x0C1,0x0F,    0},
    {0x0A1,0x6D,    0},    {0x0B1,0x25,    0},    {0x042,0x09,    0},    {0x0B2,0x2E,    0},
    {0x048,0x09,    0},    {0x0B3,0x31,    0},    {0x049,0x09,    0},    {0x0B4,0x32,    0},
    {0x04A,0x1C,    0},    {0x050,0x1C,    0},    {0x051,0x0C,    0},    {0x0A7,0x6B,    0},
    {0x0B7,0x2D,    1},    {0x052,0x12,    0},    {0x0A8,0x6B,    0},    {0x0B8,0x2D,   13},
    {0x0A1,0x59,   14},    {0x0A1,0x45,   14},    {0x0A1,0x31,    0},    {0x0B2,0x0E,    0},
    {0x0B3,0x11,    0},    {0x0B4,0x12,   14},    {0x0A1,0x1D,    0},    {0x042,0x0A,    0},
    {0x048,0x0A,    1},    {0x049,0x0A,    0},    {0x051,0x10,    0},    {0x052,0x14,   14},
    {0x0A1,0x09,   14},    {0x0A1,0xF5,    0},    {0x0B1,0x24,    0},    {0x04A,0x1D,    0},
    {0x050,0x1D,   14},    {0x0B0,0x05,    0},    {0x0A1,0xE1,    0},    {0x0B1,0x04,   14},
    {0x063,0xFF,    0},    {0x083,0x0A,    1},    {0x023,0x0A,    0},    {0x080,0x00,    0},
    {0x020,0x0F,    0},    {0x0E0,0x00,    0},    {0x043,0x00,    0},    {0x0B0,0x25,    0},
    {0x024,0x03,    0},    {0x081,0x04,    0},    {0x021,0x00,    0},    {0x0E1,0x03,    0},
    {0x044,0x02,    0},    {0x041,0x06,    0},    {0x0C1,0x02,    0},    {0x0A1,0x87,    0},
    {0x0B1,0x22,    0},    {0x042,0x09,    0},    {0x0B2,0x2E,    0},    {0x048,0x09,    0},
    {0x0B3,0x31,    0},    {0x049,0x09,    0},    {0x0B4,0x32,    0},    {0x051,0x13,    0},
    {0x052,0x16,   42},    {0x0B2,0x0E,    0},    {0x0B3,0x11,    0},    {0x0B4,0x12,   15},
    {0x042,0x0A,    0},    {0x048,0x0A,    0},    {0x049,0x0A,    0},    {0x04A,0x1E,    0},
    {0x050,0x1E,    0},    {0x051,0x18,    0},    {0x052,0x15,   42},    {0x0B0,0x05,    0},
    {0x0B1,0x02,    0},    {0x0B7,0x0D,    1},    {0x0B8,0x0D,   14},    {0x0B0,0x25,    0},
    {0x0A1,0x81,    0},    {0x0B1,0x25,    0},    {0x042,0x0B,    0},    {0x048,0x0B,    0},
    {0x049,0x0B,    0},    {0x051,0x0C,    0},    {0x0A7,0x87,    0},    {0x0B7,0x2A,    0},
    {0x052,0x12,    0},    {0x0A8,0x87,    0},    {0x0B8,0x2A,   28},    {0x04A,0x1F,    0},
    {0x050,0x1F,   29},    {0x042,0x0C,    0},    {0x048,0x0C,    0},    {0x049,0x0C,    0},
    {0x051,0x10,    0},    {0x052,0x14,   42},    {0x0B0,0x05,    1},    {0x0B1,0x05,   14},
    {0x0B0,0x25,    0},    {0x0A1,0xB0,    0},    {0x0B1,0x25,    0},    {0x042,0x09,    0},
    {0x0B2,0x2E,    0},    {0x048,0x09,    0},    {0x0B3,0x31,    0},    {0x049,0x09,    0},
    {0x0B4,0x32,    0},    {0x04A,0x20,    0},    {0x050,0x20,    0},    {0x051,0x13,    0},
    {0x052,0x16,   43},    {0x0B0,0x05,    0},    {0x0B2,0x0E,    0},    {0x0B3,0x11,    0},
    {0x0B4,0x12,   14},    {0x083,0xFF,    0},    {0x023,0x20,    0},    {0x080,0xFF,    0},
    {0x020,0x20,    0},    {0x043,0x3F,    0},    {0x040,0x3F,    0},    {0x0C0,0x00,    0},
    {0x042,0x0A,    0},    {0x048,0x0A,    0},    {0x049,0x0A,    0},    {0x051,0x18,    0},
    {0x052,0x15,   28},    {0x04A,0x21,    0},    {0x050,0x21,   15},    {0x0B1,0x05,   14},
    {0x083,0x06,    0},    {0x023,0x04,    0},    {0x060,0xCF,    0},    {0x080,0x09,    0},
    {0x020,0x01,    0},    {0x043,0x00,    0},    {0x040,0x00,    0},    {0x0C0,0x06,    0},
    {0x0A0,0xC0,    0},    {0x0B0,0x21,    0},    {0x0B1,0x25,    0},    {0x042,0x09,    0},
    {0x0B2,0x2E,    0},    {0x048,0x09,    0},    {0x0B3,0x31,    1},    {0x049,0x09,    0},
    {0x0B4,0x32,    0},    {0x051,0x19,    0},    {0x0A7,0x8A,    0},    {0x052,0x14,    0},
    {0x0A8,0x8A,   13},    {0x0A0,0xB6,    0},    {0x0A7,0x8D,    0},    {0x0A8,0x8D,   14},
    {0x0A0,0xAC,    1},    {0x0A7,0x90,    0},    {0x0A8,0x90,   14},    {0x0A0,0xA2,    0},
    {0x0B2,0x0E,    0},    {0x0B3,0x11,    0},    {0x0B4,0x12,    0},    {0x0A7,0x8D,    0},
    {0x0A8,0x8D,   14},    {0x0A0,0x98,    0},    {0x042,0x0A,    0},    {0x048,0x0A,    0},
    {0x049,0x0A,    0},    {0x04A,0x22,    0},    {0x050,0x22,    0},    {0x051,0x1A,    0},
    {0x0A7,0x8A,    0},    {0x052,0x13,    0},    {0x0A8,0x8A,   14},    {0x0A0,0x8E,    0},
    {0x0A7,0x87,    0},    {0x0A8,0x87,   14},    {0x0A0,0x84,    1},    {0x0A7,0x84,    0},
    {0x0A8,0x84,   14},    {0x0A0,0x7A,    0},    {0x0B0,0x01,    0},    {0x0B1,0x05,    0},
    {0x0A7,0x81,    0},    {0x0A8,0x81,   14},    {0x083,0x0A,    0},    {0x023,0x0A,    0},
    {0x060,0xFF,    0},    {0x080,0x00,    0},    {0x020,0x0F,    0},    {0x0C0,0x0E,    0},
    {0x0A0,0x57,    0},    {0x0B0,0x25,    0},    {0x0B1,0x25,    0},    {0x042,0x0B,    0},
    {0x048,0x0B,    0},    {0x049,0x0B,    1},    {0x051,0x1B,    0},    {0x0A7,0x7E,    0},
    {0x052,0x12,    0},    {0x0A8,0x7E,   13},    {0x0A7,0x81,    0},    {0x0A8,0x81,   15},
    {0x04A,0x23,    0},    {0x050,0x23,    0},    {0x0A7,0x84,    0},    {0x0A8,0x84,   14},
    {0x0A7,0x87,    0},    {0x0A8,0x87,   14},    {0x042,0x0C,    0},    {0x048,0x0C,    0},
    {0x049,0x0C,    0},    {0x051,0x1C,    0},    {0x0A7,0x8A,    0},    {0x052,0x11,    0},
    {0x0A8,0x8A,   14},    {0x0A7,0x8D,    0},    {0x0A8,0x8D,   15},    {0x0A7,0x90,    0},
    {0x0A8,0x90,   14},    {0x0B0,0x05,    0},    {0x0B1,0x05,    0},    {0x0A7,0x8D,    0},
    {0x0A8,0x8D,   14},    {0x0B0,0x25,    0},    {0x0B1,0x25,    0},    {0x042,0x09,    0},
    {0x0B2,0x2E,    0},    {0x048,0x09,    0},    {0x0B3,0x31,    1},    {0x049,0x09,    0},
    {0x0B4,0x32,    0},    {0x04A,0x24,    0},    {0x050,0x24,    0},    {0x051,0x1D,    0},
    {0x0A7,0x8A,    0},    {0x052,0x10,    0},    {0x0A8,0x8A,   14},    {0x0A7,0x87,    0},
    {0x0A8,0x87,   14},    {0x0A7,0x84,    0},    {0x0A8,0x84,   14},    {0x0B2,0x0E,    0},
    {0x0B3,0x11,    0},    {0x0B4,0x12,    0},    {0x0A7,0x81,    0},    {0x0A8,0x81,   14},
    {0x042,0x0A,    0},    {0x048,0x0A,    0},    {0x049,0x0A,    0},    {0x051,0x1E,    0},
    {0x0A7,0x7E,    1},    {0x052,0x0F,    0},    {0x0A8,0x7E,   14},    {0x0A7,0x81,    0},
    {0x0A8,0x81,   14},    {0x04A,0x25,    0},    {0x050,0x25,    0},    {0x0A7,0x84,    0},
    {0x0A8,0x84,   14},    {0x0B0,0x05,    0},    {0x0B1,0x05,    0},    {0x0A7,0x87,    0},
    {0x0A8,0x87,   14},    {0x0B0,0x25,    0},    {0x0B1,0x29,    0},    {0x042,0x09,    0},
    {0x0B2,0x2E,    1},    {0x048,0x09,    0},    {0x0B3,0x31,    0},    {0x049,0x09,    0},
    {0x0B4,0x32,    0},    {0x051,0x1F,    0},    {0x0A7,0x8A,    0},    {0x052,0x0E,    0},
    {0x0A8,0x8A,   14},    {0x0A7,0x8D,    0},    {0x0A8,0x8D,   14},    {0x0A7,0x90,    0},
    {0x0A8,0x90,   14},    {0x0B2,0x0E,    0},    {0x0B3,0x11,    0},    {0x0B4,0x12,    0},
    {0x0A7,0x8D,    0},    {0x0A8,0x8D,   14},    {0x042,0x0A,    0},    {0x048,0x0A,    1},
    {0x049,0x0A,    0},    {0x04A,0x26,    0},    {0x050,0x26,    0},    {0x051,0x20,    0},
    {0x0A7,0x8A,    0},    {0x052,0x0D,    0},    {0x0A8,0x8A,   14},    {0x0A7,0x87,    0},
    {0x0A8,0x87,   14},    {0x0A7,0x84,    0},    {0x0A8,0x84,   14},    {0x0B0,0x05,    0},
    {0x0B1,0x09,    0},    {0x0A7,0x81,    0},    {0x0A8,0x81,   14},    {0x063,0xF7,    0},
    {0x083,0x67,    1},    {0x023,0x23,    0},    {0x080,0x02,    0},    {0x020,0x01,    0},
    {0x0E0,0x02,    0},    {0x043,0x04,    0},    {0x0B0,0x25,    0},    {0x024,0x05,    0},
    {0x081,0x09,    0},    {0x021,0x04,    0},    {0x0E1,0x00,    0},    {0x044,0x00,    0},
    {0x041,0x00,    0},    {0x0C1,0x0F,    0},    {0x0A1,0x6D,    0},    {0x0B1,0x25,    0},
    {0x042,0x0B,    0},    {0x048,0x0B,    0},    {0x049,0x0B,    0},    {0x051,0x21,    0},
    {0x0A7,0x7E,    0},    {0x052,0x0C,    0},    {0x0A8,0x7E,   14},    {0x0A1,0x59,    0},
    {0x0A7,0x81,    0},    {0x0A8,0x81,   14},    {0x0A1,0x45,    0},    {0x04A,0x27,    0},
    {0x050,0x27,    0},    {0x0A7,0x84,    0},    {0x0A8,0x84,   14},    {0x0A1,0x31,    0},
    {0x0A7,0x87,    0},    {0x0A8,0x87,   15},    {0x0A1,0x1D,    0},    {0x042,0x0C,    0},
    {0x048,0x0C,    0},    {0x049,0x0C,    0},    {0x051,0x22,    0},    {0x0A7,0x8A,    0},
    {0x052,0x0D,    0},    {0x0A8,0x8A,   14},    {0x0A1,0x09,    0},    {0x0A7,0x8D,    0},
    {0x0A8,0x8D,   14},    {0x0A1,0xF5,    0},    {0x0B1,0x24,    0},    {0x0A7,0x90,    0},
    {0x0A8,0x90,   14},    {0x0B0,0x05,    0},    {0x0A1,0xE1,    0},    {0x0B1,0x04,    1},
    {0x0A7,0x8D,    0},    {0x0A8,0x8D,   14},    {0x063,0xFF,    0},    {0x083,0x0A,    0},
    {0x023,0x0A,    0},    {0x080,0x00,    0},    {0x020,0x0F,    0},    {0x0E0,0x00,    0},
    {0x043,0x00,    0},    {0x0B0,0x25,    0},    {0x024,0x03,    0},    {0x081,0x04,    0},
    {0x021,0x00,    0},    {0x0E1,0x03,    0},    {0x044,0x02,    0},    {0x041,0x06,    0},
    {0x0C1,0x02,    0},    {0x0A1,0x81,    0},    {0x0B1,0x25,    0},    {0x042,0x09,    0},
    {0x0B2,0x2E,    0},    {0x048,0x09,    0},    {0x0B3,0x31,    0},    {0x049,0x09,    1},
    {0x0B4,0x32,    0},    {0x04A,0x28,    0},    {0x050,0x28,    0},    {0x051,0x23,    0},
    {0x0A7,0x8A,    0},    {0x052,0x0E,    0},    {0x0A8,0x8A,   13},    {0x0A7,0x87,    0},
    {0x0A8,0x87,   14},    {0x0A7,0x84,    0},    {0x0A8,0x84,   14},    {0x0B2,0x0E,    0},
    {0x0B3,0x11,    1},    {0x0B4,0x12,    0},    {0x0A7,0x81,    0},    {0x0A8,0x81,   14},
    {0x042,0x0A,    0},    {0x048,0x0A,    0},    {0x049,0x0A,    0},    {0x051,0x24,    0},
    {0x0A7,0x7E,    0},    {0x052,0x0F,    0},    {0x0A8,0x7E,   14},    {0x0A7,0x81,    0},
    {0x0A8,0x81,   14},    {0x04A,0x29,    0},    {0x050,0x29,    0},    {0x0A7,0x84,    0},
    {0x0A8,0x84,   14},    {0x0B0,0x05,    1},    {0x0B1,0x05,    0},    {0x0A7,0x87,    0},
    {0x0A8,0x87,   14},    {0x0B0,0x25,    0},    {0x0B1,0x29,    0},    {0x042,0x09,    0},
    {0x0B2,0x2E,    0},    {0x048,0x09,    0},    {0x0B3,0x31,    0},    {0x049,0x09,    0},
    {0x0B4,0x32,    0},    {0x051,0x25,    0},    {0x0A7,0x8A,    0},    {0x052,0x10,    0},
    {0x0A8,0x8A,   14},    {0x0A7,0x8D,    0},    {0x0A8,0x8D,   14},    {0x0A7,0x90,    0},
    {0x0A8,0x90,   15},    {0x0B2,0x0E,    0},    {0x0B3,0x11,    0},    {0x0B4,0x12,    0},
    {0x0A7,0x8D,    0},    {0x0A8,0x8D,   14},    {0x042,0x0A,    0},    {0x048,0x0A,    0},
    {0x049,0x0A,    0},    {0x04A,0x2A,    0},    {0x050,0x2A,    0},    {0x051,0x26,    0},
    {0x0A7,0x8A,    0},    {0x052,0x11,    0},    {0x0A8,0x8A,   14},    {0x0A7,0x87,    0},
    {0x0A8,0x87,   14},    {0x0A7,0x84,    0},    {0x0A8,0x84,   15},    {0x0B0,0x05,    0},
    {0x0B1,0x09,    0},    {0x0A7,0x81,    0},    {0x0A8,0x81,   14},    {0x0B0,0x25,    0},
    {0x0B1,0x25,    0},    {0x042,0x0B,    0},    {0x048,0x0B,    0},    {0x049,0x0B,    0},
    {0x051,0x27,    0},    {0x0A7,0x7E,    0},    {0x052,0x12,    0},    {0x0A8,0x7E,   14},
    {0x0A7,0x81,    0},    {0x0A8,0x81,   14},    {0x04A,0x2B,    1},    {0x050,0x2B,    0},
    {0x0A7,0x84,    0},    {0x0A8,0x84,   14},    {0x0B0,0x05,    0},    {0x0A7,0x87,    0},
    {0x0A8,0x87,   14},    {0x083,0xFF,    0},    {0x023,0x20,    0},    {0x080,0xFF,    0},
    {0x020,0x20,    0},    {0x043,0x3F,    0},    {0x040,0x3F,    0},    {0x0C0,0x00,    0},
    {0x042,0x0C,    0},    {0x048,0x0C,    0},    {0x049,0x0C,    0},    {0x051,0x26,    0},
    {0x0A7,0x8A,    0},    {0x052,0x13,    1},    {0x0A8,0x8A,   13},    {0x0A7,0x8D,    0},
    {0x0A8,0x8D,   15},    {0x0A7,0x90,    0},    {0x0A8,0x90,   14},    {0x0B1,0x05,    0},
    {0x054,0x04,    0},    {0x0A7,0x8D,    0},    {0x055,0x08,    0},    {0x0A8,0x8D,   14},
    {0x083,0x06,    0},    {0x023,0x04,    0},    {0x060,0xCF,    0},    {0x080,0x09,    0},
    {0x020,0x01,    0},    {0x043,0x00,    0},    {0x040,0x00,    0},    {0x0C0,0x06,    0},
    {0x0A0,0xC0,    0},    {0x0B0,0x21,    0},    {0x0A1,0xB0,    0},    {0x0B1,0x25,    1},
    {0x042,0x09,    0},    {0x0B2,0x2E,    0},    {0x048,0x09,    0},    {0x0B3,0x31,    0},
    {0x049,0x09,    0},    {0x0B4,0x32,    0},    {0x04A,0x2C,    0},    {0x050,0x2C,    0},
    {0x051,0x25,    0},    {0x0A7,0x8A,    0},    {0x052,0x14,    0},    {0x0A8,0x8A,   13},
    {0x0A0,0xB6,    0},    {0x0A7,0x87,    0},    {0x0A8,0x87,   15},    {0x0A0,0xAC,    0},
    {0x0A7,0x84,    0},    {0x0A8,0x84,   14},    {0x0A0,0xA2,    0},    {0x0B2,0x0E,    0},
    {0x0B3,0x11,    0},    {0x0B4,0x12,    0},    {0x0A7,0x81,    0},    {0x0A8,0x81,   14},
    {0x0A0,0x98,    0},    {0x042,0x0A,    0},    {0x048,0x0A,    0},    {0x049,0x0A,    0},
    {0x051,0x24,    0},    {0x0A7,0x7E,    0},    {0x052,0x15,    0},    {0x0A8,0x7E,   14},
    {0x0A0,0x8E,    0},    {0x0A7,0x81,    1},    {0x0A8,0x81,   14},    {0x0A0,0x84,    0},
    {0x04A,0x2D,    0},    {0x050,0x2D,    0},    {0x0A7,0x84,    0},    {0x0A8,0x84,   14},
    {0x0A0,0x7A,    0},    {0x0B0,0x01,    0},    {0x0B1,0x05,    0},    {0x0A7,0x87,    0},
    {0x0A8,0x87,   14},    {0x083,0x0A,    0},    {0x023,0x0A,    0},    {0x060,0xFF,    0},
    {0x080,0x00,    0},    {0x020,0x0F,    0},    {0x0C0,0x0E,    0},    {0x0A0,0x57,    0},
    {0x0B0,0x25,    0},    {0x0B1,0x25,    1},    {0x042,0x09,    0},    {0x0B2,0x2E,    0},
    {0x048,0x09,    0},    {0x0B3,0x31,    0},    {0x049,0x09,    0},    {0x0B4,0x32,    0},
    {0x051,0x23,    0},    {0x0A7,0x8A,    0},    {0x052,0x16,    0},    {0x0A8,0x8A,   14},
    {0x0A7,0x8D,    0},    {0x0A8,0x8D,   14},    {0x0A7,0x90,    0},    {0x0A8,0x90,   14},
    {0x0B2,0x0E,    0},    {0x0B3,0x11,    0},    {0x0B4,0x12,    0},    {0x0A7,0x8D,    0},
    {0x0A8,0x8D,   14},    {0x042,0x0A,    0},    {0x048,0x0A,    0},    {0x049,0x0A,    0},
    {0x04A,0x2E,    0},    {0x050,0x2E,    1},    {0x051,0x22,    0},    {0x0A7,0x8A,    0},
    {0x052,0x17,    0},    {0x0A8,0x8A,   14},    {0x0A7,0x87,    0},    {0x0A8,0x87,   14},
    {0x0A7,0x84,    0},    {0x0A8,0x84,   14},    {0x0B0,0x05,    0},    {0x0B1,0x05,    0},
    {0x0A7,0x81,    0},    {0x0A8,0x81,   14},    {0x0B0,0x25,    0},    {0x0B1,0x25,    0},
    {0x042,0x09,    0},    {0x0B2,0x2E,    1},    {0x048,0x09,    0},    {0x0B3,0x31,    0},
    {0x049,0x09,    0},    {0x0B4,0x32,    0},    {0x051,0x21,    0},    {0x0A7,0x7E,    0},
    {0x052,0x16,    0},    {0x0A8,0x7E,   14},    {0x0A7,0x81,    0},    {0x0A8,0x81,   14},
    {0x04A,0x2F,    0},    {0x050,0x2F,    0},    {0x0A7,0x84,    0},    {0x0A8,0x84,   14},
    {0x0B2,0x0E,    0},    {0x0B3,0x11,    0},    {0x0B4,0x12,    0},    {0x0A7,0x87,    0},
    {0x0A8,0x87,   14},    {0x042,0x0A,    0},    {0x048,0x0A,    1},    {0x049,0x0A,    0},
    {0x051,0x20,    0},    {0x0A7,0x8A,    0},    {0x052,0x15,    0},    {0x0A8,0x8A,   14},
    {0x0A7,0x8D,    0},    {0x0A8,0x8D,   14},    {0x0A7,0x90,    0},    {0x0A8,0x90,   14},
    {0x0B0,0x05,    0},    {0x0B1,0x05,    0},    {0x0A7,0x8D,    0},    {0x0A8,0x8D,   14},
    {0x0B0,0x25,    1},    {0x0B1,0x29,    0},    {0x042,0x0B,    0},    {0x048,0x0B,    0},
    {0x049,0x0B,    0},    {0x04A,0x30,    0},    {0x050,0x30,    0},    {0x051,0x1F,    0},
    {0x0A7,0x8A,    0},    {0x052,0x14,    0},    {0x0A8,0x8A,   14},    {0x0A7,0x87,    0},
    {0x0A8,0x87,   14},    {0x0A7,0x84,    0},    {0x0A8,0x84,   14},    {0x0A7,0x81,    0},
    {0x0A8,0x81,   15},    {0x042,0x0C,    0},    {0x048,0x0C,    0},    {0x049,0x0C,    0},
    {0x051,0x1E,    0},    {0x0A7,0x7E,    0},    {0x052,0x13,    0},    {0x0A8,0x7E,   14},
    {0x0A7,0x81,    0},    {0x0A8,0x81,   14},    {0x04A,0x2F,    0},    {0x050,0x2F,    0},
    {0x0A7,0x84,    0},    {0x0A8,0x84,   14},    {0x0B0,0x05,    0},    {0x0B1,0x09,    1},
    {0x0A7,0x87,    0},    {0x0A8,0x87,   14},    {0x063,0xF7,    0},    {0x083,0x67,    0},
    {0x023,0x23,    0},    {0x080,0x02,    0},    {0x020,0x01,    0},    {0x0E0,0x02,    0},
    {0x043,0x04,    0},    {0x0B0,0x25,    0},    {0x024,0x05,    0},    {0x081,0x09,    0},
    {0x021,0x04,    0},    {0x0E1,0x00,    0},    {0x044,0x00,    0},    {0x041,0x00,    0},
    {0x0C1,0x0F,    0},    {0x0A1,0x6D,    0},    {0x0B1,0x25,    0},    {0x042,0x09,    0},
    {0x0B2,0x2E,    0},    {0x048,0x09,    0},    {0x0B3,0x31,    0},    {0x049,0x09,    1},
    {0x0B4,0x32,    0},    {0x051,0x1D,    0},    {0x0A7,0x8A,    0},    {0x052,0x12,    0},
    {0x0A8,0x8A,   13},    {0x0A1,0x59,    0},    {0x0A7,0x8D,    0},    {0x0A8,0x8D,   14},
    {0x0A1,0x45,    0},    {0x0A7,0x90,    0},    {0x0A8,0x90,   14},    {0x0A1,0x31,    0},
    {0x0B2,0x0E,    1},    {0x0B3,0x11,    0},    {0x0B4,0x12,    0},    {0x0A7,0x8D,    0},
    {0x0A8,0x8D,   14},    {0x0A1,0x1D,    0},    {0x042,0x0A,    0},    {0x048,0x0A,    0},
    {0x049,0x0A,    0},    {0x04A,0x2E,    0},    {0x050,0x2E,    0},    {0x051,0x1C,    0},
    {0x0A7,0x8A,    0},    {0x052,0x11,    0},    {0x0A8,0x8A,   14},    {0x0A1,0x09,    0},
    {0x0A7,0x87,    0},    {0x0A8,0x87,   14},    {0x0A1,0xF5,    0},    {0x0B1,0x24,    0},
    {0x0A7,0x84,    0},    {0x0A8,0x84,   14},    {0x0B0,0x05,    1},    {0x0A1,0xE1,    0},
    {0x0B1,0x04,    0},    {0x0A7,0x81,    0},    {0x0A8,0x81,   14},    {0x063,0xFF,    0},
    {0x083,0x0A,    0},    {0x023,0x0A,    0},    {0x080,0x00,    0},    {0x020,0x0F,    0},
    {0x0E0,0x00,    0},    {0x043,0x00,    0},    {0x0B0,0x25,    0},    {0x024,0x03,    0},
    {0x081,0x04,    0},    {0x021,0x00,    0},    {0x0E1,0x03,    0},    {0x044,0x02,    0},
    {0x041,0x06,    0},    {0x0C1,0x02,    0},    {0x0A1,0x87,    0},    {0x0B1,0x22,    0},
    {0x042,0x09,    0},    {0x0B2,0x2E,    1},    {0x048,0x09,    0},    {0x0B3,0x31,    0},
    {0x049,0x09,    0},    {0x0B4,0x32,    0},    {0x051,0x1B,    0},    {0x0A7,0x7E,    0},
    {0x052,0x10,    0},    {0x0A8,0x7E,   13},    {0x0A7,0x81,    0},    {0x0A8,0x81,   14},
    {0x04A,0x2D,    0},    {0x050,0x2D,    0},    {0x0A7,0x84,    0},    {0x0A8,0x84,   15},
    {0x0B2,0x0E,    0},    {0x0B3,0x11,    0},    {0x0B4,0x12,    0},    {0x0A7,0x87,    0},
    {0x0A8,0x87,   14},    {0x042,0x0A,    0},    {0x048,0x0A,    0},    {0x049,0x0A,    0},
    {0x051,0x1A,    0},    {0x0A7,0x8A,    0},    {0x052,0x0F,    0},    {0x0A8,0x8A,   14},
    {0x0A7,0x8D,    0},    {0x0A8,0x8D,   14},    {0x0A7,0x90,    0},    {0x0A8,0x90,   15},
    {0x0B0,0x05,    0},    {0x0B1,0x02,    0},    {0x0A7,0x8D,    0},    {0x0A8,0x8D,   14},
    {0x0B0,0x25,    0},    {0x0A1,0x81,    0},    {0x0B1,0x25,    0},    {0x042,0x0B,    0},
    {0x048,0x0B,    0},    {0x049,0x0B,    0},    {0x04A,0x2C,    0},    {0x050,0x2C,    0},
    {0x051,0x19,    0},    {0x0A7,0x8A,    0},    {0x052,0x0E,    0},    {0x0A8,0x8A,   14},
    {0x0A7,0x87,    0},    {0x0A8,0x87,   15},    {0x0A7,0x84,    0},    {0x0A8,0x84,   14},
    {0x0A7,0x81,    0},    {0x0A8,0x81,   14},    {0x042,0x0C,    0},    {0x048,0x0C,    0},
    {0x049,0x0C,    0},    {0x051,0x18,    0},    {0x0A7,0x7E,    0},    {0x052,0x0D,    0},
    {0x0A8,0x7E,   14},    {0x0A7,0x81,    0},    {0x0A8,0x81,   15},    {0x04A,0x2B,    0},
    {0x050,0x2B,    0},    {0x0A7,0x84,    0},    {0x0A8,0x84,   14},    {0x0B0,0x05,    0},
    {0x0B1,0x05,    0},    {0x0A7,0x87,    0},    {0x0A8,0x87,   14},    {0x083,0x07,    0},
    {0x023,0x05,    0},    {0x080,0x09,    0},    {0x020,0x04,    0},    {0x0C0,0x0F,    0},
    {0x0A0,0x6D,    0},    {0x0B0,0x25,    0},    {0x064,0xF7,    0},    {0x084,0x67,    0},
    {0x024,0x23,    0},    {0x081,0x02,    0},    {0x021,0x01,    0},    {0x0E1,0x02,    1},
    {0x044,0x04,    0},    {0x041,0x00,    0},    {0x0C1,0x0E,    0},    {0x0A1,0x57,    0},
    {0x0B1,0x25,    0},    {0x042,0x09,    0},    {0x0B2,0x2E,    0},    {0x048,0x09,    0},
    {0x0B3,0x31,    0},    {0x049,0x09,    0},    {0x0B4,0x32,    0},    {0x051,0x17,    0},
    {0x0A7,0x8A,    0},    {0x052,0x0E,    0},    {0x0A8,0x8A,   13},    {0x0A0,0x59,    0},
    {0x0A7,0x8D,    0},    {0x0A8,0x8D,   15},    {0x0A0,0x45,    0},    {0x0A7,0x90,    0},
    {0x0A8,0x90,   14},    {0x0A0,0x31,    0},    {0x0B0,0x05,    0},    {0x0B2,0x0E,    0},
    {0x0B3,0x11,    0},    {0x0B4,0x12,    0},    {0x0A7,0x8D,    0},    {0x0A8,0x8D,   14},
    {0x083,0xFF,    0},    {0x023,0x20,    0},    {0x080,0xFF,    0},    {0x020,0x20,    0},
    {0x043,0x3F,    0},    {0x040,0x3F,    0},    {0x0C0,0x00,    0},    {0x0A0,0x1D,    0},
    {0x042,0x0A,    0},    {0x048,0x0A,    1},    {0x049,0x0A,    0},    {0x04A,0x2A,    0},
    {0x050,0x2A,    0},    {0x051,0x16,    0},    {0x0A7,0x8A,    0},    {0x052,0x0F,    0},
    {0x0A8,0x8A,   13},    {0x0A0,0x09,    0},    {0x0A7,0x87,    1},    {0x0A8,0x87,   14},
    {0x0A0,0xF5,    0},    {0x0B0,0x04,    0},    {0x0A7,0x84,    0},    {0x0A8,0x84,   14},
    {0x0A0,0xE1,    0},    {0x0B1,0x05,    0},    {0x0B5,0x09,    0},    {0x0B6,0x0A,    0},
    {0x054,0x00,    0},    {0x0B7,0x0A,    0},    {0x055,0x06,    0},    {0x0A8,0x81,    0},
    {0x0B8,0x0A,   14},    {0x083,0x06,    0},    {0x023,0x04,    0},    {0x060,0xCF,    0},
    {0x080,0x09,    0},    {0x020,0x01,    0},    {0x043,0x00,    0},    {0x040,0x00,    0},
    {0x0C0,0x06,    0},    {0x0A0,0xC0,    1},    {0x0B0,0x21,    0},    {0x064,0xFF,    0},
    {0x084,0x07,    0},    {0x024,0x03,    0},    {0x081,0x04,    0},    {0x021,0x00,    0},
    {0x0E1,0x03,    0},    {0x044,0x02,    0},    {0x041,0x06,    0},    {0x0C1,0x02,    0},
    {0x0A1,0x87,    0},    {0x0B1,0x26,    0},    {0x042,0x09,    0},    {0x0B2,0x2E,    0},
    {0x048,0x09,    0},    {0x0A3,0x81,    0},    {0x0B3,0x31,    0},    {0x049,0x09,    0},
    {0x0A4,0xE5,    0},    {0x0B4,0x31,    0},    {0x04A,0x30,    0},    {0x0A5,0x81,    0},
    {0x0B5,0x29,    1},    {0x050,0x30,    0},    {0x0A6,0xE5,    0},    {0x0B6,0x29,    0},
    {0x074,0xFF,    0},    {0x094,0x06,    0},    {0x034,0x02,    0},    {0x091,0x05,    0},
    {0x051,0x00,    0},    {0x0C7,0x00,    0},    {0x0A7,0xE5,    0},    {0x0B7,0x2D,    0},
    {0x095,0xFF,    0},    {0x035,0x20,    0},    {0x0F5,0x00,    0},    {0x092,0xFF,    0},
    {0x032,0x20,    0},    {0x0F2,0x00,    0},    {0x055,0x3F,    0},    {0x052,0x3F,    0},
    {0x0C8,0x00,    0},    {0x0A8,0x7E,   12},    {0x0A0,0xB6,    1},    {0x0A8,0x81,   14},
    {0x0A0,0xAC,    0},    {0x0A8,0x84,   14},    {0x0A0,0xA2,    0},    {0x0B2,0x0E,    0},
    {0x0B3,0x11,    0},    {0x0B4,0x11,   14},    {0x0A0,0x98,    0},    {0x042,0x0A,    0},
    {0x048,0x0A,    0},    {0x049,0x0A,    0},    {0x095,0x06,    1},    {0x035,0x02,    0},
    {0x0F5,0x01,    0},    {0x092,0x05,    0},    {0x032,0x03,    0},    {0x0F2,0x01,    0},
    {0x055,0x06,    0},    {0x052,0x00,    0},    {0x0A8,0xE5,    0},    {0x0B8,0x2D,   14},
    {0x0A0,0x8E,   14},    {0x0A0,0x84,    0},    {0x04A,0x2F,    0},    {0x050,0x2F,   14},
    {0x0A0,0x7A,    0},    {0x0B0,0x01,    0},    {0x0B1,0x06,    0},    {0x0B7,0x0D,   14},
    {0x083,0x0A,    0},    {0x023,0x0A,    0},    {0x060,0xFF,    0},    {0x080,0x00,    0},
    {0x020,0x0F,    1},    {0x0C0,0x0E,    0},    {0x0A0,0x57,    0},    {0x0B0,0x25,    0},
    {0x0B1,0x26,    0},    {0x042,0x0B,    0},    {0x048,0x0B,    0},    {0x049,0x0B,    0},
    {0x0A7,0x87,    0},    {0x0B7,0x2A,   42},    {0x0B8,0x0D,   14},    {0x042,0x0C,    0},
    {0x048,0x0C,    1},    {0x049,0x0C,    0},    {0x04A,0x2E,    0},    {0x050,0x2E,    0},
    {0x0A8,0x87,    0},    {0x0B8,0x2A,   42},    {0x0B0,0x05,    0},    {0x0B1,0x06,    0},
    {0x0B7,0x0A,   14},    {0x0B0,0x25,    1},    {0x0B1,0x26,    0},    {0x042,0x09,    0},
    {0x0B2,0x2E,    0},    {0x048,0x09,    0},    {0x0B3,0x31,    0},    {0x049,0x09,    0},
    {0x0B4,0x31,    0},    {0x0A7,0x81,    0},    {0x0B7,0x2D,   28},    {0x04A,0x2D,    0},
    {0x050,0x2D,   14},    {0x0B2,0x0E,    0},    {0x0B3,0x11,    0},    {0x0B4,0x11,    1},
    {0x0B8,0x0A,   14},    {0x042,0x0A,    0},    {0x048,0x0A,    0},    {0x049,0x0A,    0},
    {0x0A8,0x81,    0},    {0x0B8,0x2D,   42},    {0x0B0,0x05,    0},    {0x0B1,0x06,    1},
    {0x0B7,0x0D,   14},    {0x0B0,0x25,    0},    {0x0B1,0x2A,    0},    {0x042,0x09,    0},
    {0x0B2,0x2E,    0},    {0x048,0x09,    0},    {0x0B3,0x31,    0},    {0x049,0x09,    0},
    {0x0B4,0x31,    0},    {0x04A,0x2C,    0},    {0x050,0x2C,    0},    {0x0A7,0xE5,    0},
    {0x0B7,0x2D,   42},    {0x0B2,0x0E,    1},    {0x0B3,0x11,    0},    {0x0B4,0x11,    0},
    {0x0B8,0x0D,   14},    {0x042,0x0A,    0},    {0x048,0x0A,    0},    {0x049,0x0A,    0},
    {0x0A8,0xE5,    0},    {0x0B8,0x2D,   28},    {0x04A,0x2B,    0},    {0x050,0x2B,   14},
    {0x0B0,0x05,    1},    {0x0B1,0x0A,    0},    {0x0B7,0x0D,   14},    {0x063,0xF7,    0},
    {0x083,0x67,    0},    {0x023,0x23,    0},    {0x080,0x02,    0},    {0x020,0x01,    0},
    {0x0E0,0x02,    0},    {0x043,0x04,    0},    {0x0B0,0x25,    0},    {0x024,0x05,    0},
    {0x081,0x09,    0},    {0x021,0x04,    0},    {0x0E1,0x00,    0},    {0x044,0x00,    0},
    {0x041,0x00,    0},    {0x0C1,0x0F,    0},    {0x0A1,0x6D,    0},    {0x0B1,0x25,    0},
    {0x042,0x0B,    0},    {0x048,0x0B,    1},    {0x049,0x0B,    0},    {0x0A7,0x87,    0},
    {0x0B7,0x2A,   13},    {0x0A1,0x59,   14},    {0x0A1,0x45,   15},    {0x0A1,0x31,    0},
    {0x0B8,0x0D,   14},    {0x0A1,0x1D,    0},    {0x042,0x0C,    0},    {0x048,0x0C,    0},
    {0x049,0x0C,    0},    {0x04A,0x2A,    0},    {0x050,0x2A,    0},    {0x0A8,0x87,    0},
    {0x0B8,0x2A,   14},    {0x0A1,0x09,   14},    {0x0A1,0xF5,    0},    {0x0B1,0x24,   15},
    {0x0B0,0x05,    0},    {0x0A1,0xE1,    0},    {0x0B1,0x04,    0},    {0x0B7,0x0A,   14},
    {0x063,0xFF,    0},    {0x083,0x0A,    0},    {0x023,0x0A,    0},    {0x080,0x00,    0},
    {0x020,0x0F,    0},    {0x0E0,0x00,    0},    {0x043,0x00,    0},    {0x0B0,0x25,    0},
    {0x024,0x03,    0},    {0x081,0x04,    0},    {0x021,0x00,    0},    {0x0E1,0x03,    0},
    {0x044,0x02,    0},    {0x041,0x06,    0},    {0x0C1,0x02,    0},    {0x0A1,0x41,    1},
    {0x0B1,0x26,    0},    {0x042,0x09,    0},    {0x0B2,0x2E,    0},    {0x048,0x09,    0},
    {0x0B3,0x31,    0},    {0x049,0x09,    0},    {0x0B4,0x31,    0},    {0x0A7,0x81,    0},
    {0x0B7,0x2D,   27},    {0x04A,0x29,    1},    {0x050,0x29,   14},    {0x0B2,0x0E,    0},
    {0x0B3,0x11,    0},    {0x0B4,0x11,    0},    {0x0B8,0x0A,   14},    {0x042,0x0A,    0},
    {0x048,0x0A,    0},    {0x049,0x0A,    0},    {0x0A8,0x81,    0},    {0x0B8,0x2D,   43},
    {0x0B0,0x05,    0},    {0x0B1,0x06,    0},    {0x0B7,0x0D,   14},    {0x0B0,0x25,    0},
    {0x0B1,0x2A,    0},    {0x042,0x09,    0},    {0x0B2,0x2E,    0},    {0x048,0x09,    0},
    {0x0B3,0x31,    0},    {0x049,0x09,    0},    {0x0B4,0x31,    0},    {0x04A,0x28,    1},
    {0x050,0x28,    0},    {0x0A7,0xE5,    0},    {0x0B7,0x2D,   42},    {0x0B2,0x0E,    0},
    {0x0B3,0x11,    0},    {0x0B4,0x11,    0},    {0x0B8,0x0D,   14},    {0x042,0x0A,    0},
    {0x048,0x0A,    0},    {0x049,0x0A,    0},    {0x0A8,0xE5,    0},    {0x0B8,0x2D,   29},
    {0x04A,0x27,    0},    {0x050,0x27,   14},    {0x0B0,0x05,    0},    {0x0B1,0x0A,    0},
    {0x0B7,0x0D,   14},    {0x0B0,0x25,    0},    {0x0B1,0x26,    0},    {0x042,0x0B,    0},
    {0x048,0x0B,    0},    {0x049,0x0B,    1},    {0x0A7,0x87,    0},    {0x0B7,0x2A,   42},
    {0x0B0,0x05,    0},    {0x0B8,0x0D,   14},    {0x083,0xFF,    0},    {0x023,0x20,    0},
    {0x080,0xFF,    0},    {0x020,0x20,    0},    {0x043,0x3F,    0},    {0x040,0x3F,    0},
    {0x0C0,0x00,    1},    {0x042,0x0C,    0},    {0x048,0x0C,    0},    {0x049,0x0C,    0},
    {0x04A,0x26,    0},    {0x050,0x26,    0},    {0x0A8,0x87,    0},    {0x0B8,0x2A,   42},
    {0x0B1,0x06,    0},    {0x0B7,0x0A,   14},    {0x083,0x06,    0},    {0x023,0x04,    0},
    {0x060,0xCF,    0},    {0x080,0x09,    0},    {0x020,0x01,    1},    {0x043,0x00,    0},
    {0x040,0x00,    0},    {0x0C0,0x06,    0},    {0x0A0,0xC0,    0},    {0x0B0,0x21,    0},
    {0x0A1,0x87,    0},    {0x0B1,0x26,    0},    {0x042,0x09,    0},    {0x0B2,0x2E,    0},
    {0x048,0x09,    0},    {0x0B3,0x31,    0},    {0x049,0x09,    0},    {0x0B4,0x31,    0},
    {0x0A7,0x81,    0},    {0x0B7,0x2D,   14},    {0x0A0,0xB6,   14},    {0x0A0,0xAC,    0},
    {0x04A,0x25,    0},    {0x050,0x25,   14},    {0x0A0,0xA2,    0},    {0x0B2,0x0E,    0},
    {0x0B3,0x11,    0},    {0x0B4,0x11,    0},    {0x0B8,0x0A,   14},    {0x0A0,0x98,    0},
    {0x042,0x0A,    1},    {0x048,0x0A,    0},    {0x049,0x0A,    0},    {0x0A8,0x81,    0},
    {0x0B8,0x2D,   14},    {0x0A0,0x8E,   14},    {0x0A0,0x84,   14},    {0x0A0,0x7A,    0},
    {0x0B0,0x01,    0},    {0x0B1,0x06,    0},    {0x0B7,0x0D,   14},    {0x083,0x0A,    1},
    {0x023,0x0A,    0},    {0x060,0xFF,    0},    {0x080,0x00,    0},    {0x020,0x0F,    0},
    {0x0C0,0x0E,    0},    {0x0A0,0x57,    0},    {0x0B0,0x25,    0},    {0x0B1,0x26,    0},
    {0x042,0x09,    0},    {0x0B2,0x2E,    0},    {0x048,0x09,    0},    {0x0B3,0x31,    0},
    {0x049,0x09,    0},    {0x0B4,0x31,    0},    {0x04A,0x24,    0},    {0x050,0x24,    0},
    {0x0A7,0xE5,    0},    {0x0B7,0x2D,   42},    {0x0B2,0x0E,    0},    {0x0B3,0x11,    0},
    {0x0B4,0x11,    1},    {0x0B8,0x0D,   14},    {0x042,0x0A,    0},    {0x048,0x0A,    0},
    {0x049,0x0A,    0},    {0x0A8,0xE5,    0},    {0x0B8,0x2D,   28},    {0x04A,0x23,    0},
    {0x050,0x23,   14},    {0x0B0,0x05,    0},    {0x0B1,0x06,    1},    {0x0B7,0x0D,   14},
    {0x0B0,0x25,    0},    {0x0B1,0x26,    0},    {0x042,0x09,    0},    {0x0B2,0x2E,    0},
    {0x048,0x09,    0},    {0x0B3,0x31,    0},    {0x049,0x09,    0},    {0x0B4,0x31,    0},
    {0x0A7,0x81,    0},    {0x0B7,0x2D,   42},    {0x0B2,0x0E,    1},    {0x0B3,0x11,    0},
    {0x0B4,0x11,    0},    {0x0B8,0x0D,   14},    {0x042,0x0A,    0},    {0x048,0x0A,    0},
    {0x049,0x0A,    0},    {0x04A,0x22,    0},    {0x050,0x22,    0},    {0x0A8,0x81,    0},
    {0x0B8,0x2D,   43},    {0x0B0,0x05,    0},    {0x0B1,0x06,    0},    {0x0B7,0x0D,   14},
    {0x0B0,0x25,    0},    {0x0B1,0x2A,    0},    {0x042,0x0B,    0},    {0x048,0x0B,    0},
    {0x049,0x0B,    0},    {0x0A7,0x87,    0},    {0x0B7,0x2A,   28},    {0x04A,0x21,    0},
    {0x050,0x21,   15},    {0x0B8,0x0D,   14},    {0x042,0x0C,    0},    {0x048,0x0C,    0},
    {0x049,0x0C,    0},    {0x0A8,0x87,    0},    {0x0B8,0x2A,   43},    {0x0B0,0x05,    0},
    {0x0B1,0x0A,    0},    {0x0B7,0x0A,   14},    {0x063,0xF7,    0},    {0x083,0x67,    0},
    {0x023,0x23,    0},    {0x080,0x02,    0},    {0x020,0x01,    0},    {0x0E0,0x02,    0},
    {0x043,0x04,    0},    {0x0B0,0x25,    0},    {0x024,0x05,    0},    {0x081,0x09,    0},
    {0x021,0x04,    0},    {0x0E1,0x00,    0},    {0x044,0x00,    0},    {0x041,0x00,    0},
    {0x0C1,0x0F,    0},    {0x0A1,0x6D,    1},    {0x0B1,0x25,    0},    {0x042,0x09,    0},
    {0x0B2,0x2E,    0},    {0x048,0x09,    0},    {0x0B3,0x31,    0},    {0x049,0x09,    0},
    {0x0B4,0x31,    0},    {0x04A,0x20,    0},    {0x050,0x20,    0},    {0x0A7,0xE5,    0},
    {0x0B7,0x2D,   13},    {0x0A1,0x59,   14},    {0x0A1,0x45,   15},    {0x0A1,0x31,    0},
    {0x0B2,0x0E,    0},    {0x0B3,0x11,    0},    {0x0B4,0x11,    0},    {0x0B8,0x0A,   14},
    {0x0A1,0x1D,    0},    {0x042,0x0A,    0},    {0x048,0x0A,    0},    {0x049,0x0A,    0},
    {0x0A8,0xE5,    0},    {0x0B8,0x2D,   14},    {0x0A1,0x09,   15},    {0x0A1,0xF5,    0},
    {0x0B1,0x24,    0},    {0x04A,0x1F,    0},    {0x050,0x1F,   14},    {0x0B0,0x05,    0},
    {0x0A1,0xE1,    0},    {0x0B1,0x04,    0},    {0x0B7,0x0D,   14},    {0x063,0xFF,    0},
    {0x083,0x0A,    0},    {0x023,0x0A,    0},    {0x080,0x00,    0},    {0x020,0x0F,    0},
    {0x0E0,0x00,    0},    {0x043,0x00,    0},    {0x0B0,0x25,    0},    {0x024,0x03,    0},
    {0x081,0x04,    0},    {0x021,0x00,    0},    {0x0E1,0x03,    1},    {0x044,0x02,    0},
    {0x041,0x06,    0},    {0x0C1,0x02,    0},    {0x0A1,0xE5,    0},    {0x0B1,0x25,    0},
    {0x042,0x09,    0},    {0x0B2,0x2E,    0},    {0x048,0x09,    0},    {0x0B3,0x31,    0},
    {0x049,0x09,    0},    {0x0B4,0x31,    0},    {0x0A7,0x81,    0},    {0x0B7,0x2D,   42},
    {0x0B2,0x0E,    0},    {0x0B3,0x11,    0},    {0x0B4,0x11,    0},    {0x0B8,0x0D,   14},
    {0x042,0x0A,    0},    {0x048,0x0A,    0},    {0x049,0x0A,    0},    {0x04A,0x1E,    0},
    {0x050,0x1E,    0},    {0x0A8,0x81,    0},    {0x0B8,0x2D,   43},    {0x0B0,0x05,    0},
    {0x0B1,0x05,    0},    {0x0B7,0x0D,   14},    {0x0B0,0x25,    0},    {0x0A1,0x41,    0},
    {0x0B1,0x26,    0},    {0x042,0x0B,    0},    {0x048,0x0B,    0},    {0x049,0x0B,    1},
    {0x0A7,0x87,    0},    {0x0B7,0x2A,   28},    {0x04A,0x1D,    0},    {0x050,0x1D,   14},
    {0x0B8,0x0D,   14},    {0x042,0x0C,    0},    {0x048,0x0C,    0},    {0x049,0x0C,    0},
    {0x0A8,0x87,    1},    {0x0B8,0x2A,   42},    {0x0B0,0x05,    0},    {0x0B1,0x06,    0},
    {0x0B7,0x0A,   14},    {0x0B0,0x25,    0},    {0x0A1,0x87,    0},    {0x0B1,0x26,    1},
    {0x042,0x09,    0},    {0x0B2,0x2E,    0},    {0x048,0x09,    0},    {0x0B3,0x31,    0},
    {0x049,0x09,    0},    {0x0B4,0x31,    0},    {0x04A,0x1C,    0},    {0x050,0x1C,    0},
    {0x0B7,0x2A,   42},    {0x0B0,0x05,    0},    {0x0B2,0x0E,    0},    {0x0B3,0x11,    0},
    {0x0B4,0x11,    0},    {0x0B8,0x0A,   14},    {0x083,0xFF,    0},    {0x023,0x20,    0},
    {0x080,0xFF,    1},    {0x020,0x20,    0},    {0x043,0x3F,    0},    {0x040,0x3F,    0},
    {0x0C0,0x00,    0},    {0x042,0x0A,    0},    {0x048,0x0A,    0},    {0x049,0x0A,    0},
    {0x0B8,0x2A,   28},    {0x04A,0x1B,    0},    {0x050,0x1B,   14},    {0x0B1,0x06,    0},
    {0x0B7,0x0A,   14},    {0x083,0x06,    1},    {0x023,0x04,    0},    {0x060,0xCF,    0},
    {0x080,0x09,    0},    {0x020,0x01,    0},    {0x043,0x00,    0},    {0x040,0x00,    0},
    {0x0C0,0x06,    0},    {0x0A0,0xC0,    0},    {0x0B0,0x21,    0},    {0x0B1,0x26,    0},
    {0x042,0x09,    0},    {0x0B2,0x2E,    0},    {0x048,0x09,    0},    {0x0B3,0x31,    0},
    {0x049,0x09,    0},    {0x0B4,0x31,    0},    {0x0A7,0xE5,    0},    {0x0B7,0x2D,   14},
    {0x0A0,0xB6,   14},    {0x0A0,0xAC,   14},    {0x0A0,0xA2,    0},    {0x0B2,0x0E,    0},
    {0x0B3,0x11,    0},    {0x0B4,0x11,    1},    {0x0B8,0x0A,   14},    {0x0A0,0x98,    0},
    {0x042,0x0A,    0},    {0x048,0x0A,    0},    {0x049,0x0A,    0},    {0x04A,0x1A,    0},
    {0x050,0x1A,    0},    {0x0A8,0xE5,    0},    {0x0B8,0x2D,   14},    {0x0A0,0x8E,   14},
    {0x0A0,0x84,   14},    {0x0A0,0x7A,    0},    {0x0B0,0x01,    0},    {0x0B1,0x06,    1},
    {0x0B7,0x0D,   14},    {0x083,0x0A,    0},    {0x023,0x0A,    0},    {0x060,0xFF,    0},
    {0x080,0x00,    0},    {0x020,0x0F,    0},    {0x0C0,0x0E,    0},    {0x0A0,0x57,    0},
    {0x0B0,0x25,    0},    {0x0B1,0x26,    0},    {0x042,0x0B,    0},    {0x048,0x0B,    0},
    {0x049,0x0B,    0},    {0x0A7,0x87,    0},    {0x0B7,0x2A,   28},    {0x04A,0x19,    0},
    {0x050,0x19,   15},    {0x0B8,0x0D,   14},    {0x042,0x0C,    0},    {0x048,0x0C,    0},
    {0x049,0x0C,    0},    {0x0A8,0x87,    0},    {0x0B8,0x2A,   43},    {0x0B0,0x05,    0},
    {0x0B1,0x06,    0},    {0x0B7,0x0A,   14},    {0x0B0,0x25,    0},    {0x0B1,0x26,    0},
    {0x042,0x09,    0},    {0x0B2,0x2E,    0},    {0x048,0x09,    0},    {0x0B3,0x31,    0},
    {0x049,0x09,    0},    {0x0B4,0x31,    0},    {0x04A,0x18,    0},    {0x050,0x18,    0},
    {0x0A7,0x81,    0},    {0x0B7,0x2D,   43},    {0x0B2,0x0E,    0},    {0x0B3,0x11,    0},
    {0x0B4,0x11,    0},    {0x0B8,0x0A,   14},    {0x042,0x0A,    0},    {0x048,0x0A,    0},
    {0x049,0x0A,    0},    {0x0A8,0x81,    0},    {0x0B8,0x2D,   28},    {0x04A,0x17,    0},
    {0x050,0x17,   15},    {0x0B0,0x05,    0},    {0x0B1,0x06,    0},    {0x0B7,0x0D,   14},
    {0x0B0,0x25,    0},    {0x0B1,0x2A,    0},    {0x042,0x09,    0},    {0x0B2,0x2E,    0},
    {0x048,0x09,    0},    {0x0B3,0x31,    0},    {0x049,0x09,    0},    {0x0B4,0x31,    0},
    {0x0A7,0xE5,    0},    {0x0B7,0x2D,   43},    {0x0B2,0x0E,    0},    {0x0B3,0x11,    0},
    {0x0B4,0x11,    0},    {0x0B8,0x0D,   14},    {0x042,0x0A,    0},    {0x048,0x0A,    0},
    {0x049,0x0A,    0},    {0x04A,0x16,    0},    {0x050,0x16,    0},    {0x0A8,0xE5,    0},
    {0x0B8,0x2D,   43},    {0x0B0,0x05,    0},    {0x0B1,0x0A,    0},    {0x0B7,0x0D,   14},
    {0x063,0xF7,    0},    {0x083,0x67,    0},    {0x023,0x23,    0},    {0x080,0x02,    0},
    {0x020,0x01,    0},    {0x0E0,0x02,    0},    {0x043,0x04,    0},    {0x0B0,0x25,    0},
    {0x024,0x05,    0},    {0x081,0x09,    0},    {0x021,0x04,    0},    {0x0E1,0x00,    1},
    {0x044,0x00,    0},    {0x041,0x00,    0},    {0x0C1,0x0F,    0},    {0x0A1,0x6D,    0},
    {0x0B1,0x25,    0},    {0x042,0x0B,    0},    {0x048,0x0B,    0},    {0x049,0x0B,    0},
    {0x0A7,0x87,    0},    {0x0B7,0x2A,   13},    {0x0A1,0x59,   15},    {0x0A1,0x45,    0},
    {0x04A,0x15,    0},    {0x050,0x15,   14},    {0x0A1,0x31,    0},    {0x0B8,0x0D,   14},
    {0x0A1,0x1D,    0},    {0x042,0x0C,    0},    {0x048,0x0C,    0},    {0x049,0x0C,    0},
    {0x0A8,0x87,    0},    {0x0B8,0x2A,   14},    {0x0A1,0x09,   15},    {0x0A1,0xF5,    0},
    {0x0B1,0x24,   14},    {0x0B0,0x05,    0},    {0x0A1,0xE1,    0},    {0x0B1,0x04,    0},
    {0x0B7,0x0A,   14},    {0x063,0xFF,    0},    {0x083,0x0A,    0},    {0x023,0x0A,    0},
    {0x080,0x00,    0},    {0x020,0x0F,    0},    {0x0E0,0x00,    0},    {0x043,0x00,    0},
    {0x0B0,0x25,    1},    {0x024,0x03,    0},    {0x081,0x04,    0},    {0x021,0x00,    0},
    {0x0E1,0x03,    0},    {0x044,0x02,    0},    {0x041,0x06,    0},    {0x0C1,0x02,    0},
    {0x0A1,0x41,    0},    {0x0B1,0x26,    0},    {0x042,0x09,    0},    {0x0B2,0x2E,    0},
    {0x048,0x09,    0},    {0x0B3,0x31,    0},    {0x049,0x09,    0},    {0x0B4,0x31,    0},
    {0x04A,0x14,    0},    {0x050,0x14,    0},    {0x0A7,0x81,    0},    {0x0B7,0x2D,   42},
    {0x0B2,0x0E,    0},    {0x0B3,0x11,    0},    {0x0B4,0x11,    0},    {0x0B8,0x0A,   14},
    {0x042,0x0A,    0},    {0x048,0x0A,    0},    {0x049,0x0A,    1},    {0x0A8,0x81,    0},
    {0x0B8,0x2D,   28},    {0x04A,0x13,    0},    {0x050,0x13,   14},    {0x0B0,0x05,    0},
    {0x0B1,0x06,    0},    {0x0B7,0x0D,   14},    {0x0B0,0x25,    0},    {0x0B1,0x2A,    0},
    {0x042,0x09,    1},    {0x0B2,0x2E,    0},    {0x048,0x09,    0},    {0x0B3,0x31,    0},
    {0x049,0x09,    0},    {0x0B4,0x31,    0},    {0x0A7,0xE5,    0},    {0x0B7,0x2D,   42},
    {0x0B2,0x0E,    0},    {0x0B3,0x11,    0},    {0x0B4,0x11,    0},    {0x0B8,0x0D,   14},
    {0x042,0x0A,    1},    {0x048,0x0A,    0},    {0x049,0x0A,    0},    {0x04A,0x12,    0},
    {0x050,0x12,    0},    {0x0A8,0xE5,    0},    {0x0B8,0x2D,   42},    {0x0B0,0x05,    0},
    {0x0B1,0x0A,    0},    {0x0B7,0x0D,   15},    {0x0B0,0x25,    0},    {0x0B1,0x26,    0},
    {0x042,0x0B,    0},    {0x048,0x0B,    0},    {0x049,0x0B,    0},    {0x0A7,0x87,    0},
    {0x0B7,0x2A,   28},    {0x04A,0x11,    0},    {0x050,0x11,   14},    {0x0B0,0x05,    0},
    {0x0B8,0x0D,   15},    {0x083,0xFF,    0},    {0x023,0x20,    0},    {0x080,0xFF,    0},
    {0x020,0x20,    0},    {0x043,0x3F,    0},    {0x040,0x3F,    0},    {0x0C0,0x00,    0},
    {0x042,0x0C,    0},    {0x048,0x0C,    0},    {0x049,0x0C,    0},    {0x0A8,0x87,    0},
    {0x0B8,0x2A,   42},    {0x0B1,0x06,    1},    {0x0B7,0x0A,   14},    {0x083,0x06,    0},
    {0x023,0x04,    0},    {0x060,0xCF,    0},    {0x080,0x09,    0},    {0x020,0x01,    0},
    {0x043,0x00,    0},    {0x040,0x00,    0},    {0x0C0,0x06,    0},    {0x0A0,0xC0,    0},
    {0x0B0,0x21,    0},    {0x0A1,0x87,    0},    {0x0B1,0x26,    0},    {0x042,0x09,    0},
    {0x0B2,0x2E,    0},    {0x048,0x09,    0},    {0x0B3,0x31,    0},    {0x049,0x09,    0},
    {0x0B4,0x31,    0},    {0x04A,0x10,    0},    {0x050,0x10,    1},    {0x0A7,0x81,    0},
    {0x0B7,0x2D,   13},    {0x0A0,0xB6,   14},    {0x0A0,0xAC,   14},    {0x0A0,0xA2,    1},
    {0x0B2,0x0E,    0},    {0x0B3,0x11,    0},    {0x0B4,0x11,    0},    {0x0B8,0x0A,   14},
    {0x0A0,0x98,    0},    {0x042,0x0A,    0},    {0x048,0x0A,    0},    {0x049,0x0A,    0},
    {0x0A8,0x81,    0},    {0x0B8,0x2D,   14},    {0x0A0,0x8E,   14},    {0x0A0,0x84,    0},
    {0x04A,0x0F,    0},    {0x050,0x0F,   15},    {0x0A0,0x7A,    0},    {0x0B0,0x01,    0},
    {0x0B1,0x06,    0},    {0x0B7,0x0D,   14},    {0x083,0x0A,    0},    {0x023,0x0A,    0},
    {0x060,0xFF,    0},    {0x080,0x00,    0},    {0x020,0x0F,    0},    {0x0C0,0x0E,    0},
    {0x0A0,0x57,    0},    {0x0B0,0x25,    0},    {0x0B1,0x26,    0},    {0x042,0x09,    0},
    {0x0B2,0x2E,    0},    {0x048,0x09,    0},    {0x0B3,0x31,    0},    {0x049,0x09,    0},
    {0x0B4,0x31,    1},    {0x0A7,0xE5,    0},    {0x0B7,0x2D,   42},    {0x0B2,0x0E,    0},
    {0x0B3,0x11,    0},    {0x0B4,0x11,    0},    {0x0B8,0x0D,   14},    {0x042,0x0A,    0},
    {0x048,0x0A,    0},    {0x049,0x0A,    0},    {0x04A,0x0E,    0},    {0x050,0x0E,    0},
    {0x0A8,0xE5,    0},    {0x0B8,0x2D,   43},    {0x0B0,0x05,    0},    {0x0B1,0x06,    0},
    {0x0B7,0x0D,   14},    {0x0B0,0x25,    0},    {0x0B1,0x26,    0},    {0x042,0x09,    0},
    {0x0B2,0x2E,    0},    {0x048,0x09,    0},    {0x0B3,0x31,    0},    {0x049,0x09,    0},
    {0x0B4,0x31,    0},    {0x0A7,0x81,    0},    {0x0B7,0x2D,   29},    {0x04A,0x0D,    0},
    {0x050,0x0D,   14},    {0x0B2,0x0E,    0},    {0x0B3,0x11,    0},    {0x0B4,0x11,    0},
    {0x0B8,0x0D,   14},    {0x042,0x0A,    0},    {0x048,0x0A,    0},    {0x049,0x0A,    0},
    {0x0A8,0x81,    0},    {0x0B8,0x2D,   43},    {0x0B0,0x05,    0},    {0x0B1,0x06,    0},
    {0x0B7,0x0D,   14},    {0x0B0,0x25,    0},    {0x0B1,0x2A,    0},    {0x042,0x0B,    0},
    {0x048,0x0B,    0},    {0x049,0x0B,    0},    {0x04A,0x0C,    0},    {0x050,0x0C,    0},
    {0x0A7,0x87,    1},    {0x0B7,0x2A,   42},    {0x0B8,0x0D,   14},    {0x042,0x0C,    0},
    {0x048,0x0C,    0},    {0x049,0x0C,    0},    {0x0A8,0x87,    0},    {0x0B8,0x2A,   29},
    {0x04A,0x0B,    0},    {0x050,0x0B,   14},    {0x0B0,0x05,    0},    {0x0B1,0x0A,    0},
    {0x0B7,0x0A,   14},    {0x063,0xF7,    0},    {0x083,0x67,    0},    {0x023,0x23,    0},
    {0x080,0x02,    0},    {0x020,0x01,    0},    {0x0E0,0x02,    0},    {0x043,0x04,    0},
    {0x0B0,0x25,    1},    {0x024,0x05,    0},    {0x081,0x09,    0},    {0x021,0x04,    0},
    {0x0E1,0x00,    0},    {0x044,0x00,    0},    {0x041,0x00,    0},    {0x0C1,0x0F,    0},
    {0x0A1,0x6D,    0},    {0x0B1,0x25,    0},    {0x042,0x09,    0},    {0x0B2,0x2E,    0},
    {0x048,0x09,    0},    {0x0B3,0x31,    0},    {0x049,0x09,    0},    {0x0B4,0x31,    0},
    {0x0A7,0xE5,    0},    {0x0B7,0x2D,   14},    {0x0A1,0x59,   14},    {0x0A1,0x45,   14},
    {0x0A1,0x31,    0},    {0x0B2,0x0E,    0},    {0x0B3,0x11,    0},    {0x0B4,0x11,    0},
    {0x0B8,0x0A,   14},    {0x0A1,0x1D,    0},    {0x042,0x0A,    0},    {0x048,0x0A,    0},
    {0x049,0x0A,    1},    {0x04A,0x0A,    0},    {0x050,0x0A,    0},    {0x0A8,0xE5,    0},
    {0x0B8,0x2D,   14},    {0x0A1,0x09,   14},    {0x0A1,0xF5,    0},    {0x0B1,0x24,   14},
    {0x0B0,0x05,    0},    {0x0A1,0xE1,    0},    {0x0B1,0x04,    0},    {0x0B7,0x0D,   14},
    {0x063,0xFF,    0},    {0x083,0x0A,    0},    {0x023,0x0A,    0},    {0x080,0x00,    1},
    {0x020,0x0F,    0},    {0x0E0,0x00,    0},    {0x043,0x00,    0},    {0x0B0,0x25,    0},
    {0x024,0x03,    0},    {0x081,0x04,    0},    {0x021,0x00,    0},    {0x0E1,0x03,    0},
    {0x044,0x02,    0},    {0x041,0x06,    0},    {0x0C1,0x02,    0},    {0x0A1,0xE5,    0},
    {0x0B1,0x25,    0},    {0x042,0x09,    0},    {0x0B2,0x2E,    0},    {0x048,0x09,    0},
    {0x0B3,0x31,    0},    {0x049,0x09,    0},    {0x0B4,0x31,    0},    {0x0A7,0x81,    0},
    {0x0B7,0x2D,   28},    {0x04A,0x09,    0},    {0x050,0x09,   14},    {0x0B2,0x0E,    0},
    {0x0B3,0x11,    0},    {0x0B4,0x11,    0},    {0x0B8,0x0D,   14},    {0x042,0x0A,    1},
    {0x048,0x0A,    0},    {0x049,0x0A,    0},    {0x0A8,0x81,    0},    {0x0B8,0x2D,   42},
    {0x0B0,0x05,    0},    {0x0B1,0x05,    0},    {0x0B7,0x0D,   15},    {0x0B0,0x25,    0},
    {0x0A1,0x41,    0},    {0x0B1,0x26,    0},    {0x042,0x0B,    0},    {0x048,0x0B,    0},
    {0x049,0x0B,    0},    {0x04A,0x08,    0},    {0x050,0x08,    0},    {0x0A7,0x87,    0},
    {0x0B7,0x2A,   42},    {0x0B8,0x0D,   15},    {0x042,0x0C,    0},    {0x048,0x0C,    0},
    {0x049,0x0C,    0},    {0x0A8,0x87,    0},    {0x0B8,0x2A,   28},    {0x04A,0x07,    0},
    {0x050,0x07,   14},    {0x0B0,0x05,    0},    {0x0B1,0x06,    1},    {0x0B7,0x0A,   14},
    {0x0B0,0x25,    0},    {0x0A1,0x87,    0},    {0x0B1,0x26,    0},    {0x042,0x09,    0},
    {0x0B2,0x2E,    0},    {0x048,0x09,    0},    {0x0B3,0x31,    0},    {0x049,0x09,    0},
    {0x0B4,0x31,    0},    {0x0B7,0x2A,   42},    {0x0B0,0x05,    1},    {0x0B2,0x0E,    0},
    {0x0B3,0x11,    0},    {0x0B4,0x11,    0},    {0x0B8,0x0A,   14},    {0x083,0xFF,    0},
    {0x023,0x20,    0},    {0x080,0xFF,    0},    {0x020,0x20,    0},    {0x043,0x3F,    0},
    {0x040,0x3F,    0},    {0x0C0,0x00,    0},    {0x042,0x0A,    0},    {0x048,0x0A,    0},
    {0x049,0x0A,    0},    {0x04A,0x08,    0},    {0x050,0x08,    0},    {0x0B8,0x2A,   43},
    {0x0B1,0x06,    0},    {0x0B7,0x0A,   14},    {0x083,0x06,    0},    {0x023,0x04,    0},
    {0x060,0xCF,    0},    {0x080,0x09,    0},    {0x020,0x01,    0},    {0x043,0x00,    0},
    {0x040,0x00,    0},    {0x0C0,0x06,    0},    {0x0A0,0xC0,    0},    {0x0B0,0x21,    0},
    {0x0A1,0xE5,    0},    {0x0B1,0x25,    0},    {0x042,0x09,    0},    {0x0B2,0x2E,    0},
    {0x048,0x09,    0},    {0x0A3,0x6B,    0},    {0x0B3,0x31,    1},    {0x049,0x09,    0},
    {0x0B4,0x31,    0},    {0x0A5,0x6B,    0},    {0x0A7,0xE5,    0},    {0x0B7,0x2D,   13},
    {0x0A0,0xB6,   14},    {0x0A0,0xAC,    0},    {0x04A,0x09,    0},    {0x050,0x09,   15},
    {0x0A0,0xA2,    0},    {0x0B2,0x0E,    0},    {0x0B3,0x11,    0},    {0x0B4,0x11,    0},
    {0x0B8,0x0A,   14},    {0x0A0,0x98,    0},    {0x042,0x0A,    0},    {0x048,0x0A,    0},
    {0x049,0x0A,    0},    {0x0A8,0xE5,    0},    {0x0B8,0x2D,   14},    {0x0A0,0x8E,   14},
    {0x0A0,0x84,   15},    {0x0A0,0x7A,    0},    {0x0B0,0x01,    0},    {0x0B1,0x05,    0},
    {0x0B7,0x0D,   14},    {0x083,0x0A,    0},    {0x023,0x0A,    0},    {0x060,0xFF,    0},
    {0x080,0x00,    0},    {0x020,0x0F,    0},    {0x0C0,0x0E,    0},    {0x0A0,0x57,    0},
    {0x0B0,0x25,    0},    {0x0B1,0x25,    0},    {0x042,0x0B,    0},    {0x048,0x0B,    0},
    {0x049,0x0B,    0},    {0x04A,0x0A,    1},    {0x050,0x0A,    0},    {0x0A7,0x87,    0},
    {0x0B7,0x2A,   42},    {0x0B8,0x0D,   14},    {0x042,0x0C,    0},    {0x048,0x0C,    0},
    {0x049,0x0C,    0},    {0x0A8,0x87,    0},    {0x0B8,0x2A,   29},    {0x04A,0x0B,    0},
    {0x050,0x0B,   14},    {0x0B0,0x05,    0},    {0x0B1,0x05,    0},    {0x0B7,0x0A,   14},
    {0x0B0,0x25,    0},    {0x0B1,0x25,    0},    {0x042,0x09,    0},    {0x0B2,0x2E,    0},
    {0x048,0x09,    0},    {0x0B3,0x31,    0},    {0x049,0x09,    0},    {0x0B4,0x31,    1},
    {0x0A7,0x6B,    0},    {0x0B7,0x2D,   42},    {0x0B2,0x0E,    0},    {0x0B3,0x11,    0},
    {0x0B4,0x11,    0},    {0x0B8,0x0A,   14},    {0x042,0x0A,    0},    {0x048,0x0A,    0},
    {0x049,0x0A,    0},    {0x04A,0x0C,    0},    {0x050,0x0C,    0},    {0x0A8,0x6B,    1},
    {0x0B8,0x2D,   42},    {0x0B0,0x05,    0},    {0x0B1,0x05,    0},    {0x0B7,0x0D,   14},
    {0x0B0,0x25,    0},    {0x0B1,0x29,    0},    {0x042,0x09,    0},    {0x0B2,0x2E,    0},
    {0x048,0x09,    1},    {0x0B3,0x31,    0},    {0x049,0x09,    0},    {0x0B4,0x31,    0},
    {0x0A7,0xE5,    0},    {0x0B7,0x2D,   28},    {0x04A,0x0D,    0},    {0x050,0x0D,   14},
    {0x0B2,0x0E,    0},    {0x0B3,0x11,    0},    {0x0B4,0x11,    0},    {0x0B8,0x0D,   14},
    {0x042,0x0A,    0},    {0x048,0x0A,    0},    {0x049,0x0A,    1},    {0x0A8,0xE5,    0},
    {0x0B8,0x2D,   42},    {0x0B0,0x05,    0},    {0x0B1,0x09,    0},    {0x0B7,0x0D,   14},
    {0x063,0xF7,    0},    {0x083,0x67,    0},    {0x023,0x23,    0},    {0x080,0x02,    1},
    {0x020,0x01,    0},    {0x0E0,0x02,    0},    {0x043,0x04,    0},    {0x0B0,0x25,    0},
    {0x024,0x05,    0},    {0x081,0x09,    0},    {0x021,0x04,    0},    {0x0E1,0x00,    0},
    {0x044,0x00,    0},    {0x041,0x00,    0},    {0x0C1,0x0F,    0},    {0x0A1,0x6D,    0},
    {0x0B1,0x25,    0},    {0x042,0x0B,    0},    {0x048,0x0B,    0},    {0x049,0x0B,    0},
    {0x04A,0x0E,    0},    {0x050,0x0E,    0},    {0x0A7,0x87,    0},    {0x0B7,0x2A,   14},
    {0x0A1,0x59,   14},    {0x0A1,0x45,   14},    {0x0A1,0x31,    0},    {0x0B8,0x0D,   14},
    {0x0A1,0x1D,    1},    {0x042,0x0C,    0},    {0x048,0x0C,    0},    {0x049,0x0C,    0},
    {0x0A8,0x87,    0},    {0x0B8,0x2A,   14},    {0x0A1,0x09,   14},    {0x0A1,0xF5,    0},
    {0x0B1,0x24,    0},    {0x04A,0x0F,    0},    {0x050,0x0F,   14},    {0x0B0,0x05,    0},
    {0x0A1,0xE1,    0},    {0x0B1,0x04,    1},    {0x0B7,0x0A,   14},    {0x063,0xFF,    0},
    {0x083,0x0A,    0},    {0x023,0x0A,    0},    {0x080,0x00,    0},    {0x020,0x0F,    0},
    {0x0E0,0x00,    0},    {0x043,0x00,    0},    {0x0B0,0x25,    0},    {0x024,0x03,    0},
    {0x081,0x04,    0},    {0x021,0x00,    0},    {0x0E1,0x03,    0},    {0x044,0x02,    0},
    {0x041,0x06,    0},    {0x0C1,0x02,    0},    {0x0A1,0xB0,    0},    {0x0B1,0x25,    0},
    {0x042,0x09,    0},    {0x0B2,0x2E,    0},    {0x048,0x09,    0},    {0x0B3,0x31,    0},
    {0x049,0x09,    0},    {0x0B4,0x31,    1},    {0x0A7,0x6B,    0},    {0x0B7,0x2D,   41},
    {0x0B2,0x0E,    0},    {0x0B3,0x11,    0},    {0x0B4,0x11,    1},    {0x0B8,0x0A,   14},
    {0x042,0x0A,    0},    {0x048,0x0A,    0},    {0x049,0x0A,    0},    {0x04A,0x10,    0},
    {0x050,0x10,    0},    {0x0A8,0x6B,    0},    {0x0B8,0x2D,   42},    {0x0B0,0x05,    0},
    {0x0B1,0x05,    1},    {0x0B7,0x0D,   14},    {0x0B0,0x25,    0},    {0x0B1,0x29,    0},
    {0x042,0x09,    0},    {0x0B2,0x2E,    0},    {0x048,0x09,    0},    {0x0B3,0x31,    0},
    {0x049,0x09,    0},    {0x0B4,0x31,    0},    {0x0A7,0xE5,    0},    {0x0B7,0x2D,   28},
    {0x04A,0x11,    0},    {0x050,0x11,   15},    {0x0B2,0x0E,    0},    {0x0B3,0x11,    0},
    {0x0B4,0x11,    0},    {0x0B8,0x0D,   14},    {0x042,0x0A,    0},    {0x048,0x0A,    0},
    {0x049,0x0A,    0},    {0x0A8,0xE5,    0},    {0x0B8,0x2D,   43},    {0x0B0,0x05,    0},
    {0x0B1,0x09,    0},    {0x0B7,0x0D,   14},    {0x0B0,0x25,    0},    {0x0B1,0x25,    0},
    {0x042,0x0B,    0},    {0x048,0x0B,    0},    {0x049,0x0B,    0},    {0x04A,0x12,    0},
    {0x050,0x12,    0},    {0x0A7,0x87,    0},    {0x0B7,0x2A,   43},    {0x0B0,0x05,    0},
    {0x0B8,0x0D,   14},    {0x083,0xFF,    0},    {0x023,0x20,    0},    {0x080,0xFF,    0},
    {0x020,0x20,    0},    {0x043,0x3F,    0},    {0x040,0x3F,    0},    {0x0C0,0x00,    0},
    {0x042,0x0C,    0},    {0x048,0x0C,    0},    {0x049,0x0C,    0},    {0x0A8,0x87,    0},
    {0x0B8,0x2A,   28},    {0x04A,0x13,    1},    {0x050,0x13,   14},    {0x0B1,0x05,    0},
    {0x0B7,0x0A,   14},    {0x083,0x06,    0},    {0x023,0x04,    0},    {0x060,0xCF,    0},
    {0x080,0x09,    0},    {0x020,0x01,    0},    {0x043,0x00,    0},    {0x040,0x00,    0},
    {0x0C0,0x06,    0},    {0x0A0,0xC0,    0},    {0x0B0,0x21,    0},    {0x0A1,0xE5,    0},
    {0x0B1,0x25,    0},    {0x042,0x09,    0},    {0x0B2,0x2E,    1},    {0x048,0x09,    0},
    {0x0B3,0x31,    0},    {0x049,0x09,    0},    {0x0B4,0x31,    0},    {0x0A7,0x6B,    0},
    {0x0B7,0x2D,   13},    {0x0A0,0xB6,   14},    {0x0A0,0xAC,   15},    {0x0A0,0xA2,    0},
    {0x0B2,0x0E,    0},    {0x0B3,0x11,    0},    {0x0B4,0x11,    0},    {0x0B8,0x0A,   14},
    {0x0A0,0x98,    0},    {0x042,0x0A,    0},    {0x048,0x0A,    0},    {0x049,0x0A,    0},
    {0x04A,0x14,    0},    {0x050,0x14,    0},    {0x0A8,0x6B,    0},    {0x0B8,0x2D,   14},
    {0x0A0,0x8E,   15},    {0x0A0,0x84,   14},    {0x0A0,0x7A,    0},    {0x0B0,0x01,    0},
    {0x0B1,0x05,    0},    {0x0B7,0x0D,   14},    {0x083,0x0A,    0},    {0x023,0x0A,    0},
    {0x060,0xFF,    0},    {0x080,0x00,    0},    {0x020,0x0F,    0},    {0x0C0,0x0E,    0},
    {0x0A0,0x57,    0},    {0x0B0,0x25,    0},    {0x0B1,0x25,    0},    {0x042,0x09,    1},
    {0x0B2,0x2E,    0},    {0x048,0x09,    0},    {0x0B3,0x31,    0},    {0x049,0x09,    0},
    {0x0B4,0x31,    0},    {0x0A7,0xE5,    0},    {0x0B7,0x2D,   28},    {0x04A,0x15,    0},
    {0x050,0x15,   14},    {0x0B2,0x0E,    0},    {0x0B3,0x11,    0},    {0x0B4,0x11,    0},
    {0x0B8,0x0D,   14},    {0x042,0x0A,    0},    {0x048,0x0A,    0},    {0x049,0x0A,    0},
    {0x0A8,0xE5,    0},    {0x0B8,0x2D,   43},    {0x0B0,0x05,    0},    {0x0B1,0x05,    0},
    {0x0B7,0x0D,   14},    {0x0B0,0x25,    0},    {0x0B1,0x25,    0},    {0x042,0x09,    0},
    {0x0B2,0x2E,    0},    {0x048,0x09,    1},    {0x0B3,0x31,    0},    {0x049,0x09,    0},
    {0x0B4,0x31,    0},    {0x04A,0x16,    0},    {0x050,0x16,    0},    {0x0A7,0x6B,    0},
    {0x0B7,0x2D,   42},    {0x0B2,0x0E,    0},    {0x0B3,0x11,    0},    {0x0B4,0x11,    0},
    {0x0B8,0x0D,   14},    {0x042,0x0A,    0},    {0x048,0x0A,    0},    {0x049,0x0A,    1},
    {0x0A8,0x6B,    0},    {0x0B8,0x2D,   28},    {0x04A,0x17,    0},    {0x050,0x17,   14},
    {0x0B0,0x05,    0},    {0x0B1,0x05,    0},    {0x0B7,0x0D,   14},    {0x0B0,0x25,    0},
    {0x0B1,0x29,    1},    {0x042,0x0B,    0},    {0x048,0x0B,    0},    {0x049,0x0B,    0},
    {0x0A7,0x87,    0},    {0x0B7,0x2A,   42},    {0x0B8,0x0D,   14},    {0x042,0x0C,    1},
    {0x048,0x0C,    0},    {0x049,0x0C,    0},    {0x04A,0x18,    0},    {0x050,0x18,    0},
    {0x0A8,0x87,    0},    {0x0B8,0x2A,   42},    {0x0B0,0x05,    0},    {0x0B1,0x09,    0},
    {0x0B7,0x0A,   15},    {0x063,0xF7,    0},    {0x083,0x67,    0},    {0x023,0x23,    0},
    {0x080,0x02,    0},    {0x020,0x01,    0},    {0x0E0,0x02,    0},    {0x043,0x04,    0},
    {0x0B0,0x25,    0},    {0x024,0x05,    0},    {0x081,0x09,    0},    {0x021,0x04,    0},
    {0x0E1,0x00,    0},    {0x044,0x00,    0},    {0x041,0x00,    0},    {0x0C1,0x0F,    0},
    {0x0A1,0x6D,    0},    {0x0B1,0x25,    0},    {0x042,0x09,    0},    {0x0B2,0x2E,    0},
    {0x048,0x09,    0},    {0x0B3,0x31,    0},    {0x049,0x09,    0},    {0x0B4,0x31,    1},
    {0x0A7,0xE5,    0},    {0x0B7,0x2D,   13},    {0x0A1,0x59,   14},    {0x0A1,0x45,    0},
    {0x04A,0x19,    0},    {0x050,0x19,   14},    {0x0A1,0x31,    0},    {0x0B2,0x0E,    0},
    {0x0B3,0x11,    1},    {0x0B4,0x11,    0},    {0x0B8,0x0A,   14},    {0x0A1,0x1D,    0},
    {0x042,0x0A,    0},    {0x048,0x0A,    0},    {0x049,0x0A,    0},    {0x0A8,0xE5,    0},
    {0x0B8,0x2D,   14},    {0x0A1,0x09,   14},    {0x0A1,0xF5,    0},    {0x0B1,0x24,   14},
    {0x0B0,0x05,    0},    {0x0A1,0xE1,    1},    {0x0B1,0x04,    0},    {0x0B7,0x0D,   14},
    {0x063,0xFF,    0},    {0x083,0x0A,    0},    {0x023,0x0A,    0},    {0x080,0x00,    0},
    {0x020,0x0F,    0},    {0x0E0,0x00,    0},    {0x043,0x00,    0},    {0x0B0,0x25,    0},
    {0x024,0x03,    0},    {0x081,0x04,    0},    {0x021,0x00,    0},    {0x0E1,0x03,    0},
    {0x044,0x02,    0},    {0x041,0x06,    0},    {0x0C1,0x02,    0},    {0x0A1,0x6B,    0},
    {0x0B1,0x25,    0},    {0x042,0x09,    0},    {0x0B2,0x2E,    0},    {0x048,0x09,    1},
    {0x0B3,0x31,    0},    {0x049,0x09,    0},    {0x0B4,0x31,    0},    {0x04A,0x1A,    0},
    {0x050,0x1A,    0},    {0x0A7,0x6B,    0},    {0x0B7,0x2D,   42},    {0x0B2,0x0E,    0},
    {0x0B3,0x11,    0},    {0x0B4,0x11,    0},    {0x0B8,0x0D,   14},    {0x042,0x0A,    0},
    {0x048,0x0A,    0},    {0x049,0x0A,    0},    {0x0A8,0x6B,    0},    {0x0B8,0x2D,   28},
    {0x04A,0x1B,    0},    {0x050,0x1B,   15},    {0x0B0,0x05,    0},    {0x0B1,0x05,    0},
    {0x0B7,0x0D,   14},    {0x0B0,0x25,    0},    {0x0A1,0xB0,    0},    {0x0B1,0x25,    0},
    {0x042,0x0B,    0},    {0x048,0x0B,    0},    {0x049,0x0B,    0},    {0x0A7,0x87,    0},
    {0x0B7,0x2A,   43},    {0x0B8,0x0D,   14},    {0x042,0x0C,    0},    {0x048,0x0C,    0},
    {0x049,0x0C,    0},    {0x04A,0x1C,    0},    {0x050,0x1C,    0},    {0x0A8,0x87,    0},
    {0x0B8,0x2A,   43},    {0x0B0,0x05,    0},    {0x0B1,0x05,    0},    {0x0B7,0x0A,   14},
    {0x0B0,0x25,    0},    {0x0A1,0xE5,    0},    {0x0B1,0x25,    0},    {0x042,0x09,    0},
    {0x0B2,0x2E,    0},    {0x048,0x09,    0},    {0x0B3,0x31,    0},    {0x049,0x09,    0},
    {0x0B4,0x31,    0},    {0x0B7,0x2A,   29},    {0x04A,0x1D,    0},    {0x050,0x1D,   14},
    {0x0B0,0x05,    0},    {0x0B2,0x0E,    0},    {0x0B3,0x11,    0},    {0x0B4,0x11,    0},
    {0x0B8,0x0A,   14},    {0x083,0xFF,    0},    {0x023,0x20,    0},    {0x080,0xFF,    0},
    {0x020,0x20,    0},    {0x043,0x3F,    0},    {0x040,0x3F,    0},    {0x0C0,0x00,    0},
    {0x042,0x0A,    0},    {0x048,0x0A,    0},    {0x049,0x0A,    1},    {0x0B8,0x2A,   42},
    {0x0B1,0x05,    0},    {0x0B7,0x0A,   14},    {0x083,0x06,    0},    {0x023,0x04,    0},
    {0x060,0xCF,    0},    {0x080,0x09,    0},    {0x020,0x01,    0},    {0x043,0x00,    0},
    {0x040,0x00,    0},    {0x0C0,0x06,    0},    {0x0A0,0xC0,    0},    {0x0B0,0x21,    1},
    {0x0B1,0x25,    0},    {0x042,0x09,    0},    {0x0B2,0x2E,    0},    {0x048,0x09,    0},
    {0x0B3,0x31,    0},    {0x049,0x09,    0},    {0x0B4,0x31,    0},    {0x04A,0x1E,    0},
    {0x050,0x1E,    0},    {0x0A7,0xE5,    0},    {0x0B7,0x2D,   13},    {0x0A0,0xB6,   15},
    {0x0A0,0xAC,   14},    {0x0A0,0xA2,    0},    {0x0B2,0x0E,    0},    {0x0B3,0x11,    0},
    {0x0B4,0x11,    0},    {0x0B8,0x0A,   14},    {0x0A0,0x98,    0},    {0x042,0x0A,    0},
    {0x048,0x0A,    0},    {0x049,0x0A,    0},    {0x0A8,0xE5,    0},    {0x0B8,0x2D,   14},
    {0x0A0,0x8E,   15},    {0x0A0,0x84,    0},    {0x04A,0x1F,    0},    {0x050,0x1F,   14},
    {0x0A0,0x7A,    0},    {0x0B0,0x01,    0},    {0x0B1,0x05,    0},    {0x0B7,0x0D,   14},
    {0x083,0x0A,    0},    {0x023,0x0A,    0},    {0x060,0xFF,    0},    {0x080,0x00,    0},
    {0x020,0x0F,    0},    {0x0C0,0x0E,    0},    {0x0A0,0x57,    1},    {0x0B0,0x25,    0},
    {0x0B1,0x25,    0},    {0x042,0x0B,    0},    {0x048,0x0B,    0},    {0x049,0x0B,    0},
    {0x0A7,0x87,    0},    {0x0B7,0x2A,   42},    {0x0B8,0x0D,   14},    {0x042,0x0C,    0},
    {0x048,0x0C,    0},    {0x049,0x0C,    1},    {0x04A,0x20,    0},    {0x050,0x20,    0},
    {0x0A8,0x87,    0},    {0x0B8,0x2A,   42},    {0x0B0,0x05,    0},    {0x0B1,0x05,    0},
    {0x0B7,0x0A,   14},    {0x0B0,0x25,    0},    {0x0B1,0x25,    1},    {0x042,0x09,    0},
    {0x0B2,0x2E,    0},    {0x048,0x09,    0},    {0x0B3,0x31,    0},    {0x049,0x09,    0},
    {0x0B4,0x31,    0},    {0x0A7,0x6B,    0},    {0x0B7,0x2D,   28},    {0x04A,0x21,    0},
    {0x050,0x21,   14},    {0x0B2,0x0E,    0},    {0x0B3,0x11,    0},    {0x0B4,0x11,    0},
    {0x0B8,0x0A,   15},    {0x042,0x0A,    0},    {0x048,0x0A,    0},    {0x049,0x0A,    0},
    {0x0A8,0x6B,    0},    {0x0B8,0x2D,   42},    {0x0B0,0x05,    0},    {0x0B1,0x05,    0},
    {0x0B7,0x0D,   15},    {0x0B0,0x25,    0},    {0x0B1,0x29,    0},    {0x042,0x09,    0},
    {0x0B2,0x2E,    0},    {0x048,0x09,    0},    {0x0B3,0x31,    0},    {0x049,0x09,    0},
    {0x0B4,0x31,    0},    {0x04A,0x22,    0},    {0x050,0x22,    0},    {0x0A7,0xE5,    0},
    {0x0B7,0x2D,   42},    {0x0B2,0x0E,    0},    {0x0B3,0x11,    0},    {0x0B4,0x11,    1},
    {0x0B8,0x0D,   14},    {0x042,0x0A,    0},    {0x048,0x0A,    0},    {0x049,0x0A,    0},
    {0x0A8,0xE5,    0},    {0x0B8,0x2D,   28},    {0x04A,0x23,    0},    {0x050,0x23,   14},
    {0x0B0,0x05,    0},    {0x0B1,0x09,    1},    {0x0B7,0x0D,   14},    {0x063,0xF7,    0},
    {0x083,0x67,    0},    {0x023,0x23,    0},    {0x080,0x02,    0},    {0x020,0x01,    0},
    {0x0E0,0x02,    0},    {0x043,0x04,    0},    {0x0B0,0x25,    0},    {0x024,0x05,    0},
    {0x081,0x09,    0},    {0x021,0x04,    0},    {0x0E1,0x00,    0},    {0x044,0x00,    0},
    {0x041,0x00,    0},    {0x0C1,0x0F,    0},    {0x0A1,0x6D,    0},    {0x0B1,0x25,    0},
    {0x042,0x0B,    0},    {0x048,0x0B,    0},    {0x049,0x0B,    1},    {0x0A7,0x87,    0},
    {0x0B7,0x2A,   13},    {0x0A1,0x59,   14},    {0x0A1,0x45,   15},    {0x0A1,0x31,    0},
    {0x0B8,0x0D,   14},    {0x0A1,0x1D,    0},    {0x042,0x0C,    0},    {0x048,0x0C,    0},
    {0x049,0x0C,    0},    {0x04A,0x24,    0},    {0x050,0x24,    0},    {0x0A8,0x87,    0},
    {0x0B8,0x2A,   14},    {0x0A1,0x09,   14},    {0x0A1,0xF5,    0},    {0x0B1,0x24,   15},
    {0x0B0,0x05,    0},    {0x0A1,0xE1,    0},    {0x0B1,0x04,    0},    {0x0B7,0x0A,   14},
    {0x063,0xFF,    0},    {0x083,0x0A,    0},    {0x023,0x0A,    0},    {0x080,0x00,    0},
    {0x020,0x0F,    0},    {0x0E0,0x00,    0},    {0x043,0x00,    0},    {0x0B0,0x25,    0},
    {0x024,0x03,    0},    {0x081,0x04,    0},    {0x021,0x00,    0},    {0x0E1,0x03,    0},
    {0x044,0x02,    0},    {0x041,0x06,    0},    {0x0C1,0x02,    0},    {0x0A1,0xB0,    0},
    {0x0B1,0x25,    1},    {0x042,0x09,    0},    {0x0B2,0x2E,    0},    {0x048,0x09,    0},
    {0x0B3,0x31,    0},    {0x049,0x09,    0},    {0x0B4,0x31,    0},    {0x0A7,0x6B,    0},
    {0x0B7,0x2D,   27},    {0x04A,0x25,    0},    {0x050,0x25,   15},    {0x0B2,0x0E,    0},
    {0x0B3,0x11,    0},    {0x0B4,0x11,    0},    {0x0B8,0x0A,   14},    {0x042,0x0A,    0},
    {0x048,0x0A,    0},    {0x049,0x0A,    0},    {0x0A8,0x6B,    0},    {0x0B8,0x2D,   43},
    {0x0B0,0x05,    0},    {0x0B1,0x05,    0},    {0x0B7,0x0D,   14},    {0x0B0,0x25,    0},
    {0x0B1,0x29,    0},    {0x042,0x09,    0},    {0x0B2,0x2E,    0},    {0x048,0x09,    0},
    {0x0B3,0x31,    0},    {0x049,0x09,    0},    {0x0B4,0x31,    0},    {0x04A,0x26,    0},
    {0x050,0x26,    1},    {0x0A7,0xE5,    0},    {0x0B7,0x2D,   42},    {0x0B2,0x0E,    0},
    {0x0B3,0x11,    0},    {0x0B4,0x11,    0},    {0x0B8,0x0D,   14},    {0x042,0x0A,    0},
    {0x048,0x0A,    0},    {0x049,0x0A,    0},    {0x0A8,0xE5,    0},    {0x0B8,0x2D,   29},
    {0x04A,0x27,    0},    {0x050,0x27,   14},    {0x0B0,0x05,    0},    {0x0B1,0x09,    0},
    {0x0B7,0x0D,   14},    {0x0B0,0x25,    0},    {0x0B1,0x25,    0},    {0x042,0x0B,    0},
    {0x048,0x0B,    0},    {0x049,0x0B,    0},    {0x0A7,0x87,    0},    {0x0B7,0x2A,   43},
    {0x0B0,0x05,    0},    {0x0B8,0x0D,   14},    {0x083,0xFF,    0},    {0x023,0x20,    0},
    {0x080,0xFF,    0},    {0x020,0x20,    0},    {0x043,0x3F,    0},    {0x040,0x3F,    0},
    {0x0C0,0x00,    0},    {0x042,0x0C,    1},    {0x048,0x0C,    0},    {0x049,0x0C,    0},
    {0x04A,0x28,    0},    {0x050,0x28,    0},    {0x0A8,0x87,    0},    {0x0B8,0x2A,   42},
    {0x0B1,0x05,    0},    {0x0B7,0x0A,   14},    {0x083,0x06,    0},    {0x023,0x04,    0},
    {0x060,0xCF,    0},    {0x080,0x09,    0},    {0x020,0x01,    0},    {0x043,0x00,    0},
    {0x040,0x00,    1},    {0x0C0,0x06,    0},    {0x0A0,0xC0,    0},    {0x0B0,0x21,    0},
    {0x0A1,0xE5,    0},    {0x0B1,0x25,    0},    {0x042,0x09,    0},    {0x0B2,0x2E,    0},
    {0x048,0x09,    0},    {0x0B3,0x31,    0},    {0x049,0x09,    0},    {0x0B4,0x31,    0},
    {0x0A7,0x6B,    0},    {0x0B7,0x2D,   14},    {0x0A0,0xB6,   14},    {0x0A0,0xAC,    0},
    {0x04A,0x29,    0},    {0x050,0x29,   14},    {0x0A0,0xA2,    0},    {0x0B2,0x0E,    0},
    {0x0B3,0x11,    0},    {0x0B4,0x11,    0},    {0x0B8,0x0A,   14},    {0x0A0,0x98,    0},
    {0x042,0x0A,    0},    {0x048,0x0A,    1},    {0x049,0x0A,    0},    {0x0A8,0x6B,    0},
    {0x0B8,0x2D,   14},    {0x0A0,0x8E,   14},    {0x0A0,0x84,   14},    {0x0A0,0x7A,    0},
    {0x0B0,0x01,    0},    {0x0B1,0x05,    0},    {0x0B7,0x0D,   14},    {0x083,0x0A,    0},
    {0x023,0x0A,    0},    {0x060,0xFF,    1},    {0x080,0x00,    0},    {0x020,0x0F,    0},
    {0x0C0,0x0E,    0},    {0x0A0,0x57,    0},    {0x0B0,0x25,    0},    {0x0B1,0x25,    0},
    {0x042,0x09,    0},    {0x0B2,0x2E,    0},    {0x048,0x09,    0},    {0x0B3,0x31,    0},
    {0x049,0x09,    0},    {0x0B4,0x31,    0},    {0x04A,0x2A,    0},    {0x050,0x2A,    0},
    {0x0A7,0xE5,    0},    {0x0B7,0x2D,   42},    {0x0B2,0x0E,    0},    {0x0B3,0x11,    0},
    {0x0B4,0x11,    0},    {0x0B8,0x0D,   15},    {0x042,0x0A,    0},    {0x048,0x0A,    0},
    {0x049,0x0A,    0},    {0x0A8,0xE5,    0},    {0x0B8,0x2D,   28},    {0x04A,0x2B,    0},
    {0x050,0x2B,   14},    {0x0B0,0x05,    0},    {0x0B1,0x05,    0},    {0x0B7,0x0D,   15},
    {0x0B0,0x25,    0},    {0x0B1,0x25,    0},    {0x042,0x09,    0},    {0x0B2,0x2E,    0},
    {0x048,0x09,    0},    {0x0B3,0x31,    0},    {0x049,0x09,    0},    {0x0B4,0x31,    0},
    {0x0A7,0x6B,    0},    {0x0B7,0x2D,   42},    {0x0B2,0x0E,    0},    {0x0B3,0x11,    1},
    {0x0B4,0x11,    0},    {0x0B8,0x0D,   14},    {0x042,0x0A,    0},    {0x048,0x0A,    0},
    {0x049,0x0A,    0},    {0x04A,0x2C,    0},    {0x050,0x2C,    0},    {0x0A8,0x6B,    0},
    {0x0B8,0x2D,   42},    {0x0B0,0x05,    1},    {0x0B1,0x05,    0},    {0x0B7,0x0D,   14},
    {0x0B0,0x25,    0},    {0x0B1,0x29,    0},    {0x042,0x0B,    0},    {0x048,0x0B,    0},
    {0x049,0x0B,    0},    {0x0A7,0x87,    0},    {0x0B7,0x2A,   28},    {0x04A,0x2D,    0},
    {0x050,0x2D,   15},    {0x0B8,0x0D,   14},    {0x042,0x0C,    0},    {0x048,0x0C,    0},
    {0x049,0x0C,    0},    {0x0A8,0x87,    0},    {0x0B8,0x2A,   43},    {0x0B0,0x05,    0},
    {0x0B1,0x09,    0},    {0x0B7,0x0A,   14},    {0x063,0xF7,    0},    {0x083,0x67,    0},
    {0x023,0x23,    0},    {0x080,0x02,    0},    {0x020,0x01,    0},    {0x0E0,0x02,    0},
    {0x043,0x04,    0},    {0x0B0,0x25,    0},    {0x024,0x05,    0},    {0x081,0x09,    0},
    {0x021,0x04,    0},    {0x0E1,0x00,    0},    {0x044,0x00,    0},    {0x041,0x00,    0},
    {0x0C1,0x0F,    0},    {0x0A1,0x6D,    0},    {0x0B1,0x25,    1},    {0x042,0x09,    0},
    {0x0B2,0x2E,    0},    {0x048,0x09,    0},    {0x0B3,0x31,    0},    {0x049,0x09,    0},
    {0x0B4,0x31,    0},    {0x04A,0x2E,    0},    {0x050,0x2E,    0},    {0x0A7,0xE5,    0},
    {0x0B7,0x2D,   13},    {0x0A1,0x59,   14},    {0x0A1,0x45,   15},    {0x0A1,0x31,    0},
    {0x0B2,0x0E,    0},    {0x0B3,0x11,    0},    {0x0B4,0x11,    0},    {0x0B8,0x0A,   14},
    {0x0A1,0x1D,    0},    {0x042,0x0A,    0},    {0x048,0x0A,    0},    {0x049,0x0A,    0},
    {0x0A8,0xE5,    0},    {0x0B8,0x2D,   14},    {0x0A1,0x09,   14},    {0x0A1,0xF5,    1},
    {0x0B1,0x24,    0},    {0x04A,0x2F,    0},    {0x050,0x2F,   14},    {0x0B0,0x05,    0},
    {0x0A1,0xE1,    0},    {0x0B1,0x04,    0},    {0x0B7,0x0D,   14},    {0x063,0xFF,    0},
    {0x083,0x0A,    0},    {0x023,0x0A,    0},    {0x080,0x00,    0},    {0x020,0x0F,    0},
    {0x0E0,0x00,    0},    {0x043,0x00,    0},    {0x0B0,0x25,    0},    {0x024,0x03,    0},
    {0x081,0x04,    0},    {0x021,0x00,    0},    {0x0E1,0x03,    0},    {0x044,0x02,    0},
    {0x041,0x06,    1},    {0x0C1,0x02,    0},    {0x0A1,0x6B,    0},    {0x0B1,0x25,    0},
    {0x042,0x09,    0},    {0x0B2,0x2E,    0},    {0x048,0x09,    0},    {0x0B3,0x31,    0},
    {0x049,0x09,    0},    {0x0B4,0x31,    0},    {0x0A7,0x6B,    0},    {0x0B7,0x2D,   42},
    {0x0B2,0x0E,    0},    {0x0B3,0x11,    0},    {0x0B4,0x11,    0},    {0x0B8,0x0D,   14},
    {0x042,0x0A,    0},    {0x048,0x0A,    0},    {0x049,0x0A,    0},    {0x04A,0x30,    0},
    {0x050,0x30,    0},    {0x0A8,0x6B,    0},    {0x0B8,0x2D,   43},    {0x0B0,0x05,    0},
    {0x0B1,0x05,    0},    {0x0B7,0x0D,   14},    {0x0B0,0x25,    0},    {0x0A1,0xB0,    0},
    {0x0B1,0x25,    0},    {0x042,0x0B,    0},    {0x048,0x0B,    0},    {0x049,0x0B,    0},
    {0x0A7,0x87,    1},    {0x0B7,0x2A,   28},    {0x04A,0x2F,    0},    {0x050,0x2F,   14},
    {0x0B8,0x0D,   14},    {0x042,0x0C,    0},    {0x048,0x0C,    0},    {0x049,0x0C,    0},
    {0x0A8,0x87,    0},    {0x0B8,0x2A,   43},    {0x0B0,0x05,    0},    {0x0B1,0x05,    0},
    {0x0B7,0x0A,   14},    {0x0B0,0x25,    0},    {0x0A1,0xE5,    0},    {0x0B1,0x25,    0},
    {0x042,0x09,    0},    {0x0B2,0x2E,    1},    {0x048,0x09,    0},    {0x0B3,0x31,    0},
    {0x049,0x09,    0},    {0x0B4,0x31,    0},    {0x04A,0x2E,    0},    {0x050,0x2E,    0},
    {0x0B7,0x2A,   42},    {0x0B0,0x05,    0},    {0x0B2,0x0E,    0},    {0x0B3,0x11,    0},
    {0x0B4,0x11,    0},    {0x0B8,0x0A,   14},    {0x083,0xFF,    0},    {0x023,0x20,    0},
    {0x080,0xFF,    0},    {0x020,0x20,    1},    {0x043,0x3F,    0},    {0x040,0x3F,    0},
    {0x0C0,0x00,    0},    {0x042,0x0A,    0},    {0x048,0x0A,    0},    {0x049,0x0A,    0},
    {0x0B8,0x2A,   28},    {0x04A,0x2D,    0},    {0x050,0x2D,   14},    {0x0B1,0x05,    0},
    {0x0B7,0x0A,   14},    {0x083,0x06,    0},    {0x023,0x04,    1},    {0x060,0xCF,    0},
    {0x080,0x09,    0},    {0x020,0x01,    0},    {0x043,0x00,    0},    {0x040,0x00,    0},
    {0x0C0,0x06,    0},    {0x0A0,0xC0,    0},    {0x0B0,0x21,    0},    {0x0A1,0x02,    0},
    {0x0B1,0x26,    0},    {0x042,0x09,    0},    {0x0B2,0x2E,    0},    {0x048,0x09,    0},
    {0x0A3,0x81,    0},    {0x0B3,0x31,    0},    {0x049,0x09,    0},    {0x0A4,0x02,    0},
    {0x0B4,0x32,    0},    {0x0A5,0x81,    0},    {0x0A6,0x02,    0},    {0x0B6,0x2A,    0},
    {0x0A7,0x02,    0},    {0x0B7,0x2E,   14},    {0x0A0,0xB6,   14},    {0x0A0,0xAC,   14},
    {0x0A0,0xA2,    0},    {0x0B2,0x0E,    0},    {0x0B3,0x11,    0},    {0x0B4,0x12,    1},
    {0x0B8,0x0A,   13},    {0x0A0,0x98,    1},    {0x042,0x0A,    0},    {0x048,0x0A,    0},
    {0x049,0x0A,    0},    {0x04A,0x2C,    0},    {0x050,0x2C,    0},    {0x0A8,0x02,    0},
    {0x0B8,0x2E,   14},    {0x0A0,0x8E,   14},    {0x0A0,0x84,   14},    {0x0A0,0x7A,    0},
    {0x0B0,0x01,    0},    {0x0B1,0x06,    1},    {0x0B7,0x0E,   14},    {0x083,0x0A,    0},
    {0x023,0x0A,    0},    {0x060,0xFF,    0},    {0x080,0x00,    0},    {0x020,0x0F,    0},
    {0x0C0,0x0E,    0},    {0x0A0,0x57,    0},    {0x0B0,0x25,    0},    {0x0B1,0x26,    0},
    {0x042,0x0B,    0},    {0x048,0x0B,    0},    {0x049,0x0B,    0},    {0x0A7,0x87,    0},
    {0x0B7,0x2A,   28},    {0x04A,0x2B,    0},    {0x050,0x2B,   14},    {0x0B8,0x0E,   15},
    {0x042,0x0C,    0},    {0x048,0x0C,    0},    {0x049,0x0C,    0},    {0x0A8,0x87,    0},
    {0x0B8,0x2A,   42},    {0x0B0,0x05,    1},    {0x0B1,0x06,    0},    {0x0B7,0x0A,   14},
    {0x0B0,0x25,    0},    {0x0B1,0x26,    0},    {0x042,0x09,    0},    {0x0B2,0x2E,    0},
    {0x048,0x09,    0},    {0x0B3,0x31,    0},    {0x049,0x09,    0},    {0x0B4,0x32,    0},
    {0x04A,0x2A,    0},    {0x050,0x2A,    0},    {0x0A7,0x81,    0},    {0x0B7,0x2D,   43},
    {0x0B2,0x0E,    0},    {0x0B3,0x11,    0},    {0x0B4,0x12,    0},    {0x0B8,0x0A,   14},
    {0x042,0x0A,    0},    {0x048,0x0A,    0},    {0x049,0x0A,    0},    {0x0A8,0x81,    0},
    {0x0B8,0x2D,   28},    {0x04A,0x29,    0},    {0x050,0x29,   15},    {0x0B0,0x05,    0},
    {0x0B1,0x06,    0},    {0x0B7,0x0D,   14},    {0x0B0,0x25,    0},    {0x0B1,0x2A,    0},
    {0x042,0x09,    0},    {0x0B2,0x2E,    0},    {0x048,0x09,    0},    {0x0B3,0x31,    0},
    {0x049,0x09,    0},    {0x0B4,0x32,    0},    {0x0A7,0x02,    0},    {0x0B7,0x2E,   43},
    {0x0B2,0x0E,    0},    {0x0B3,0x11,    0},    {0x0B4,0x12,    0},    {0x0B8,0x0D,   14},
    {0x042,0x0A,    0},    {0x048,0x0A,    0},    {0x049,0x0A,    0},    {0x04A,0x28,    0},
    {0x050,0x28,    0},    {0x0A8,0x02,    0},    {0x0B8,0x2E,   43},    {0x0B0,0x05,    0},
    {0x0B1,0x0A,    0},    {0x0B7,0x0E,   14},    {0x063,0xF7,    0},    {0x083,0x67,    0},
    {0x023,0x23,    0},    {0x080,0x02,    0},    {0x020,0x01,    0},    {0x0E0,0x02,    0},
    {0x043,0x04,    0},    {0x0B0,0x25,    0},    {0x024,0x05,    0},    {0x081,0x09,    0},
    {0x021,0x04,    0},    {0x0E1,0x00,    0},    {0x044,0x00,    1},    {0x041,0x00,    0},
    {0x0C1,0x0F,    0},    {0x0A1,0x6D,    0},    {0x0B1,0x25,    0},    {0x042,0x0B,    0},
    {0x048,0x0B,    0},    {0x049,0x0B,    0},    {0x0A7,0x87,    0},    {0x0B7,0x2A,   13},
    {0x0A1,0x59,   15},    {0x0A1,0x45,    0},    {0x04A,0x27,    0},    {0x050,0x27,   14},
    {0x0A1,0x31,    0},    {0x0B8,0x0E,   14},    {0x0A1,0x1D,    0},    {0x042,0x0C,    0},
    {0x048,0x0C,    0},    {0x049,0x0C,    0},    {0x0A8,0x87,    0},    {0x0B8,0x2A,   14},
    {0x0A1,0x09,   15},    {0x0A1,0xF5,    0},    {0x0B1,0x24,   14},    {0x0B0,0x05,    0},
    {0x0A1,0xE1,    0},    {0x0B1,0x04,    0},    {0x0B7,0x0A,   14},    {0x063,0xFF,    0},
    {0x083,0x0A,    0},    {0x023,0x0A,    0},    {0x080,0x00,    0},    {0x020,0x0F,    0},
    {0x0E0,0x00,    0},    {0x043,0x00,    0},    {0x0B0,0x25,    0},    {0x024,0x03,    1},
    {0x081,0x04,    0},    {0x021,0x00,    0},    {0x0E1,0x03,    0},    {0x044,0x02,    0},
    {0x041,0x06,    0},    {0x0C1,0x02,    0},    {0x0A1,0xCA,    0},    {0x0B1,0x25,    0},
    {0x042,0x09,    0},    {0x0B2,0x2E,    0},    {0x048,0x09,    0},    {0x0B3,0x31,    0},
    {0x049,0x09,    0},    {0x0B4,0x32,    0},    {0x04A,0x26,    0},    {0x050,0x26,    0},
    {0x0A7,0x81,    0},    {0x0B7,0x2D,   42},    {0x0B2,0x0E,    0},    {0x0B3,0x11,    0},
    {0x0B4,0x12,    0},    {0x0B8,0x0A,   14},    {0x042,0x0A,    0},    {0x048,0x0A,    0},
    {0x049,0x0A,    0},    {0x0A8,0x81,    0},    {0x0B8,0x2D,   29},    {0x04A,0x25,    0},
    {0x050,0x25,   14},    {0x0B0,0x05,    0},    {0x0B1,0x05,    0},    {0x0B7,0x0D,   14},
    {0x0B0,0x25,    0},    {0x0B1,0x29,    0},    {0x042,0x09,    0},    {0x0B2,0x2E,    1},
    {0x048,0x09,    0},    {0x0B3,0x31,    0},    {0x049,0x09,    0},    {0x0B4,0x32,    0},
    {0x0A7,0x02,    0},    {0x0B7,0x2E,   42},    {0x0B2,0x0E,    0},    {0x0B3,0x11,    0},
    {0x0B4,0x12,    0},    {0x0B8,0x0D,   14},    {0x042,0x0A,    0},    {0x048,0x0A,    0},
    {0x049,0x0A,    1},    {0x04A,0x24,    0},    {0x050,0x24,    0},    {0x0A8,0x02,    0},
    {0x0B8,0x2E,   42},    {0x0B0,0x05,    0},    {0x0B1,0x09,    0},    {0x0B7,0x0E,   14},
    {0x0B0,0x25,    1},    {0x0B1,0x25,    0},    {0x042,0x0B,    0},    {0x048,0x0B,    0},
    {0x049,0x0B,    0},    {0x0A7,0x87,    0},    {0x0B7,0x2A,   28},    {0x04A,0x23,    0},
    {0x050,0x23,   14},    {0x0B0,0x05,    0},    {0x0B8,0x0E,   15},    {0x083,0xFF,    0},
    {0x023,0x20,    0},    {0x080,0xFF,    0},    {0x020,0x20,    0},    {0x043,0x3F,    0},
    {0x040,0x3F,    0},    {0x0C0,0x00,    0},    {0x042,0x0C,    0},    {0x048,0x0C,    0},
    {0x049,0x0C,    0},    {0x0A8,0x87,    0},    {0x0B8,0x2A,   42},    {0x0B1,0x05,    0},
    {0x0B7,0x0A,   15},    {0x083,0x06,    0},    {0x023,0x04,    0},    {0x060,0xCF,    0},
    {0x080,0x09,    0},    {0x020,0x01,    0},    {0x043,0x00,    0},    {0x040,0x00,    0},
    {0x0C0,0x06,    0},    {0x0A0,0xC0,    0},    {0x0B0,0x21,    0},    {0x0A1,0x02,    0},
    {0x0B1,0x26,    0},    {0x042,0x09,    0},    {0x0B2,0x2E,    0},    {0x048,0x09,    0},
    {0x0B3,0x31,    0},    {0x049,0x09,    0},    {0x0B4,0x32,    0},    {0x04A,0x22,    0},
    {0x050,0x22,    0},    {0x0A7,0x81,    1},    {0x0B7,0x2D,   13},    {0x0A0,0xB6,   14},
    {0x0A0,0xAC,   14},    {0x0A0,0xA2,    0},    {0x0B2,0x0E,    1},    {0x0B3,0x11,    0},
    {0x0B4,0x12,    0},    {0x0B8,0x0A,   14},    {0x0A0,0x98,    0},    {0x042,0x0A,    0},
    {0x048,0x0A,    0},    {0x049,0x0A,    0},    {0x0A8,0x81,    0},    {0x0B8,0x2D,   14},
    {0x0A0,0x8E,   14},    {0x0A0,0x84,    0},    {0x04A,0x21,    0},    {0x050,0x21,   14},
    {0x0A0,0x7A,    1},    {0x0B0,0x01,    0},    {0x0B1,0x06,    0},    {0x0B7,0x0D,   14},
    {0x083,0x0A,    0},    {0x023,0x0A,    0},    {0x060,0xFF,    0},    {0x080,0x00,    0},
    {0x020,0x0F,    0},    {0x0C0,0x0E,    0},    {0x0A0,0x57,    0},    {0x0B0,0x25,    0},
    {0x0B1,0x26,    0},    {0x042,0x09,    0},    {0x0B2,0x2E,    0},    {0x048,0x09,    0},
    {0x0B3,0x31,    0},    {0x049,0x09,    0},    {0x0B4,0x32,    0},    {0x0A7,0x02,    0},
    {0x0B7,0x2E,   43},    {0x0B2,0x0E,    0},    {0x0B3,0x11,    0},    {0x0B4,0x12,    0},
    {0x0B8,0x0D,   14},    {0x042,0x0A,    0},    {0x048,0x0A,    0},    {0x049,0x0A,    0},
    {0x04A,0x20,    0},    {0x050,0x20,    0},    {0x0A8,0x02,    0},    {0x0B8,0x2E,   43},
    {0x0B0,0x05,    0},    {0x0B1,0x06,    0},    {0x0B7,0x0E,   14},    {0x0B0,0x25,    0},
    {0x0B1,0x26,    0},    {0x042,0x09,    0},    {0x0B2,0x2E,    0},    {0x048,0x09,    0},
    {0x0B3,0x31,    0},    {0x049,0x09,    0},    {0x0B4,0x32,    0},    {0x0A7,0x81,    0},
    {0x0B7,0x2D,   28},    {0x04A,0x1F,    1},    {0x050,0x1F,   14},    {0x0B2,0x0E,    0},
    {0x0B3,0x11,    0},    {0x0B4,0x12,    0},    {0x0B8,0x0E,   14},    {0x042,0x0A,    0},
    {0x048,0x0A,    0},    {0x049,0x0A,    0},    {0x0A8,0x81,    0},    {0x0B8,0x2D,   43},
    {0x0B0,0x05,    0},    {0x0B1,0x06,    0},    {0x0B7,0x0D,   14},    {0x0B0,0x25,    0},
    {0x0B1,0x2A,    0},    {0x042,0x0B,    0},    {0x048,0x0B,    0},    {0x049,0x0B,    0},
    {0x04A,0x1E,    0},    {0x050,0x1E,    0},    {0x0A7,0x87,    0},    {0x0B7,0x2A,   43},
    {0x0B8,0x0D,   14},    {0x042,0x0C,    0},    {0x048,0x0C,    0},    {0x049,0x0C,    0},
    {0x0A8,0x87,    0},    {0x0B8,0x2A,   29},    {0x04A,0x1D,    0},    {0x050,0x1D,   14},
    {0x0B0,0x05,    0},    {0x0B1,0x0A,    0},    {0x0B7,0x0A,   14},    {0x063,0xF7,    0},
    {0x083,0x67,    0},    {0x023,0x23,    0},    {0x080,0x02,    0},    {0x020,0x01,    0},
    {0x0E0,0x02,    0},    {0x043,0x04,    0},    {0x0B0,0x25,    0},    {0x024,0x05,    1},
    {0x081,0x09,    0},    {0x021,0x04,    0},    {0x0E1,0x00,    0},    {0x044,0x00,    0},
    {0x041,0x00,    0},    {0x0C1,0x0F,    0},    {0x0A1,0x6D,    0},    {0x0B1,0x25,    0},
    {0x042,0x09,    0},    {0x0B2,0x2E,    0},    {0x048,0x09,    0},    {0x0B3,0x31,    0},
    {0x049,0x09,    0},    {0x0B4,0x32,    0},    {0x0A7,0x02,    0},    {0x0B7,0x2E,   13},
    {0x0A1,0x59,   15},    {0x0A1,0x45,   14},    {0x0A1,0x31,    0},    {0x0B2,0x0E,    0},
    {0x0B3,0x11,    0},    {0x0B4,0x12,    0},    {0x0B8,0x0A,   14},    {0x0A1,0x1D,    0},
    {0x042,0x0A,    0},    {0x048,0x0A,    0},    {0x049,0x0A,    0},    {0x04A,0x1C,    1},
    {0x050,0x1C,    0},    {0x0A8,0x02,    0},    {0x0B8,0x2E,   14},    {0x0A1,0x09,   14},
    {0x0A1,0xF5,    0},    {0x0B1,0x24,   14},    {0x0B0,0x05,    0},    {0x0A1,0xE1,    0},
    {0x0B1,0x04,    0},    {0x0B7,0x0E,   14},    {0x063,0xFF,    0},    {0x083,0x0A,    0},
    {0x023,0x0A,    0},    {0x080,0x00,    0},    {0x020,0x0F,    0},    {0x0E0,0x00,    1},
    {0x043,0x00,    0},    {0x0B0,0x25,    0},    {0x024,0x03,    0},    {0x081,0x04,    0},
    {0x021,0x00,    0},    {0x0E1,0x03,    0},    {0x044,0x02,    0},    {0x041,0x06,    0},
    {0x0C1,0x02,    0},    {0x0A1,0x81,    0},    {0x0B1,0x25,    0},    {0x042,0x09,    0},
    {0x0B2,0x2E,    0},    {0x048,0x09,    0},    {0x0B3,0x31,    0},    {0x049,0x09,    0},
    {0x0B4,0x32,    0},    {0x0A7,0x81,    0},    {0x0B7,0x2D,   28},    {0x04A,0x1B,    0},
    {0x050,0x1B,   14},    {0x0B2,0x0E,    0},    {0x0B3,0x11,    0},    {0x0B4,0x12,    0},
    {0x0B8,0x0E,   14},    {0x042,0x0A,    0},    {0x048,0x0A,    1},    {0x049,0x0A,    0},
    {0x0A8,0x81,    0},    {0x0B8,0x2D,   42},    {0x0B0,0x05,    0},    {0x0B1,0x05,    0},
    {0x0B7,0x0D,   14},    {0x0B0,0x25,    1},    {0x0A1,0xCA,    0},    {0x0B1,0x25,    0},
    {0x042,0x0B,    0},    {0x048,0x0B,    0},    {0x049,0x0B,    0},    {0x04A,0x1A,    0},
    {0x050,0x1A,    0},    {0x0A7,0x87,    0},    {0x0B7,0x2A,   42},    {0x0B8,0x0D,   15},
    {0x042,0x0C,    0},    {0x048,0x0C,    0},    {0x049,0x0C,    0},    {0x0A8,0x87,    0},
    {0x0B8,0x2A,   28},    {0x04A,0x19,    0},    {0x050,0x19,   14},    {0x0B0,0x05,    0},
    {0x0B1,0x05,    1},    {0x0B7,0x0A,   14},    {0x0B0,0x25,    0},    {0x0A1,0x02,    0},
    {0x0B1,0x26,    0},    {0x042,0x09,    0},    {0x0B2,0x2E,    0},    {0x048,0x09,    0},
    {0x0B3,0x31,    0},    {0x049,0x09,    0},    {0x0B4,0x32,    0},    {0x0B7,0x2A,   42},
    {0x0B0,0x05,    0},    {0x0B2,0x0E,    1},    {0x0B3,0x11,    0},    {0x0B4,0x12,    0},
    {0x0B8,0x0A,   14},    {0x083,0xFF,    0},    {0x023,0x20,    0},    {0x080,0xFF,    0},
    {0x020,0x20,    0},    {0x043,0x3F,    0},    {0x040,0x3F,    0},    {0x0C0,0x00,    0},
    {0x042,0x0A,    0},    {0x048,0x0A,    0},    {0x049,0x0A,    0},    {0x04A,0x18,    0},
    {0x050,0x18,    0},    {0x0B8,0x2A,   43},    {0x0B1,0x06,    0},    {0x0B7,0x0A,   14},
    {0x083,0x06,    0},    {0x023,0x04,    0},    {0x060,0xCF,    0},    {0x080,0x09,    0},
    {0x020,0x01,    0},    {0x043,0x00,    0},    {0x040,0x00,    0},    {0x0C0,0x06,    0},
    {0x0A0,0xC0,    0},    {0x0B0,0x21,    0},    {0x0B1,0x26,    0},    {0x042,0x09,    0},
    {0x0B2,0x2E,    0},    {0x048,0x09,    0},    {0x0B3,0x31,    0},    {0x049,0x09,    0},
    {0x0B4,0x32,    1},    {0x0A7,0x02,    0},    {0x0B7,0x2E,   13},    {0x0A0,0xB6,   14},
    {0x0A0,0xAC,    0},    {0x04A,0x17,    0},    {0x050,0x17,   15},    {0x0A0,0xA2,    0},
    {0x0B2,0x0E,    0},    {0x0B3,0x11,    0},    {0x0B4,0x12,    0},    {0x0B8,0x0A,   14},
    {0x0A0,0x98,    0},    {0x042,0x0A,    0},    {0x048,0x0A,    0},    {0x049,0x0A,    0},
    {0x0A8,0x02,    0},    {0x0B8,0x2E,   14},    {0x0A0,0x8E,   14},    {0x0A0,0x84,   15},
    {0x0A0,0x7A,    0},    {0x0B0,0x01,    0},    {0x0B1,0x06,    0},    {0x0B7,0x0E,   14},
    {0x083,0x0A,    0},    {0x023,0x0A,    0},    {0x060,0xFF,    0},    {0x080,0x00,    0},
    {0x020,0x0F,    0},    {0x0C0,0x0E,    0},    {0x0A0,0x57,    0},    {0x0B0,0x25,    0},
    {0x0B1,0x26,    0},    {0x042,0x0B,    0},    {0x048,0x0B,    0},    {0x049,0x0B,    0},
    {0x04A,0x16,    0},    {0x050,0x16,    1},    {0x0A7,0x87,    0},    {0x0B7,0x2A,   42},
    {0x0B8,0x0E,   14},    {0x042,0x0C,    0},    {0x048,0x0C,    0},    {0x049,0x0C,    0},
    {0x0A8,0x87,    0},    {0x0B8,0x2A,   29},    {0x04A,0x15,    0},    {0x050,0x15,   14},
    {0x0B0,0x05,    0},    {0x0B1,0x06,    0},    {0x0B7,0x0A,   14},    {0x0B0,0x25,    0},
    {0x0B1,0x26,    0},    {0x042,0x09,    0},    {0x0B2,0x2E,    0},    {0x048,0x09,    0},
    {0x0B3,0x31,    0},    {0x049,0x09,    0},    {0x0B4,0x32,    0},    {0x0A7,0x81,    1},
    {0x0B7,0x2D,   42},    {0x0B2,0x0E,    0},    {0x0B3,0x11,    0},    {0x0B4,0x12,    0},
    {0x0B8,0x0A,   14},    {0x042,0x0A,    0},    {0x048,0x0A,    0},    {0x049,0x0A,    0},
    {0x04A,0x14,    0},    {0x050,0x14,    0},    {0x0A8,0x81,    0},    {0x0B8,0x2D,   43},
    {0x0B0,0x05,    0},    {0x0B1,0x06,    0},    {0x0B7,0x0D,   14},    {0x0B0,0x25,    0},
    {0x0B1,0x2A,    0},    {0x042,0x09,    0},    {0x0B2,0x2E,    0},    {0x048,0x09,    0},
    {0x0B3,0x31,    1},    {0x049,0x09,    0},    {0x0B4,0x32,    0},    {0x0A7,0x02,    0},
    {0x0B7,0x2E,   28},    {0x04A,0x13,    0},    {0x050,0x13,   14},    {0x0B2,0x0E,    0},
    {0x0B3,0x11,    0},    {0x0B4,0x12,    0},    {0x0B8,0x0D,   14},    {0x042,0x0A,    0},
    {0x048,0x0A,    0},    {0x049,0x0A,    0},    {0x0A8,0x02,    1},    {0x0B8,0x2E,   42},
    {0x0B0,0x05,    0},    {0x0B1,0x0A,    0},    {0x0B7,0x0E,   14},    {0x063,0xF7,    0},
    {0x083,0x67,    0},    {0x023,0x23,    0},    {0x080,0x02,    0},    {0x020,0x01,    1},
    {0x0E0,0x02,    0},    {0x043,0x04,    0},    {0x0B0,0x25,    0},    {0x024,0x05,    0},
    {0x081,0x09,    0},    {0x021,0x04,    0},    {0x0E1,0x00,    0},    {0x044,0x00,    0},
    {0x041,0x00,    0},    {0x0C1,0x0F,    0},    {0x0A1,0x6D,    0},    {0x0B1,0x25,    0},
    {0x042,0x0B,    0},    {0x048,0x0B,    0},    {0x049,0x0B,    0},    {0x04A,0x12,    0},
    {0x050,0x12,    0},    {0x0A7,0x87,    0},    {0x0B7,0x2A,   14},    {0x0A1,0x59,   14},
    {0x0A1,0x45,   14},    {0x0A1,0x31,    0},    {0x0B8,0x0E,   14},    {0x0A1,0x1D,    0},
    {0x042,0x0C,    0},    {0x048,0x0C,    1},    {0x049,0x0C,    0},    {0x0A8,0x87,    0},
    {0x0B8,0x2A,   14},    {0x0A1,0x09,   14},    {0x0A1,0xF5,    0},    {0x0B1,0x24,    0},
    {0x04A,0x11,    0},    {0x050,0x11,   14},    {0x0B0,0x05,    0},    {0x0A1,0xE1,    0},
    {0x0B1,0x04,    0},    {0x0B7,0x0A,   14},    {0x063,0xFF,    0},    {0x083,0x0A,    1},
    {0x023,0x0A,    0},    {0x080,0x00,    0},    {0x020,0x0F,    0},    {0x0E0,0x00,    0},
    {0x043,0x00,    0},    {0x0B0,0x25,    0},    {0x024,0x03,    0},    {0x081,0x04,    0},
    {0x021,0x00,    0},    {0x0E1,0x03,    0},    {0x044,0x02,    0},    {0x041,0x06,    0},
    {0x0C1,0x02,    0},    {0x0A1,0xCA,    0},    {0x0B1,0x25,    0},    {0x042,0x09,    0},
    {0x0B2,0x2E,    0},    {0x048,0x09,    0},    {0x0B3,0x31,    0},    {0x049,0x09,    0},
    {0x0B4,0x32,    0},    {0x0A7,0x81,    0},    {0x0B7,0x2D,   42},    {0x0B2,0x0E,    0},
    {0x0B3,0x11,    0},    {0x0B4,0x12,    1},    {0x0B8,0x0A,   14},    {0x042,0x0A,    0},
    {0x048,0x0A,    0},    {0x049,0x0A,    0},    {0x04A,0x10,    0},    {0x050,0x10,    0},
    {0x0A8,0x81,    0},    {0x0B8,0x2D,   42},    {0x0B0,0x05,    0},    {0x0B1,0x05,    1},
    {0x0B7,0x0D,   14},    {0x0B0,0x25,    0},    {0x0B1,0x29,    0},    {0x042,0x09,    0},
    {0x0B2,0x2E,    0},    {0x048,0x09,    0},    {0x0B3,0x31,    0},    {0x049,0x09,    0},
    {0x0B4,0x32,    0},    {0x0A7,0x02,    0},    {0x0B7,0x2E,   28},    {0x04A,0x0F,    0},
    {0x050,0x0F,   14},    {0x0B2,0x0E,    0},    {0x0B3,0x11,    1},    {0x0B4,0x12,    0},
    {0x0B8,0x0D,   14},    {0x042,0x0A,    0},    {0x048,0x0A,    0},    {0x049,0x0A,    0},
    {0x0A8,0x02,    0},    {0x0B8,0x2E,   42},    {0x0B0,0x05,    1},    {0x0B1,0x09,    0},
    {0x0B7,0x0E,   14},    {0x0B0,0x25,    0},    {0x0B1,0x25,    0},    {0x042,0x0B,    0},
    {0x048,0x0B,    0},    {0x049,0x0B,    0},    {0x04A,0x0E,    0},    {0x050,0x0E,    0},
    {0x0A7,0x87,    0},    {0x0B7,0x2A,   43},    {0x0B0,0x05,    0},    {0x0B8,0x0E,   14},
    {0x083,0xFF,    0},    {0x023,0x20,    0},    {0x080,0xFF,    0},    {0x020,0x20,    0},
    {0x043,0x3F,    0},    {0x040,0x3F,    0},    {0x0C0,0x00,    0},    {0x042,0x0C,    0},
    {0x048,0x0C,    0},    {0x049,0x0C,    0},    {0x0A8,0x87,    0},    {0x0B8,0x2A,   28},
    {0x04A,0x0D,    0},    {0x050,0x0D,   15},    {0x0B1,0x05,    0},    {0x0B7,0x0A,   14},
    {0x083,0x06,    0},    {0x023,0x04,    0},    {0x060,0xCF,    0},    {0x080,0x09,    0},
    {0x020,0x01,    0},    {0x043,0x00,    0},    {0x040,0x00,    0},    {0x0C0,0x06,    0},
    {0x0A0,0xC0,    0},    {0x0B0,0x21,    0},    {0x0A1,0x02,    0},    {0x0B1,0x26,    0},
    {0x042,0x09,    0},    {0x0B2,0x2E,    0},    {0x048,0x09,    1},    {0x0B3,0x31,    0},
    {0x049,0x09,    0},    {0x0B4,0x32,    0},    {0x0A7,0x81,    0},    {0x0B7,0x2D,   13},
    {0x0A0,0xB6,   14},    {0x0A0,0xAC,   15},    {0x0A0,0xA2,    0},    {0x0B2,0x0E,    0},
    {0x0B3,0x11,    0},    {0x0B4,0x12,    0},    {0x0B8,0x0A,   14},    {0x0A0,0x98,    0},
    {0x042,0x0A,    0},    {0x048,0x0A,    0},    {0x049,0x0A,    0},    {0x04A,0x0C,    0},
    {0x050,0x0C,    0},    {0x0A8,0x81,    0},    {0x0B8,0x2D,   14},    {0x0A0,0x8E,   15},
    {0x0A0,0x84,   14},    {0x0A0,0x7A,    0},    {0x0B0,0x01,    0},    {0x0B1,0x06,    0},
    {0x0B7,0x0D,   14},    {0x083,0x0A,    0},    {0x023,0x0A,    0},    {0x060,0xFF,    0},
    {0x080,0x00,    0},    {0x020,0x0F,    0},    {0x0C0,0x0E,    0},    {0x0A0,0x57,    0},
    {0x0B0,0x25,    0},    {0x0B1,0x26,    0},    {0x042,0x09,    0},    {0x0B2,0x2E,    1},
    {0x048,0x09,    0},    {0x0B3,0x31,    0},    {0x049,0x09,    0},    {0x0B4,0x32,    0},
    {0x0A7,0x02,    0},    {0x0B7,0x2E,   28},    {0x04A,0x0B,    0},    {0x050,0x0B,   14},
    {0x0B2,0x0E,    0},    {0x0B3,0x11,    0},    {0x0B4,0x12,    0},    {0x0B8,0x0D,   14},
    {0x042,0x0A,    0},    {0x048,0x0A,    0},    {0x049,0x0A,    0},    {0x0A8,0x02,    0},
    {0x0B8,0x2E,   43},    {0x0B0,0x05,    0},    {0x0B1,0x06,    0},    {0x0B7,0x0E,   14},
    {0x0B0,0x25,    0},    {0x0B1,0x26,    0},    {0x042,0x09,    0},    {0x0B2,0x2E,    0},
    {0x048,0x09,    0},    {0x0B3,0x31,    1},    {0x049,0x09,    0},    {0x0B4,0x32,    0},
    {0x04A,0x0A,    0},    {0x050,0x0A,    0},    {0x0A7,0x81,    0},    {0x0B7,0x2D,   42},
    {0x0B2,0x0E,    0},    {0x0B3,0x11,    0},    {0x0B4,0x12,    0},    {0x0B8,0x0E,   14},
    {0x042,0x0A,    0},    {0x048,0x0A,    0},    {0x049,0x0A,    0},    {0x0A8,0x81,    1},
    {0x0B8,0x2D,   28},    {0x04A,0x09,    0},    {0x050,0x09,   14},    {0x0B0,0x05,    0},
    {0x0B1,0x06,    0},    {0x0B7,0x0D,   14},    {0x0B0,0x25,    0},    {0x0B1,0x2A,    0},
    {0x042,0x0B,    1},    {0x048,0x0B,    0},    {0x049,0x0B,    0},    {0x0A7,0x87,    0},
    {0x0B7,0x2A,   42},    {0x0B8,0x0D,   14},    {0x042,0x0C,    0},    {0x048,0x0C,    1},
    {0x049,0x0C,    0},    {0x04A,0x08,    0},    {0x050,0x08,    0},    {0x0A8,0x87,    0},
    {0x0B8,0x2A,   42},    {0x0B0,0x05,    0},    {0x0B1,0x0A,    0},    {0x0B7,0x0A,   14},
    {0x063,0xF7,    1},    {0x083,0x67,    0},    {0x023,0x23,    0},    {0x080,0x02,    0},
    {0x020,0x01,    0},    {0x0E0,0x02,    0},    {0x043,0x04,    0},    {0x0B0,0x25,    0},
    {0x024,0x05,    0},    {0x081,0x09,    0},    {0x021,0x04,    0},    {0x0E1,0x00,    0},
    {0x044,0x00,    0},    {0x041,0x00,    0},    {0x0C1,0x0F,    0},    {0x0A1,0x6D,    0},
    {0x0B1,0x25,    0},    {0x042,0x09,    0},    {0x0B2,0x2E,    0},    {0x048,0x09,    0},
    {0x0B3,0x31,    0},    {0x049,0x09,    0},    {0x0B4,0x32,    0},    {0x0A7,0x02,    1},
    {0x0B7,0x2E,   13},    {0x0A1,0x59,   14},    {0x0A1,0x45,    0},    {0x04A,0x07,    0},
    {0x050,0x07,   14},    {0x0A1,0x31,    0},    {0x0B2,0x0E,    0},    {0x0B3,0x11,    0},
    {0x0B4,0x12,    1},    {0x0B8,0x0A,   14},    {0x0A1,0x1D,    0},    {0x042,0x0A,    0},
    {0x048,0x0A,    0},    {0x049,0x0A,    0},    {0x0A8,0x02,    0},    {0x0B8,0x2E,   14},
    {0x0A1,0x09,   14},    {0x0A1,0xF5,    0},    {0x0B1,0x24,   14},    {0x0B0,0x05,    0},
    {0x0A1,0xE1,    0},    {0x0B1,0x04,    1},    {0x0B7,0x0E,   14},    {0x063,0xFF,    0},
    {0x083,0x0A,    0},    {0x023,0x0A,    0},    {0x080,0x00,    0},    {0x020,0x0F,    0},
    {0x0E0,0x00,    0},    {0x043,0x00,    0},    {0x0B0,0x25,    0},    {0x024,0x03,    0},
    {0x081,0x04,    0},    {0x021,0x00,    0},    {0x0E1,0x03,    0},    {0x044,0x02,    0},
    {0x041,0x06,    0},    {0x0C1,0x02,    0},    {0x0A1,0x81,    0},    {0x0B1,0x25,    0},
    {0x042,0x09,    0},    {0x0B2,0x2E,    0},    {0x048,0x09,    0},    {0x0B3,0x31,    1},
    {0x049,0x09,    0},    {0x0B4,0x32,    0},    {0x04A,0x08,    0},    {0x050,0x08,    0},
    {0x0A7,0x81,    0},    {0x0B7,0x2D,   41},    {0x0B2,0x0E,    1},    {0x0B3,0x11,    0},
    {0x0B4,0x12,    0},    {0x0B8,0x0E,   14},    {0x042,0x0A,    0},    {0x048,0x0A,    0},
    {0x049,0x0A,    0},    {0x0A8,0x81,    0},    {0x0B8,0x2D,   28},    {0x04A,0x09,    0},
    {0x050,0x09,   15},    {0x0B0,0x05,    0},    {0x0B1,0x05,    0},    {0x0B7,0x0D,   14},
    {0x0B0,0x25,    0},    {0x0A1,0xCA,    0},    {0x0B1,0x25,    0},    {0x042,0x0B,    0},
    {0x048,0x0B,    0},    {0x049,0x0B,    0},    {0x0A7,0x87,    0},    {0x0B7,0x2A,   43},
    {0x0B8,0x0D,   14},    {0x042,0x0C,    0},    {0x048,0x0C,    0},    {0x049,0x0C,    0},
    {0x04A,0x0A,    0},    {0x050,0x0A,    0},    {0x0A8,0x87,    0},    {0x0B8,0x2A,   43},
    {0x0B0,0x05,    0},    {0x0B1,0x05,    0},    {0x0B7,0x0A,   14},    {0x0B0,0x25,    0},
    {0x0A1,0x02,    0},    {0x0B1,0x26,    0},    {0x042,0x09,    0},    {0x0B2,0x2E,    0},
    {0x048,0x09,    0},    {0x0B3,0x31,    0},    {0x049,0x09,    0},    {0x0B4,0x32,    0},
    {0x0B7,0x2A,   29},    {0x04A,0x0B,    0},    {0x050,0x0B,   14},    {0x0B0,0x05,    0},
    {0x0B2,0x0E,    0},    {0x0B3,0x11,    0},    {0x0B4,0x12,    0},    {0x0B8,0x0A,   14},
    {0x083,0xFF,    0},    {0x023,0x20,    0},    {0x080,0xFF,    0},    {0x020,0x20,    0},
    {0x043,0x3F,    0},    {0x040,0x3F,    0},    {0x0C0,0x00,    0},    {0x042,0x0A,    0},
    {0x048,0x0A,    0},    {0x049,0x0A,    0},    {0x0B8,0x2A,   43},    {0x0B1,0x06,    0},
    {0x0B7,0x0A,   14},    {0x083,0x06,    0},    {0x023,0x04,    0},    {0x060,0xCF,    0},
    {0x080,0x09,    0},    {0x020,0x01,    0},    {0x043,0x00,    0},    {0x040,0x00,    0},
    {0x0C0,0x06,    0},    {0x0A0,0xC0,    0},    {0x0B0,0x21,    0},    {0x0A1,0xB0,    0},
    {0x0B1,0x25,    1},    {0x042,0x09,    0},    {0x0B2,0x2E,    0},    {0x048,0x09,    0},
    {0x0A3,0xB0,    0},    {0x0B3,0x31,    0},    {0x049,0x09,    0},    {0x0B4,0x32,    0},
    {0x04A,0x0C,    0},    {0x0A5,0xB0,    0},    {0x050,0x0C,    0},    {0x0A7,0x02,    0},
    {0x0B7,0x2E,   13},    {0x0A0,0xB6,   15},    {0x0A0,0xAC,   14},    {0x0A0,0xA2,    0},
    {0x0B2,0x0E,    0},    {0x0B3,0x11,    0},    {0x0B4,0x12,    0},    {0x0B8,0x0A,   14},
    {0x0A0,0x98,    0},    {0x042,0x0A,    0},    {0x048,0x0A,    0},    {0x049,0x0A,    0},
    {0x0A8,0x02,    0},    {0x0B8,0x2E,   14},    {0x0A0,0x8E,   15},    {0x0A0,0x84,    0},
    {0x04A,0x0D,    0},    {0x050,0x0D,   14},    {0x0A0,0x7A,    0},    {0x0B0,0x01,    0},
    {0x0B1,0x05,    0},    {0x0B7,0x0E,   14},    {0x083,0x0A,    0},    {0x023,0x0A,    0},
    {0x060,0xFF,    0},    {0x080,0x00,    0},    {0x020,0x0F,    0},    {0x0C0,0x0E,    0},
    {0x0A0,0x57,    0},    {0x0B0,0x25,    1},    {0x0B1,0x25,    0},    {0x042,0x0B,    0},
    {0x048,0x0B,    0},    {0x049,0x0B,    0},    {0x0A7,0x87,    0},    {0x0B7,0x2A,   42},
    {0x0B8,0x0E,   14},    {0x042,0x0C,    0},    {0x048,0x0C,    0},    {0x049,0x0C,    0},
    {0x04A,0x0E,    0},    {0x050,0x0E,    1},    {0x0A8,0x87,    0},    {0x0B8,0x2A,   42},
    {0x0B0,0x05,    0},    {0x0B1,0x05,    0},    {0x0B7,0x0A,   14},    {0x0B0,0x25,    0},
    {0x0B1,0x25,    0},    {0x042,0x09,    1},    {0x0B2,0x2E,    0},    {0x048,0x09,    0},
    {0x0B3,0x31,    0},    {0x049,0x09,    0},    {0x0B4,0x32,    0},    {0x0A7,0xB0,    0},
    {0x0B7,0x2D,   28},    {0x04A,0x0F,    0},    {0x050,0x0F,   14},    {0x0B2,0x0E,    0},
    {0x0B3,0x11,    0},    {0x0B4,0x12,    0},    {0x0B8,0x0A,   14},    {0x042,0x0A,    0},
    {0x048,0x0A,    1},    {0x049,0x0A,    0},    {0x0A8,0xB0,    0},    {0x0B8,0x2D,   42},
    {0x0B0,0x05,    0},    {0x0B1,0x05,    0},    {0x0B7,0x0D,   15},    {0x0B0,0x25,    0},
    {0x0B1,0x29,    0},    {0x042,0x09,    0},    {0x0B2,0x2E,    0},    {0x048,0x09,    0},
    {0x0B3,0x31,    0},    {0x049,0x09,    0},    {0x0B4,0x32,    0},    {0x04A,0x10,    0},
    {0x050,0x10,    0},    {0x0A7,0x02,    0},    {0x0B7,0x2E,   42},    {0x0B2,0x0E,    0},
    {0x0B3,0x11,    0},    {0x0B4,0x12,    1},    {0x0B8,0x0D,   14},    {0x042,0x0A,    0},
    {0x048,0x0A,    0},    {0x049,0x0A,    0},    {0x0A8,0x02,    0},    {0x0B8,0x2E,   28},
    {0x04A,0x11,    0},    {0x050,0x11,   14},    {0x0B0,0x05,    0},    {0x0B1,0x09,    1},
    {0x0B7,0x0E,   14},    {0x063,0xF7,    0},    {0x083,0x67,    0},    {0x023,0x23,    0},
    {0x080,0x02,    0},    {0x020,0x01,    0},    {0x0E0,0x02,    0},    {0x043,0x04,    0},
    {0x0B0,0x25,    0},    {0x024,0x05,    0},    {0x081,0x09,    0},    {0x021,0x04,    0},
    {0x0E1,0x00,    0},    {0x044,0x00,    0},    {0x041,0x00,    0},    {0x0C1,0x0F,    0},
    {0x0A1,0x6D,    0},    {0x0B1,0x25,    0},    {0x042,0x0B,    0},    {0x048,0x0B,    0},
    {0x049,0x0B,    0},    {0x0A7,0x87,    1},    {0x0B7,0x2A,   13},    {0x0A1,0x59,   14},
    {0x0A1,0x45,   14},    {0x0A1,0x31,    1},    {0x0B8,0x0E,   14},    {0x0A1,0x1D,    0},
    {0x042,0x0C,    0},    {0x048,0x0C,    0},    {0x049,0x0C,    0},    {0x04A,0x12,    0},
    {0x050,0x12,    0},    {0x0A8,0x87,    0},    {0x0B8,0x2A,   14},    {0x0A1,0x09,   14},
    {0x0A1,0xF5,    0},    {0x0B1,0x24,   15},    {0x0B0,0x05,    0},    {0x0A1,0xE1,    0},
    {0x0B1,0x04,    0},    {0x0B7,0x0A,   14},    {0x063,0xFF,    0},    {0x083,0x0A,    0},
    {0x023,0x0A,    0},    {0x080,0x00,    0},    {0x020,0x0F,    0},    {0x0E0,0x00,    0},
    {0x043,0x00,    0},    {0x0B0,0x25,    0},    {0x024,0x03,    0},    {0x081,0x04,    0},
    {0x021,0x00,    0},    {0x0E1,0x03,    0},    {0x044,0x02,    0},    {0x041,0x06,    0},
    {0x0C1,0x02,    0},    {0x0A1,0x81,    0},    {0x0B1,0x25,    0},    {0x042,0x09,    0},
    {0x0B2,0x2E,    1},    {0x048,0x09,    0},    {0x0B3,0x31,    0},    {0x049,0x09,    0},
    {0x0B4,0x32,    0},    {0x0A7,0xB0,    0},    {0x0B7,0x2D,   27},    {0x04A,0x13,    0},
    {0x050,0x13,   15},    {0x0B2,0x0E,    0},    {0x0B3,0x11,    0},    {0x0B4,0x12,    0},
    {0x0B8,0x0A,   14},    {0x042,0x0A,    0},    {0x048,0x0A,    0},    {0x049,0x0A,    0},
    {0x0A8,0xB0,    0},    {0x0B8,0x2D,   43},    {0x0B0,0x05,    0},    {0x0B1,0x05,    0},
    {0x0B7,0x0D,   14},    {0x0B0,0x25,    0},    {0x0B1,0x29,    0},    {0x042,0x09,    0},
    {0x0B2,0x2E,    0},    {0x048,0x09,    0},    {0x0B3,0x31,    0},    {0x049,0x09,    0},
    {0x0B4,0x32,    0},    {0x04A,0x14,    0},    {0x050,0x14,    0},    {0x0A7,0x02,    1},
    {0x0B7,0x2E,   42},    {0x0B2,0x0E,    0},    {0x0B3,0x11,    0},    {0x0B4,0x12,    0},
    {0x0B8,0x0D,   14},    {0x042,0x0A,    0},    {0x048,0x0A,    0},    {0x049,0x0A,    0},
    {0x0A8,0x02,    0},    {0x0B8,0x2E,   29},    {0x04A,0x15,    0},    {0x050,0x15,   14},
    {0x0B0,0x05,    0},    {0x0B1,0x09,    0},    {0x0B7,0x0E,   14},    {0x0B0,0x25,    0},
    {0x0B1,0x25,    0},    {0x042,0x0B,    0},    {0x048,0x0B,    0},    {0x049,0x0B,    0},
    {0x0A7,0x87,    0},    {0x0B7,0x2A,   43},    {0x0B0,0x05,    0},    {0x0B8,0x0E,   14},
    {0x083,0xFF,    0},    {0x023,0x20,    0},    {0x080,0xFF,    0},    {0x020,0x20,    0},
    {0x043,0x3F,    0},    {0x040,0x3F,    0},    {0x0C0,0x00,    0},    {0x042,0x0C,    0},
    {0x048,0x0C,    1},    {0x049,0x0C,    0},    {0x04A,0x16,    0},    {0x050,0x16,    0},
    {0x0A8,0x87,    0},    {0x0B8,0x2A,   42},    {0x0B1,0x05,    0},    {0x0B7,0x0A,   14},
    {0x083,0x06,    0},    {0x023,0x04,    0},    {0x060,0xCF,    0},    {0x080,0x09,    0},
    {0x020,0x01,    0},    {0x043,0x00,    0},    {0x040,0x00,    0},    {0x0C0,0x06,    1},
    {0x0A0,0xC0,    0},    {0x0B0,0x21,    0},    {0x0A1,0xB0,    0},    {0x0B1,0x25,    0},
    {0x042,0x09,    0},    {0x0B2,0x2E,    0},    {0x048,0x09,    0},    {0x0B3,0x31,    0},
    {0x049,0x09,    0},    {0x0B4,0x32,    0},    {0x0A7,0xB0,    0},    {0x0B7,0x2D,   13},
    {0x0A0,0xB6,   15},    {0x0A0,0xAC,    0},    {0x04A,0x17,    0},    {0x050,0x17,   14},
    {0x0A0,0xA2,    0},    {0x0B2,0x0E,    0},    {0x0B3,0x11,    0},    {0x0B4,0x12,    0},
    {0x0B8,0x0A,   14},    {0x0A0,0x98,    0},    {0x042,0x0A,    0},    {0x048,0x0A,    0},
    {0x049,0x0A,    1},    {0x0A8,0xB0,    0},    {0x0B8,0x2D,   14},    {0x0A0,0x8E,   14},
    {0x0A0,0x84,   14},    {0x0A0,0x7A,    0},    {0x0B0,0x01,    0},    {0x0B1,0x05,    0},
    {0x0B7,0x0D,   14},    {0x083,0x0A,    0},    {0x023,0x0A,    0},    {0x060,0xFF,    0},
    {0x080,0x00,    1},    {0x020,0x0F,    0},    {0x0C0,0x0E,    0},    {0x0A0,0x57,    0},
    {0x0B0,0x25,    0},    {0x0B1,0x25,    0},    {0x042,0x09,    0},    {0x0B2,0x2E,    0},
    {0x048,0x09,    0},    {0x0B3,0x31,    0},    {0x049,0x09,    0},    {0x0B4,0x32,    0},
    {0x04A,0x18,    0},    {0x050,0x18,    0},    {0x0A7,0x02,    0},    {0x0B7,0x2E,   42},
    {0x0B2,0x0E,    0},    {0x0B3,0x11,    0},    {0x0B4,0x12,    0},    {0x0B8,0x0D,   14},
    {0x042,0x0A,    1},    {0x048,0x0A,    0},    {0x049,0x0A,    0},    {0x0A8,0x02,    0},
    {0x0B8,0x2E,   28},    {0x04A,0x19,    0},    {0x050,0x19,   14},    {0x0B0,0x05,    0},
    {0x0B1,0x05,    0},    {0x0B7,0x0E,   15},    {0x0B0,0x25,    0},    {0x0B1,0x25,    0},
    {0x042,0x09,    0},    {0x0B2,0x2E,    0},    {0x048,0x09,    0},    {0x0B3,0x31,    0},
    {0x049,0x09,    0},    {0x0B4,0x32,    0},    {0x0A7,0xB0,    0},    {0x0B7,0x2D,   42},
    {0x0B2,0x0E,    0},    {0x0B3,0x11,    0},    {0x0B4,0x12,    1},    {0x0B8,0x0E,   14},
    {0x042,0x0A,    0},    {0x048,0x0A,    0},    {0x049,0x0A,    0},    {0x04A,0x1A,    0},
    {0x050,0x1A,    0},    {0x0A8,0xB0,    0},    {0x0B8,0x2D,   42},    {0x0B0,0x05,    0},
    {0x0B1,0x05,    1},    {0x0B7,0x0D,   14},    {0x0B0,0x25,    0},    {0x0B1,0x29,    0},
    {0x042,0x0B,    0},    {0x048,0x0B,    0},    {0x049,0x0B,    0},    {0x0A7,0x87,    0},
    {0x0B7,0x2A,   28},    {0x04A,0x1B,    0},    {0x050,0x1B,   15},    {0x0B8,0x0D,   14},
    {0x042,0x0C,    0},    {0x048,0x0C,    0},    {0x049,0x0C,    0},    {0x0A8,0x87,    0},
    {0x0B8,0x2A,   43},    {0x0B0,0x05,    0},    {0x0B1,0x09,    0},    {0x0B7,0x0A,   14},
    {0x063,0xF7,    0},    {0x083,0x67,    0},    {0x023,0x23,    0},    {0x080,0x02,    0},
    {0x020,0x01,    0},    {0x0E0,0x02,    0},    {0x043,0x04,    0},    {0x0B0,0x25,    0},
    {0x024,0x05,    0},    {0x081,0x09,    0},    {0x021,0x04,    0},    {0x0E1,0x00,    0},
    {0x044,0x00,    0},    {0x041,0x00,    0},    {0x0C1,0x0F,    0},    {0x0A1,0x6D,    0},
    {0x0B1,0x25,    0},    {0x042,0x09,    1},    {0x0B2,0x2E,    0},    {0x048,0x09,    0},
    {0x0B3,0x31,    0},    {0x049,0x09,    0},    {0x0B4,0x32,    0},    {0x04A,0x1C,    0},
    {0x050,0x1C,    0},    {0x0A7,0x02,    0},    {0x0B7,0x2E,   13},    {0x0A1,0x59,   14},
    {0x0A1,0x45,   15},    {0x0A1,0x31,    0},    {0x0B2,0x0E,    0},    {0x0B3,0x11,    0},
    {0x0B4,0x12,    0},    {0x0B8,0x0A,   14},    {0x0A1,0x1D,    0},    {0x042,0x0A,    0},
    {0x048,0x0A,    0},    {0x049,0x0A,    0},    {0x0A8,0x02,    0},    {0x0B8,0x2E,   14},
    {0x0A1,0x09,   14},    {0x0A1,0xF5,    0},    {0x0B1,0x24,    1},    {0x04A,0x1D,    0},
    {0x050,0x1D,   14},    {0x0B0,0x05,    0},    {0x0A1,0xE1,    0},    {0x0B1,0x04,    0},
    {0x0B7,0x0E,   14},    {0x063,0xFF,    0},    {0x083,0x0A,    0},    {0x023,0x0A,    0},
    {0x080,0x00,    0},    {0x020,0x0F,    0},    {0x0E0,0x00,    0},    {0x043,0x00,    0},
    {0x0B0,0x25,    0},    {0x024,0x03,    0},    {0x081,0x04,    0},    {0x021,0x00,    0},
    {0x0E1,0x03,    0},    {0x044,0x02,    0},    {0x041,0x06,    0},    {0x0C1,0x02,    1},
    {0x0A1,0x87,    0},    {0x0B1,0x22,    0},    {0x042,0x09,    0},    {0x0B2,0x2E,    0},
    {0x048,0x09,    0},    {0x0B3,0x31,    0},    {0x049,0x09,    0},    {0x0B4,0x32,    0},
    {0x0A7,0xB0,    0},    {0x0B7,0x2D,   42},    {0x0B2,0x0E,    0},    {0x0B3,0x11,    0},
    {0x0B4,0x12,    0},    {0x0B8,0x0E,   14},    {0x042,0x0A,    0},    {0x048,0x0A,    0},
    {0x049,0x0A,    0},    {0x04A,0x1E,    0},    {0x050,0x1E,    0},    {0x0A8,0xB0,    0},
    {0x0B8,0x2D,   43},    {0x0B0,0x05,    0},    {0x0B1,0x02,    0},    {0x0B7,0x0D,   14},
    {0x0B0,0x25,    0},    {0x0A1,0x81,    0},    {0x0B1,0x25,    0},    {0x042,0x0B,    0},
    {0x048,0x0B,    0},    {0x049,0x0B,    0},    {0x0A7,0x87,    0},    {0x0B7,0x2A,   29},
    {0x04A,0x1F,    0},    {0x050,0x1F,   14},    {0x0B8,0x0D,   14},    {0x042,0x0C,    0},
    {0x048,0x0C,    0},    {0x049,0x0C,    0},    {0x0A8,0x87,    0},    {0x0B8,0x2A,   43},
    {0x0B0,0x05,    0},    {0x0B1,0x05,    0},    {0x0B7,0x0A,   14},    {0x0B0,0x25,    0},
    {0x0A1,0xB0,    0},    {0x0B1,0x25,    0},    {0x042,0x09,    0},    {0x0B2,0x2E,    0},
    {0x048,0x09,    1},    {0x0B3,0x31,    0},    {0x049,0x09,    0},    {0x0B4,0x32,    0},
    {0x04A,0x20,    0},    {0x050,0x20,    0},    {0x0B7,0x2A,   42},    {0x0B0,0x05,    0},
    {0x0B2,0x0E,    0},    {0x0B3,0x11,    0},    {0x0B4,0x12,    0},    {0x0B8,0x0A,   14},
    {0x083,0xFF,    0},    {0x023,0x20,    0},    {0x080,0xFF,    0},    {0x020,0x20,    0},
    {0x043,0x3F,    0},    {0x040,0x3F,    1},    {0x0C0,0x00,    0},    {0x042,0x0A,    0},
    {0x048,0x0A,    0},    {0x049,0x0A,    0},    {0x0B8,0x2A,   28},    {0x04A,0x21,    0},
    {0x050,0x21,   14},    {0x0B1,0x05,    0},    {0x0B7,0x0A,   14},    {0x083,0x06,    0},
    {0x023,0x04,    0},    {0x060,0xCF,    0},    {0x080,0x09,    1},    {0x020,0x01,    0},
    {0x043,0x00,    0},    {0x040,0x00,    0},    {0x0C0,0x06,    0},    {0x0A0,0xC0,    0},
    {0x0B0,0x21,    0},    {0x0B1,0x25,    0},    {0x042,0x09,    0},    {0x0B2,0x2E,    0},
    {0x048,0x09,    0},    {0x0B3,0x31,    0},    {0x049,0x09,    0},    {0x0B4,0x32,    0},
    {0x0A7,0x02,    0},    {0x0B7,0x2E,   14},    {0x0A0,0xB6,   14},    {0x0A0,0xAC,   14},
    {0x0A0,0xA2,    0},    {0x0B2,0x0E,    0},    {0x0B3,0x11,    0},    {0x0B4,0x12,    0},
    {0x0B8,0x0A,   14},    {0x0A0,0x98,    0},    {0x042,0x0A,    1},    {0x048,0x0A,    0},
    {0x049,0x0A,    0},    {0x04A,0x22,    0},    {0x050,0x22,    0},    {0x0A8,0x02,    0},
    {0x0B8,0x2E,   14},    {0x0A0,0x8E,   14},    {0x0A0,0x84,   14},    {0x0A0,0x7A,    0},
    {0x0B0,0x01,    0},    {0x0B1,0x05,    0},    {0x0B7,0x0E,   15},    {0x083,0x0A,    0},
    {0x023,0x0A,    0},    {0x060,0xFF,    0},    {0x080,0x00,    0},    {0x020,0x0F,    0},
    {0x0C0,0x0E,    0},    {0x0A0,0x57,    0},    {0x0B0,0x25,    0},    {0x0B1,0x25,    0},
    {0x042,0x0B,    0},    {0x048,0x0B,    0},    {0x049,0x0B,    0},    {0x0A7,0x87,    0},
    {0x0B7,0x2A,   28},    {0x04A,0x23,    0},    {0x050,0x23,   14},    {0x0B8,0x0E,   15},
    {0x042,0x0C,    0},    {0x048,0x0C,    0},    {0x049,0x0C,    0},    {0x0A8,0x87,    0},
    {0x0B8,0x2A,   42},    {0x0B0,0x05,    0},    {0x0B1,0x05,    1},    {0x0B7,0x0A,   14},
    {0x0B0,0x25,    0},    {0x0B1,0x25,    0},    {0x042,0x09,    0},    {0x0B2,0x2E,    0},
    {0x048,0x09,    0},    {0x0B3,0x31,    0},    {0x049,0x09,    0},    {0x0B4,0x32,    0},
    {0x04A,0x24,    0},    {0x050,0x24,    0},    {0x0A7,0xB0,    0},    {0x0B7,0x2D,   42},
    {0x0B2,0x0E,    1},    {0x0B3,0x11,    0},    {0x0B4,0x12,    0},    {0x0B8,0x0A,   14},
    {0x042,0x0A,    0},    {0x048,0x0A,    0},    {0x049,0x0A,    0},    {0x0A8,0xB0,    0},
    {0x0B8,0x2D,   28},    {0x04A,0x25,    0},    {0x050,0x25,   15},    {0x0B0,0x05,    0},
    {0x0B1,0x05,    0},    {0x0B7,0x0D,   14},    {0x0B0,0x25,    0},    {0x0B1,0x29,    0},
    {0x042,0x09,    0},    {0x0B2,0x2E,    0},    {0x048,0x09,    0},    {0x0B3,0x31,    0},
    {0x049,0x09,    0},    {0x0B4,0x32,    0},    {0x0A7,0x02,    0},    {0x0B7,0x2E,   43},
    {0x0B2,0x0E,    0},    {0x0B3,0x11,    0},    {0x0B4,0x12,    0},    {0x0B8,0x0D,   14},
    {0x042,0x0A,    0},    {0x048,0x0A,    0},    {0x049,0x0A,    0},    {0x04A,0x26,    0},
    {0x050,0x26,    0},    {0x0A8,0x02,    0},    {0x0B8,0x2E,   43},    {0x0B0,0x05,    0},
    {0x0B1,0x09,    0},    {0x0B7,0x0E,   14},    {0x063,0xF7,    0},    {0x083,0x67,    0},
    {0x023,0x23,    0},    {0x080,0x02,    0},    {0x020,0x01,    0},    {0x0E0,0x02,    0},
    {0x043,0x04,    0},    {0x0B0,0x25,    0},    {0x024,0x05,    0},    {0x081,0x09,    0},
    {0x021,0x04,    0},    {0x0E1,0x00,    0},    {0x044,0x00,    0},    {0x041,0x00,    0},
    {0x0C1,0x0F,    1},    {0x0A1,0x6D,    0},    {0x0B1,0x25,    0},    {0x042,0x0B,    0},
    {0x048,0x0B,    0},    {0x049,0x0B,    0},    {0x0A7,0x87,    0},    {0x0B7,0x2A,   13},
    {0x0A1,0x59,   14},    {0x0A1,0x45,    1},    {0x04A,0x27,    0},    {0x050,0x27,   14},
    {0x0A1,0x31,    0},    {0x0B8,0x0E,   14},    {0x0A1,0x1D,    0},    {0x042,0x0C,    0},
    {0x048,0x0C,    0},    {0x049,0x0C,    0},    {0x0A8,0x87,    0},    {0x0B8,0x2A,   14},
    {0x0A1,0x09,   15},    {0x0A1,0xF5,    0},    {0x0B1,0x24,   14},    {0x0B0,0x05,    0},
    {0x0A1,0xE1,    0},    {0x0B1,0x04,    0},    {0x0B7,0x0A,   14},    {0x063,0xFF,    0},
    {0x083,0x0A,    0},    {0x023,0x0A,    0},    {0x080,0x00,    0},    {0x020,0x0F,    0},
    {0x0E0,0x00,    0},    {0x043,0x00,    0},    {0x0B0,0x25,    0},    {0x024,0x03,    0},
    {0x081,0x04,    0},    {0x021,0x00,    1},    {0x0E1,0x03,    0},    {0x044,0x02,    0},
    {0x041,0x06,    0},    {0x0C1,0x02,    0},    {0x0A1,0x81,    0},    {0x0B1,0x25,    0},
    {0x042,0x09,    0},    {0x0B2,0x2E,    0},    {0x048,0x09,    0},    {0x0B3,0x31,    0},
    {0x049,0x09,    0},    {0x0B4,0x32,    0},    {0x04A,0x28,    0},    {0x050,0x28,    0},
    {0x0A7,0xB0,    0},    {0x0B7,0x2D,   42},    {0x0B2,0x0E,    0},    {0x0B3,0x11,    0},
    {0x0B4,0x12,    0},    {0x0B8,0x0A,   14},    {0x042,0x0A,    0},    {0x048,0x0A,    0},
    {0x049,0x0A,    0},    {0x0A8,0xB0,    0},    {0x0B8,0x2D,   29},    {0x04A,0x29,    0},
    {0x050,0x29,   14},    {0x0B0,0x05,    0},    {0x0B1,0x05,    0},    {0x0B7,0x0D,   14},
    {0x0B0,0x25,    0},    {0x0B1,0x29,    0},    {0x042,0x09,    0},    {0x0B2,0x2E,    0},
    {0x048,0x09,    1},    {0x0B3,0x31,    0},    {0x049,0x09,    0},    {0x0B4,0x32,    0},
    {0x0A7,0x02,    0},    {0x0B7,0x2E,   42},    {0x0B2,0x0E,    0},    {0x0B3,0x11,    0},
    {0x0B4,0x12,    0},    {0x0B8,0x0D,   14},    {0x042,0x0A,    0},    {0x048,0x0A,    0},
    {0x049,0x0A,    0},    {0x04A,0x2A,    1},    {0x050,0x2A,    0},    {0x0A8,0x02,    0},
    {0x0B8,0x2E,   42},    {0x0B0,0x05,    0},    {0x0B1,0x09,    0},    {0x0B7,0x0E,   14},
    {0x0B0,0x25,    0},    {0x0B1,0x25,    0},    {0x042,0x0B,    1},    {0x048,0x0B,    0},
    {0x049,0x0B,    0},    {0x0A7,0x87,    0},    {0x0B7,0x2A,   28},    {0x04A,0x2B,    0},
    {0x050,0x2B,   14},    {0x0B0,0x05,    0},    {0x0B8,0x0E,   14},    {0x083,0xFF,    0},
    {0x023,0x20,    1},    {0x080,0xFF,    0},    {0x020,0x20,    0},    {0x043,0x3F,    0},
    {0x040,0x3F,    0},    {0x0C0,0x00,    0},    {0x042,0x0C,    0},    {0x048,0x0C,    0},
    {0x049,0x0C,    0},    {0x0A8,0x87,    0},    {0x0B8,0x2A,   42},    {0x0B1,0x05,    0},
    {0x0B7,0x0A,   15},    {0x083,0x06,    0},    {0x023,0x04,    0},    {0x060,0xCF,    0},
    {0x080,0x09,    0},    {0x020,0x01,    0},    {0x043,0x00,    0},    {0x040,0x00,    0},
    {0x0C0,0x06,    0},    {0x0A0,0xC0,    0},    {0x0B0,0x21,    0},    {0x0A1,0xB0,    0},
    {0x0B1,0x25,    0},    {0x042,0x09,    0},    {0x0B2,0x2E,    0},    {0x048,0x09,    0},
    {0x0B3,0x31,    0},    {0x049,0x09,    0},    {0x0B4,0x32,    0},    {0x04A,0x2C,    0},
    {0x050,0x2C,    0},    {0x0A7,0xB0,    0},    {0x0B7,0x2D,   14},    {0x0A0,0xB6,   14},
    {0x0A0,0xAC,   14},    {0x0A0,0xA2,    0},    {0x0B2,0x0E,    0},    {0x0B3,0x11,    1},
    {0x0B4,0x12,    0},    {0x0B8,0x0A,   14},    {0x0A0,0x98,    0},    {0x042,0x0A,    0},
    {0x048,0x0A,    0},    {0x049,0x0A,    0},    {0x0A8,0xB0,    0},    {0x0B8,0x2D,   14},
    {0x0A0,0x8E,   14},    {0x0A0,0x84,    0},    {0x04A,0x2D,    0},    {0x050,0x2D,   14},
    {0x0A0,0x7A,    0},    {0x0B0,0x01,    0},    {0x0B1,0x05,    1},    {0x0B7,0x0D,   14},
    {0x083,0x0A,    0},    {0x023,0x0A,    0},    {0x060,0xFF,    0},    {0x080,0x00,    0},
    {0x020,0x0F,    0},    {0x0C0,0x0E,    0},    {0x0A0,0x57,    0},    {0x0B0,0x25,    0},
    {0x0B1,0x25,    0},    {0x042,0x09,    0},    {0x0B2,0x2E,    0},    {0x048,0x09,    0},
    {0x0B3,0x31,    0},    {0x049,0x09,    0},    {0x0B4,0x32,    0},    {0x0A7,0x02,    0},
    {0x0B7,0x2E,   43},    {0x0B2,0x0E,    0},    {0x0B3,0x11,    0},    {0x0B4,0x12,    0},
    {0x0B8,0x0D,   14},    {0x042,0x0A,    0},    {0x048,0x0A,    0},    {0x049,0x0A,    0},
    {0x04A,0x2E,    0},    {0x050,0x2E,    0},    {0x0A8,0x02,    0},    {0x0B8,0x2E,   43},
    {0x0B0,0x05,    0},    {0x0B1,0x05,    0},    {0x0B7,0x0E,   14},    {0x0B0,0x25,    0},
    {0x0B1,0x25,    0},    {0x042,0x09,    0},    {0x0B2,0x2E,    0},    {0x048,0x09,    0},
    {0x0B3,0x31,    0},    {0x049,0x09,    0},    {0x0B4,0x32,    0},    {0x0A7,0xB0,    0},
    {0x0B7,0x2D,   28},    {0x04A,0x2F,    0},    {0x050,0x2F,   15},    {0x0B2,0x0E,    0},
    {0x0B3,0x11,    0},    {0x0B4,0x12,    0},    {0x0B8,0x0E,   14},    {0x042,0x0A,    0},
    {0x048,0x0A,    0},    {0x049,0x0A,    0},    {0x0A8,0xB0,    0},    {0x0B8,0x2D,   43},
    {0x0B0,0x05,    0},    {0x0B1,0x05,    0},    {0x0B7,0x0D,   14},    {0x0B0,0x25,    0},
    {0x0B1,0x29,    0},    {0x042,0x0B,    0},    {0x048,0x0B,    0},    {0x049,0x0B,    0},
    {0x04A,0x30,    0},    {0x050,0x30,    0},    {0x0A7,0x87,    0},    {0x0B7,0x2A,   43},
    {0x0B8,0x0D,   14},    {0x042,0x0C,    0},    {0x048,0x0C,    0},    {0x049,0x0C,    0},
    {0x0A8,0x87,    0},    {0x0B8,0x2A,   29},    {0x04A,0x2F,    0},    {0x050,0x2F,   14},
    {0x0B0,0x05,    0},    {0x0B1,0x09,    0},    {0x0B7,0x0A,   14},    {0x063,0xF7,    0},
    {0x083,0x67,    0},    {0x023,0x23,    0},    {0x080,0x02,    0},    {0x020,0x01,    0},
    {0x0E0,0x02,    0},    {0x043,0x04,    0},    {0x0B0,0x25,    0},    {0x024,0x05,    0},
    {0x081,0x09,    0},    {0x021,0x04,    1},    {0x0E1,0x00,    0},    {0x044,0x00,    0},
    {0x041,0x00,    0},    {0x0C1,0x0F,    0},    {0x0A1,0x6D,    0},    {0x0B1,0x25,    0},
    {0x042,0x09,    0},    {0x0B2,0x2E,    0},    {0x048,0x09,    0},    {0x0B3,0x31,    0},
    {0x049,0x09,    0},    {0x0B4,0x32,    0},    {0x0A7,0x02,    0},    {0x0B7,0x2E,   13},
    {0x0A1,0x59,   15},    {0x0A1,0x45,   14},    {0x0A1,0x31,    0},    {0x0B2,0x0E,    0},
    {0x0B3,0x11,    0},    {0x0B4,0x12,    0},    {0x0B8,0x0A,   14},    {0x0A1,0x1D,    0},
    {0x042,0x0A,    0},    {0x048,0x0A,    0},    {0x049,0x0A,    0},    {0x04A,0x2E,    0},
    {0x050,0x2E,    1},    {0x0A8,0x02,    0},    {0x0B8,0x2E,   13},    {0x0A1,0x09,   15},
    {0x0A1,0xF5,    0},    {0x0B1,0x24,   14},    {0x0B0,0x05,    0},    {0x0A1,0xE1,    0},
    {0x0B1,0x04,    0},    {0x0B7,0x0E,   14},    {0x063,0xFF,    0},    {0x083,0x0A,    0},
    {0x023,0x0A,    0},    {0x080,0x00,    0},    {0x020,0x0F,    0},    {0x0E0,0x00,    0},
    {0x043,0x00,    1},    {0x0B0,0x25,    0},    {0x024,0x03,    0},    {0x081,0x04,    0},
    {0x021,0x00,    0},    {0x0E1,0x03,    0},    {0x044,0x02,    0},    {0x041,0x06,    0},
    {0x0C1,0x02,    0},    {0x0A1,0x87,    0},    {0x0B1,0x22,    0},    {0x042,0x09,    0},
    {0x0B2,0x2E,    0},    {0x048,0x09,    0},    {0x0B3,0x31,    0},    {0x049,0x09,    0},
    {0x0B4,0x32,    0},    {0x0A7,0xB0,    0},    {0x0B7,0x2D,   28},    {0x04A,0x2D,    0},
    {0x050,0x2D,   14},    {0x0B2,0x0E,    0},    {0x0B3,0x11,    0},    {0x0B4,0x12,    0},
    {0x0B8,0x0E,   14},    {0x042,0x0A,    0},    {0x048,0x0A,    0},    {0x049,0x0A,    1},
    {0x0A8,0xB0,    0},    {0x0B8,0x2D,   42},    {0x0B0,0x05,    0},    {0x0B1,0x02,    0},
    {0x0B7,0x0D,   14},    {0x0B0,0x25,    0},    {0x0A1,0x81,    1},    {0x0B1,0x25,    0},
    {0x042,0x0B,    0},    {0x048,0x0B,    0},    {0x049,0x0B,    0},    {0x04A,0x2C,    0},
    {0x050,0x2C,    0},    {0x0A7,0x87,    0},    {0x0B7,0x2A,   42},    {0x0B8,0x0D,   14},
    {0x042,0x0C,    1},    {0x048,0x0C,    0},    {0x049,0x0C,    0},    {0x0A8,0x87,    0},
    {0x0B8,0x2A,   28},    {0x04A,0x2B,    0},    {0x050,0x2B,   14},    {0x0B0,0x05,    0},
    {0x0B1,0x05,    0},    {0x0B7,0x0A,   15},    {0x083,0x07,    0},    {0x023,0x05,    0},
    {0x080,0x09,    0},    {0x020,0x04,    0},    {0x0C0,0x0F,    0},    {0x0A0,0x6D,    0},
    {0x0B0,0x25,    0},    {0x064,0xF7,    0},    {0x084,0x67,    0},    {0x024,0x23,    0},
    {0x081,0x02,    0},    {0x021,0x01,    0},    {0x0E1,0x02,    0},    {0x044,0x04,    0},
    {0x041,0x00,    0},    {0x0C1,0x0E,    0},    {0x0A1,0x57,    0},    {0x0B1,0x25,    0},
    {0x042,0x09,    0},    {0x0B2,0x2E,    0},    {0x048,0x09,    0},    {0x0B3,0x31,    0},
    {0x049,0x09,    0},    {0x0B4,0x32,    1},    {0x0B7,0x2A,   13},    {0x0A0,0x59,   14},
    {0x0A0,0x45,   14},    {0x0A0,0x31,    0},    {0x0B0,0x05,    0},    {0x0B2,0x0E,    1},
    {0x0B3,0x11,    0},    {0x0B4,0x12,    0},    {0x0B8,0x0A,   14},    {0x083,0xFF,    0},
    {0x023,0x20,    0},    {0x080,0xFF,    0},    {0x020,0x20,    0},    {0x043,0x3F,    0},
    {0x040,0x3F,    0},    {0x0C0,0x00,    0},    {0x0A0,0x1D,    0},    {0x042,0x0A,    0},
    {0x048,0x0A,    0},    {0x049,0x0A,    0},    {0x04A,0x2A,    0},    {0x050,0x2A,    0},
    {0x0B8,0x2A,   14},    {0x0A0,0x09,   14},    {0x0A0,0xF5,    0},    {0x0B0,0x04,   14},
    {0x0A0,0xE1,    0},    {0x0B1,0x05,    1},    {0x0B5,0x09,    0},    {0x0B6,0x0A,    0},
    {0x0B7,0x0A,    0},    {0x055,0x04,    0},    {0x0B8,0x0A,   14},    {0x083,0x06,    0},
    {0x023,0x04,    0},    {0x060,0xCF,    0},    {0x080,0x09,    0},    {0x020,0x01,    0},
    {0x043,0x00,    0},    {0x040,0x00,    0},    {0x0C0,0x06,    0},    {0x0A0,0xC0,    0},
    {0x0B0,0x21,    0},    {0x064,0xFF,    0},    {0x084,0x07,    0},    {0x024,0x03,    0},
    {0x081,0x04,    0},    {0x021,0x00,    0},    {0x0E1,0x03,    0},    {0x044,0x02,    0},
    {0x041,0x06,    0},    {0x0C1,0x02,    0},    {0x0A1,0x87,    0},    {0x0B1,0x26,    1},
    {0x042,0x09,    0},    {0x0B2,0x2E,    0},    {0x048,0x09,    0},    {0x0A3,0x81,    0},
    {0x0B3,0x31,    0},    {0x049,0x09,    0},    {0x0A4,0xE5,    0},    {0x0B4,0x31,    0},
    {0x04A,0x30,    0},    {0x0A5,0x81,    0},    {0x0B5,0x29,    0},    {0x050,0x30,    0},
    {0x0A6,0xE5,    0},    {0x0B6,0x29,    0},    {0x074,0xFE,    0},    {0x094,0x1F,    0},
    {0x034,0x22,    0},    {0x091,0x00,    0},    {0x051,0x0C,    0},    {0x0C7,0x02,    0},
    {0x0B7,0x2E,    0},    {0x095,0x04,    0},    {0x092,0x00,    1},    {0x052,0x12,    0},
    {0x0C8,0x02,    0},    {0x0B8,0x2E,   12},    {0x0A0,0xB6,   14},    {0x0A0,0xAC,   14},
    {0x0A0,0xA2,    1},    {0x0B2,0x0E,    0},    {0x0B3,0x11,    0},    {0x0B4,0x11,   14},
    {0x0A0,0x98,    0},    {0x042,0x0A,    0},    {0x048,0x0A,    0},    {0x049,0x0A,    0},
    {0x051,0x10,    0},    {0x052,0x14,   14},    {0x0A0,0x8E,   14},    {0x0A0,0x84,    0},
    {0x04A,0x2F,    0},    {0x050,0x2F,   15},    {0x0A0,0x7A,    0},    {0x0B0,0x01,    0},
    {0x0B1,0x06,   14},    {0x083,0x0A,    0},    {0x023,0x0A,    0},    {0x060,0xFF,    0},
    {0x080,0x00,    0},    {0x020,0x0F,    0},    {0x0C0,0x0E,    0},    {0x0A0,0x57,    0},
    {0x0B0,0x25,    0},    {0x0B1,0x26,    0},    {0x042,0x0B,    0},    {0x048,0x0B,    0},
    {0x049,0x0B,    0},    {0x051,0x13,    0},    {0x052,0x16,   57},    {0x042,0x0C,    0},
    {0x048,0x0C,    0},    {0x049,0x0C,    0},    {0x04A,0x2E,    0},    {0x050,0x2E,    0},
    {0x051,0x18,    0},    {0x052,0x15,   43},    {0x0B0,0x05,    0},    {0x0B1,0x06,    0},
    {0x0B7,0x0E,    0},    {0x0B8,0x0E,   14},    {0x0B0,0x25,    0},    {0x0B1,0x26,    0},
    {0x042,0x09,    0},    {0x0B2,0x2E,    0},    {0x048,0x09,    0},    {0x0B3,0x31,    0},
    {0x049,0x09,    0},    {0x0B4,0x31,    0},    {0x051,0x0C,    0},    {0x0A7,0x41,    1},
    {0x0B7,0x2E,    0},    {0x052,0x12,    0},    {0x0A8,0x41,    0},    {0x0B8,0x2E,   28},
    {0x04A,0x2D,    0},    {0x050,0x2D,   14},    {0x0B2,0x0E,    0},    {0x0B3,0x11,    0},
    {0x0B4,0x11,   14},    {0x042,0x0A,    0},    {0x048,0x0A,    0},    {0x049,0x0A,    0},
    {0x051,0x10,    0},    {0x052,0x14,   43},    {0x0B0,0x05,    0},    {0x0B1,0x06,   14},
    {0x0B0,0x25,    0},    {0x0B1,0x2A,    0},    {0x042,0x09,    0},    {0x0B2,0x2E,    0},
    {0x048,0x09,    0},    {0x0B3,0x31,    0},    {0x049,0x09,    0},    {0x0B4,0x31,    1},
    {0x04A,0x2C,    0},    {0x050,0x2C,    0},    {0x051,0x13,    0},    {0x052,0x16,   42},
    {0x0B2,0x0E,    0},    {0x0B3,0x11,    0},    {0x0B4,0x11,   14},    {0x042,0x0A,    0},
    {0x048,0x0A,    0},    {0x049,0x0A,    0},    {0x051,0x18,    0},    {0x052,0x15,   29},
    {0x04A,0x2B,    0},    {0x050,0x2B,   14},    {0x0B0,0x05,    0},    {0x0B1,0x0A,    0},
    {0x0B7,0x0E,    0},    {0x0B8,0x0E,   14},    {0x063,0xF7,    0},    {0x083,0x67,    0},
    {0x023,0x23,    0},    {0x080,0x02,    0},    {0x020,0x01,    0},    {0x0E0,0x02,    0},
    {0x043,0x04,    1},    {0x0B0,0x25,    0},    {0x024,0x05,    0},    {0x081,0x09,    0},
    {0x021,0x04,    0},    {0x0E1,0x00,    0},    {0x044,0x00,    0},    {0x041,0x00,    0},
    {0x0C1,0x0F,    0},    {0x0A1,0x6D,    0},    {0x0B1,0x25,    0},    {0x042,0x0B,    0},
    {0x048,0x0B,    0},    {0x049,0x0B,    0},    {0x051,0x0C,    0},    {0x0A7,0xE5,    0},
    {0x0B7,0x2D,    0},    {0x052,0x12,    0},    {0x0A8,0xE5,    0},    {0x0B8,0x2D,   14},
    {0x0A1,0x59,   14},    {0x0A1,0x45,   14},    {0x0A1,0x31,   14},    {0x0A1,0x1D,    0},
    {0x042,0x0C,    0},    {0x048,0x0C,    0},    {0x049,0x0C,    1},    {0x04A,0x2A,    0},
    {0x050,0x2A,    0},    {0x051,0x10,    0},    {0x052,0x14,   14},    {0x0A1,0x09,   14},
    {0x0A1,0xF5,    0},    {0x0B1,0x24,   14},    {0x0B0,0x05,    0},    {0x0A1,0xE1,    0},
    {0x0B1,0x04,   14},    {0x063,0xFF,    0},    {0x083,0x0A,    0},    {0x023,0x0A,    1},
    {0x080,0x00,    0},    {0x020,0x0F,    0},    {0x0E0,0x00,    0},    {0x043,0x00,    0},
    {0x0B0,0x25,    0},    {0x024,0x03,    0},    {0x081,0x04,    0},    {0x021,0x00,    0},
    {0x0E1,0x03,    0},    {0x044,0x02,    0},    {0x041,0x06,    0},    {0x0C1,0x02,    0},
    {0x0A1,0x41,    0},    {0x0B1,0x26,    0},    {0x042,0x09,    0},    {0x0B2,0x2E,    0},
    {0x048,0x09,    0},    {0x0B3,0x31,    0},    {0x049,0x09,    0},    {0x0B4,0x31,    0},
    {0x051,0x13,    0},    {0x052,0x16,   28},    {0x04A,0x29,    0},    {0x050,0x29,   14},
    {0x0B2,0x0E,    0},    {0x0B3,0x11,    0},    {0x0B4,0x11,   14},    {0x042,0x0A,    1},
    {0x048,0x0A,    0},    {0x049,0x0A,    0},    {0x051,0x18,    0},    {0x052,0x15,   42},
    {0x0B0,0x05,    0},    {0x0B1,0x06,    0},    {0x0B7,0x0D,    1},    {0x0B8,0x0D,   14},
    {0x0B0,0x25,    0},    {0x0B1,0x2A,    0},    {0x042,0x09,    0},    {0x0B2,0x2E,    0},
    {0x048,0x09,    0},    {0x0B3,0x31,    0},    {0x049,0x09,    0},    {0x0B4,0x31,    0},
    {0x04A,0x28,    0},    {0x050,0x28,    0},    {0x051,0x0C,    0},    {0x0A7,0x41,    0},
    {0x0B7,0x2E,    0},    {0x052,0x12,    0},    {0x0A8,0x41,    0},    {0x0B8,0x2E,   42},
    {0x0B2,0x0E,    0},    {0x0B3,0x11,    0},    {0x0B4,0x11,   15},    {0x042,0x0A,    0},
    {0x048,0x0A,    0},    {0x049,0x0A,    0},    {0x051,0x10,    0},    {0x052,0x14,   28},
    {0x04A,0x27,    0},    {0x050,0x27,   14},    {0x0B0,0x05,    0},    {0x0B1,0x0A,   15},
    {0x0B0,0x25,    0},    {0x0B1,0x26,    0},    {0x042,0x0B,    0},    {0x048,0x0B,    0},
    {0x049,0x0B,    0},    {0x051,0x13,    0},    {0x052,0x16,   42},    {0x0B0,0x05,   15},
    {0x083,0xFF,    0},    {0x023,0x20,    0},    {0x080,0xFF,    0},    {0x020,0x20,    0},
    {0x043,0x3F,    0},    {0x040,0x3F,    0},    {0x0C0,0x00,    0},    {0x042,0x0C,    0},
    {0x048,0x0C,    0},    {0x049,0x0C,    0},    {0x04A,0x26,    0},    {0x050,0x26,    0},
    {0x051,0x18,    0},    {0x052,0x15,   43},    {0x0B1,0x06,   14},    {0x083,0x06,    0},
    {0x023,0x04,    0},    {0x060,0xCF,    0},    {0x080,0x09,    0},    {0x020,0x01,    0},
    {0x043,0x00,    0},    {0x040,0x00,    0},    {0x0C0,0x06,    0},    {0x0A0,0xC0,    0},
    {0x0B0,0x21,    0},    {0x0A1,0x87,    0},    {0x0B1,0x26,    0},    {0x042,0x09,    0},
    {0x0B2,0x2E,    0},    {0x048,0x09,    0},    {0x0B3,0x31,    1},    {0x049,0x09,    0},
    {0x0B4,0x31,    0},    {0x051,0x19,    0},    {0x0A7,0x44,    0},    {0x052,0x14,    0},
    {0x0A8,0x44,   13},    {0x0A0,0xB6,    0},    {0x0A7,0x47,    0},    {0x0A8,0x47,   14},
    {0x0A0,0xAC,    0},    {0x04A,0x25,    1},    {0x050,0x25,    0},    {0x0A7,0x4A,    0},
    {0x0A8,0x4A,   14},    {0x0A0,0xA2,    0},    {0x0B2,0x0E,    0},    {0x0B3,0x11,    0},
    {0x0B4,0x11,    0},    {0x0A7,0x47,    0},    {0x0A8,0x47,   14},    {0x0A0,0x98,    0},
    {0x042,0x0A,    0},    {0x048,0x0A,    0},    {0x049,0x0A,    0},    {0x051,0x1A,    0},
    {0x0A7,0x44,    0},    {0x052,0x13,    0},    {0x0A8,0x44,   14},    {0x0A0,0x8E,    0},
    {0x0A7,0x41,    0},    {0x0A8,0x41,   14},    {0x0A0,0x84,    1},    {0x0A7,0x3E,    0},
    {0x0A8,0x3E,   14},    {0x0A0,0x7A,    0},    {0x0B0,0x01,    0},    {0x0B1,0x06,    0},
    {0x0A7,0x3B,    0},    {0x0A8,0x3B,   14},    {0x083,0x0A,    0},    {0x023,0x0A,    0},
    {0x060,0xFF,    0},    {0x080,0x00,    0},    {0x020,0x0F,    0},    {0x0C0,0x0E,    0},
    {0x0A0,0x57,    0},    {0x0B0,0x25,    0},    {0x0B1,0x26,    0},    {0x042,0x09,    0},
    {0x0B2,0x2E,    0},    {0x048,0x09,    1},    {0x0B3,0x31,    0},    {0x049,0x09,    0},
    {0x0B4,0x31,    0},    {0x04A,0x24,    0},    {0x050,0x24,    0},    {0x051,0x1B,    0},
    {0x0A7,0x38,    0},    {0x052,0x12,    0},    {0x0A8,0x38,   13},    {0x0A7,0x3B,    0},
    {0x0A8,0x3B,   15},    {0x0A7,0x3E,    0},    {0x0A8,0x3E,   14},    {0x0B2,0x0E,    0},
    {0x0B3,0x11,    0},    {0x0B4,0x11,    0},    {0x0A7,0x41,    0},    {0x0A8,0x41,   14},
    {0x042,0x0A,    0},    {0x048,0x0A,    0},    {0x049,0x0A,    0},    {0x051,0x1C,    0},
    {0x0A7,0x44,    0},    {0x052,0x11,    0},    {0x0A8,0x44,   14},    {0x0A7,0x47,    0},
    {0x0A8,0x47,   15},    {0x04A,0x23,    0},    {0x050,0x23,    0},    {0x0A7,0x4A,    0},
    {0x0A8,0x4A,   14},    {0x0B0,0x05,    0},    {0x0B1,0x06,    0},    {0x0A7,0x47,    0},
    {0x0A8,0x47,   14},    {0x0B0,0x25,    0},    {0x0B1,0x26,    0},    {0x042,0x09,    0},
    {0x0B2,0x2E,    0},    {0x048,0x09,    0},    {0x0B3,0x31,    0},    {0x049,0x09,    1},
    {0x0B4,0x31,    0},    {0x051,0x1D,    0},    {0x0A7,0x44,    0},    {0x052,0x10,    0},
    {0x0A8,0x44,   13},    {0x0A7,0x41,    1},    {0x0A8,0x41,   14},    {0x0A7,0x3E,    0},
    {0x0A8,0x3E,   14},    {0x0B2,0x0E,    0},    {0x0B3,0x11,    0},    {0x0B4,0x11,    0},
    {0x0A7,0x3B,    0},    {0x0A8,0x3B,   14},    {0x042,0x0A,    0},    {0x048,0x0A,    0},
    {0x049,0x0A,    0},    {0x04A,0x22,    0},    {0x050,0x22,    0},    {0x051,0x1E,    1},
    {0x0A7,0x38,    0},    {0x052,0x0F,    0},    {0x0A8,0x38,   14},    {0x0A7,0x3B,    0},
    {0x0A8,0x3B,   14},    {0x0A7,0x3E,    0},    {0x0A8,0x3E,   14},    {0x0B0,0x05,    0},
    {0x0B1,0x06,    0},    {0x0A7,0x41,    0},    {0x0A8,0x41,   14},    {0x0B0,0x25,    0},
    {0x0B1,0x2A,    0},    {0x042,0x0B,    0},    {0x048,0x0B,    0},    {0x049,0x0B,    1},
    {0x051,0x1F,    0},    {0x0A7,0x44,    0},    {0x052,0x0E,    0},    {0x0A8,0x44,   14},
    {0x0A7,0x47,    0},    {0x0A8,0x47,   14},    {0x04A,0x21,    0},    {0x050,0x21,    0},
    {0x0A7,0x4A,    0},    {0x0A8,0x4A,   14},    {0x0A7,0x47,    0},    {0x0A8,0x47,   14},
    {0x042,0x0C,    0},    {0x048,0x0C,    0},    {0x049,0x0C,    1},    {0x051,0x20,    0},
    {0x0A7,0x44,    0},    {0x052,0x0D,    0},    {0x0A8,0x44,   14},    {0x0A7,0x41,    0},
    {0x0A8,0x41,   14},    {0x0A7,0x3E,    0},    {0x0A8,0x3E,   14},    {0x0B0,0x05,    0},
    {0x0B1,0x0A,    0},    {0x0B7,0x0E,    0},    {0x0B8,0x0E,   14},    {0x063,0xF7,    0},
    {0x083,0x67,    0},    {0x023,0x23,    1},    {0x080,0x02,    0},    {0x020,0x01,    0},
    {0x0E0,0x02,    0},    {0x043,0x04,    0},    {0x0B0,0x25,    0},    {0x024,0x05,    0},
    {0x081,0x09,    0},    {0x021,0x04,    0},    {0x0E1,0x00,    0},    {0x044,0x00,    0},
    {0x041,0x00,    0},    {0x0C1,0x0F,    0},    {0x0A1,0x6D,    0},    {0x0B1,0x25,    0},
    {0x042,0x09,    0},    {0x0B2,0x2E,    0},    {0x048,0x09,    0},    {0x0B3,0x31,    0},
    {0x049,0x09,    0},    {0x0B4,0x31,    0},    {0x04A,0x20,    0},    {0x050,0x20,    0},
    {0x051,0x0C,    1},    {0x0A7,0xB0,    0},    {0x0B7,0x2D,    0},    {0x052,0x12,    0},
    {0x0A8,0xB0,    0},    {0x0B8,0x2D,   13},    {0x0A1,0x59,   14},    {0x0A1,0x45,   14},
    {0x0A1,0x31,    0},    {0x0B2,0x0E,    0},    {0x0B3,0x11,    0},    {0x0B4,0x11,   14},
    {0x0A1,0x1D,    1},    {0x042,0x0A,    0},    {0x048,0x0A,    0},    {0x049,0x0A,    0},
    {0x051,0x10,    0},    {0x052,0x14,   14},    {0x0A1,0x09,   14},    {0x0A1,0xF5,    0},
    {0x0B1,0x24,    0},    {0x04A,0x1F,    0},    {0x050,0x1F,   14},    {0x0B0,0x05,    0},
    {0x0A1,0xE1,    0},    {0x0B1,0x04,   15},    {0x063,0xFF,    0},    {0x083,0x0A,    0},
    {0x023,0x0A,    0},    {0x080,0x00,    0},    {0x020,0x0F,    0},    {0x0E0,0x00,    0},
    {0x043,0x00,    0},    {0x0B0,0x25,    0},    {0x024,0x03,    0},    {0x081,0x04,    0},
    {0x021,0x00,    0},    {0x0E1,0x03,    0},    {0x044,0x02,    0},    {0x041,0x06,    0},
    {0x0C1,0x02,    0},    {0x0A1,0xE5,    0},    {0x0B1,0x25,    0},    {0x042,0x09,    0},
    {0x0B2,0x2E,    0},    {0x048,0x09,    0},    {0x0B3,0x31,    0},    {0x049,0x09,    0},
    {0x0B4,0x31,    1},    {0x051,0x13,    0},    {0x052,0x16,   41},    {0x0B2,0x0E,    0},
    {0x0B3,0x11,    1},    {0x0B4,0x11,   14},    {0x042,0x0A,    0},    {0x048,0x0A,    0},
    {0x049,0x0A,    0},    {0x04A,0x1E,    0},    {0x050,0x1E,    0},    {0x051,0x18,    0},
    {0x052,0x15,   42},    {0x0B0,0x05,    0},    {0x0B1,0x05,    1},    {0x0B7,0x0D,    0},
    {0x0B8,0x0D,   14},    {0x0B0,0x25,    0},    {0x0A1,0x41,    0},    {0x0B1,0x26,    0},
    {0x042,0x0B,    0},    {0x048,0x0B,    0},    {0x049,0x0B,    0},    {0x051,0x0C,    0},
    {0x0A7,0xE5,    0},    {0x0B7,0x2D,    0},    {0x052,0x12,    0},    {0x0A8,0xE5,    0},
    {0x0B8,0x2D,   28},    {0x04A,0x1D,    0},    {0x050,0x1D,   29},    {0x042,0x0C,    0},
    {0x048,0x0C,    0},    {0x049,0x0C,    0},    {0x051,0x10,    0},    {0x052,0x14,   43},
    {0x0B0,0x05,    0},    {0x0B1,0x06,   14},    {0x0B0,0x25,    0},    {0x0A1,0x87,    0},
    {0x0B1,0x26,    0},    {0x042,0x09,    0},    {0x0B2,0x2E,    0},    {0x048,0x09,    0},
    {0x0B3,0x31,    0},    {0x049,0x09,    0},    {0x0B4,0x31,    0},    {0x04A,0x1C,    0},
    {0x050,0x1C,    0},    {0x051,0x13,    0},    {0x052,0x16,   43},    {0x0B0,0x05,    0},
    {0x0B2,0x0E,    0},    {0x0B3,0x11,    0},    {0x0B4,0x11,   14},    {0x083,0xFF,    0},
    {0x023,0x20,    0},    {0x080,0xFF,    0},    {0x020,0x20,    0},    {0x043,0x3F,    0},
    {0x040,0x3F,    0},    {0x0C0,0x00,    0},    {0x042,0x0A,    0},    {0x048,0x0A,    0},
    {0x049,0x0A,    0},    {0x051,0x18,    0},    {0x052,0x15,   29},    {0x04A,0x1B,    0},
    {0x050,0x1B,   14},    {0x0B1,0x06,   14},    {0x083,0x06,    0},    {0x023,0x04,    0},
    {0x060,0xCF,    0},    {0x080,0x09,    0},    {0x020,0x01,    0},    {0x043,0x00,    0},
    {0x040,0x00,    0},    {0x0C0,0x06,    0},    {0x0A0,0xC0,    0},    {0x0B0,0x21,    0},
    {0x0B1,0x26,    0},    {0x042,0x09,    0},    {0x0B2,0x2E,    1},    {0x048,0x09,    0},
    {0x0B3,0x31,    0},    {0x049,0x09,    0},    {0x0B4,0x31,    0},    {0x051,0x19,    0},
    {0x0A7,0xE8,    0},    {0x052,0x14,    0},    {0x0A8,0xE8,   13},    {0x0A0,0xB6,    0},
    {0x0A7,0xEB,    0},    {0x0A8,0xEB,   15},    {0x0A0,0xAC,    0},    {0x0A7,0xEE,    0},
    {0x0A8,0xEE,   14},    {0x0A0,0xA2,    0},    {0x0B2,0x0E,    0},    {0x0B3,0x11,    0},
    {0x0B4,0x11,    0},    {0x0A7,0xEB,    0},    {0x0A8,0xEB,   14},    {0x0A0,0x98,    0},
    {0x042,0x0A,    0},    {0x048,0x0A,    0},    {0x049,0x0A,    0},    {0x04A,0x1A,    0},
    {0x050,0x1A,    0},    {0x051,0x1A,    0},    {0x0A7,0xE8,    0},    {0x052,0x13,    1},
    {0x0A8,0xE8,   13},    {0x0A0,0x8E,    0},    {0x0A7,0xE5,    0},    {0x0A8,0xE5,   15},
    {0x0A0,0x84,    0},    {0x0A7,0xE2,    0},    {0x0A8,0xE2,   14},    {0x0A0,0x7A,    0},
    {0x0B0,0x01,    0},    {0x0B1,0x06,    0},    {0x0A7,0xDF,    0},    {0x0A8,0xDF,   14},
    {0x083,0x0A,    0},    {0x023,0x0A,    0},    {0x060,0xFF,    0},    {0x080,0x00,    0},
    {0x020,0x0F,    0},    {0x0C0,0x0E,    0},    {0x0A0,0x57,    0},    {0x0B0,0x25,    0},
    {0x0B1,0x26,    1},    {0x042,0x0B,    0},    {0x048,0x0B,    0},    {0x049,0x0B,    0},
    {0x051,0x1B,    0},    {0x0A7,0xDC,    0},    {0x052,0x12,    0},    {0x0A8,0xDC,   13},
    {0x0A7,0xDF,    1},    {0x0A8,0xDF,   14},    {0x04A,0x19,    0},    {0x050,0x19,    0},
    {0x0A7,0xE2,    0},    {0x0A8,0xE2,   14},    {0x0A7,0xE5,    0},    {0x0A8,0xE5,   14},
    {0x042,0x0C,    0},    {0x048,0x0C,    0},    {0x049,0x0C,    0},    {0x051,0x1C,    0},
    {0x0A7,0xE8,    0},    {0x052,0x11,    1},    {0x0A8,0xE8,   14},    {0x0A7,0xEB,    0},
    {0x0A8,0xEB,   14},    {0x0A7,0xEE,    0},    {0x0A8,0xEE,   14},    {0x0B0,0x05,    0},
    {0x0B1,0x06,    0},    {0x0A7,0xEB,    0},    {0x0A8,0xEB,   14},    {0x0B0,0x25,    0},
    {0x0B1,0x26,    0},    {0x042,0x09,    0},    {0x0B2,0x2E,    1},    {0x048,0x09,    0},
    {0x0B3,0x31,    0},    {0x049,0x09,    0},    {0x0B4,0x31,    0},    {0x04A,0x18,    0},
    {0x050,0x18,    0},    {0x051,0x1D,    0},    {0x0A7,0xE8,    0},    {0x052,0x10,    0},
    {0x0A8,0xE8,   14},    {0x0A7,0xE5,    0},    {0x0A8,0xE5,   14},    {0x0A7,0xE2,    0},
    {0x0A8,0xE2,   14},    {0x0B2,0x0E,    0},    {0x0B3,0x11,    0},    {0x0B4,0x11,    0},
    {0x0A7,0xDF,    0},    {0x0A8,0xDF,   14},    {0x042,0x0A,    0},    {0x048,0x0A,    0},
    {0x049,0x0A,    1},    {0x051,0x1E,    0},    {0x0A7,0xDC,    0},    {0x052,0x0F,    0},
    {0x0A8,0xDC,   14},    {0x0A7,0xDF,    0},    {0x0A8,0xDF,   14},    {0x04A,0x17,    0},
    {0x050,0x17,    0},    {0x0A7,0xE2,    0},    {0x0A8,0xE2,   14},    {0x0B0,0x05,    0},
    {0x0B1,0x06,    0},    {0x0A7,0xE5,    0},    {0x0A8,0xE5,   14},    {0x0B0,0x25,    1},
    {0x0B1,0x2A,    0},    {0x042,0x09,    0},    {0x0B2,0x2E,    0},    {0x048,0x09,    0},
    {0x0B3,0x31,    0},    {0x049,0x09,    0},    {0x0B4,0x31,    0},    {0x051,0x1F,    0},
    {0x0A7,0xE8,    0},    {0x052,0x0E,    0},    {0x0A8,0xE8,   14},    {0x0A7,0xEB,    0},
    {0x0A8,0xEB,   14},    {0x0A7,0xEE,    0},    {0x0A8,0xEE,   14},    {0x0B2,0x0E,    0},
    {0x0B3,0x11,    0},    {0x0B4,0x11,    0},    {0x0A7,0xEB,    0},    {0x0A8,0xEB,   15},
    {0x042,0x0A,    0},    {0x048,0x0A,    0},    {0x049,0x0A,    0},    {0x04A,0x16,    0},
    {0x050,0x16,    0},    {0x051,0x20,    0},    {0x0A7,0xE8,    0},    {0x052,0x0D,    0},
    {0x0A8,0xE8,   14},    {0x0A7,0xE5,    0},    {0x0A8,0xE5,   14},    {0x0A7,0xE2,    0},
    {0x0A8,0xE2,   14},    {0x0B0,0x05,    0},    {0x0B1,0x0A,    0},    {0x0B7,0x0D,    1},
    {0x0B8,0x0D,   14},    {0x063,0xF7,    0},    {0x083,0x67,    0},    {0x023,0x23,    0},
    {0x080,0x02,    0},    {0x020,0x01,    0},    {0x0E0,0x02,    0},    {0x043,0x04,    0},
    {0x0B0,0x25,    0},    {0x024,0x05,    0},    {0x081,0x09,    0},    {0x021,0x04,    0},
    {0x0E1,0x00,    0},    {0x044,0x00,    0},    {0x041,0x00,    0},    {0x0C1,0x0F,    0},
    {0x0A1,0x6D,    0},    {0x0B1,0x25,    0},    {0x042,0x0B,    0},    {0x048,0x0B,    0},
    {0x049,0x0B,    0},    {0x051,0x0C,    0},    {0x0A7,0x81,    0},    {0x0B7,0x2D,    1},
    {0x052,0x12,    0},    {0x0A8,0x81,    0},    {0x0B8,0x2D,   13},    {0x0A1,0x59,   14},
    {0x0A1,0x45,    0},    {0x04A,0x15,    0},    {0x050,0x15,   14},    {0x0A1,0x31,   15},
    {0x0A1,0x1D,    0},    {0x042,0x0C,    0},    {0x048,0x0C,    0},    {0x049,0x0C,    0},
    {0x051,0x10,    0},    {0x052,0x14,   14},    {0x0A1,0x09,   14},    {0x0A1,0xF5,    0},
    {0x0B1,0x24,   14},    {0x0B0,0x05,    1},    {0x0A1,0xE1,    0},    {0x0B1,0x04,   14},
    {0x063,0xFF,    0},    {0x083,0x0A,    0},    {0x023,0x0A,    0},    {0x080,0x00,    0},
    {0x020,0x0F,    0},    {0x0E0,0x00,    0},    {0x043,0x00,    0},    {0x0B0,0x25,    0},
    {0x024,0x03,    0},    {0x081,0x04,    0},    {0x021,0x00,    0},    {0x0E1,0x03,    0},
    {0x044,0x02,    0},    {0x041,0x06,    0},    {0x0C1,0x02,    0},    {0x0A1,0x41,    0},
    {0x0B1,0x26,    0},    {0x042,0x09,    0},    {0x0B2,0x2E,    0},    {0x048,0x09,    1},
    {0x0B3,0x31,    0},    {0x049,0x09,    0},    {0x0B4,0x31,    0},    {0x04A,0x14,    0},
    {0x050,0x14,    0},    {0x051,0x13,    0},    {0x052,0x16,   42},    {0x0B2,0x0E,    0},
    {0x0B3,0x11,    0},    {0x0B4,0x11,   14},    {0x042,0x0A,    0},    {0x048,0x0A,    0},
    {0x049,0x0A,    0},    {0x051,0x18,    0},    {0x052,0x15,   28},    {0x04A,0x13,    0},
    {0x050,0x13,   15},    {0x0B0,0x05,    0},    {0x0B1,0x06,    0},    {0x0B7,0x0D,    0},
    {0x0B8,0x0D,   14},    {0x0B0,0x25,    0},    {0x0B1,0x2A,    0},    {0x042,0x09,    0},
    {0x0B2,0x2E,    0},    {0x048,0x09,    0},    {0x0B3,0x31,    0},    {0x049,0x09,    0},
    {0x0B4,0x31,    0},    {0x051,0x0C,    0},    {0x0A7,0xB0,    0},    {0x0B7,0x2D,    0},
    {0x052,0x12,    1},    {0x0A8,0xB0,    0},    {0x0B8,0x2D,   42},    {0x0B2,0x0E,    0},
    {0x0B3,0x11,    0},    {0x0B4,0x11,   14},    {0x042,0x0A,    0},    {0x048,0x0A,    0},
    {0x049,0x0A,    0},    {0x04A,0x12,    0},    {0x050,0x12,    0},    {0x051,0x10,    0},
    {0x052,0x14,   43},    {0x0B0,0x05,    0},    {0x0B1,0x0A,   14},    {0x0B0,0x25,    0},
    {0x0B1,0x26,    0},    {0x042,0x0B,    0},    {0x048,0x0B,    0},    {0x049,0x0B,    0},
    {0x051,0x13,    0},    {0x052,0x16,   29},    {0x04A,0x11,    0},    {0x050,0x11,   14},
    {0x0B0,0x05,   14},    {0x083,0xFF,    0},    {0x023,0x20,    0},    {0x080,0xFF,    0},
    {0x020,0x20,    0},    {0x043,0x3F,    0},    {0x040,0x3F,    0},    {0x0C0,0x00,    0},
    {0x042,0x0C,    0},    {0x048,0x0C,    0},    {0x049,0x0C,    1},    {0x051,0x18,    0},
    {0x052,0x15,   42},    {0x0B1,0x06,   14},    {0x083,0x06,    0},    {0x023,0x04,    0},
    {0x060,0xCF,    0},    {0x080,0x09,    0},    {0x020,0x01,    0},    {0x043,0x00,    0},
    {0x040,0x00,    0},    {0x0C0,0x06,    0},    {0x0A0,0xC0,    0},    {0x0B0,0x21,    1},
    {0x0A1,0x87,    0},    {0x0B1,0x26,    0},    {0x042,0x09,    0},    {0x0B2,0x2E,    0},
    {0x048,0x09,    0},    {0x0B3,0x31,    0},    {0x049,0x09,    0},    {0x0B4,0x31,    0},
    {0x04A,0x10,    0},    {0x050,0x10,    0},    {0x051,0x19,    0},    {0x0A7,0xB3,    0},
    {0x052,0x14,    0},    {0x0A8,0xB3,   13},    {0x0A0,0xB6,    1},    {0x0A7,0xB6,    0},
    {0x0A8,0xB6,   14},    {0x0A0,0xAC,    0},    {0x0A7,0xB9,    0},    {0x0A8,0xB9,   14},
    {0x0A0,0xA2,    0},    {0x0B2,0x0E,    0},    {0x0B3,0x11,    0},    {0x0B4,0x11,    0},
    {0x0A7,0xB6,    0},    {0x0A8,0xB6,   14},    {0x0A0,0x98,    0},    {0x042,0x0A,    0},
    {0x048,0x0A,    0},    {0x049,0x0A,    0},    {0x051,0x1A,    0},    {0x0A7,0xB3,    1},
    {0x052,0x13,    0},    {0x0A8,0xB3,   13},    {0x0A0,0x8E,    1},    {0x0A7,0xB0,    0},
    {0x0A8,0xB0,   14},    {0x0A0,0x84,    0},    {0x04A,0x0F,    0},    {0x050,0x0F,    0},
    {0x0A7,0xAD,    0},    {0x0A8,0xAD,   14},    {0x0A0,0x7A,    0},    {0x0B0,0x01,    0},
    {0x0B1,0x06,    0},    {0x0A7,0xAA,    0},    {0x0A8,0xAA,   14},    {0x083,0x0A,    0},
    {0x023,0x0A,    0},    {0x060,0xFF,    0},    {0x080,0x00,    0},    {0x020,0x0F,    0},
    {0x0C0,0x0E,    1},    {0x0A0,0x57,    0},    {0x0B0,0x25,    0},    {0x0B1,0x26,    0},
    {0x042,0x09,    0},    {0x0B2,0x2E,    0},    {0x048,0x09,    0},    {0x0B3,0x31,    0},
    {0x049,0x09,    0},    {0x0B4,0x31,    0},    {0x051,0x1B,    0},    {0x0A7,0xA7,    0},
    {0x052,0x12,    0},    {0x0A8,0xA7,   14},    {0x0A7,0xAA,    0},    {0x0A8,0xAA,   14},
    {0x0A7,0xAD,    0},    {0x0A8,0xAD,   14},    {0x0B2,0x0E,    0},    {0x0B3,0x11,    0},
    {0x0B4,0x11,    0},    {0x0A7,0xB0,    0},    {0x0A8,0xB0,   14},    {0x042,0x0A,    0},
    {0x048,0x0A,    0},    {0x049,0x0A,    1},    {0x04A,0x0E,    0},    {0x050,0x0E,    0},
    {0x051,0x1C,    0},    {0x0A7,0xB3,    0},    {0x052,0x11,    0},    {0x0A8,0xB3,   14},
    {0x0A7,0xB6,    0},    {0x0A8,0xB6,   14},    {0x0A7,0xB9,    0},    {0x0A8,0xB9,   14},
    {0x0B0,0x05,    0},    {0x0B1,0x06,    0},    {0x0A7,0xB6,    0},    {0x0A8,0xB6,   14},
    {0x0B0,0x25,    1},    {0x0B1,0x26,    0},    {0x042,0x09,    0},    {0x0B2,0x2E,    0},
    {0x048,0x09,    0},    {0x0B3,0x31,    0},    {0x049,0x09,    0},    {0x0B4,0x31,    0},
    {0x051,0x1D,    0},    {0x0A7,0xB3,    0},    {0x052,0x10,    0},    {0x0A8,0xB3,   14},
    {0x0A7,0xB0,    0},    {0x0A8,0xB0,   14},    {0x04A,0x0D,    0},    {0x050,0x0D,    0},
    {0x0A7,0xAD,    0},    {0x0A8,0xAD,   14},    {0x0B2,0x0E,    0},    {0x0B3,0x11,    0},
    {0x0B4,0x11,    0},    {0x0A7,0xAA,    0},    {0x0A8,0xAA,   15},    {0x042,0x0A,    0},
    {0x048,0x0A,    0},    {0x049,0x0A,    0},    {0x051,0x1E,    0},    {0x0A7,0xA7,    0},
    {0x052,0x0F,    0},    {0x0A8,0xA7,   14},    {0x0A7,0xAA,    0},    {0x0A8,0xAA,   14},
    {0x0A7,0xAD,    0},    {0x0A8,0xAD,   14},    {0x0B0,0x05,    0},    {0x0B1,0x06,    0},
    {0x0A7,0xB0,    1},    {0x0A8,0xB0,   14},    {0x0B0,0x25,    0},    {0x0B1,0x2A,    0},
    {0x042,0x0B,    0},    {0x048,0x0B,    0},    {0x049,0x0B,    0},    {0x04A,0x0C,    0},
    {0x050,0x0C,    0},    {0x051,0x1F,    0},    {0x0A7,0xB3,    0},    {0x052,0x0E,    0},
    {0x0A8,0xB3,   14},    {0x0A7,0xB6,    0},    {0x0A8,0xB6,   14},    {0x0A7,0xB9,    0},
    {0x0A8,0xB9,   14},    {0x0A7,0xB6,    1},    {0x0A8,0xB6,   14},    {0x042,0x0C,    0},
    {0x048,0x0C,    0},    {0x049,0x0C,    0},    {0x051,0x20,    0},    {0x0A7,0xB3,    0},
    {0x052,0x0D,    0},    {0x0A8,0xB3,   14},    {0x0A7,0xB0,    0},    {0x0A8,0xB0,   14},
    {0x04A,0x0B,    0},    {0x050,0x0B,    0},    {0x0A7,0xAD,    0},    {0x0A8,0xAD,   14},
    {0x0B0,0x05,    1},    {0x0B1,0x0A,    0},    {0x0B7,0x0D,    0},    {0x0B8,0x0D,   14},
    {0x063,0xF7,    0},    {0x083,0x67,    0},    {0x023,0x23,    0},    {0x080,0x02,    0},
    {0x020,0x01,    0},    {0x0E0,0x02,    0},    {0x043,0x04,    0},    {0x0B0,0x25,    0},
    {0x024,0x05,    0},    {0x081,0x09,    0},    {0x021,0x04,    0},    {0x0E1,0x00,    0},
    {0x044,0x00,    0},    {0x041,0x00,    0},    {0x0C1,0x0F,    0},    {0x0A1,0x6D,    0},
    {0x0B1,0x25,    0},    {0x042,0x09,    0},    {0x0B2,0x2E,    1},    {0x048,0x09,    0},
    {0x0B3,0x31,    0},    {0x049,0x09,    0},    {0x0B4,0x31,    0},    {0x051,0x0C,    0},
    {0x0A7,0x81,    0},    {0x0B7,0x2D,    0},    {0x052,0x12,    0},    {0x0A8,0x81,    0},
    {0x0B8,0x2D,   13},    {0x0A1,0x59,   14},    {0x0A1,0x45,   15},    {0x0A1,0x31,    0},
    {0x0B2,0x0E,    0},    {0x0B3,0x11,    0},    {0x0B4,0x11,   14},    {0x0A1,0x1D,    0},
    {0x042,0x0A,    0},    {0x048,0x0A,    0},    {0x049,0x0A,    0},    {0x04A,0x0A,    0},
    {0x050,0x0A,    0},    {0x051,0x10,    0},    {0x052,0x14,   14},    {0x0A1,0x09,   14},
    {0x0A1,0xF5,    0},    {0x0B1,0x24,   15},    {0x0B0,0x05,    0},    {0x0A1,0xE1,    0},
    {0x0B1,0x04,   14},    {0x063,0xFF,    0},    {0x083,0x0A,    0},    {0x023,0x0A,    0},
    {0x080,0x00,    0},    {0x020,0x0F,    0},    {0x0E0,0x00,    0},    {0x043,0x00,    0},
    {0x0B0,0x25,    0},    {0x024,0x03,    0},    {0x081,0x04,    0},    {0x021,0x00,    0},
    {0x0E1,0x03,    0},    {0x044,0x02,    0},    {0x041,0x06,    0},    {0x0C1,0x02,    0},
    {0x0A1,0xE5,    0},    {0x0B1,0x25,    1},    {0x042,0x09,    0},    {0x0B2,0x2E,    0},
    {0x048,0x09,    0},    {0x0B3,0x31,    0},    {0x049,0x09,    0},    {0x0B4,0x31,    0},
    {0x051,0x13,    0},    {0x052,0x16,   27},    {0x04A,0x09,    1},    {0x050,0x09,   14},
    {0x0B2,0x0E,    0},    {0x0B3,0x11,    0},    {0x0B4,0x11,   14},    {0x042,0x0A,    0},
    {0x048,0x0A,    0},    {0x049,0x0A,    0},    {0x051,0x18,    0},    {0x052,0x15,   43},
    {0x0B0,0x05,    0},    {0x0B1,0x05,   14},    {0x0B0,0x25,    0},    {0x0A1,0x41,    0},
    {0x0B1,0x26,    0},    {0x042,0x0B,    0},    {0x048,0x0B,    0},    {0x049,0x0B,    0},
    {0x04A,0x08,    0},    {0x050,0x08,    0},    {0x051,0x19,    0},    {0x0A7,0x84,    1},
    {0x052,0x14,    0},    {0x0A8,0x84,   13},    {0x0A7,0x87,    0},    {0x0A8,0x87,   15},
    {0x0A7,0x8A,    0},    {0x0A8,0x8A,   14},    {0x0A7,0x87,    0},    {0x0A8,0x87,   14},
    {0x042,0x0C,    0},    {0x048,0x0C,    0},    {0x049,0x0C,    0},    {0x051,0x1A,    0},
    {0x0A7,0x84,    0},    {0x052,0x13,    0},    {0x0A8,0x84,   14},    {0x0A7,0x81,    0},
    {0x0A8,0x81,   15},    {0x04A,0x07,    0},    {0x050,0x07,    0},    {0x0A7,0x7E,    0},
    {0x0A8,0x7E,   14},    {0x0B0,0x05,    0},    {0x0B1,0x06,    0},    {0x0A7,0x7B,    0},
    {0x0A8,0x7B,   14},    {0x0B0,0x25,    0},    {0x0A1,0x87,    0},    {0x0B1,0x26,    0},
    {0x042,0x09,    0},    {0x0B2,0x2E,    0},    {0x048,0x09,    0},    {0x0B3,0x31,    1},
    {0x049,0x09,    0},    {0x0B4,0x31,    0},    {0x051,0x1B,    0},    {0x0A7,0x78,    0},
    {0x052,0x12,    0},    {0x0A8,0x78,   14},    {0x0A7,0x7B,    0},    {0x0A8,0x7B,   14},
    {0x0A7,0x7E,    0},    {0x0A8,0x7E,   14},    {0x0B0,0x05,    0},    {0x0B2,0x0E,    0},
    {0x0B3,0x11,    0},    {0x0B4,0x11,    0},    {0x0A7,0x81,    0},    {0x0A8,0x81,   14},
    {0x083,0xFF,    0},    {0x023,0x20,    0},    {0x080,0xFF,    0},    {0x020,0x20,    0},
    {0x043,0x3F,    0},    {0x040,0x3F,    0},    {0x0C0,0x00,    1},    {0x042,0x0A,    0},
    {0x048,0x0A,    0},    {0x049,0x0A,    0},    {0x04A,0x08,    0},    {0x050,0x08,    0},
    {0x051,0x1C,    0},    {0x0A7,0x84,    0},    {0x052,0x11,    0},    {0x0A8,0x84,   14},
    {0x0A7,0x87,    0},    {0x0A8,0x87,   14},    {0x0A7,0x8A,    0},    {0x0A8,0x8A,   14},
    {0x0B1,0x06,    0},    {0x0B7,0x0D,    0},    {0x0B8,0x0D,   14},    {0x083,0x06,    0},
    {0x023,0x04,    0},    {0x060,0xCF,    0},    {0x080,0x09,    0},    {0x020,0x01,    0},
    {0x043,0x00,    1},    {0x040,0x00,    0},    {0x0C0,0x06,    0},    {0x0A0,0xC0,    0},
    {0x0B0,0x21,    0},    {0x0A1,0xE5,    0},    {0x0B1,0x25,    0},    {0x042,0x09,    0},
    {0x0B2,0x2E,    0},    {0x048,0x09,    0},    {0x0A3,0x6B,    0},    {0x0B3,0x31,    0},
    {0x049,0x09,    0},    {0x0B4,0x31,    0},    {0x0A5,0x6B,    0},    {0x051,0x0C,    0},
    {0x0A7,0xE5,    0},    {0x0B7,0x2D,    0},    {0x052,0x12,    0},    {0x0A8,0xE5,    0},
    {0x0B8,0x2D,   14},    {0x0A0,0xB6,   14},    {0x0A0,0xAC,    0},    {0x04A,0x09,    0},
    {0x050,0x09,   14},    {0x0A0,0xA2,    0},    {0x0B2,0x0E,    0},    {0x0B3,0x11,    0},
    {0x0B4,0x11,   14},    {0x0A0,0x98,    0},    {0x042,0x0A,    0},    {0x048,0x0A,    1},
    {0x049,0x0A,    0},    {0x051,0x10,    0},    {0x052,0x14,   14},    {0x0A0,0x8E,   14},
    {0x0A0,0x84,   14},    {0x0A0,0x7A,    0},    {0x0B0,0x01,    0},    {0x0B1,0x05,   14},
    {0x083,0x0A,    0},    {0x023,0x0A,    1},    {0x060,0xFF,    0},    {0x080,0x00,    0},
    {0x020,0x0F,    0},    {0x0C0,0x0E,    0},    {0x0A0,0x57,    0},    {0x0B0,0x25,    0},
    {0x0B1,0x25,    0},    {0x042,0x0B,    0},    {0x048,0x0B,    0},    {0x049,0x0B,    0},
    {0x04A,0x0A,    0},    {0x050,0x0A,    0},    {0x051,0x13,    0},    {0x052,0x16,   57},
    {0x042,0x0C,    0},    {0x048,0x0C,    0},    {0x049,0x0C,    0},    {0x051,0x18,    0},
    {0x052,0x15,   28},    {0x04A,0x0B,    0},    {0x050,0x0B,   14},    {0x0B0,0x05,    0},
    {0x0B1,0x05,   15},    {0x0B0,0x25,    0},    {0x0B1,0x25,    0},    {0x042,0x09,    0},
    {0x0B2,0x2E,    0},    {0x048,0x09,    0},    {0x0B3,0x31,    0},    {0x049,0x09,    0},
    {0x0B4,0x31,    0},    {0x051,0x19,    0},    {0x0A7,0xE8,    0},    {0x052,0x14,    0},
    {0x0A8,0xE8,   14},    {0x0A7,0xEB,    0},    {0x0A8,0xEB,   14},    {0x0A7,0xEE,    0},
    {0x0A8,0xEE,   14},    {0x0B2,0x0E,    0},    {0x0B3,0x11,    1},    {0x0B4,0x11,    0},
    {0x0A7,0xEB,    0},    {0x0A8,0xEB,   14},    {0x042,0x0A,    0},    {0x048,0x0A,    0},
    {0x049,0x0A,    0},    {0x04A,0x0C,    0},    {0x050,0x0C,    0},    {0x051,0x1A,    0},
    {0x0A7,0xE8,    0},    {0x052,0x13,    0},    {0x0A8,0xE8,   14},    {0x0A7,0xE5,    0},
    {0x0A8,0xE5,   14},    {0x0A7,0xE2,    0},    {0x0A8,0xE2,   14},    {0x0B0,0x05,    1},
    {0x0B1,0x05,    0},    {0x0A7,0xDF,    0},    {0x0A8,0xDF,   14},    {0x0B0,0x25,    0},
    {0x0B1,0x29,    0},    {0x042,0x09,    0},    {0x0B2,0x2E,    0},    {0x048,0x09,    0},
    {0x0B3,0x31,    0},    {0x049,0x09,    0},    {0x0B4,0x31,    0},    {0x051,0x1B,    0},
    {0x0A7,0xDC,    0},    {0x052,0x12,    0},    {0x0A8,0xDC,   14},    {0x0A7,0xDF,    0},
    {0x0A8,0xDF,   14},    {0x04A,0x0D,    0},    {0x050,0x0D,    0},    {0x0A7,0xE2,    0},
    {0x0A8,0xE2,   15},    {0x0B2,0x0E,    0},    {0x0B3,0x11,    0},    {0x0B4,0x11,    0},
    {0x0A7,0xE5,    0},    {0x0A8,0xE5,   14},    {0x042,0x0A,    0},    {0x048,0x0A,    0},
    {0x049,0x0A,    0},    {0x051,0x1C,    0},    {0x0A7,0xE8,    0},    {0x052,0x11,    0},
    {0x0A8,0xE8,   14},    {0x0A7,0xEB,    0},    {0x0A8,0xEB,   14},    {0x0A7,0xEE,    0},
    {0x0A8,0xEE,   15},    {0x0B0,0x05,    0},    {0x0B1,0x09,    0},    {0x0A7,0xEB,    0},
    {0x0A8,0xEB,   14},    {0x063,0xF7,    0},    {0x083,0x67,    0},    {0x023,0x23,    0},
    {0x080,0x02,    0},    {0x020,0x01,    0},    {0x0E0,0x02,    0},    {0x043,0x04,    0},
    {0x0B0,0x25,    0},    {0x024,0x05,    0},    {0x081,0x09,    0},    {0x021,0x04,    0},
    {0x0E1,0x00,    0},    {0x044,0x00,    0},    {0x041,0x00,    0},    {0x0C1,0x0F,    0},
    {0x0A1,0x6D,    0},    {0x0B1,0x25,    1},    {0x042,0x0B,    0},    {0x048,0x0B,    0},
    {0x049,0x0B,    0},    {0x04A,0x0E,    0},    {0x050,0x0E,    0},    {0x051,0x1D,    0},
    {0x0A7,0xE8,    0},    {0x052,0x10,    0},    {0x0A8,0xE8,   13},    {0x0A1,0x59,    0},
    {0x0A7,0xE5,    0},    {0x0A8,0xE5,   14},    {0x0A1,0x45,    1},    {0x0A7,0xE2,    0},
    {0x0A8,0xE2,   14},    {0x0A1,0x31,    0},    {0x0A7,0xDF,    0},    {0x0A8,0xDF,   14},
    {0x0A1,0x1D,    0},    {0x042,0x0C,    0},    {0x048,0x0C,    0},    {0x049,0x0C,    0},
    {0x051,0x1E,    0},    {0x0A7,0xDC,    0},    {0x052,0x0F,    0},    {0x0A8,0xDC,   14},
    {0x0A1,0x09,    0},    {0x0A7,0xDF,    0},    {0x0A8,0xDF,   14},    {0x0A1,0xF5,    1},
    {0x0B1,0x24,    0},    {0x04A,0x0F,    0},    {0x050,0x0F,    0},    {0x0A7,0xE2,    0},
    {0x0A8,0xE2,   14},    {0x0B0,0x05,    0},    {0x0A1,0xE1,    0},    {0x0B1,0x04,    0},
    {0x0A7,0xE5,    0},    {0x0A8,0xE5,   14},    {0x063,0xFF,    0},    {0x083,0x0A,    0},
    {0x023,0x0A,    0},    {0x080,0x00,    0},    {0x020,0x0F,    0},    {0x0E0,0x00,    0},
    {0x043,0x00,    0},    {0x0B0,0x25,    0},    {0x024,0x03,    0},    {0x081,0x04,    0},
    {0x021,0x00,    0},    {0x0E1,0x03,    0},    {0x044,0x02,    1},    {0x041,0x06,    0},
    {0x0C1,0x02,    0},    {0x0A1,0xB0,    0},    {0x0B1,0x25,    0},    {0x042,0x09,    0},
    {0x0B2,0x2E,    0},    {0x048,0x09,    0},    {0x0B3,0x31,    0},    {0x049,0x09,    0},
    {0x0B4,0x31,    0},    {0x051,0x1F,    0},    {0x0A7,0xE8,    0},    {0x052,0x0E,    0},
    {0x0A8,0xE8,   13},    {0x0A7,0xEB,    0},    {0x0A8,0xEB,   15},    {0x0A7,0xEE,    0},
    {0x0A8,0xEE,   14},    {0x0B2,0x0E,    0},    {0x0B3,0x11,    0},    {0x0B4,0x11,    0},
    {0x0A7,0xEB,    0},    {0x0A8,0xEB,   14},    {0x042,0x0A,    0},    {0x048,0x0A,    0},
    {0x049,0x0A,    0},    {0x04A,0x10,    0},    {0x050,0x10,    0},    {0x051,0x20,    0},
    {0x0A7,0xE8,    0},    {0x052,0x0D,    0},    {0x0A8,0xE8,   14},    {0x0A7,0xE5,    0},
    {0x0A8,0xE5,   15},    {0x0A7,0xE2,    0},    {0x0A8,0xE2,   14},    {0x0B0,0x05,    0},
    {0x0B1,0x05,    0},    {0x0B7,0x0D,    0},    {0x0B8,0x0D,   14},    {0x0B0,0x25,    0},
    {0x0B1,0x29,    0},    {0x042,0x09,    0},    {0x0B2,0x2E,    0},    {0x048,0x09,    0},
    {0x0B3,0x31,    1},    {0x049,0x09,    0},    {0x0B4,0x31,    0},    {0x051,0x0C,    0},
    {0x0A7,0xB0,    0},    {0x0B7,0x2D,    0},    {0x052,0x12,    0},    {0x0A8,0xB0,    0},
    {0x0B8,0x2D,   28},    {0x04A,0x11,    0},    {0x050,0x11,   14},    {0x0B2,0x0E,    0},
    {0x0B3,0x11,    0},    {0x0B4,0x11,   14},    {0x042,0x0A,    0},    {0x048,0x0A,    0},
    {0x049,0x0A,    0},    {0x051,0x10,    0},    {0x052,0x14,   43},    {0x0B0,0x05,    0},
    {0x0B1,0x09,   14},    {0x0B0,0x25,    0},    {0x0B1,0x25,    0},    {0x042,0x0B,    0},
    {0x048,0x0B,    1},    {0x049,0x0B,    0},    {0x04A,0x12,    0},    {0x050,0x12,    0},
    {0x051,0x13,    0},    {0x052,0x16,   42},    {0x0B0,0x05,   14},    {0x083,0xFF,    0},
    {0x023,0x20,    0},    {0x080,0xFF,    0},    {0x020,0x20,    1},    {0x043,0x3F,    0},
    {0x040,0x3F,    0},    {0x0C0,0x00,    0},    {0x042,0x0C,    0},    {0x048,0x0C,    0},
    {0x049,0x0C,    0},    {0x051,0x18,    0},    {0x052,0x15,   28},    {0x04A,0x13,    0},
    {0x050,0x13,   14},    {0x0B1,0x05,   14},    {0x083,0x06,    0},    {0x023,0x04,    1},
    {0x060,0xCF,    0},    {0x080,0x09,    0},    {0x020,0x01,    0},    {0x043,0x00,    0},
    {0x040,0x00,    0},    {0x0C0,0x06,    0},    {0x0A0,0xC0,    0},    {0x0B0,0x21,    0},
    {0x0A1,0xE5,    0},    {0x0B1,0x25,    0},    {0x042,0x09,    0},    {0x0B2,0x2E,    0},
    {0x048,0x09,    0},    {0x0B3,0x31,    0},    {0x049,0x09,    0},    {0x0B4,0x31,    0},
    {0x051,0x19,    0},    {0x0A7,0xB3,    0},    {0x052,0x14,    0},    {0x0A8,0xB3,   14},
    {0x0A0,0xB6,    0},    {0x0A7,0xB6,    0},    {0x0A8,0xB6,   14},    {0x0A0,0xAC,    0},
    {0x0A7,0xB9,    0},    {0x0A8,0xB9,   14},    {0x0A0,0xA2,    0},    {0x0B2,0x0E,    0},
    {0x0B3,0x11,    0},    {0x0B4,0x11,    1},    {0x0A7,0xB6,    0},    {0x0A8,0xB6,   14},
    {0x0A0,0x98,    0},    {0x042,0x0A,    0},    {0x048,0x0A,    0},    {0x049,0x0A,    0},
    {0x04A,0x14,    0},    {0x050,0x14,    0},    {0x051,0x1A,    0},    {0x0A7,0xB3,    0},
    {0x052,0x13,    0},    {0x0A8,0xB3,   14},    {0x0A0,0x8E,    0},    {0x0A7,0xB0,    0},
    {0x0A8,0xB0,   14},    {0x0A0,0x84,    0},    {0x0A7,0xAD,    0},    {0x0A8,0xAD,   14},
    {0x0A0,0x7A,    0},    {0x0B0,0x01,    0},    {0x0B1,0x05,    1},    {0x0A7,0xAA,    0},
    {0x0A8,0xAA,   14},    {0x083,0x0A,    0},    {0x023,0x0A,    0},    {0x060,0xFF,    0},
    {0x080,0x00,    0},    {0x020,0x0F,    0},    {0x0C0,0x0E,    0},    {0x0A0,0x57,    0},
    {0x0B0,0x25,    0},    {0x0B1,0x25,    0},    {0x042,0x09,    0},    {0x0B2,0x2E,    0},
    {0x048,0x09,    0},    {0x0B3,0x31,    0},    {0x049,0x09,    0},    {0x0B4,0x31,    0},
    {0x051,0x1B,    0},    {0x0A7,0xA7,    0},    {0x052,0x12,    0},    {0x0A8,0xA7,   14},
    {0x0A7,0xAA,    0},    {0x0A8,0xAA,   14},    {0x04A,0x15,    0},    {0x050,0x15,    0},
    {0x0A7,0xAD,    0},    {0x0A8,0xAD,   14},    {0x0B2,0x0E,    0},    {0x0B3,0x11,    1},
    {0x0B4,0x11,    0},    {0x0A7,0xB0,    0},    {0x0A8,0xB0,   14},    {0x042,0x0A,    0},
    {0x048,0x0A,    0},    {0x049,0x0A,    0},    {0x051,0x1C,    0},    {0x0A7,0xB3,    0},
    {0x052,0x11,    0},    {0x0A8,0xB3,   14},    {0x0A7,0xB6,    0},    {0x0A8,0xB6,   14},
    {0x0A7,0xB9,    0},    {0x0A8,0xB9,   14},    {0x0B0,0x05,    1},    {0x0B1,0x05,    0},
    {0x0A7,0xB6,    0},    {0x0A8,0xB6,   14},    {0x0B0,0x25,    0},    {0x0B1,0x25,    0},
    {0x042,0x09,    0},    {0x0B2,0x2E,    0},    {0x048,0x09,    0},    {0x0B3,0x31,    0},
    {0x049,0x09,    0},    {0x0B4,0x31,    0},    {0x04A,0x16,    0},    {0x050,0x16,    0},
    {0x051,0x1D,    0},    {0x0A7,0xB3,    0},    {0x052,0x10,    0},    {0x0A8,0xB3,   14},
    {0x0A7,0xB0,    0},    {0x0A8,0xB0,   14},    {0x0A7,0xAD,    0},    {0x0A8,0xAD,   15},
    {0x0B2,0x0E,    0},    {0x0B3,0x11,    0},    {0x0B4,0x11,    0},    {0x0A7,0xAA,    0},
    {0x0A8,0xAA,   14},    {0x042,0x0A,    0},    {0x048,0x0A,    0},    {0x049,0x0A,    0},
    {0x051,0x1E,    0},    {0x0A7,0xA7,    0},    {0x052,0x0F,    0},    {0x0A8,0xA7,   14},
    {0x0A7,0xAA,    0},    {0x0A8,0xAA,   14},    {0x04A,0x17,    0},    {0x050,0x17,    1},
    {0x0A7,0xAD,    0},    {0x0A8,0xAD,   14},    {0x0B0,0x05,    0},    {0x0B1,0x05,    0},
    {0x0A7,0xB0,    0},    {0x0A8,0xB0,   14},    {0x0B0,0x25,    0},    {0x0B1,0x29,    0},
    {0x042,0x0B,    0},    {0x048,0x0B,    0},    {0x049,0x0B,    0},    {0x051,0x1F,    0},
    {0x0A7,0xB3,    0},    {0x052,0x0E,    0},    {0x0A8,0xB3,   14},    {0x0A7,0xB6,    0},
    {0x0A8,0xB6,   15},    {0x0A7,0xB9,    0},    {0x0A8,0xB9,   14},    {0x0A7,0xB6,    0},
    {0x0A8,0xB6,   14},    {0x042,0x0C,    0},    {0x048,0x0C,    0},    {0x049,0x0C,    0},
    {0x04A,0x18,    0},    {0x050,0x18,    0},    {0x051,0x20,    0},    {0x0A7,0xB3,    0},
    {0x052,0x0D,    0},    {0x0A8,0xB3,   14},    {0x0A7,0xB0,    0},    {0x0A8,0xB0,   15},
    {0x0A7,0xAD,    0},    {0x0A8,0xAD,   14},    {0x0B0,0x05,    0},    {0x0B1,0x09,    0},
    {0x0B7,0x0D,    0},    {0x0B8,0x0D,   14},    {0x063,0xF7,    0},    {0x083,0x67,    0},
    {0x023,0x23,    0},    {0x080,0x02,    0},    {0x020,0x01,    0},    {0x0E0,0x02,    0},
    {0x043,0x04,    0},    {0x0B0,0x25,    0},    {0x024,0x05,    0},    {0x081,0x09,    0},
    {0x021,0x04,    0},    {0x0E1,0x00,    1},    {0x044,0x00,    0},    {0x041,0x00,    0},
    {0x0C1,0x0F,    0},    {0x0A1,0x6D,    0},    {0x0B1,0x25,    0},    {0x042,0x09,    0},
    {0x0B2,0x2E,    0},    {0x048,0x09,    0},    {0x0B3,0x31,    0},    {0x049,0x09,    0},
    {0x0B4,0x31,    0},    {0x051,0x0C,    0},    {0x0A7,0x81,    0},    {0x0B7,0x2D,    0},
    {0x052,0x12,    0},    {0x0A8,0x81,    0},    {0x0B8,0x2D,   13},    {0x0A1,0x59,   15},
    {0x0A1,0x45,    0},    {0x04A,0x19,    0},    {0x050,0x19,   14},    {0x0A1,0x31,    0},
    {0x0B2,0x0E,    0},    {0x0B3,0x11,    0},    {0x0B4,0x11,   14},    {0x0A1,0x1D,    0},
    {0x042,0x0A,    0},    {0x048,0x0A,    0},    {0x049,0x0A,    0},    {0x051,0x10,    0},
    {0x052,0x14,   14},    {0x0A1,0x09,   15},    {0x0A1,0xF5,    0},    {0x0B1,0x24,   14},
    {0x0B0,0x05,    0},    {0x0A1,0xE1,    0},    {0x0B1,0x04,   14},    {0x063,0xFF,    0},
    {0x083,0x0A,    0},    {0x023,0x0A,    0},    {0x080,0x00,    0},    {0x020,0x0F,    0},
    {0x0E0,0x00,    0},    {0x043,0x00,    0},    {0x0B0,0x25,    0},    {0x024,0x03,    1},
    {0x081,0x04,    0},    {0x021,0x00,    0},    {0x0E1,0x03,    0},    {0x044,0x02,    0},
    {0x041,0x06,    0},    {0x0C1,0x02,    0},    {0x0A1,0x6B,    0},    {0x0B1,0x25,    0},
    {0x042,0x09,    0},    {0x0B2,0x2E,    0},    {0x048,0x09,    0},    {0x0B3,0x31,    0},
    {0x049,0x09,    0},    {0x0B4,0x31,    0},    {0x04A,0x1A,    0},    {0x050,0x1A,    0},
    {0x051,0x13,    0},    {0x052,0x16,   42},    {0x0B2,0x0E,    0},    {0x0B3,0x11,    0},
    {0x0B4,0x11,   14},    {0x042,0x0A,    0},    {0x048,0x0A,    0},    {0x049,0x0A,    0},
    {0x051,0x18,    1},    {0x052,0x15,   28},    {0x04A,0x1B,    0},    {0x050,0x1B,   14},
    {0x0B0,0x05,    0},    {0x0B1,0x05,    0},    {0x0B7,0x0D,    0},    {0x0B8,0x0D,   14},
    {0x0B0,0x25,    0},    {0x0A1,0xB0,    0},    {0x0B1,0x25,    0},    {0x042,0x0B,    1},
    {0x048,0x0B,    0},    {0x049,0x0B,    0},    {0x051,0x0C,    0},    {0x0A7,0xE5,    0},
    {0x0B7,0x2D,    0},    {0x052,0x12,    0},    {0x0A8,0xE5,    0},    {0x0B8,0x2D,   56},
    {0x042,0x0C,    0},    {0x048,0x0C,    1},    {0x049,0x0C,    0},    {0x04A,0x1C,    0},
    {0x050,0x1C,    0},    {0x051,0x10,    0},    {0x052,0x14,   42},    {0x0B0,0x05,    0},
    {0x0B1,0x05,   14},    {0x0B0,0x25,    1},    {0x0A1,0xE5,    0},    {0x0B1,0x25,    0},
    {0x042,0x09,    0},    {0x0B2,0x2E,    0},    {0x048,0x09,    0},    {0x0B3,0x31,    0},
    {0x049,0x09,    0},    {0x0B4,0x31,    0},    {0x051,0x13,    0},    {0x052,0x16,   28},
    {0x04A,0x1D,    0},    {0x050,0x1D,   14},    {0x0B0,0x05,    0},    {0x0B2,0x0E,    0},
    {0x0B3,0x11,    0},    {0x0B4,0x11,   15},    {0x083,0xFF,    0},    {0x023,0x20,    0},
    {0x080,0xFF,    0},    {0x020,0x20,    0},    {0x043,0x3F,    0},    {0x040,0x3F,    0},
    {0x0C0,0x00,    0},    {0x042,0x0A,    0},    {0x048,0x0A,    0},    {0x049,0x0A,    0},
    {0x051,0x18,    0},    {0x052,0x15,   42},    {0x0B1,0x05,   15},    {0x083,0x06,    0},
    {0x023,0x04,    0},    {0x060,0xCF,    0},    {0x080,0x09,    0},    {0x020,0x01,    0},
    {0x043,0x00,    0},    {0x040,0x00,    0},    {0x0C0,0x06,    0},    {0x0A0,0xC0,    0},
    {0x0B0,0x21,    0},    {0x0B1,0x25,    0},    {0x042,0x09,    0},    {0x0B2,0x2E,    0},
    {0x048,0x09,    0},    {0x0B3,0x31,    0},    {0x049,0x09,    0},    {0x0B4,0x31,    0},
    {0x04A,0x1E,    0},    {0x050,0x1E,    0},    {0x051,0x19,    1},    {0x0A7,0xE8,    0},
    {0x052,0x14,    0},    {0x0A8,0xE8,   13},    {0x0A0,0xB6,    0},    {0x0A7,0xEB,    0},
    {0x0A8,0xEB,   14},    {0x0A0,0xAC,    0},    {0x0A7,0xEE,    0},    {0x0A8,0xEE,   14},
    {0x0A0,0xA2,    0},    {0x0B2,0x0E,    1},    {0x0B3,0x11,    0},    {0x0B4,0x11,    0},
    {0x0A7,0xEB,    0},    {0x0A8,0xEB,   14},    {0x0A0,0x98,    0},    {0x042,0x0A,    0},
    {0x048,0x0A,    0},    {0x049,0x0A,    0},    {0x051,0x1A,    0},    {0x0A7,0xE8,    0},
    {0x052,0x13,    0},    {0x0A8,0xE8,   14},    {0x0A0,0x8E,    0},    {0x0A7,0xE5,    0},
    {0x0A8,0xE5,   14},    {0x0A0,0x84,    0},    {0x04A,0x1F,    0},    {0x050,0x1F,    0},
    {0x0A7,0xE2,    0},    {0x0A8,0xE2,   14},    {0x0A0,0x7A,    1},    {0x0B0,0x01,    0},
    {0x0B1,0x05,    0},    {0x0A7,0xDF,    0},    {0x0A8,0xDF,   14},    {0x083,0x0A,    0},
    {0x023,0x0A,    0},    {0x060,0xFF,    0},    {0x080,0x00,    0},    {0x020,0x0F,    0},
    {0x0C0,0x0E,    0},    {0x0A0,0x57,    0},    {0x0B0,0x25,    0},    {0x0B1,0x25,    0},
    {0x042,0x0B,    0},    {0x048,0x0B,    0},    {0x049,0x0B,    0},    {0x051,0x1B,    0},
    {0x0A7,0xDC,    0},    {0x052,0x12,    0},    {0x0A8,0xDC,   14},    {0x0A7,0xDF,    0},
    {0x0A8,0xDF,   14},    {0x0A7,0xE2,    0},    {0x0A8,0xE2,   15},    {0x0A7,0xE5,    0},
    {0x0A8,0xE5,   14},    {0x042,0x0C,    0},    {0x048,0x0C,    0},    {0x049,0x0C,    0},
    {0x04A,0x20,    0},    {0x050,0x20,    0},    {0x051,0x1C,    0},    {0x0A7,0xE8,    0},
    {0x052,0x11,    0},    {0x0A8,0xE8,   14},    {0x0A7,0xEB,    0},    {0x0A8,0xEB,   14},
    {0x0A7,0xEE,    0},    {0x0A8,0xEE,   15},    {0x0B0,0x05,    0},    {0x0B1,0x05,    0},
    {0x0A7,0xEB,    0},    {0x0A8,0xEB,   14},    {0x0B0,0x25,    0},    {0x0B1,0x25,    0},
    {0x042,0x09,    0},    {0x0B2,0x2E,    0},    {0x048,0x09,    0},    {0x0B3,0x31,    0},
    {0x049,0x09,    0},    {0x0B4,0x31,    0},    {0x051,0x1D,    0},    {0x0A7,0xE8,    0},
    {0x052,0x10,    0},    {0x0A8,0xE8,   14},    {0x0A7,0xE5,    0},    {0x0A8,0xE5,   14},
    {0x04A,0x21,    1},    {0x050,0x21,    0},    {0x0A7,0xE2,    0},    {0x0A8,0xE2,   14},
    {0x0B2,0x0E,    0},    {0x0B3,0x11,    0},    {0x0B4,0x11,    0},    {0x0A7,0xDF,    0},
    {0x0A8,0xDF,   14},    {0x042,0x0A,    0},    {0x048,0x0A,    0},    {0x049,0x0A,    0},
    {0x051,0x1E,    0},    {0x0A7,0xDC,    0},    {0x052,0x0F,    0},    {0x0A8,0xDC,   14},
    {0x0A7,0xDF,    0},    {0x0A8,0xDF,   15},    {0x0A7,0xE2,    0},    {0x0A8,0xE2,   14},
    {0x0B0,0x05,    0},    {0x0B1,0x05,    0},    {0x0A7,0xE5,    0},    {0x0A8,0xE5,   14},
    {0x0B0,0x25,    0},    {0x0B1,0x29,    0},    {0x042,0x09,    0},    {0x0B2,0x2E,    0},
    {0x048,0x09,    0},    {0x0B3,0x31,    0},    {0x049,0x09,    0},    {0x0B4,0x31,    0},
    {0x04A,0x22,    1},    {0x050,0x22,    0},    {0x051,0x1F,    0},    {0x0A7,0xE8,    0},
    {0x052,0x0E,    0},    {0x0A8,0xE8,   13},    {0x0A7,0xEB,    0},    {0x0A8,0xEB,   15},
    {0x0A7,0xEE,    0},    {0x0A8,0xEE,   14},    {0x0B2,0x0E,    0},    {0x0B3,0x11,    0},
    {0x0B4,0x11,    0},    {0x0A7,0xEB,    0},    {0x0A8,0xEB,   14},    {0x042,0x0A,    0},
    {0x048,0x0A,    0},    {0x049,0x0A,    0},    {0x051,0x20,    0},    {0x0A7,0xE8,    0},
    {0x052,0x0D,    0},    {0x0A8,0xE8,   14},    {0x0A7,0xE5,    1},    {0x0A8,0xE5,   14},
    {0x04A,0x23,    0},    {0x050,0x23,    0},    {0x0A7,0xE2,    0},    {0x0A8,0xE2,   14},
    {0x0B0,0x05,    0},    {0x0B1,0x09,    0},    {0x0A7,0xDF,    0},    {0x0A8,0xDF,   14},
    {0x063,0xF7,    0},    {0x083,0x67,    0},    {0x023,0x23,    0},    {0x080,0x02,    0},
    {0x020,0x01,    0},    {0x0E0,0x02,    0},    {0x043,0x04,    0},    {0x0B0,0x25,    1},
    {0x024,0x05,    0},    {0x081,0x09,    0},    {0x021,0x04,    0},    {0x0E1,0x00,    0},
    {0x044,0x00,    0},    {0x041,0x00,    0},    {0x0C1,0x0F,    0},    {0x0A1,0x6D,    0},
    {0x0B1,0x25,    0},    {0x042,0x0B,    0},    {0x048,0x0B,    0},    {0x049,0x0B,    0},
    {0x051,0x21,    0},    {0x0A7,0xDC,    0},    {0x052,0x0C,    0},    {0x0A8,0xDC,   13},
    {0x0A1,0x59,    1},    {0x0A7,0xDF,    0},    {0x0A8,0xDF,   14},    {0x0A1,0x45,    0},
    {0x0A7,0xE2,    0},    {0x0A8,0xE2,   14},    {0x0A1,0x31,    0},    {0x0A7,0xE5,    0},
    {0x0A8,0xE5,   14},    {0x0A1,0x1D,    0},    {0x042,0x0C,    0},    {0x048,0x0C,    0},
    {0x049,0x0C,    0},    {0x04A,0x24,    1},    {0x050,0x24,    0},    {0x051,0x22,    0},
    {0x0A7,0xE8,    0},    {0x052,0x0D,    0},    {0x0A8,0xE8,   14},    {0x0A1,0x09,    0},
    {0x0A7,0xEB,    0},    {0x0A8,0xEB,   14},    {0x0A1,0xF5,    0},    {0x0B1,0x24,    0},
    {0x0A7,0xEE,    0},    {0x0A8,0xEE,   14},    {0x0B0,0x05,    0},    {0x0A1,0xE1,    0},
    {0x0B1,0x04,    0},    {0x0A7,0xEB,    0},    {0x0A8,0xEB,   14},    {0x063,0xFF,    0},
    {0x083,0x0A,    0},    {0x023,0x0A,    0},    {0x080,0x00,    0},    {0x020,0x0F,    1},
    {0x0E0,0x00,    0},    {0x043,0x00,    0},    {0x0B0,0x25,    0},    {0x024,0x03,    0},
    {0x081,0x04,    0},    {0x021,0x00,    0},    {0x0E1,0x03,    0},    {0x044,0x02,    0},
    {0x041,0x06,    0},    {0x0C1,0x02,    0},    {0x0A1,0xB0,    0},    {0x0B1,0x25,    0},
    {0x042,0x09,    0},    {0x0B2,0x2E,    0},    {0x048,0x09,    0},    {0x0B3,0x31,    0},
    {0x049,0x09,    0},    {0x0B4,0x31,    0},    {0x051,0x23,    0},    {0x0A7,0xE8,    0},
    {0x052,0x0E,    0},    {0x0A8,0xE8,   14},    {0x0A7,0xE5,    0},    {0x0A8,0xE5,   14},
    {0x04A,0x25,    0},    {0x050,0x25,    0},    {0x0A7,0xE2,    0},    {0x0A8,0xE2,   14},
    {0x0B2,0x0E,    0},    {0x0B3,0x11,    0},    {0x0B4,0x11,    0},    {0x0A7,0xDF,    0},
    {0x0A8,0xDF,   14},    {0x042,0x0A,    0},    {0x048,0x0A,    1},    {0x049,0x0A,    0},
    {0x051,0x24,    0},    {0x0A7,0xDC,    0},    {0x052,0x0F,    0},    {0x0A8,0xDC,   14},
    {0x0A7,0xDF,    0},    {0x0A8,0xDF,   14},    {0x0A7,0xE2,    0},    {0x0A8,0xE2,   14},
    {0x0B0,0x05,    0},    {0x0B1,0x05,    0},    {0x0A7,0xE5,    0},    {0x0A8,0xE5,   14},
    {0x0B0,0x25,    1},    {0x0B1,0x29,    0},    {0x042,0x09,    0},    {0x0B2,0x2E,    0},
    {0x048,0x09,    0},    {0x0B3,0x31,    0},    {0x049,0x09,    0},    {0x0B4,0x31,    0},
    {0x04A,0x26,    0},    {0x050,0x26,    0},    {0x051,0x25,    0},    {0x0A7,0xE8,    0},
    {0x052,0x10,    0},    {0x0A8,0xE8,   14},    {0x0A7,0xEB,    0},    {0x0A8,0xEB,   14},
    {0x0A7,0xEE,    0},    {0x0A8,0xEE,   14},    {0x0B2,0x0E,    0},    {0x0B3,0x11,    0},
    {0x0B4,0x11,    0},    {0x0A7,0xEB,    1},    {0x0A8,0xEB,   14},    {0x042,0x0A,    0},
    {0x048,0x0A,    0},    {0x049,0x0A,    0},    {0x051,0x26,    0},    {0x0A7,0xE8,    0},
    {0x052,0x11,    0},    {0x0A8,0xE8,   14},    {0x0A7,0xE5,    0},    {0x0A8,0xE5,   14},
    {0x04A,0x27,    0},    {0x050,0x27,    0},    {0x0A7,0xE2,    0},    {0x0A8,0xE2,   14},
    {0x0B0,0x05,    0},    {0x0B1,0x09,    1},    {0x0A7,0xDF,    0},    {0x0A8,0xDF,   14},
    {0x0B0,0x25,    0},    {0x0B1,0x25,    0},    {0x042,0x0B,    0},    {0x048,0x0B,    0},
    {0x049,0x0B,    0},    {0x051,0x27,    0},    {0x0A7,0xDC,    0},    {0x052,0x12,    0},
    {0x0A8,0xDC,   14},    {0x0A7,0xDF,    0},    {0x0A8,0xDF,   14},    {0x0A7,0xE2,    0},
    {0x0A8,0xE2,   14},    {0x0B0,0x05,    1},    {0x0A7,0xE5,    0},    {0x0A8,0xE5,   14},
    {0x083,0xFF,    0},    {0x023,0x20,    0},    {0x080,0xFF,    0},    {0x020,0x20,    0},
    {0x043,0x3F,    0},    {0x040,0x3F,    0},    {0x0C0,0x00,    0},    {0x042,0x0C,    0},
    {0x048,0x0C,    0},    {0x049,0x0C,    0},    {0x04A,0x28,    0},    {0x050,0x28,    0},
    {0x051,0x26,    0},    {0x0A7,0xE8,    0},    {0x052,0x13,    0},    {0x0A8,0xE8,   14},
    {0x0A7,0xEB,    0},    {0x0A8,0xEB,   14},    {0x0A7,0xEE,    0},    {0x0A8,0xEE,   15},
    {0x0B1,0x05,    0},    {0x0A7,0xEB,    0},    {0x0A8,0xEB,   14},    {0x083,0x06,    0},
    {0x023,0x04,    0},    {0x060,0xCF,    0},    {0x080,0x09,    0},    {0x020,0x01,    0},
    {0x043,0x00,    0},    {0x040,0x00,    0},    {0x0C0,0x06,    0},    {0x0A0,0xC0,    0},
    {0x0B0,0x21,    0},    {0x0A1,0xE5,    0},    {0x0B1,0x25,    0},    {0x042,0x09,    0},
    {0x0B2,0x2E,    0},    {0x048,0x09,    0},    {0x0B3,0x31,    0},    {0x049,0x09,    1},
    {0x0B4,0x31,    0},    {0x051,0x25,    0},    {0x0A7,0xE8,    0},    {0x052,0x14,    0},
    {0x0A8,0xE8,   13},    {0x0A0,0xB6,    0},    {0x0A7,0xE5,    0},    {0x0A8,0xE5,   14},
    {0x0A0,0xAC,    0},    {0x04A,0x29,    0},    {0x050,0x29,    1},    {0x0A7,0xE2,    0},
    {0x0A8,0xE2,   14},    {0x0A0,0xA2,    0},    {0x0B2,0x0E,    0},    {0x0B3,0x11,    0},
    {0x0B4,0x11,    0},    {0x0A7,0xDF,    0},    {0x0A8,0xDF,   14},    {0x0A0,0x98,    0},
    {0x042,0x0A,    0},    {0x048,0x0A,    0},    {0x049,0x0A,    0},    {0x051,0x24,    0},
    {0x0A7,0xDC,    0},    {0x052,0x15,    0},    {0x0A8,0xDC,   14},    {0x0A0,0x8E,    0},
    {0x0A7,0xDF,    0},    {0x0A8,0xDF,   14},    {0x0A0,0x84,    0},    {0x0A7,0xE2,    1},
    {0x0A8,0xE2,   14},    {0x0A0,0x7A,    0},    {0x0B0,0x01,    0},    {0x0B1,0x05,    0},
    {0x0A7,0xE5,    0},    {0x0A8,0xE5,   14},    {0x083,0x0A,    0},    {0x023,0x0A,    0},
    {0x060,0xFF,    0},    {0x080,0x00,    0},    {0x020,0x0F,    0},    {0x0C0,0x0E,    0},
    {0x0A0,0x57,    0},    {0x0B0,0x25,    0},    {0x0B1,0x25,    0},    {0x042,0x09,    0},
    {0x0B2,0x2E,    0},    {0x048,0x09,    0},    {0x0B3,0x31,    1},    {0x049,0x09,    0},
    {0x0B4,0x31,    0},    {0x04A,0x2A,    0},    {0x050,0x2A,    0},    {0x051,0x23,    0},
    {0x0A7,0xE8,    0},    {0x052,0x16,    0},    {0x0A8,0xE8,   13},    {0x0A7,0xEB,    0},
    {0x0A8,0xEB,   15},    {0x0A7,0xEE,    0},    {0x0A8,0xEE,   14},    {0x0B2,0x0E,    0},
    {0x0B3,0x11,    0},    {0x0B4,0x11,    0},    {0x0A7,0xEB,    0},    {0x0A8,0xEB,   14},
    {0x042,0x0A,    0},    {0x048,0x0A,    0},    {0x049,0x0A,    0},    {0x051,0x22,    0},
    {0x0A7,0xE8,    0},    {0x052,0x17,    0},    {0x0A8,0xE8,   14},    {0x0A7,0xE5,    0},
    {0x0A8,0xE5,   15},    {0x04A,0x2B,    0},    {0x050,0x2B,    0},    {0x0A7,0xE2,    0},
    {0x0A8,0xE2,   14},    {0x0B0,0x05,    0},    {0x0B1,0x05,    0},    {0x0B7,0x0D,    0},
    {0x0B8,0x0D,   14},    {0x0B0,0x25,    0},    {0x0B1,0x25,    0},    {0x042,0x09,    0},
    {0x0B2,0x2E,    0},    {0x048,0x09,    0},    {0x0B3,0x31,    0},    {0x049,0x09,    0},
    {0x0B4,0x31,    1},    {0x051,0x0C,    0},    {0x0A7,0x87,    0},    {0x0B7,0x2A,    0},
    {0x052,0x12,    0},    {0x0A8,0x87,    0},    {0x0B8,0x2A,   42},    {0x0B2,0x0E,    0},
    {0x0B3,0x11,    0},    {0x0B4,0x11,   14},    {0x042,0x0A,    0},    {0x048,0x0A,    0},
    {0x049,0x0A,    0},    {0x04A,0x2C,    0},    {0x050,0x2C,    0},    {0x051,0x10,    0},
    {0x052,0x14,   43},    {0x0B0,0x05,    0},    {0x0B1,0x05,   14},    {0x0B0,0x25,    0},
    {0x0B1,0x29,    0},    {0x042,0x0B,    0},    {0x048,0x0B,    0},    {0x049,0x0B,    1},
    {0x051,0x13,    0},    {0x052,0x16,   28},    {0x04A,0x2D,    0},    {0x050,0x2D,   28},
    {0x042,0x0C,    0},    {0x048,0x0C,    0},    {0x049,0x0C,    0},    {0x051,0x18,    1},
    {0x052,0x15,   42},    {0x0B0,0x05,    0},    {0x0B1,0x09,   14},    {0x063,0xF7,    0},
    {0x083,0x67,    0},    {0x023,0x23,    0},    {0x080,0x02,    0},    {0x020,0x01,    1},
    {0x0E0,0x02,    0},    {0x043,0x04,    0},    {0x0B0,0x25,    0},    {0x024,0x05,    0},
    {0x081,0x09,    0},    {0x021,0x04,    0},    {0x0E1,0x00,    0},    {0x044,0x00,    0},
    {0x041,0x00,    0},    {0x0C1,0x0F,    0},    {0x0A1,0x6D,    0},    {0x0B1,0x25,    0},
    {0x042,0x09,    0},    {0x0B2,0x2E,    0},    {0x048,0x09,    0},    {0x0B3,0x31,    0},
    {0x049,0x09,    0},    {0x0B4,0x31,    0},    {0x04A,0x2E,    0},    {0x050,0x2E,    0},
    {0x051,0x19,    0},    {0x052,0x14,   14},    {0x0A1,0x59,   14},    {0x0A1,0x45,   14},
    {0x0A1,0x31,    0},    {0x0B2,0x0E,    0},    {0x0B3,0x11,    0},    {0x0B4,0x11,   14},
    {0x0A1,0x1D,    0},    {0x042,0x0A,    1},    {0x048,0x0A,    0},    {0x049,0x0A,    0},
    {0x051,0x1A,    0},    {0x052,0x13,   14},    {0x0A1,0x09,   14},    {0x0A1,0xF5,    0},
    {0x0B1,0x24,    0},    {0x04A,0x2F,    0},    {0x050,0x2F,   14},    {0x0B0,0x05,    0},
    {0x0A1,0xE1,    0},    {0x0B1,0x04,   14},    {0x063,0xFF,    1},    {0x083,0x0A,    0},
    {0x023,0x0A,    0},    {0x080,0x00,    0},    {0x020,0x0F,    0},    {0x0E0,0x00,    0},
    {0x043,0x00,    0},    {0x0B0,0x25,    0},    {0x024,0x03,    0},    {0x081,0x04,    0},
    {0x021,0x00,    0},    {0x0E1,0x03,    0},    {0x044,0x02,    0},    {0x041,0x06,    0},
    {0x0C1,0x02,    0},    {0x0A1,0x6B,    0},    {0x0B1,0x25,    0},    {0x042,0x09,    0},
    {0x0B2,0x2E,    0},    {0x048,0x09,    0},    {0x0B3,0x31,    0},    {0x049,0x09,    0},
    {0x0B4,0x31,    0},    {0x051,0x1B,    1},    {0x052,0x12,   41},    {0x0B2,0x0E,    0},
    {0x0B3,0x11,    0},    {0x0B4,0x11,   15},    {0x042,0x0A,    0},    {0x048,0x0A,    0},
    {0x049,0x0A,    0},    {0x04A,0x30,    0},    {0x050,0x30,    0},    {0x051,0x1C,    0},
    {0x052,0x11,   42},    {0x0B0,0x05,    0},    {0x0B1,0x05,    1},    {0x0B7,0x0A,    0},
    {0x0B8,0x0A,   14},    {0x0B0,0x25,    0},    {0x0A1,0xB0,    0},    {0x0B1,0x25,    0},
    {0x042,0x0B,    0},    {0x048,0x0B,    0},    {0x049,0x0B,    0},    {0x051,0x0C,    0},
    {0x0A7,0x6B,    0},    {0x0B7,0x2D,    0},    {0x052,0x12,    0},    {0x0A8,0x6B,    0},
    {0x0B8,0x2D,   28},    {0x04A,0x2F,    0},    {0x050,0x2F,   29},    {0x042,0x0C,    0},
    {0x048,0x0C,    0},    {0x049,0x0C,    0},    {0x051,0x10,    0},    {0x052,0x14,   43},
    {0x0B0,0x05,    0},    {0x0B1,0x05,   14},    {0x0B0,0x25,    0},    {0x0A1,0xE5,    0},
    {0x0B1,0x25,    0},    {0x042,0x09,    0},    {0x0B2,0x2E,    0},    {0x048,0x09,    0},
    {0x0B3,0x31,    0},    {0x049,0x09,    0},    {0x0B4,0x31,    0},    {0x04A,0x2E,    0},
    {0x050,0x2E,    0},    {0x051,0x13,    0},    {0x052,0x16,   43},    {0x0B0,0x05,    0},
    {0x0B2,0x0E,    0},    {0x0B3,0x11,    0},    {0x0B4,0x11,   14},    {0x083,0xFF,    0},
    {0x023,0x20,    0},    {0x080,0xFF,    0},    {0x020,0x20,    0},    {0x043,0x3F,    0},
    {0x040,0x3F,    0},    {0x0C0,0x00,    0},    {0x042,0x0A,    0},    {0x048,0x0A,    0},
    {0x049,0x0A,    0},    {0x051,0x18,    0},    {0x052,0x15,   28},    {0x04A,0x2D,    0},
    {0x050,0x2D,   15},    {0x0B1,0x05,    0},    {0x0B7,0x0D,    0},    {0x0B8,0x0D,   14},
    {0x083,0x06,    0},    {0x023,0x04,    0},    {0x060,0xCF,    0},    {0x080,0x09,    0},
    {0x020,0x01,    0},    {0x043,0x00,    0},    {0x040,0x00,    0},    {0x0C0,0x06,    0},
    {0x0A0,0xC0,    0},    {0x0B0,0x21,    0},    {0x0A1,0x02,    0},    {0x0B1,0x26,    0},
    {0x042,0x09,    0},    {0x0B2,0x2E,    1},    {0x048,0x09,    0},    {0x0A3,0x81,    0},
    {0x0B3,0x31,    0},    {0x049,0x09,    0},    {0x0A4,0x02,    0},    {0x0B4,0x32,    0},
    {0x0A5,0x81,    0},    {0x0A6,0x02,    0},    {0x0B6,0x2A,    0},    {0x051,0x0C,    0},
    {0x0A7,0x81,    0},    {0x0B7,0x2D,    0},    {0x052,0x12,    0},    {0x0A8,0x81,    0},
    {0x0B8,0x2D,   13},    {0x0A0,0xB6,   14},    {0x0A0,0xAC,   15},    {0x0A0,0xA2,    0},
    {0x0B2,0x0E,    0},    {0x0B3,0x11,    0},    {0x0B4,0x12,   14},    {0x0A0,0x98,    0},
    {0x042,0x0A,    0},    {0x048,0x0A,    0},    {0x049,0x0A,    0},    {0x04A,0x2C,    0},
    {0x050,0x2C,    0},    {0x051,0x10,    0},    {0x052,0x14,   14},    {0x0A0,0x8E,   15},
    {0x0A0,0x84,   14},    {0x0A0,0x7A,    0},    {0x0B0,0x01,    0},    {0x0B1,0x06,   14},
    {0x083,0x0A,    0},    {0x023,0x0A,    0},    {0x060,0xFF,    0},    {0x080,0x00,    0},
    {0x020,0x0F,    0},    {0x0C0,0x0E,    0},    {0x0A0,0x57,    0},    {0x0B0,0x25,    0},
    {0x0B1,0x26,    0},    {0x042,0x0B,    0},    {0x048,0x0B,    1},    {0x049,0x0B,    0},
    {0x051,0x13,    0},    {0x052,0x16,   28},    {0x04A,0x2B,    0},    {0x050,0x2B,   28},
    {0x042,0x0C,    0},    {0x048,0x0C,    0},    {0x049,0x0C,    0},    {0x051,0x18,    0},
    {0x052,0x15,   43},    {0x0B0,0x05,    0},    {0x0B1,0x06,    0},    {0x0B7,0x0D,    0},
    {0x0B8,0x0D,   14},    {0x0B0,0x25,    0},    {0x0B1,0x26,    0},    {0x042,0x09,    0},
    {0x0B2,0x2E,    0},    {0x048,0x09,    0},    {0x0B3,0x31,    1},    {0x049,0x09,    0},
    {0x0B4,0x32,    0},    {0x04A,0x2A,    0},    {0x050,0x2A,    0},    {0x051,0x0C,    0},
    {0x0A7,0xB0,    0},    {0x0B7,0x2D,    0},    {0x052,0x12,    0},    {0x0A8,0xB0,    0},
    {0x0B8,0x2D,   42},    {0x0B2,0x0E,    0},    {0x0B3,0x11,    0},    {0x0B4,0x12,   14},
    {0x042,0x0A,    0},    {0x048,0x0A,    0},    {0x049,0x0A,    0},    {0x051,0x10,    1},
    {0x052,0x14,   28},    {0x04A,0x29,    0},    {0x050,0x29,   14},    {0x0B0,0x05,    0},
    {0x0B1,0x06,   14},    {0x0B0,0x25,    0},    {0x0B1,0x2A,    0},    {0x042,0x09,    1},
    {0x0B2,0x2E,    0},    {0x048,0x09,    0},    {0x0B3,0x31,    0},    {0x049,0x09,    0},
    {0x0B4,0x32,    0},    {0x051,0x13,    0},    {0x052,0x16,   42},    {0x0B2,0x0E,    0},
    {0x0B3,0x11,    0},    {0x0B4,0x12,   14},    {0x042,0x0A,    1},    {0x048,0x0A,    0},
    {0x049,0x0A,    0},    {0x04A,0x28,    0},    {0x050,0x28,    0},    {0x051,0x18,    0},
    {0x052,0x15,   42},    {0x0B0,0x05,    0},    {0x0B1,0x0A,    0},    {0x0B7,0x0D,    0},
    {0x0B8,0x0D,   14},    {0x063,0xF7,    1},    {0x083,0x67,    0},    {0x023,0x23,    0},
    {0x080,0x02,    0},    {0x020,0x01,    0},    {0x0E0,0x02,    0},    {0x043,0x04,    0},
    {0x0B0,0x25,    0},    {0x024,0x05,    0},    {0x081,0x09,    0},    {0x021,0x04,    0},
    {0x0E1,0x00,    0},    {0x044,0x00,    0},    {0x041,0x00,    0},    {0x0C1,0x0F,    0},
    {0x0A1,0x6D,    0},    {0x0B1,0x25,    0},    {0x042,0x0B,    0},    {0x048,0x0B,    0},
    {0x049,0x0B,    0},    {0x051,0x0C,    0},    {0x0A7,0x81,    0},    {0x0B7,0x2D,    0},
    {0x052,0x12,    1},    {0x0A8,0x81,    0},    {0x0B8,0x2D,   13},    {0x0A1,0x59,   14},
    {0x0A1,0x45,    0},    {0x04A,0x27,    0},    {0x050,0x27,   14},    {0x0A1,0x31,   15},
    {0x0A1,0x1D,    0},    {0x042,0x0C,    0},    {0x048,0x0C,    0},    {0x049,0x0C,    0},
    {0x051,0x10,    0},    {0x052,0x14,   14},    {0x0A1,0x09,   14},    {0x0A1,0xF5,    0},
    {0x0B1,0x24,   14},    {0x0B0,0x05,    0},    {0x0A1,0xE1,    0},    {0x0B1,0x04,   15},
    {0x063,0xFF,    0},    {0x083,0x0A,    0},    {0x023,0x0A,    0},    {0x080,0x00,    0},
    {0x020,0x0F,    0},    {0x0E0,0x00,    0},    {0x043,0x00,    0},    {0x0B0,0x25,    0},
    {0x024,0x03,    0},    {0x081,0x04,    0},    {0x021,0x00,    0},    {0x0E1,0x03,    0},
    {0x044,0x02,    0},    {0x041,0x06,    0},    {0x0C1,0x02,    0},    {0x0A1,0xCA,    0},
    {0x0B1,0x25,    0},    {0x042,0x09,    0},    {0x0B2,0x2E,    0},    {0x048,0x09,    0},
    {0x0B3,0x31,    1},    {0x049,0x09,    0},    {0x0B4,0x32,    0},    {0x04A,0x26,    0},
    {0x050,0x26,    0},    {0x051,0x13,    0},    {0x052,0x16,   41},    {0x0B2,0x0E,    1},
    {0x0B3,0x11,    0},    {0x0B4,0x12,   14},    {0x042,0x0A,    0},    {0x048,0x0A,    0},
    {0x049,0x0A,    0},    {0x051,0x18,    0},    {0x052,0x15,   28},    {0x04A,0x25,    0},
    {0x050,0x25,   15},    {0x0B0,0x05,    0},    {0x0B1,0x05,    0},    {0x0B7,0x0D,    0},
    {0x0B8,0x0D,   14},    {0x0B0,0x25,    0},    {0x0B1,0x29,    0},    {0x042,0x09,    0},
    {0x0B2,0x2E,    0},    {0x048,0x09,    0},    {0x0B3,0x31,    0},    {0x049,0x09,    0},
    {0x0B4,0x32,    0},    {0x051,0x0C,    0},    {0x0A7,0x87,    0},    {0x0B7,0x2A,    0},
    {0x052,0x12,    0},    {0x0A8,0x87,    0},    {0x0B8,0x2A,   43},    {0x0B2,0x0E,    0},
    {0x0B3,0x11,    0},    {0x0B4,0x12,   14},    {0x042,0x0A,    0},    {0x048,0x0A,    0},
    {0x049,0x0A,    0},    {0x04A,0x24,    0},    {0x050,0x24,    0},    {0x051,0x10,    0},
    {0x052,0x14,   43},    {0x0B0,0x05,    0},    {0x0B1,0x09,   14},    {0x0B0,0x25,    0},
    {0x0B1,0x25,    0},    {0x042,0x0B,    0},    {0x048,0x0B,    0},    {0x049,0x0B,    0},
    {0x051,0x13,    0},    {0x052,0x16,   29},    {0x04A,0x23,    0},    {0x050,0x23,   14},
    {0x0B0,0x05,   14},    {0x083,0xFF,    0},    {0x023,0x20,    0},    {0x080,0xFF,    0},
    {0x020,0x20,    0},    {0x043,0x3F,    0},    {0x040,0x3F,    0},    {0x0C0,0x00,    0},
    {0x042,0x0C,    0},    {0x048,0x0C,    0},    {0x049,0x0C,    0},    {0x051,0x18,    1},
    {0x052,0x15,   42},    {0x0B1,0x05,   14},    {0x083,0x06,    0},    {0x023,0x04,    0},
    {0x060,0xCF,    0},    {0x080,0x09,    0},    {0x020,0x01,    0},    {0x043,0x00,    0},
    {0x040,0x00,    0},    {0x0C0,0x06,    0},    {0x0A0,0xC0,    0},    {0x0B0,0x21,    0},
    {0x0A1,0x02,    1},    {0x0B1,0x26,    0},    {0x042,0x09,    0},    {0x0B2,0x2E,    0},
    {0x048,0x09,    0},    {0x0B3,0x31,    0},    {0x049,0x09,    0},    {0x0B4,0x32,    0},
    {0x04A,0x22,    0},    {0x050,0x22,    0},    {0x051,0x19,    0},    {0x0A7,0x8A,    0},
    {0x052,0x14,    0},    {0x0A8,0x8A,   13},    {0x0A0,0xB6,    0},    {0x0A7,0x8D,    1},
    {0x0A8,0x8D,   14},    {0x0A0,0xAC,    0},    {0x0A7,0x90,    0},    {0x0A8,0x90,   14},
    {0x0A0,0xA2,    0},    {0x0B2,0x0E,    0},    {0x0B3,0x11,    0},    {0x0B4,0x12,    0},
    {0x0A7,0x8D,    0},    {0x0A8,0x8D,   14},    {0x0A0,0x98,    0},    {0x042,0x0A,    0},
    {0x048,0x0A,    0},    {0x049,0x0A,    0},    {0x051,0x1A,    0},    {0x0A7,0x8A,    0},
    {0x052,0x13,    1},    {0x0A8,0x8A,   13},    {0x0A0,0x8E,    1},    {0x0A7,0x87,    0},
    {0x0A8,0x87,   14},    {0x0A0,0x84,    0},    {0x04A,0x21,    0},    {0x050,0x21,    0},
    {0x0A7,0x84,    0},    {0x0A8,0x84,   14},    {0x0A0,0x7A,    0},    {0x0B0,0x01,    0},
    {0x0B1,0x06,    0},    {0x0A7,0x81,    0},    {0x0A8,0x81,   14},    {0x083,0x0A,    0},
    {0x023,0x0A,    0},    {0x060,0xFF,    0},    {0x080,0x00,    0},    {0x020,0x0F,    0},
    {0x0C0,0x0E,    0},    {0x0A0,0x57,    0},    {0x0B0,0x25,    1},    {0x0B1,0x26,    0},
    {0x042,0x09,    0},    {0x0B2,0x2E,    0},    {0x048,0x09,    0},    {0x0B3,0x31,    0},
    {0x049,0x09,    0},    {0x0B4,0x32,    0},    {0x051,0x1B,    0},    {0x0A7,0x7E,    0},
    {0x052,0x12,    0},    {0x0A8,0x7E,   14},    {0x0A7,0x81,    0},    {0x0A8,0x81,   14},
    {0x0A7,0x84,    0},    {0x0A8,0x84,   14},    {0x0B2,0x0E,    0},    {0x0B3,0x11,    0},
    {0x0B4,0x12,    0},    {0x0A7,0x87,    0},    {0x0A8,0x87,   14},    {0x042,0x0A,    0},
    {0x048,0x0A,    0},    {0x049,0x0A,    0},    {0x04A,0x20,    1},    {0x050,0x20,    0},
    {0x051,0x1C,    0},    {0x0A7,0x8A,    0},    {0x052,0x11,    0},    {0x0A8,0x8A,   14},
    {0x0A7,0x8D,    0},    {0x0A8,0x8D,   14},    {0x0A7,0x90,    0},    {0x0A8,0x90,   14},
    {0x0B0,0x05,    0},    {0x0B1,0x06,    0},    {0x0A7,0x8D,    0},    {0x0A8,0x8D,   14},
    {0x0B0,0x25,    0},    {0x0B1,0x26,    1},    {0x042,0x09,    0},    {0x0B2,0x2E,    0},
    {0x048,0x09,    0},    {0x0B3,0x31,    0},    {0x049,0x09,    0},    {0x0B4,0x32,    0},
    {0x051,0x1D,    0},    {0x0A7,0x8A,    0},    {0x052,0x10,    0},    {0x0A8,0x8A,   14},
    {0x0A7,0x87,    0},    {0x0A8,0x87,   14},    {0x04A,0x1F,    0},    {0x050,0x1F,    0},
    {0x0A7,0x84,    0},    {0x0A8,0x84,   14},    {0x0B2,0x0E,    0},    {0x0B3,0x11,    0},
    {0x0B4,0x12,    0},    {0x0A7,0x81,    0},    {0x0A8,0x81,   14},    {0x042,0x0A,    1},
    {0x048,0x0A,    0},    {0x049,0x0A,    0},    {0x051,0x1E,    0},    {0x0A7,0x7E,    0},
    {0x052,0x0F,    0},    {0x0A8,0x7E,   14},    {0x0A7,0x81,    0},    {0x0A8,0x81,   14},
    {0x0A7,0x84,    0},    {0x0A8,0x84,   14},    {0x0B0,0x05,    0},    {0x0B1,0x06,    0},
    {0x0A7,0x87,    0},    {0x0A8,0x87,   15},    {0x0B0,0x25,    0},    {0x0B1,0x2A,    0},
    {0x042,0x0B,    0},    {0x048,0x0B,    0},    {0x049,0x0B,    0},    {0x04A,0x1E,    0},
    {0x050,0x1E,    0},    {0x051,0x1F,    0},    {0x0A7,0x8A,    0},    {0x052,0x0E,    0},
    {0x0A8,0x8A,   14},    {0x0A7,0x8D,    0},    {0x0A8,0x8D,   14},    {0x0A7,0x90,    0},
    {0x0A8,0x90,   14},    {0x0A7,0x8D,    0},    {0x0A8,0x8D,   15},    {0x042,0x0C,    0},
    {0x048,0x0C,    0},    {0x049,0x0C,    0},    {0x051,0x20,    0},    {0x0A7,0x8A,    0},
    {0x052,0x0D,    0},    {0x0A8,0x8A,   14},    {0x0A7,0x87,    0},    {0x0A8,0x87,   14},
    {0x04A,0x1D,    0},    {0x050,0x1D,    0},    {0x0A7,0x84,    0},    {0x0A8,0x84,   14},
    {0x0B0,0x05,    0},    {0x0B1,0x0A,    1},    {0x0A7,0x81,    0},    {0x0A8,0x81,   14},
    {0x063,0xF7,    0},    {0x083,0x67,    0},    {0x023,0x23,    0},    {0x080,0x02,    0},
    {0x020,0x01,    0},    {0x0E0,0x02,    0},    {0x043,0x04,    0},    {0x0B0,0x25,    0},
    {0x024,0x05,    0},    {0x081,0x09,    0},    {0x021,0x04,    0},    {0x0E1,0x00,    0},
    {0x044,0x00,    0},    {0x041,0x00,    0},    {0x0C1,0x0F,    0},    {0x0A1,0x6D,    0},
    {0x0B1,0x25,    0},    {0x042,0x09,    0},    {0x0B2,0x2E,    0},    {0x048,0x09,    0},
    {0x0B3,0x31,    1},    {0x049,0x09,    0},    {0x0B4,0x32,    0},    {0x051,0x21,    0},
    {0x0A7,0x7E,    0},    {0x052,0x0C,    0},    {0x0A8,0x7E,   13},    {0x0A1,0x59,    0},
    {0x0A7,0x81,    0},    {0x0A8,0x81,   14},    {0x0A1,0x45,    0},    {0x0A7,0x84,    0},
    {0x0A8,0x84,   14},    {0x0A1,0x31,    1},    {0x0B2,0x0E,    0},    {0x0B3,0x11,    0},
    {0x0B4,0x12,    0},    {0x0A7,0x87,    0},    {0x0A8,0x87,   14},    {0x0A1,0x1D,    0},
    {0x042,0x0A,    0},    {0x048,0x0A,    0},    {0x049,0x0A,    0},    {0x04A,0x1C,    0},
    {0x050,0x1C,    0},    {0x051,0x22,    0},    {0x0A7,0x8A,    0},    {0x052,0x0D,    0},
    {0x0A8,0x8A,   14},    {0x0A1,0x09,    0},    {0x0A7,0x8D,    0},    {0x0A8,0x8D,   14},
    {0x0A1,0xF5,    0},    {0x0B1,0x24,    0},    {0x0A7,0x90,    0},    {0x0A8,0x90,   15},
    {0x0B0,0x05,    0},    {0x0A1,0xE1,    0},    {0x0B1,0x04,    0},    {0x0A7,0x8D,    0},
    {0x0A8,0x8D,   14},    {0x063,0xFF,    0},    {0x083,0x0A,    0},    {0x023,0x0A,    0},
    {0x080,0x00,    0},    {0x020,0x0F,    0},    {0x0E0,0x00,    0},    {0x043,0x00,    0},
    {0x0B0,0x25,    0},    {0x024,0x03,    0},    {0x081,0x04,    0},    {0x021,0x00,    0},
    {0x0E1,0x03,    0},    {0x044,0x02,    0},    {0x041,0x06,    0},    {0x0C1,0x02,    0},
    {0x0A1,0x81,    0},    {0x0B1,0x25,    0},    {0x042,0x09,    1},    {0x0B2,0x2E,    0},
    {0x048,0x09,    0},    {0x0B3,0x31,    0},    {0x049,0x09,    0},    {0x0B4,0x32,    0},
    {0x051,0x23,    0},    {0x0A7,0x8A,    0},    {0x052,0x0E,    0},    {0x0A8,0x8A,   13},
    {0x0A7,0x87,    0},    {0x0A8,0x87,   14},    {0x04A,0x1B,    0},    {0x050,0x1B,    0},
    {0x0A7,0x84,    1},    {0x0A8,0x84,   14},    {0x0B2,0x0E,    0},    {0x0B3,0x11,    0},
    {0x0B4,0x12,    0},    {0x0A7,0x81,    0},    {0x0A8,0x81,   14},    {0x042,0x0A,    0},
    {0x048,0x0A,    0},    {0x049,0x0A,    0},    {0x051,0x24,    0},    {0x0A7,0x7E,    0},
    {0x052,0x0F,    0},    {0x0A8,0x7E,   14},    {0x0A7,0x81,    0},    {0x0A8,0x81,   14},
    {0x0A7,0x84,    1},    {0x0A8,0x84,   14},    {0x0B0,0x05,    0},    {0x0B1,0x05,    0},
    {0x0B7,0x0A,    0},    {0x0B8,0x0A,   14},    {0x0B0,0x25,    0},    {0x0A1,0xCA,    0},
    {0x0B1,0x25,    0},    {0x042,0x0B,    0},    {0x048,0x0B,    0},    {0x049,0x0B,    0},
    {0x04A,0x1A,    0},    {0x050,0x1A,    0},    {0x051,0x0C,    0},    {0x0A7,0x81,    0},
    {0x0B7,0x2D,    1},    {0x052,0x12,    0},    {0x0A8,0x81,    0},    {0x0B8,0x2D,   56},
    {0x042,0x0C,    0},    {0x048,0x0C,    0},    {0x049,0x0C,    0},    {0x051,0x10,    0},
    {0x052,0x14,   29},    {0x04A,0x19,    0},    {0x050,0x19,   14},    {0x0B0,0x05,    0},
    {0x0B1,0x05,   14},    {0x0B0,0x25,    0},    {0x0A1,0x02,    0},    {0x0B1,0x26,    0},
    {0x042,0x09,    0},    {0x0B2,0x2E,    0},    {0x048,0x09,    0},    {0x0B3,0x31,    0},
    {0x049,0x09,    1},    {0x0B4,0x32,    0},    {0x051,0x13,    0},    {0x052,0x16,   42},
    {0x0B0,0x05,    0},    {0x0B2,0x0E,    0},    {0x0B3,0x11,    0},    {0x0B4,0x12,   14},
    {0x083,0xFF,    0},    {0x023,0x20,    0},    {0x080,0xFF,    0},    {0x020,0x20,    0},
    {0x043,0x3F,    0},    {0x040,0x3F,    0},    {0x0C0,0x00,    0},    {0x042,0x0A,    1},
    {0x048,0x0A,    0},    {0x049,0x0A,    0},    {0x04A,0x18,    0},    {0x050,0x18,    0},
    {0x051,0x18,    0},    {0x052,0x15,   42},    {0x0B1,0x06,   14},    {0x083,0x06,    0},
    {0x023,0x04,    0},    {0x060,0xCF,    0},    {0x080,0x09,    0},    {0x020,0x01,    0},
    {0x043,0x00,    0},    {0x040,0x00,    1},    {0x0C0,0x06,    0},    {0x0A0,0xC0,    0},
    {0x0B0,0x21,    0},    {0x0B1,0x26,    0},    {0x042,0x09,    0},    {0x0B2,0x2E,    0},
    {0x048,0x09,    0},    {0x0B3,0x31,    0},    {0x049,0x09,    0},    {0x0B4,0x32,    0},
    {0x051,0x19,    0},    {0x052,0x14,   14},    {0x0A0,0xB6,   14},    {0x0A0,0xAC,    0},
    {0x04A,0x17,    0},    {0x050,0x17,   14},    {0x0A0,0xA2,    0},    {0x0B2,0x0E,    0},
    {0x0B3,0x11,    0},    {0x0B4,0x12,   14},    {0x0A0,0x98,    0},    {0x042,0x0A,    0},
    {0x048,0x0A,    0},    {0x049,0x0A,    1},    {0x051,0x1A,    0},    {0x052,0x13,   14},
    {0x0A0,0x8E,   14},    {0x0A0,0x84,   14},    {0x0A0,0x7A,    0},    {0x0B0,0x01,    0},
    {0x0B1,0x06,   14},    {0x083,0x0A,    0},    {0x023,0x0A,    0},    {0x060,0xFF,    0},
    {0x080,0x00,    1},    {0x020,0x0F,    0},    {0x0C0,0x0E,    0},    {0x0A0,0x57,    0},
    {0x0B0,0x25,    0},    {0x0B1,0x26,    0},    {0x042,0x0B,    0},    {0x048,0x0B,    0},
    {0x049,0x0B,    0},    {0x04A,0x16,    0},    {0x050,0x16,    0},    {0x051,0x1B,    0},
    {0x052,0x12,   56},    {0x042,0x0C,    1},    {0x048,0x0C,    0},    {0x049,0x0C,    0},
    {0x051,0x1C,    0},    {0x052,0x11,   28},    {0x04A,0x15,    0},    {0x050,0x15,   14},
    {0x0B0,0x05,    0},    {0x0B1,0x06,   15},    {0x0B0,0x25,    0},    {0x0B1,0x26,    0},
    {0x042,0x09,    0},    {0x0B2,0x2E,    0},    {0x048,0x09,    0},    {0x0B3,0x31,    0},
    {0x049,0x09,    0},    {0x0B4,0x32,    0},    {0x051,0x1D,    0},    {0x052,0x10,   42},
    {0x0B2,0x0E,    0},    {0x0B3,0x11,    0},    {0x0B4,0x12,   15},    {0x042,0x0A,    0},
    {0x048,0x0A,    0},    {0x049,0x0A,    0},    {0x04A,0x14,    0},    {0x050,0x14,    0},
    {0x051,0x1E,    0},    {0x052,0x0F,   42},    {0x0B0,0x05,    0},    {0x0B1,0x06,   15},
    {0x0B0,0x25,    0},    {0x0B1,0x2A,    0},    {0x042,0x09,    0},    {0x0B2,0x2E,    0},
    {0x048,0x09,    0},    {0x0B3,0x31,    0},    {0x049,0x09,    0},    {0x0B4,0x32,    0},
    {0x051,0x1F,    0},    {0x052,0x0E,   28},    {0x04A,0x13,    0},    {0x050,0x13,   15},
    {0x0B2,0x0E,    0},    {0x0B3,0x11,    0},    {0x0B4,0x12,   14},    {0x042,0x0A,    0},
    {0x048,0x0A,    0},    {0x049,0x0A,    0},    {0x051,0x20,    0},    {0x052,0x0D,   43},
    {0x0B0,0x05,    0},    {0x0B1,0x0A,    0},    {0x0B7,0x0D,    0},    {0x0B8,0x0D,   14},
    {0x063,0xF7,    0},    {0x083,0x67,    0},    {0x023,0x23,    0},    {0x080,0x02,    0},
    {0x020,0x01,    0},    {0x0E0,0x02,    0},    {0x043,0x04,    0},    {0x0B0,0x25,    0},
    {0x024,0x05,    0},    {0x081,0x09,    0},    {0x021,0x04,    0},    {0x0E1,0x00,    0},
    {0x044,0x00,    0},    {0x041,0x00,    0},    {0x0C1,0x0F,    0},    {0x0A1,0x6D,    0},
    {0x0B1,0x25,    0},    {0x042,0x0B,    1},    {0x048,0x0B,    0},    {0x049,0x0B,    0},
    {0x04A,0x12,    0},    {0x050,0x12,    0},    {0x051,0x0C,    0},    {0x0A7,0x6B,    0},
    {0x0B7,0x2D,    0},    {0x052,0x12,    0},    {0x0A8,0x6B,    0},    {0x0B8,0x2D,   13},
    {0x0A1,0x59,   14},    {0x0A1,0x45,   15},    {0x0A1,0x31,   14},    {0x0A1,0x1D,    0},
    {0x042,0x0C,    0},    {0x048,0x0C,    0},    {0x049,0x0C,    0},    {0x051,0x10,    0},
    {0x052,0x14,   14},    {0x0A1,0x09,   14},    {0x0A1,0xF5,    0},    {0x0B1,0x24,    1},
    {0x04A,0x11,    0},    {0x050,0x11,   14},    {0x0B0,0x05,    0},    {0x0A1,0xE1,    0},
    {0x0B1,0x04,   14},    {0x063,0xFF,    0},    {0x083,0x0A,    0},    {0x023,0x0A,    0},
    {0x080,0x00,    0},    {0x020,0x0F,    0},    {0x0E0,0x00,    0},    {0x043,0x00,    0},
    {0x0B0,0x25,    0},    {0x024,0x03,    0},    {0x081,0x04,    0},    {0x021,0x00,    0},
    {0x0E1,0x03,    0},    {0x044,0x02,    0},    {0x041,0x06,    1},    {0x0C1,0x02,    0},
    {0x0A1,0xCA,    0},    {0x0B1,0x25,    0},    {0x042,0x09,    0},    {0x0B2,0x2E,    0},
    {0x048,0x09,    0},    {0x0B3,0x31,    0},    {0x049,0x09,    0},    {0x0B4,0x32,    0},
    {0x051,0x13,    0},    {0x052,0x16,   42},    {0x0B2,0x0E,    0},    {0x0B3,0x11,    0},
    {0x0B4,0x12,   14},    {0x042,0x0A,    0},    {0x048,0x0A,    0},    {0x049,0x0A,    0},
    {0x04A,0x10,    0},    {0x050,0x10,    0},    {0x051,0x18,    0},    {0x052,0x15,   43},
    {0x0B0,0x05,    0},    {0x0B1,0x05,    0},    {0x0B7,0x0D,    0},    {0x0B8,0x0D,   14},
    {0x0B0,0x25,    0},    {0x0B1,0x29,    0},    {0x042,0x09,    0},    {0x0B2,0x2E,    0},
    {0x048,0x09,    0},    {0x0B3,0x31,    0},    {0x049,0x09,    0},    {0x0B4,0x32,    1},
    {0x051,0x0C,    0},    {0x0A7,0xB0,    0},    {0x0B7,0x2D,    0},    {0x052,0x12,    0},
    {0x0A8,0xB0,    0},    {0x0B8,0x2D,   28},    {0x04A,0x0F,    0},    {0x050,0x0F,   14},
    {0x0B2,0x0E,    0},    {0x0B3,0x11,    0},    {0x0B4,0x12,   14},    {0x042,0x0A,    0},
    {0x048,0x0A,    0},    {0x049,0x0A,    0},    {0x051,0x10,    0},    {0x052,0x14,   43},
    {0x0B0,0x05,    0},    {0x0B1,0x09,   14},    {0x0B0,0x25,    0},    {0x0B1,0x25,    0},
    {0x042,0x0B,    0},    {0x048,0x0B,    0},    {0x049,0x0B,    1},    {0x04A,0x0E,    0},
    {0x050,0x0E,    0},    {0x051,0x13,    0},    {0x052,0x16,   42},    {0x0B0,0x05,   14},
    {0x083,0xFF,    0},    {0x023,0x20,    0},    {0x080,0xFF,    0},    {0x020,0x20,    0},
    {0x043,0x3F,    1},    {0x040,0x3F,    0},    {0x0C0,0x00,    0},    {0x042,0x0C,    0},
    {0x048,0x0C,    0},    {0x049,0x0C,    0},    {0x051,0x18,    0},    {0x052,0x15,   28},
    {0x04A,0x0D,    0},    {0x050,0x0D,   14},    {0x0B1,0x05,   14},    {0x083,0x06,    0},
    {0x023,0x04,    0},    {0x060,0xCF,    1},    {0x080,0x09,    0},    {0x020,0x01,    0},
    {0x043,0x00,    0},    {0x040,0x00,    0},    {0x0C0,0x06,    0},    {0x0A0,0xC0,    0},
    {0x0B0,0x21,    0},    {0x0A1,0x02,    0},    {0x0B1,0x26,    0},    {0x042,0x09,    0},
    {0x0B2,0x2E,    0},    {0x048,0x09,    0},    {0x0B3,0x31,    0},    {0x049,0x09,    0},
    {0x0B4,0x32,    0},    {0x051,0x19,    0},    {0x0A7,0xB3,    0},    {0x052,0x14,    0},
    {0x0A8,0xB3,   14},    {0x0A0,0xB6,    0},    {0x0A7,0xB6,    0},    {0x0A8,0xB6,   14},
    {0x0A0,0xAC,    0},    {0x0A7,0xB9,    0},    {0x0A8,0xB9,   14},    {0x0A0,0xA2,    0},
    {0x0B2,0x0E,    0},    {0x0B3,0x11,    0},    {0x0B4,0x12,    0},    {0x0A7,0xB6,    0},
    {0x0A8,0xB6,   14},    {0x0A0,0x98,    1},    {0x042,0x0A,    0},    {0x048,0x0A,    0},
    {0x049,0x0A,    0},    {0x04A,0x0C,    0},    {0x050,0x0C,    0},    {0x051,0x1A,    0},
    {0x0A7,0xB3,    0},    {0x052,0x13,    0},    {0x0A8,0xB3,   14},    {0x0A0,0x8E,    0},
    {0x0A7,0xB0,    0},    {0x0A8,0xB0,   14},    {0x0A0,0x84,    0},    {0x0A7,0xAD,    0},
    {0x0A8,0xAD,   14},    {0x0A0,0x7A,    0},    {0x0B0,0x01,    0},    {0x0B1,0x06,    1},
    {0x0A7,0xAA,    0},    {0x0A8,0xAA,   14},    {0x083,0x0A,    0},    {0x023,0x0A,    0},
    {0x060,0xFF,    0},    {0x080,0x00,    0},    {0x020,0x0F,    0},    {0x0C0,0x0E,    0},
    {0x0A0,0x57,    0},    {0x0B0,0x25,    0},    {0x0B1,0x26,    0},    {0x042,0x09,    0},
    {0x0B2,0x2E,    0},    {0x048,0x09,    0},    {0x0B3,0x31,    0},    {0x049,0x09,    0},
    {0x0B4,0x32,    0},    {0x051,0x1B,    0},    {0x0A7,0xA7,    0},    {0x052,0x12,    0},
    {0x0A8,0xA7,   14},    {0x0A7,0xAA,    0},    {0x0A8,0xAA,   14},    {0x04A,0x0B,    0},
    {0x050,0x0B,    0},    {0x0A7,0xAD,    0},    {0x0A8,0xAD,   14},    {0x0B2,0x0E,    0},
    {0x0B3,0x11,    0},    {0x0B4,0x12,    1},    {0x0A7,0xB0,    0},    {0x0A8,0xB0,   14},
    {0x042,0x0A,    0},    {0x048,0x0A,    0},    {0x049,0x0A,    0},    {0x051,0x1C,    0},
    {0x0A7,0xB3,    0},    {0x052,0x11,    0},    {0x0A8,0xB3,   14},    {0x0A7,0xB6,    0},
    {0x0A8,0xB6,   14},    {0x0A7,0xB9,    0},    {0x0A8,0xB9,   14},    {0x0B0,0x05,    0},
    {0x0B1,0x06,    1},    {0x0B7,0x0D,    0},    {0x0B8,0x0D,   14},    {0x0B0,0x25,    0},
    {0x0B1,0x26,    0},    {0x042,0x09,    0},    {0x0B2,0x2E,    0},    {0x048,0x09,    0},
    {0x0B3,0x31,    0},    {0x049,0x09,    0},    {0x0B4,0x32,    0},    {0x04A,0x0A,    0},
    {0x050,0x0A,    0},    {0x051,0x0C,    0},    {0x0A7,0x6B,    0},    {0x0B7,0x2D,    0},
    {0x052,0x12,    0},    {0x0A8,0x6B,    0},    {0x0B8,0x2D,   43},    {0x0B2,0x0E,    0},
    {0x0B3,0x11,    0},    {0x0B4,0x12,   14},    {0x042,0x0A,    0},    {0x048,0x0A,    0},
    {0x049,0x0A,    0},    {0x051,0x10,    0},    {0x052,0x14,   28},    {0x04A,0x09,    0},
    {0x050,0x09,   15},    {0x0B0,0x05,    0},    {0x0B1,0x06,   14},    {0x0B0,0x25,    0},
    {0x0B1,0x2A,    0},    {0x042,0x0B,    0},    {0x048,0x0B,    0},    {0x049,0x0B,    0},
    {0x051,0x13,    0},    {0x052,0x16,   57},    {0x042,0x0C,    0},    {0x048,0x0C,    0},
    {0x049,0x0C,    0},    {0x04A,0x08,    0},    {0x050,0x08,    0},    {0x051,0x18,    0},
    {0x052,0x15,   43},    {0x0B0,0x05,    0},    {0x0B1,0x0A,    0},    {0x0B7,0x0D,    0},
    {0x0B8,0x0D,   14},    {0x063,0xF7,    0},    {0x083,0x67,    0},    {0x023,0x23,    0},
    {0x080,0x02,    0},    {0x020,0x01,    0},    {0x0E0,0x02,    0},    {0x043,0x04,    0},
    {0x0B0,0x25,    0},    {0x024,0x05,    0},    {0x081,0x09,    0},    {0x021,0x04,    0},
    {0x0E1,0x00,    0},    {0x044,0x00,    0},    {0x041,0x00,    1},    {0x0C1,0x0F,    0},
    {0x0A1,0x6D,    0},    {0x0B1,0x25,    0},    {0x042,0x09,    0},    {0x0B2,0x2E,    0},
    {0x048,0x09,    0},    {0x0B3,0x31,    0},    {0x049,0x09,    0},    {0x0B4,0x32,    0},
    {0x051,0x0C,    0},    {0x0A7,0x81,    0},    {0x0B7,0x2D,    0},    {0x052,0x12,    0},
    {0x0A8,0x81,    0},    {0x0B8,0x2D,   13},    {0x0A1,0x59,   15},    {0x0A1,0x45,    0},
    {0x04A,0x07,    0},    {0x050,0x07,   14},    {0x0A1,0x31,    0},    {0x0B2,0x0E,    0},
    {0x0B3,0x11,    0},    {0x0B4,0x12,   14},    {0x0A1,0x1D,    0},    {0x042,0x0A,    0},
    {0x048,0x0A,    0},    {0x049,0x0A,    0},    {0x051,0x10,    0},    {0x052,0x14,   14},
    {0x0A1,0x09,   15},    {0x0A1,0xF5,    0},    {0x0B1,0x24,   14},    {0x0B0,0x05,    0},
    {0x0A1,0xE1,    0},    {0x0B1,0x04,   14},    {0x063,0xFF,    0},    {0x083,0x0A,    0},
    {0x023,0x0A,    0},    {0x080,0x00,    0},    {0x020,0x0F,    0},    {0x0E0,0x00,    0},
    {0x043,0x00,    0},    {0x0B0,0x25,    0},    {0x024,0x03,    0},    {0x081,0x04,    1},
    {0x021,0x00,    0},    {0x0E1,0x03,    0},    {0x044,0x02,    0},    {0x041,0x06,    0},
    {0x0C1,0x02,    0},    {0x0A1,0x81,    0},    {0x0B1,0x25,    0},    {0x042,0x09,    0},
    {0x0B2,0x2E,    0},    {0x048,0x09,    0},    {0x0B3,0x31,    0},    {0x049,0x09,    0},
    {0x0B4,0x32,    0},    {0x04A,0x08,    0},    {0x050,0x08,    0},    {0x051,0x13,    0},
    {0x052,0x16,   42},    {0x0B2,0x0E,    0},    {0x0B3,0x11,    0},    {0x0B4,0x12,   14},
    {0x042,0x0A,    0},    {0x048,0x0A,    0},    {0x049,0x0A,    0},    {0x051,0x18,    0},
    {0x052,0x15,   29},    {0x04A,0x09,    0},    {0x050,0x09,   14},    {0x0B0,0x05,    0},
    {0x0B1,0x05,   14},    {0x0B0,0x25,    0},    {0x0A1,0xCA,    0},    {0x0B1,0x25,    0},
    {0x042,0x0B,    0},    {0x048,0x0B,    1},    {0x049,0x0B,    0},    {0x051,0x19,    0},
    {0x052,0x14,   56},    {0x042,0x0C,    0},    {0x048,0x0C,    0},    {0x049,0x0C,    1},
    {0x04A,0x0A,    0},    {0x050,0x0A,    0},    {0x051,0x1A,    0},    {0x052,0x13,   42},
    {0x0B0,0x05,    0},    {0x0B1,0x05,   14},    {0x0B0,0x25,    0},    {0x0A1,0x02,    1},
    {0x0B1,0x26,    0},    {0x042,0x09,    0},    {0x0B2,0x2E,    0},    {0x048,0x09,    0},
    {0x0B3,0x31,    0},    {0x049,0x09,    0},    {0x0B4,0x32,    0},    {0x051,0x1B,    0},
    {0x052,0x12,   28},    {0x04A,0x0B,    0},    {0x050,0x0B,   14},    {0x0B0,0x05,    0},
    {0x0B2,0x0E,    0},    {0x0B3,0x11,    0},    {0x0B4,0x12,   14},    {0x083,0xFF,    1},
    {0x023,0x20,    0},    {0x080,0xFF,    0},    {0x020,0x20,    0},    {0x043,0x3F,    0},
    {0x040,0x3F,    0},    {0x0C0,0x00,    0},    {0x042,0x0A,    0},    {0x048,0x0A,    0},
    {0x049,0x0A,    0},    {0x051,0x1C,    0},    {0x052,0x11,   42},    {0x0B1,0x06,    1},
    {0x0B7,0x0D,    0},    {0x0B8,0x0D,   14},    {0x083,0x06,    0},    {0x023,0x04,    0},
    {0x060,0xCF,    0},    {0x080,0x09,    0},    {0x020,0x01,    0},    {0x043,0x00,    0},
    {0x040,0x00,    0},    {0x0C0,0x06,    0},    {0x0A0,0xC0,    0},    {0x0B0,0x21,    0},
    {0x0A1,0xB0,    0},    {0x0B1,0x25,    0},    {0x042,0x09,    0},    {0x0B2,0x2E,    0},
    {0x048,0x09,    0},    {0x0A3,0xB0,    0},    {0x0B3,0x31,    0},    {0x049,0x09,    0},
    {0x0B4,0x32,    0},    {0x04A,0x0C,    0},    {0x0A5,0xB0,    0},    {0x050,0x0C,    1},
    {0x051,0x0C,    0},    {0x0A7,0xB0,    0},    {0x0B7,0x2D,    0},    {0x052,0x12,    0},
    {0x0A8,0xB0,    0},    {0x0B8,0x2D,   13},    {0x0A0,0xB6,   14},    {0x0A0,0xAC,   14},
    {0x0A0,0xA2,    0},    {0x0B2,0x0E,    0},    {0x0B3,0x11,    1},    {0x0B4,0x12,   14},
    {0x0A0,0x98,    0},    {0x042,0x0A,    0},    {0x048,0x0A,    0},    {0x049,0x0A,    0},
    {0x051,0x10,    0},    {0x052,0x14,   14},    {0x0A0,0x8E,   14},    {0x0A0,0x84,    0},
    {0x04A,0x0D,    0},    {0x050,0x0D,   14},    {0x0A0,0x7A,    0},    {0x0B0,0x01,    1},
    {0x0B1,0x05,   14},    {0x083,0x0A,    0},    {0x023,0x0A,    0},    {0x060,0xFF,    0},
    {0x080,0x00,    0},    {0x020,0x0F,    0},    {0x0C0,0x0E,    0},    {0x0A0,0x57,    0},
    {0x0B0,0x25,    0},    {0x0B1,0x25,    0},    {0x042,0x0B,    0},    {0x048,0x0B,    0},
    {0x049,0x0B,    0},    {0x051,0x13,    0},    {0x052,0x16,   57},    {0x042,0x0C,    0},
    {0x048,0x0C,    0},    {0x049,0x0C,    0},    {0x04A,0x0E,    0},    {0x050,0x0E,    0},
    {0x051,0x18,    0},    {0x052,0x15,   43},    {0x0B0,0x05,    0},    {0x0B1,0x05,   14},
    {0x0B0,0x25,    0},    {0x0B1,0x25,    0},    {0x042,0x09,    0},    {0x0B2,0x2E,    0},
    {0x048,0x09,    0},    {0x0B3,0x31,    0},    {0x049,0x09,    0},    {0x0B4,0x32,    0},
    {0x051,0x19,    0},    {0x052,0x14,   28},    {0x04A,0x0F,    0},    {0x050,0x0F,   15},
    {0x0B2,0x0E,    0},    {0x0B3,0x11,    0},    {0x0B4,0x12,   14},    {0x042,0x0A,    0},
    {0x048,0x0A,    0},    {0x049,0x0A,    0},    {0x051,0x1A,    0},    {0x052,0x13,   43},
    {0x0B0,0x05,    0},    {0x0B1,0x05,   14},    {0x0B0,0x25,    0},    {0x0B1,0x29,    0},
    {0x042,0x09,    0},    {0x0B2,0x2E,    0},    {0x048,0x09,    0},    {0x0B3,0x31,    0},
    {0x049,0x09,    0},    {0x0B4,0x32,    0},    {0x04A,0x10,    0},    {0x050,0x10,    1},
    {0x051,0x1B,    0},    {0x0A7,0xAC,    0},    {0x052,0x12,    0},    {0x0A8,0xAC,   13},
    {0x0A7,0xA8,    0},    {0x0A8,0xA8,   15},    {0x0A7,0xA4,    0},    {0x0A8,0xA4,   14},
    {0x0B2,0x0E,    0},    {0x0B3,0x11,    0},    {0x0B4,0x12,    0},    {0x0A7,0xA0,    0},
    {0x0A8,0xA0,   14},    {0x042,0x0A,    0},    {0x048,0x0A,    0},    {0x049,0x0A,    0},
    {0x051,0x1C,    0},    {0x0A7,0x9C,    0},    {0x052,0x11,    0},    {0x0A8,0x9C,   14},
    {0x0A7,0x98,    0},    {0x0A8,0x98,   15},    {0x04A,0x11,    0},    {0x050,0x11,    0},
    {0x0A7,0x94,    0},    {0x0A8,0x94,   14},    {0x0B0,0x05,    0},    {0x0B1,0x09,    0},
    {0x0A7,0x90,    0},    {0x0B7,0x0D,    0},    {0x0A8,0x90,    0},    {0x0B8,0x0D,   14},
    {0x063,0xF7,    0},    {0x083,0x67,    0},    {0x023,0x23,    0},    {0x080,0x02,    0},
    {0x020,0x01,    0},    {0x0E0,0x02,    0},    {0x043,0x04,    0},    {0x0B0,0x25,    0},
    {0x024,0x05,    0},    {0x081,0x09,    1},    {0x021,0x04,    0},    {0x0E1,0x00,    0},
    {0x044,0x00,    0},    {0x041,0x00,    0},    {0x0C1,0x0F,    0},    {0x0A1,0x6D,    0},
    {0x0B1,0x25,    0},    {0x042,0x0B,    0},    {0x048,0x0B,    0},    {0x049,0x0B,    0},
    {0x051,0x0C,    0},    {0x0A7,0x81,    0},    {0x0B7,0x2D,    0},    {0x052,0x12,    0},
    {0x0A8,0x81,    0},    {0x0B8,0x2D,   13},    {0x0A1,0x59,   15},    {0x0A1,0x45,   14},
    {0x0A1,0x31,   14},    {0x0A1,0x1D,    0},    {0x042,0x0C,    0},    {0x048,0x0C,    0},
    {0x049,0x0C,    0},    {0x04A,0x12,    0},    {0x050,0x12,    1},    {0x051,0x10,    0},
    {0x052,0x14,   13},    {0x0A1,0x09,   15},    {0x0A1,0xF5,    0},    {0x0B1,0x24,   14},
    {0x0B0,0x05,    0},    {0x0A1,0xE1,    0},    {0x0B1,0x04,   14},    {0x063,0xFF,    0},
    {0x083,0x0A,    0},    {0x023,0x0A,    0},    {0x080,0x00,    0},    {0x020,0x0F,    0},
    {0x0E0,0x00,    0},    {0x043,0x00,    1},    {0x0B0,0x25,    0},    {0x024,0x03,    0},
    {0x081,0x04,    0},    {0x021,0x00,    0},    {0x0E1,0x03,    0},    {0x044,0x02,    0},
    {0x041,0x06,    0},    {0x0C1,0x02,    0},    {0x0A1,0x81,    0},    {0x0B1,0x25,    0},
    {0x042,0x09,    0},    {0x0B2,0x2E,    0},    {0x048,0x09,    0},    {0x0B3,0x31,    0},
    {0x049,0x09,    0},    {0x0B4,0x32,    0},    {0x051,0x13,    0},    {0x052,0x16,   28},
    {0x04A,0x13,    0},    {0x050,0x13,   14},    {0x0B2,0x0E,    0},    {0x0B3,0x11,    0},
    {0x0B4,0x12,   14},    {0x042,0x0A,    0},    {0x048,0x0A,    0},    {0x049,0x0A,    1},
    {0x051,0x18,    0},    {0x052,0x15,   42},    {0x0B0,0x05,    0},    {0x0B1,0x05,   14},
    {0x0B0,0x25,    0},    {0x0B1,0x29,    1},    {0x042,0x09,    0},    {0x0B2,0x2E,    0},
    {0x048,0x09,    0},    {0x0B3,0x31,    0},    {0x049,0x09,    0},    {0x0B4,0x32,    0},
    {0x04A,0x14,    0},    {0x050,0x14,    0},    {0x051,0x19,    0},    {0x052,0x14,   42},
    {0x0B2,0x0E,    0},    {0x0B3,0x11,    0},    {0x0B4,0x12,   15},    {0x042,0x0A,    0},
    {0x048,0x0A,    0},    {0x049,0x0A,    0},    {0x051,0x1A,    0},    {0x052,0x13,   28},
    {0x04A,0x15,    0},    {0x050,0x15,   14},    {0x0B0,0x05,    0},    {0x0B1,0x09,   15},
    {0x0B0,0x25,    0},    {0x0B1,0x25,    0},    {0x042,0x0B,    0},    {0x048,0x0B,    0},
    {0x049,0x0B,    0},    {0x051,0x1B,    0},    {0x052,0x12,   42},    {0x0B0,0x05,   15},
    {0x083,0xFF,    0},    {0x023,0x20,    0},    {0x080,0xFF,    0},    {0x020,0x20,    0},
    {0x043,0x3F,    0},    {0x040,0x3F,    0},    {0x0C0,0x00,    0},    {0x042,0x0C,    0},
    {0x048,0x0C,    0},    {0x049,0x0C,    0},    {0x04A,0x16,    0},    {0x050,0x16,    0},
    {0x051,0x1C,    0},    {0x052,0x11,   42},    {0x0B1,0x05,    1},    {0x0B7,0x0D,    0},
    {0x0B8,0x0D,   14},    {0x083,0x06,    0},    {0x023,0x04,    0},    {0x060,0xCF,    0},
    {0x080,0x09,    0},    {0x020,0x01,    0},    {0x043,0x00,    0},    {0x040,0x00,    0},
    {0x0C0,0x06,    0},    {0x0A0,0xC0,    0},    {0x0B0,0x21,    0},    {0x0A1,0xB0,    0},
    {0x0B1,0x25,    0},    {0x042,0x09,    0},    {0x0B2,0x2E,    0},    {0x048,0x09,    0},
    {0x0B3,0x31,    0},    {0x049,0x09,    0},    {0x0B4,0x32,    1},    {0x051,0x0C,    0},
    {0x0A7,0x6B,    0},    {0x0B7,0x2D,    0},    {0x052,0x12,    0},    {0x0A8,0x6B,    0},
    {0x0B8,0x2D,   13},    {0x0A0,0xB6,   14},    {0x0A0,0xAC,    0},    {0x04A,0x17,    0},
    {0x050,0x17,   15},    {0x0A0,0xA2,    0},    {0x0B2,0x0E,    0},    {0x0B3,0x11,    0},
    {0x0B4,0x12,   14},    {0x0A0,0x98,    0},    {0x042,0x0A,    0},    {0x048,0x0A,    0},
    {0x049,0x0A,    0},    {0x051,0x10,    0},    {0x052,0x14,   14},    {0x0A0,0x8E,   14},
    {0x0A0,0x84,   15},    {0x0A0,0x7A,    0},    {0x0B0,0x01,    0},    {0x0B1,0x05,   14},
    {0x083,0x0A,    0},    {0x023,0x0A,    0},    {0x060,0xFF,    0},    {0x080,0x00,    0},
    {0x020,0x0F,    0},    {0x0C0,0x0E,    0},    {0x0A0,0x57,    0},    {0x0B0,0x25,    0},
    {0x0B1,0x25,    0},    {0x042,0x09,    0},    {0x0B2,0x2E,    0},    {0x048,0x09,    0},
    {0x0B3,0x31,    0},    {0x049,0x09,    0},    {0x0B4,0x32,    1},    {0x04A,0x18,    0},
    {0x050,0x18,    0},    {0x051,0x13,    0},    {0x052,0x16,   42},    {0x0B2,0x0E,    0},
    {0x0B3,0x11,    0},    {0x0B4,0x12,   14},    {0x042,0x0A,    0},    {0x048,0x0A,    0},
    {0x049,0x0A,    0},    {0x051,0x18,    0},    {0x052,0x15,   29},    {0x04A,0x19,    0},
    {0x050,0x19,   14},    {0x0B0,0x05,    0},    {0x0B1,0x05,    0},    {0x0B7,0x0D,    0},
    {0x0B8,0x0D,   14},    {0x0B0,0x25,    0},    {0x0B1,0x25,    0},    {0x042,0x09,    0},
    {0x0B2,0x2E,    0},    {0x048,0x09,    0},    {0x0B3,0x31,    0},    {0x049,0x09,    0},
    {0x0B4,0x32,    0},    {0x051,0x0C,    1},    {0x0A7,0x81,    0},    {0x0B7,0x2D,    0},
    {0x052,0x12,    0},    {0x0A8,0x81,    0},    {0x0B8,0x2D,   42},    {0x0B2,0x0E,    0},
    {0x0B3,0x11,    0},    {0x0B4,0x12,   14},    {0x042,0x0A,    0},    {0x048,0x0A,    0},
    {0x049,0x0A,    0},    {0x04A,0x1A,    0},    {0x050,0x1A,    0},    {0x051,0x10,    0},
    {0x052,0x14,   43},    {0x0B0,0x05,    0},    {0x0B1,0x05,   14},    {0x0B0,0x25,    0},
    {0x0B1,0x29,    0},    {0x042,0x0B,    0},    {0x048,0x0B,    0},    {0x049,0x0B,    0},
    {0x051,0x13,    0},    {0x052,0x16,   29},    {0x04A,0x1B,    0},    {0x050,0x1B,   28},
    {0x042,0x0C,    0},    {0x048,0x0C,    0},    {0x049,0x0C,    0},    {0x051,0x18,    0},
    {0x052,0x15,   43},    {0x0B0,0x05,    0},    {0x0B1,0x09,    0},    {0x0B7,0x0D,    0},
    {0x0B8,0x0D,   14},    {0x063,0xF7,    0},    {0x083,0x67,    0},    {0x023,0x23,    0},
    {0x080,0x02,    0},    {0x020,0x01,    0},    {0x0E0,0x02,    1},    {0x043,0x04,    0},
    {0x0B0,0x25,    0},    {0x024,0x05,    0},    {0x081,0x09,    0},    {0x021,0x04,    0},
    {0x0E1,0x00,    0},    {0x044,0x00,    0},    {0x041,0x00,    0},    {0x0C1,0x0F,    0},
    {0x0A1,0x6D,    0},    {0x0B1,0x25,    0},    {0x042,0x09,    0},    {0x0B2,0x2E,    0},
    {0x048,0x09,    0},    {0x0B3,0x31,    0},    {0x049,0x09,    0},    {0x0B4,0x32,    0},
    {0x04A,0x1C,    0},    {0x050,0x1C,    0},    {0x051,0x0C,    0},    {0x0A7,0x6B,    0},
    {0x0B7,0x2D,    1},    {0x052,0x12,    0},    {0x0A8,0x6B,    0},    {0x0B8,0x2D,   13},
    {0x0A1,0x59,   14},    {0x0A1,0x45,   14},    {0x0A1,0x31,    0},    {0x0B2,0x0E,    0},
    {0x0B3,0x11,    0},    {0x0B4,0x12,   14},    {0x0A1,0x1D,    0},    {0x042,0x0A,    0},
    {0x048,0x0A,    1},    {0x049,0x0A,    0},    {0x051,0x10,    0},    {0x052,0x14,   14},
    {0x0A1,0x09,   14},    {0x0A1,0xF5,    0},    {0x0B1,0x24,    0},    {0x04A,0x1D,    0},
    {0x050,0x1D,   14},    {0x0B0,0x05,    0},    {0x0A1,0xE1,    0},    {0x0B1,0x04,   14},
    {0x063,0xFF,    0},    {0x083,0x0A,    0},    {0x023,0x0A,    1},    {0x080,0x00,    0},
    {0x020,0x0F,    0},    {0x0E0,0x00,    0},    {0x043,0x00,    0},    {0x0B0,0x25,    0},
    {0x024,0x03,    0},    {0x081,0x04,    0},    {0x021,0x00,    0},    {0x0E1,0x03,    0},
    {0x044,0x02,    0},    {0x041,0x06,    0},    {0x0C1,0x02,    0},    {0x0A1,0x87,    0},
    {0x0B1,0x22,    0},    {0x042,0x09,    0},    {0x0B2,0x2E,    0},    {0x048,0x09,    0},
    {0x0B3,0x31,    0},    {0x049,0x09,    0},    {0x0B4,0x32,    0},    {0x051,0x13,    0},
    {0x052,0x16,   42},    {0x0B2,0x0E,    0},    {0x0B3,0x11,    0},    {0x0B4,0x12,   15},
    {0x042,0x0A,    0},    {0x048,0x0A,    0},    {0x049,0x0A,    0},    {0x04A,0x1E,    0},
    {0x050,0x1E,    0},    {0x051,0x18,    0},    {0x052,0x15,   42},    {0x0B0,0x05,    0},
    {0x0B1,0x02,    0},    {0x0B7,0x0D,    1},    {0x0B8,0x0D,   14},    {0x0B0,0x25,    0},
    {0x0A1,0x81,    0},    {0x0B1,0x25,    0},    {0x042,0x0B,    0},    {0x048,0x0B,    0},
    {0x049,0x0B,    0},    {0x051,0x0C,    0},    {0x0A7,0x87,    0},    {0x0B7,0x2A,    0},
    {0x052,0x12,    0},    {0x0A8,0x87,    0},    {0x0B8,0x2A,   28},    {0x04A,0x1F,    0},
    {0x050,0x1F,   29},    {0x042,0x0C,    0},    {0x048,0x0C,    0},    {0x049,0x0C,    0},
    {0x051,0x10,    0},    {0x052,0x14,   42},    {0x0B0,0x05,    1},    {0x0B1,0x05,   14},
    {0x0B0,0x25,    0},    {0x0A1,0xB0,    0},    {0x0B1,0x25,    0},    {0x042,0x09,    0},
    {0x0B2,0x2E,    0},    {0x048,0x09,    0},    {0x0B3,0x31,    0},    {0x049,0x09,    0},
    {0x0B4,0x32,    0},    {0x04A,0x20,    0},    {0x050,0x20,    0},    {0x051,0x13,    0},
    {0x052,0x16,   43},    {0x0B0,0x05,    0},    {0x0B2,0x0E,    0},    {0x0B3,0x11,    0},
    {0x0B4,0x12,   14},    {0x083,0xFF,    0},    {0x023,0x20,    0},    {0x080,0xFF,    0},
    {0x020,0x20,    0},    {0x043,0x3F,    0},    {0x040,0x3F,    0},    {0x0C0,0x00,    0},
    {0x042,0x0A,    0},    {0x048,0x0A,    0},    {0x049,0x0A,    0},    {0x051,0x18,    0},
    {0x052,0x15,   28},    {0x04A,0x21,    0},    {0x050,0x21,   15},    {0x0B1,0x05,   14},
    {0x083,0x06,    0},    {0x023,0x04,    0},    {0x060,0xCF,    0},    {0x080,0x09,    0},
    {0x020,0x01,    0},    {0x043,0x00,    0},    {0x040,0x00,    0},    {0x0C0,0x06,    0},
    {0x0A0,0xC0,    0},    {0x0B0,0x21,    0},    {0x0B1,0x25,    0},    {0x042,0x09,    0},
    {0x0B2,0x2E,    0},    {0x048,0x09,    0},    {0x0B3,0x31,    1},    {0x049,0x09,    0},
    {0x0B4,0x32,    0},    {0x051,0x19,    0},    {0x0A7,0x8A,    0},    {0x052,0x14,    0},
    {0x0A8,0x8A,   13},    {0x0A0,0xB6,    0},    {0x0A7,0x8D,    0},    {0x0A8,0x8D,   14},
    {0x0A0,0xAC,    1},    {0x0A7,0x90,    0},    {0x0A8,0x90,   14},    {0x0A0,0xA2,    0},
    {0x0B2,0x0E,    0},    {0x0B3,0x11,    0},    {0x0B4,0x12,    0},    {0x0A7,0x8D,    0},
    {0x0A8,0x8D,   14},    {0x0A0,0x98,    0},    {0x042,0x0A,    0},    {0x048,0x0A,    0},
    {0x049,0x0A,    0},    {0x04A,0x22,    0},    {0x050,0x22,    0},    {0x051,0x1A,    0},
    {0x0A7,0x8A,    0},    {0x052,0x13,    0},    {0x0A8,0x8A,   14},    {0x0A0,0x8E,    0},
    {0x0A7,0x87,    0},    {0x0A8,0x87,   14},    {0x0A0,0x84,    1},    {0x0A7,0x84,    0},
    {0x0A8,0x84,   14},    {0x0A0,0x7A,    0},    {0x0B0,0x01,    0},    {0x0B1,0x05,    0},
    {0x0A7,0x81,    0},    {0x0A8,0x81,   14},    {0x083,0x0A,    0},    {0x023,0x0A,    0},
    {0x060,0xFF,    0},    {0x080,0x00,    0},    {0x020,0x0F,    0},    {0x0C0,0x0E,    0},
    {0x0A0,0x57,    0},    {0x0B0,0x25,    0},    {0x0B1,0x25,    0},    {0x042,0x0B,    0},
    {0x048,0x0B,    0},    {0x049,0x0B,    1},    {0x051,0x1B,    0},    {0x0A7,0x7E,    0},
    {0x052,0x12,    0},    {0x0A8,0x7E,   13},    {0x0A7,0x81,    0},    {0x0A8,0x81,   15},
    {0x04A,0x23,    0},    {0x050,0x23,    0},    {0x0A7,0x84,    0},    {0x0A8,0x84,   14},
    {0x0A7,0x87,    0},    {0x0A8,0x87,   14},    {0x042,0x0C,    0},    {0x048,0x0C,    0},
    {0x049,0x0C,    0},    {0x051,0x1C,    0},    {0x0A7,0x8A,    0},    {0x052,0x11,    0},
    {0x0A8,0x8A,   14},    {0x0A7,0x8D,    0},    {0x0A8,0x8D,   15},    {0x0A7,0x90,    0},
    {0x0A8,0x90,   14},    {0x0B0,0x05,    0},    {0x0B1,0x05,    0},    {0x0A7,0x8D,    0},
    {0x0A8,0x8D,   14},    {0x0B0,0x25,    0},    {0x0B1,0x25,    0},    {0x042,0x09,    0},
    {0x0B2,0x2E,    0},    {0x048,0x09,    0},    {0x0B3,0x31,    0},    {0x049,0x09,    1},
    {0x0B4,0x32,    0},    {0x04A,0x24,    0},    {0x050,0x24,    0},    {0x051,0x1D,    0},
    {0x0A7,0x8A,    0},    {0x052,0x10,    0},    {0x0A8,0x8A,   14},    {0x0A7,0x87,    0},
    {0x0A8,0x87,   14},    {0x0A7,0x84,    0},    {0x0A8,0x84,   14},    {0x0B2,0x0E,    0},
    {0x0B3,0x11,    0},    {0x0B4,0x12,    0},    {0x0A7,0x81,    0},    {0x0A8,0x81,   14},
    {0x042,0x0A,    0},    {0x048,0x0A,    0},    {0x049,0x0A,    0},    {0x051,0x1E,    0},
    {0x0A7,0x7E,    1},    {0x052,0x0F,    0},    {0x0A8,0x7E,   14},    {0x0A7,0x81,    0},
    {0x0A8,0x81,   14},    {0x04A,0x25,    0},    {0x050,0x25,    0},    {0x0A7,0x84,    0},
    {0x0A8,0x84,   14},    {0x0B0,0x05,    0},    {0x0B1,0x05,    0},    {0x0A7,0x87,    0},
    {0x0A8,0x87,   14},    {0x0B0,0x25,    0},    {0x0B1,0x29,    0},    {0x042,0x09,    0},
    {0x0B2,0x2E,    1},    {0x048,0x09,    0},    {0x0B3,0x31,    0},    {0x049,0x09,    0},
    {0x0B4,0x32,    0},    {0x051,0x1F,    0},    {0x0A7,0x8A,    0},    {0x052,0x0E,    0},
    {0x0A8,0x8A,   14},    {0x0A7,0x8D,    0},    {0x0A8,0x8D,   14},    {0x0A7,0x90,    0},
    {0x0A8,0x90,   14},    {0x0B2,0x0E,    0},    {0x0B3,0x11,    0},    {0x0B4,0x12,    0},
    {0x0A7,0x8D,    0},    {0x0A8,0x8D,   14},    {0x042,0x0A,    0},    {0x048,0x0A,    0},
    {0x049,0x0A,    1},    {0x04A,0x26,    0},    {0x050,0x26,    0},    {0x051,0x20,    0},
    {0x0A7,0x8A,    0},    {0x052,0x0D,    0},    {0x0A8,0x8A,   14},    {0x0A7,0x87,    0},
    {0x0A8,0x87,   14},    {0x0A7,0x84,    0},    {0x0A8,0x84,   14},    {0x0B0,0x05,    0},
    {0x0B1,0x09,    0},    {0x0A7,0x81,    0},    {0x0A8,0x81,   14},    {0x063,0xF7,    0},
    {0x083,0x67,    1},    {0x023,0x23,    0},    {0x080,0x02,    0},    {0x020,0x01,    0},
    {0x0E0,0x02,    0},    {0x043,0x04,    0},    {0x0B0,0x25,    0},    {0x024,0x05,    0},
    {0x081,0x09,    0},    {0x021,0x04,    0},    {0x0E1,0x00,    0},    {0x044,0x00,    0},
    {0x041,0x00,    0},    {0x0C1,0x0F,    0},    {0x0A1,0x6D,    0},    {0x0B1,0x25,    0},
    {0x042,0x0B,    0},    {0x048,0x0B,    0},    {0x049,0x0B,    0},    {0x051,0x21,    0},
    {0x0A7,0x7E,    0},    {0x052,0x0C,    0},    {0x0A8,0x7E,   14},    {0x0A1,0x59,    0},
    {0x0A7,0x81,    0},    {0x0A8,0x81,   14},    {0x0A1,0x45,    0},    {0x04A,0x27,    0},
    {0x050,0x27,    0},    {0x0A7,0x84,    0},    {0x0A8,0x84,   14},    {0x0A1,0x31,    0},
    {0x0A7,0x87,    0},    {0x0A8,0x87,   15},    {0x0A1,0x1D,    0},    {0x042,0x0C,    0},
    {0x048,0x0C,    0},    {0x049,0x0C,    0},    {0x051,0x22,    0},    {0x0A7,0x8A,    0},
    {0x052,0x0D,    0},    {0x0A8,0x8A,   14},    {0x0A1,0x09,    0},    {0x0A7,0x8D,    0},
    {0x0A8,0x8D,   14},    {0x0A1,0xF5,    0},    {0x0B1,0x24,    0},    {0x0A7,0x90,    0},
    {0x0A8,0x90,   14},    {0x0B0,0x05,    0},    {0x0A1,0xE1,    0},    {0x0B1,0x04,    1},
    {0x0A7,0x8D,    0},    {0x0A8,0x8D,   14},    {0x063,0xFF,    0},    {0x083,0x0A,    0},
    {0x023,0x0A,    0},    {0x080,0x00,    0},    {0x020,0x0F,    0},    {0x0E0,0x00,    0},
    {0x043,0x00,    0},    {0x0B0,0x25,    0},    {0x024,0x03,    0},    {0x081,0x04,    0},
    {0x021,0x00,    0},    {0x0E1,0x03,    0},    {0x044,0x02,    0},    {0x041,0x06,    0},
    {0x0C1,0x02,    0},    {0x0A1,0x81,    0},    {0x0B1,0x25,    0},    {0x042,0x09,    0},
    {0x0B2,0x2E,    0},    {0x048,0x09,    0},    {0x0B3,0x31,    0},    {0x049,0x09,    1},
    {0x0B4,0x32,    0},    {0x04A,0x28,    0},    {0x050,0x28,    0},    {0x051,0x23,    0},
    {0x0A7,0x8A,    0},    {0x052,0x0E,    0},    {0x0A8,0x8A,   13},    {0x0A7,0x87,    0},
    {0x0A8,0x87,   14},    {0x0A7,0x84,    0},    {0x0A8,0x84,   14},    {0x0B2,0x0E,    0},
    {0x0B3,0x11,    1},    {0x0B4,0x12,    0},    {0x0A7,0x81,    0},    {0x0A8,0x81,   14},
    {0x042,0x0A,    0},    {0x048,0x0A,    0},    {0x049,0x0A,    0},    {0x051,0x24,    0},
    {0x0A7,0x7E,    0},    {0x052,0x0F,    0},    {0x0A8,0x7E,   14},    {0x0A7,0x81,    0},
    {0x0A8,0x81,   14},    {0x04A,0x29,    0},    {0x050,0x29,    0},    {0x0A7,0x84,    0},
    {0x0A8,0x84,   14},    {0x0B0,0x05,    1},    {0x0B1,0x05,    0},    {0x0A7,0x87,    0},
    {0x0A8,0x87,   14},    {0x0B0,0x25,    0},    {0x0B1,0x29,    0},    {0x042,0x09,    0},
    {0x0B2,0x2E,    0},    {0x048,0x09,    0},    {0x0B3,0x31,    0},    {0x049,0x09,    0},
    {0x0B4,0x32,    0},    {0x051,0x25,    0},    {0x0A7,0x8A,    0},    {0x052,0x10,    0},
    {0x0A8,0x8A,   14},    {0x0A7,0x8D,    0},    {0x0A8,0x8D,   14},    {0x0A7,0x90,    0},
    {0x0A8,0x90,   15},    {0x0B2,0x0E,    0},    {0x0B3,0x11,    0},    {0x0B4,0x12,    0},
    {0x0A7,0x8D,    0},    {0x0A8,0x8D,   14},    {0x042,0x0A,    0},    {0x048,0x0A,    0},
    {0x049,0x0A,    0},    {0x04A,0x2A,    0},    {0x050,0x2A,    0},    {0x051,0x26,    0},
    {0x0A7,0x8A,    0},    {0x052,0x11,    0},    {0x0A8,0x8A,   14},    {0x0A7,0x87,    0},
    {0x0A8,0x87,   14},    {0x0A7,0x84,    0},    {0x0A8,0x84,   15},    {0x0B0,0x05,    0},
    {0x0B1,0x09,    0},    {0x0A7,0x81,    0},    {0x0A8,0x81,   14},    {0x0B0,0x25,    0},
    {0x0B1,0x25,    0},    {0x042,0x0B,    0},    {0x048,0x0B,    0},    {0x049,0x0B,    0},
    {0x051,0x27,    0},    {0x0A7,0x7E,    0},    {0x052,0x12,    0},    {0x0A8,0x7E,   14},
    {0x0A7,0x81,    0},    {0x0A8,0x81,   14},    {0x04A,0x2B,    1},    {0x050,0x2B,    0},
    {0x0A7,0x84,    0},    {0x0A8,0x84,   14},    {0x0B0,0x05,    0},    {0x0A7,0x87,    0},
    {0x0A8,0x87,   14},    {0x083,0xFF,    0},    {0x023,0x20,    0},    {0x080,0xFF,    0},
    {0x020,0x20,    0},    {0x043,0x3F,    0},    {0x040,0x3F,    0},    {0x0C0,0x00,    0},
    {0x042,0x0C,    0},    {0x048,0x0C,    0},    {0x049,0x0C,    0},    {0x051,0x26,    0},
    {0x0A7,0x8A,    0},    {0x052,0x13,    1},    {0x0A8,0x8A,   13},    {0x0A7,0x8D,    0},
    {0x0A8,0x8D,   15},    {0x0A7,0x90,    0},    {0x0A8,0x90,   14},    {0x0B1,0x05,    0},
    {0x054,0x04,    0},    {0x0A7,0x8D,    0},    {0x055,0x08,    0},    {0x0A8,0x8D,   14},
    {0x083,0x06,    0},    {0x023,0x04,    0},    {0x060,0xCF,    0},    {0x080,0x09,    0},
    {0x020,0x01,    0},    {0x043,0x00,    0},    {0x040,0x00,    0},    {0x0C0,0x06,    0},
    {0x0A0,0xC0,    0},    {0x0B0,0x21,    0},    {0x0A1,0xB0,    0},    {0x0B1,0x25,    1},
    {0x042,0x09,    0},    {0x0B2,0x2E,    0},    {0x048,0x09,    0},    {0x0B3,0x31,    0},
    {0x049,0x09,    0},    {0x0B4,0x32,    0},    {0x04A,0x2C,    0},    {0x050,0x2C,    0},
    {0x051,0x25,    0},    {0x0A7,0x8A,    0},    {0x052,0x14,    0},    {0x0A8,0x8A,   13},
    {0x0A0,0xB6,    0},    {0x0A7,0x87,    0},    {0x0A8,0x87,   15},    {0x0A0,0xAC,    0},
    {0x0A7,0x84,    0},    {0x0A8,0x84,   14},    {0x0A0,0xA2,    0},    {0x0B2,0x0E,    0},
    {0x0B3,0x11,    0},    {0x0B4,0x12,    0},    {0x0A7,0x81,    0},    {0x0A8,0x81,   14},
    {0x0A0,0x98,    0},    {0x042,0x0A,    0},    {0x048,0x0A,    0},    {0x049,0x0A,    0},
    {0x051,0x24,    0},    {0x0A7,0x7E,    0},    {0x052,0x15,    0},    {0x0A8,0x7E,   14},
    {0x0A0,0x8E,    0},    {0x0A7,0x81,    1},    {0x0A8,0x81,   14},    {0x0A0,0x84,    0},
    {0x04A,0x2D,    0},    {0x050,0x2D,    0},    {0x0A7,0x84,    0},    {0x0A8,0x84,   14},
    {0x0A0,0x7A,    0},    {0x0B0,0x01,    0},    {0x0B1,0x05,    0},    {0x0A7,0x87,    0},
    {0x0A8,0x87,   14},    {0x083,0x0A,    0},    {0x023,0x0A,    0},    {0x060,0xFF,    0},
    {0x080,0x00,    0},    {0x020,0x0F,    0},    {0x0C0,0x0E,    0},    {0x0A0,0x57,    0},
    {0x0B0,0x25,    0},    {0x0B1,0x25,    1},    {0x042,0x09,    0},    {0x0B2,0x2E,    0},
    {0x048,0x09,    0},    {0x0B3,0x31,    0},    {0x049,0x09,    0},    {0x0B4,0x32,    0},
    {0x051,0x23,    0},    {0x0A7,0x8A,    0},    {0x052,0x16,    0},    {0x0A8,0x8A,   14},
    {0x0A7,0x8D,    0},    {0x0A8,0x8D,   14},    {0x0A7,0x90,    0},    {0x0A8,0x90,   14},
    {0x0B2,0x0E,    0},    {0x0B3,0x11,    0},    {0x0B4,0x12,    0},    {0x0A7,0x8D,    0},
    {0x0A8,0x8D,   14},    {0x042,0x0A,    0},    {0x048,0x0A,    0},    {0x049,0x0A,    0},
    {0x04A,0x2E,    0},    {0x050,0x2E,    1},    {0x051,0x22,    0},    {0x0A7,0x8A,    0},
    {0x052,0x17,    0},    {0x0A8,0x8A,   14},    {0x0A7,0x87,    0},    {0x0A8,0x87,   14},
    {0x0A7,0x84,    0},    {0x0A8,0x84,   14},    {0x0B0,0x05,    0},    {0x0B1,0x05,    0},
    {0x0A7,0x81,    0},    {0x0A8,0x81,   14},    {0x0B0,0x25,    0},    {0x0B1,0x25,    0},
    {0x042,0x09,    0},    {0x0B2,0x2E,    1},    {0x048,0x09,    0},    {0x0B3,0x31,    0},
    {0x049,0x09,    0},    {0x0B4,0x32,    0},    {0x051,0x21,    0},    {0x0A7,0x7E,    0},
    {0x052,0x16,    0},    {0x0A8,0x7E,   14},    {0x0A7,0x81,    0},    {0x0A8,0x81,   14},
    {0x04A,0x2F,    0},    {0x050,0x2F,    0},    {0x0A7,0x84,    0},    {0x0A8,0x84,   14},
    {0x0B2,0x0E,    0},    {0x0B3,0x11,    0},    {0x0B4,0x12,    0},    {0x0A7,0x87,    0},
    {0x0A8,0x87,   14},    {0x042,0x0A,    0},    {0x048,0x0A,    1},    {0x049,0x0A,    0},
    {0x051,0x20,    0},    {0x0A7,0x8A,    0},    {0x052,0x15,    0},    {0x0A8,0x8A,   14},
    {0x0A7,0x8D,    0},    {0x0A8,0x8D,   14},    {0x0A7,0x90,    0},    {0x0A8,0x90,   14},
    {0x0B0,0x05,    0},    {0x0B1,0x05,    0},    {0x0A7,0x8D,    0},    {0x0A8,0x8D,   14},
    {0x0B0,0x25,    1},    {0x0B1,0x29,    0},    {0x042,0x0B,    0},    {0x048,0x0B,    0},
    {0x049,0x0B,    0},    {0x04A,0x30,    0},    {0x050,0x30,    0},    {0x051,0x1F,    0},
    {0x0A7,0x8A,    0},    {0x052,0x14,    0},    {0x0A8,0x8A,   14},    {0x0A7,0x87,    0},
    {0x0A8,0x87,   14},    {0x0A7,0x84,    0},    {0x0A8,0x84,   14},    {0x0A7,0x81,    0},
    {0x0A8,0x81,   15},    {0x042,0x0C,    0},    {0x048,0x0C,    0},    {0x049,0x0C,    0},
    {0x051,0x1E,    0},    {0x0A7,0x7E,    0},    {0x052,0x13,    0},    {0x0A8,0x7E,   14},
    {0x0A7,0x81,    0},    {0x0A8,0x81,   14},    {0x04A,0x2F,    0},    {0x050,0x2F,    0},
    {0x0A7,0x84,    0},    {0x0A8,0x84,   14},    {0x0B0,0x05,    0},    {0x0B1,0x09,    1},
    {0x0A7,0x87,    0},    {0x0A8,0x87,   14},    {0x063,0xF7,    0},    {0x083,0x67,    0},
    {0x023,0x23,    0},    {0x080,0x02,    0},    {0x020,0x01,    0},    {0x0E0,0x02,    0},
    {0x043,0x04,    0},    {0x0B0,0x25,    0},    {0x024,0x05,    0},    {0x081,0x09,    0},
    {0x021,0x04,    0},    {0x0E1,0x00,    0},    {0x044,0x00,    0},    {0x041,0x00,    0},
    {0x0C1,0x0F,    0},    {0x0A1,0x6D,    0},    {0x0B1,0x25,    0},    {0x042,0x09,    0},
    {0x0B2,0x2E,    0},    {0x048,0x09,    0},    {0x0B3,0x31,    0},    {0x049,0x09,    1},
    {0x0B4,0x32,    0},    {0x051,0x1D,    0},    {0x0A7,0x8A,    0},    {0x052,0x12,    0},
    {0x0A8,0x8A,   13},    {0x0A1,0x59,    0},    {0x0A7,0x8D,    0},    {0x0A8,0x8D,   14},
    {0x0A1,0x45,    0},    {0x0A7,0x90,    0},    {0x0A8,0x90,   14},    {0x0A1,0x31,    0},
    {0x0B2,0x0E,    1},    {0x0B3,0x11,    0},    {0x0B4,0x12,    0},    {0x0A7,0x8D,    0},
    {0x0A8,0x8D,   14},    {0x0A1,0x1D,    0},    {0x042,0x0A,    0},    {0x048,0x0A,    0},
    {0x049,0x0A,    0},    {0x04A,0x2E,    0},    {0x050,0x2E,    0},    {0x051,0x1C,    0},
    {0x0A7,0x8A,    0},    {0x052,0x11,    0},    {0x0A8,0x8A,   14},    {0x0A1,0x09,    0},
    {0x0A7,0x87,    0},    {0x0A8,0x87,   14},    {0x0A1,0xF5,    0},    {0x0B1,0x24,    0},
    {0x0A7,0x84,    0},    {0x0A8,0x84,   14},    {0x0B0,0x05,    1},    {0x0A1,0xE1,    0},
    {0x0B1,0x04,    0},    {0x0A7,0x81,    0},    {0x0A8,0x81,   14},    {0x063,0xFF,    0},
    {0x083,0x0A,    0},    {0x023,0x0A,    0},    {0x080,0x00,    0},    {0x020,0x0F,    0},
    {0x0E0,0x00,    0},    {0x043,0x00,    0},    {0x0B0,0x25,    0},    {0x024,0x03,    0},
    {0x081,0x04,    0},    {0x021,0x00,    0},    {0x0E1,0x03,    0},    {0x044,0x02,    0},
    {0x041,0x06,    0},    {0x0C1,0x02,    0},    {0x0A1,0x87,    0},    {0x0B1,0x22,    0},
    {0x042,0x09,    0},    {0x0B2,0x2E,    1},    {0x048,0x09,    0},    {0x0B3,0x31,    0},
    {0x049,0x09,    0},    {0x0B4,0x32,    0},    {0x051,0x1B,    0},    {0x0A7,0x7E,    0},
    {0x052,0x10,    0},    {0x0A8,0x7E,   13},    {0x0A7,0x81,    0},    {0x0A8,0x81,   14},
    {0x04A,0x2D,    0},    {0x050,0x2D,    0},    {0x0A7,0x84,    0},    {0x0A8,0x84,   15},
    {0x0B2,0x0E,    0},    {0x0B3,0x11,    0},    {0x0B4,0x12,    0},    {0x0A7,0x87,    0},
    {0x0A8,0x87,   14},    {0x042,0x0A,    0},    {0x048,0x0A,    0},    {0x049,0x0A,    0},
    {0x051,0x1A,    0},    {0x0A7,0x8A,    0},    {0x052,0x0F,    0},    {0x0A8,0x8A,   14},
    {0x0A7,0x8D,    0},    {0x0A8,0x8D,   14},    {0x0A7,0x90,    0},    {0x0A8,0x90,   15},
    {0x0B0,0x05,    0},    {0x0B1,0x02,    0},    {0x0A7,0x8D,    0},    {0x0A8,0x8D,   14},
    {0x0B0,0x25,    0},    {0x0A1,0x81,    0},    {0x0B1,0x25,    0},    {0x042,0x0B,    0},
    {0x048,0x0B,    0},    {0x049,0x0B,    0},    {0x04A,0x2C,    0},    {0x050,0x2C,    0},
    {0x051,0x19,    0},    {0x0A7,0x8A,    0},    {0x052,0x0E,    0},    {0x0A8,0x8A,   14},
    {0x0A7,0x87,    0},    {0x0A8,0x87,   15},    {0x0A7,0x84,    0},    {0x0A8,0x84,   14},
    {0x0A7,0x81,    0},    {0x0A8,0x81,   14},    {0x042,0x0C,    0},    {0x048,0x0C,    0},
    {0x049,0x0C,    0},    {0x051,0x18,    0},    {0x0A7,0x7E,    0},    {0x052,0x0D,    0},
    {0x0A8,0x7E,   14},    {0x0A7,0x81,    0},    {0x0A8,0x81,   15},    {0x04A,0x2B,    0},
    {0x050,0x2B,    0},    {0x0A7,0x84,    0},    {0x0A8,0x84,   14},    {0x0B0,0x05,    0},
    {0x0B1,0x05,    0},    {0x0A7,0x87,    0},    {0x0A8,0x87,   14},    {0x083,0x07,    0},
    {0x023,0x05,    0},    {0x080,0x09,    0},    {0x020,0x04,    0},    {0x0C0,0x0F,    0},
    {0x0A0,0x6D,    0},    {0x0B0,0x25,    0},    {0x064,0xF7,    0},    {0x084,0x67,    0},
    {0x024,0x23,    0},    {0x081,0x02,    0},    {0x021,0x01,    0},    {0x0E1,0x02,    1},
    {0x044,0x04,    0},    {0x041,0x00,    0},    {0x0C1,0x0E,    0},    {0x0A1,0x57,    0},
    {0x0B1,0x25,    0},    {0x042,0x09,    0},    {0x0B2,0x2E,    0},    {0x048,0x09,    0},
    {0x0B3,0x31,    0},    {0x049,0x09,    0},    {0x0B4,0x32,    0},    {0x051,0x17,    0},
    {0x0A7,0x8A,    0},    {0x052,0x0E,    0},    {0x0A8,0x8A,   13},    {0x0A0,0x59,    0},
    {0x0A7,0x8D,    0},    {0x0A8,0x8D,   15},    {0x0A0,0x45,    0},    {0x0A7,0x90,    0},
    {0x0A8,0x90,   14},    {0x0A0,0x31,    0},    {0x0B0,0x05,    0},    {0x0B2,0x0E,    0},
    {0x0B3,0x11,    0},    {0x0B4,0x12,    0},    {0x0A7,0x8D,    0},    {0x0A8,0x8D,   14},
    {0x083,0xFF,    0},    {0x023,0x20,    0},    {0x080,0xFF,    0},    {0x020,0x20,    0},
    {0x043,0x3F,    0},    {0x040,0x3F,    0},    {0x0C0,0x00,    0},    {0x0A0,0x1D,    0},
    {0x042,0x0A,    0},    {0x048,0x0A,    1},    {0x049,0x0A,    0},    {0x04A,0x2A,    0},
    {0x050,0x2A,    0},    {0x051,0x16,    0},    {0x0A7,0x8A,    0},    {0x052,0x0F,    0},
    {0x0A8,0x8A,   13},    {0x0A0,0x09,    0},    {0x0A7,0x87,    1},    {0x0A8,0x87,   14},
    {0x0A0,0xF5,    0},    {0x0B0,0x04,    0},    {0x0A7,0x84,    0},    {0x0A8,0x84,   14},
    {0x0A0,0xE1,    0},    {0x0B1,0x05,    0},    {0x0B5,0x09,    0},    {0x0B6,0x0A,    0},
    {0x054,0x00,    0},    {0x0A7,0x81,    0},    {0x0B7,0x0A,    0},    {0x055,0x04,    0},
    {0x0A8,0x81,    0},    {0x0B8,0x0A,   14},    {0x083,0x06,    0},    {0x023,0x04,    0},
    {0x060,0xCF,    0},    {0x080,0x09,    0},    {0x020,0x01,    0},    {0x043,0x00,    0},
    {0x040,0x00,    0},    {0x0C0,0x06,    0},    {0x0A0,0xC0,    1},    {0x0B0,0x21,    0},
    {0x064,0xFF,    0},    {0x084,0x07,    0},    {0x024,0x03,    0},    {0x081,0x04,    0},
    {0x021,0x00,    0},    {0x0E1,0x03,    0},    {0x044,0x02,    0},    {0x041,0x06,    0},
    {0x0C1,0x02,    0},    {0x0A1,0x87,    0},    {0x0B1,0x26,    0},    {0x042,0x09,    0},
    {0x0B2,0x2E,    0},    {0x048,0x09,    0},    {0x0A3,0x81,    0},    {0x0B3,0x31,    0},
    {0x049,0x09,    0},    {0x0A4,0xE5,    0},    {0x0B4,0x31,    0},    {0x04A,0x30,    0},
    {0x0A5,0x81,    0},
};

#define pre2_loop_song_count ((uint32_t)(sizeof(pre2_loop_song)/sizeof(pre2_loop_song[0])))
#define pre2_loop_song_total_ms 58443u

#endif
