/* Auto-generated by tools/dro2hdr --hs=13l4 from C:\silixcon-devel\opl\songs\Quazar_Funky_Stars.dro.
 * heatshrink-packed (codemap + opcode stream).
 * Register writes : 81028
 * Total length    : 145996 ms (146.0 s)
 * Plain payload   : 162170 bytes (codemap=114 + stream=162056)
 * Packed size     : 39647 bytes (24.4%)
 * Decoder RAM     : 8192 bytes (window) + ~40 bytes state
 * Do not edit.
 */
#ifndef quazar_funky_stars_H
#define quazar_funky_stars_H

#include "opl_song_hs.h"

static const uint8_t quazar_funky_stars_hs_data[];   /* defined below */

static const opl_song_hs quazar_funky_stars = {
    .hs_data      = quazar_funky_stars_hs_data,
    .hs_len       = 39647u,
    .total_ms     = 145996u,
    .codemap_len  = 114,
    .short_code   = 0xFE,
    .long_code    = 0xFF,
    .hs_window    = 13,
    .hs_lookahead = 4,
};

static const uint8_t quazar_funky_stars_hs_data[] = {
    0x82, 0xC8, 0x28, 0x16, 0x0C, 0x07, 0x82, 0x47, 0x43, 0xB1, 0xE0, 0xF8, 0x12, 0x1B, 0x0E, 0x07,
    0xC3, 0x24, 0xB2, 0x61, 0x38, 0x32, 0x2B, 0x16, 0x0B, 0xC5, 0x25, 0xB2, 0xE1, 0x78, 0x52, 0x8B,
    0x46, 0x23, 0xD1, 0x2B, 0xB5, 0xE2, 0xF8, 0x72, 0x9B, 0x4E, 0x27, 0xD3, 0x2C, 0xB6, 0x63, 0x38,
    0x92, 0xAB, 0x56, 0x2B, 0xD5, 0x2D, 0xB6, 0xE3, 0x78, 0xB3, 0x0B, 0x86, 0x43, 0xE1, 0x33, 0xB9,
    0xE4, 0xF8, 0xD3, 0x1B, 0x8E, 0x47, 0xE3, 0x34, 0xBA, 0x65, 0x38, 0xF3, 0x2B, 0x96, 0x4B, 0xE5,
    0x35, 0xBA, 0xE5, 0x79, 0x1A, 0x0D, 0x86, 0x87, 0x63, 0x44, 0xD1, 0x6C, 0xA8, 0xBA, 0x3D, 0x9D,
    0x2F, 0x49, 0xB4, 0xA6, 0x69, 0x76, 0xB4, 0xDD, 0x36, 0xDA, 0xA7, 0xA7, 0xDB, 0xD5, 0x35, 0x1B,
    0x8A, 0xAD, 0x06, 0x85, 0x4A, 0xF6, 0xD4, 0x3E, 0x75, 0x1F, 0xA5, 0x4B, 0xEB, 0xE4, 0xA4, 0x52,
    0x70, 0x10, 0x18, 0x0C, 0x86, 0x05, 0x26, 0x81, 0xFC, 0x20, 0x90, 0xF8, 0x2C, 0x0A, 0x0D, 0x21,
    0x83, 0xC1, 0x21, 0x1F, 0x28, 0x4F, 0xFE, 0x15, 0x0A, 0x85, 0xC8, 0x21, 0x9F, 0xD8, 0x6F, 0xFE,
    0x1D, 0x06, 0x87, 0xC8, 0x22, 0x1F, 0x38, 0x8F, 0xFE, 0x25, 0x0E, 0x89, 0xC8, 0x22, 0x9F, 0xD8,
    0xAF, 0xFE, 0x2D, 0x06, 0x8B, 0xC8, 0x23, 0x1F, 0x38, 0xCF, 0xFE, 0x35, 0x0E, 0x8D, 0xC8, 0x23,
    0x9F, 0xD8, 0xEF, 0xFE, 0x3D, 0x06, 0x8F, 0xC8, 0x24, 0x1F, 0x39, 0x0F, 0xFE, 0x45, 0x0E, 0x91,
    0xC8, 0x24, 0x9F, 0xD9, 0x2F, 0xFE, 0x4D, 0x06, 0x93, 0xC8, 0x25, 0x1F, 0x39, 0x4F, 0xFE, 0x55,
    0x0E, 0x95, 0xC8, 0x25, 0x9F, 0xD9, 0x6F, 0xFE, 0x5D, 0x06, 0x97, 0xC8, 0x26, 0x1F, 0x39, 0x8F,
    0xFE, 0x65, 0x0E, 0x99, 0xC8, 0x26, 0x9F, 0xD9, 0xAF, 0xFE, 0x6D, 0x06, 0x9B, 0xC8, 0x27, 0x1F,
    0x39, 0xCF, 0xFE, 0x75, 0x0E, 0x9D, 0xC8, 0x27, 0x9F, 0xD9, 0xEF, 0xFE, 0x7D, 0x06, 0x9F, 0xC8,
    0x28, 0x1F, 0x3A, 0x0F, 0xFE, 0x85, 0x0E, 0xA1, 0xC8, 0x28, 0x9F, 0xDA, 0x2F, 0xFE, 0x8D, 0x06,
    0xA3, 0xC8, 0x29, 0x1F, 0x3A, 0x4F, 0xFE, 0x95, 0x0E, 0xC0, 0xC8, 0x30, 0x7F, 0xDC, 0x27, 0xFF,
    0x0B, 0x06, 0xC3, 0x48, 0x31, 0x1F, 0x3C, 0x4F, 0xFF, 0x15, 0x0E, 0xC5, 0xC8, 0x31, 0x9F, 0xDC,
    0x6F, 0xFF, 0x1D, 0x06, 0xC7, 0xC8, 0x32, 0x1F, 0x3C, 0x8F, 0xFF, 0x25, 0x0E, 0xC9, 0xC8, 0x32,
    0x9F, 0xDC, 0xAF, 0xFF, 0x2D, 0x06, 0xCB, 0xC8, 0x33, 0x1F, 0x3C, 0xCF, 0xFF, 0x35, 0x0E, 0xCD,
    0xC8, 0x33, 0x9F, 0xDC, 0xEF, 0xFF, 0x3D, 0x06, 0xCF, 0xC8, 0x34, 0x1F, 0x3D, 0x0F, 0xFF, 0x45,
    0x0E, 0xD1, 0xC8, 0x34, 0x9F, 0xDD, 0x2F, 0xFF, 0x4D, 0x06, 0xD3, 0xC8, 0x35, 0x1F, 0x3D, 0x4F,
    0xFF, 0x55, 0x0E, 0xA5, 0xC8, 0xA9, 0x92, 0xE8, 0x54, 0xEA, 0x9B, 0xB4, 0xA7, 0x4B, 0xA9, 0xF3,
    0xF8, 0x94, 0xFA, 0xA1, 0xB4, 0xA8, 0xCB, 0xAA, 0x53, 0xF8, 0xD4, 0xFA, 0xA7, 0xB4, 0xAA, 0x4B,
    0xAA, 0xB3, 0xF9, 0x14, 0xFA, 0xAD, 0xB4, 0xAB, 0xCB, 0xAB, 0x13, 0xF9, 0x54, 0xFA, 0xB3, 0xB4,
    0xAD, 0x4B, 0xAB, 0x73, 0xF9, 0x94, 0xFA, 0xB9, 0xB4, 0xAE, 0xCB, 0xAB, 0xD3, 0xF9, 0xD4, 0xFA,
    0xBF, 0xB4, 0xB0, 0x4B, 0xAC, 0x33, 0xFA, 0x14, 0xFA, 0xC5, 0xB4, 0xB1, 0xCB, 0xAC, 0x93, 0xFA,
    0x54, 0xFB, 0x97, 0xB4, 0xE6, 0x4B, 0xB0, 0xF3, 0xFC, 0x54, 0xFB, 0x9B, 0xB4, 0xE7, 0x4B, 0xB9,
    0xF3, 0xFC, 0x94, 0xFB, 0xA1, 0xB4, 0xE8, 0xCB, 0xBA, 0x53, 0xFC, 0xD4, 0xFB, 0xA7, 0xB4, 0xEA,
    0x4B, 0xBA, 0xB3, 0xFD, 0x14, 0xFB, 0xAD, 0xB4, 0xEB, 0xCB, 0xBB, 0x13, 0xFD, 0x54, 0xFB, 0xFD,
    0x72, 0xA7, 0x43, 0xAA, 0x30, 0xEA, 0xA4, 0x3A, 0xAF, 0x0E, 0xAD, 0x43, 0xAB, 0xB0, 0xEB, 0x04,
    0x3A, 0xC7, 0x0E, 0xE6, 0x43, 0xB9, 0xD0, 0xEE, 0x8C, 0x3B, 0xA9, 0x0E, 0xEB, 0xC3, 0xBF, 0xD1,
    0x28, 0x3C, 0x1C, 0x00, 0x32, 0x85, 0x00, 0x06, 0x50, 0xD0, 0x00, 0xCA, 0x20, 0x00, 0x19, 0x44,
    0xBF, 0xD1, 0x28, 0x5C, 0x86, 0xCB, 0x26, 0x86, 0x7C, 0x21, 0xB0, 0xF8, 0x74, 0x0A, 0x1F, 0x21,
    0xA7, 0xC1, 0x22, 0x1F, 0x28, 0x94, 0x2A, 0x9B, 0x33, 0xA7, 0x4B, 0xE2, 0x51, 0xAF, 0xF6, 0x1A,
    0x9E, 0x01, 0x69, 0x53, 0xC0, 0x2D, 0x2A, 0x78, 0x05, 0xA5, 0x4F, 0x00, 0xB4, 0xA9, 0xE0, 0x16,
    0x95, 0x32, 0x1D, 0x07, 0x9F, 0xC1, 0xE0, 0x90, 0xA8, 0x55, 0x2F, 0x9D, 0x4C, 0x97, 0xC2, 0xA5,
    0x40, 0x36, 0x94, 0x3E, 0x9F, 0x3F, 0xA7, 0xC1, 0x00, 0x33, 0x29, 0x1D, 0x3A, 0x65, 0x12, 0x9D,
    0x00, 0xC3, 0xE0, 0x30, 0xAC, 0x4E, 0x43, 0x66, 0x93, 0x45, 0x3E, 0x11, 0x58, 0x7C, 0x5A, 0x05,
    0x17, 0x90, 0xD4, 0xA0, 0x91, 0x8F, 0x94, 0x6A, 0x15, 0x50, 0x91, 0x54, 0x65, 0xD1, 0xA8, 0xD0,
    0x0A, 0x24, 0x03, 0x0F, 0xC4, 0xBF, 0xD2, 0x5A, 0x90, 0x02, 0x65, 0x52, 0x00, 0x4C, 0xAA, 0x40,
    0x09, 0x95, 0x48, 0x01, 0x32, 0xA9, 0x00, 0xEA, 0x70, 0xF0, 0x1D, 0x5A, 0x66, 0x03, 0xA9, 0x4E,
    0xBF, 0xD8, 0x60, 0x19, 0x7C, 0x06, 0x53, 0xA7, 0x44, 0x80, 0x89, 0x6B, 0x28, 0x11, 0x25, 0x2A,
    0x02, 0xF7, 0xC0, 0xBD, 0x5A, 0x8C, 0x3A, 0xA5, 0x3F, 0xA9, 0x41, 0x00, 0x7F, 0x2C, 0x55, 0x46,
    0x64, 0x03, 0xF9, 0x61, 0x80, 0x6B, 0xF0, 0x1A, 0xF2, 0xC8, 0x03, 0x5F, 0x80, 0xD7, 0xE0, 0x35,
    0x94, 0x8A, 0x9D, 0x2E, 0x01, 0xAF, 0xC0, 0x6B, 0x88, 0x90, 0x0D, 0x6D, 0x64, 0xA8, 0xCB, 0xC0,
    0x6B, 0xF0, 0x1A, 0xFC, 0x06, 0x92, 0x8D, 0x03, 0x72, 0x60, 0x2A, 0xB0, 0x2F, 0xE7, 0x2A, 0x05,
    0x2F, 0xC0, 0x79, 0x5A, 0x8C, 0x3C, 0x0C, 0x18, 0x97, 0x46, 0x81, 0x6F, 0x20, 0x1E, 0x7C, 0x14,
    0x1F, 0x01, 0xA7, 0xE9, 0x7D, 0xA0, 0xA3, 0x48, 0x08, 0xD2, 0x01, 0x6F, 0xC0, 0xD5, 0x40, 0x72,
    0xD8, 0x07, 0xD4, 0x03, 0x4F, 0xC1, 0xFD, 0xF0, 0x2C, 0x54, 0x1F, 0xDB, 0x02, 0xC7, 0xC0, 0xB1,
    0x70, 0x5C, 0xDC, 0x1F, 0x33, 0x02, 0xC7, 0xC0, 0xB1, 0xF0, 0x2C, 0x7C, 0x06, 0xB3, 0x0C, 0xFC,
    0xC0, 0xB1, 0xF0, 0x61, 0xFC, 0x13, 0x15, 0x02, 0xCF, 0xC0, 0xB3, 0xF0, 0x73, 0xCC, 0x0B, 0x3D,
    0x0A, 0x0C, 0x80, 0x57, 0xF0, 0x2C, 0xEC, 0x0B, 0x12, 0x03, 0x54, 0x80, 0x55, 0xF0, 0x2C, 0x7C,
    0x0B, 0x1F, 0x0A, 0x97, 0xC0, 0xB1, 0xF0, 0xA9, 0x60, 0x36, 0x3F, 0x0A, 0x97, 0xC2, 0xA5, 0x30,
    0x35, 0x48, 0x06, 0xBF, 0x0A, 0x97, 0xC0, 0x6B, 0xF0, 0x1A, 0xFC, 0x2A, 0x54, 0x01, 0xAF, 0xC2,
    0xA5, 0xF0, 0xA9, 0x4C, 0x06, 0xBF, 0x0A, 0x97, 0xC2, 0xA5, 0xF0, 0xA9, 0x7C, 0x2A, 0x5F, 0x0A,
    0x97, 0xC1, 0x41, 0xF0, 0x1A, 0x7C, 0x2A, 0x5D, 0x03, 0x57, 0xC2, 0xA5, 0xF0, 0x7C, 0x7C, 0x1F,
    0x1F, 0x0A, 0x97, 0xC2, 0xA5, 0xF0, 0x7C, 0x7C, 0x2A, 0x5F, 0x01, 0x5F, 0xC0, 0xB1, 0xF0, 0x2C,
    0x72, 0xCF, 0x18, 0x96, 0x7C, 0x25, 0xB0, 0xF9, 0x74, 0x0A, 0x5F, 0x21, 0xAD, 0xC2, 0xE6, 0x1F,
    0x09, 0x8F, 0xF2, 0xD1, 0x06, 0x19, 0xE4, 0xAC, 0x76, 0x98, 0x64, 0xD7, 0x7F, 0x36, 0x82, 0x4D,
    0xE4, 0x35, 0xE8, 0x14, 0xE3, 0xE1, 0x39, 0xFC, 0x5A, 0xA0, 0x93, 0xA8, 0x00, 0xC1, 0xAB, 0x67,
    0x9A, 0xD6, 0x64, 0x75, 0xA9, 0x90, 0xBD, 0xA5, 0x23, 0xAE, 0xC8, 0xAB, 0xD1, 0x99, 0xD4, 0xC3,
    0xFD, 0x12, 0xAD, 0xC3, 0xC0, 0x03, 0x20, 0x13, 0xCA, 0xB7, 0x15, 0x00, 0x0C, 0xA3, 0x00, 0x01,
    0x94, 0x73, 0xFD, 0x12, 0xAD, 0x44, 0xAB, 0x73, 0xFB, 0x3C, 0x62, 0xB7, 0x0B, 0x99, 0x43, 0xAC,
    0xF3, 0x5A, 0xF4, 0x0A, 0x75, 0x00, 0x00, 0xC4, 0xEB, 0xD1, 0x20, 0x0B, 0x4E, 0x0F, 0x07, 0xAD,
    0xC3, 0xEB, 0x96, 0x60, 0x31, 0x4E, 0xB7, 0x12, 0xAE, 0x6C, 0x40, 0xC9, 0x3A, 0xDC, 0x56, 0xB9,
    0x06, 0xAE, 0xC8, 0xC0, 0xCF, 0x3A, 0xDC, 0x62, 0xB9, 0x65, 0x03, 0x4C, 0xEB, 0x71, 0xCA, 0xE7,
    0x3C, 0x20, 0x39, 0x01, 0x2E, 0xC5, 0xDF, 0x5A, 0xD4, 0xCA, 0xB7, 0x18, 0x99, 0x4F, 0xBF, 0xD1,
    0x20, 0x20, 0xCA, 0x4D, 0xFE, 0xAF, 0x80, 0x3F, 0x60, 0x33, 0x98, 0x20, 0x3E, 0x0A, 0xCE, 0x80,
    0x5B, 0x63, 0x04, 0xAD, 0x9E, 0x60, 0x01, 0xAA, 0x81, 0x8F, 0xE0, 0x63, 0x98, 0x2F, 0xEE, 0x01,
    0xAD, 0x4C, 0x06, 0x2F, 0x50, 0x0C, 0xD4, 0x0C, 0xD3, 0x03, 0x2D, 0x40, 0xC9, 0x50, 0x31, 0x54,
    0x0C, 0x35, 0x06, 0x66, 0x40, 0x3D, 0xB1, 0x8F, 0x4C, 0x0A, 0x5F, 0x02, 0x96, 0x40, 0x29, 0xB0,
    0x39, 0x5C, 0x1B, 0xBF, 0x0E, 0xBF, 0xC4, 0x19, 0x30, 0x0D, 0xEE, 0xCF, 0x2E, 0x02, 0x6F, 0xC0,
    0x9B, 0xF0, 0x36, 0x50, 0x15, 0xDF, 0x87, 0x59, 0xE5, 0xC3, 0x3F, 0xA8, 0x21, 0xBE, 0x0E, 0xAF,
    0x80, 0x56, 0xA0, 0x4E, 0xB8, 0x18, 0xBE, 0x20, 0x2D, 0x80, 0x5F, 0x63, 0x5B, 0xA8, 0x0B, 0x68,
    0x05, 0x6D, 0xCB, 0xAC, 0xF2, 0xB0, 0x1B, 0xD6, 0xA4, 0x05, 0x6A, 0x54, 0x80, 0xAD, 0x4A, 0x90,
    0x15, 0xA9, 0x52, 0x02, 0xB5, 0x2A, 0x40, 0x3C, 0xA0, 0x1D, 0xEE, 0x01, 0xCD, 0x4A, 0xC4, 0x3F,
    0x50, 0x14, 0x7C, 0x04, 0xF3, 0x02, 0x65, 0x43, 0x2B, 0xF1, 0x15, 0xEC, 0x02, 0xFB, 0x1C, 0x25,
    0x40, 0xF5, 0xF0, 0x3D, 0x7C, 0x02, 0xB5, 0xB3, 0xCA, 0x41, 0xBB, 0x70, 0x0A, 0x4E, 0x9E, 0x05,
    0x6A, 0x53, 0xC0, 0xAD, 0x4A, 0x78, 0x15, 0xA9, 0x4F, 0x07, 0xDD, 0x44, 0x99, 0x60, 0x0E, 0x6A,
    0x52, 0x3A, 0x5A, 0x81, 0x36, 0xC0, 0x57, 0xD8, 0x0A, 0x2C, 0x0F, 0x2F, 0x83, 0xCB, 0x60, 0x16,
    0xD8, 0x82, 0xE6, 0x05, 0x5F, 0x85, 0x5F, 0x42, 0x70, 0xB0, 0x06, 0x36, 0x27, 0x6A, 0xD9, 0xE4,
    0xE1, 0x0A, 0xF8, 0x42, 0xBE, 0x05, 0xCA, 0x09, 0xFA, 0xC0, 0x1F, 0xD4, 0x9C, 0x50, 0x95, 0x0A,
    0xCF, 0xC2, 0xB3, 0xF0, 0x0A, 0xD4, 0x2B, 0x3F, 0x03, 0x37, 0xC7, 0xC7, 0xA0, 0x40, 0xEC, 0x09,
    0xBF, 0x02, 0x6F, 0xC3, 0x8B, 0xF0, 0x0D, 0xE0, 0x0D, 0x94, 0x92, 0x02, 0x1F, 0xE0, 0xDD, 0xF8,
    0x05, 0x68, 0x01, 0x29, 0x05, 0x63, 0xE2, 0x0E, 0xF8, 0x2D, 0x39, 0x24, 0x16, 0x0D, 0x42, 0x5F,
    0x50, 0x1E, 0xFC, 0x01, 0xF3, 0x16, 0x4D, 0x40, 0xB9, 0xF0, 0x2E, 0x7C, 0x40, 0x7F, 0x00, 0xF5,
    0xC5, 0xAD, 0x5B, 0x3C, 0x88, 0x15, 0x7F, 0x05, 0x5F, 0xC0, 0x2D, 0x40, 0x09, 0x48, 0x15, 0x7F,
    0x05, 0x5F, 0xC0, 0xBB, 0xC9, 0x11, 0x0F, 0x2A, 0x08, 0xBF, 0x82, 0x2F, 0xE0, 0x2D, 0xB8, 0x18,
    0x3E, 0x06, 0x0F, 0x86, 0x6F, 0xE0, 0x1B, 0xA8, 0x4A, 0xED, 0x1F, 0x0B, 0x4F, 0xC0, 0x1B, 0x20,
    0x04, 0xC8, 0x0D, 0x5F, 0x05, 0xA7, 0xC0, 0x2D, 0xB2, 0x37, 0xD4, 0x0A, 0xDF, 0x16, 0x17, 0xC0,
    0x7D, 0xC8, 0xF9, 0x20, 0x6A, 0x05, 0xDF, 0x81, 0x77, 0xE0, 0xBE, 0xF8, 0x07, 0xAE, 0x48, 0xE9,
    0xD9, 0xE3, 0xA0, 0x52, 0xF8, 0x2F, 0x7E, 0x01, 0x5A, 0x00, 0x4A, 0x40, 0xBD, 0xF8, 0x2F, 0x7E,
    0x2C, 0x3F, 0x80, 0x6E, 0xE0, 0x4D, 0xF8, 0x13, 0x7E, 0x0A, 0xBF, 0x80, 0x6E, 0xA4, 0xAF, 0xA8,
    0x21, 0xBE, 0x0D, 0xDF, 0x80, 0x56, 0xB6, 0x71, 0xC2, 0xE0, 0x0C, 0x5F, 0x16, 0x1F, 0xC0, 0x31,
    0x68, 0xD1, 0x33, 0x2A, 0x29, 0xAF, 0x80, 0x8E, 0x62, 0xC2, 0xF8, 0xB0, 0xBE, 0x13, 0x4F, 0x80,
    0x6E, 0xA2, 0xC2, 0xAD, 0x9E, 0x30, 0x02, 0x8C, 0x80, 0x2E, 0x62, 0xC1, 0xF8, 0xB0, 0x7E, 0x07,
    0x9B, 0x80, 0x56, 0x64, 0xF1, 0xA8, 0x1D, 0xFE, 0x07, 0x7E, 0x80, 0xA6, 0xA2, 0xBC, 0xF8, 0xAF,
    0x3E, 0x2B, 0xCE, 0x80, 0x66, 0x65, 0x0D, 0xA8, 0x54, 0x36, 0x02, 0x4C, 0x83, 0x9F, 0xE1, 0xA5,
    0xF8, 0x05, 0x26, 0x20, 0x09, 0x82, 0x36, 0xE0, 0x4D, 0xF8, 0xAD, 0xFE, 0x08, 0x8B, 0x86, 0x2E,
    0xA0, 0xFE, 0xF8, 0x3F, 0xBE, 0x2B, 0x6F, 0x83, 0x3F, 0x42, 0xB6, 0xF8, 0x53, 0x3E, 0x0D, 0x9D,
    0x05, 0x33, 0xE0, 0x64, 0xF9, 0x51, 0xF0, 0x0F, 0x5E, 0x05, 0x37, 0xE0, 0x4E, 0xF8, 0xAD, 0xFE,
    0x13, 0x7C, 0x81, 0xB2, 0x41, 0xD3, 0xF8, 0x53, 0x3E, 0x19, 0xAF, 0x01, 0x87, 0xE2, 0x01, 0xF8,
    0x05, 0xEE, 0x2B, 0x6A, 0x88, 0x72, 0xC2, 0xB7, 0xF8, 0x7E, 0x32, 0x0A, 0xBF, 0x81, 0x73, 0xE1,
    0xF8, 0xF8, 0x07, 0xB0, 0x2B, 0x7A, 0x82, 0xAF, 0xE0, 0xAB, 0xF8, 0x97, 0xAE, 0x0A, 0xBF, 0x82,
    0xAF, 0xE2, 0x5F, 0xEC, 0xEE, 0xC7, 0x6B, 0x86, 0x4F, 0x77, 0xF3, 0xE8, 0x24, 0xFE, 0x43, 0x61,
    0x81, 0x50, 0x3E, 0x14, 0x1F, 0xC5, 0xB2, 0x09, 0x42, 0x2C, 0xB5, 0xC6, 0x9B, 0x4A, 0xFC, 0x8E,
    0xC1, 0x26, 0xB0, 0xC4, 0xA8, 0x40, 0x20, 0x90, 0x26, 0xBE, 0x35, 0x1F, 0xD8, 0x60, 0x54, 0x22,
    0xCA, 0xD2, 0xC3, 0x0A, 0x00, 0xB4, 0xC0, 0xE5, 0x3A, 0xF9, 0x65, 0x6D, 0x5F, 0xD9, 0x01, 0xD2,
    0xB5, 0xF8, 0x35, 0x82, 0x4E, 0x07, 0x6A, 0xD7, 0xCB, 0x2B, 0x6A, 0xF9, 0x65, 0x7E, 0x34, 0xFB,
    0x96, 0x57, 0x80, 0x41, 0x94, 0xA8, 0xB2, 0xBC, 0x1C, 0xD5, 0x81, 0x0B, 0xF0, 0x67, 0xFC, 0x70,
    0xDC, 0x21, 0x16, 0x00, 0xC7, 0xF0, 0x8B, 0xFC, 0x79, 0xF7, 0x2C, 0xAF, 0xC1, 0xB3, 0xF0, 0x6C,
    0xFC, 0x87, 0x9D, 0x2C, 0xAF, 0xC1, 0xB1, 0xF2, 0x1D, 0xFC, 0x1B, 0x1F, 0x16, 0x8F, 0xC5, 0xA3,
    0xFB, 0x3C, 0x9C, 0x6F, 0xDF, 0x02, 0x6F, 0xC5, 0xA5, 0xF1, 0xBF, 0x68, 0xB2, 0xBF, 0x07, 0x57,
    0xC7, 0xBD, 0xF0, 0x31, 0x7C, 0x5A, 0x3F, 0x00, 0xBE, 0x8B, 0x2B, 0xF0, 0x05, 0xDC, 0x75, 0x77,
    0x16, 0x97, 0xC5, 0xA5, 0xF0, 0x6F, 0x7C, 0x76, 0x12, 0x2C, 0xAF, 0xC2, 0xE9, 0xE1, 0x69, 0xFC,
    0x5A, 0x7F, 0x0E, 0x0E, 0x0B, 0x2B, 0x41, 0x0F, 0xDC, 0x0F, 0x7F, 0x10, 0x0F, 0xC5, 0xB1, 0xF1,
    0x6C, 0x7C, 0x5B, 0x1F, 0x00, 0xDD, 0xCB, 0x2B, 0xF1, 0xBB, 0xE8, 0x66, 0x75, 0x07, 0x9F, 0xC3,
    0x99, 0xF1, 0x6E, 0xE0, 0x0A, 0x7F, 0x16, 0xE7, 0xC6, 0x85, 0xA1, 0x6D, 0x7C, 0x20, 0xDF, 0x16,
    0xD7, 0xC6, 0x63, 0x91, 0x6C, 0x50, 0x84, 0xDF, 0x0A, 0xA7, 0xC5, 0x17, 0xF0, 0x30, 0x7C, 0x5B,
    0x3F, 0x2C, 0x87, 0x85, 0xB1, 0xF0, 0x26, 0x7C, 0x38, 0x1F, 0x16, 0xC6, 0xC2, 0xA5, 0xF0, 0x6B,
    0x7C, 0x15, 0xB7, 0x08, 0x36, 0x00, 0xC3, 0xF1, 0x04, 0xFC, 0x9B, 0x7C, 0x2C, 0x87, 0xC5, 0xB1,
    0xF0, 0x54, 0xFC, 0x0B, 0x9F, 0x0F, 0xF7, 0xC5, 0xB1, 0xE2, 0xC8, 0x7C, 0x15, 0x7F, 0x0D, 0x8F,
    0xC1, 0x57, 0xF0, 0x86, 0x7C, 0x02, 0xF7, 0xA1, 0xD8, 0xED, 0xB0, 0xCA, 0x2E, 0xFE, 0x8D, 0x04,
    0xA3, 0xC8, 0x6C, 0x90, 0x2A, 0x47, 0xC2, 0x93, 0xF8, 0xB7, 0x41, 0x29, 0x42, 0xD9, 0xA8, 0x19,
    0xE9, 0x62, 0x91, 0xD8, 0xE5, 0x56, 0x48, 0x95, 0x2A, 0x40, 0x09, 0xAF, 0x82, 0x6B, 0xF6, 0x79,
    0x15, 0x92, 0x05, 0x4A, 0x80, 0x0A, 0x96, 0xB6, 0x48, 0x50, 0x05, 0xE6, 0x07, 0x39, 0xD8, 0xA8,
    0x80, 0x74, 0xAD, 0x88, 0x5B, 0xB3, 0x03, 0xAC, 0xAC, 0x58, 0xB0, 0x3B, 0x56, 0xC4, 0x2E, 0x19,
    0x80, 0x82, 0x56, 0x2E, 0xD8, 0x6B, 0xBE, 0x2D, 0x8D, 0x11, 0x5A, 0xF1, 0x2B, 0x14, 0x1A, 0xC7,
    0x2B, 0x00, 0x14, 0xA6, 0x80, 0x01, 0x90, 0xBD, 0x25, 0x62, 0xCC, 0x00, 0x06, 0x42, 0xF4, 0x90,
    0xB8, 0x3E, 0x08, 0xC9, 0xD8, 0xA0, 0xB6, 0x39, 0x70, 0x23, 0xA7, 0x62, 0x45, 0x14, 0x81, 0xB3,
    0xF1, 0x71, 0xFC, 0xB6, 0xB5, 0x17, 0x1F, 0xC5, 0xC7, 0xF1, 0x71, 0xFC, 0xB6, 0xDF, 0x07, 0x27,
    0xC1, 0xC9, 0xF1, 0x71, 0xFC, 0xB6, 0xD2, 0x3C, 0xE6, 0x01, 0xC7, 0xF0, 0x34, 0xF0, 0x02, 0x52,
    0x07, 0x1F, 0xC1, 0xC7, 0xF1, 0x72, 0x7C, 0xF4, 0x5B, 0x02, 0x6F, 0xC5, 0xC7, 0xF0, 0x36, 0x7C,
    0xF1, 0xD2, 0x2D, 0xB7, 0xC1, 0xEB, 0xF0, 0x0A, 0xE9, 0x05, 0xB9, 0x03, 0x17, 0xC5, 0xC9, 0xF4,
    0x0B, 0xDC, 0xB6, 0xDF, 0x42, 0x8E, 0x45, 0xC7, 0xF1, 0x71, 0xFC, 0x2B, 0x5F, 0x43, 0xCF, 0xC0,
    0x4F, 0xD4, 0x63, 0xE4, 0x5C, 0x9F, 0x17, 0x27, 0xD1, 0xEB, 0x82, 0xDD, 0x7C, 0x0F, 0x7F, 0x47,
    0xAF, 0x05, 0xC7, 0xF1, 0x71, 0xFC, 0x5C, 0x7F, 0x47, 0xCD, 0x8B, 0x7D, 0x44, 0xB2, 0x61, 0x2A,
    0x5C, 0x17, 0x1F, 0xC1, 0xE5, 0xF0, 0x3D, 0xF2, 0x60, 0x2E, 0x5F, 0x8B, 0x97, 0xE0, 0x6F, 0xFA,
    0x74, 0xA4, 0x74, 0xEA, 0xCC, 0xC2, 0x17, 0xF0, 0x85, 0xFC, 0x5D, 0x1F, 0x00, 0xFD, 0xA6, 0x65,
    0xC3, 0xF8, 0x3D, 0xBE, 0x01, 0x5D, 0x85, 0x67, 0xE0, 0x66, 0xF9, 0x70, 0xF5, 0x12, 0xAE, 0x41,
    0x6B, 0xF0, 0x5B, 0x14, 0x14, 0x00, 0x72, 0xE7, 0xD7, 0x64, 0x75, 0xFE, 0x7D, 0x82, 0x4F, 0x62,
    0xE7, 0x87, 0xCA, 0x75, 0xCC, 0xC5, 0x7F, 0x31, 0x62, 0xCC, 0x80, 0x0E, 0x56, 0x5A, 0xFD, 0x94,
    0x3E, 0xD3, 0xAE, 0x4D, 0x2B, 0xF3, 0x40, 0xFE, 0x4C, 0x06, 0x5B, 0x53, 0x75, 0xD5, 0x41, 0x48,
    0x35, 0x7E, 0x0D, 0x62, 0x83, 0x2A, 0x8A, 0xDD, 0xAA, 0xEC, 0x8A, 0xBF, 0xDA, 0xB0, 0x49, 0xAC,
    0x5D, 0xBB, 0x1A, 0xC4, 0x26, 0xAA, 0x79, 0xEC, 0x6B, 0xFB, 0x21, 0x1A, 0xD1, 0x55, 0x13, 0xC5,
    0xD7, 0xF1, 0x62, 0x3F, 0xA2, 0xAA, 0xA7, 0x66, 0xAF, 0xD9, 0x84, 0x93, 0x30, 0xF8, 0x7D, 0x50,
    0xB3, 0x2F, 0x66, 0xEB, 0x94, 0x4A, 0xFD, 0x10, 0x4C, 0x33, 0x01, 0x6C, 0xA4, 0x95, 0xF9, 0x18,
    0x8A, 0xA6, 0x02, 0x99, 0x01, 0x6E, 0xC0, 0x28, 0x97, 0xA2, 0xBB, 0x21, 0x02, 0xE4, 0xA4, 0x76,
    0x2E, 0x85, 0x8C, 0xA8, 0x92, 0x01, 0x54, 0xB9, 0xA0, 0x5D, 0xAA, 0xB0, 0xFA, 0x19, 0x3B, 0xD7,
    0x36, 0x60, 0x68, 0xAD, 0x3E, 0x15, 0x5C, 0xCD, 0x01, 0xA6, 0xB4, 0xF8, 0x6D, 0x73, 0x06, 0x05,
    0xEA, 0xD3, 0xE2, 0x15, 0xCB, 0x70, 0x17, 0x25, 0x22, 0xB1, 0x76, 0xAC, 0x72, 0x60, 0x55, 0x4E,
    0xB9, 0x59, 0xAF, 0xEC, 0x40, 0xB7, 0x31, 0x2D, 0xFC, 0x05, 0x13, 0xC5, 0xC8, 0x7C, 0xB0, 0x5C,
    0x65, 0xBF, 0x1D, 0x02, 0xC7, 0xC8, 0x79, 0xF0, 0x0C, 0x87, 0xD7, 0xDF, 0x06, 0xC9, 0x43, 0x0C,
    0x31, 0x60, 0x78, 0x53, 0x9B, 0xB2, 0xE7, 0x4B, 0xB2, 0x53, 0xC0, 0x4D, 0xCA, 0x8C, 0x07, 0x69,
    0xF3, 0x6B, 0xDC, 0xF8, 0x20, 0x01, 0x65, 0x33, 0x03, 0xB4, 0xF9, 0xB1, 0x4E, 0x7C, 0x20, 0x00,
    0xB2, 0x91, 0x01, 0xA2, 0x7C, 0xDD, 0x37, 0x3A, 0x57, 0xCF, 0x86, 0x00, 0x1A, 0x51, 0x2A, 0xFC,
    0x92, 0xC5, 0x23, 0xE6, 0xCD, 0x39, 0xE0, 0xD1, 0x95, 0x72, 0x06, 0x06, 0xB9, 0xF3, 0x7A, 0x1C,
    0xE9, 0x57, 0x3E, 0x28, 0x08, 0xCF, 0x82, 0xEE, 0xA3, 0x62, 0xA8, 0x56, 0x2E, 0x0B, 0xEA, 0x7D,
    0x2B, 0xB2, 0x0A, 0xFF, 0xA2, 0xC1, 0x21, 0x06, 0xEC, 0xA4, 0x7C, 0xDB, 0xCF, 0x3C, 0x24, 0x73,
    0x06, 0x1C, 0xFC, 0xD5, 0xFE, 0x6D, 0x8B, 0x31, 0xCD, 0x96, 0x73, 0xC2, 0x51, 0x20, 0x61, 0x53,
    0xB3, 0x5F, 0xD9, 0xD8, 0xAC, 0xA0, 0x2C, 0x94, 0x9F, 0x9F, 0x1F, 0x06, 0x2D, 0xB9, 0xB5, 0xFC,
    0xD5, 0x8A, 0x69, 0xCD, 0xAC, 0xF3, 0xD6, 0xED, 0x30, 0x4E, 0x4F, 0x85, 0x5F, 0xC1, 0xD8, 0xA0,
    0xDC, 0xDF, 0x8F, 0x3A, 0x4D, 0xCF, 0x05, 0x24, 0x84, 0x3F, 0xF0, 0xB1, 0x4C, 0xCB, 0x5D, 0xAE,
    0x6D, 0xEB, 0xF6, 0xE0, 0x4A, 0xCA, 0x45, 0xCD, 0xCA, 0x82, 0x9E, 0x9A, 0xDA, 0xFD, 0x66, 0xC5,
    0xB1, 0xE6, 0x83, 0x4E, 0x40, 0xA8, 0x96, 0x8E, 0xBF, 0x46, 0x03, 0xDC, 0xBF, 0x7C, 0xE1, 0x80,
    0x4E, 0x20, 0x0B, 0x49, 0x4C, 0xC0, 0xF9, 0x2B, 0xF8, 0x2A, 0x69, 0x91, 0xAF, 0xC8, 0x80, 0xF9,
    0x25, 0x96, 0xFC, 0x2B, 0x18, 0xAE, 0x62, 0x6B, 0xF1, 0x2B, 0x14, 0x93, 0x9B, 0xB3, 0xE7, 0x48,
    0x82, 0xBB, 0x3A, 0xE6, 0x06, 0xBF, 0x03, 0x04, 0x34, 0xAB, 0xC1, 0x61, 0x9D, 0x72, 0xF5, 0x5F,
    0xFA, 0x58, 0x24, 0x16, 0x2F, 0x45, 0x8E, 0x43, 0xCD, 0x04, 0x64, 0xAA, 0x51, 0x0A, 0xE5, 0xCE,
    0xBF, 0xE6, 0xB1, 0x73, 0x79, 0xBD, 0x4E, 0x74, 0x84, 0x2D, 0x93, 0xAE, 0x5B, 0x6B, 0xFD, 0x9B,
    0x16, 0xCF, 0x9B, 0x9B, 0x0B, 0x86, 0x63, 0x76, 0x3B, 0x84, 0x4A, 0x39, 0xF8, 0x8E, 0xCF, 0xE3,
    0xD0, 0x18, 0xFC, 0x86, 0xAB, 0x09, 0x90, 0x7C, 0x24, 0x30, 0xF9, 0x14, 0x38, 0x07, 0x3B, 0xAE,
    0xC0, 0x2B, 0xD3, 0xF6, 0x02, 0xCE, 0xC1, 0x00, 0xB0, 0xCF, 0xE7, 0x72, 0x0B, 0x5C, 0xA2, 0x79,
    0xF0, 0x9E, 0xC3, 0xE7, 0xD0, 0x2B, 0x0C, 0x32, 0x81, 0xF1, 0xA0, 0xCF, 0x2D, 0x90, 0x6A, 0x14,
    0x3A, 0xC7, 0x01, 0xB2, 0x4F, 0xE8, 0x72, 0x8B, 0x6C, 0x02, 0x89, 0xF3, 0x7B, 0x4C, 0xA0, 0x16,
    0x48, 0x3D, 0x23, 0xE9, 0x49, 0xFF, 0xDB, 0xA0, 0x14, 0xA8, 0x76, 0x1E, 0x01, 0x8A, 0x87, 0x52,
    0xE4, 0x74, 0xC9, 0x94, 0x2A, 0x75, 0x53, 0x93, 0xD5, 0x26, 0x52, 0x29, 0xF0, 0x60, 0xEB, 0x5C,
    0x93, 0x57, 0x64, 0xD3, 0xA9, 0x85, 0x7E, 0x55, 0x60, 0x93, 0x3C, 0xD2, 0x5B, 0x2B, 0x1C, 0xBA,
    0x95, 0x3E, 0xE6, 0x4B, 0xB1, 0x41, 0x5E, 0xAC, 0x9E, 0xBF, 0x2B, 0xE5, 0xD7, 0xF9, 0xB6, 0x9E,
    0x78, 0x6A, 0xE4, 0x16, 0x0A, 0x4A, 0x39, 0x71, 0x5E, 0x6C, 0xF7, 0x9F, 0x2F, 0x0B, 0x15, 0x24,
    0x35, 0xF9, 0x2F, 0x2F, 0x53, 0xCC, 0x95, 0xF3, 0x62, 0xDC, 0xF9, 0x98, 0x59, 0x69, 0x20, 0xAF,
    0xC9, 0x39, 0x73, 0x7E, 0x6F, 0xD7, 0x9D, 0x20, 0xE7, 0xCD, 0xC2, 0xCB, 0x49, 0x15, 0x7E, 0x4D,
    0xCB, 0xE9, 0x73, 0x25, 0x5C, 0xDE, 0xBF, 0x3E, 0x77, 0xFE, 0x89, 0x55, 0x22, 0x55, 0x59, 0xFD,
    0x56, 0x12, 0x06, 0x2E, 0x4D, 0x6A, 0x93, 0x2A, 0xAC, 0x5E, 0x44, 0x28, 0x8A, 0x57, 0x25, 0x15,
    0xF9, 0x60, 0x41, 0xED, 0x2B, 0xAF, 0xCB, 0xF9, 0x77, 0xAE, 0x6E, 0xF4, 0x20, 0x76, 0x00, 0x5C,
    0xB9, 0x72, 0xDE, 0x6E, 0x98, 0x20, 0x56, 0x01, 0x84, 0xFA, 0x5C, 0xC9, 0x3F, 0x37, 0x22, 0x10,
    0x1B, 0x47, 0x2B, 0xF2, 0x0E, 0x5D, 0x6C, 0x19, 0xB3, 0x08, 0x05, 0x23, 0xD5, 0xF9, 0x17, 0x2F,
    0xE5, 0xCC, 0x93, 0x73, 0x6E, 0x02, 0xD2, 0xC8, 0x0E, 0xAF, 0x23, 0xB1, 0xDC, 0x62, 0x52, 0x4F,
    0xC4, 0x96, 0x67, 0x26, 0x80, 0xC9, 0xE4, 0x35, 0x88, 0x4C, 0xA3, 0xE1, 0x29, 0x83, 0xCA, 0x80,
    0x89, 0xCA, 0xEC, 0x1A, 0xC1, 0x06, 0x13, 0x94, 0xA6, 0x71, 0x28, 0xD5, 0x4E, 0x75, 0x54, 0x99,
    0xBF, 0x1E, 0x52, 0x2A, 0xBC, 0xCA, 0x55, 0x3E, 0x07, 0x65, 0x6B, 0x92, 0x5A, 0xFC, 0xA7, 0xFD,
    0x12, 0xAB, 0x62, 0x6B, 0x92, 0xAA, 0xFC, 0xBB, 0x97, 0x96, 0xE6, 0xD8, 0x80, 0x0B, 0x29, 0x8D,
    0x5E, 0x67, 0xCB, 0xA3, 0x73, 0x6A, 0xC0, 0x04, 0x90, 0x04, 0xE5, 0x5C, 0x91, 0xD7, 0xE4, 0xFC,
    0xBF, 0xEF, 0x32, 0x47, 0xCD, 0xA5, 0x80, 0x4A, 0x91, 0xDA, 0xFC, 0x87, 0x97, 0x81, 0xE6, 0xD0,
    0x80, 0x25, 0x50, 0x28, 0x52, 0x27, 0xCD, 0x12, 0xAC, 0xAA, 0x91, 0x30, 0x22, 0x56, 0xAF, 0x13,
    0x01, 0xDE, 0xC1, 0x85, 0x30, 0x40, 0xCA, 0x3C, 0x02, 0x39, 0x44, 0x81, 0x07, 0x40, 0x4C, 0xC8,
    0x29, 0xD3, 0x01, 0x1C, 0xA5, 0x35, 0xF9, 0x6F, 0x2F, 0x67, 0xCC, 0x91, 0x73, 0x41, 0x5B, 0x2A,
    0x7C, 0x28, 0x04, 0xB2, 0x89, 0x82, 0x32, 0x95, 0xFE, 0x6C, 0xB4, 0x2A, 0x33, 0x00, 0xBC, 0xEB,
    0x92, 0x6A, 0xFC, 0xA8, 0x18, 0xD2, 0x94, 0x05, 0x4A, 0x60, 0x17, 0x94, 0x7E, 0xBF, 0x23, 0xE5,
    0xF5, 0x39, 0x92, 0x1E, 0x68, 0x56, 0xA6, 0x03, 0xD9, 0xC4, 0xEB, 0x91, 0xBA, 0xFC, 0x7F, 0x97,
    0x9B, 0xE6, 0x86, 0x5E, 0x54, 0xC8, 0x90, 0x4A, 0xAA, 0x08, 0x6B, 0xD6, 0x27, 0xF5, 0x88, 0x48,
    0x1F, 0xFB, 0x63, 0x87, 0x04, 0x5E, 0x52, 0xFA, 0x27, 0xC6, 0x8B, 0x3F, 0xA3, 0xC8, 0x2C, 0x90,
    0x6A, 0x46, 0x9A, 0x95, 0x0C, 0xE7, 0x40, 0x39, 0xF3, 0xFE, 0x7C, 0x00, 0x41, 0x94, 0x99, 0xC2,
    0xA5, 0x55, 0x3E, 0xB0, 0x22, 0xAF, 0x58, 0x92, 0x4A, 0xA7, 0xC1, 0xDF, 0xA8, 0x0E, 0x26, 0x11,
    0x59, 0x4F, 0x04, 0x2F, 0x7A, 0xB6, 0x24, 0x1B, 0xD2, 0x02, 0x4C, 0xED, 0x22, 0x19, 0xA8, 0x1F,
    0xE6, 0x0E, 0x09, 0x01, 0x6A, 0x73, 0xD1, 0x0E, 0x54, 0x03, 0xF3, 0x07, 0x14, 0x80, 0xD9, 0x38,
    0xB0, 0x87, 0xEE, 0x01, 0xA9, 0x46, 0x02, 0x29, 0x4F, 0xAF, 0x32, 0x40, 0x22, 0x2A, 0x80, 0x6E,
    0x91, 0xC0, 0x4E, 0x53, 0xAE, 0x22, 0x5C, 0x44, 0xC1, 0xCF, 0x60, 0x51, 0x7D, 0xA4, 0x57, 0x9B,
    0x44, 0x82, 0xD1, 0x39, 0xB0, 0x14, 0x68, 0x0A, 0x4A, 0x83, 0x0E, 0x41, 0x28, 0x98, 0x12, 0xA8,
    0x0D, 0x09, 0xEF, 0x44, 0x5D, 0x70, 0x46, 0xCC, 0x09, 0x72, 0x07, 0x34, 0xF4, 0xC2, 0x30, 0xB8,
    0x06, 0xA7, 0x5B, 0x8A, 0xF2, 0xF2, 0x22, 0x30, 0xC8, 0x12, 0xE8, 0x0F, 0xC9, 0x72, 0xEF, 0xE2,
    0x31, 0xB8, 0x06, 0xE8, 0x13, 0x2A, 0xDC, 0x04, 0x67, 0xFA, 0xA4, 0x58, 0x2D, 0xDF, 0xB3, 0xCC,
    0x27, 0x50, 0x00, 0xE1, 0xC8, 0x15, 0x72, 0xA2, 0x7C, 0x28, 0xB0, 0xFB, 0x24, 0x26, 0x91, 0xF7,
    0xA5, 0x43, 0xB9, 0x90, 0x0C, 0x3C, 0xFC, 0x38, 0x13, 0xA8, 0x48, 0xCE, 0x93, 0x30, 0xDF, 0xCC,
    0x0A, 0xD8, 0x6D, 0xF4, 0x83, 0x81, 0x29, 0x38, 0x70, 0x26, 0x1B, 0xF9, 0xF2, 0xF6, 0x81, 0xC0,
    0xA8, 0x94, 0xE5, 0x8B, 0xAF, 0xE4, 0x01, 0xF5, 0x21, 0x29, 0x56, 0x0D, 0x5D, 0x93, 0xD7, 0xE1,
    0x96, 0x09, 0x38, 0x3E, 0xA4, 0x25, 0x4A, 0xE6, 0x2B, 0xF9, 0xF0, 0xE0, 0x50, 0x4A, 0xB7, 0x91,
    0xD7, 0x65, 0x40, 0x21, 0x94, 0xA8, 0x38, 0x52, 0x12, 0xBD, 0x03, 0x7D, 0x41, 0x2B, 0x48, 0x37,
    0xBF, 0x02, 0x74, 0xC0, 0x99, 0x3B, 0x24, 0x26, 0x95, 0x0E, 0xAA, 0x4D, 0x83, 0x83, 0x50, 0xBA,
    0x4C, 0x07, 0x93, 0x13, 0x1C, 0xC3, 0x7F, 0x21, 0x30, 0xD8, 0x37, 0xB2, 0x12, 0xFD, 0x03, 0x75,
    0x41, 0x2E, 0x50, 0x36, 0xF2, 0x12, 0xD5, 0x83, 0x6B, 0x41, 0x2C, 0xCE, 0x26, 0x12, 0xEB, 0x02,
    0x06, 0xD5, 0xD8, 0x50, 0x93, 0x6D, 0x0A, 0xB0, 0xCF, 0xEC, 0x30, 0xC0, 0x40, 0xD4, 0x06, 0x93,
    0xE6, 0x41, 0x80, 0xFD, 0x52, 0x9C, 0x4A, 0x66, 0x23, 0xF9, 0x06, 0xCE, 0x82, 0x3C, 0xD8, 0x1E,
    0xF6, 0x23, 0xBB, 0x80, 0x12, 0x42, 0x39, 0xB0, 0x01, 0x24, 0x23, 0x7C, 0x00, 0x16, 0x42, 0x35,
    0xC0, 0xD1, 0xE8, 0x23, 0x3B, 0x06, 0xCB, 0x20, 0x74, 0xD8, 0x6C, 0x6E, 0x4B, 0xDA, 0x88, 0xD3,
    0xE2, 0x34, 0xF8, 0x8D, 0x3E, 0x23, 0x4F, 0x88, 0xD3, 0xF4, 0xE8, 0xB0, 0x8D, 0x3A, 0x1A, 0xDF,
    0xD9, 0xE5, 0xC2, 0x2D, 0x98, 0x20, 0x6E, 0x59, 0x09, 0x4D, 0xA2, 0x52, 0xAA, 0x9D, 0xAC, 0x2A,
    0x93, 0x11, 0x85, 0x44, 0x5F, 0x50, 0x5E, 0x54, 0x2A, 0xB4, 0x11, 0x97, 0x2B, 0x71, 0x21, 0x19,
    0xE4, 0x09, 0x52, 0x11, 0xA7, 0x00, 0x95, 0x21, 0x1A, 0xF0, 0x33, 0x36, 0x11, 0xB5, 0x41, 0x8B,
    0x60, 0xC9, 0xF2, 0x5C, 0x0C, 0xBA, 0x83, 0x2B, 0xA0, 0xC3, 0x98, 0x40, 0x26, 0x14, 0x4A, 0x89,
    0xDE, 0x81, 0x45, 0xF0, 0x91, 0xEA, 0x24, 0x5E, 0x89, 0x0F, 0x62, 0x41, 0xC8, 0x8F, 0xFA, 0x23,
    0xDA, 0x95, 0x96, 0xE0, 0xCC, 0xB8, 0x23, 0xFF, 0x67, 0x97, 0x06, 0x46, 0x82, 0x3C, 0x90, 0x8E,
    0xFA, 0x51, 0x99, 0x4D, 0xA3, 0x51, 0xAA, 0x9E, 0x40, 0x3D, 0x36, 0x11, 0xDD, 0x01, 0x2D, 0x31,
    0x1C, 0x74, 0x46, 0xBB, 0x11, 0x96, 0xC4, 0x5F, 0xB1, 0x16, 0x74, 0x45, 0x39, 0x04, 0x8F, 0xC1,
    0xAD, 0x90, 0x67, 0xCC, 0x59, 0x57, 0x31, 0x7E, 0x41, 0x9D, 0x31, 0x11, 0x5E, 0xA4, 0x22, 0x2B,
    0x08, 0x82, 0xF5, 0x21, 0x10, 0x7C, 0x32, 0x92, 0x06, 0x84, 0xC4, 0x3D, 0x7A, 0x90, 0x87, 0xAC,
    0x21, 0xCC, 0x86, 0x6B, 0xE6, 0x40, 0xD8, 0x34, 0xFE, 0x22, 0x0C, 0x99, 0x66, 0x41, 0x9D, 0x90,
    0xB1, 0x6C, 0x21, 0xCA, 0xCD, 0x2B, 0xB2, 0x70, 0x6B, 0x4A, 0x75, 0x60, 0x93, 0x83, 0x5A, 0xFC,
    0xBB, 0x10, 0x85, 0xA7, 0xCB, 0xAB, 0x08, 0x46, 0x7C, 0xBA, 0x58, 0x83, 0x6B, 0xCB, 0xA1, 0x05,
    0x76, 0x7C, 0xB9, 0xD0, 0x81, 0xA8, 0x19, 0x1F, 0x80, 0xE2, 0x55, 0xD8, 0x3D, 0x82, 0x0E, 0x10,
    0x8B, 0xF3, 0xA0, 0x60, 0xC0, 0xA8, 0x2F, 0x66, 0x20, 0xDE, 0x82, 0xEE, 0xF0, 0x78, 0x3F, 0x2E,
    0x66, 0x0B, 0xBA, 0xC1, 0xC4, 0x21, 0x30, 0x5D, 0x52, 0x0F, 0x0D, 0xE5, 0xCA, 0x01, 0x73, 0x78,
    0x3C, 0x43, 0x96, 0x50, 0x8B, 0x41, 0xE2, 0x5C, 0xB8, 0xF8, 0xB8, 0x70, 0x19, 0x4B, 0x81, 0xE3,
    0xE0, 0x78, 0xF8, 0x85, 0xEE, 0x29, 0x6B, 0x14, 0x66, 0xA4, 0x57, 0xA8, 0x1E, 0x29, 0x6A, 0x03,
    0xC5, 0x2E, 0x00, 0x78, 0xB8, 0x86, 0x6E, 0x19, 0xD9, 0x5A, 0xEB, 0xF7, 0x10, 0xA6, 0x48, 0x1A,
    0x14, 0x0F, 0x44, 0xAC, 0xD5, 0xFB, 0x60, 0x53, 0x64, 0x0C, 0xFA, 0x06, 0x76, 0x56, 0x1A, 0xFD,
    0x9C, 0x43, 0xD4, 0x06, 0x7D, 0x83, 0x3D, 0x2A, 0xFD, 0x7E, 0xCC, 0x22, 0x19, 0x03, 0x3E, 0x81,
    0x9D, 0x95, 0x8E, 0xBF, 0x69, 0x11, 0x15, 0x01, 0x9F, 0x61, 0x4C, 0xFC, 0x0A, 0x53, 0x08, 0x5C,
    0x83, 0x2B, 0x38, 0xF1, 0xE4, 0x2B, 0x5C, 0xB6, 0x57, 0xEE, 0x66, 0xE4, 0xAD, 0x72, 0xE5, 0x5F,
    0xBC, 0x08, 0x92, 0x42, 0xD1, 0xA0, 0x0E, 0xE4, 0x00, 0xB9, 0x02, 0x2A, 0x42, 0xD0, 0xA0, 0x0E,
    0xE5, 0x60, 0x01, 0xDC, 0x84, 0x49, 0x31, 0x68, 0xD8, 0x07, 0x72, 0xAC, 0xD7, 0xEB, 0xE2, 0x25,
    0xA9, 0xBD, 0xA7, 0x5C, 0xAE, 0x57, 0xEC, 0x62, 0x25, 0xA1, 0xDE, 0xA7, 0x16, 0x0C, 0xAF, 0xC3,
    0x2B, 0xE9, 0x48, 0x34, 0xF6, 0x70, 0x89, 0x4C, 0xC6, 0x45, 0x20, 0x82, 0xCE, 0xC5, 0x57, 0x97,
    0x91, 0x5B, 0x16, 0x7A, 0xFD, 0xB8, 0x44, 0xD6, 0x22, 0x6C, 0xEE, 0x15, 0xFB, 0xB0, 0x89, 0xA4,
    0x2E, 0x6A, 0x10, 0x46, 0x56, 0xFA, 0xFD, 0xD4, 0x44, 0xF2, 0x17, 0x44, 0x80, 0x31, 0x33, 0x47,
    0xCA, 0xD6, 0x22, 0x6A, 0x03, 0x36, 0x40, 0x15, 0xA5, 0x6E, 0xBF, 0x61, 0x11, 0x34, 0x85, 0xDD,
    0x40, 0x0A, 0xCA, 0xB5, 0x5F, 0xB0, 0x08, 0x96, 0x42, 0xEF, 0x90, 0xEE, 0x70, 0x7D, 0xFE, 0x08,
    0x7F, 0x02, 0xAE, 0xAC, 0xB8, 0x05, 0x12, 0x87, 0x82, 0x2A, 0x80, 0xA3, 0x90, 0xC8, 0xEE, 0x45,
    0x2A, 0x5B, 0xAB, 0xF7, 0x41, 0x0E, 0xD0, 0x5C, 0xB2, 0x0C, 0xD4, 0xB1, 0x35, 0xCB, 0x8D, 0x7E,
    0xEE, 0x0D, 0x19, 0x0B, 0x9E, 0x41, 0x99, 0x90, 0x06, 0x65, 0x5C, 0xB5, 0x57, 0xEE, 0x00, 0xD2,
    0x90, 0xBA, 0x64, 0x19, 0x89, 0x00, 0x5E, 0x75, 0xEA, 0xFD, 0x90, 0x44, 0x74, 0x17, 0x6D, 0x03,
    0x37, 0x2C, 0x4D, 0x72, 0xB0, 0x09, 0x79, 0x66, 0xC5, 0xDD, 0x30, 0xCC, 0xE0, 0x56, 0xBF, 0x02,
    0x56, 0x02, 0x47, 0xF1, 0x15, 0xFF, 0x25, 0x0C, 0x0C, 0xFC, 0xA3, 0x40, 0xE3, 0x98, 0x26, 0xAA,
    0x22, 0xAB, 0xD7, 0x2D, 0xE1, 0x29, 0xA5, 0xD4, 0x25, 0x36, 0x11, 0x86, 0x45, 0x77, 0x38, 0x78,
    0x28, 0xA8, 0x23, 0x4B, 0xE2, 0x41, 0xE1, 0x20, 0x58, 0xC8, 0x46, 0xD8, 0x01, 0x14, 0x81, 0xE5,
    0x20, 0x71, 0x4C, 0x47, 0x39, 0x00, 0xD4, 0xC1, 0xE7, 0x51, 0x1E, 0xE7, 0x12, 0x0F, 0x59, 0x04,
    0x16, 0x64, 0x69, 0xC9, 0x54, 0x6E, 0x0A, 0xFF, 0x83, 0xD3, 0x05, 0x48, 0xA4, 0xA8, 0xA9, 0x16,
    0x04, 0xAC, 0x92, 0x69, 0x50, 0x9D, 0xD4, 0x8D, 0x92, 0x11, 0xC4, 0xC2, 0x7B, 0x52, 0x36, 0xE4,
    0x09, 0xD3, 0x09, 0xFC, 0xC8, 0xD9, 0x90, 0x0D, 0xC8, 0x28, 0x56, 0x23, 0x76, 0xC0, 0x3B, 0x30,
    0x28, 0x54, 0x8D, 0xF9, 0x02, 0x84, 0xC0, 0xC7, 0x32, 0x37, 0x66, 0x26, 0x14, 0x7E, 0xA5, 0x0F,
    0x60, 0xB4, 0xF8, 0x94, 0x72, 0x8D, 0x3A, 0x4E, 0x84, 0x3D, 0x22, 0x37, 0xCC, 0x21, 0x57, 0xEF,
    0x8C, 0xA6, 0x9E, 0x41, 0x94, 0xEC, 0x4A, 0x75, 0x23, 0x54, 0xBB, 0x75, 0xFF, 0x00, 0x95, 0xAA,
    0x46, 0x89, 0x75, 0xEB, 0xFD, 0xC1, 0x2C, 0xDC, 0x8C, 0xF2, 0xEB, 0x57, 0xFB, 0x62, 0x5C, 0xA9,
    0xAF, 0x65, 0xD9, 0xAF, 0xF7, 0x84, 0xBF, 0x60, 0xE6, 0x7C, 0x08, 0xD2, 0x0A, 0x36, 0x03, 0xA1,
    0x60, 0xC2, 0xDB, 0xC3, 0x5F, 0xF3, 0x05, 0x16, 0xF5, 0xCF, 0x2D, 0x7F, 0xD4, 0x25, 0xA9, 0x1B,
    0x36, 0xE0, 0x0C, 0x91, 0x1B, 0x6E, 0x03, 0x9A, 0x4A, 0x0D, 0x97, 0x6E, 0x8D, 0x7F, 0xAC, 0x25,
    0xD9, 0x1B, 0x2E, 0xFD, 0x3A, 0xFF, 0x60, 0x4B, 0xF2, 0x23, 0x8E, 0xC1, 0x09, 0x61, 0x28, 0xFD,
    0x09, 0x12, 0x99, 0x04, 0xAE, 0x5E, 0x00, 0x3C, 0xCE, 0xB9, 0xDD, 0xAF, 0xF8, 0x88, 0xCB, 0xCF,
    0x25, 0x7F, 0xD2, 0x46, 0x5B, 0x78, 0xEB, 0xFE, 0x82, 0x32, 0xD8, 0x0F, 0x33, 0x23, 0x2D, 0xFA,
    0x55, 0xFE, 0xB9, 0x19, 0x6E, 0x03, 0xE9, 0x11, 0x92, 0xE0, 0x72, 0xF8, 0x1C, 0xA4, 0x34, 0xD9,
    0xF3, 0x21, 0x40, 0x38, 0xA8, 0x2B, 0xE6, 0x69, 0xEC, 0x02, 0x36, 0x60, 0x36, 0xB1, 0x1B, 0x29,
    0xE2, 0xAF, 0xF9, 0xC0, 0x71, 0x22, 0x36, 0x5C, 0x0F, 0x93, 0x8A, 0x91, 0xB3, 0x1D, 0xFA, 0xFF,
    0x90, 0x07, 0x94, 0x23, 0x65, 0xFA, 0xB5, 0xFE, 0xD1, 0x45, 0xEA, 0x46, 0xCA, 0x74, 0x2B, 0xFD,
    0x50, 0x20, 0x50, 0x8D, 0x93, 0x2D, 0xCD, 0xC3, 0x6D, 0xF0, 0x80, 0xFC, 0x5B, 0x5C, 0x0A, 0xC6,
    0xB9, 0x82, 0x4A, 0x9A, 0xAB, 0x2B, 0x5C, 0xED, 0x83, 0xFE, 0x9E, 0x00, 0x7F, 0xE6, 0xAD, 0x64,
    0x0D, 0x64, 0xC5, 0x35, 0x22, 0x3A, 0x4F, 0xB0, 0x3A, 0x49, 0x4B, 0x48, 0xE7, 0x40, 0x0C, 0xC8,
    0x74, 0x52, 0x14, 0xBC, 0xC8, 0xE3, 0x30, 0x08, 0xCE, 0x30, 0x29, 0x59, 0x11, 0xC2, 0x7D, 0x81,
    0xCF, 0x48, 0x52, 0x73, 0x35, 0x2E, 0xD5, 0xC1, 0xC2, 0x99, 0xFC, 0x18, 0xD3, 0x1F, 0x15, 0x39,
    0x81, 0x41, 0x98, 0xD8, 0x6E, 0x5A, 0xCC, 0x80, 0xBA, 0x51, 0x20, 0x49, 0x48, 0x8D, 0x35, 0xEC,
    0x02, 0x42, 0x44, 0x68, 0xA8, 0x05, 0xA4, 0x08, 0xFA, 0x11, 0xA6, 0xA0, 0x11, 0x9C, 0xDC, 0x8D,
    0x36, 0xEC, 0x02, 0x32, 0x86, 0xA7, 0xF8, 0x23, 0x3E, 0x04, 0x5C, 0x08, 0xF7, 0xE6, 0xA5, 0xB4,
    0x68, 0xD4, 0xB6, 0x03, 0xA4, 0x88, 0xD3, 0xF1, 0x1C, 0x50, 0x0F, 0x32, 0x04, 0x54, 0x84, 0x6B,
    0x5E, 0xC0, 0xEB, 0xAE, 0x01, 0x69, 0x82, 0x2A, 0x82, 0x30, 0xB8, 0x04, 0xA7, 0x5B, 0x11, 0x65,
    0xBB, 0x00, 0x8B, 0xA1, 0xA5, 0x3E, 0x09, 0x1F, 0x81, 0x2E, 0x87, 0x73, 0xA1, 0xA5, 0xA6, 0x3A,
    0x79, 0x92, 0xB2, 0x60, 0x8D, 0xA2, 0x31, 0x6A, 0x07, 0x59, 0x83, 0x22, 0x59, 0x61, 0x12, 0xE0,
    0x19, 0x53, 0xA3, 0x08, 0x8F, 0x00, 0x14, 0x90, 0x33, 0x24, 0x31, 0x79, 0x88, 0x8B, 0x20, 0x18,
    0x9C, 0x60, 0x63, 0x32, 0x11, 0x05, 0xC1, 0xA3, 0x38, 0x98, 0x87, 0xB0, 0x4F, 0xCB, 0x8F, 0xDF,
    0xE0, 0x43, 0x90, 0x47, 0x3E, 0x21, 0xED, 0x1A, 0x36, 0x73, 0xA1, 0x0E, 0xD0, 0x07, 0x12, 0x62,
    0xC5, 0x53, 0xDF, 0x21, 0x67, 0x4F, 0xAC, 0x47, 0x1C, 0x88, 0x7A, 0x43, 0x29, 0x98, 0x87, 0xE8,
    0x0E, 0x19, 0x08, 0x76, 0x80, 0xE0, 0x90, 0x86, 0xEC, 0x31, 0xFA, 0x1A, 0x02, 0xB9, 0xB1, 0x0C,
    0x7D, 0x86, 0xB7, 0x23, 0xC7, 0xC1, 0x9F, 0x32, 0x3B, 0xFC, 0x19, 0x37, 0x34, 0x44, 0x85, 0xFD,
    0x63, 0x44, 0x48, 0x5F, 0x76, 0x34, 0x4C, 0x85, 0xEF, 0x83, 0x45, 0x48, 0x5E, 0x78, 0x34, 0x5C,
    0x85, 0xE1, 0x82, 0x78, 0xFC, 0x07, 0xFB, 0x04, 0x07, 0xC4, 0x4D, 0xC4, 0x68, 0x4C, 0xE1, 0xF4,
    0x46, 0x77, 0xC8, 0xEF, 0xE3, 0x49, 0x54, 0x8E, 0xF7, 0x34, 0xA5, 0x48, 0xEF, 0x73, 0x4B, 0x5C,
    0x8E, 0xF9, 0x34, 0xCD, 0x48, 0xEF, 0x73, 0x4D, 0x5C, 0x8E, 0xFF, 0x02, 0x8E, 0x83, 0x3F, 0x53,
    0x4D, 0x7C, 0xD3, 0x54, 0x05, 0xE4, 0x8D, 0x35, 0xA6, 0x68, 0xCC, 0xD3, 0x5B, 0x06, 0x1D, 0x0D,
    0x37, 0xF3, 0x4D, 0xE9, 0x74, 0x73, 0x34, 0xDF, 0xC3, 0x43, 0xF9, 0x11, 0xA6, 0xF8, 0x38, 0x4D,
    0xA3, 0x36, 0x8D, 0xB0, 0xB9, 0xA7, 0xB6, 0x69, 0xDB, 0x11, 0xDA, 0xA8, 0xD1, 0xA9, 0x1D, 0x66,
    0x8D, 0x1D, 0x91, 0xD6, 0x68, 0xD1, 0xB9, 0x1D, 0x2A, 0x8D, 0x2C, 0x91, 0xD7, 0x66, 0x09, 0xDC,
    0x7C, 0x8E, 0xBF, 0x46, 0xB6, 0xCD, 0x21, 0x94, 0x6C, 0x60, 0x5E, 0x92, 0x46, 0xC7, 0x05, 0xEF,
    0x24, 0x6C, 0x70, 0x5F, 0x32, 0x46, 0xC7, 0x05, 0xF9, 0x44, 0x6C, 0xF0, 0x8E, 0xB3, 0x11, 0x8F,
    0xC1, 0x1F, 0xF0, 0x25, 0x50, 0x46, 0x3F, 0x11, 0x8D, 0xA7, 0x48, 0xD7, 0xEA, 0x35, 0xBE, 0x8D,
    0x6F, 0xA3, 0x5B, 0xE8, 0xD6, 0xFA, 0x35, 0xBE, 0x8D, 0x6F, 0xA3, 0x5B, 0xE2, 0x41, 0xF8, 0x29,
    0xBA, 0x23, 0xFA, 0x46, 0x91, 0xAD, 0xF4, 0x6B, 0x7D, 0x1A, 0xDF, 0x46, 0xB7, 0xD1, 0xAD, 0xF4,
    0x6B, 0x7D, 0x1A, 0xDF, 0x12, 0x47, 0xC2, 0xEB, 0xE8, 0xFA, 0x35, 0xBE, 0x1C, 0x6C, 0xB4, 0xEA,
    0x68, 0xD5, 0xBB, 0xC7, 0x6A, 0x79, 0x0F, 0xA3, 0x5B, 0xE8, 0xD6, 0xFA, 0x35, 0xBE, 0x8D, 0x6F,
    0xA3, 0x5B, 0xE0, 0x4E, 0xFD, 0x9E, 0x3A, 0x8D, 0x6E, 0x11, 0xBA, 0xC8, 0xD6, 0xFA, 0x35, 0xBE,
    0x8D, 0x6F, 0xA3, 0x5B, 0xE8, 0xD6, 0xFA, 0x35, 0xBE, 0x8D, 0x6F, 0xA3, 0x5B, 0xE8, 0xD6, 0xFA,
    0x35, 0xBE, 0x8D, 0x6F, 0xA3, 0x5B, 0xE7, 0x44, 0xF8, 0x1D, 0x2A, 0x1B, 0x1B, 0x88, 0xEB, 0xE8,
    0xD5, 0xFA, 0x35, 0x7E, 0x8D, 0x5F, 0x88, 0xE7, 0xE8, 0xD5, 0xF8, 0x6A, 0x7E, 0x03, 0xEA, 0xA3,
    0x57, 0xE1, 0x53, 0x92, 0x35, 0x7E, 0x8D, 0x5F, 0xA3, 0x57, 0xE8, 0xD5, 0xFA, 0x35, 0x7E, 0x8D,
    0x5F, 0xA1, 0x0F, 0xE0, 0x44, 0xB0, 0xC3, 0xFE, 0x8D, 0x5D, 0x21, 0x2E, 0xAD, 0xE1, 0x92, 0x35,
    0xBE, 0x8D, 0x6F, 0xA3, 0x5B, 0xE8, 0xD6, 0xFA, 0x35, 0xBE, 0x8D, 0x6F, 0x82, 0x43, 0xE0, 0x4B,
    0x94, 0x68, 0x47, 0x5F, 0x46, 0xB6, 0xA5, 0x48, 0xD6, 0xFA, 0x35, 0xBE, 0x8D, 0x6F, 0xA3, 0x5B,
    0xE8, 0xD6, 0xFA, 0x35, 0xBE, 0x09, 0x2F, 0xD9, 0xE3, 0x48, 0xD6, 0xD0, 0xB2, 0xB0, 0x8D, 0x5F,
    0xA3, 0x57, 0xE8, 0xD5, 0xFA, 0x35, 0x7E, 0x8D, 0x5F, 0x86, 0x67, 0xE1, 0x57, 0xE4, 0x68, 0x1A,
    0x7F, 0x46, 0xAF, 0xD1, 0xAB, 0x7B, 0x3C, 0x61, 0x1A, 0xDF, 0x46, 0xB7, 0xD1, 0xAD, 0xF4, 0x6B,
    0x7E, 0xB7, 0x3F, 0x01, 0xC4, 0xC8, 0xB7, 0xF4, 0x6A, 0x68, 0x41, 0x7A, 0x46, 0xA7, 0xD1, 0xA9,
    0xF4, 0x6A, 0x7D, 0x1A, 0x9F, 0x46, 0xA7, 0xC0, 0x7B, 0x50, 0x3A, 0xFD, 0x1A, 0x5F, 0x17, 0x55,
    0x11, 0xA5, 0xF4, 0x69, 0x7D, 0x1A, 0x5F, 0x46, 0x97, 0xD1, 0xA5, 0xF4, 0x69, 0x7D, 0x1A, 0x5F,
    0x02, 0x87, 0x0D, 0xFF, 0x61, 0x0F, 0x55, 0x19, 0xFF, 0x46, 0x7F, 0xD1, 0x9F, 0xF4, 0x67, 0xFD,
    0x19, 0xFF, 0x46, 0x7F, 0xC3, 0x1D, 0xA0, 0x66, 0x7D, 0x19, 0xB4, 0x95, 0x23, 0x37, 0xE8, 0xCD,
    0xFA, 0x33, 0x7E, 0x8C, 0xDF, 0xA3, 0x37, 0xE8, 0xCD, 0xF9, 0xA1, 0x3E, 0x04, 0x29, 0x91, 0x57,
    0xD1, 0xE4, 0x65, 0xFD, 0x19, 0x7F, 0x46, 0x5F, 0xD1, 0x97, 0xF4, 0x65, 0xFD, 0x19, 0x7F, 0x46,
    0x5F, 0xC1, 0x17, 0xF0, 0x8D, 0x7C, 0x43, 0xDF, 0x46, 0x4F, 0xCD, 0x15, 0x51, 0x37, 0x4D, 0x19,
    0x5F, 0x46, 0x57, 0xD1, 0x95, 0xF4, 0x65, 0x7D, 0x19, 0x5F, 0x46, 0x57, 0xD1, 0x95, 0xF4, 0x65,
    0x7C, 0xD3, 0xFF, 0x11, 0xBD, 0x11, 0x95, 0xF0, 0x57, 0x5D, 0x19, 0x3F, 0x46, 0x4F, 0xD1, 0x93,
    0xF4, 0x64, 0xFD, 0x19, 0x3F, 0x46, 0x4F, 0xD1, 0x93, 0xF4, 0x64, 0xFC, 0x09, 0xD4, 0x23, 0x0F,
    0xD1, 0x8B, 0xF0, 0x2A, 0xDA, 0xCA, 0x0A, 0xAA, 0x5A, 0xCD, 0x4D, 0xBA, 0xE7, 0x3D, 0x07, 0x92,
    0x46, 0x3D, 0x91, 0x8B, 0x74, 0x61, 0xE5, 0x18, 0x37, 0x45, 0xFF, 0xC6, 0x15, 0xD4, 0x5F, 0xE9,
    0xA4, 0xFF, 0x45, 0xDE, 0x08, 0xA1, 0x84, 0x5B, 0xD9, 0x16, 0xB9, 0x45, 0x9F, 0xD1, 0x67, 0xF4,
    0x59, 0xEA, 0x74, 0x8B, 0x3B, 0x74, 0x2B, 0xFD, 0x72, 0x21, 0x73, 0xAA, 0x8E, 0x39, 0x11, 0x0A,
    0xBD, 0x44, 0x8D, 0xC8, 0x88, 0x55, 0x03, 0x5C, 0xC8, 0x85, 0x7E, 0x55, 0x7F, 0xA2, 0x44, 0x2C,
    0x72, 0x6B, 0xFD, 0x04, 0x5A, 0x7C, 0x1E, 0x7F, 0x45, 0xA7, 0xA3, 0xC4, 0xFD, 0xB7, 0x36, 0xBF,
    0xD3, 0x45, 0xAF, 0x3B, 0x28, 0xE4, 0x92, 0x2D, 0x73, 0xDC, 0x45, 0x74, 0x91, 0x6B, 0x90, 0x21,
    0xCD, 0x16, 0xBB, 0xE3, 0xD7, 0xF9, 0xC8, 0xB5, 0xD7, 0x06, 0xBF, 0xC8, 0x45, 0xAF, 0xC3, 0x41,
    0xF2, 0x03, 0xFD, 0x16, 0xBF, 0x73, 0xD4, 0x91, 0x6B, 0xA4, 0x5A, 0x58, 0x1D, 0xD3, 0xF1, 0x03,
    0xBB, 0x28, 0xB4, 0xA8, 0x13, 0x25, 0xE3, 0x45, 0xB6, 0x52, 0x73, 0x2E, 0xCA, 0x2E, 0x37, 0x5C,
    0xE3, 0x57, 0xF9, 0xA8, 0xBA, 0xED, 0x73, 0x85, 0x5F, 0xE4, 0xA2, 0xF3, 0x20, 0x9D, 0xA2, 0x2F,
    0xBE, 0x18, 0xCD, 0x95, 0x43, 0x08, 0xBE, 0xF4, 0xB9, 0x17, 0xD9, 0x4D, 0x9C, 0xBB, 0xC8, 0xC0,
    0xF8, 0x8A, 0xE5, 0xDD, 0x04, 0xC4, 0x91, 0x85, 0x80, 0x08, 0xCD, 0x18, 0x9B, 0x01, 0xDD, 0x11,
    0x8D, 0xC0, 0x25, 0xD1, 0x19, 0x18, 0x02, 0xDD, 0x91, 0x95, 0xF0, 0x50, 0xFC, 0x0A, 0x3A, 0x11,
    0xF7, 0xD1, 0x95, 0xF1, 0x1F, 0xD8, 0xE5, 0xD2, 0x02, 0xC4, 0x81, 0x25, 0x24, 0x66, 0xFC, 0x14,
    0x76, 0x46, 0x7D, 0x93, 0xC7, 0x2F, 0x12, 0x34, 0x76, 0x13, 0x7A, 0x23, 0x4F, 0xD5, 0xCE, 0x25,
    0x7F, 0x96, 0x8D, 0x5C, 0xD7, 0x38, 0x75, 0xFE, 0x52, 0x35, 0xFE, 0x23, 0x7F, 0x99, 0x2B, 0x21,
    0x43, 0x9F, 0x3A, 0x14, 0x05, 0x3A, 0xA3, 0x6F, 0xE1, 0x46, 0xB8, 0xFD, 0x72, 0x8E, 0x0A, 0x85,
    0x22, 0x99, 0x61, 0xFD, 0x5C, 0x1E, 0xD4, 0x0A, 0x54, 0xE8, 0xC3, 0xFE, 0xBA, 0x39, 0x2A, 0x14,
    0xDA, 0x0C, 0xC2, 0x64, 0x04, 0xC2, 0x39, 0xAA, 0x15, 0x1A, 0x60, 0x48, 0x13, 0x70, 0x7E, 0xD0,
    0x2A, 0x73, 0x89, 0x81, 0x5E, 0xE6, 0xA1, 0xF9, 0xA8, 0x7E, 0x8E, 0x6F, 0xA3, 0x9B, 0x68, 0xE5,
    0xF8, 0x8F, 0xB0, 0x37, 0x69, 0x8D, 0x16, 0x62, 0x98, 0xA1, 0xA7, 0x25, 0x34, 0xAF, 0xCE, 0x82,
    0x13, 0x21, 0x4B, 0x51, 0x1D, 0x74, 0x14, 0x8D, 0x91, 0xD9, 0x61, 0x46, 0xD1, 0x1D, 0xB4, 0x20,
    0x17, 0xC1, 0x39, 0xE2, 0x49, 0xE2, 0x0C, 0x8E, 0xFD, 0x12, 0x4B, 0xE8, 0xEF, 0xFA, 0x3B, 0xFE,
    0x8E, 0xFF, 0xA3, 0xBF, 0x54, 0x39, 0x45, 0x1E, 0x43, 0x07, 0x82, 0x59, 0xE4, 0x95, 0x58, 0x4D,
    0x6E, 0x17, 0x64, 0x83, 0xD1, 0x3E, 0x74, 0x8F, 0xA5, 0x17, 0xFF, 0x4B, 0x91, 0x9E, 0xAA, 0x74,
    0xC9, 0x95, 0x52, 0x65, 0x5D, 0x93, 0x58, 0x24, 0xD0, 0xA9, 0xD4, 0x88, 0x2E, 0xF4, 0x29, 0x07,
    0xC0, 0xA9, 0xB0, 0xF6, 0x7E, 0xC9, 0x07, 0x13, 0xBE, 0x44, 0xED, 0x30, 0x4F, 0x4D, 0x54, 0x55,
    0x9D, 0x4C, 0x01, 0x33, 0x54, 0x7F, 0xFD, 0x1F, 0xFF, 0x47, 0xFF, 0xD1, 0xFF, 0xF4, 0x7F, 0xFC,
    0x14, 0x3F, 0x4E, 0x95, 0xCD, 0x89, 0xF4, 0x7F, 0xFD, 0x1F, 0xFF, 0x47, 0xFF, 0xCD, 0x8B, 0xF4,
    0x7F, 0xFC, 0x4F, 0x1F, 0x55, 0x0F, 0x54, 0xAB, 0x41, 0xDA, 0xCE, 0x34, 0x8F, 0xBD, 0xA3, 0xEB,
    0x28, 0xF8, 0xFA, 0x3E, 0x3E, 0x8F, 0x8F, 0xA3, 0xE3, 0xE8, 0xF8, 0xF8, 0x0F, 0x76, 0x49, 0xEC,
    0x23, 0xD3, 0x48, 0xF2, 0xFA, 0x3C, 0xBE, 0x8F, 0x2F, 0xA3, 0xCB, 0xE8, 0xF2, 0xFA, 0x3C, 0xBE,
    0x08, 0x2F, 0xAC, 0x93, 0x34, 0x39, 0x78, 0x96, 0xA7, 0x47, 0x90, 0x09, 0x6F, 0xE2, 0x5B, 0x94,
    0xA9, 0x1E, 0x9D, 0x68, 0x85, 0x91, 0xEB, 0xF4, 0x7A, 0xFD, 0x1E, 0xBF, 0x47, 0xAF, 0xD1, 0xEB,
    0xF4, 0x7A, 0xFD, 0x1E, 0xBF, 0x47, 0xAF, 0xD8, 0x21, 0x81, 0x2C, 0xD2, 0x74, 0x8F, 0x5F, 0xA3,
    0xD7, 0xE8, 0xF5, 0xFA, 0x3D, 0x7E, 0x8F, 0x5F, 0xA3, 0xD7, 0xE8, 0xF5, 0xFA, 0x3D, 0x7E, 0xCA,
    0x3F, 0x89, 0x4F, 0xE8, 0xF5, 0xE2, 0xAE, 0xE8, 0x05, 0x5C, 0x23, 0xD3, 0xE8, 0xF4, 0xFA, 0x3D,
    0x3E, 0x8F, 0x4F, 0xA3, 0xD3, 0xE8, 0xF4, 0xF8, 0x13, 0x7E, 0xD6, 0x4C, 0x2D, 0x17, 0xE8, 0xF4,
    0xFA, 0x3D, 0x3E, 0x8F, 0x4F, 0x9D, 0x6B, 0xE8, 0xF4, 0xFA, 0x3D, 0x3E, 0x8F, 0x4F, 0xA3, 0xD3,
    0xE8, 0xF4, 0xFA, 0x3D, 0x3E, 0x8F, 0x4F, 0xA3, 0xD3, 0xE0, 0x74, 0xFD, 0x9E, 0x4E, 0x1B, 0x1B,
    0xAF, 0xC6, 0xC2, 0x30, 0xFA, 0x3D, 0x7E, 0x8F, 0x5F, 0x88, 0xBF, 0xE8, 0xF5, 0xF8, 0x8B, 0xFE,
    0x1A, 0xCF, 0xAC, 0xBF, 0xA8, 0xF5, 0x9C, 0xA9, 0x1E, 0xBF, 0x47, 0xAF, 0xD1, 0xEB, 0xF4, 0x7A,
    0xFD, 0x1E, 0xBF, 0x47, 0xAF, 0xD0, 0xC5, 0xF6, 0x02, 0xFD, 0x1E, 0xBF, 0x43, 0x56, 0x51, 0xE9,
    0xF4, 0x7A, 0x7D, 0x1E, 0x9F, 0x47, 0xA7, 0xD1, 0xE9, 0xF4, 0x7A, 0x7C, 0x11, 0xFF, 0x02, 0x54,
    0xC9, 0x2D, 0xF4, 0x7A, 0x6A, 0x34, 0x8F, 0x4F, 0xA3, 0xD3, 0xE8, 0xF4, 0xFA, 0x3D, 0x3E, 0x8F,
    0x4F, 0xA3, 0xD3, 0xE0, 0x91, 0xF8, 0x35, 0xAA, 0x8F, 0x4B, 0x25, 0xFE, 0xA4, 0xD0, 0xA2, 0x3D,
    0x7E, 0x8F, 0x5F, 0xA3, 0xD7, 0xE8, 0xF5, 0xFA, 0x3D, 0x7E, 0x19, 0xAF, 0x8F, 0x53, 0xE8, 0xF5,
    0xFA, 0x3D, 0x7E, 0x21, 0xCD, 0x23, 0xD3, 0xE8, 0xF4, 0xFA, 0x3D, 0x3E, 0x19, 0x1F, 0x91, 0x8B,
    0xE8, 0xF6, 0xFB, 0x54, 0xFE, 0x8F, 0x6F, 0xA3, 0xDB, 0xE8, 0xF6, 0xFA, 0x3D, 0xBE, 0x07, 0x8F,
    0x81, 0xE3, 0xE6, 0xC5, 0xFA, 0x3E, 0x2A, 0x54, 0x79, 0x91, 0x3E, 0x66, 0x8D, 0xAA, 0x3E, 0x7E,
    0x8F, 0x9F, 0xA3, 0xE7, 0xE8, 0xF9, 0xFA, 0x3E, 0x7E, 0x8F, 0x9F, 0x91, 0x53, 0xEB, 0x1A, 0xCB,
    0xFE, 0xF0, 0x8F, 0xBF, 0xA3, 0xEF, 0xE8, 0xFB, 0xFA, 0x3E, 0xFE, 0x8F, 0xBF, 0xA3, 0xEF, 0xE1,
    0x95, 0xFA, 0xC6, 0xEC, 0x8F, 0xDF, 0xC6, 0x91, 0xFB, 0xF4, 0x7E, 0xFD, 0x1F, 0xBF, 0x47, 0xEF,
    0xD1, 0xFB, 0xF4, 0x7E, 0xFC, 0xD8, 0x7F, 0x36, 0x1F, 0xDA, 0xAB, 0x83, 0xFD, 0x49, 0x47, 0xB6,
    0x48, 0x07, 0xD2, 0x01, 0xF4, 0x80, 0x7D, 0x20, 0x1F, 0x48, 0x07, 0xD2, 0x01, 0xF2, 0x31, 0xFD,
    0x20, 0x1F, 0x48, 0x07, 0xD2, 0x01, 0xF4, 0x80, 0x71, 0x1F, 0xFF, 0x47, 0xFF, 0xD1, 0xFF, 0xF4,
    0x7F, 0xFD, 0x1F, 0xFF, 0x47, 0xFF, 0xD1, 0xFF, 0xF4, 0x7F, 0xFD, 0x35, 0x9F, 0x4F, 0x7D, 0x51,
    0xFB, 0xF4, 0x7E, 0xFD, 0x1F, 0xBF, 0x47, 0xEF, 0xD1, 0xFB, 0xF4, 0x7E, 0xFD, 0x1F, 0xBF, 0x47,
    0xEF, 0xD1, 0xFB, 0xF0, 0x57, 0xFC, 0x49, 0x7F, 0x47, 0xFF, 0xC3, 0xA7, 0x6E, 0xF8, 0xC9, 0x29,
    0xE4, 0x19, 0x26, 0xD1, 0xFD, 0x73, 0xB4, 0x4B, 0xC0, 0x90, 0x0B, 0x9F, 0x1A, 0x5D, 0xC4, 0x81,
    0x66, 0xB9, 0xD6, 0x38, 0xC4, 0x92, 0x09, 0x63, 0x98, 0xCB, 0xBC, 0x90, 0x6F, 0x85, 0x07, 0xE9,
    0x06, 0xC1, 0xAE, 0x2D, 0x5C, 0xF0, 0xD7, 0xFC, 0xC1, 0x3F, 0xBD, 0x73, 0xCB, 0x5F, 0xF5, 0x24,
    0x2B, 0x20, 0x0C, 0x99, 0x1A, 0x2E, 0x03, 0x9A, 0x24, 0x3A, 0xD5, 0xCE, 0x89, 0xE9, 0xA4, 0x91,
    0x0C, 0x57, 0x3A, 0x75, 0xFE, 0xC2, 0x44, 0xBE, 0x91, 0x2F, 0xA4, 0x4B, 0x51, 0xA4, 0x89, 0x5B,
    0xBB, 0x5F, 0xF1, 0x11, 0x83, 0x9E, 0x4A, 0xFF, 0xA4, 0x8C, 0x16, 0xF1, 0xD7, 0xFD, 0x04, 0x60,
    0xB0, 0x1E, 0x66, 0x46, 0x0B, 0xF4, 0xAB, 0xFD, 0x72, 0x30, 0x5C, 0xFC, 0xB4, 0x48, 0x8F, 0xDA,
    0x2B, 0xC4, 0x88, 0xF8, 0xD2, 0xB5, 0x04, 0x6C, 0xD2, 0x21, 0xBF, 0x15, 0x7F, 0xCE, 0x91, 0x0D,
    0x01, 0xF2, 0x69, 0x10, 0xCF, 0x7C, 0xF9, 0x92, 0x48, 0x86, 0xFA, 0xB5, 0xFE, 0xD2, 0x44, 0x35,
    0xD0, 0xAF, 0xF5, 0x52, 0x21, 0xF0, 0xD8, 0x7D, 0x22, 0x1F, 0x48, 0x87, 0xC2, 0xAD, 0x84, 0x88,
    0x6C, 0x1F, 0xD3, 0xF0, 0x03, 0xFB, 0x29, 0x10, 0xAA, 0x43, 0xB2, 0x90, 0xCD, 0xA4, 0x2B, 0xA9,
    0x08, 0xCA, 0x41, 0xBE, 0x24, 0x2F, 0xA4, 0x1B, 0xE6, 0xA7, 0xB2, 0x00, 0xA4, 0xFD, 0xCB, 0xA4,
    0x17, 0xE4, 0x58, 0x92, 0x40, 0xF0, 0x90, 0x1D, 0xA3, 0xFF, 0xA8, 0xFD, 0xCA, 0x3E, 0xFE, 0x08,
    0xCF, 0xBE, 0x53, 0xE2, 0x39, 0xFA, 0x3E, 0xFE, 0x46, 0x4F, 0xA3, 0xE2, 0xE8, 0xF6, 0xCA, 0x3D,
    0x36, 0x8F, 0x2F, 0xA3, 0xC3, 0x28, 0xEE, 0xF8, 0x89, 0xBE, 0x3E, 0xED, 0x1D, 0xC2, 0x68, 0xEA,
    0xF9, 0x1A, 0xA8, 0x8E, 0x5B, 0x8C, 0x46, 0x42, 0x24, 0xB8, 0x32, 0xE7, 0x46, 0x11, 0x16, 0x11,
    0xC3, 0x41, 0x89, 0x50, 0x44, 0x39, 0x46, 0xFD, 0x06, 0x29, 0x21, 0x0F, 0xDC, 0x1A, 0x53, 0x89,
    0x9A, 0x1F, 0xE3, 0xF2, 0xF8, 0xFC, 0xBE, 0x8D, 0xFF, 0xA3, 0x7F, 0x65, 0xD4, 0xB2, 0x38, 0x3E,
    0x21, 0xE9, 0x8C, 0x8E, 0x6B, 0x1E, 0xAD, 0x7D, 0x63, 0xD6, 0x8A, 0xAC, 0x7B, 0x03, 0x19, 0x99,
    0x9E, 0xEB, 0x9B, 0x10, 0xC7, 0xC9, 0xDD, 0x82, 0x39, 0xFD, 0x1A, 0xD7, 0x23, 0x97, 0xD1, 0xAD,
    0xF4, 0x6B, 0x7D, 0x1A, 0xDF, 0x46, 0xB6, 0x89, 0xD9, 0xF2, 0xE0, 0x7C, 0x33, 0xBF, 0x11, 0x36,
    0x24, 0x62, 0x26, 0x9B, 0x5A, 0xF0, 0x68, 0xCF, 0x91, 0xC7, 0x28, 0xC6, 0xFA, 0x31, 0xBE, 0x8C,
    0x6F, 0xA3, 0x1B, 0xE4, 0x71, 0xF8, 0x14, 0x7C, 0x69, 0x6B, 0x24, 0x12, 0x86, 0x96, 0xFA, 0x31,
    0xFE, 0x8C, 0x7F, 0xA3, 0x1F, 0xE8, 0xC7, 0xF9, 0xA5, 0xFE, 0x1A, 0x2F, 0xA3, 0x1E, 0xE6, 0x97,
    0xC0, 0xE0, 0xF6, 0x8C, 0xBF, 0x1A, 0x66, 0xE8, 0xCD, 0xFA, 0x33, 0x7E, 0x8C, 0xDF, 0xA3, 0x37,
    0xE8, 0xCD, 0xFA, 0x22, 0x36, 0x47, 0x0E, 0x23, 0x47, 0x46, 0x8B, 0xCA, 0x34, 0xFE, 0x8D, 0x3F,
    0xA3, 0x4F, 0xE8, 0xD3, 0xFA, 0x34, 0xFE, 0x23, 0x1F, 0x82, 0x3B, 0xE2, 0x31, 0xF8, 0x8C, 0x75,
    0x3A, 0x46, 0x8F, 0xD1, 0xA3, 0xF4, 0x68, 0xFD, 0x1A, 0x3F, 0x46, 0x8F, 0xD1, 0xA3, 0xF4, 0x68,
    0xFD, 0x1A, 0x3F, 0x12, 0x17, 0xD1, 0xA3, 0xF1, 0x20, 0x49, 0xDB, 0x93, 0x46, 0x8F, 0xD1, 0xA3,
    0xF4, 0x68, 0xFD, 0x1A, 0x3F, 0x46, 0x8F, 0xD1, 0xA3, 0xF4, 0x68, 0xFC, 0x49, 0x3F, 0x46, 0x8F,
    0xD1, 0xA3, 0xF4, 0x68, 0xE6, 0x54, 0x8D, 0x1B, 0xD9, 0xE5, 0x28, 0xD2, 0xFA, 0x34, 0xBE, 0x8D,
    0x2F, 0xA3, 0x4B, 0xE8, 0xD2, 0xFA, 0x34, 0xBE, 0x1C, 0x5F, 0x81, 0x3A, 0x92, 0x94, 0x69, 0x71,
    0x65, 0x1A, 0x46, 0x97, 0xD1, 0xA5, 0xF4, 0x69, 0x7C, 0x49, 0x5F, 0x46, 0x97, 0xD1, 0xA5, 0xF4,
    0x69, 0x7C, 0x48, 0xBF, 0x46, 0x97, 0xD1, 0xA5, 0xF4, 0x69, 0x7D, 0x1A, 0x5F, 0x03, 0xA7, 0xEC,
    0xF2, 0x90, 0xD9, 0x5C, 0x47, 0x5F, 0x46, 0x8F, 0xD1, 0xA3, 0xF4, 0x68, 0xFC, 0x47, 0x3F, 0x46,
    0x8F, 0xC3, 0x55, 0xF0, 0x1F, 0x55, 0x1A, 0x3F, 0x0A, 0x9C, 0x91, 0xA3, 0xF4, 0x68, 0xFD, 0x1A,
    0x3F, 0x46, 0x8F, 0xD1, 0xA3, 0xF4, 0x68, 0xFD, 0x07, 0xFF, 0x02, 0x25, 0x86, 0x21, 0xF4, 0x68,
    0xE9, 0x08, 0xF5, 0x95, 0xA3, 0x4B, 0xE8, 0xD2, 0xFA, 0x34, 0xBE, 0x8D, 0x2F, 0xA3, 0x4B, 0xE8,
    0xD2, 0xF8, 0x24, 0x3E, 0x04, 0xBA, 0x4A, 0xC4, 0x77, 0xF4, 0x69, 0x6A, 0x54, 0x8D, 0x2F, 0xA3,
    0x4B, 0xE8, 0xD2, 0xFA, 0x34, 0xBE, 0x8D, 0x2F, 0xA3, 0x4B, 0xE0, 0x92, 0xFD, 0x9E, 0x56, 0x8D,
    0x2D, 0x0B, 0x2F, 0x08, 0xD1, 0xFA, 0x34, 0x7E, 0x8D, 0x1F, 0xA3, 0x47, 0xE8, 0xD1, 0xF8, 0x66,
    0x7E, 0x15, 0x7E, 0x4A, 0xC1, 0xA7, 0xF4, 0x68, 0xFC, 0xA8, 0x92, 0x13, 0x9E, 0xD1, 0xA5, 0xF4,
    0x69, 0x7D, 0x1A, 0x5F, 0x03, 0xDE, 0x00, 0xF5, 0xC2, 0x2F, 0x7D, 0x1A, 0x59, 0x8F, 0x59, 0xC8,
    0xC1, 0xF4, 0x69, 0xFD, 0x1A, 0x7F, 0x46, 0x9F, 0xD1, 0xA7, 0xF0, 0x3D, 0x7C, 0x08, 0x13, 0x97,
    0x01, 0xEB, 0xE8, 0xD3, 0xF8, 0xBB, 0xE8, 0x46, 0x0B, 0xA3, 0x4B, 0xE8, 0xD2, 0xFA, 0x34, 0xBE,
    0x8D, 0x2F, 0xA3, 0x4B, 0xE8, 0xD2, 0xF9, 0x18, 0x3E, 0x05, 0x2C, 0x02, 0xF6, 0x62, 0x25, 0xC2,
    0x34, 0xBE, 0x8D, 0x2F, 0xA3, 0x4B, 0xE8, 0xD2, 0xFA, 0x34, 0xBE, 0x8D, 0x2C, 0x82, 0x3E, 0xC1,
    0x95, 0xFD, 0x9E, 0x5C, 0x0D, 0x3F, 0x86, 0x52, 0x92, 0x30, 0xCA, 0x50, 0x6F, 0xD5, 0x46, 0xBD,
    0x2C, 0xF3, 0x04, 0x6C, 0x75, 0x07, 0x5B, 0x46, 0xDD, 0x90, 0x73, 0x64, 0x6D, 0xD9, 0x07, 0x18,
    0x46, 0xE6, 0x10, 0x71, 0xA4, 0x6F, 0x59, 0x06, 0xD6, 0x46, 0xF5, 0x83, 0x43, 0xF3, 0x05, 0x6E,
    0x60, 0x32, 0xDC, 0x1A, 0x62, 0xA8, 0x32, 0xBA, 0x37, 0xBE, 0x8D, 0xEB, 0x86, 0xA6, 0xE8, 0xDF,
    0xB8, 0x6A, 0x6E, 0x8E, 0x0C, 0x86, 0xAB, 0x28, 0xE2, 0xD8, 0x6B, 0x6E, 0x8E, 0x2B, 0x86, 0xB7,
    0xE2, 0xC9, 0xF8, 0x13, 0xF0, 0x13, 0x5F, 0x88, 0xFB, 0x4E, 0xB3, 0xB5, 0x2E, 0xCB, 0x4C, 0x9B,
    0x23, 0x9E, 0x80, 0xA9, 0xB2, 0x39, 0xFE, 0x8E, 0x7F, 0xA3, 0x9F, 0xE8, 0xE7, 0xFA, 0x39, 0xFE,
    0x8E, 0x7F, 0xA3, 0x9F, 0xE8, 0xE7, 0xF8, 0x66, 0xB6, 0x0B, 0x5E, 0xBE, 0xBF, 0x88, 0xED, 0xF5,
    0x9E, 0x66, 0x15, 0x3B, 0xBE, 0xC3, 0x48, 0xF1, 0xDB, 0xEC, 0x2E, 0x8F, 0x1C, 0xBE, 0xC2, 0xE8,
    0xF1, 0xDB, 0xEB, 0xF2, 0x8F, 0x1D, 0xBE, 0xBE, 0xE8, 0xF1, 0xCB, 0xEB, 0xEE, 0xA3, 0x5F, 0x01,
    0x5B, 0x53, 0x32, 0x44, 0xFC, 0xD9, 0xF2, 0xE7, 0x28, 0xD6, 0x45, 0x2F, 0xB8, 0x45, 0x2F, 0x65,
    0x05, 0x95, 0x2D, 0x6F, 0xB0, 0xE7, 0x3D, 0x0C, 0xB2, 0xB1, 0x73, 0x6F, 0x26, 0xD0, 0xA5, 0x5B,
    0x9A, 0x3E, 0x29, 0x1B, 0x42, 0x54, 0xB0, 0x86, 0x4C, 0xDA, 0x14, 0xA1, 0x73, 0x6B, 0x24, 0x78,
    0xA4, 0xE8, 0x20, 0x53, 0x20, 0x1F, 0xC0, 0x7B, 0x56, 0x25, 0xFC, 0x8F, 0x3E, 0x99, 0x87, 0x7E,
    0x64, 0x78, 0xA0, 0x77, 0x24, 0x47, 0x89, 0x4A, 0x03, 0xB1, 0x52, 0x3C, 0x4A, 0x46, 0x1D, 0x59,
    0x91, 0xDE, 0x51, 0xF0, 0xE8, 0xCE, 0x99, 0x16, 0x46, 0xE7, 0xC4, 0xAB, 0xD0, 0xE5, 0x5D, 0x1C,
    0x14, 0x16, 0xAC, 0xD1, 0xC1, 0x3E, 0x85, 0x7F, 0xAE, 0x25, 0x3C, 0x83, 0x16, 0xE8, 0x94, 0x97,
    0x70, 0x2E, 0xD2, 0x06, 0x0D, 0x2B, 0x9D, 0x44, 0xA6, 0x4A, 0x2A, 0x0B, 0xEA, 0x81, 0xD2, 0x82,
    0x53, 0x98, 0x2E, 0xED, 0x5C, 0xE5, 0x57, 0xFA, 0x22, 0x52, 0x90, 0x2D, 0xE9, 0x5C, 0xE4, 0xD7,
    0xFA, 0x02, 0x51, 0xA0, 0x6F, 0xEE, 0x25, 0x1F, 0x81, 0xCE, 0x41, 0x08, 0x9A, 0x3A, 0xB0, 0x0A,
    0xB9, 0x0B, 0x86, 0x93, 0x50, 0x55, 0xD3, 0x9B, 0x5F, 0xE9, 0xA3, 0xAF, 0x9D, 0x94, 0x8D, 0x48,
    0x52, 0xD6, 0x24, 0x15, 0x3B, 0x88, 0xE5, 0x90, 0xA5, 0xEC, 0x48, 0x3A, 0x01, 0x2A, 0x62, 0x98,
    0xD1, 0x21, 0x69, 0xC7, 0xAF, 0xF3, 0x85, 0x33, 0x72, 0x43, 0x53, 0x83, 0x5F, 0xE4, 0x0A, 0x6B,
    0x65, 0xD4, 0xF8, 0x6F, 0xBF, 0x67, 0x9A, 0x86, 0xFB, 0xE2, 0x65, 0xA0, 0x6E, 0xEC, 0x15, 0xF9,
    0x14, 0x32, 0xC8, 0xF6, 0xE0, 0x41, 0xA7, 0xE2, 0x08, 0x35, 0xD0, 0xD9, 0xB0, 0x30, 0xCB, 0xB9,
    0x5F, 0xF1, 0xA1, 0xBF, 0x20, 0x61, 0x97, 0x4A, 0xBF, 0xD9, 0x43, 0x96, 0xC0, 0xC5, 0x2E, 0x35,
    0x7F, 0x9A, 0x87, 0x5F, 0x81, 0x8E, 0x5C, 0x2A, 0xFF, 0x25, 0x0F, 0x19, 0x03, 0x1C, 0x81, 0x65,
    0x34, 0x3D, 0xE9, 0x0E, 0xFF, 0x02, 0xED, 0x4A, 0xCB, 0xF0, 0xDE, 0x5D, 0x21, 0xD6, 0x97, 0x21,
    0xFE, 0xA2, 0xBD, 0xA7, 0x5E, 0xBF, 0xDE, 0x07, 0xCF, 0xD2, 0x25, 0x74, 0xF4, 0x4B, 0xC8, 0x0F,
    0xCB, 0xA4, 0x56, 0x60, 0x15, 0x98, 0x3F, 0xAE, 0x91, 0x8A, 0x81, 0x1A, 0x81, 0x01, 0xD2, 0x47,
    0x2A, 0x05, 0x9A, 0x04, 0x12, 0xC9, 0x1F, 0x98, 0x1B, 0x2C, 0x10, 0x6C, 0x1B, 0xC7, 0xE0, 0xBD,
    0xF8, 0x17, 0xEA, 0x27, 0x6D, 0x01, 0x7A, 0xC9, 0x23, 0xF9, 0xBC, 0x68, 0x21, 0xDA, 0x82, 0x9A,
    0x49, 0x26, 0xF8, 0x2E, 0x3A, 0xA3, 0xC9, 0x78, 0x81, 0x6F, 0xB0, 0xAF, 0x50, 0x16, 0xDE, 0xAE,
    0x71, 0x2B, 0xFC, 0xB0, 0x5A, 0xE6, 0xB9, 0xC3, 0xAF, 0xF2, 0x92, 0x61, 0xF4, 0x98, 0x7C, 0x2C,
    0xDD, 0x13, 0x7E, 0x1C, 0xE3, 0xA4, 0x73, 0x50, 0x6E, 0x72, 0x0B, 0x55, 0x44, 0xDF, 0xA4, 0x9D,
    0x50, 0x2D, 0x94, 0x1B, 0x95, 0x92, 0x79, 0x50, 0xB6, 0xD0, 0x6E, 0x96, 0x49, 0xF5, 0xC2, 0xDF,
    0x41, 0xBB, 0x69, 0x28, 0x17, 0x0B, 0x8D, 0x06, 0xF1, 0x64, 0xA1, 0x54, 0x2E, 0x54, 0x1B, 0xD6,
    0x16, 0xC5, 0x82, 0x31, 0xFC, 0x58, 0xF2, 0x13, 0x87, 0xC2, 0xDB, 0x20, 0x2F, 0x59, 0x6C, 0x98,
    0x4C, 0x9E, 0x92, 0x89, 0xF0, 0x89, 0xE4, 0x78, 0x94, 0x1C, 0x74, 0xC2, 0x25, 0x6A, 0xE4, 0xD2,
    0xBF, 0x3A, 0x08, 0xCC, 0x82, 0x23, 0x65, 0x5F, 0xCC, 0x21, 0x97, 0x1C, 0x2D, 0x02, 0x13, 0x61,
    0xC1, 0x48, 0x79, 0x9E, 0x18, 0xAF, 0xC3, 0x71, 0x80, 0xAE, 0x5D, 0xC9, 0x16, 0x27, 0x8F, 0xD2,
    0xA5, 0xF4, 0xA9, 0x7D, 0x2A, 0x5F, 0x4A, 0x97, 0xCA, 0xDB, 0xF1, 0xDE, 0x7C, 0x12, 0x55, 0xA1,
    0xCA, 0x28, 0x9F, 0x3A, 0x2F, 0xFE, 0x8F, 0x21, 0xB2, 0x41, 0xE9, 0x1F, 0x41, 0x50, 0xE7, 0x27,
    0x62, 0xF3, 0x43, 0xF2, 0x9F, 0x0C, 0xAC, 0x3F, 0x2D, 0x07, 0xCB, 0xC8, 0x7A, 0x50, 0xAC, 0xC7,
    0xC3, 0x33, 0x0F, 0xCD, 0x25, 0x86, 0xB3, 0xA6, 0xEA, 0xD8, 0x4C, 0xD5, 0x38, 0xEF, 0xC3, 0x69,
    0x4E, 0x85, 0x8B, 0xA3, 0x36, 0xCD, 0x25, 0x9B, 0xE9, 0x66, 0xFA, 0x59, 0xBE, 0x96, 0x6F, 0xA5,
    0x9B, 0xE2, 0xB3, 0xF8, 0x69, 0x69, 0xD1, 0x8B, 0x74, 0xA7, 0xFD, 0x28, 0x56, 0x68, 0x8E, 0x55,
    0x39, 0x76, 0x3A, 0x18, 0x70, 0x1F, 0xD5, 0x2D, 0x9F, 0x4B, 0x67, 0xD2, 0xD9, 0xF3, 0x99, 0x7D,
    0x2D, 0x9F, 0x39, 0x97, 0xC3, 0xD7, 0xD3, 0x2D, 0x4F, 0x37, 0x62, 0xF8, 0x43, 0xF3, 0x9F, 0x0C,
    0xEC, 0x3F, 0x3D, 0x07, 0xCF, 0xC8, 0x7A, 0xB0, 0xAD, 0x07, 0xC3, 0x43, 0x0F, 0xD1, 0x25, 0xCA,
    0xB1, 0xA4, 0xB9, 0x7C, 0xE7, 0x55, 0xE9, 0xDA, 0xBA, 0x93, 0x6E, 0xAC, 0x63, 0x44, 0x97, 0x4F,
    0xA5, 0xD3, 0xE9, 0x74, 0xFA, 0x5D, 0x3E, 0x97, 0x4F, 0x9A, 0x9B, 0x73, 0x5C, 0xD4, 0x3B, 0xA9,
    0x16, 0xEA, 0xCF, 0xFA, 0xB0, 0xAD, 0x12, 0x5D, 0x6E, 0x73, 0x4A, 0x25, 0xD6, 0xF9, 0xA9, 0xF7,
    0x4F, 0x1E, 0x04, 0x1B, 0xA5, 0xE3, 0xBD, 0x01, 0xF9, 0xD1, 0x2F, 0x3B, 0xE8, 0x5A, 0xD2, 0xF5,
    0xFE, 0x81, 0xE4, 0xA4, 0x97, 0xBF, 0xA5, 0xEF, 0xE2, 0x89, 0xF8, 0x27, 0x7E, 0x28, 0x9B, 0xD0,
    0xE5, 0xE2, 0x8A, 0x9D, 0x1E, 0x40, 0x97, 0xDF, 0x8A, 0x2E, 0x52, 0xA4, 0xBE, 0xF8, 0x47, 0x35,
    0x4B, 0xEF, 0xD2, 0xFB, 0xF4, 0xBE, 0xFD, 0x2F, 0xBF, 0x4B, 0xEF, 0xD2, 0xFB, 0xF4, 0xBE, 0xFD,
    0x2F, 0xBF, 0x0D, 0x46, 0x01, 0x5B, 0x34, 0xBF, 0xD0, 0x31, 0xB3, 0x4B, 0xFF, 0x81, 0x59, 0x54,
    0xC0, 0xFF, 0xA7, 0x81, 0x4C, 0x17, 0xC3, 0x15, 0x3E, 0x9B, 0x80, 0x26, 0x76, 0x3F, 0x74, 0xED,
    0x49, 0x84, 0xFA, 0x61, 0x3E, 0x98, 0x4F, 0x8A, 0x27, 0xE2, 0x89, 0xFA, 0x61, 0x3E, 0xBC, 0xEA,
    0x2D, 0x32, 0x80, 0x5B, 0xC2, 0x61, 0x3E, 0x98, 0x4F, 0xA6, 0x13, 0xE9, 0x84, 0xFA, 0x61, 0x3E,
    0x98, 0x4F, 0x81, 0x3B, 0xE6, 0x56, 0xCA, 0xF5, 0xBC, 0x98, 0x4F, 0xA6, 0x13, 0xE9, 0x84, 0xF8,
    0x9F, 0x3E, 0x98, 0x4F, 0xA6, 0x13, 0xF8, 0xA8, 0x77, 0x46, 0x2C, 0x98, 0x5F, 0x89, 0x9F, 0xE9,
    0x85, 0xFA, 0x61, 0x7E, 0x98, 0x5F, 0xA6, 0x17, 0xE0, 0x75, 0xF8, 0x70, 0xAE, 0x7E, 0x99, 0xA6,
    0x1B, 0xE9, 0x86, 0xFA, 0x61, 0xBE, 0x98, 0x6F, 0xA6, 0x1B, 0xE2, 0x53, 0xF8, 0x6D, 0x7E, 0x75,
    0xFA, 0x26, 0x1B, 0x42, 0x0D, 0x98, 0xFA, 0x36, 0x98, 0x8F, 0x8A, 0x8E, 0xA9, 0x8A, 0xDF, 0x40,
    0x1F, 0xB2, 0x4C, 0x5E, 0x7A, 0x1C, 0xB4, 0xC6, 0x7F, 0x9B, 0x4B, 0xE8, 0x75, 0x93, 0x1B, 0xF4,
    0xC6, 0xFD, 0x1F, 0x5F, 0x41, 0xF7, 0xD3, 0x1B, 0xF4, 0x81, 0x5D, 0x31, 0x9F, 0x4C, 0x67, 0xD3,
    0x19, 0xF4, 0xC6, 0x7D, 0x31, 0x9F, 0x4C, 0x67, 0xC1, 0x2D, 0xF0, 0x25, 0x4D, 0x31, 0x9F, 0x12,
    0x55, 0x43, 0xF1, 0x34, 0xC7, 0x52, 0x34, 0x98, 0xEF, 0xA6, 0x3B, 0x62, 0xED, 0xC8, 0x92, 0x6B,
    0xD3, 0xCE, 0xA6, 0x4B, 0x7D, 0x3E, 0xA2, 0x64, 0xFB, 0xD3, 0xEF, 0xA6, 0x53, 0xE9, 0x94, 0xF8,
    0x26, 0x7E, 0x0E, 0x5A, 0xF4, 0x62, 0xC4, 0x1F, 0xBA, 0x88, 0x2E, 0x99, 0x6F, 0xA6, 0x5B, 0xE9,
    0x96, 0xFA, 0x65, 0xBE, 0x99, 0x6F, 0xA6, 0x5B, 0xE9, 0x5C, 0xF8, 0x37, 0x3E, 0x23, 0x1C, 0x8F,
    0x3A, 0xA9, 0x99, 0xA8, 0xB8, 0x2C, 0x99, 0x8F, 0x83, 0x8A, 0x9D, 0x0A, 0xFF, 0x46, 0x66, 0x13,
    0x49, 0xA6, 0x6F, 0xE9, 0x9B, 0xF8, 0x69, 0xFE, 0x99, 0xBF, 0x9B, 0xF2, 0xFD, 0x18, 0x9F, 0x52,
    0x2C, 0x99, 0xDB, 0x26, 0x73, 0xE9, 0x9C, 0xFA, 0x67, 0x3E, 0x99, 0xCF, 0xA6, 0x73, 0xE0, 0x80,
    0xF8, 0x20, 0x3E, 0x74, 0x6F, 0x86, 0xC6, 0x43, 0xBE, 0xAA, 0x68, 0x28, 0x91, 0x19, 0xA6, 0x83,
    0xE9, 0xA0, 0xE0, 0x20, 0xE6, 0x40, 0xA9, 0x4C, 0xC2, 0x39, 0x54, 0xD3, 0x6F, 0xA1, 0x4D, 0xE8,
    0xCD, 0x93, 0x51, 0xDE, 0x84, 0x8F, 0xA3, 0x37, 0x4D, 0x57, 0xF9, 0xF1, 0xFE, 0x84, 0xBD, 0x35,
    0x7F, 0x4D, 0x5F, 0xC5, 0x83, 0xF0, 0x30, 0xD7, 0xA9, 0x13, 0x09, 0x1C, 0x8E, 0xA9, 0x56, 0x43,
    0xD5, 0x35, 0xBF, 0x4D, 0x6F, 0xD3, 0x5B, 0xF4, 0xD6, 0xFD, 0x35, 0xBF, 0x42, 0x57, 0xC3, 0x6D,
    0xF5, 0xEA, 0x4C, 0x1C, 0xBA, 0x0D, 0x8D, 0x2C, 0x88, 0x4C, 0x94, 0x69, 0x09, 0x76, 0x3A, 0x2D,
    0x13, 0x53, 0xB0, 0x49, 0x5D, 0x35, 0x3A, 0x18, 0xA4, 0xBA, 0x75, 0x4E, 0xA0, 0x24, 0xE4, 0x9A,
    0xBC, 0x57, 0xBA, 0x72, 0xDE, 0xA0, 0x24, 0xA4, 0x9A, 0xCE, 0x45, 0x3A, 0x73, 0x94, 0xD5, 0xF0,
    0x94, 0xB5, 0x4D, 0x5D, 0xC9, 0x49, 0xB3, 0x41, 0xED, 0x9A, 0xF8, 0x70, 0xCE, 0x13, 0x55, 0xF4,
    0xD5, 0x7C, 0x62, 0xF2, 0x4D, 0x4E, 0x86, 0x33, 0x24, 0xD4, 0x70, 0x63, 0x72, 0x4D, 0x37, 0x86,
    0x3F, 0x44, 0xD3, 0x68, 0x93, 0xB3, 0x4D, 0x27, 0xC1, 0x33, 0xF6, 0x14, 0xFC, 0x4A, 0xDF, 0x0C,
    0x34, 0xE2, 0xE1, 0xC3, 0xA9, 0xCC, 0x28, 0x0F, 0x19, 0x26, 0x9F, 0xE9, 0xA7, 0xF8, 0x64, 0xA7,
    0xD0, 0x90, 0x0B, 0xF6, 0xC9, 0xAA, 0xFA, 0x6A, 0xBE, 0x9A, 0xAF, 0xA6, 0xAB, 0xE9, 0xAA, 0xFA,
    0x6A, 0xBE, 0x73, 0xAF, 0x84, 0x17, 0x9D, 0x18, 0xB2, 0x69, 0xFE, 0xE7, 0xBB, 0x05, 0x36, 0x89,
    0xA4, 0xF3, 0x8B, 0x6E, 0x9A, 0x4C, 0xB8, 0xB2, 0xE9, 0xA4, 0xDB, 0x8B, 0xB2, 0x9A, 0x4D, 0x92,
    0xAA, 0xE9, 0xA4, 0xC9, 0x2A, 0x6E, 0x73, 0x3B, 0x88, 0xF3, 0xEE, 0x2E, 0x90, 0x2F, 0x3E, 0x27,
    0xBC, 0x8E, 0xAE, 0x51, 0x70, 0xFD, 0x54, 0xE7, 0x18, 0x25, 0x7C, 0xC2, 0x2F, 0x7E, 0xF8, 0xD8,
    0x69, 0xE4, 0x1B, 0x0D, 0xC1, 0x69, 0x3E, 0x9C, 0x98, 0xB8, 0x59, 0x14, 0x14, 0xFA, 0x14, 0xD2,
    0x58, 0xD3, 0xB6, 0x7A, 0x19, 0x0A, 0x1A, 0x5D, 0x0B, 0xE9, 0x2C, 0x29, 0xD7, 0x4A, 0xB4, 0x85,
    0x15, 0x4E, 0x86, 0x1C, 0x96, 0x14, 0xEB, 0x1E, 0x76, 0x42, 0x8E, 0xA5, 0x3E, 0x24, 0x7B, 0x69,
    0x77, 0x85, 0x23, 0x60, 0xF6, 0xFC, 0x0A, 0x92, 0x0A, 0xE5, 0xC5, 0x15, 0x20, 0xF8, 0xD8, 0x34,
    0x96, 0xF0, 0xD7, 0xFC, 0xC1, 0x5C, 0xBD, 0x73, 0xCB, 0x5F, 0xF5, 0x0A, 0x2E, 0x44, 0xB5, 0xB0,
    0x03, 0x26, 0x4B, 0x7B, 0x80, 0xEE, 0x92, 0x82, 0x5C, 0x56, 0xB9, 0xD1, 0x41, 0x6C, 0xA4, 0x64,
    0xBA, 0xBD, 0x73, 0xA7, 0x5F, 0xEC, 0x0A, 0x42, 0x44, 0xBB, 0xDA, 0x72, 0x7E, 0x28, 0x2B, 0x02,
    0x16, 0x69, 0xC7, 0xA4, 0x69, 0x38, 0xF6, 0xEE, 0xD7, 0xFC, 0x42, 0x7A, 0xC8, 0x1F, 0x6F, 0x5C,
    0xF2, 0x57, 0xFD, 0x24, 0xB3, 0x9F, 0x4E, 0xA8, 0x00, 0x59, 0x78, 0xEB, 0xFE, 0x82, 0x5A, 0x4F,
    0xA7, 0x85, 0x00, 0x2C, 0x81, 0x07, 0x32, 0x5A, 0xD3, 0xA7, 0x8F, 0x00, 0x34, 0xBA, 0x55, 0xFE,
    0xB9, 0x2D, 0xAE, 0x87, 0x4A, 0x12, 0xD6, 0xA0, 0x7B, 0xF8, 0x1E, 0xE4, 0x38, 0xF9, 0xA7, 0x0F,
    0x00, 0xC1, 0x91, 0xC4, 0xB0, 0x09, 0x69, 0xA7, 0x0B, 0x7E, 0x2A, 0xFF, 0x9C, 0x07, 0x72, 0x25,
    0xED, 0xC1, 0x09, 0x33, 0xF7, 0x48, 0x97, 0xB6, 0xEF, 0xA1, 0x6A, 0x40, 0x3D, 0x99, 0x2F, 0x6F,
    0xD5, 0xAF, 0xF6, 0x8A, 0xD3, 0x52, 0x5E, 0xD3, 0xA1, 0x5F, 0xEA, 0x81, 0x02, 0x84, 0xBD, 0x99,
    0x84, 0xAE, 0x1D, 0x5F, 0x84, 0x63, 0xE3, 0x13, 0xE6, 0x6A, 0x1C, 0x17, 0x0D, 0x26, 0xE2, 0x96,
    0x79, 0x22, 0x6E, 0x6C, 0x11, 0x29, 0xF8, 0x02, 0x25, 0x70, 0xE3, 0x51, 0x36, 0xF4, 0x16, 0x2C,
    0xAC, 0x46, 0xCE, 0x9A, 0x2A, 0x66, 0x0D, 0x19, 0x55, 0x8D, 0x97, 0x34, 0xD9, 0xD4, 0x58, 0x94,
    0xA5, 0x9B, 0x2A, 0x69, 0xB0, 0xA8, 0xB0, 0xE4, 0x4B, 0xF9, 0xA2, 0x7A, 0x42, 0xC1, 0xA1, 0x2F,
    0x66, 0x1B, 0x5F, 0x81, 0x2E, 0x72, 0x42, 0xC5, 0x7D, 0x34, 0xB6, 0x8F, 0x26, 0x97, 0x26, 0x03,
    0xEA, 0x34, 0x66, 0x09, 0x79, 0x12, 0xE2, 0xBD, 0x80, 0x4A, 0xC8, 0x96, 0xF5, 0x00, 0xB4, 0x81,
    0x29, 0x42, 0x5C, 0x54, 0x02, 0x33, 0x9B, 0x92, 0xE2, 0xDD, 0x80, 0x48, 0xD0, 0x37, 0x72, 0x38,
    0x2F, 0xC1, 0x23, 0xF0, 0x22, 0xD4, 0x4C, 0x3F, 0x25, 0xC5, 0x53, 0x23, 0xF2, 0x5C, 0x7F, 0x25,
    0x3C, 0x18, 0x3D, 0x80, 0xFB, 0x24, 0xC7, 0x54, 0xD6, 0x73, 0x01, 0xEC, 0x87, 0xE3, 0x43, 0x57,
    0x4C, 0x03, 0x53, 0x4C, 0x66, 0x4D, 0x5B, 0x30, 0x0A, 0xD1, 0x31, 0x78, 0x4C, 0x4F, 0xC4, 0x9D,
    0xF0, 0x29, 0x64, 0x25, 0x93, 0x37, 0xCD, 0x19, 0xF5, 0x74, 0x93, 0x59, 0x2F, 0xF9, 0x1A, 0x34,
    0x84, 0x91, 0x70, 0x69, 0xCE, 0x8C, 0x24, 0x6C, 0x25, 0xEE, 0x83, 0x43, 0xA0, 0x91, 0x72, 0x97,
    0x9A, 0x0D, 0x12, 0x42, 0x43, 0xB8, 0x36, 0x27, 0x13, 0x37, 0x5F, 0xC8, 0x79, 0xF0, 0x21, 0xCC,
    0x25, 0x1F, 0x5F, 0x56, 0x8D, 0xD7, 0x39, 0xD0, 0x8E, 0xE8, 0x9D, 0x39, 0xC8, 0x92, 0xEB, 0xF2,
    0xCF, 0x5C, 0x6A, 0x94, 0x1F, 0x6D, 0x01, 0xD1, 0x21, 0xF5, 0x50, 0x1C, 0xF2, 0x1F, 0x35, 0x86,
    0x95, 0x43, 0x6F, 0x57, 0x36, 0x22, 0xDF, 0x81, 0x02, 0xD2, 0x22, 0x5F, 0xFC, 0x1A, 0xD3, 0x25,
    0xE7, 0xD2, 0xCF, 0xF4, 0xB3, 0xFD, 0x2C, 0xFF, 0x4B, 0x3F, 0xCA, 0x7D, 0xF0, 0x1F, 0xEC, 0x10,
    0x1F, 0x11, 0xD6, 0xD2, 0x1F, 0x74, 0xAE, 0x50, 0xEE, 0x34, 0x4A, 0xD7, 0xC9, 0x79, 0xA4, 0xAC,
    0xFD, 0x2B, 0x3F, 0x4A, 0xCF, 0xD2, 0xB3, 0xF4, 0xAC, 0xFC, 0x96, 0x7F, 0x02, 0xBD, 0x92, 0xB3,
    0xC1, 0x61, 0xC9, 0x2B, 0x3F, 0x4A, 0xCF, 0xD2, 0xB3, 0xF4, 0xAC, 0xFC, 0xE0, 0xBF, 0x4A, 0xCF,
    0xC4, 0x8F, 0xF0, 0x6E, 0xF0, 0xE0, 0xBA, 0x48, 0x95, 0xC7, 0x71, 0xC4, 0xAB, 0xD2, 0xCF, 0x1F,
    0x4A, 0xC6, 0x49, 0x77, 0x44, 0xAC, 0xFD, 0x2B, 0x3F, 0x4A, 0xCF, 0xD2, 0xB3, 0xF4, 0xAC, 0xFC,
    0xCD, 0x7F, 0x8F, 0x9D, 0x3F, 0x69, 0x5D, 0xE1, 0xC1, 0x2C, 0x95, 0xDA, 0x8A, 0x2A, 0xA9, 0x5F,
    0xFA, 0x57, 0xFE, 0x95, 0xFF, 0xA5, 0x7F, 0xE9, 0x5F, 0xFA, 0x57, 0xFE, 0x25, 0x9F, 0x82, 0x8F,
    0xE0, 0x57, 0xB8, 0x96, 0x7E, 0x95, 0xDB, 0x36, 0xAE, 0xE7, 0x10, 0xD2, 0x57, 0x3E, 0x95, 0xCF,
    0xA5, 0x73, 0xE9, 0x5C, 0xFA, 0x57, 0x3E, 0x95, 0xCF, 0xA5, 0x73, 0xE9, 0x5C, 0xF8, 0x16, 0xF2,
    0x95, 0xCC, 0x3F, 0xB2, 0x69, 0x5C, 0xFA, 0x57, 0x3E, 0x95, 0xCF, 0xA5, 0x73, 0xE9, 0x5C, 0xFA,
    0x57, 0x3E, 0x95, 0xCF, 0xA5, 0x73, 0xE2, 0x70, 0xF8, 0x14, 0x6C, 0x95, 0xCF, 0x87, 0xBB, 0x22,
    0x6F, 0x94, 0xA9, 0x2B, 0x77, 0xB3, 0xC7, 0x52, 0xB9, 0xF4, 0xAE, 0x7D, 0x2B, 0x9F, 0x4A, 0xE7,
    0xD2, 0xB9, 0xF4, 0xAE, 0x7C, 0x3C, 0xDF, 0x02, 0x75, 0x23, 0xA9, 0x5C, 0xE2, 0xF8, 0x34, 0x95,
    0xCF, 0xA5, 0x73, 0xE9, 0x5C, 0xF8, 0x9C, 0x7E, 0x95, 0xCF, 0xA5, 0x73, 0xE9, 0x5C, 0xF8, 0x9A,
    0x7E, 0x95, 0xCF, 0xA5, 0x73, 0xE9, 0x5C, 0xFA, 0x57, 0x3E, 0x57, 0x7F, 0x81, 0xD6, 0x61, 0xC1,
    0xBA, 0x56, 0xFE, 0x95, 0xBF, 0xA5, 0x6F, 0xE9, 0x5B, 0xF8, 0x95, 0x7E, 0x95, 0xBF, 0x86, 0xC7,
    0xE0, 0x3E, 0xAA, 0x56, 0xFE, 0x95, 0xBA, 0x19, 0x9E, 0x69, 0x5B, 0xFA, 0x56, 0xFE, 0x95, 0xBF,
    0xA5, 0x6F, 0xE9, 0x5B, 0xFA, 0x56, 0xFE, 0x95, 0xBF, 0x86, 0x87, 0xB1, 0xD1, 0x9F, 0xFD, 0x2B,
    0x7A, 0x46, 0x45, 0x63, 0x49, 0x5C, 0xFA, 0x57, 0x3E, 0x95, 0xCF, 0xA5, 0x73, 0xE9, 0x5C, 0xFA,
    0x57, 0x3E, 0x09, 0x7F, 0x81, 0x2E, 0x91, 0xA1, 0x24, 0xFD, 0x2B, 0x9E, 0x95, 0x25, 0x73, 0xE9,
    0x5C, 0xFA, 0x57, 0x3E, 0x95, 0xCF, 0xA5, 0x73, 0xE9, 0x5C, 0xFA, 0x57, 0x3E, 0x09, 0xAE, 0x46,
    0x92, 0xB9, 0xC1, 0x75, 0x61, 0x2B, 0x7F, 0x4A, 0xDF, 0xD2, 0xB7, 0xF4, 0xAD, 0xFD, 0x2B, 0x7F,
    0x0D, 0x57, 0xC2, 0xCF, 0xC8, 0xD0, 0x37, 0x3E, 0x95, 0xBF, 0xA5, 0x6F, 0xB6, 0x78, 0xC2, 0x57,
    0x3E, 0x95, 0xCF, 0xA5, 0x73, 0xE9, 0x5C, 0xF8, 0x0F, 0xEE, 0x03, 0xE9, 0x92, 0x6B, 0xE9, 0x5A,
    0xF3, 0x81, 0x7E, 0x95, 0xAF, 0xA5, 0x6B, 0xE9, 0x5A, 0xFA, 0x56, 0xBE, 0x07, 0xFE, 0x00, 0xFE,
    0x60, 0x7D, 0xFA, 0x56, 0x3E, 0x95, 0x8C, 0x0C, 0x32, 0x69, 0x58, 0xFA, 0x56, 0x3E, 0x95, 0x8F,
    0xA5, 0x62, 0xE8, 0x21, 0x92, 0x56, 0x3A, 0x95, 0x6F, 0x92, 0x86, 0xC9, 0x55, 0xFA, 0x55, 0x7E,
    0x05, 0xCE, 0x25, 0x4F, 0x02, 0x43, 0xAA, 0x54, 0xBE, 0x95, 0x2F, 0xA5, 0x4B, 0xE9, 0x52, 0xFA,
    0x54, 0xBE, 0x95, 0x2F, 0x86, 0xB3, 0x40, 0xDB, 0xFA, 0x54, 0x31, 0x2A, 0x4A, 0x87, 0xD2, 0xA1,
    0xF4, 0xA8, 0x78, 0xFE, 0xB2, 0x4A, 0x86, 0xD2, 0x9D, 0xF4, 0xA6, 0xFD, 0x29, 0xBF, 0x32, 0x3E,
    0xC0, 0x93, 0x34, 0xA5, 0xFA, 0x3C, 0x94, 0xBF, 0xA5, 0x2F, 0xE9, 0x4B, 0xFA, 0x52, 0xFE, 0x94,
    0xBF, 0xA5, 0x2F, 0xE9, 0x4B, 0xF8, 0x24, 0xBE, 0x12, 0xEF, 0x89, 0x0F, 0xE1, 0x75, 0xA1, 0x60,
    0xAC, 0x94, 0x9F, 0x94, 0xDA, 0x42, 0x97, 0x92, 0x52, 0xBE, 0x94, 0xAC, 0x3C, 0xB2, 0xC9, 0x4A,
    0xFA, 0x52, 0xBE, 0x94, 0xAF, 0xA5, 0x2B, 0xE9, 0x4A, 0xFA, 0x52, 0xBE, 0x6F, 0xBF, 0x89, 0x6F,
    0x49, 0x4A, 0xFA, 0x3A, 0xB2, 0x94, 0x9F, 0xA5, 0x27, 0xE9, 0x49, 0xFA, 0x52, 0x7E, 0x94, 0x9F,
    0xA5, 0x27, 0xE9, 0x49, 0xFA, 0x52, 0x7E, 0x04, 0xFA, 0x12, 0x5B, 0xE5, 0xA1, 0xDA, 0x51, 0x7E,
    0x05, 0xAA, 0x59, 0x41, 0x67, 0x4B, 0x58, 0x7A, 0x6E, 0x94, 0x5A, 0x3D, 0x2B, 0x04, 0x9B, 0x97,
    0x3D, 0x16, 0x12, 0x4A, 0x3C, 0xC7, 0xA3, 0x23, 0x88, 0x49, 0x28, 0xB8, 0x4A, 0x1E, 0xD2, 0x83,
    0x74, 0x9F, 0xFC, 0x68, 0xBD, 0x49, 0xFF, 0x1B, 0xE3, 0xF4, 0x9D, 0xE0, 0x92, 0x98, 0x49, 0xBD,
    0x92, 0x6B, 0x94, 0x99, 0xFD, 0x26, 0x7F, 0x49, 0x9F, 0xA7, 0x49, 0x33, 0xB7, 0x42, 0xBF, 0xD7,
    0x49, 0x9F, 0xC8, 0xE9, 0x2E, 0xAA, 0x5A, 0x24, 0x93, 0x39, 0xDD, 0xC0, 0x0B, 0x2E, 0xA2, 0x68,
    0xA4, 0x93, 0x3B, 0x81, 0xDA, 0x69, 0x33, 0xCF, 0x2A, 0xBF, 0xD1, 0x24, 0x6E, 0x39, 0x35, 0xFE,
    0x82, 0x4D, 0x3E, 0x10, 0xBF, 0xA4, 0xD3, 0xD1, 0xE2, 0xA4, 0xDB, 0x9B, 0x5F, 0xE9, 0xA4, 0xD7,
    0x9D, 0x94, 0xB2, 0xC9, 0x26, 0xB9, 0xEE, 0x24, 0xBA, 0x49, 0x35, 0xC8, 0x11, 0x66, 0x93, 0x5D,
    0xF1, 0xEB, 0xFC, 0xE4, 0x9A, 0xEB, 0x83, 0x5F, 0xE4, 0x24, 0xD7, 0xE1, 0xBF, 0xF9, 0x12, 0xFE,
    0x93, 0x5F, 0x85, 0x6E, 0x45, 0x18, 0xB2, 0x4D, 0x6A, 0x93, 0x4B, 0x04, 0x06, 0x7E, 0x20, 0x80,
    0xDD, 0x26, 0x99, 0x02, 0x74, 0xBC, 0x69, 0x36, 0xDA, 0x6F, 0x25, 0xD9, 0x49, 0xC7, 0x6B, 0x9C,
    0x6A, 0xFF, 0x35, 0x27, 0x5F, 0xAE, 0x70, 0xAB, 0xFC, 0x94, 0x9E, 0x64, 0x14, 0x54, 0x49, 0xF7,
    0xC3, 0x53, 0xB2, 0xD0, 0xE1, 0x27, 0xDE, 0x97, 0x24, 0xFB, 0x2A, 0x40, 0x97, 0x79, 0x28, 0x1F,
    0x12, 0x7C, 0xBB, 0xA0, 0x9D, 0x92, 0x50, 0xB0, 0x01, 0x19, 0xA5, 0x13, 0x60, 0x3B, 0xA2, 0x51,
    0xB8, 0x04, 0xBA, 0x25, 0x23, 0x00, 0x5C, 0xB2, 0x52, 0xBE, 0x0A, 0x6F, 0x81, 0x47, 0x42, 0x62,
    0xF8, 0x98, 0xB2, 0x94, 0xEF, 0xA5, 0x3A, 0xE7, 0x9C, 0x98, 0x17, 0xA4, 0x09, 0xA9, 0x09, 0x87,
    0x5C, 0x91, 0xCC, 0x4D, 0x2A, 0x99, 0x05, 0x8D, 0x92, 0xAD, 0x85, 0x3A, 0xCB, 0xC4, 0x95, 0x8E,
    0x85, 0x2A, 0x89, 0x5A, 0xFC, 0xCA, 0xB9, 0xC4, 0xAF, 0xF2, 0xD2, 0xB9, 0x9A, 0xE7, 0x0E, 0xBF,
    0xCA, 0x4A, 0xF7, 0xC4, 0xC5, 0xF3, 0x54, 0xE4, 0x2A, 0xD3, 0xE7, 0x42, 0x80, 0xC3, 0x54, 0xB1,
    0x7C, 0x2B, 0x37, 0x21, 0xDE, 0x52, 0xCF, 0x50, 0xAD, 0xD3, 0x2C, 0x44, 0x0B, 0x84, 0x1A, 0x81,
    0x5D, 0x9D, 0x18, 0x88, 0x97, 0x4B, 0x5D, 0x42, 0xC1, 0x41, 0xB1, 0x4C, 0x89, 0x58, 0x4B, 0x6D,
    0x42, 0xC9, 0x4C, 0x09, 0x13, 0xEE, 0x10, 0xBA, 0x05, 0x9A, 0x71, 0x30, 0x2B, 0xDC, 0xE0, 0x1F,
    0x38, 0x07, 0xC4, 0xD3, 0xD1, 0x34, 0x61, 0x2E, 0x3C, 0x4B, 0x87, 0xC2, 0x31, 0x3E, 0x9F, 0x54,
    0x78, 0x37, 0x13, 0x2C, 0x87, 0x61, 0x31, 0xBF, 0xCC, 0x59, 0x54, 0x38, 0x1C, 0xA6, 0x95, 0xF9,
    0xD0, 0x47, 0xE4, 0x2C, 0x8A, 0x25, 0xEA, 0x82, 0xC3, 0xB2, 0x5E, 0xEC, 0x2B, 0xFA, 0x25, 0xF2,
    0x84, 0x44, 0xF8, 0x29, 0x3C, 0x4E, 0x3C, 0x41, 0x92, 0xFD, 0xA2, 0x70, 0x7D, 0x2F, 0xDF, 0x4B,
    0xF7, 0xD2, 0xFD, 0xF4, 0xBF, 0x7C, 0xAC, 0x3F, 0x01, 0xFD, 0x83, 0xE5, 0xFA, 0x1C, 0xA2, 0x89,
    0xF3, 0xA2, 0xFF, 0xE8, 0xF2, 0x1B, 0x24, 0x1E, 0x91, 0xF4, 0x4C, 0x1E, 0xA2, 0x69, 0x83, 0xD0,
    0x25, 0xE8, 0xB3, 0x1B, 0x1C, 0x6B, 0xE1, 0xAF, 0xA0, 0xEC, 0xAE, 0x98, 0x5F, 0xA6, 0x17, 0xE9,
    0x85, 0xFA, 0x61, 0x7E, 0x98, 0x5F, 0x81, 0x7B, 0xF6, 0x79, 0x22, 0x61, 0x78, 0x72, 0xBC, 0x26,
    0x17, 0xE9, 0x85, 0xFA, 0x61, 0x7E, 0x98, 0x5F, 0x9C, 0xBF, 0xE9, 0x85, 0xF8, 0x7C, 0x3E, 0xAE,
    0x8C, 0xF5, 0x22, 0x69, 0x81, 0xD4, 0x69, 0x30, 0x3B, 0x4C, 0x06, 0x47, 0x1D, 0x94, 0xBF, 0xFD,
    0x2F, 0xFF, 0x4B, 0xFF, 0xD2, 0xFF, 0xF4, 0xBF, 0xFC, 0x08, 0xB9, 0x4B, 0xDF, 0xCE, 0x49, 0x54,
    0xBD, 0xDD, 0x2F, 0x3F, 0x4B, 0xCF, 0xD2, 0xF3, 0xF4, 0xBC, 0xFD, 0x2F, 0x3F, 0x4B, 0xCF, 0xD2,
    0xF3, 0xF0, 0x4B, 0xFD, 0x7A, 0x79, 0xA1, 0xCB, 0xC5, 0x13, 0x3A, 0x3C, 0x81, 0x2F, 0x7F, 0x14,
    0x24, 0xA5, 0x49, 0x7B, 0xEB, 0x76, 0xEC, 0x97, 0xCF, 0xA5, 0xF3, 0xE9, 0x7C, 0xFA, 0x5F, 0x3E,
    0x97, 0xCF, 0xA5, 0xF3, 0xE9, 0x7C, 0xFA, 0x5F, 0x3E, 0xCC, 0x4C, 0x25, 0xF3, 0x13, 0xA4, 0xBE,
    0x7D, 0x2F, 0x9F, 0x4B, 0xE7, 0xD2, 0xF9, 0xF4, 0xBE, 0x7D, 0x2F, 0x9F, 0x4B, 0xE7, 0xD2, 0xF9,
    0xF1, 0x3D, 0xFC, 0x0A, 0x39, 0x13, 0xDF, 0xD2, 0xF9, 0xC5, 0xB3, 0x50, 0x0B, 0x58, 0x4B, 0xDF,
    0xD2, 0xF7, 0xF4, 0xBD, 0xFD, 0x2F, 0x7F, 0x4B, 0xDF, 0xD2, 0xF7, 0xF0, 0x26, 0xFD, 0xC5, 0x18,
    0x5F, 0xA7, 0xD2, 0xF7, 0xF4, 0xBD, 0xFD, 0x2F, 0x7F, 0x13, 0x77, 0xD2, 0xF7, 0xF4, 0xBD, 0xFD,
    0x2F, 0x7F, 0x13, 0x07, 0xD2, 0xF7, 0xF4, 0xBD, 0xFD, 0x2F, 0x7F, 0x4B, 0xDF, 0xCB, 0x53, 0xF0,
    0x3A, 0xCC, 0x38, 0x37, 0x65, 0x0D, 0x92, 0xF9, 0xF4, 0xBE, 0x7D, 0x2F, 0x9F, 0x12, 0x67, 0xD2,
    0xF9, 0xF1, 0x26, 0x7C, 0x36, 0x9F, 0x5E, 0x97, 0x12, 0xF9, 0x89, 0x52, 0x5F, 0x3E, 0x97, 0xCF,
    0xA5, 0xF3, 0xE9, 0x7C, 0xFA, 0x5F, 0x3E, 0x97, 0xCF, 0xA5, 0xF3, 0xE1, 0xA1, 0xFB, 0x2F, 0x3E,
    0x97, 0xCE, 0x23, 0xA2, 0xC9, 0x7B, 0xFA, 0x5E, 0xFE, 0x97, 0xBF, 0xA5, 0xEF, 0xE9, 0x7B, 0xFA,
    0x5E, 0xFE, 0x09, 0x6F, 0x81, 0x2A, 0x64, 0xD4, 0xFA, 0x5E, 0xFD, 0x1A, 0x4B, 0xDF, 0xD2, 0xF7,
    0xF4, 0xBD, 0xFD, 0x2F, 0x7F, 0x4B, 0xDF, 0xD2, 0xF7, 0xF4, 0xBD, 0xFC, 0x13, 0x3D, 0x4B, 0xDF,
    0x14, 0x1F, 0x52, 0x88, 0xD1, 0x2F, 0x9F, 0x4B, 0xE7, 0xD2, 0xF9, 0xF4, 0xBE, 0x7D, 0x2F, 0x9F,
    0x0D, 0x5F, 0xC8, 0x35, 0xF4, 0xBE, 0x7D, 0x2F, 0x9F, 0x4B, 0xE6, 0xD2, 0xF7, 0xF4, 0xBD, 0xFD,
    0x2F, 0x7F, 0x4B, 0xDF, 0xC0, 0x7D, 0xF4, 0xBE, 0xFD, 0x2F, 0xBE, 0x70, 0xDF, 0xD2, 0xFB, 0xF4,
    0xBE, 0xFD, 0x2F, 0xBF, 0x4B, 0xEF, 0xC1, 0x01, 0xF0, 0x40, 0x7C, 0xE4, 0x3F, 0x4B, 0xFF, 0x4B,
    0x19, 0x32, 0x4B, 0xCC, 0xDC, 0xB5, 0x4C, 0x07, 0xD3, 0x01, 0xF4, 0xC0, 0x7E, 0x9A, 0x98, 0x0F,
    0xF4, 0x24, 0x7D, 0x19, 0xBA, 0x60, 0xBF, 0xCF, 0x8F, 0xF4, 0x25, 0xE9, 0x83, 0xFA, 0x60, 0xFE,
    0x2C, 0x2F, 0x99, 0x2A, 0xA9, 0x85, 0xC3, 0x88, 0xEA, 0x98, 0x5F, 0xA6, 0x17, 0xE9, 0x85, 0xFA,
    0x61, 0x7E, 0x98, 0x5F, 0xA6, 0x17, 0xE1, 0xB6, 0xFA, 0xF2, 0xA6, 0x98, 0x7F, 0xA6, 0x1E, 0x71,
    0xA4, 0xC3, 0xFD, 0x30, 0xFF, 0x4C, 0x3F, 0xAA, 0x89, 0x87, 0xEF, 0x4E, 0x5B, 0xD4, 0x04, 0x8C,
    0x93, 0x13, 0xDE, 0x9C, 0xE5, 0x31, 0x5F, 0x4C, 0x57, 0xCC, 0xE7, 0xF3, 0x96, 0x6D, 0xC3, 0xD8,
    0x43, 0xD4, 0x95, 0xC7, 0x64, 0xC6, 0xFD, 0x31, 0xBF, 0x4C, 0x6F, 0xD3, 0x1B, 0xF4, 0xC6, 0xFD,
    0x31, 0xBF, 0x24, 0xEF, 0xD3, 0x1B, 0xF4, 0xC6, 0xFC, 0xE5, 0x5B, 0x8B, 0xA6, 0x37, 0xE9, 0x8D,
    0xBA, 0x63, 0x3E, 0x72, 0xAD, 0x2A, 0xD6, 0x49, 0x8C, 0xFA, 0x63, 0x3E, 0x98, 0xCF, 0xA6, 0x33,
    0xE9, 0x8C, 0xFA, 0x63, 0x3E, 0x98, 0xCF, 0xA9, 0x03, 0x29, 0x8A, 0xFA, 0x62, 0xBE, 0x98, 0xAF,
    0xA6, 0x2B, 0xE9, 0x8A, 0xFA, 0x62, 0xBE, 0x98, 0xAF, 0xA6, 0x2B, 0xE9, 0x8A, 0xFA, 0xDD, 0x3E,
    0x27, 0x5F, 0xA6, 0x33, 0x11, 0x74, 0xC6, 0x7C, 0x0B, 0x95, 0x0F, 0xB5, 0xBB, 0xE3, 0x5C, 0xA7,
    0x90, 0x6B, 0x97, 0x4C, 0x6D, 0x15, 0xBB, 0x22, 0xDE, 0x5D, 0x31, 0x74, 0xA6, 0x92, 0xB2, 0x9D,
    0xB3, 0xC6, 0xC9, 0x31, 0xB8, 0x42, 0x24, 0xBB, 0x89, 0x8F, 0xDD, 0x73, 0xAC, 0x78, 0x99, 0x26,
    0x46, 0xC7, 0xA2, 0x97, 0x79, 0x32, 0x7F, 0x0A, 0xBF, 0xD3, 0x27, 0xA3, 0x91, 0x5A, 0xB9, 0xE1,
    0xAF, 0xF9, 0x82, 0xAD, 0x7A, 0xE7, 0x96, 0xBF, 0xEA, 0x4C, 0xBE, 0x40, 0x19, 0x32, 0x59, 0x5C,
    0x07, 0x74, 0x4C, 0xDD, 0xAB, 0x9D, 0x14, 0x0C, 0xC9, 0x33, 0xB8, 0xAE, 0x74, 0xEB, 0xFD, 0x84,
    0xCF, 0xFD, 0x33, 0xFF, 0x4C, 0xFF, 0xA3, 0x49, 0x9F, 0xB7, 0x76, 0xBF, 0xE2, 0x4C, 0xFF, 0xC9,
    0x31, 0x2F, 0x25, 0x7F, 0xD2, 0x99, 0xFA, 0x55, 0x00, 0x0B, 0x2F, 0x1D, 0x7F, 0xD0, 0x99, 0xFC,
    0x02, 0x0E, 0x69, 0x9F, 0xCF, 0x4A, 0xBF, 0xD7, 0x25, 0x8D, 0xD0, 0xC1, 0x44, 0xCF, 0x7D, 0xBD,
    0xBC, 0x4C, 0xF7, 0x8E, 0x0D, 0x50, 0x4B, 0x4D, 0x33, 0xBB, 0xF1, 0x57, 0xFC, 0xE9, 0x9D, 0xD0,
    0x21, 0x26, 0x99, 0xDC, 0xF7, 0xD0, 0x8D, 0x24, 0xCE, 0xEF, 0xAB, 0x5F, 0xED, 0x26, 0x77, 0x5D,
    0x0A, 0xFF, 0x55, 0x33, 0xBF, 0x0E, 0x7F, 0xD3, 0x3B, 0xF4, 0xCE, 0xFC, 0x2D, 0xDA, 0x4C, 0xEE,
    0xC2, 0x23, 0x3F, 0x00, 0x44, 0x6E, 0x99, 0xDC, 0xA6, 0x6F, 0x69, 0x99, 0xEA, 0x65, 0xFE, 0x99,
    0x5C, 0xA6, 0x4F, 0xE2, 0x66, 0xFA, 0x64, 0xFE, 0x70, 0xDB, 0x21, 0xF6, 0x44, 0x22, 0x98, 0xE6,
    0xAE, 0x99, 0x2E, 0xA6, 0x43, 0x29, 0x8E, 0xDA, 0x63, 0x3A, 0x98, 0xAC, 0xA6, 0x23, 0xE0, 0x91,
    0xF8, 0xE8, 0x32, 0x25, 0xDF, 0x92, 0xCF, 0x29, 0x84, 0xF9, 0x2C, 0xFF, 0x92, 0x9E, 0x25, 0xFB,
    0x29, 0x7C, 0xDA, 0x5E, 0xBA, 0x97, 0x8F, 0x80, 0x56, 0x49, 0x76, 0xC2, 0x5D, 0x3E, 0x24, 0xAF,
    0x90, 0xD7, 0x41, 0x2C, 0x92, 0x5C, 0x3E, 0x4B, 0x7A, 0xA5, 0xAE, 0xE3, 0x41, 0x90, 0x91, 0xEE,
    0x0D, 0x49, 0xD1, 0x84, 0x8B, 0x84, 0xB3, 0xD0, 0x67, 0xD4, 0x12, 0x26, 0x52, 0xCB, 0x41, 0x9F,
    0xC8, 0x48, 0x57, 0x06, 0xCC, 0xE2, 0x66, 0xE5, 0xF9, 0x0D, 0xFE, 0x43, 0x7F, 0x89, 0x0B, 0xA9,
    0x61, 0xE9, 0x8C, 0x6C, 0x96, 0x2F, 0x08, 0xDA, 0x83, 0x4E, 0x98, 0xFA, 0x28, 0x0E, 0x89, 0x0F,
    0x96, 0x80, 0xE7, 0x90, 0xF8, 0x6C, 0x34, 0x4A, 0x1B, 0x66, 0xB9, 0xB1, 0x16, 0xFC, 0xA7, 0x98,
    0x25, 0xD7, 0xD2, 0xA9, 0x72, 0x5B, 0xFD, 0x2A, 0x9F, 0x4A, 0xA7, 0xD2, 0xA9, 0xF4, 0xAA, 0x7C,
    0xA7, 0x3F, 0x30, 0xB7, 0xC9, 0x71, 0xF3, 0x74, 0xD1, 0x29, 0xFA, 0x3B, 0x65, 0x12, 0x9D, 0xF2,
    0x5B, 0x69, 0x29, 0xBF, 0x4A, 0x6F, 0xD2, 0x9B, 0xF4, 0xA6, 0xFD, 0x29, 0xBF, 0x25, 0x6F, 0xC0,
    0xAF, 0x64, 0xA6, 0xF2, 0x3C, 0x99, 0x7B, 0x25, 0x3B, 0xE9, 0x4E, 0xFA, 0x53, 0xBE, 0x94, 0xEF,
    0x9C, 0x07, 0xE9, 0x4E, 0xF8, 0x6D, 0xBE, 0x94, 0xEE, 0x0C, 0x3B, 0x29, 0x52, 0xD0, 0x92, 0x2E,
    0x95, 0x2F, 0x12, 0xDA, 0x89, 0x53, 0xFA, 0x54, 0xFE, 0x95, 0x3F, 0xA5, 0x4F, 0xE9, 0x53, 0xF9,
    0x99, 0xBE, 0x90, 0x1A, 0x1D, 0x2A, 0xE9, 0x57, 0xE3, 0xFA, 0x30, 0x0B, 0x49, 0x8A, 0x2E, 0xA9,
    0x59, 0xFA, 0x56, 0x7E, 0x95, 0x9F, 0xA5, 0x67, 0xE9, 0x59, 0xFA, 0x56, 0x7E, 0x25, 0x9F, 0x82,
    0x8B, 0xE0, 0x57, 0xB8, 0x96, 0x7E, 0x95, 0x7B, 0x4E, 0x92, 0xAF, 0xF4, 0xAB, 0xFD, 0x2A, 0xFF,
    0x4A, 0xBF, 0xD2, 0xAF, 0xF4, 0xAB, 0xFD, 0x2A, 0xFF, 0x4A, 0xBF, 0xC4, 0xC7, 0xF4, 0xAB, 0xFD,
    0x2A, 0xF6, 0x7E, 0x3C, 0xD2, 0xAF, 0xF4, 0xAB, 0xFD, 0x2A, 0xFF, 0x4A, 0xBF, 0xD2, 0xAF, 0xF4,
    0xAB, 0xFD, 0x2A, 0xFF, 0x4A, 0xBF, 0xC4, 0xE3, 0xF4, 0xAB, 0xFD, 0x2A, 0xFF, 0x4A, 0xBC, 0xE5,
    0x49, 0x57, 0xBD, 0x9E, 0x52, 0x95, 0x8F, 0xA5, 0x63, 0xE9, 0x58, 0xFA, 0x56, 0x3E, 0x95, 0x8F,
    0xA5, 0x63, 0xE1, 0xE7, 0xF8, 0x13, 0xA9, 0x29, 0x4A, 0xC7, 0x17, 0x9D, 0xA4, 0xAC, 0x7D, 0x2B,
    0x1F, 0x4A, 0xC7, 0xC4, 0xE5, 0xF4, 0xAC, 0x7D, 0x2B, 0x1F, 0x4A, 0xC7, 0xC4, 0xD5, 0xF4, 0xAC,
    0x7D, 0x2B, 0x1F, 0x4A, 0xC7, 0xD2, 0xB1, 0xF3, 0xD8, 0x7C, 0x0E, 0xB3, 0x0E, 0x15, 0xD2, 0xAF,
    0xF4, 0xAB, 0xFD, 0x2A, 0xFF, 0x4A, 0xBF, 0xC4, 0xAB, 0xF4, 0xAB, 0xFC, 0x36, 0x5F, 0x01, 0xF5,
    0x52, 0xAF, 0xF4, 0xAB, 0xD0, 0xCC, 0x93, 0x4A, 0xBF, 0xD2, 0xAF, 0xF4, 0xAB, 0xD1, 0x2A, 0xDB,
    0x4A, 0xAF, 0xF9, 0xB4, 0xB4, 0xAA, 0x7D, 0x2A, 0x9F, 0x45, 0xD7, 0xC0, 0x91, 0x51, 0x9E, 0xFD,
    0x2A, 0x9A, 0x46, 0x0D, 0x65, 0x69, 0x55, 0xFA, 0x55, 0x7E, 0x95, 0x5F, 0xA5, 0x57, 0xE9, 0x55,
    0xFA, 0x55, 0x7E, 0x09, 0x4F, 0x81, 0x2E, 0x92, 0xB1, 0x23, 0xFD, 0x2A, 0xBE, 0x95, 0x25, 0x57,
    0xE9, 0x55, 0xFA, 0x55, 0x76, 0x95, 0x4D, 0xA5, 0x4F, 0xA9, 0x52, 0xFA, 0x54, 0xBE, 0x09, 0x7F,
    0xD9, 0xE5, 0x69, 0x52, 0xE0, 0xB9, 0x70, 0x95, 0x1F, 0xA5, 0x47, 0xE9, 0x51, 0xFA, 0x54, 0x7E,
    0x95, 0x1F, 0x86, 0x93, 0xE1, 0x61, 0xE4, 0xAC, 0x1B, 0x3F, 0x4A, 0x8F, 0xD2, 0xA3, 0x52, 0xC0,
    0xC8, 0x50, 0xDB, 0x4A, 0x97, 0xFA, 0xC1, 0x2F, 0xAA, 0x54, 0xBE, 0x95, 0x2F, 0x80, 0xFF, 0xE0,
    0x81, 0xA1, 0x25, 0xFE, 0xEF, 0x7A, 0x25, 0x4B, 0x11, 0xEB, 0x39, 0x26, 0xFE, 0x95, 0x3F, 0xA5,
    0x4F, 0xE9, 0x53, 0xFA, 0x54, 0xFE, 0x08, 0x2F, 0x81, 0x0A, 0x72, 0xE0, 0x41, 0x7D, 0x2A, 0x7F,
    0x4A, 0x9E, 0x06, 0x17, 0x32, 0x4D, 0xDD, 0x2A, 0x5F, 0x24, 0xDE, 0x3A, 0x7D, 0xF0, 0x8D, 0x5D,
    0x2A, 0x5C, 0x3A, 0x94, 0x92, 0xA3, 0xB4, 0xA7, 0xFC, 0x94, 0x16, 0x4A, 0x77, 0xD2, 0x9D, 0xF0,
    0x2E, 0xFE, 0x5C, 0x09, 0x59, 0x03, 0x3A, 0x42, 0x43, 0xC2, 0x53, 0xBE, 0x94, 0xEF, 0xA5, 0x3B,
    0xE9, 0x4E, 0xFA, 0x53, 0xBE, 0x94, 0xEC, 0x82, 0x6E, 0xC1, 0xAF, 0xFD, 0x9E, 0x5C, 0x0E, 0x1F,
    0x86, 0xBB, 0x12, 0x30, 0xD7, 0x50, 0x74, 0x95, 0x4A, 0x9D, 0x2C, 0xF3, 0x04, 0xAA, 0x74, 0x36,
    0x3E, 0x4A, 0xBE, 0x4C, 0xAD, 0x33, 0xB6, 0xC9, 0x2A, 0xD8, 0x45, 0x4E, 0x12, 0xAB, 0x84, 0x54,
    0xE9, 0x2A, 0xD6, 0x45, 0x3D, 0x92, 0xAD, 0x60, 0xDE, 0x7C, 0xCA, 0xFB, 0x98, 0x0D, 0x4B, 0x06,
    0xEC, 0xAA, 0x28, 0xAE, 0x95, 0x6F, 0xA5, 0x5A, 0xE1, 0xC3, 0xBA, 0x55, 0xEE, 0x1C, 0x3B, 0xA5,
    0x63, 0x21, 0xC4, 0xCA, 0x56, 0xB6, 0x1C, 0x7B, 0xA5, 0x6A, 0xE1, 0xC7, 0xF8, 0xBB, 0x7E, 0x04,
    0xFC, 0x05, 0x1F, 0xE2, 0x5E, 0xD3, 0xDF, 0xAC, 0x5E, 0x5C, 0x59, 0x69, 0x93, 0x64, 0xAF, 0xD0,
    0x16, 0x36, 0x4A, 0xFF, 0xD2, 0xBF, 0xE7, 0x9C, 0xD9, 0x2B, 0xFF, 0x4A, 0xFF, 0xD2, 0xBF, 0xF4,
    0xAF, 0xFD, 0x2B, 0xFF, 0x4A, 0xFF, 0xC3, 0x67, 0xB0, 0x5E, 0x74, 0x22, 0xB3, 0xE7, 0x42, 0x80,
    0xC3, 0x74, 0xB2, 0xFE, 0xCF, 0x33, 0x0B, 0x0D, 0xC3, 0xEB, 0x94, 0xB4, 0xF0, 0x3F, 0x56, 0x4B,
    0x4E, 0x83, 0xFD, 0x64, 0xB4, 0xF0, 0x40, 0x78, 0x4B, 0x4F, 0x04, 0x11, 0x64, 0xB4, 0xE8, 0x0B,
    0x16, 0x55, 0xFF, 0xC0, 0xAF, 0xA9, 0x99, 0x2D, 0xBE, 0x28, 0xBB, 0x97, 0x12, 0xF5, 0x0E, 0x72,
    0xB1, 0x24, 0x56, 0xAB, 0x84, 0x8E, 0xF6, 0x50, 0x5E, 0xD2, 0xD6, 0x28, 0xFC, 0x4B, 0xFA, 0x33,
    0x75, 0xAE, 0xD0, 0xB9, 0x98, 0xAE, 0x73, 0xD1, 0xA9, 0x2B, 0x17, 0x34, 0xB9, 0x34, 0x14, 0xBC,
    0x88, 0x39, 0x23, 0x99, 0xCA, 0x96, 0x12, 0x29, 0x9C, 0xCE, 0x94, 0x2E, 0x6D, 0x64, 0x96, 0x74,
    0x9D, 0x04, 0x62, 0x64, 0x3D, 0xF8, 0x12, 0xEA, 0x96, 0x1D, 0x34, 0x16, 0xC4, 0xB5, 0xF4, 0xCC,
    0x3F, 0x93, 0x25, 0xA5, 0x03, 0xF3, 0x22, 0x5A, 0x4A, 0x50, 0x1F, 0x5A, 0x92, 0xD2, 0x52, 0x30,
    0xF9, 0x4C, 0x96, 0x72, 0x8F, 0x87, 0xBA, 0x74, 0xC8, 0xB2, 0x55, 0x3E, 0x27, 0xEE, 0x87, 0x9F,
    0x00, 0x76, 0xA2, 0x56, 0x68, 0x30, 0x69, 0xA5, 0x66, 0x7D, 0x0A, 0xFF, 0x5C, 0x4F, 0x79, 0x06,
    0xBD, 0x7A, 0x73, 0x9E, 0xA4, 0xDD, 0x2B, 0xB6, 0xEA, 0xA6, 0x4A, 0x55, 0xF0, 0x6B, 0xD6, 0xB9,
    0xD4, 0x4E, 0x64, 0xA2, 0xA0, 0xD4, 0xA8, 0x1F, 0x28, 0x27, 0x89, 0x83, 0x46, 0xD5, 0xCE, 0x55,
    0x7F, 0xA2, 0x27, 0x79, 0x03, 0x36, 0x95, 0xCE, 0x4D, 0x7F, 0xA0, 0x27, 0x6A, 0x07, 0x76, 0xE2,
    0x76, 0xF8, 0x1E, 0xE4, 0x11, 0xF9, 0xA5, 0x87, 0x00, 0xBA, 0x90, 0xC4, 0x69, 0x35, 0x05, 0xD5,
    0x39, 0xB5, 0xFE, 0x9A, 0x58, 0xB9, 0xD9, 0x4C, 0x94, 0x8E, 0xB9, 0x62, 0x62, 0x53, 0xB8, 0x95,
    0xC9, 0x0A, 0xF2, 0xC4, 0xC5, 0xA0, 0x12, 0xA6, 0x2B, 0xDD, 0x13, 0x1E, 0x9C, 0x7A, 0xFF, 0x38,
    0x57, 0xD7, 0x26, 0x45, 0x38, 0x35, 0xFE, 0x40, 0xAF, 0xF6, 0x61, 0xEF, 0x87, 0x73, 0xF6, 0x79,
    0xA8, 0x77, 0x3E, 0x28, 0x9A, 0x07, 0x66, 0xC1, 0x75, 0x91, 0x53, 0xAC, 0x96, 0xCE, 0x04, 0x56,
    0x7E, 0x20, 0x8A, 0xDC, 0xD0, 0x38, 0x4B, 0x75, 0x00, 0xB3, 0x2F, 0x1A, 0x37, 0x6A, 0x97, 0x0A,
    0xA7, 0xD6, 0x5D, 0x91, 0xBC, 0x5D, 0x2E, 0x55, 0xAE, 0x71, 0xAB, 0xFC, 0xD4, 0x70, 0xE5, 0x2E,
    0xB7, 0xAE, 0x70, 0xAB, 0xFC, 0x94, 0x71, 0xE4, 0x0C, 0x72, 0x05, 0x94, 0xD1, 0xCD, 0xA4, 0x71,
    0x7C, 0x0B, 0xB5, 0x2D, 0x47, 0xC3, 0xA7, 0x74, 0xC0, 0x5A, 0x5C, 0x8E, 0xAA, 0x8B, 0x7E, 0x9D,
    0x7A, 0xFF, 0x78, 0x1F, 0xBF, 0x4C, 0x25, 0xD4, 0xCB, 0x2F, 0x20, 0x3F, 0x2E, 0x98, 0x79, 0x80,
    0x56, 0x60, 0xFE, 0xBA, 0x62, 0xAA, 0x04, 0x6A, 0x04, 0x07, 0x49, 0x8E, 0xA8, 0x16, 0x68, 0x10,
    0x4B, 0x26, 0x46, 0x60, 0x6C, 0xB0, 0x41, 0xB0, 0x73, 0xBF, 0x82, 0xF7, 0xE0, 0x5F, 0xA8, 0xA5,
    0x34, 0x05, 0xEB, 0x26, 0x4F, 0xE7, 0x3B, 0xA0, 0x8C, 0xEA, 0x0A, 0x69, 0x1C, 0xEF, 0x80, 0x9D,
    0x90, 0x2E, 0x3A, 0xAB, 0x49, 0x78, 0x81, 0x6F, 0xB0, 0xAF, 0x50, 0x16, 0xDE, 0xAE, 0x71, 0x2B,
    0xFC, 0xB0, 0x5A, 0xE6, 0xB9, 0xC3, 0xAF, 0xF2, 0x93, 0x37, 0xF4, 0xCD, 0xFC, 0x2C, 0xDD, 0x14,
    0x36, 0x22, 0xEF, 0x38, 0xDA, 0x54, 0xA8, 0x39, 0x69, 0x05, 0xAE, 0xA2, 0x86, 0xD2, 0x69, 0xA8,
    0x16, 0xDA, 0x0E, 0x4A, 0x89, 0xA8, 0xB8, 0x5B, 0xA8, 0x39, 0x3B, 0x26, 0xAA, 0xE1, 0x70, 0xA0,
    0xE5, 0x74, 0x9A, 0xCB, 0x85, 0xCA, 0x83, 0x97, 0xB2, 0x6B, 0xAA, 0x17, 0x3A, 0x0E, 0x67, 0x0B,
    0xF1, 0xC1, 0x25, 0x3E, 0x2D, 0xF9, 0x0A, 0x1F, 0xE1, 0x6E, 0x90, 0x17, 0xEC, 0xBE, 0xEC, 0x27,
    0xFF, 0x49, 0xB0, 0xF8, 0x45, 0x32, 0x3E, 0x3A, 0x0E, 0xB6, 0x61, 0x13, 0xB5, 0x72, 0x69, 0x5F,
    0x9D, 0x04, 0x6A, 0x41, 0x12, 0xB2, 0xCD, 0xE6, 0x10, 0xDB, 0x8E, 0x92, 0x81, 0x0A, 0xB0, 0xE8,
    0x64, 0x3E, 0xBF, 0x0C, 0xB7, 0xE1, 0xB9, 0xC0, 0x12, 0xAD, 0xD4, 0x8B, 0xBC, 0x0A, 0xE5, 0x23,
    0xFA, 0x6F, 0xFE, 0x9B, 0xFF, 0xA6, 0xFF, 0xE9, 0xBF, 0xF9, 0x69, 0xFE, 0x3D, 0xCF, 0x82, 0x4E,
    0xB4, 0x39, 0x45, 0x13, 0xE7, 0x45, 0xFF, 0xD1, 0xE4, 0x36, 0x48, 0x3D, 0x23, 0xE8, 0x2A, 0xAC,
    0xA7, 0x0F, 0x53, 0xA7, 0x3E, 0x58, 0x4C, 0x35, 0x3A, 0xD7, 0xC3, 0x5F, 0x46, 0x9D, 0x4F, 0xA5,
    0x11, 0x4E, 0x3F, 0xD3, 0x8F, 0xF4, 0xE3, 0xFD, 0x38, 0xFF, 0x4E, 0x3F, 0xC5, 0x5F, 0xF0, 0xD0,
    0xD5, 0x38, 0xFC, 0x3B, 0x66, 0x00, 0x7F, 0x28, 0xEE, 0x6A, 0x3C, 0x9C, 0x6F, 0xA7, 0x1B, 0xE9,
    0xC6, 0xF9, 0xDC, 0x3E, 0x9C, 0x6F, 0x9D, 0xC3, 0xE1, 0xE7, 0xF9, 0xA3, 0xEA, 0x04, 0x7A, 0x90,
    0x52, 0x91, 0xA4, 0xE1, 0x7C, 0xEE, 0x15, 0x1D, 0x7C, 0xC1, 0x1F, 0x54, 0xE0, 0xFD, 0x38, 0x3F,
    0x4E, 0x0F, 0xD3, 0x83, 0xF4, 0xE0, 0xFC, 0x11, 0x7A, 0x70, 0xB5, 0x8F, 0xF3, 0x63, 0xB3, 0xD1,
    0x37, 0x97, 0x06, 0x7D, 0x23, 0xB9, 0xA9, 0x72, 0x6E, 0x7E, 0x9B, 0x8F, 0xA6, 0xDF, 0xE9, 0xB6,
    0xFA, 0x6D, 0xBE, 0x9B, 0x6F, 0x82, 0x4B, 0xE2, 0x7A, 0xCD, 0x0E, 0x5E, 0x27, 0xB9, 0xD1, 0xE4,
    0x0E, 0x70, 0xF1, 0x44, 0x6E, 0x28, 0x09, 0xCA, 0x93, 0x79, 0xE1, 0x16, 0xD5, 0x37, 0x9C, 0xE8,
    0x72, 0x41, 0x47, 0x94, 0xE0, 0x7D, 0x38, 0x1F, 0x4E, 0x07, 0xD3, 0x81, 0xF4, 0xE0, 0x7D, 0x38,
    0x1F, 0x4E, 0x07, 0xC3, 0x3F, 0x70, 0x59, 0xDD, 0x38, 0x54, 0x0C, 0x6C, 0xD3, 0x85, 0xE0, 0x5A,
    0xCA, 0x74, 0x05, 0x1A, 0xA7, 0x13, 0xE9, 0xC3, 0xFB, 0x0C, 0x30, 0x79, 0x6F, 0x27, 0x07, 0xE9,
    0xC1, 0xFA, 0x70, 0x7E, 0x1F, 0x2F, 0x8A, 0x0B, 0xE9, 0xC1, 0xEF, 0x46, 0x34, 0x05, 0xFA, 0xB0,
    0xDE, 0x8B, 0xB1, 0xA0, 0x17, 0xB0, 0x9C, 0x5F, 0x9C, 0x5E, 0xC0, 0x66, 0xAA, 0x72, 0x3E, 0x9C,
    0x8F, 0xA7, 0x23, 0xE9, 0xC8, 0xFA, 0x72, 0x3E, 0x67, 0x5F, 0xD2, 0x97, 0xFD, 0x86, 0x23, 0x7C,
    0x14, 0xF2, 0x0F, 0x6D, 0x13, 0x9F, 0xF4, 0xE7, 0xFD, 0x39, 0xFF, 0x14, 0x17, 0xD3, 0x9F, 0xF2,
    0x13, 0x7C, 0x11, 0x97, 0x4E, 0x97, 0xC4, 0xEF, 0xF1, 0x3B, 0xC8, 0x3C, 0xF8, 0x4E, 0xB7, 0xD3,
    0xAD, 0xF4, 0xEB, 0x7D, 0x3A, 0xDF, 0x09, 0x67, 0xC3, 0xC1, 0xB4, 0x16, 0x4D, 0x86, 0xB6, 0x0E,
    0xFE, 0x13, 0xBF, 0xF4, 0xEF, 0xFD, 0x3B, 0xFF, 0x13, 0x77, 0xD3, 0xBF, 0xF1, 0x37, 0x7C, 0xF3,
    0x5C, 0x4E, 0xFE, 0x84, 0xE5, 0x82, 0x00, 0x69, 0x3C, 0x3F, 0x36, 0xEC, 0x82, 0xF9, 0x64, 0xF1,
    0xFD, 0x3C, 0x7F, 0x4F, 0x1F, 0xD3, 0xC7, 0xF4, 0xF1, 0xFC, 0x38, 0x3E, 0x44, 0x37, 0xC0, 0xA1,
    0x50, 0x6F, 0x58, 0xC6, 0xD7, 0x0B, 0x55, 0x53, 0xCD, 0xF3, 0x3B, 0x5C, 0x25, 0x15, 0x4F, 0x57,
    0xD3, 0xD5, 0xF4, 0xF5, 0x7D, 0x3D, 0x5F, 0x4F, 0x57, 0xC1, 0x3F, 0xD4, 0xF5, 0x7C, 0x94, 0x57,
    0x0D, 0xFD, 0x93, 0xD9, 0x38, 0xD2, 0x7B, 0x3E, 0x9E, 0xCD, 0xB4, 0xC2, 0x40, 0xA7, 0xC2, 0x7B,
    0x7E, 0x9E, 0xDF, 0xA7, 0xB7, 0xE9, 0xED, 0xF8, 0x28, 0x7E, 0x0E, 0xEA, 0x82, 0x67, 0x04, 0x40,
    0xB2, 0xA0, 0x6F, 0x32, 0x07, 0x2D, 0x42, 0x71, 0x44, 0xFA, 0xFD, 0x3E, 0xBF, 0x12, 0xF7, 0xD3,
    0xEB, 0xF4, 0xFA, 0xFC, 0x39, 0x5F, 0x4F, 0xAF, 0xD3, 0xEB, 0xF1, 0x2F, 0x54, 0x39, 0xB8, 0x4F,
    0xB5, 0x06, 0x27, 0x64, 0xFA, 0xFC, 0x1D, 0xD5, 0xAF, 0x87, 0x36, 0xE9, 0xF6, 0xFA, 0x7D, 0xBE,
    0x1C, 0x1F, 0xA7, 0xDB, 0xE9, 0xF6, 0xC0, 0x72, 0xEE, 0x9F, 0x8A, 0xA7, 0xDF, 0xE0, 0xD3, 0xA9,
    0x0F, 0xAC, 0x9F, 0xBF, 0xA7, 0xEF, 0xE9, 0xFB, 0xFA, 0x7E, 0xFE, 0x04, 0x7F, 0x82, 0x23, 0xEE,
    0x96, 0xE0, 0x22, 0x6C, 0x9F, 0xBA, 0x25, 0x8A, 0x69, 0xFB, 0xFA, 0x7E, 0xF8, 0x4D, 0x1E, 0x27,
    0xE7, 0x09, 0xF8, 0xFA, 0x7E, 0x3E, 0x9F, 0x8F, 0xA7, 0xE3, 0xE2, 0xE8, 0xF8, 0x16, 0xAA, 0x21,
    0x6B, 0x84, 0xAE, 0x47, 0x7F, 0xAB, 0x3D, 0x6A, 0x88, 0x79, 0x03, 0x3A, 0x84, 0x44, 0xB2, 0x80,
    0x3E, 0xA0, 0x0F, 0xA8, 0x03, 0xEA, 0x00, 0xFA, 0x80, 0x3E, 0x1C, 0x5F, 0xB1, 0x17, 0x80, 0xEB,
    0xD0, 0x70, 0x31, 0x64, 0x44, 0x64, 0xA3, 0x48, 0x8B, 0xB1, 0xDD, 0xA8, 0x9F, 0xCD, 0x90, 0xD3,
    0x09, 0xF9, 0xC9, 0x36, 0x6A, 0x9F, 0x8B, 0x93, 0x6A, 0x69, 0xF7, 0xD9, 0x36, 0xA6, 0x9F, 0x5C,
    0x93, 0x6E, 0xA9, 0xF5, 0xB9, 0x36, 0xB6, 0x6A, 0xFD, 0xB5, 0x1B, 0x02, 0xFD, 0xF4, 0xB9, 0x3F,
    0x1F, 0x18, 0x05, 0x87, 0x05, 0x44, 0xFE, 0x70, 0x67, 0x92, 0x4F, 0xDE, 0x86, 0x7D, 0x24, 0xFD,
    0x70, 0x68, 0x12, 0x4F, 0xC7, 0x86, 0x89, 0x44, 0xFC, 0x68, 0x9C, 0x13, 0x4F, 0xB7, 0xC1, 0x3D,
    0xF6, 0x4D, 0xFC, 0x4D, 0x5F, 0x27, 0x26, 0x8E, 0xC9, 0x40, 0x7D, 0x49, 0x3E, 0xBF, 0x4F, 0xAF,
    0xC3, 0x37, 0x40, 0xEA, 0x61, 0x3E, 0xDF, 0x4F, 0xB7, 0xD3, 0xED, 0xF4, 0xFB, 0x7D, 0x3E, 0xDF,
    0x4F, 0xB7, 0xCE, 0xDF, 0xF0, 0x85, 0xF4, 0x9D, 0x18, 0x4F, 0xAF, 0xDD, 0xFB, 0x50, 0xAD, 0x4C,
    0x7E, 0xF8, 0x4F, 0xB7, 0x89, 0xD5, 0x74, 0xFB, 0x64, 0x9D, 0x37, 0x4F, 0xB6, 0xC9, 0xD7, 0x94,
    0xFB, 0x6C, 0x9D, 0x97, 0x4F, 0xB6, 0x49, 0xD7, 0x73, 0xB7, 0x5C, 0x49, 0xFF, 0x75, 0x6C, 0x81,
    0x89, 0xF1, 0x48, 0x68, 0x65, 0x79, 0x3B, 0x95, 0x49, 0xD9, 0x30, 0x91, 0x5F, 0xBE, 0x38, 0x0A,
    0x79, 0x07, 0x01, 0x8C, 0x39, 0x3A, 0xB2, 0x29, 0x2A, 0x93, 0xA2, 0x5D, 0xB3, 0xEC, 0x48, 0x52,
    0xB4, 0x27, 0x34, 0xBA, 0xE9, 0x8D, 0x90, 0xA6, 0x2C, 0x4E, 0x59, 0x75, 0x8F, 0xA5, 0x21, 0x4D,
    0xD2, 0x9F, 0x12, 0x3F, 0x5C, 0xBB, 0xC2, 0x9E, 0xB0, 0x7E, 0xFE, 0x04, 0xE9, 0x10, 0x5B, 0xE1,
    0xFF, 0xB8, 0x6B, 0x2D, 0xE1, 0xAF, 0xF9, 0x85, 0xA1, 0x81, 0x96, 0xDA, 0xB9, 0xE5, 0xAF, 0xFA,
    0x85, 0x33, 0x22, 0x75, 0x58, 0x02, 0x13, 0x27, 0x65, 0xC0, 0x83, 0x49, 0x41, 0x3B, 0x6B, 0x5C,
    0xE8, 0xA1, 0xAA, 0x52, 0x32, 0x77, 0xDE, 0xB9, 0xD3, 0xAF, 0xF6, 0x05, 0x3D, 0x22, 0x78, 0x6D,
    0x41, 0xBF, 0x14, 0x85, 0xC1, 0x13, 0x65, 0x05, 0x52, 0x34, 0xA0, 0xAB, 0x77, 0x6B, 0xFE, 0x21,
    0x45, 0x69, 0xA1, 0x92, 0x27, 0x25, 0xBC, 0x95, 0xFF, 0x49, 0x39, 0x2D, 0xE3, 0xAF, 0xFA, 0x09,
    0xC9, 0x60, 0x44, 0xCC, 0x9C, 0x97, 0xE9, 0x57, 0xFA, 0xE4, 0xE4, 0xBA, 0x2C, 0x68, 0x4E, 0x3A,
    0x82, 0x0B, 0xE0, 0x82, 0x90, 0xEB, 0x26, 0xA0, 0x0B, 0x82, 0x13, 0x00, 0xC7, 0x91, 0xD5, 0xF0,
    0x0A, 0x19, 0x80, 0xFA, 0xA0, 0xC3, 0x99, 0xD6, 0xF3, 0xE2, 0xAF, 0xF9, 0xC0, 0x81, 0x22, 0x75,
    0xDC, 0x11, 0x93, 0x41, 0x94, 0x89, 0xD7, 0x6E, 0xFA, 0x27, 0xA4, 0x04, 0x49, 0x93, 0xAE, 0xFD,
    0x5A, 0xFF, 0x68, 0xB5, 0xB5, 0x27, 0x5D, 0x3A, 0x15, 0xFE, 0xA8, 0x12, 0x28, 0x4E, 0xB9, 0x99,
    0x7A, 0xE1, 0xE6, 0xF8, 0x48, 0x7E, 0x49, 0xEE, 0x81, 0x4E, 0xC1, 0x80, 0xD2, 0x80, 0x29, 0x67,
    0x92, 0x28, 0x06, 0xC1, 0x1F, 0x9F, 0x80, 0x94, 0x1C, 0x0E, 0xE5, 0x54, 0x05, 0x41, 0x70, 0xC8,
    0x9E, 0x73, 0x47, 0x94, 0x81, 0xBD, 0x22, 0x79, 0x4D, 0x3F, 0x94, 0x16, 0xF5, 0x09, 0xE1, 0x34,
    0xFC, 0x50, 0x5B, 0x92, 0x27, 0x7C, 0xD1, 0xCB, 0x21, 0x6D, 0x50, 0x9D, 0xB3, 0x0E, 0x47, 0xC0,
    0x9D, 0x39, 0x21, 0x72, 0xBE, 0x28, 0xCC, 0x27, 0xC6, 0xB1, 0xE4, 0xF8, 0xE4, 0x1C, 0x5E, 0x3B,
    0x7D, 0xD2, 0x41, 0x20, 0x51, 0x48, 0x9D, 0x15, 0xEC, 0x02, 0x82, 0x44, 0xE7, 0xA8, 0x06, 0xA4,
    0x09, 0xFA, 0x13, 0xA2, 0xA0, 0x11, 0x9C, 0xDC, 0x9D, 0x16, 0xEC, 0x02, 0x72, 0x81, 0xCF, 0x91,
    0xD9, 0x3E, 0x09, 0xCF, 0x81, 0x36, 0xA2, 0x7D, 0xF9, 0xD8, 0xBC, 0x9E, 0x3F, 0x13, 0xA3, 0xC7,
    0x5F, 0xC8, 0x22, 0x64, 0x9E, 0x2C, 0xA7, 0x83, 0x69, 0xDE, 0xFA, 0x77, 0x32, 0x9D, 0xAF, 0x89,
    0xAB, 0xE0, 0x53, 0xC9, 0x3B, 0x68, 0x75, 0x3D, 0xB5, 0xC6, 0xE9, 0x7A, 0xB1, 0xD4, 0x78, 0x9D,
    0x7A, 0x0D, 0xBA, 0x42, 0x65, 0xB8, 0x38, 0xA7, 0x46, 0x13, 0x1E, 0x13, 0xA7, 0x41, 0xB7, 0xD0,
    0x4C, 0x59, 0x4E, 0x8D, 0x06, 0xE3, 0x21, 0x30, 0x5C, 0x1D, 0x33, 0x89, 0x9D, 0x2B, 0xE4, 0x66,
    0xF8, 0x12, 0xE6, 0x13, 0xCF, 0x93, 0xBF, 0xE7, 0x4A, 0xB4, 0xE8, 0x4B, 0xB4, 0x51, 0x7C, 0xE4,
    0x49, 0xD1, 0xF8, 0xF3, 0x28, 0x25, 0xDC, 0x8E, 0x02, 0x62, 0x5E, 0xA0, 0x3E, 0x24, 0x25, 0xCA,
    0x03, 0xDE, 0x42, 0x5A, 0xB0, 0xDD, 0xA8, 0x73, 0xDA, 0xE6, 0xC4, 0xAF, 0xF0, 0x23, 0xDA, 0x44,
    0x4F, 0x6F, 0x83, 0x9B, 0x64, 0xF5, 0xF8, 0x38, 0x2A, 0x74, 0x5D, 0x27, 0x33, 0xE9, 0xCC, 0xFA,
    0x73, 0x3E, 0x9C, 0xCF, 0x81, 0x1B, 0xF2, 0x20, 0x47, 0x7C, 0x9E, 0xBF, 0x4E, 0x46, 0x0F, 0xB5,
    0x44, 0xE3, 0x7C, 0xFB, 0x1F, 0x4E, 0x2F, 0xD3, 0x8B, 0xF4, 0xE2, 0xFD, 0x38, 0xBF, 0x4E, 0x2F,
    0xC1, 0x3F, 0xF0, 0x2C, 0x4D, 0x38, 0xBC, 0x17, 0x94, 0x93, 0x8B, 0xA3, 0xAA, 0xF5, 0x38, 0xBF,
    0x4E, 0x2F, 0xD3, 0x8B, 0xF4, 0xE2, 0xFC, 0xEA, 0xDF, 0x0E, 0x6F, 0xC1, 0xCB, 0x33, 0xAB, 0x7C,
    0x7D, 0x1F, 0x4E, 0x4D, 0x2C, 0xF1, 0xF4, 0xE5, 0x64, 0x4C, 0x9E, 0x4E, 0x67, 0xD3, 0x99, 0xF4,
    0xE6, 0x7D, 0x39, 0x9F, 0x4E, 0x67, 0xC0, 0x99, 0x78, 0xF9, 0x3C, 0x7E, 0x4F, 0x1C, 0x27, 0x43,
    0x44, 0xF1, 0xEA, 0x74, 0xBE, 0x9D, 0x2F, 0xA7, 0x4B, 0xE9, 0xD2, 0xFA, 0x74, 0xBE, 0x26, 0xDF,
    0x82, 0x7F, 0xE0, 0x52, 0xB8, 0x9B, 0x7E, 0x26, 0xDF, 0x38, 0x8A, 0xE7, 0x56, 0xD2, 0x73, 0xFE,
    0x9C, 0xFF, 0xA7, 0x3F, 0xE9, 0xCF, 0xFA, 0x73, 0xFE, 0x9C, 0xFF, 0xA7, 0x3F, 0xE2, 0x7D, 0xF8,
    0x2D, 0xBF, 0x67, 0x8F, 0x89, 0xEF, 0x91, 0xA4, 0xE7, 0xFD, 0x39, 0xFF, 0x4E, 0x7F, 0xD3, 0x9F,
    0xF4, 0xE7, 0xFD, 0x39, 0xFF, 0x4E, 0x7F, 0xD3, 0x9F, 0xF1, 0x42, 0x7C, 0x0A, 0x57, 0x4E, 0x7F,
    0xC3, 0xE9, 0xFC, 0xD4, 0x38, 0x50, 0x72, 0x95, 0x27, 0x3A, 0xF6, 0x78, 0xEA, 0x73, 0xFE, 0x1F,
    0x6F, 0xA7, 0x3F, 0xE9, 0xCF, 0xFA, 0x73, 0xFE, 0x9C, 0xFF, 0xA7, 0x3F, 0xE0, 0x55, 0xD4, 0x74,
    0x35, 0x5F, 0x62, 0xB7, 0xD0, 0x29, 0x94, 0xE7, 0xFD, 0x39, 0xFF, 0x4E, 0x7F, 0xD3, 0x9F, 0xF4,
    0xE7, 0xFD, 0x39, 0xFF, 0x4E, 0x7F, 0xD3, 0x9F, 0xF4, 0xE7, 0xFD, 0x39, 0xFF, 0x4E, 0x7F, 0xD3,
    0x9F, 0xF4, 0xE7, 0xFC, 0x10, 0x7D, 0x0E, 0xFF, 0xD3, 0x9D, 0xE6, 0x1F, 0x75, 0x39, 0xDF, 0x4E,
    0x77, 0xC4, 0xEF, 0xF4, 0xE7, 0x7C, 0x4E, 0xFF, 0x0E, 0xBF, 0xE3, 0xA2, 0x77, 0xFA, 0x73, 0xB0,
    0x6B, 0xF9, 0xA7, 0x3B, 0xE9, 0xCE, 0xFA, 0x73, 0xBE, 0x9C, 0xEF, 0xA7, 0x3B, 0xE9, 0xCE, 0xFA,
    0x73, 0xBE, 0x1C, 0x0D, 0xC7, 0x46, 0xC7, 0xF4, 0xE7, 0x7D, 0x26, 0x98, 0x8D, 0x27, 0x3F, 0xE9,
    0xCF, 0xE3, 0x15, 0xAC, 0x9C, 0xFF, 0xA7, 0x3F, 0xE9, 0xCF, 0xFA, 0x73, 0xFE, 0x80, 0x9F, 0x81,
    0x4F, 0x11, 0xA1, 0x3C, 0x7D, 0x39, 0xFF, 0x4E, 0x7C, 0xA5, 0x49, 0xCF, 0xFA, 0x73, 0xFE, 0x9C,
    0xFF, 0xA7, 0x3F, 0xE9, 0xCF, 0xFA, 0x73, 0xFE, 0x9C, 0xFF, 0x81, 0x3B, 0x29, 0xCF, 0xF8, 0xC6,
    0x36, 0x9C, 0xEB, 0x20, 0x1A, 0xA9, 0xCE, 0xFA, 0x73, 0xBE, 0x9C, 0xEF, 0xA7, 0x3B, 0xE9, 0xCE,
    0xF9, 0x13, 0xFE, 0x04, 0x8C, 0x03, 0xAF, 0xE4, 0xDE, 0xFA, 0x73, 0xBF, 0x67, 0x8C, 0x27, 0x3F,
    0xE9, 0xCF, 0xFA, 0x73, 0xFE, 0x9C, 0xFF, 0x81, 0x07, 0x20, 0x40, 0x99, 0x35, 0xBE, 0x9C, 0xDF,
    0xBA, 0x87, 0xE9, 0xCD, 0xD1, 0x11, 0xA8, 0x9C, 0xDF, 0xA7, 0x37, 0xE9, 0xCD, 0xFA, 0x73, 0x7E,
    0x04, 0x5D, 0x82, 0x17, 0xE4, 0xD5, 0xFA, 0x72, 0xF0, 0x34, 0x09, 0xA7, 0x2F, 0xE9, 0xCB, 0xFA,
    0x72, 0xFE, 0x9C, 0xBF, 0xA7, 0x2F, 0xE9, 0xCB, 0xFA, 0x72, 0xFE, 0x4D, 0x7F, 0x81, 0x62, 0x87,
    0xC9, 0xF0, 0x97, 0xAA, 0x9C, 0x8C, 0x90, 0xEA, 0x89, 0xC8, 0xFA, 0x72, 0x3E, 0x9C, 0x8F, 0xA7,
    0x23, 0xE9, 0xC8, 0xF8, 0x6F, 0xBE, 0x0E, 0x4F, 0xA7, 0x1B, 0xE3, 0x78, 0x92, 0x71, 0xBE, 0x9C,
    0x6F, 0xA7, 0x1B, 0xE9, 0xC6, 0xFA, 0x71, 0xBE, 0x9C, 0x6F, 0xA7, 0x1B, 0xE6, 0x9B, 0xA0, 0x12,
    0x66, 0x04, 0x7F, 0xBA, 0x8F, 0x09, 0xC4, 0xFB, 0x31, 0x70, 0x9C, 0x4F, 0xA7, 0x13, 0xE9, 0xC4,
    0xFA, 0x71, 0x3E, 0x9C, 0x4F, 0xA7, 0x13, 0xE0, 0x9A, 0xF8, 0x4E, 0x7E, 0x25, 0xDF, 0xA7, 0x0B,
    0xE9, 0xC2, 0xD8, 0xAD, 0x66, 0x9C, 0x3F, 0xA7, 0x0F, 0xE9, 0xC3, 0xFA, 0x70, 0xFE, 0x9C, 0x3F,
    0xA7, 0x0F, 0xE9, 0xC3, 0xFA, 0x70, 0xFE, 0x75, 0x8F, 0x89, 0xDB, 0x89, 0xC3, 0xFA, 0x70, 0xF4,
    0x9C, 0x2F, 0xA7, 0x0B, 0xE9, 0xC2, 0xFA, 0x70, 0xBE, 0x9C, 0x2F, 0xA7, 0x0B, 0xE9, 0xC2, 0xFA,
    0x70, 0xBE, 0x28, 0x4F, 0xD9, 0xE3, 0x44, 0xDE, 0xFA, 0x6F, 0xBE, 0x9B, 0xEF, 0x59, 0x41, 0x75,
    0x4B, 0x58, 0xA0, 0x30, 0x9B, 0xED, 0x57, 0x39, 0xE9, 0x25, 0x92, 0x70, 0x2C, 0x9B, 0xEB, 0xA6,
    0xF3, 0x29, 0xBA, 0xBA, 0x6E, 0x3E, 0x36, 0x1E, 0xA6, 0xE3, 0xE7, 0x5B, 0xE8, 0x7B, 0xF2, 0x4C,
    0xF9, 0x26, 0xD3, 0x04, 0xCF, 0xC2, 0x6C, 0x2C, 0x9A, 0xEC, 0xA6, 0xB3, 0xE9, 0xAC, 0xFA, 0x6B,
    0x3E, 0x74, 0x79, 0x4E, 0x93, 0x59, 0x6E, 0x85, 0x7F, 0xAE, 0x9A, 0xCF, 0x93, 0x06, 0x9D, 0x54,
    0xF2, 0x48, 0x98, 0x35, 0xEA, 0x28, 0x92, 0x44, 0xC1, 0xA8, 0x1E, 0xE6, 0x4C, 0x1B, 0xF2, 0xAB,
    0xFD, 0x12, 0x60, 0xE3, 0x93, 0x5F, 0xE8, 0x26, 0xB7, 0xE1, 0x13, 0xFA, 0x6B, 0x7E, 0x9A, 0xDB,
    0x47, 0x8B, 0x25, 0x6E, 0x6D, 0x7F, 0xA6, 0x9A, 0xEE, 0x1D, 0x12, 0xFD, 0x94, 0xF2, 0xC9, 0x35,
    0xD9, 0xEE, 0x26, 0x9E, 0x49, 0xAE, 0xC8, 0x12, 0xE6, 0x9A, 0xED, 0xF1, 0xEB, 0xFC, 0xE4, 0xD7,
    0x6B, 0x83, 0x5F, 0xE4, 0x26, 0xBB, 0xE1, 0xD0, 0xF9, 0x1F, 0xBE, 0x9A, 0xEF, 0xA6, 0xBB, 0x05,
    0x5B, 0xB2, 0x6B, 0xAA, 0x9A, 0xDB, 0x04, 0x3A, 0x7E, 0x20, 0x87, 0x61, 0x35, 0xBE, 0x02, 0xA4,
    0xBC, 0x69, 0xAF, 0xCA, 0x90, 0xA5, 0xD9, 0x4D, 0x8E, 0xEB, 0x9C, 0x6A, 0xFF, 0x35, 0x36, 0x7D,
    0xAE, 0x70, 0xAB, 0xFC, 0x94, 0xDA, 0xE4, 0x15, 0xB4, 0x4D, 0xBF, 0xC3, 0x79, 0xB2, 0xF7, 0x61,
    0x36, 0xFF, 0x4D, 0xBD, 0xA5, 0xC9, 0xB7, 0xCA, 0xB2, 0x25, 0xDE, 0x4D, 0xCF, 0xCE, 0xAD, 0x64,
    0x84, 0x49, 0x55, 0x72, 0xF2, 0x26, 0xEF, 0x20, 0x15, 0x9A, 0x6F, 0x76, 0x04, 0x3A, 0x26, 0xFF,
    0x80, 0x53, 0xA2, 0x70, 0x70, 0x06, 0x3B, 0x27, 0x0F, 0xE0, 0xB1, 0xF8, 0x16, 0x74, 0x27, 0xEF,
    0xA7, 0x0F, 0xE9, 0xC3, 0xE9, 0xFE, 0xE6, 0x06, 0x09, 0x02, 0x7A, 0x47, 0x56, 0xF8, 0x2D, 0x2E,
    0x0B, 0x3B, 0x27, 0x22, 0xCA, 0xFC, 0x97, 0x89, 0x39, 0x5B, 0x0A, 0xBD, 0x13, 0x99, 0xEA, 0xE7,
    0x12, 0xBF, 0xCB, 0x4E, 0x76, 0x6B, 0x9C, 0x3A, 0xFF, 0x29, 0x3A, 0x1F, 0x13, 0xBF, 0xCD, 0xFF,
    0x90, 0xB1, 0xCF, 0x9D, 0x0A, 0x23, 0x0F, 0x53, 0xA9, 0xF0, 0xB3, 0x5C, 0x0A, 0xD6, 0x4E, 0xCF,
    0xC2, 0xD1, 0x5C, 0xB1, 0x1A, 0x6E, 0x10, 0xEA, 0x05, 0xAA, 0x74, 0x62, 0x36, 0xDD, 0x3B, 0xB5,
    0x0B, 0x6D, 0x07, 0x11, 0x32, 0x39, 0xE1, 0x3B, 0xF5, 0x0B, 0x8D, 0x30, 0x24, 0x78, 0xB8, 0x45,
    0x68, 0x17, 0x39, 0xC4, 0xC0, 0xBF, 0x73, 0xAF, 0x7C, 0xEB, 0xDF, 0x28, 0x07, 0xD3, 0xBF, 0xF0,
    0x30, 0x61, 0x3B, 0xDF, 0x13, 0xEE, 0x47, 0xAB, 0x31, 0xCE, 0x4C, 0x5B, 0xF4, 0x3A, 0xCC, 0xA6,
    0x95, 0xF9, 0xD0, 0x48, 0x24, 0x2D, 0xDA, 0x27, 0x92, 0x82, 0xD8, 0xB2, 0x79, 0x6C, 0x2D, 0x4A,
    0x27, 0x9A, 0x84, 0x70, 0xF8, 0x2A, 0xFC, 0x51, 0x1C, 0x41, 0x93, 0xD1, 0xF2, 0x88, 0x7D, 0x3D,
    0x18, 0x3A, 0xF5, 0x53, 0xD1, 0xF4, 0xF4, 0x7D, 0x3D, 0x1F, 0x4F, 0x47, 0xC0, 0x8D, 0xF8, 0xF8,
    0x81, 0x7F, 0x43, 0x94, 0x51, 0x3E, 0x74, 0x5F, 0xFD, 0x1E, 0x43, 0x64, 0x83, 0xD2, 0x3E, 0x85,
    0x17, 0xFA, 0x7B, 0x6C, 0x09, 0xDA, 0x2E, 0xEA, 0xC7, 0x6D, 0xFA, 0x7B, 0xBE, 0x9E, 0xEF, 0xA7,
    0xBB, 0xE9, 0xEE, 0xFA, 0x7B, 0xBE, 0x51, 0x6F, 0xAB, 0x5B, 0xC9, 0xEE, 0xE1, 0xDD, 0xB0, 0x77,
    0x5F, 0xA7, 0xBB, 0xE9, 0xEE, 0xFA, 0x7B, 0xBE, 0x77, 0x6F, 0xA7, 0xBB, 0xE1, 0xF8, 0xFA, 0xDA,
    0x34, 0x9E, 0xAD, 0xC6, 0x93, 0xD5, 0xB4, 0xF4, 0xE5, 0x3C, 0xFF, 0x4F, 0x3F, 0xD3, 0xCF, 0xF4,
    0xF3, 0xFD, 0x3C, 0xFF, 0x36, 0x67, 0xC1, 0x17, 0x42, 0x88, 0x7D, 0x3C, 0x7A, 0x28, 0x76, 0x53,
    0xC3, 0xF4, 0xF0, 0xFD, 0x3C, 0x3F, 0x4F, 0x0F, 0xD3, 0xC3, 0xF1, 0x45, 0xFC, 0x12, 0x5F, 0x62,
    0x7D, 0xE8, 0x72, 0xF1, 0x46, 0x4E, 0x8F, 0x20, 0x14, 0x6F, 0xC5, 0x1B, 0xA9, 0x52, 0x78, 0xFA,
    0xE7, 0x3B, 0x27, 0x93, 0xE9, 0xE4, 0xFA, 0x79, 0x3E, 0x9E, 0x4F, 0xA7, 0x93, 0xE9, 0xE4, 0xFA,
    0x79, 0x3E, 0x29, 0x1F, 0x82, 0xCF, 0xF2, 0x71, 0x45, 0xF2, 0x74, 0x9E, 0x4F, 0xA7, 0x93, 0xE9,
    0xE4, 0xFA, 0x79, 0x3E, 0x9E, 0x4F, 0xA7, 0x93, 0xE9, 0xE4, 0xFA, 0x79, 0x3E, 0x28, 0x5F, 0x81,
    0x4A, 0xE2, 0x85, 0xF8, 0x7A, 0xFE, 0x9E, 0x4A, 0x2F, 0x62, 0x80, 0x5D, 0xC2, 0x78, 0xFE, 0x9E,
    0x3F, 0xA7, 0x8F, 0xE9, 0xE3, 0xFA, 0x78, 0xFE, 0x9E, 0x3F, 0x94, 0x57, 0xEE, 0xCE, 0xFB, 0x1C,
    0x3E, 0x9E, 0x3D, 0x94, 0x4E, 0xA9, 0xE3, 0xFA, 0x78, 0xFE, 0x9E, 0x3F, 0xA7, 0x8F, 0xE9, 0xE3,
    0xFA, 0x78, 0xFE, 0x9E, 0x3F, 0x89, 0xD7, 0xE9, 0xE3, 0xFA, 0x78, 0xFE, 0x9E, 0x3F, 0xA7, 0x8F,
    0xE9, 0xE3, 0xF8, 0x20, 0xF8, 0x1D, 0xFF, 0xB4, 0xCA, 0xC9, 0xE4, 0xCB, 0x17, 0x7A, 0x9E, 0x4F,
    0xA7, 0x93, 0xE2, 0x6D, 0xFA, 0x79, 0x3E, 0x26, 0xDF, 0x87, 0x6B, 0xEC, 0x5C, 0xFA, 0x79, 0x33,
    0x2A, 0x4F, 0x27, 0xD3, 0xC9, 0xF4, 0xF2, 0x7D, 0x3C, 0x9F, 0x4F, 0x27, 0xD3, 0xC9, 0xF4, 0xF2,
    0x7C, 0x38, 0x1E, 0x6A, 0x47, 0xD3, 0xC9, 0xF3, 0x1A, 0x50, 0x2D, 0x55, 0x4F, 0x1F, 0xD3, 0xC7,
    0xA6, 0x33, 0xD9, 0x3C, 0x7F, 0x4F, 0x1F, 0xD3, 0xC7, 0xF4, 0xF1, 0xFD, 0x04, 0x9F, 0x02, 0x96,
    0x4A, 0x0D, 0xF4, 0xF1, 0xFD, 0x3C, 0x72, 0x8D, 0x27, 0x8F, 0xE9, 0xE3, 0xFA, 0x78, 0xFE, 0x9E,
    0x3F, 0xA7, 0x8F, 0xE9, 0xE3, 0xFA, 0x78, 0xFE, 0x0E, 0xEE, 0xA7, 0x8F, 0xCA, 0x7E, 0xA9, 0x52,
    0x28, 0x9E, 0x4B, 0x20, 0x9A, 0xA9, 0xE4, 0xFA, 0x79, 0x3E, 0x9E, 0x4F, 0xA7, 0x93, 0xE9, 0xE4,
    0xF9, 0x12, 0xFE, 0x44, 0xBF, 0xA7, 0x93, 0xE9, 0xE4, 0xFA, 0x79, 0x30, 0x9E, 0x3F, 0xA7, 0x8F,
    0xE9, 0xE3, 0xFA, 0x78, 0xFE, 0x04, 0x0F, 0x93, 0x4F, 0xC9, 0xE5, 0xFA, 0x79, 0x6A, 0xEB, 0xDF,
    0xA7, 0x96, 0xE4, 0x3D, 0xA2, 0x79, 0x7E, 0x9E, 0x5F, 0xA7, 0x97, 0xE9, 0xE5, 0xF8, 0x11, 0xFE,
    0x08, 0x8F, 0xA7, 0x9F, 0xE9, 0xE7, 0xC1, 0x73, 0xE6, 0x4D, 0x09, 0x9C, 0xD6, 0xA9, 0xE8, 0xFA,
    0x7A, 0x3E, 0x9E, 0x8F, 0xA7, 0xA3, 0xE9, 0xE8, 0xFA, 0x7A, 0x3E, 0x9E, 0x8F, 0x81, 0x6F, 0xF1,
    0xD3, 0xFD, 0xF9, 0xD8, 0x35, 0x4F, 0x56, 0x48, 0x87, 0x44, 0xF5, 0x7D, 0x3D, 0x5F, 0x4F, 0x57,
    0xD3, 0xD5, 0xF4, 0xF5, 0x7C, 0x38, 0xBF, 0x62, 0x57, 0x13, 0xD9, 0xF4, 0xF6, 0x5E, 0x34, 0x9E,
    0xCF, 0xA7, 0xB3, 0xE9, 0xEC, 0xFA, 0x7B, 0x3E, 0x9E, 0xCF, 0xA7, 0xB3, 0xE9, 0xEC, 0xF9, 0xDC,
    0xBE, 0x9E, 0xEF, 0x9D, 0xBA, 0xC8, 0xD1, 0x92, 0xD4, 0xEC, 0x9E, 0xFE, 0xAE, 0xB6, 0xA9, 0xEF,
    0xFA, 0x7B, 0xFE, 0x9E, 0xFF, 0xA7, 0xBF, 0xE9, 0xEF, 0xFA, 0x7B, 0xFE, 0x9E, 0xFF, 0xA7, 0xBF,
    0xE2, 0x69, 0xFA, 0x7B, 0xFE, 0x9E, 0xFC, 0x27, 0xBB, 0xE9, 0xEE, 0xFA, 0x7B, 0xBE, 0x9E, 0xEF,
    0xA7, 0xBB, 0xE9, 0xEE, 0xFA, 0x7B, 0xBE, 0x9E, 0xEF, 0xA7, 0xBB, 0xEA, 0xAB, 0xCA, 0x7B, 0x3E,
    0x9E, 0xCF, 0xA7, 0xB3, 0xE9, 0xEC, 0xFA, 0x7B, 0x3E, 0x9E, 0xCF, 0xA7, 0xB3, 0xE9, 0xEC, 0xFA,
    0x7B, 0x3E, 0x9E, 0xCF, 0xAF, 0xA7, 0xE2, 0x8A, 0xFA, 0x7B, 0xBE, 0x9E, 0xED, 0x88, 0x0A, 0xDD,
    0xF1, 0xBD, 0xD3, 0xC8, 0x37, 0xBC, 0x27, 0xBF, 0x49, 0xED, 0xBA, 0x09, 0xE5, 0xE0, 0x4F, 0x7D,
    0xD1, 0x1B, 0x2E, 0xE2, 0x7C, 0x73, 0x5C, 0xEB, 0x1F, 0x3E, 0x49, 0xF3, 0xB1, 0xFA, 0x25, 0xDE,
    0x4F, 0xAF, 0xC2, 0xC3, 0xF4, 0xFA, 0xFC, 0xED, 0x17, 0xAE, 0x78, 0x6B, 0xFE, 0x64, 0xFB, 0xE8,
    0x65, 0x14, 0xAE, 0x79, 0x6B, 0xFE, 0xA4, 0xFC, 0xE4, 0x02, 0x13, 0x27, 0x3D, 0xC0, 0x83, 0x44,
    0xFE, 0xDA, 0xB9, 0xD1, 0x43, 0x6C, 0x93, 0xFF, 0x8A, 0xE7, 0x4E, 0xBF, 0xD8, 0x50, 0x0F, 0xD4,
    0x03, 0xF5, 0x00, 0xFC, 0xEB, 0x72, 0x8D, 0x28, 0x06, 0xDD, 0xDA, 0xFF, 0x89, 0x40, 0x3F, 0x26,
    0xFD, 0x3C, 0x95, 0xFF, 0x49, 0x37, 0xED, 0xE3, 0xAF, 0xFA, 0x09, 0xBF, 0x60, 0x44, 0xCC, 0x9B,
    0xF7, 0xE9, 0x57, 0xFA, 0xE4, 0xDF, 0xBA, 0x2D, 0x28, 0xA0, 0x0F, 0xB9, 0xEF, 0x8A, 0x00, 0xFA,
    0x80, 0x2C, 0x75, 0x1A, 0x82, 0x86, 0x69, 0xFF, 0xD9, 0xD5, 0x6F, 0xE2, 0xAF, 0xF9, 0xD3, 0xFF,
    0xA0, 0x46, 0x4D, 0x3F, 0xF9, 0xEF, 0xA2, 0x6E, 0x49, 0xFF, 0xDF, 0x56, 0xBF, 0xDA, 0x4F, 0xFE,
    0xBA, 0x15, 0xFE, 0xAA, 0x7F, 0xFE, 0x1E, 0x0F, 0xA7, 0xFF, 0xE9, 0xFF, 0xFA, 0x7F, 0xF0, 0x17,
    0xEB, 0xA7, 0xFF, 0x61, 0x1E, 0x9F, 0x80, 0x93, 0x5C, 0x4F, 0xFE, 0x93, 0xFB, 0x94, 0xFD, 0xED,
    0x3F, 0x3D, 0x4F, 0xBE, 0x53, 0xEB, 0xF1, 0x41, 0x7D, 0x3E, 0xBF, 0x4F, 0xAF, 0x23, 0xC8, 0xD9,
    0x99, 0x12, 0xE6, 0x3B, 0xBB, 0xA7, 0xD3, 0x87, 0x69, 0xAA, 0x47, 0x64, 0x9F, 0x2C, 0xA7, 0xC3,
    0x69, 0xEE, 0xEA, 0x7B, 0x32, 0x9E, 0xAF, 0x82, 0x73, 0xE3, 0xC1, 0xC8, 0x9E, 0x7E, 0x75, 0xCF,
    0xA7, 0xAB, 0xE4, 0xE3, 0xFA, 0x79, 0xFA, 0x9E, 0x5C, 0xA7, 0x8F, 0x69, 0xE1, 0xFA, 0x77, 0xF2,
    0x9D, 0xDF, 0x89, 0x9B, 0xE4, 0x5D, 0xD1, 0x3A, 0x26, 0x9D, 0x9F, 0xA7, 0x67, 0x49, 0xD4, 0xF8,
    0x38, 0x65, 0x96, 0x13, 0x26, 0x01, 0xC7, 0x3A, 0x30, 0x98, 0xB0, 0x9D, 0x0A, 0x0D, 0xAA, 0x82,
    0x61, 0xCA, 0x73, 0xA8, 0x36, 0xC9, 0x09, 0x7E, 0xE0, 0xEA, 0x9C, 0x4C, 0xE8, 0x9F, 0x23, 0x0F,
    0xC8, 0xC3, 0xF2, 0x75, 0x7D, 0x39, 0xDF, 0x07, 0xA5, 0x0C, 0xF7, 0x54, 0xE7, 0xFC, 0x4B, 0xB9,
    0x1B, 0xD4, 0xD8, 0x99, 0x5A, 0xFB, 0x13, 0x2D, 0x15, 0x62, 0x66, 0x06, 0xE1, 0x33, 0x9C, 0x57,
    0x36, 0x25, 0x7F, 0x95, 0xF3, 0x04, 0xF1, 0xFA, 0x71, 0x7E, 0x4F, 0x0F, 0xA7, 0x16, 0xA7, 0x40,
    0xAA, 0x71, 0x7E, 0x9C, 0x5F, 0xA7, 0x17, 0xE9, 0xC5, 0xF8, 0x11, 0xBE, 0x66, 0x5F, 0x93, 0xC3,
    0xE9, 0xC0, 0xC9, 0xF5, 0x68, 0x9B, 0xFF, 0x9F, 0x4F, 0xE9, 0xBF, 0xFA, 0x6F, 0xFE, 0x9B, 0xFF,
    0xA6, 0xFF, 0xE9, 0xBF, 0xF8, 0x27, 0xFE, 0x05, 0x89, 0xA6, 0xFF, 0x91, 0xE5, 0x04, 0xD9, 0x38,
    0x17, 0x3A, 0x8F, 0x53, 0x81, 0xF4, 0xE0, 0x7D, 0x38, 0x1F, 0x4E, 0x07, 0xCE, 0xA5, 0xF0, 0xE7,
    0x7D, 0x38, 0x16, 0x13, 0x3F, 0xC7, 0xCF, 0xC4, 0xE2, 0x78, 0x4C, 0xBE, 0x4E, 0x37, 0xD3, 0x8D,
    0xF4, 0xE3, 0x7D, 0x38, 0xDF, 0x4E, 0x37, 0xD2, 0xF3, 0xC2, 0x76, 0x7C, 0xE9, 0x79, 0x4E, 0x55,
    0x49, 0xD7, 0xD4, 0xE6, 0x7D, 0x39, 0x9F, 0x4E, 0x67, 0xD3, 0x99, 0xF4, 0xE6, 0x7C, 0x4D, 0xBF,
    0x04, 0xF7, 0xC0, 0xA5, 0x71, 0x36, 0xFC, 0x4D, 0xBE, 0x9D, 0x27, 0x2B, 0xE9, 0xCA, 0xFA, 0x72,
    0xBE, 0x9C, 0xAF, 0xA7, 0x2B, 0xE9, 0xCA, 0xFA, 0x72, 0xBE, 0x9C, 0xAF, 0x89, 0xFB, 0xE0, 0xB7,
    0xFA, 0x72, 0xBE, 0x27, 0xC9, 0x46, 0x93, 0x95, 0xF4, 0xE5, 0x7D, 0x39, 0x5F, 0x4E, 0x57, 0xD3,
    0x95, 0xF4, 0xE5, 0x7D, 0x39, 0x5F, 0x4E, 0x57, 0xC5, 0x0B, 0xF4, 0xE5, 0x7D, 0x39, 0x5F, 0x4E,
    0x57, 0x25, 0x49, 0xCA, 0xBD, 0x9E, 0x52, 0x9C, 0xBF, 0x87, 0xDF, 0xE9, 0xCB, 0xFA, 0x72, 0xFE,
    0x9C, 0xBF, 0xA7, 0x2F, 0xE9, 0xCB, 0xF8, 0x15, 0x75, 0x29, 0x0D, 0x57, 0xD8, 0xA7, 0xF6, 0x28,
    0x69, 0x39, 0x7F, 0x4E, 0x5F, 0xD3, 0x97, 0xF4, 0xE5, 0xFD, 0x39, 0x7F, 0x4E, 0x5F, 0xD3, 0x97,
    0xF1, 0x40, 0xFD, 0x39, 0x7F, 0x4E, 0x5F, 0xD3, 0x97, 0xF4, 0xE5, 0xFD, 0x39, 0x7F, 0x04, 0x1F,
    0x03, 0xC1, 0xF4, 0xE5, 0x79, 0x87, 0x3D, 0x4E, 0x57, 0xD3, 0x95, 0xF1, 0x3B, 0xFD, 0x39, 0x5F,
    0x13, 0xBF, 0xC3, 0xB1, 0xF9, 0x48, 0x9D, 0xFE, 0x9C, 0xAC, 0x1A, 0xF2, 0x69, 0xCA, 0xFA, 0x72,
    0xBE, 0x9C, 0xAF, 0xA7, 0x2B, 0xE9, 0xCA, 0xFA, 0x72, 0xBE, 0x9C, 0xAF, 0x87, 0x03, 0x72, 0x91,
    0xB2, 0x7D, 0x39, 0x5F, 0x49, 0x86, 0x25, 0x69, 0xCB, 0xFA, 0x72, 0xF8, 0xC5, 0x1B, 0x27, 0x2F,
    0xE9, 0xCB, 0xFA, 0x72, 0xFE, 0x9C, 0xBF, 0xA0, 0x17, 0xE0, 0x53, 0xC4, 0xAC, 0x4F, 0x3F, 0x4E,
    0x5F, 0xD3, 0x97, 0x29, 0x52, 0x72, 0xFE, 0x9C, 0xBF, 0xA7, 0x2F, 0xE9, 0xCB, 0xFA, 0x72, 0xFE,
    0x9C, 0xBF, 0xA7, 0x2F, 0xE0, 0x4E, 0xCA, 0x72, 0xFE, 0x31, 0x9D, 0xA7, 0x2A, 0xC8, 0x01, 0xAA,
    0x72, 0xBE, 0x9C, 0xAF, 0xA7, 0x2B, 0xE9, 0xCA, 0xFA, 0x72, 0xBE, 0x45, 0x0F, 0x81, 0x23, 0x00,
    0xEB, 0xF9, 0x37, 0xFE, 0x9C, 0xAB, 0x97, 0x5A, 0x42, 0xB9, 0xDA, 0x72, 0xFF, 0xD6, 0x04, 0xD5,
    0xD3, 0x97, 0xF4, 0xE5, 0xFC, 0x08, 0x3F, 0x04, 0x55, 0x09, 0xB3, 0xF0, 0x6C, 0x4C, 0x12, 0x57,
    0x4E, 0x5D, 0x63, 0xD6, 0x72, 0x6D, 0xFD, 0x39, 0x97, 0x22, 0x4D, 0x13, 0x99, 0xF4, 0xE6, 0x7D,
    0x39, 0x9F, 0x4E, 0x67, 0xC0, 0x91, 0xE9, 0x70, 0x22, 0xBE, 0x4D, 0xBF, 0xA7, 0x33, 0x03, 0x45,
    0x99, 0x37, 0x2E, 0x9C, 0xBF, 0xA7, 0x2F, 0xE9, 0xCB, 0xFA, 0x72, 0xFE, 0x9C, 0xBF, 0xA7, 0x2F,
    0xE9, 0xCB, 0xF8, 0x16, 0xBF, 0x2E, 0x3A, 0x66, 0x01, 0xAB, 0x21, 0x32, 0xE1, 0x0E, 0x93, 0x06,
    0x74, 0xC8, 0x85, 0x64, 0xE5, 0xFD, 0x39, 0x7F, 0x4E, 0x5F, 0xD3, 0x97, 0xF4, 0xE5, 0xFC, 0x70,
    0x99, 0x0E, 0x2F, 0xEC, 0xF2, 0xE0, 0x75, 0xFC, 0x1D, 0x7B, 0x30, 0x54, 0x83, 0x89, 0x31, 0xF2,
    0x55, 0x3A, 0x14, 0xB3, 0xCC, 0x13, 0xA3, 0xD0, 0x79, 0x58, 0x7D, 0x98, 0x4E, 0xAE, 0x92, 0x47,
    0x64, 0xEA, 0xD9, 0x24, 0x58, 0x4E, 0xB6, 0x12, 0x45, 0xA4, 0xEC, 0x59, 0x24, 0x16, 0x4E, 0xC5,
    0x83, 0xA3, 0xF3, 0x5A, 0x6E, 0x60, 0x26, 0xEF, 0x9D, 0x4A, 0xC9, 0x1C, 0xBA, 0x76, 0x2C, 0x58,
    0x7B, 0xA7, 0x5F, 0xC1, 0xD8, 0xBA, 0x76, 0x2E, 0x1D, 0x8B, 0xA7, 0x67, 0x21, 0xD9, 0xCA, 0x76,
    0xF6, 0x1D, 0xCB, 0xA7, 0x6E, 0xE1, 0xDC, 0xF8, 0xC6, 0x3E, 0x05, 0x6C, 0x05, 0x53, 0xE2, 0x7D,
    0xD4, 0x18, 0x9E, 0xFE, 0xB2, 0xD3, 0x26, 0xC9, 0xE0, 0xA0, 0x2E, 0x2C, 0x9E, 0x0F, 0xA7, 0x83,
    0xC3, 0x2C, 0xCA, 0x78, 0x3E, 0x9E, 0x0F, 0xA7, 0x83, 0xE9, 0xE0, 0xFA, 0x78, 0x3E, 0x9E, 0x0F,
    0x87, 0x07, 0x40, 0xC4, 0xE8, 0x47, 0xE7, 0xCE, 0x85, 0x04, 0x6F, 0xA9, 0xE6, 0xFD, 0x9E, 0x66,
    0x17, 0x2B, 0x81, 0x6E, 0xC9, 0xEA, 0xFA, 0x7A, 0xAE, 0x20, 0xFB, 0x27, 0xAB, 0x42, 0x13, 0xB2,
    0x7A, 0xB8, 0x21, 0x8C, 0x27, 0xAB, 0x82, 0x1D, 0xB2, 0x7A, 0xB4, 0x05, 0xFB, 0x2D, 0x37, 0xE0,
    0x5E, 0xD4, 0xCC, 0xA0, 0xDF, 0x4F, 0x46, 0xB9, 0xCB, 0x4D, 0x91, 0x6F, 0x2E, 0x12, 0xBB, 0xD9,
    0x41, 0x85, 0x4B, 0x58, 0xAA, 0x30, 0x5B, 0xAC, 0x14, 0x06, 0x5C, 0xF4, 0xA7, 0x4A, 0xC5, 0xCD,
    0xBC, 0x9E, 0x2A, 0x95, 0x6E, 0x6C, 0xB0, 0xF1, 0x54, 0xA5, 0x84, 0x92, 0x67, 0x8A, 0xA5, 0x0B,
    0x9B, 0x59, 0x27, 0xB5, 0x27, 0x41, 0x1A, 0x99, 0x1C, 0xBE, 0x04, 0x5A, 0x99, 0x5F, 0xED, 0xA3,
    0xB8, 0xAA, 0x72, 0xD9, 0xBC, 0x93, 0xE2, 0x53, 0x31, 0x07, 0x4C, 0x9E, 0xF4, 0x10, 0x5C, 0x89,
    0xEF, 0x29, 0x40, 0x81, 0xEA, 0x4F, 0x79, 0x48, 0xC4, 0x09, 0x32, 0x7B, 0x4A, 0x3E, 0x20, 0x09,
    0xD3, 0x22, 0xC9, 0xD5, 0xF8, 0xA5, 0x3A, 0xCB, 0x1F, 0xA7, 0x66, 0x83, 0x24, 0x9A, 0x76, 0x67,
    0xD0, 0xAF, 0xF5, 0xC5, 0x25, 0x90, 0x6E, 0xD9, 0x3B, 0x99, 0xEA, 0xA8, 0x52, 0x55, 0xF0, 0x6C,
    0xD6, 0xB9, 0xD4, 0x52, 0xAC, 0xA2, 0xA0, 0xD6, 0xA8, 0x21, 0x28, 0x29, 0x29, 0x83, 0x4E, 0xD5,
    0xCE, 0x55, 0x7F, 0xA2, 0x29, 0x19, 0x03, 0x3E, 0x95, 0xCE, 0x4D, 0x7F, 0xA0, 0x29, 0x0A, 0x07,
    0xBA, 0xE2, 0x90, 0xF8, 0x20, 0xE4, 0x12, 0x89, 0xA7, 0x8F, 0xE0, 0xC3, 0x98, 0xCC, 0x29, 0x35,
    0x06, 0x1D, 0x39, 0xB5, 0xFE, 0x98, 0xB7, 0x2C, 0x0C, 0x09, 0x9D, 0xE7, 0x3D, 0x95, 0x0D, 0xC8,
    0x5B, 0xB6, 0x28, 0x0D, 0x3B, 0x89, 0xDE, 0x90, 0xB7, 0xAC, 0x50, 0x2A, 0x01, 0x4A, 0x62, 0xDF,
    0xD1, 0x41, 0x29, 0xC7, 0xAF, 0xF3, 0x85, 0xC1, 0x72, 0x82, 0xD3, 0x83, 0x5F, 0xE4, 0x0B, 0x87,
    0x66, 0x79, 0xF8, 0x7B, 0xBF, 0x67, 0x9A, 0x87, 0xBB, 0xE2, 0xA4, 0xA0, 0x7A, 0xEE, 0x0A, 0xAB,
    0x06, 0x1E, 0x45, 0x9B, 0xB2, 0x7B, 0xF8, 0x12, 0x69, 0xF8, 0x82, 0x4D, 0x70, 0xC6, 0xFD, 0x3E,
    0x55, 0x03, 0x0C, 0xBC, 0x69, 0x58, 0xC8, 0x1A, 0x65, 0xD2, 0xAF, 0xF6, 0x52, 0xB7, 0xB0, 0x35,
    0x4B, 0x8D, 0x5F, 0xE6, 0xA5, 0x7B, 0xE0, 0x6B, 0x97, 0x0A, 0xBF, 0xC9, 0x4B, 0x0E, 0x40, 0xD7,
    0x20, 0x61, 0x4D, 0x2C, 0x9A, 0x4B, 0x07, 0xC0, 0xCB, 0x52, 0xFE, 0x7C, 0x3D, 0x98, 0x50, 0x3F,
    0x65, 0xC9, 0x68, 0xA8, 0xC1, 0x29, 0xD7, 0xAF, 0xF7, 0x82, 0x23, 0xF5, 0x05, 0xD8, 0xF5, 0x15,
    0x4A, 0xD4, 0x95, 0xFB, 0x2F, 0x20, 0x45, 0x2E, 0xA0, 0xE9, 0x80, 0x66, 0x61, 0x16, 0xBA, 0x84,
    0x6A, 0x04, 0xEA, 0x04, 0x67, 0x4A, 0x15, 0xA8, 0x18, 0x68, 0x11, 0xCB, 0x28, 0x62, 0x60, 0x74,
    0xB0, 0x47, 0xB0, 0x7A, 0xEF, 0x83, 0x37, 0xE0, 0x67, 0xA8, 0xAD, 0xB4, 0x06, 0x6B, 0xA8, 0x73,
    0xEA, 0x1C, 0xD0, 0x95, 0x6C, 0x0B, 0x29, 0x1E, 0xBB, 0xE0, 0xC9, 0xB8, 0x32, 0x3A, 0xB5, 0x59,
    0x78, 0x81, 0x8F, 0xB0, 0xBF, 0x50, 0x18, 0xDE, 0xAE, 0x71, 0x2B, 0xFC, 0xB0, 0x62, 0xE6, 0xB9,
    0xC3, 0xAF, 0xF2, 0x94, 0x53, 0xF5, 0x14, 0xFC, 0x30, 0xDD, 0x06, 0x17, 0xCC, 0x6D, 0x49, 0x50,
    0xC4, 0xAC, 0x9D, 0x79, 0x8F, 0x2A, 0x41, 0x8A, 0xA8, 0xC2, 0xFE, 0xA3, 0x3B, 0x86, 0x32, 0x83,
    0xC9, 0xB2, 0x8D, 0x6A, 0x18, 0xDA, 0x0F, 0x2E, 0xCA, 0x37, 0xB8, 0x63, 0xE8, 0x3C, 0xDD, 0x28,
    0xE6, 0xE1, 0x91, 0xA0, 0xF3, 0xEC, 0xA3, 0xBA, 0x86, 0x4A, 0x83, 0xD1, 0xC3, 0x26, 0xF0, 0x4D,
    0x2F, 0x8C, 0x3E, 0x42, 0xB0, 0xF8, 0x63, 0x64, 0x31, 0x6F, 0x32, 0x77, 0x0A, 0x94, 0xD2, 0x8F,
    0x7E, 0x5F, 0xBF, 0x8A, 0xDE, 0x44, 0x23, 0x98, 0xF9, 0xA6, 0x12, 0xAB, 0x57, 0x26, 0x95, 0xF9,
    0xD0, 0x4C, 0x64, 0x12, 0x9B, 0x2F, 0x82, 0x61, 0x24, 0xB8, 0xF7, 0x68, 0x12, 0x1B, 0x0F, 0x6A,
    0x44, 0x2B, 0xF0, 0xD9, 0x7E, 0x1E, 0x0C, 0x01, 0x4B, 0xCF, 0xD0, 0xB9, 0x5C, 0x3E, 0xFD, 0x3D,
    0xA9, 0x37, 0xEA, 0x4D, 0xFA, 0x93, 0x7E, 0xA4, 0xDF, 0x81, 0x23, 0xE4, 0x1C, 0xFD, 0x92, 0x7F,
    0x43, 0x94, 0x51, 0x3E, 0x74, 0x5F, 0xFD, 0x1E, 0x43, 0x64, 0x83, 0xD2, 0x3E, 0x85, 0x76, 0xF8,
    0x59, 0xE5, 0x22, 0xA6, 0x4B, 0x92, 0x2D, 0x5A, 0xAC, 0x41, 0xE8, 0x92, 0x14, 0xAD, 0x4F, 0xA7,
    0xF1, 0x4D, 0xE5, 0x4A, 0xDF, 0x52, 0xB7, 0xD4, 0xAD, 0xF5, 0x2B, 0x7D, 0x4A, 0xDF, 0x2B, 0xC4,
    0xC6, 0xD7, 0xF0, 0xE0, 0xC8, 0x43, 0xB8, 0x05, 0x04, 0xE2, 0x25, 0xC3, 0xB1, 0xF7, 0xA6, 0x09,
    0xC9, 0xC4, 0x82, 0xA5, 0x55, 0x2B, 0xFD, 0x4A, 0xFF, 0x52, 0xBF, 0xCF, 0xBF, 0xF5, 0x2B, 0xFC,
    0x8A, 0xD9, 0x10, 0x4F, 0xEC, 0xF3, 0x53, 0x77, 0xEC, 0x8A, 0x92, 0x97, 0x98, 0x3E, 0x46, 0x5F,
    0x9C, 0x51, 0x4A, 0x9F, 0xAF, 0xCA, 0x42, 0x6F, 0x48, 0xA2, 0x94, 0xBE, 0xA5, 0x2F, 0xA9, 0x4B,
    0xEA, 0x52, 0xFA, 0x94, 0xB0, 0x73, 0x6F, 0x82, 0x3A, 0xA1, 0x2F, 0xB8, 0x36, 0xA7, 0x15, 0x36,
    0xF6, 0x81, 0x59, 0x20, 0x69, 0x52, 0x2C, 0x17, 0x7A, 0xA9, 0x33, 0xEA, 0x4C, 0xFA, 0x93, 0x3E,
    0xA4, 0xCF, 0xA9, 0x33, 0xF4, 0xC8, 0x71, 0x02, 0xFA, 0x09, 0x3F, 0x8A, 0x76, 0xB4, 0x39, 0x78,
    0xA7, 0xA7, 0x47, 0x90, 0x1F, 0x53, 0xE2, 0x9F, 0xC4, 0xBE, 0x14, 0x24, 0x3A, 0x06, 0x32, 0x4A,
    0x4F, 0xC8, 0x91, 0xAA, 0xA4, 0xFE, 0x83, 0xD6, 0x71, 0x85, 0x27, 0xFD, 0x49, 0xFF, 0x52, 0x7F,
    0xD4, 0x9F, 0xF5, 0x27, 0xFD, 0x49, 0xFF, 0xA7, 0x43, 0xCA, 0xA9, 0xE0, 0x5A, 0x6E, 0x60, 0x70,
    0x9E, 0x08, 0xDE, 0x95, 0x58, 0xCA, 0x94, 0x3C, 0x0F, 0x79, 0xC6, 0x54, 0xA1, 0xF5, 0x28, 0x7D,
    0x4A, 0x1F, 0x52, 0x87, 0xD4, 0xA1, 0xF5, 0x28, 0x7D, 0x4A, 0x1F, 0x0F, 0xCF, 0xC5, 0x31, 0xF0,
    0xF9, 0xFC, 0x53, 0x12, 0x91, 0x54, 0x65, 0xD1, 0xA1, 0xAD, 0xD2, 0xAB, 0x1A, 0x03, 0x06, 0x94,
    0xA5, 0xF0, 0xFA, 0x66, 0x36, 0xA5, 0x3F, 0xA9, 0x4F, 0xEA, 0x53, 0xFA, 0x94, 0xFE, 0xA5, 0x3D,
    0x07, 0xC3, 0xE6, 0xC6, 0xD8, 0x7D, 0x37, 0x1C, 0x0F, 0xA4, 0xCA, 0xB9, 0x81, 0x49, 0x54, 0x08,
    0x52, 0x52, 0xAF, 0xD4, 0xAB, 0xF5, 0x2A, 0xFE, 0x99, 0x0F, 0x52, 0xAF, 0xD4, 0xAB, 0xF5, 0x2A,
    0xFD, 0x4A, 0xB8, 0x97, 0x8A, 0x16, 0x40, 0xF2, 0x9C, 0x79, 0x4A, 0xDF, 0x04, 0x6E, 0x01, 0xEF,
    0x38, 0xF2, 0x95, 0xBE, 0xA5, 0x6F, 0xA9, 0x5B, 0xEA, 0x56, 0xE0, 0x37, 0xFE, 0x13, 0x3D, 0x03,
    0x3E, 0x91, 0xF1, 0x61, 0xC9, 0x4A, 0xF9, 0x06, 0x2C, 0xE4, 0x02, 0x78, 0xF2, 0x95, 0xFE, 0xA5,
    0x7F, 0x89, 0xDF, 0xEA, 0x57, 0xF9, 0xB3, 0xAE, 0x1E, 0x3F, 0x9F, 0xC3, 0x2A, 0x57, 0xD9, 0x08,
    0x33, 0x32, 0x21, 0x05, 0x6A, 0xB2, 0x15, 0x2C, 0x7C, 0x1A, 0xD6, 0x91, 0x29, 0x63, 0xEA, 0x58,
    0xFA, 0x96, 0x3E, 0xA5, 0x8F, 0xA9, 0x63, 0xE1, 0xC9, 0xFA, 0x38, 0x7E, 0x7E, 0x9F, 0x83, 0x76,
    0x92, 0x40, 0xB7, 0xDD, 0x4A, 0xFF, 0x02, 0x9D, 0x01, 0xBF, 0x39, 0x20, 0xA3, 0xEE, 0xA5, 0x7F,
    0xA9, 0x5F, 0xEA, 0x57, 0xFA, 0x95, 0xF1, 0x0E, 0x44, 0x8F, 0xC1, 0x41, 0xF5, 0x2B, 0xFC, 0x8B,
    0xFF, 0x22, 0xFC, 0x83, 0x8D, 0x50, 0x2B, 0x55, 0x4B, 0x1F, 0x29, 0x05, 0xC0, 0xA9, 0x45, 0x2C,
    0x7D, 0x4B, 0x1F, 0x52, 0xC7, 0xD4, 0xB1, 0xE6, 0x5E, 0x7C, 0x1E, 0x18, 0x0D, 0xEF, 0x24, 0xAC,
    0x5E, 0xB2, 0xBC, 0xE4, 0xA5, 0x9B, 0x49, 0x83, 0x7B, 0x55, 0x2C, 0xFD, 0x4B, 0x3F, 0x52, 0xCF,
    0xD4, 0xB3, 0xF5, 0x2C, 0xF8, 0x39, 0xBE, 0x52, 0xCF, 0xD4, 0xB3, 0xF5, 0x2C, 0xFC, 0x3A, 0x18,
    0x94, 0x29, 0x6B, 0xEA, 0x5A, 0xD0, 0x3C, 0x67, 0x28, 0x52, 0xD7, 0xD4, 0xB5, 0xF5, 0x2D, 0x7D,
    0x4B, 0x5F, 0x4B, 0x77, 0xC3, 0x9F, 0x89, 0x48, 0x94, 0xB6, 0x0D, 0x5D, 0x4A, 0x43, 0xA5, 0x55,
    0x2C, 0xFD, 0x4B, 0x3F, 0x52, 0xCF, 0xD1, 0x2F, 0xC1, 0x4A, 0x7C, 0x11, 0x5F, 0x52, 0xCF, 0xC3,
    0x9B, 0x79, 0x15, 0x3A, 0x5C, 0x1C, 0xDB, 0x4A, 0x94, 0xB5, 0xF1, 0x2F, 0x70, 0x1D, 0x73, 0x95,
    0xA9, 0x6B, 0xEA, 0x5A, 0xFA, 0x96, 0xBE, 0xA5, 0xAF, 0xA9, 0x6B, 0xE0, 0xA3, 0xF8, 0x16, 0xEA,
    0x1C, 0x9E, 0x4B, 0x44, 0xD3, 0x26, 0xC5, 0xD5, 0x4B, 0x73, 0x06, 0x7C, 0xE5, 0xA1, 0xC1, 0xAA,
    0x96, 0xFE, 0xA5, 0xBF, 0xA9, 0x6F, 0xEA, 0x5B, 0xFA, 0x96, 0xF4, 0x38, 0xFF, 0x07, 0x27, 0xEC,
    0xC2, 0x90, 0x3B, 0x34, 0x1C, 0x4C, 0x59, 0x2A, 0x32, 0xF0, 0xE2, 0x5A, 0x5E, 0xA5, 0x8B, 0xA9,
    0x5F, 0xA0, 0xED, 0xA4, 0xBD, 0x4A, 0x9E, 0x27, 0x4D, 0x54, 0xA9, 0x72, 0x75, 0x4D, 0x4A, 0x7B,
    0x27, 0x54, 0xD4, 0xA3, 0x92, 0x75, 0xD5, 0x4A, 0x37, 0x79, 0xEE, 0xCD, 0xB5, 0xB6, 0xEE, 0x64,
    0x39, 0x5B, 0x02, 0x4D, 0x54, 0xA1, 0xC0, 0x70, 0xD2, 0x60, 0x1C, 0xDB, 0x29, 0x47, 0x63, 0x44,
    0x92, 0x94, 0x34, 0x34, 0x69, 0x29, 0x3F, 0x83, 0x48, 0x92, 0x93, 0x7C, 0x34, 0xCA, 0x29, 0x37,
    0x44, 0xF0, 0x98, 0x73, 0xBC, 0x0A, 0x1F, 0xB4, 0x5F, 0xE2, 0x71, 0xF8, 0x65, 0x76, 0x1D, 0x49,
    0x16, 0x4A, 0xAE, 0x8B, 0x9A, 0x92, 0xFE, 0xA4, 0xBF, 0x9B, 0x4E, 0xB3, 0x25, 0x25, 0xFD, 0x49,
    0x7F, 0x52, 0x5F, 0xD4, 0x97, 0xF5, 0x25, 0xFD, 0x49, 0x7F, 0xA7, 0x43, 0x94, 0x97, 0xF0, 0x87,
    0xFC, 0xBE, 0x5C, 0x95, 0x04, 0x2E, 0x93, 0x45, 0x24, 0x59, 0xF4, 0x35, 0x0A, 0xFC, 0xC2, 0x11,
    0x39, 0xA2, 0x91, 0x7E, 0x4F, 0xAD, 0x29, 0x17, 0x24, 0xF9, 0xBA, 0x91, 0x76, 0x4F, 0xBC, 0xA9,
    0x17, 0x64, 0xFC, 0xBA, 0x91, 0x72, 0x4F, 0xBB, 0xC3, 0xD4, 0x8B, 0xF7, 0xA6, 0x64, 0x18, 0xDF,
    0x52, 0x4F, 0xC6, 0x69, 0x49, 0x71, 0xE5, 0x24, 0x12, 0x59, 0xCD, 0x42, 0x4B, 0xAE, 0xF8, 0xE2,
    0xA9, 0xE4, 0x1C, 0x56, 0x02, 0x53, 0x39, 0xB0, 0x72, 0x2A, 0x29, 0x9A, 0x93, 0xDA, 0x5D, 0xB3,
    0xFF, 0xC8, 0x53, 0x94, 0x27, 0xA4, 0xBA, 0xE9, 0xDB, 0x90, 0xA7, 0xEC, 0x4F, 0x39, 0x75, 0x8F,
    0xF3, 0x21, 0x51, 0x52, 0x9F, 0x12, 0x40, 0x94, 0xBB, 0xC2, 0xA5, 0xF8, 0x13, 0xF2, 0x1B, 0x6F,
    0x84, 0x1E, 0x93, 0x71, 0x4F, 0xDE, 0xB9, 0xE1, 0xAF, 0xF9, 0x85, 0xAF, 0x89, 0xB8, 0x5A, 0x2B,
    0x5C, 0xF2, 0xD7, 0xFD, 0x42, 0xA0, 0x91, 0x3D, 0xAC, 0x01, 0x09, 0x93, 0xE2, 0xE0, 0x41, 0xA4,
    0xA0, 0x9F, 0x35, 0xAE, 0x74, 0x51, 0x31, 0x29, 0x19, 0x3E, 0xEF, 0x5C, 0xE9, 0xD7, 0xFB, 0x02,
    0xA5, 0x91, 0x3F, 0x3E, 0xA5, 0xCF, 0x93, 0xD3, 0x7D, 0xA3, 0xBD, 0x49, 0x73, 0x34, 0xAA, 0xCE,
    0x49, 0xE9, 0x2E, 0xED, 0x7F, 0xC4, 0x29, 0x1F, 0x4E, 0x49, 0xE1, 0x4F, 0x25, 0x7F, 0xD2, 0x4F,
    0x0B, 0x78, 0xEB, 0xFE, 0x82, 0x78, 0x58, 0x11, 0x53, 0x27, 0x85, 0xFA, 0x55, 0xFE, 0xB9, 0x3C,
    0x2E, 0x8E, 0x0A, 0x13, 0xBE, 0xC0, 0x80, 0xD8, 0xEC, 0xE6, 0xA4, 0xCC, 0x46, 0x81, 0x7B, 0x40,
    0x4C, 0x4C, 0x06, 0x94, 0x27, 0x4D, 0xBC, 0x55, 0xFF, 0x38, 0x0C, 0xA4, 0x4E, 0x9B, 0x81, 0xFE,
    0x68, 0x44, 0x91, 0x3A, 0x6D, 0xDF, 0x45, 0xC4, 0x80, 0x6D, 0x32, 0x74, 0xDF, 0xAB, 0x5F, 0xED,
    0x16, 0xBA, 0xA4, 0xE9, 0xA7, 0x42, 0xBF, 0xD5, 0x01, 0xD5, 0x09, 0xD3, 0x33, 0x31, 0xD8, 0x3B,
    0x1F, 0x08, 0x8F, 0xC1, 0x0F, 0x50, 0xB6, 0xCD, 0x45, 0x55, 0xB3, 0xC9, 0x14, 0x57, 0x60, 0x83,
    0xCF, 0xC0, 0x10, 0x7B, 0xA8, 0x92, 0xE2, 0xCB, 0x91, 0x38, 0x66, 0x8F, 0xD9, 0x03, 0x0A, 0x44,
    0xE0, 0x9A, 0x87, 0xA8, 0x2C, 0x8A, 0x13, 0x7A, 0x6A, 0x1A, 0xA0, 0xB1, 0xA4, 0x4D, 0xD9, 0xA3,
    0xC2, 0x42, 0xC4, 0xA1, 0x36, 0xE4, 0x1A, 0xAE, 0x49, 0x0B, 0x6D, 0xF5, 0x01, 0xE4, 0x17, 0x39,
    0x4F, 0xD5, 0xC1, 0x07, 0x22, 0x63, 0x57, 0xB0, 0x08, 0x19, 0x13, 0x16, 0xA0, 0x16, 0x90, 0x20,
    0x28, 0x4C, 0x6A, 0x80, 0x46, 0x73, 0x72, 0x63, 0x5B, 0xB0, 0x07, 0xDA, 0x06, 0x92, 0x47, 0x4B,
    0xB8, 0x1F, 0x7E, 0x03, 0xDA, 0x89, 0x43, 0xF9, 0x28, 0x61, 0xD0, 0x69, 0x1A, 0x4E, 0xF5, 0xC9,
    0x75, 0xD0, 0x35, 0x55, 0x3A, 0xB9, 0x4E, 0x9E, 0xD3, 0xA3, 0xF4, 0xE7, 0xE5, 0x39, 0xBC, 0x06,
    0x25, 0x81, 0x05, 0xD0, 0x81, 0xCC, 0xE4, 0x54, 0x05, 0xDC, 0xC3, 0x83, 0x44, 0xDA, 0x64, 0x64,
    0xF2, 0x10, 0xE5, 0xC1, 0x69, 0x3A, 0x30, 0x86, 0xB0, 0x9B, 0x0A, 0x0C, 0xA2, 0x82, 0x19, 0xCA,
    0x6B, 0xA8, 0x32, 0xA9, 0x08, 0x5E, 0xE0, 0xBB, 0x9C, 0x4C, 0x42, 0xB8, 0x2A, 0x5D, 0x80, 0x79,
    0xB0, 0x7F, 0xFC, 0x42, 0x39, 0x38, 0x4D, 0x27, 0x4A, 0x06, 0xA4, 0x89, 0x34, 0x1F, 0x08, 0x15,
    0x44, 0x0D, 0x21, 0x96, 0x4C, 0x40, 0xF4, 0x06, 0x6C, 0x84, 0x0B, 0x40, 0x66, 0x48, 0x40, 0x76,
    0x19, 0x15, 0x0D, 0xE9, 0x5C, 0xD8, 0x80, 0x26, 0x03, 0xAD, 0x48, 0x89, 0x45, 0xF0, 0x5D, 0xCC,
    0x93, 0x5F, 0x4B, 0xFF, 0xD2, 0xFF, 0xF4, 0xBF, 0xFD, 0x2F, 0xFA, 0x0F, 0x9D, 0x80, 0x71, 0xB0,
    0x39, 0xFC, 0x3F, 0x7B, 0x4B, 0x95, 0x03, 0x7D, 0x53, 0x75, 0x7C, 0x27, 0xF6, 0x4B, 0x4F, 0xD2,
    0xD3, 0xF4, 0xB4, 0xFD, 0x2D, 0x3F, 0x4B, 0x4F, 0x40, 0x97, 0xB3, 0x72, 0x5D, 0x2B, 0x3F, 0x4A,
    0xCF, 0xD2, 0xB3, 0xF3, 0x70, 0xFD, 0x2B, 0x3E, 0x28, 0xC5, 0x82, 0xF3, 0xF0, 0x5E, 0x48, 0xDB,
    0xBA, 0x1B, 0x15, 0x52, 0xA3, 0x5B, 0x3C, 0x7D, 0x2A, 0x59, 0x0F, 0x8D, 0x92, 0xA1, 0xF4, 0xA8,
    0x7D, 0x2A, 0x1F, 0x4A, 0x87, 0xC5, 0x71, 0x23, 0x15, 0x72, 0x3E, 0x03, 0xBB, 0xA5, 0x23, 0x61,
    0x24, 0xBA, 0x51, 0xBE, 0x94, 0x6F, 0xA5, 0x1B, 0xE9, 0x46, 0xFA, 0x51, 0xBE, 0x1F, 0xAF, 0x81,
    0x0B, 0xA1, 0xFA, 0xF8, 0x7E, 0xAD, 0x3A, 0x35, 0xAE, 0xD2, 0x6F, 0xD4, 0x99, 0xFD, 0x26, 0x7F,
    0x49, 0x9F, 0xD2, 0x67, 0xF4, 0x99, 0xFD, 0x26, 0x7F, 0x10, 0x55, 0x81, 0x2F, 0xC1, 0x04, 0x52,
    0x34, 0x92, 0x7D, 0xA4, 0x8F, 0xE9, 0x23, 0xFA, 0x48, 0xFE, 0x92, 0x3F, 0xA4, 0x8F, 0xE9, 0x23,
    0xF8, 0x84, 0x7E, 0x04, 0x3A, 0xA4, 0x7F, 0xE1, 0x9C, 0xC8, 0x84, 0x24, 0x11, 0xF9, 0xC4, 0xAC,
    0xF1, 0xD4, 0x8B, 0xFC, 0x5B, 0xDD, 0x48, 0x9F, 0xD2, 0x27, 0xF4, 0x89, 0xFD, 0x22, 0x7F, 0x10,
    0xFF, 0xA3, 0xA1, 0x24, 0xB8, 0x86, 0x72, 0x90, 0x3F, 0xA4, 0x0F, 0xE9, 0x03, 0xF8, 0x84, 0xB2,
    0x8F, 0xFF, 0x8D, 0x23, 0xE8, 0xFB, 0xA8, 0x83, 0x3E, 0x06, 0xDB, 0xA3, 0xCF, 0xE8, 0xF3, 0xFA,
    0x3C, 0xFE, 0x40, 0x3B, 0x81, 0x9B, 0x62, 0x01, 0xFA, 0x38, 0xBE, 0x8E, 0x2F, 0xA3, 0x8B, 0xE2,
    0x00, 0xFA, 0x38, 0xB6, 0x17, 0xFF, 0xD9, 0xE3, 0xA2, 0x00, 0xE2, 0x36, 0xA7, 0x1A, 0x46, 0xB7,
    0xD1, 0xA5, 0xF4, 0x69, 0x7D, 0x1A, 0x5F, 0x46, 0x97, 0xD1, 0xA5, 0xB0, 0xB4, 0x72, 0x3A, 0x2C,
    0x2F, 0x88, 0x1A, 0xF6, 0x71, 0x5F, 0x49, 0x18, 0xFF, 0x10, 0x66, 0x51, 0x87, 0xF4, 0x61, 0xFD,
    0x18, 0x7F, 0x46, 0x1F, 0xC1, 0x03, 0xFB, 0x3C, 0x68, 0x40, 0x3F, 0x10, 0x0D, 0x51, 0x77, 0x41,
    0x43, 0xD0, 0x7F, 0x9F, 0x0F, 0xFD, 0x51, 0x67, 0xF4, 0x59, 0xFD, 0x16, 0x7F, 0x45, 0x9E, 0xC1,
    0x07, 0xC8, 0xD0, 0x30, 0x66, 0x1E, 0xBB, 0xA2, 0x8B, 0xE8, 0xA2, 0xFA, 0x28, 0xBE, 0x8A, 0x2F,
    0xA2, 0x8B, 0xE3, 0x7F, 0xF8, 0x0E, 0x2A, 0x0B, 0xCF, 0x87, 0x97, 0x28, 0x9A, 0xA8, 0x30, 0xA9,
    0x18, 0x44, 0xBF, 0xC1, 0x83, 0x54, 0x49, 0xFD, 0x12, 0x7F, 0x01, 0x9C, 0xC0, 0x65, 0x31, 0xF5,
    0x7C, 0x7D, 0x5F, 0x05, 0x1D, 0x51, 0x03, 0xF4, 0x40, 0xFD, 0x10, 0x3F, 0x44, 0x0F, 0x40, 0x6B,
    0x70, 0x33, 0xFC, 0x7C, 0xFB, 0x43, 0xBD, 0x07, 0xCF, 0x54, 0x39, 0xFC, 0x7C, 0xF9, 0x43, 0x7F,
    0xD0, 0xDF, 0xF4, 0x37, 0xFD, 0x0D, 0xFF, 0x1F, 0x3F, 0x80, 0x93, 0x33, 0x80, 0x5D, 0x0B, 0x9F,
    0x42, 0xE7, 0xD0, 0xB9, 0xF4, 0x2E, 0x7D, 0x0B, 0x9F, 0x0B, 0x17, 0xC1, 0x6B, 0xF4, 0x29, 0x52,
    0x54, 0x84, 0xEF, 0x87, 0x92, 0xC8, 0x4A, 0xFA, 0x12, 0xBE, 0x84, 0xAF, 0xA1, 0x2B, 0xE8, 0x4A,
    0xB1, 0x55, 0xEA, 0x03, 0xC9, 0x87, 0x6F, 0x08, 0x3C, 0xF2, 0x0E, 0x3E, 0x83, 0x8F, 0xA0, 0xE3,
    0xE8, 0x38, 0xFA, 0x0E, 0x3E, 0x83, 0x8D, 0x81, 0xF7, 0xA0, 0xFD, 0xF8, 0x79, 0x3F, 0x92, 0x86,
    0x17, 0x82, 0x88, 0x2A, 0xB0, 0x8B, 0x66, 0x82, 0xBF, 0x87, 0xAB, 0x48, 0x27, 0xFA, 0x09, 0xFE,
    0x82, 0x7F, 0xA0, 0x9F, 0xE8, 0x27, 0xFA, 0x09, 0xFE, 0x5F, 0x5F, 0xC6, 0x81, 0xB9, 0x32, 0x5E,
    0x58, 0x14, 0x17, 0x08, 0xCD, 0x10, 0x2D, 0xF4, 0x0B, 0x7D, 0x02, 0xDF, 0x40, 0xB7, 0xD0, 0x2D,
    0xF4, 0x0B, 0x7D, 0x02, 0xDB, 0x02, 0x3E, 0xC7, 0xDD, 0xF0, 0x93, 0xC9, 0x01, 0x54, 0x02, 0x76,
    0x2C, 0xA0, 0x9C, 0xA5, 0xAC, 0xBF, 0x7B, 0xAE, 0x73, 0xCE, 0xD1, 0x24, 0x02, 0x59, 0x00, 0x57,
    0x40, 0x06, 0x4F, 0xFD, 0x71, 0x07, 0x64, 0x57, 0x7B, 0x1E, 0xDF, 0xC7, 0xB7, 0x23, 0xF4, 0x60,
    0x7B, 0x78, 0x3F, 0x25, 0x8F, 0xC5, 0x93, 0xF0, 0x74, 0x3F, 0x1F, 0x3E, 0xC5, 0x27, 0x47, 0x78,
    0x97, 0x5C, 0x79, 0xBC, 0xEA, 0xA0, 0x26, 0x43, 0xCD, 0xAF, 0x51, 0x09, 0x32, 0x1E, 0x6D, 0x40,
    0xB9, 0x31, 0xE6, 0xDF, 0x95, 0x5F, 0xE8, 0x8F, 0x37, 0x1C, 0x9A, 0xFF, 0x40, 0x79, 0xBF, 0x06,
    0xB5, 0xCF, 0xA1, 0x71, 0xEA, 0x5B, 0x9B, 0x5F, 0xE9, 0x9F, 0x43, 0x9D, 0x93, 0xFC, 0xC8, 0xFA,
    0x19, 0xEE, 0x1F, 0x26, 0x47, 0xD0, 0xC8, 0x0E, 0xE6, 0x7D, 0x0D, 0xF1, 0xEB, 0xFC, 0xE3, 0xE8,
    0x6B, 0x83, 0x5F, 0xE4, 0x1F, 0x43, 0xE3, 0x55, 0xF8, 0xE6, 0x7E, 0x7D, 0x0C, 0x1B, 0x32, 0x61,
    0xF7, 0xA1, 0xF3, 0xE8, 0x0D, 0x09, 0xF8, 0x81, 0xA1, 0x93, 0xE7, 0xD4, 0x08, 0xB2, 0xF1, 0x9F,
    0x47, 0x28, 0x47, 0x97, 0x64, 0xFA, 0x7B, 0xAE, 0x71, 0xAB, 0xFC, 0xD3, 0xEA, 0xF6, 0xB9, 0xC2,
    0xAF, 0xF2, 0x4F, 0xAF, 0x90, 0x47, 0x50, 0xFB, 0x3F, 0x25, 0xF7, 0x0F, 0xB3, 0xF0, 0x22, 0x4B,
    0xAF, 0x5F, 0xEF, 0x1F, 0x6F, 0xE1, 0xF0, 0x97, 0x74, 0x11, 0x32, 0x3E, 0xEE, 0x00, 0x23, 0x33,
    0xEF, 0xEC, 0x06, 0x74, 0x3F, 0x0F, 0x00, 0x87, 0x43, 0xF1, 0xE0, 0x0A, 0x76, 0x3F, 0x2F, 0xC1,
    0x25, 0xE1, 0x01, 0xFC, 0xFC, 0xBF, 0x10, 0x25, 0x0C, 0xE3, 0x20, 0x28, 0xC8, 0x10, 0x72, 0x3F,
    0x47, 0xC1, 0x29, 0x63, 0xF5, 0x59, 0x1C, 0x52, 0xF1, 0x1F, 0xB3, 0x61, 0x19, 0xA1, 0xFB, 0xBD,
    0x5C, 0xE2, 0x57, 0xF9, 0x67, 0xF0, 0xCD, 0x73, 0x87, 0x5F, 0xE5, 0x1F, 0xCB, 0xE1, 0xFC, 0xFD,
    0x9E, 0x3E, 0x12, 0x59, 0xF3, 0xA1, 0x40, 0x4C, 0xA9, 0xFD, 0xBA, 0x12, 0x99, 0x8E, 0x3F, 0x27,
    0xFB, 0xA8, 0x4A, 0xE9, 0x96, 0x1C, 0xA5, 0xC1, 0xC1, 0x40, 0x96, 0xCE, 0x8C, 0x39, 0x8B, 0x9F,
    0xFE, 0xA1, 0x30, 0xA0, 0xB7, 0xE6, 0x39, 0xEC, 0x20, 0x06, 0xA1, 0x34, 0xA6, 0x04, 0x74, 0x77,
    0x07, 0x3D, 0x02, 0x6D, 0x38, 0x98, 0x14, 0x2E, 0x5F, 0x3F, 0x97, 0xCF, 0xE8, 0x01, 0xFA, 0x00,
    0x3E, 0x20, 0x4C, 0x0C, 0x7E, 0x62, 0xF6, 0x98, 0x95, 0xE8, 0x5E, 0xE9, 0x4D, 0x2B, 0xF3, 0xA0,
    0x7A, 0xC8, 0x4A, 0xB4, 0x40, 0x35, 0x04, 0xA1, 0x64, 0x03, 0xD8, 0x49, 0x94, 0x40, 0x45, 0x0F,
    0x0B, 0xF0, 0x47, 0xD8, 0x83, 0xF8, 0x83, 0x10, 0x7F, 0xE8, 0x0A, 0xFA, 0x02, 0xBE, 0x80, 0xAF,
    0xA0, 0x2B, 0xE4, 0x8A, 0xF8, 0x0E, 0x26, 0x1A, 0xDF, 0xD0, 0xE5, 0x14, 0x4F, 0x9D, 0x17, 0xFF,
    0x47, 0x90, 0xD9, 0x20, 0xF4, 0x8F, 0xA2, 0x03, 0xFD, 0x3A, 0x4C, 0x2D, 0x8C, 0x07, 0xF4, 0x08,
    0x7D, 0x02, 0x1F, 0x40, 0x87, 0xD0, 0x21, 0xF4, 0x08, 0x7C, 0x11, 0x5F, 0x01, 0xD5, 0x4C, 0x1D,
    0xF4, 0x08, 0x7D, 0x02, 0x1F, 0x40, 0x87, 0xD0, 0x21, 0xF3, 0x07, 0xFD, 0x28, 0xBF, 0x1A, 0x7C,
    0xCE, 0x79, 0x33, 0x06, 0x51, 0x01, 0x77, 0x40, 0x4F, 0xD0, 0x13, 0xF4, 0x04, 0xFD, 0x01, 0x3F,
    0x40, 0x4F, 0xC0, 0x6D, 0x34, 0x02, 0xED, 0x00, 0x7F, 0x40, 0x1F, 0xD0, 0x07, 0xF4, 0x01, 0xFD,
    0x00, 0x7F, 0x40, 0x1F, 0xD3, 0xFD, 0xF0, 0x7B, 0xCA, 0x5E, 0x21, 0x99, 0xD1, 0xE4, 0x02, 0x1A,
    0xF8, 0x86, 0xA4, 0x60, 0x3C, 0x2F, 0xB2, 0xC8, 0x06, 0xFA, 0x01, 0xBE, 0x80, 0x6F, 0xA0, 0x1B,
    0xE8, 0x06, 0xFA, 0x01, 0xBE, 0x80, 0x6F, 0xA0, 0x1B, 0xF2, 0x71, 0x0C, 0x50, 0xBA, 0x74, 0x40,
    0x37, 0xD0, 0x0D, 0xF4, 0x03, 0x7D, 0x00, 0xDF, 0x40, 0x37, 0xD0, 0x0D, 0xF4, 0x03, 0x7C, 0x42,
    0x5C, 0x93, 0x88, 0x4B, 0xE8, 0x06, 0xE2, 0x15, 0xB2, 0x80, 0x5F, 0xA0, 0x17, 0xE8, 0x05, 0xFA,
    0x01, 0x7E, 0x80, 0x5F, 0xA0, 0x17, 0xEC, 0x22, 0xF9, 0x0A, 0x7E, 0x80, 0x5F, 0xA0, 0x17, 0xE8,
    0x05, 0xFA, 0x01, 0x7E, 0x80, 0x5F, 0xA0, 0x17, 0xE2, 0x01, 0xFA, 0x01, 0x7E, 0x80, 0x5F, 0xA0,
    0x17, 0xE8, 0x05, 0xF8, 0x19, 0xAC, 0xA0, 0x8F, 0xA0, 0x1B, 0xE8, 0x06, 0xFA, 0x01, 0xBE, 0x1F,
    0x6F, 0xA0, 0x1B, 0xEA, 0x07, 0xFA, 0x01, 0xBF, 0x12, 0x95, 0x20, 0x1B, 0xE8, 0x06, 0xFA, 0x01,
    0xBE, 0x80, 0x6F, 0xA0, 0x1B, 0xE8, 0x06, 0xFA, 0xB2, 0x7E, 0x80, 0x6F, 0x84, 0x7E, 0x68, 0x05,
    0xFA, 0x01, 0x7E, 0x80, 0x5F, 0xA0, 0x17, 0xE8, 0x05, 0xFA, 0x01, 0x7E, 0x04, 0x2D, 0x90, 0x73,
    0xE8, 0x05, 0xD0, 0xA0, 0x28, 0x80, 0x5F, 0xA0, 0x17, 0xE8, 0x05, 0xFA, 0x01, 0x7E, 0x80, 0x5F,
    0x82, 0x0B, 0xE8, 0x05, 0xB9, 0x13, 0xAA, 0x80, 0x6F, 0xA0, 0x1B, 0xE8, 0x06, 0xFA, 0x01, 0xBE,
    0x80, 0x6F, 0x8D, 0xEF, 0xE3, 0x7B, 0xF8, 0x79, 0x7E, 0x80, 0x6C, 0xA0, 0x17, 0xE8, 0x05, 0xFA,
    0x01, 0x7E, 0x5F, 0x6F, 0x8F, 0x9F, 0xC8, 0x07, 0xFA, 0x01, 0xFE, 0x80, 0x7F, 0xA0, 0x1F, 0xE8,
    0x07, 0xFA, 0x01, 0xF4, 0x06, 0xAF, 0xA0, 0x27, 0xE8, 0x09, 0xC4, 0xA8, 0xBC, 0x16, 0x40, 0x57,
    0xD0, 0x15, 0xF4, 0x05, 0x7D, 0x01, 0x5F, 0x40, 0x57, 0xD0, 0x15, 0xF1, 0xF0, 0xFC, 0x07, 0x55,
    0x40, 0x67, 0xD0, 0x19, 0xF4, 0x06, 0x7D, 0x01, 0x9F, 0x40, 0x67, 0xD0, 0x19, 0xF4, 0xF8, 0xED,
    0x01, 0xDF, 0x3C, 0x35, 0x10, 0x1D, 0xF4, 0x07, 0x7D, 0x01, 0xDF, 0x40, 0x77, 0xD0, 0x1D, 0xF4,
    0x07, 0x7C, 0xC1, 0xFF, 0x7C, 0x5D, 0x12, 0x53, 0x54, 0x08, 0xFD, 0x02, 0x3F, 0x40, 0x8F, 0xD0,
    0x23, 0xF4, 0x08, 0xFD, 0x02, 0x3F, 0x40, 0x8F, 0xD0, 0x23, 0xF0, 0xF8, 0x7D, 0x02, 0x3E, 0x40,
    0x87, 0xD0, 0x21, 0xF4, 0x08, 0x7D, 0x02, 0x1F, 0x40, 0x87, 0xD0, 0x21, 0xF4, 0x08, 0x7D, 0x02,
    0x1F, 0x45, 0x76, 0x50, 0x1D, 0xF4, 0x07, 0x7D, 0x01, 0xDF, 0x40, 0x77, 0xD0, 0x1D, 0xF4, 0x07,
    0x7D, 0x01, 0xDF, 0x40, 0x77, 0xC7, 0xED, 0x70, 0x50, 0xFD, 0x02, 0x1F, 0x40, 0x85, 0xC2, 0xDB,
    0x6E, 0xF8, 0xB5, 0x69, 0xE4, 0x16, 0xAE, 0xD0, 0x1F, 0x77, 0xC4, 0xD1, 0x02, 0x36, 0x7E, 0x95,
    0x10, 0x27, 0x8A, 0xE7, 0x58, 0xCB, 0xB2, 0x40, 0xAD, 0x9E, 0xF7, 0x41, 0x10, 0x7D, 0x7E, 0x7E,
    0x7F, 0xBC, 0xC2, 0x45, 0x77, 0xC2, 0x51, 0x03, 0x78, 0x00, 0x64, 0xC7, 0xE7, 0x70, 0x18, 0xD1,
    0x03, 0xF6, 0xAE, 0x74, 0x4D, 0xB9, 0x24, 0x10, 0xE2, 0xB9, 0xD3, 0xAF, 0xF6, 0x10, 0x47, 0xF4,
    0x11, 0xFD, 0xC0, 0x93, 0x7F, 0xC7, 0x5F, 0xE9, 0xF7, 0xFA, 0x7D, 0xFE, 0x9F, 0x1F, 0x57, 0xD7,
    0x73, 0x74, 0x11, 0x5D, 0xFE, 0x5F, 0x7F, 0x97, 0xDF, 0xE5, 0xF7, 0xF9, 0x7D, 0xFE, 0x5F, 0x7F,
    0x97, 0xC7, 0xE5, 0xF4, 0x10, 0xFD, 0xFE, 0x5F, 0x41, 0x0E, 0x1F, 0xE3, 0xF7, 0xF8, 0xFD, 0xFE,
    0x3F, 0x7F, 0x8F, 0xDF, 0xE3, 0xF0, 0x71, 0x7D, 0x02, 0xFC, 0x71, 0xBD, 0xD0, 0x2D, 0xF7, 0xF9,
    0x7D, 0xFE, 0x5F, 0x7F, 0x97, 0xD0, 0x19, 0xF0, 0x3E, 0xFD, 0xBE, 0xFF, 0x40, 0x67, 0xDF, 0xE5,
    0xF7, 0xF9, 0x7D, 0xFE, 0x5F, 0x40, 0x1F, 0xDF, 0xE5, 0xF3, 0xFF, 0xFC, 0x70, 0xFC, 0x7F, 0x97,
    0xDF, 0xE5, 0xF7, 0xF9, 0x7D, 0xFE, 0x5F, 0x7F, 0x97, 0xDF, 0xE5, 0xF2, 0xEC, 0xFC, 0x71, 0x9F,
    0x0F, 0x27, 0xDF, 0xE5, 0xF3, 0xF8, 0xFD, 0xFE, 0x5F, 0x7F, 0x97, 0xDF, 0xE5, 0xF7, 0xF9, 0x7C,
    0x7F, 0xFF, 0x1F, 0xFF, 0xCF, 0xCF, 0xF3, 0xF3, 0xFC, 0xFC, 0xFF, 0x3F, 0x3F, 0xC8, 0xD7, 0xF2,
    0x94, 0x7D, 0xFE, 0x5F, 0x7F, 0x97, 0xCF, 0xC3, 0xF3, 0xF0, 0xFC, 0xFC, 0x3F, 0x3F, 0x0F, 0xCF,
    0xC3, 0xF3, 0xF0, 0xFC, 0x09, 0x78, 0x3F, 0x17, 0xCF, 0xC5, 0xF3, 0xF1, 0x7C, 0xFC, 0x5F, 0x2F,
    0x5F, 0xCF, 0xC5, 0xF0, 0xBD, 0x7C, 0xFC, 0x55, 0x7F, 0x9F, 0xCF, 0xCD, 0xD7, 0xF9, 0x7C, 0xFD,
    0x1F, 0x3F, 0x47, 0xCF, 0xD1, 0xF3, 0xF4, 0x7C, 0xF5, 0x7B, 0x7F, 0x97, 0xDF, 0xE5, 0xF3, 0xF7,
    0x7C, 0xFD, 0xDF, 0x3F, 0x77, 0xCF, 0xDD, 0xF3, 0xF7, 0x7C, 0x0F, 0xFF, 0x02, 0x15, 0x43, 0xF5,
    0xF7, 0xF9, 0x7C, 0xFD, 0x9F, 0x3F, 0x67, 0xCF, 0xD9, 0xF3, 0xF6, 0x7C, 0xFD, 0x9F, 0x3F, 0x67,
    0xCF, 0xD9, 0xF3, 0xF6, 0x7C, 0xFD, 0x9C, 0x7F, 0x9F, 0xCF, 0xD9, 0xF3, 0xF6, 0x7C, 0xFD, 0x9F,
    0x3F, 0x67, 0xCF, 0xD9, 0xF3, 0xF6, 0x7C, 0x42, 0x5F, 0x3F, 0x67, 0xCF, 0xD9, 0xF7, 0xF9, 0xD6,
    0x52, 0x7E, 0xDF, 0x9F, 0xB7, 0xE7, 0xED, 0xF9, 0xFB, 0x7E, 0x7E, 0xDF, 0x9F, 0xB7, 0xE1, 0x9B,
    0xE4, 0xA4, 0xFD, 0xBF, 0x3F, 0x6F, 0xCF, 0xDB, 0xF3, 0xF6, 0xFC, 0xFD, 0xBF, 0x3F, 0x6F, 0xCF,
    0xDB, 0xF3, 0xF6, 0xFC, 0xFD, 0xBF, 0x3F, 0x6F, 0xCF, 0xDB, 0xF3, 0xF6, 0xFC, 0x0C, 0xDD, 0x10,
    0x0F, 0xCF, 0xD9, 0xF3, 0xF6, 0x7C, 0xFD, 0x9F, 0x10, 0x07, 0xCF, 0xD9, 0xF0, 0xC0, 0x72, 0x52,
    0x7E, 0xCF, 0xBF, 0xCF, 0xE7, 0xEC, 0xF9, 0xFB, 0x3E, 0x7E, 0xCF, 0x9F, 0xB3, 0xE7, 0xEC, 0xF8,
    0x0F, 0x76, 0x2C, 0x3F, 0xBF, 0xCF, 0x12, 0xB3, 0xF6, 0xFC, 0xFD, 0xBF, 0x3F, 0x6F, 0xCF, 0xDB,
    0xF3, 0xF6, 0xFC, 0xFD, 0xBF, 0x04, 0x0F, 0x25, 0x62, 0x02, 0xFB, 0xFC, 0xFE, 0x3F, 0xDF, 0x9F,
    0xB7, 0xE7, 0xED, 0xF9, 0xFB, 0x7E, 0x7E, 0xDF, 0x82, 0x0F, 0xD2, 0xB7, 0xF9, 0xFC, 0xFD, 0x9F,
    0x3F, 0x67, 0xCF, 0xD9, 0xF3, 0xF6, 0x7C, 0xFD, 0x9F, 0x1C, 0x07, 0xEC, 0xF2, 0xB0, 0x5E, 0x7C,
    0xFD, 0x9F, 0x3F, 0x67, 0xCF, 0xD9, 0xF3, 0xF6, 0x7C, 0xFD, 0x9F, 0x03, 0x5D, 0x87, 0xD9, 0xF0,
    0x55, 0x4A, 0xCF, 0x2E, 0x1F, 0x6F, 0xCF, 0xDB, 0xF3, 0xF6, 0xFC, 0xFD, 0xBF, 0x3F, 0x6F, 0xC0,
    0x71, 0xA9, 0x70, 0x1A, 0xFE, 0x7E, 0xDF, 0xBF, 0xDF, 0xE3, 0xEC, 0xF9, 0xFB, 0x3E, 0x7E, 0xCF,
    0x9F, 0xB3, 0xE7, 0xEC, 0xF8, 0xFB, 0x3E, 0x04, 0xBB, 0x9F, 0xB3, 0xE7, 0xEC, 0xF9, 0xFB, 0x3E,
    0x7E, 0xCF, 0x9F, 0xB3, 0xE7, 0xEC, 0xF8, 0x5A, 0x3D, 0x2E, 0x05, 0xE7, 0xC2, 0xCF, 0x49, 0x18,
    0x59, 0xE8, 0x7F, 0x0A, 0x59, 0xE6, 0x07, 0xF1, 0xE9, 0xD8, 0xB6, 0x7F, 0x4B, 0x1D, 0x86, 0xC7,
    0xF4, 0xB1, 0xD8, 0x30, 0x7F, 0x5C, 0x1D, 0x83, 0x47, 0xF7, 0xB1, 0xD7, 0xAC, 0x7F, 0x7B, 0x05,
    0xD2, 0xE0, 0x83, 0xDC, 0xC0, 0xFF, 0x3B, 0x3F, 0xC7, 0xCF, 0xF1, 0xC0, 0xBE, 0xDC, 0xFF, 0x37,
    0x0B, 0xED, 0xCF, 0xF5, 0x90, 0xBF, 0x64, 0xFF, 0x9B, 0x0C, 0x0D, 0xCF, 0xF9, 0x70, 0xC0, 0xF8,
    0x12, 0x9F, 0xB3, 0xCC, 0x02, 0x31, 0xF1, 0x01, 0xE9, 0xA5, 0xB6, 0xA5, 0xD9, 0x69, 0x93, 0x24,
    0x00, 0xFD, 0x00, 0x3F, 0x40, 0x0F, 0xD0, 0x03, 0xF4, 0x00, 0xFD, 0x00, 0x3F, 0x40, 0x0F, 0xD0,
    0x03, 0xF4, 0x00, 0xFC, 0x0B, 0xD7, 0x70, 0xAF, 0x10, 0x0F, 0x8B, 0x3C, 0xCC, 0x26, 0xF7, 0x70,
    0xB6, 0x90, 0x17, 0xB7, 0x0B, 0x5D, 0x01, 0x79, 0x70, 0xB5, 0xD0, 0x17, 0xB7, 0x0A, 0xE5, 0x01,
    0x7B, 0x70, 0xAD, 0xD0, 0x17, 0x97, 0x0A, 0xDC, 0x28, 0xD6, 0x02, 0x7E, 0xA6, 0x64, 0x15, 0xF9,
    0x89, 0x25, 0xCE, 0x49, 0x9C, 0x90, 0x13, 0x40, 0x28, 0xD2, 0xCA, 0x0A, 0x4A, 0x5A, 0xDC, 0x2B,
    0xC7, 0x51, 0xCE, 0xC5, 0xCD, 0xBC, 0x98, 0x92, 0x95, 0x6E, 0x68, 0xE0, 0xE4, 0x62, 0x49, 0x52,
    0xC1, 0xEF, 0x33, 0x12, 0x52, 0x85, 0xCD, 0xAC, 0x90, 0x0E, 0x93, 0xA0, 0x76, 0xCC, 0x36, 0x5C,
    0x99, 0x90, 0x0F, 0xE4, 0x03, 0xB4, 0xCC, 0x36, 0x93, 0x20, 0x15, 0x03, 0x63, 0x22, 0x01, 0x4A,
    0x50, 0x1A, 0xDA, 0x90, 0x0A, 0x52, 0x30, 0xD5, 0x4C, 0x80, 0x32, 0x8F, 0x86, 0x9A, 0x74, 0xC8,
    0x91, 0xFD, 0xBE, 0x21, 0xBA, 0x86, 0x7E, 0xE7, 0xFA, 0xA4, 0xE8, 0xF4, 0x92, 0xEB, 0x88, 0x67,
    0x20, 0xAF, 0xB9, 0xED, 0xA5, 0xDC, 0x0A, 0x94, 0x81, 0x57, 0x47, 0x5A, 0xD2, 0x2A, 0x0A, 0x8A,
    0x81, 0x96, 0x82, 0x19, 0x98, 0x29, 0x6C, 0xF6, 0x2A, 0x4D, 0xC1, 0x43, 0x5A, 0xE7, 0x26, 0xBF,
    0xD0, 0x10, 0xBD, 0x01, 0x3F, 0x60, 0x32, 0x6C, 0x1D, 0x73, 0x40, 0x25, 0xEC, 0xF3, 0x57, 0x7E,
    0xDD, 0x00, 0xBC, 0x77, 0xDC, 0xC4, 0xA9, 0x62, 0x06, 0x51, 0xDF, 0x53, 0x12, 0xAD, 0x88, 0x1B,
    0x40, 0x21, 0x4C, 0x4A, 0xDA, 0x20, 0x7D, 0x1D, 0xED, 0x31, 0x2B, 0xD8, 0x82, 0x14, 0x77, 0xAC,
    0xC4, 0xB1, 0xA4, 0x06, 0x7C, 0x08, 0xF8, 0x9A, 0x86, 0x4B, 0xEE, 0xBD, 0xD8, 0x4E, 0xA4, 0x70,
    0xC9, 0xA0, 0x43, 0x20, 0xE8, 0x9F, 0x88, 0x1D, 0x17, 0x3C, 0xAE, 0xC0, 0xB5, 0x27, 0xD0, 0x70,
    0x0B, 0x52, 0x7D, 0x94, 0x8F, 0x37, 0xB0, 0x2D, 0xC9, 0xFC, 0x75, 0x3C, 0xF7, 0x00, 0xB9, 0x27,
    0xFA, 0xCC, 0xF4, 0x38, 0x02, 0xE4, 0x81, 0x47, 0x33, 0xD2, 0x68, 0x31, 0x5C, 0x9A, 0x93, 0x67,
    0xE1, 0x90, 0xB9, 0xE9, 0xEA, 0x27, 0xBA, 0x75, 0xEB, 0xFD, 0xE0, 0x71, 0x7D, 0x05, 0x97, 0x47,
    0x5C, 0xBC, 0x80, 0xE5, 0xBA, 0x0B, 0xE6, 0x01, 0x59, 0x83, 0x9E, 0xE8, 0x32, 0xA8, 0x0F, 0xA8,
    0x0E, 0xAD, 0x20, 0xDA, 0xA0, 0x51, 0xA0, 0x3B, 0x6C, 0x83, 0x99, 0x81, 0x92, 0xC0, 0xEF, 0xC1,
    0x90, 0xBE, 0x05, 0x7E, 0x88, 0xEF, 0x40, 0x56, 0xB2, 0x0F, 0x7A, 0x1E, 0x9B, 0x02, 0x5E, 0x48,
    0x40, 0xF8, 0x2A, 0x7A, 0x93, 0x89, 0x78, 0x81, 0x51, 0xB0, 0xA0, 0x50, 0x14, 0xFE, 0xAE, 0x71,
    0x2B, 0xFC, 0xB0, 0x53, 0x66, 0xB9, 0xC3, 0xAF, 0xF2, 0x90, 0x95, 0xF1, 0x1A, 0x7C, 0x29, 0x15,
    0x11, 0xA6, 0x1A, 0x01, 0x44, 0x03, 0x50, 0x64, 0x72, 0x0A, 0x6D, 0x44, 0x69, 0xA4, 0x2A, 0x50,
    0x29, 0xF4, 0x19, 0x15, 0x90, 0xAD, 0x50, 0xA8, 0x50, 0x64, 0x96, 0x42, 0xC5, 0xC2, 0xA5, 0x41,
    0x93, 0x69, 0x0B, 0x57, 0x0A, 0xA5, 0x06, 0x51, 0x64, 0x2E, 0x54, 0x2A, 0xB4, 0x19, 0x56, 0x14,
    0x83, 0xB1, 0x42, 0xDC, 0x46, 0xBF, 0x0A, 0x84, 0x80, 0xAF, 0x65, 0x21, 0xD9, 0x14, 0xD6, 0x42,
    0xEF, 0xC1, 0xFD, 0x91, 0xB6, 0xD0, 0x67, 0xD3, 0x07, 0xED, 0xAB, 0x93, 0x4A, 0xFC, 0xE8, 0x20,
    0x92, 0x07, 0xE5, 0x93, 0x6B, 0x30, 0x7B, 0xDC, 0x66, 0xB4, 0x07, 0xA5, 0x86, 0x65, 0x20, 0xF0,
    0x7C, 0x59, 0x96, 0x0C, 0xA6, 0x00, 0x87, 0x62, 0x3E, 0x7D, 0x0D, 0x5F, 0x43, 0x57, 0xD0, 0xD5,
    0xF4, 0x35, 0x7E, 0x15, 0x0A, 0xAA, 0xCF, 0xEA, 0xB0, 0x99, 0x10, 0xD9, 0xFE, 0x1D, 0x4E, 0x50,
    0xE5, 0x14, 0x4F, 0x9D, 0x17, 0xFF, 0x47, 0x90, 0xD9, 0x20, 0xF4, 0x8F, 0xA0, 0x9A, 0x73, 0xD2,
    0x9F, 0xF4, 0xA1, 0x59, 0xA8, 0x75, 0x2E, 0x46, 0x36, 0xC9, 0x4E, 0xAA, 0x72, 0x7A, 0xA4, 0xCA,
    0x45, 0x3E, 0x11, 0x95, 0x8C, 0xD7, 0xF0, 0xC7, 0xD3, 0xA3, 0x36, 0xCD, 0x21, 0xEF, 0xE8, 0x7B,
    0xFA, 0x1E, 0xFE, 0x87, 0xBF, 0xA1, 0xEF, 0xF1, 0x2A, 0xA4, 0x48, 0x0B, 0xBF, 0xB3, 0xCD, 0x7A,
    0x31, 0x60, 0x25, 0xD6, 0xA9, 0x32, 0xAA, 0xC5, 0xE4, 0x44, 0x99, 0xA9, 0x9D, 0xE5, 0xD0, 0xC3,
    0x80, 0xFE, 0xA8, 0x88, 0xFA, 0x22, 0x3E, 0x88, 0x8F, 0x9A, 0x1F, 0xE8, 0x88, 0xF8, 0x5C, 0x66,
    0x04, 0x2B, 0x87, 0x27, 0xF6, 0x79, 0xA9, 0x72, 0x67, 0xD5, 0x9F, 0xF5, 0x61, 0x5A, 0x24, 0x45,
    0xCE, 0x67, 0x12, 0x8D, 0x54, 0xE7, 0x55, 0x49, 0x9C, 0x8A, 0x7C, 0x88, 0xEF, 0xF4, 0xED, 0x5D,
    0x49, 0xB7, 0x56, 0x31, 0xA2, 0x44, 0x87, 0xD1, 0x21, 0xF4, 0x48, 0x7D, 0x12, 0x1F, 0x44, 0x85,
    0xAA, 0x91, 0x30, 0x23, 0x54, 0xC1, 0xDC, 0x9A, 0xE6, 0xA1, 0xDD, 0x48, 0xB0, 0x11, 0x2A, 0x0D,
    0x49, 0x82, 0x32, 0x51, 0xE4, 0x4C, 0xEF, 0x35, 0x3E, 0xE9, 0xE3, 0xC0, 0x83, 0x74, 0x4E, 0x77,
    0xA0, 0x3A, 0x0A, 0x22, 0x77, 0x7D, 0x0B, 0x5A, 0x27, 0xBF, 0xD0, 0x37, 0x3C, 0x91, 0x3F, 0xF4,
    0x4F, 0xFC, 0x71, 0x99, 0x04, 0xB7, 0xC4, 0xC1, 0xDA, 0x1C, 0xBC, 0x4C, 0x33, 0xA3, 0xC8, 0x11,
    0x4B, 0xFA, 0x64, 0xCE, 0x15, 0x2A, 0xA9, 0xF5, 0x81, 0x3D, 0x71, 0x32, 0xD0, 0x43, 0x55, 0x45,
    0x47, 0xD1, 0x51, 0xF4, 0x54, 0x7D, 0x15, 0x1F, 0x45, 0x47, 0xD1, 0x51, 0xF4, 0x54, 0x6E, 0x26,
    0x0F, 0x7B, 0x02, 0xC3, 0xE1, 0x99, 0xA0, 0x3C, 0xA9, 0x23, 0xA7, 0x4D, 0xA2, 0x41, 0x85, 0x9C,
    0xD8, 0x0A, 0x74, 0x45, 0x8E, 0x01, 0x59, 0x54, 0x59, 0xFF, 0xA7, 0x81, 0x45, 0xA7, 0xC3, 0x07,
    0x3E, 0x9B, 0x30, 0x26, 0x6C, 0xFF, 0x74, 0xED, 0x48, 0xB6, 0xFA, 0x2D, 0xBE, 0x8B, 0x6F, 0xC6,
    0xA1, 0x55, 0x48, 0xB0, 0x63, 0x7E, 0x26, 0xEF, 0xA2, 0xEB, 0x65, 0xEB, 0xA4, 0x68, 0x3C, 0x33,
    0x02, 0xDE, 0x11, 0x79, 0xF4, 0x5E, 0x7D, 0x17, 0x9F, 0x45, 0xE7, 0xD1, 0x79, 0xF4, 0x5E, 0x70,
    0x3B, 0x9F, 0x2F, 0x5E, 0xEA, 0x93, 0x60, 0xEE, 0x55, 0x18, 0x7F, 0x46, 0x1F, 0xD1, 0x87, 0xF4,
    0x61, 0xEA, 0x26, 0x13, 0x5B, 0x02, 0x06, 0xC8, 0xC7, 0xF8, 0xFB, 0x7F, 0xD1, 0x8B, 0x23, 0x22,
    0x53, 0x31, 0x31, 0x48, 0x39, 0xF4, 0x12, 0xFF, 0xD1, 0x97, 0xF4, 0x65, 0xFD, 0x19, 0x7F, 0x46,
    0x5F, 0xC2, 0x2F, 0x70, 0x3A, 0xEC, 0x38, 0x57, 0x37, 0x55, 0x91, 0xA9, 0xF4, 0x6A, 0x7D, 0x1A,
    0x9F, 0x12, 0x67, 0xD1, 0xA9, 0xF8, 0xB0, 0x93, 0x3E, 0x6E, 0xDF, 0xA3, 0x63, 0x62, 0x0D, 0x98,
    0xF1, 0xA5, 0x36, 0x89, 0x4A, 0xAA, 0x76, 0xB0, 0xAE, 0x4D, 0x1B, 0xBF, 0x14, 0xE5, 0x51, 0xBF,
    0xBE, 0x80, 0x3F, 0x64, 0x8E, 0x0C, 0xF4, 0x39, 0x68, 0xE1, 0xFF, 0x36, 0x97, 0xD0, 0xEB, 0x23,
    0x8B, 0xE8, 0xE2, 0xF8, 0x33, 0x6E, 0x1A, 0x2E, 0x1E, 0xF7, 0xE0, 0x4F, 0xA0, 0x32, 0xA6, 0x10,
    0x89, 0x85, 0x32, 0xA8, 0xE9, 0xFA, 0x3A, 0x7E, 0x8E, 0x9F, 0xA3, 0xA7, 0xE8, 0xE9, 0xF9, 0x8E,
    0x72, 0x0D, 0x3B, 0x82, 0x5B, 0xF6, 0x79, 0x72, 0x3B, 0x7E, 0x24, 0xAA, 0x87, 0xE2, 0x64, 0x0A,
    0x94, 0xDA, 0x35, 0x1A, 0xA9, 0xE4, 0x03, 0xF1, 0x64, 0x79, 0x7C, 0x49, 0x32, 0x17, 0x6E, 0x44,
    0x93, 0x5E, 0x9E, 0x75, 0x1E, 0xDB, 0xE9, 0xF5, 0x11, 0xEF, 0xDE, 0x9F, 0x7D, 0x1F, 0x1F, 0x47,
    0xC6, 0xC1, 0x33, 0xF0, 0x72, 0xE7, 0xA3, 0x16, 0x06, 0xEC, 0xC5, 0xD7, 0x74, 0xBE, 0xCD, 0x20,
    0x5F, 0x48, 0x17, 0xD2, 0x05, 0xF4, 0x81, 0x7D, 0x20, 0x5F, 0x3C, 0x05, 0x03, 0x57, 0xE4, 0x83,
    0x7D, 0x20, 0xDF, 0x11, 0x8D, 0x48, 0x27, 0x6B, 0x20, 0x6C, 0x26, 0x2E, 0x0B, 0x24, 0x2F, 0xE0,
    0xE2, 0xA7, 0x42, 0xBF, 0xD1, 0x99, 0x84, 0xD2, 0x69, 0x0E, 0xFA, 0x43, 0xBE, 0x1A, 0x7F, 0xA4,
    0x4B, 0xE6, 0xB5, 0xBF, 0x46, 0x27, 0xD4, 0x8B, 0x03, 0x32, 0x62, 0x26, 0xEA, 0x45, 0xFE, 0x91,
    0x7F, 0xA4, 0x5F, 0xE9, 0x17, 0xF0, 0x6B, 0x2E, 0x08, 0x0F, 0x82, 0x03, 0xE6, 0xFF, 0xF6, 0x6A,
    0x1C, 0x40, 0x3B, 0x37, 0x26, 0x84, 0x96, 0xAA, 0x48, 0xBE, 0x49, 0x5D, 0x02, 0x0E, 0x44, 0x0A,
    0x94, 0xCC, 0x23, 0x95, 0x49, 0x46, 0xFA, 0x14, 0xDE, 0x8C, 0xD9, 0x25, 0x5D, 0xE8, 0x48, 0xFA,
    0x33, 0x74, 0x96, 0x7F, 0x9F, 0x1F, 0xE8, 0x4B, 0xD2, 0x5B, 0xF4, 0x96, 0xFC, 0x58, 0x3F, 0x03,
    0x0D, 0x7A, 0x91, 0x30, 0x91, 0xC8, 0x36, 0xD3, 0x8F, 0x2C, 0x86, 0xC9, 0x37, 0xFA, 0x4D, 0xFE,
    0x93, 0x7F, 0xA4, 0xDF, 0xE9, 0x37, 0xFC, 0x4A, 0xA3, 0x16, 0x0D, 0xB7, 0xD6, 0x4D, 0xF0, 0x72,
    0xEC, 0x36, 0x34, 0xB2, 0x54, 0x66, 0x63, 0x4D, 0x90, 0x47, 0x26, 0x93, 0xBA, 0x24, 0xEB, 0xA0,
    0x92, 0xBA, 0x4E, 0xB4, 0x31, 0x49, 0x74, 0xEA, 0x9D, 0x40, 0x49, 0xC9, 0x27, 0x98, 0xAF, 0x74,
    0xE5, 0xBD, 0x40, 0x49, 0x49, 0x27, 0xBC, 0x8A, 0x74, 0xE7, 0x29, 0x3C, 0xE1, 0x29, 0x6A, 0x93,
    0xCB, 0x92, 0x93, 0x6C, 0x13, 0xF8, 0x92, 0xAA, 0x2E, 0x0A, 0xCB, 0x92, 0x85, 0xF4, 0xA1, 0x7C,
    0x62, 0xF3, 0x4A, 0x0E, 0x86, 0x33, 0x24, 0xA0, 0x70, 0x63, 0x72, 0x49, 0xF7, 0x86, 0x3F, 0x44,
    0x9F, 0x68, 0x93, 0xB3, 0x0D, 0xDD, 0xC5, 0xCF, 0xF5, 0xC1, 0x7D, 0x28, 0x1F, 0x12, 0xB6, 0xBA,
    0x31, 0x70, 0xE1, 0xD4, 0x38, 0x52, 0x8D, 0x03, 0xC6, 0x60, 0xA6, 0xAA, 0x51, 0xBE, 0x94, 0x6E,
    0xF4, 0x24, 0x02, 0xFD, 0xB2, 0x52, 0x7E, 0x94, 0x9F, 0xA5, 0x27, 0xE9, 0x49, 0xFA, 0x52, 0x7E,
    0x94, 0x9D, 0x96, 0x8A, 0xE0, 0xB6, 0xF8, 0x41, 0x71, 0xD1, 0x8B, 0x16, 0x7A, 0x92, 0xA2, 0xCF,
    0x59, 0x29, 0xB3, 0x6D, 0x35, 0x42, 0x9B, 0x44, 0xA5, 0x79, 0xAB, 0xF7, 0x4A, 0x56, 0x5A, 0xBD,
    0x74, 0xA5, 0x6D, 0xAC, 0x19, 0x4A, 0x56, 0xC9, 0x55, 0x74, 0xA5, 0x64, 0x95, 0x37, 0x89, 0x85,
    0x67, 0xAD, 0x64, 0xD8, 0x2F, 0x3E, 0x27, 0xBC, 0x8E, 0xAE, 0x51, 0x70, 0xFD, 0x55, 0x80, 0x54,
    0x9D, 0x09, 0x16, 0x44, 0xAF, 0x98, 0x45, 0xEF, 0xDF, 0x1B, 0x0D, 0x3C, 0x83, 0x61, 0xB8, 0x2D,
    0x27, 0xD3, 0x93, 0x17, 0x0B, 0x22, 0x82, 0x9F, 0x42, 0x9A, 0x4B, 0x1A, 0x76, 0xCF, 0x05, 0x21,
    0x43, 0x4B, 0xA1, 0x7D, 0x25, 0x85, 0x3A, 0xE9, 0x12, 0x90, 0xA2, 0xA9, 0xD0, 0xC3, 0x92, 0xC2,
    0x9D, 0x63, 0xBF, 0x48, 0x51, 0xD4, 0xA7, 0xC4, 0x8F, 0x2F, 0x2E, 0xF0, 0xA4, 0x6C, 0x1E, 0xDF,
    0x81, 0x52, 0x41, 0x5C, 0xB8, 0xA2, 0xA4, 0x1F, 0x1B, 0x06, 0x92, 0xDE, 0x1A, 0xFF, 0x98, 0x2B,
    0x97, 0xAE, 0x79, 0x6B, 0xFE, 0xA1, 0x45, 0xC8, 0x96, 0xB6, 0x00, 0x64, 0xC9, 0x6F, 0x70, 0x1D,
    0xD2, 0x50, 0x4B, 0x8A, 0xD7, 0x3A, 0x28, 0x07, 0x94, 0x8C, 0x97, 0x57, 0xAE, 0x74, 0xEB, 0xFD,
    0x81, 0x48, 0x48, 0x97, 0x7B, 0x04, 0x9D, 0x85, 0x05, 0xF0, 0x42, 0xCD, 0x30, 0x12, 0x54, 0x24,
    0xAA, 0x7E, 0x00, 0x42, 0xCD, 0x12, 0x52, 0xF1, 0x09, 0xEB, 0x20, 0x7D, 0xBD, 0x73, 0xC9, 0x5F,
    0xF4, 0x92, 0xCE, 0x7D, 0x3A, 0xA0, 0x01, 0x65, 0xE3, 0xAF, 0xFA, 0x09, 0x69, 0x3E, 0x9E, 0x14,
    0x00, 0xB2, 0x04, 0x1C, 0xC9, 0x6B, 0x4E, 0x9E, 0x3C, 0x00, 0xD2, 0xE9, 0x57, 0xFA, 0xE4, 0xB6,
    0xBA, 0x13, 0xA8, 0x4B, 0x5A, 0x81, 0xEF, 0xE0, 0x7B, 0x90, 0xE3, 0xE6, 0x98, 0x3B, 0x83, 0x06,
    0x67, 0x0B, 0xC0, 0x25, 0xA6, 0x98, 0x6D, 0xF8, 0xAB, 0xFE, 0x70, 0x1D, 0xC8, 0x97, 0xB7, 0x04,
    0x24, 0xCF, 0xAD, 0x22, 0x5E, 0xDB, 0xBE, 0x83, 0xB9, 0x00, 0xF6, 0x64, 0xBD, 0xBF, 0x56, 0xBF,
    0xDA, 0x2B, 0x4D, 0x49, 0x7B, 0x4E, 0x85, 0x7F, 0xAA, 0x04, 0x0A, 0x12, 0xF6, 0x66, 0x12, 0xB8,
    0x75, 0x7E, 0x11, 0x8F, 0x8C, 0x4F, 0x99, 0xA8, 0x70, 0x5C, 0x34, 0x98, 0x3A, 0x3F, 0x8E, 0xDD,
    0xB0, 0x89, 0x53, 0xC0, 0x11, 0x2B, 0x87, 0x1A, 0x89, 0x82, 0xA0, 0xB1, 0x65, 0x62, 0x36, 0x74,
    0xD1, 0x15, 0x30, 0x68, 0xCA, 0xAC, 0x6C, 0xB9, 0xA5, 0xFA, 0xA2, 0xC4, 0xA5, 0x2C, 0xD9, 0x53,
    0x4B, 0xDD, 0x45, 0x87, 0x22, 0x5F, 0xCD, 0x0F, 0xF2, 0x16, 0x0D, 0x09, 0x7B, 0x30, 0xDA, 0xFD,
    0xF4, 0xDC, 0x2C, 0x55, 0xC1, 0xA3, 0x32, 0x14, 0x51, 0x2F, 0x18, 0x30, 0x1F, 0x51, 0x65, 0x30,
    0x4B, 0xC8, 0x97, 0x15, 0xEC, 0x02, 0x56, 0x44, 0xB7, 0xA8, 0x05, 0xA4, 0x09, 0x4A, 0x12, 0xE2,
    0xA0, 0x11, 0x9C, 0xDC, 0x97, 0x16, 0xEC, 0x02, 0x46, 0x81, 0xBB, 0x91, 0xC1, 0x7E, 0x09, 0x1F,
    0xBE, 0xA7, 0xE4, 0xB8, 0xD9, 0xC1, 0x69, 0x1A, 0x38, 0x2D, 0x92, 0xD7, 0x62, 0x5C, 0x74, 0x60,
    0xF6, 0x03, 0xEC, 0x92, 0xD1, 0x53, 0x59, 0xCC, 0x07, 0xB2, 0x1F, 0x8D, 0x0D, 0x5D, 0x30, 0x0D,
    0x4D, 0x2C, 0xD9, 0x35, 0x6C, 0xC0, 0x2B, 0x44, 0xB2, 0xE1, 0x2C, 0x7C, 0x37, 0xCF, 0xC1, 0x31,
    0xC0, 0x96, 0x4C, 0xDF, 0x34, 0x1F, 0x44, 0xCA, 0x01, 0x34, 0x87, 0x59, 0x2C, 0x19, 0x1A, 0x34,
    0x84, 0x91, 0x70, 0x69, 0xCE, 0x8C, 0x24, 0x6C, 0x25, 0x72, 0x83, 0x43, 0xA0, 0x91, 0x72, 0x95,
    0xAA, 0x0D, 0x12, 0x42, 0x43, 0xB8, 0x36, 0x27, 0x13, 0x12, 0x0E, 0x0A, 0xA5, 0x72, 0x1E, 0x7C,
    0x08, 0x72, 0x09, 0x47, 0xD7, 0x29, 0xA3, 0x75, 0xCE, 0x74, 0x23, 0xBA, 0x26, 0xD2, 0x72, 0x24,
    0xAE, 0xFC, 0xB3, 0xD7, 0x1A, 0xA5, 0x07, 0xDB, 0x40, 0x74, 0x48, 0x7D, 0x54, 0x07, 0x3C, 0x87,
    0xCD, 0x61, 0xA5, 0x50, 0xDB, 0xD5, 0xCD, 0x88, 0xB7, 0xE0, 0x40, 0xB4, 0x88, 0x97, 0xFF, 0x06,
    0xB4, 0xC9, 0x79, 0xF4, 0xAB, 0xFD, 0x2A, 0xFF, 0x4A, 0xBF, 0xD2, 0xAF, 0xF2, 0x9F, 0x7C, 0x07,
    0xFB, 0x04, 0x07, 0xC4, 0x75, 0xB4, 0x84, 0x5D, 0x2A, 0x94, 0x3B, 0x8D, 0x12, 0xA5, 0xF4, 0xA9,
    0x7D, 0x2A, 0x5F, 0x4A, 0x97, 0xD2, 0xA5, 0xF4, 0xA9, 0x7D, 0x2A, 0x5F, 0x02, 0xBF, 0xEC, 0xF2,
    0x24, 0xA9, 0x70, 0x58, 0x72, 0x4A, 0x97, 0xD2, 0xA5, 0xF4, 0xA9, 0x7D, 0x2A, 0x5F, 0x38, 0x2F,
    0xD2, 0xA5, 0xA3, 0x82, 0xFC, 0x36, 0xBF, 0x91, 0x1C, 0x17, 0x69, 0x12, 0xB8, 0xEE, 0x38, 0x95,
    0x7A, 0x59, 0xE3, 0xE9, 0x58, 0xC9, 0x2E, 0xE8, 0x95, 0x9F, 0xA5, 0x67, 0xE9, 0x59, 0xFA, 0x56,
    0x7E, 0x95, 0x9F, 0x99, 0xAF, 0xF1, 0xF3, 0xA7, 0xED, 0x2B, 0xBC, 0x38, 0x25, 0x92, 0xBB, 0x51,
    0x45, 0x55, 0x2B, 0xFF, 0x4A, 0xFF, 0xD2, 0xBF, 0xF4, 0xAF, 0xFD, 0x2B, 0xFF, 0x4A, 0xFF, 0xC4,
    0xB3, 0xF0, 0x51, 0xFC, 0x0A, 0xF7, 0x12, 0xCF, 0xD2, 0xBB, 0x69, 0xD2, 0x57, 0x7A, 0x95, 0xCF,
    0xA5, 0x73, 0xE9, 0x5C, 0xFA, 0x57, 0x3E, 0x95, 0xCF, 0xA5, 0x73, 0xE9, 0x5C, 0xF8, 0x98, 0xBE,
    0x0B, 0x3E, 0xA5, 0x73, 0x11, 0xA4, 0xAE, 0x7D, 0x2B, 0x9F, 0x4A, 0xE7, 0xD2, 0xB9, 0xF4, 0xAE,
    0x7D, 0x2B, 0x9F, 0x4A, 0xE7, 0xD2, 0xB9, 0xE1, 0x38, 0x7C, 0x0A, 0x3A, 0x4A, 0xE7, 0xC3, 0xDD,
    0x97, 0xA3, 0xCD, 0x2B, 0x77, 0xB3, 0xC7, 0x52, 0xB9, 0xF4, 0xAE, 0x7D, 0x2B, 0x9F, 0x4A, 0xE7,
    0xD2, 0xB9, 0xF4, 0xAE, 0x7C, 0x3C, 0xDF, 0x02, 0x75, 0x23, 0xA9, 0x5C, 0xE1, 0x2A, 0xAC, 0x95,
    0xCF, 0xA5, 0x73, 0xE9, 0x5C, 0xFA, 0x57, 0x3E, 0x95, 0xCF, 0xA5, 0x73, 0xE9, 0x5C, 0xFA, 0x57,
    0x3E, 0x95, 0xCF, 0xA5, 0x73, 0xE9, 0x5C, 0xFA, 0x57, 0x3E, 0x95, 0xCF, 0x81, 0xD6, 0xE1, 0xC1,
    0xBA, 0x56, 0xFE, 0x95, 0xBF, 0xA5, 0x6F, 0xE9, 0x5B, 0xF8, 0x95, 0x7E, 0x95, 0xBF, 0x86, 0xC7,
    0xE0, 0x3E, 0xAA, 0x56, 0xFE, 0x95, 0xBA, 0x19, 0x9E, 0x69, 0x5B, 0xFA, 0x56, 0xFE, 0x95, 0xBF,
    0xA5, 0x6F, 0xE9, 0x5B, 0xFA, 0x56, 0xFE, 0x95, 0xBF, 0x86, 0x87, 0xB1, 0xD1, 0x9F, 0xFD, 0x2B,
    0x7A, 0x46, 0x45, 0x63, 0x49, 0x5C, 0xFA, 0x57, 0x3E, 0x95, 0xCF, 0xA5, 0x73, 0xE9, 0x5C, 0xFA,
    0x57, 0x3E, 0x09, 0x7F, 0x81, 0x2E, 0x91, 0xA1, 0x24, 0xFD, 0x2B, 0x9E, 0x95, 0x25, 0x73, 0xE9,
    0x5C, 0xFA, 0x57, 0x3E, 0x95, 0xCF, 0xA5, 0x73, 0xE9, 0x5C, 0xFA, 0x57, 0x3E, 0x09, 0xAE, 0x46,
    0x92, 0xB9, 0xC1, 0x75, 0x61, 0x2B, 0x7F, 0x4A, 0xDF, 0xD2, 0xB7, 0xF4, 0xAD, 0xFD, 0x2B, 0x7F,
    0x0D, 0x57, 0xC2, 0xCF, 0xC8, 0xD0, 0x37, 0x3E, 0x95, 0xBF, 0xA5, 0x6F, 0xB6, 0x78, 0xC2, 0x57,
    0x3E, 0x95, 0xCF, 0xA5, 0x73, 0xE9, 0x5C, 0xF8, 0x0F, 0xEE, 0x03, 0xE9, 0x92, 0x6B, 0xE9, 0x5A,
    0xF0, 0x89, 0x34, 0x95, 0xAF, 0xA5, 0x6B, 0xE9, 0x5A, 0xFA, 0x56, 0xBE, 0x95, 0xAF, 0x80, 0xFE,
    0xA0, 0x7D, 0xFA, 0x56, 0x3E, 0x95, 0x8C, 0x0C, 0x32, 0x69, 0x58, 0xFA, 0x56, 0x3E, 0x95, 0x8F,
    0xA5, 0x62, 0xE8, 0x21, 0x92, 0x56, 0x3A, 0x95, 0x6F, 0x92, 0x86, 0xC9, 0x55, 0xFA, 0x55, 0x7E,
    0x05, 0xCE, 0x25, 0x4F, 0x02, 0x43, 0xAA, 0x54, 0xBE, 0x95, 0x2F, 0xA5, 0x4B, 0xE9, 0x52, 0xFA,
    0x54, 0xBE, 0x95, 0x2F, 0x86, 0xB3, 0x40, 0xDB, 0xFA, 0x54, 0x31, 0x2A, 0x4A, 0x87, 0xD2, 0xA1,
    0xF4, 0xA8, 0x78, 0xFE, 0xB2, 0x4A, 0x86, 0xD2, 0x9D, 0xF4, 0xA6, 0xFD, 0x29, 0xBF, 0x32, 0x3E,
    0xC0, 0x93, 0x34, 0xA5, 0xFA, 0x3C, 0x94, 0xBF, 0xA5, 0x2F, 0xE9, 0x4B, 0xFA, 0x52, 0xFE, 0x94,
    0xBF, 0xA5, 0x2F, 0xE9, 0x4B, 0xF8, 0x24, 0xBE, 0x12, 0xEF, 0x89, 0x0F, 0xE1, 0x75, 0xA1, 0x60,
    0xAC, 0x94, 0x9F, 0x94, 0xDA, 0x42, 0x97, 0x92, 0x52, 0xBE, 0x94, 0xAC, 0x58, 0x92, 0x95, 0xF4,
    0xA5, 0x7D, 0x29, 0x5F, 0x4A, 0x57, 0xD2, 0x95, 0xF4, 0xA5, 0x7D, 0x29, 0x5F, 0x37, 0xDF, 0xA3,
    0x49, 0x4A, 0xFA, 0x3A, 0xB4, 0x94, 0x9F, 0xA5, 0x27, 0xE9, 0x49, 0xFA, 0x52, 0x7E, 0x94, 0x9F,
    0xA5, 0x27, 0xE9, 0x49, 0xFA, 0x52, 0x7E, 0x04, 0xFA, 0x12, 0x5B, 0xE5, 0xA1, 0xDA, 0x51, 0x7E,
    0x05, 0xAA, 0x59, 0x41, 0x67, 0x4B, 0x58, 0x7A, 0x6E, 0x94, 0x5A, 0x3D, 0x2B, 0x04, 0x9B, 0x97,
    0x3D, 0x16, 0x12, 0x4A, 0x3C, 0xC7, 0xA3, 0x23, 0x88, 0x49, 0x28, 0xB8, 0x4A, 0x1E, 0xD2, 0x83,
    0x74, 0x9F, 0xFC, 0x68, 0xBD, 0x49, 0xFF, 0x1B, 0xE3, 0xF4, 0x9D, 0xE0, 0x92, 0x98, 0x49, 0xBD,
    0x92, 0x6B, 0x94, 0x99, 0xFD, 0x26, 0x7F, 0x49, 0x9F, 0xA7, 0x49, 0x33, 0xB7, 0x42, 0xBF, 0xD7,
    0x49, 0x9F, 0xC8, 0xE9, 0x2E, 0xAA, 0x5A, 0x24, 0x93, 0x39, 0xDD, 0xC0, 0x0B, 0x2E, 0xA2, 0x68,
    0xA4, 0x93, 0x3B, 0x81, 0xDA, 0x69, 0x33, 0xCF, 0x2A, 0xBF, 0xD1, 0x24, 0x6E, 0x39, 0x35, 0xFE,
    0x82, 0x4D, 0x3E, 0x10, 0xBF, 0xA4, 0xD3, 0xD1, 0xE2, 0xA4, 0xDB, 0x9B, 0x5F, 0xE9, 0xA4, 0xD7,
    0x9D, 0x94, 0xB2, 0xC9, 0x26, 0xB9, 0xEE, 0x24, 0xBA, 0x49, 0x35, 0xC8, 0x11, 0x66, 0x93, 0x5D,
    0xF1, 0xEB, 0xFC, 0xE4, 0x9A, 0xEB, 0x83, 0x5F, 0xE4, 0x24, 0xD7, 0xE1, 0xBF, 0xF9, 0x12, 0xFE,
    0x93, 0x5F, 0x85, 0x6E, 0x45, 0x18, 0xB2, 0x4D, 0x6A, 0x93, 0x4B, 0x04, 0x06, 0x7E, 0x20, 0x80,
    0xDD, 0x26, 0x99, 0x02, 0x74, 0xBC, 0x69, 0x36, 0xDA, 0x6F, 0x25, 0xD9, 0x49, 0xC7, 0x6B, 0x9C,
    0x6A, 0xFF, 0x35, 0x27, 0x5F, 0xAE, 0x70, 0xAB, 0xFC, 0x94, 0x9E, 0x64, 0x14, 0x54, 0x49, 0xF7,
    0xC3, 0x53, 0xB2, 0xD0, 0xE1, 0x27, 0xDE, 0x97, 0x24, 0xFB, 0x2A, 0x40, 0x97, 0x79, 0x28, 0x1F,
    0x12, 0x7C, 0xBB, 0xA0, 0x9D, 0x92, 0x50, 0xB0, 0x01, 0x19, 0xA5, 0x13, 0x60, 0x3B, 0xA2, 0x51,
    0xB8, 0x04, 0xBA, 0x25, 0x23, 0x00, 0x5C, 0xB2, 0x52, 0xBE, 0x0A, 0x6F, 0x81, 0x47, 0x42, 0x62,
    0xF8, 0x98, 0xB2, 0x94, 0xEF, 0xA5, 0x3A, 0xE7, 0x9C, 0x98, 0x17, 0xA4, 0x09, 0xA9, 0x09, 0x87,
    0x5C, 0x91, 0xCC, 0x4D, 0x2A, 0x99, 0x05, 0x8D, 0x92, 0xAD, 0x85, 0x3A, 0xCB, 0xC4, 0x95, 0x8E,
    0x85, 0x2A, 0x89, 0x5A, 0xFC, 0xCA, 0xB9, 0xC4, 0xAF, 0xF2, 0xD2, 0xB9, 0x9A, 0xE7, 0x0E, 0xBF,
    0xCA, 0x4A, 0xF7, 0xC4, 0xC5, 0xF3, 0x54, 0xE4, 0x2A, 0xD3, 0xE7, 0x42, 0x80, 0xC3, 0x54, 0xB1,
    0x7C, 0x2B, 0x37, 0x21, 0xDE, 0x52, 0xCF, 0x50, 0xAD, 0xD3, 0x2C, 0x44, 0x0B, 0x84, 0x1A, 0x81,
    0x5D, 0x9D, 0x18, 0x88, 0x97, 0x4B, 0x5D, 0x42, 0xC1, 0x41, 0xB1, 0x4C, 0x89, 0x58, 0x4B, 0x6D,
    0x42, 0xC9, 0x4C, 0x09, 0x13, 0xEE, 0x10, 0xBA, 0x05, 0x9A, 0x71, 0x30, 0x2B, 0xDC, 0xE0, 0x1F,
    0x38, 0x07, 0xC4, 0xD3, 0xD1, 0x34, 0x61, 0x2E, 0x3C, 0x4B, 0x87, 0xC2, 0x31, 0x3E, 0x9F, 0x54,
    0x78, 0x37, 0x13, 0x2C, 0x87, 0x61, 0x31, 0xBF, 0xCC, 0x59, 0x54, 0x38, 0x1C, 0xA6, 0x95, 0xF9,
    0xD0, 0x47, 0xE4, 0x2C, 0x8A, 0x25, 0xEA, 0x82, 0xC3, 0xB2, 0x5E, 0xEC, 0x2B, 0xFA, 0x25, 0xF2,
    0x84, 0x44, 0xF8, 0x29, 0x3C, 0x4E, 0x3C, 0x41, 0x92, 0xFD, 0xA2, 0x70, 0x7D, 0x2F, 0xDF, 0x4B,
    0xF7, 0xD2, 0xFD, 0xF4, 0xBF, 0x7C, 0xAC, 0x3F, 0x01, 0xFD, 0x83, 0xE5, 0xFA, 0x1C, 0xA2, 0x89,
    0xF3, 0xA2, 0xFF, 0xE8, 0xF2, 0x1B, 0x24, 0x1E, 0x91, 0xF4, 0x4C, 0x1E, 0xA2, 0x69, 0x83, 0xD0,
    0x25, 0xE8, 0xB3, 0x1B, 0x1C, 0x6B, 0xE1, 0xAF, 0xA0, 0xEC, 0xAE, 0x98, 0x5F, 0xA6, 0x17, 0xE9,
    0x85, 0xFA, 0x61, 0x7E, 0x98, 0x5F, 0x81, 0x7B, 0xF6, 0x79, 0x22, 0x61, 0x78, 0x72, 0xBC, 0x26,
    0x17, 0xE9, 0x85, 0xFA, 0x61, 0x7E, 0x98, 0x5F, 0x9C, 0xBF, 0xE9, 0x85, 0xF8, 0x7C, 0x3E, 0xAE,
    0x8C, 0xF5, 0x22, 0x69, 0x81, 0xD4, 0x69, 0x30, 0x3B, 0x4C, 0x06, 0x47, 0x1D, 0x94, 0xBF, 0xFD,
    0x2F, 0xFF, 0x4B, 0xFF, 0xD2, 0xFF, 0xF4, 0xBF, 0xFC, 0x08, 0xB9, 0x4B, 0xDF, 0xCE, 0x49, 0x54,
    0xBD, 0xDD, 0x2F, 0x3F, 0x4B, 0xCF, 0xD2, 0xF3, 0xF4, 0xBC, 0xFD, 0x2F, 0x3F, 0x4B, 0xCF, 0xD2,
    0xF3, 0xF0, 0x4B, 0xFD, 0x7A, 0x79, 0xA1, 0xCB, 0xC5, 0x13, 0x3A, 0x3C, 0x81, 0x2F, 0x7F, 0x14,
    0x24, 0xA5, 0x49, 0x7B, 0xEB, 0x76, 0xEC, 0x97, 0xCF, 0xA5, 0xF3, 0xE9, 0x7C, 0xFA, 0x5F, 0x3E,
    0x97, 0xCF, 0xA5, 0xF3, 0xE9, 0x7C, 0xFA, 0x5F, 0x3E, 0xCC, 0x4C, 0x25, 0xF3, 0x13, 0xA4, 0xBE,
    0x7D, 0x2F, 0x9F, 0x4B, 0xE7, 0xD2, 0xF9, 0xF4, 0xBE, 0x7D, 0x2F, 0x9F, 0x4B, 0xE7, 0xD2, 0xF9,
    0xF1, 0x3D, 0xFC, 0x0A, 0x39, 0x13, 0xDF, 0xD2, 0xF9, 0xC5, 0xB3, 0x50, 0x0B, 0x58, 0x4B, 0xDF,
    0xD2, 0xF7, 0xF4, 0xBD, 0xFD, 0x2F, 0x7F, 0x4B, 0xDF, 0xD2, 0xF7, 0xF0, 0x26, 0xFD, 0xC5, 0x18,
    0x5F, 0xA7, 0xD2, 0xF7, 0xF4, 0xBD, 0xFD, 0x2F, 0x7F, 0x13, 0x77, 0xD2, 0xF7, 0xF4, 0xBD, 0xFD,
    0x2F, 0x7F, 0x13, 0x07, 0xD2, 0xF7, 0xF4, 0xBD, 0xFD, 0x2F, 0x7F, 0x4B, 0xDF, 0xCB, 0x53, 0xF0,
    0x3A, 0xCC, 0x38, 0x37, 0x65, 0x0D, 0x92, 0xF9, 0xF4, 0xBE, 0x7D, 0x2F, 0x9F, 0x12, 0x67, 0xD2,
    0xF9, 0xF1, 0x26, 0x7C, 0x36, 0x9F, 0x5E, 0x97, 0x12, 0xF9, 0x89, 0x52, 0x5F, 0x3E, 0x97, 0xCF,
    0xA5, 0xF3, 0xE9, 0x7C, 0xFA, 0x5F, 0x3E, 0x97, 0xCF, 0xA5, 0xF3, 0xE1, 0xA1, 0xFB, 0x2F, 0x3E,
    0x97, 0xCE, 0x23, 0xA2, 0xC9, 0x7B, 0xFA, 0x5E, 0xFE, 0x97, 0xBF, 0xA5, 0xEF, 0xE9, 0x7B, 0xFA,
    0x5E, 0xFE, 0x09, 0x6F, 0x81, 0x2A, 0x64, 0xD4, 0xFA, 0x5E, 0xFD, 0x1A, 0x4B, 0xDF, 0xD2, 0xF7,
    0xF4, 0xBD, 0xFD, 0x2F, 0x7F, 0x4B, 0xDF, 0xD2, 0xF7, 0xF4, 0xBD, 0xFC, 0x13, 0x3D, 0x4B, 0xDF,
    0x14, 0x1F, 0x52, 0x88, 0xD1, 0x2F, 0x9F, 0x4B, 0xE7, 0xD2, 0xF9, 0xF4, 0xBE, 0x7D, 0x2F, 0x9F,
    0x0D, 0x5F, 0xC8, 0x35, 0xF4, 0xBE, 0x7D, 0x2F, 0x9F, 0x4B, 0xE6, 0xD2, 0xF7, 0xF4, 0xBD, 0xFD,
    0x2F, 0x7F, 0x4B, 0xDF, 0xC0, 0x7D, 0xF4, 0xBE, 0xFD, 0x2F, 0xBE, 0x70, 0xDF, 0xD2, 0xFB, 0xF4,
    0xBE, 0xFD, 0x2F, 0xBF, 0x4B, 0xEF, 0xC1, 0x01, 0xF0, 0x40, 0x7C, 0xE4, 0x3F, 0x4B, 0xFF, 0x4B,
    0x19, 0x32, 0x4B, 0xCC, 0xDC, 0xB5, 0x4C, 0x07, 0xD3, 0x01, 0xF4, 0xC0, 0x7E, 0x9A, 0x98, 0x0F,
    0xF4, 0x24, 0x7D, 0x19, 0xBA, 0x60, 0xBF, 0xCF, 0x8F, 0xF4, 0x25, 0xE9, 0x83, 0xFA, 0x60, 0xFE,
    0x2C, 0x2F, 0x99, 0x2A, 0xA9, 0x85, 0xC3, 0x88, 0xEA, 0x98, 0x5F, 0xA6, 0x17, 0xE9, 0x85, 0xFA,
    0x61, 0x7E, 0x98, 0x5F, 0xA6, 0x17, 0xE1, 0xB6, 0xFA, 0xF2, 0xA6, 0x98, 0x7F, 0xA6, 0x1E, 0x71,
    0xA4, 0xC3, 0xFD, 0x30, 0xFF, 0x4C, 0x3F, 0xAA, 0x89, 0x87, 0xEF, 0x4E, 0x5B, 0xD4, 0x04, 0x8C,
    0x93, 0x13, 0xDE, 0x9C, 0xE5, 0x31, 0x5F, 0x4C, 0x57, 0xCC, 0xE7, 0xF3, 0x96, 0x6D, 0xC3, 0xD8,
    0x43, 0xD4, 0x95, 0xC7, 0x64, 0xC6, 0xFD, 0x31, 0xBF, 0x4C, 0x6F, 0xD3, 0x1B, 0xF4, 0xC6, 0xFD,
    0x31, 0xBF, 0x24, 0xEF, 0xD3, 0x1B, 0xF4, 0xC6, 0xFC, 0xE5, 0x5B, 0x8B, 0xA6, 0x37, 0xE9, 0x8D,
    0xBA, 0x63, 0x3E, 0x72, 0xAD, 0x2A, 0xD6, 0x49, 0x8C, 0xFA, 0x63, 0x3E, 0x98, 0xCF, 0xA6, 0x33,
    0xE9, 0x8C, 0xFA, 0x63, 0x3E, 0x98, 0xCF, 0xA9, 0x03, 0x29, 0x8A, 0xFA, 0x62, 0xBE, 0x98, 0xAF,
    0xA6, 0x2B, 0xE9, 0x8A, 0xFA, 0x62, 0xBE, 0x98, 0xAF, 0xA6, 0x2B, 0xE9, 0x8A, 0xFA, 0xDD, 0x3E,
    0x27, 0x5F, 0xA6, 0x33, 0x11, 0x74, 0xC6, 0x7C, 0x0B, 0x95, 0x0F, 0xB5, 0xBB, 0xE3, 0x5C, 0xA7,
    0x90, 0x6B, 0x97, 0x4C, 0x6D, 0x15, 0xBB, 0x22, 0xDE, 0x5D, 0x31, 0x74, 0xA6, 0x92, 0xB2, 0x9D,
    0xB3, 0xC6, 0xC9, 0x31, 0xB8, 0x42, 0x24, 0xBB, 0x89, 0x8F, 0xDD, 0x73, 0xAC, 0x78, 0x99, 0x26,
    0x46, 0xC7, 0xA2, 0x97, 0x79, 0x32, 0x7F, 0x0A, 0xBF, 0xD3, 0x27, 0xA3, 0x91, 0x5A, 0xB9, 0xE1,
    0xAF, 0xF9, 0x82, 0xAD, 0x7A, 0xE7, 0x96, 0xBF, 0xEA, 0x4C, 0xBE, 0x40, 0x19, 0x32, 0x59, 0x5C,
    0x07, 0x74, 0x4C, 0xDD, 0xAB, 0x9D, 0x14, 0x0C, 0xC9, 0x33, 0xB8, 0xAE, 0x74, 0xEB, 0xFD, 0x84,
    0xCF, 0xFD, 0x33, 0xFF, 0x4C, 0xFF, 0xA3, 0x49, 0x9F, 0xB7, 0x76, 0xBF, 0xE2, 0x4C, 0xFF, 0xC9,
    0x31, 0x2F, 0x25, 0x7F, 0xD2, 0x99, 0xFA, 0x55, 0x00, 0x0B, 0x2F, 0x1D, 0x7F, 0xD0, 0x99, 0xFC,
    0x02, 0x0E, 0x69, 0x9F, 0xCF, 0x4A, 0xBF, 0xD7, 0x25, 0x8D, 0xD0, 0xC1, 0x44, 0xCF, 0x7D, 0xBD,
    0xBC, 0x4C, 0xF7, 0x8E, 0x0D, 0x50, 0x4B, 0x4D, 0x33, 0xBB, 0xF1, 0x57, 0xFC, 0xE9, 0x9D, 0xD0,
    0x21, 0x26, 0x99, 0xDC, 0xF7, 0xD0, 0x8D, 0x24, 0xCE, 0xEF, 0xAB, 0x5F, 0xED, 0x26, 0x77, 0x5D,
    0x0A, 0xFF, 0x55, 0x33, 0xBF, 0x0E, 0x7F, 0xD3, 0x3B, 0xF4, 0xCE, 0xFC, 0x2D, 0xDA, 0x4C, 0xEE,
    0xC2, 0x23, 0x3F, 0x00, 0x44, 0x6E, 0x99, 0xDC, 0xA6, 0x6F, 0x69, 0x99, 0xEA, 0x65, 0xFE, 0x99,
    0x5C, 0xA6, 0x4F, 0xE2, 0x66, 0xFA, 0x64, 0xFE, 0x70, 0xDB, 0x21, 0xF6, 0x44, 0x22, 0x98, 0xE6,
    0xAE, 0x99, 0x2E, 0xA6, 0x43, 0x29, 0x8E, 0xDA, 0x63, 0x3A, 0x98, 0xAC, 0xA6, 0x23, 0xE0, 0x91,
    0xF8, 0xE8, 0x32, 0x25, 0xDF, 0x92, 0xCF, 0x29, 0x84, 0xF9, 0x2C, 0xFF, 0x92, 0x9E, 0x25, 0xFB,
    0x29, 0x7C, 0xDA, 0x5E, 0xBA, 0x97, 0x8F, 0x80, 0x56, 0x49, 0x76, 0xC2, 0x5D, 0x3E, 0x24, 0xAF,
    0x90, 0xD7, 0x41, 0x2C, 0x92, 0x5C, 0x3E, 0x4B, 0x7A, 0xA5, 0xAE, 0xE3, 0x41, 0x90, 0x91, 0xEE,
    0x0D, 0x49, 0xD1, 0x84, 0x8B, 0x84, 0xB3, 0xD0, 0x67, 0xD4, 0x12, 0x26, 0x52, 0xCB, 0x41, 0x9F,
    0xC8, 0x48, 0x57, 0x06, 0xCC, 0xE2, 0x66, 0xE5, 0xF9, 0x0D, 0xFE, 0x43, 0x7F, 0x89, 0x0B, 0xA9,
    0x61, 0xE9, 0x8C, 0x6C, 0x96, 0x2F, 0x08, 0xDA, 0x83, 0x4E, 0x98, 0xFA, 0x28, 0x0E, 0x89, 0x0F,
    0x96, 0x80, 0xE7, 0x90, 0xF8, 0x6C, 0x34, 0x4A, 0x1B, 0x66, 0xB9, 0xB1, 0x16, 0xFC, 0xA7, 0x98,
    0x25, 0xD7, 0xD2, 0xA9, 0x72, 0x5B, 0xFD, 0x2A, 0x9F, 0x4A, 0xA7, 0xD2, 0xA9, 0xF4, 0xAA, 0x7C,
    0xA7, 0x3F, 0x30, 0xB7, 0xC9, 0x71, 0xF3, 0x74, 0xD1, 0x29, 0xFA, 0x3B, 0x65, 0x12, 0x9D, 0xF2,
    0x5B, 0x69, 0x29, 0xBF, 0x4A, 0x6F, 0xD2, 0x9B, 0xF4, 0xA6, 0xFD, 0x29, 0xBF, 0x25, 0x6F, 0xC0,
    0xAF, 0x64, 0xA6, 0xF2, 0x3C, 0x99, 0x7B, 0x25, 0x3B, 0xE9, 0x4E, 0xFA, 0x53, 0xBE, 0x94, 0xEF,
    0x9C, 0x07, 0xE9, 0x4E, 0xF8, 0x6D, 0xBE, 0x94, 0xEE, 0x0C, 0x3B, 0x29, 0x52, 0xD0, 0x92, 0x2E,
    0x95, 0x2F, 0x12, 0xDA, 0x89, 0x53, 0xFA, 0x54, 0xFE, 0x95, 0x3F, 0xA5, 0x4F, 0xE9, 0x53, 0xF9,
    0x99, 0xBE, 0x90, 0x1A, 0x1D, 0x2A, 0xE9, 0x57, 0xE3, 0xFA, 0x30, 0x0B, 0x49, 0x8A, 0x2E, 0xA9,
    0x59, 0xFA, 0x56, 0x7E, 0x95, 0x9F, 0xA5, 0x67, 0xE9, 0x59, 0xFA, 0x56, 0x7E, 0x25, 0x9F, 0x82,
    0x8B, 0xE0, 0x57, 0xB8, 0x96, 0x7E, 0x95, 0x7B, 0x4E, 0x92, 0xAF, 0xF4, 0xAB, 0xFD, 0x2A, 0xFF,
    0x4A, 0xBF, 0xD2, 0xAF, 0xF4, 0xAB, 0xFD, 0x2A, 0xFF, 0x4A, 0xBF, 0xC4, 0xC7, 0xF4, 0xAB, 0xFD,
    0x2A, 0xF6, 0x7E, 0x3C, 0xD2, 0xAF, 0xF4, 0xAB, 0xFD, 0x2A, 0xFF, 0x4A, 0xBF, 0xD2, 0xAF, 0xF4,
    0xAB, 0xFD, 0x2A, 0xFF, 0x4A, 0xBF, 0xC4, 0xE3, 0xF4, 0xAB, 0xFD, 0x2A, 0xFF, 0x4A, 0xBC, 0xE5,
    0x49, 0x57, 0xBD, 0x9E, 0x52, 0x95, 0x8F, 0xA5, 0x63, 0xE9, 0x58, 0xFA, 0x56, 0x3E, 0x95, 0x8F,
    0xA5, 0x63, 0xE1, 0xE7, 0xF8, 0x13, 0xA9, 0x29, 0x4A, 0xC7, 0x17, 0x9D, 0xA4, 0xAC, 0x7D, 0x2B,
    0x1F, 0x4A, 0xC7, 0xC4, 0xE5, 0xF4, 0xAC, 0x7D, 0x2B, 0x1F, 0x4A, 0xC7, 0xC4, 0xD5, 0xF4, 0xAC,
    0x7D, 0x2B, 0x1F, 0x4A, 0xC7, 0xD2, 0xB1, 0xF3, 0xD8, 0x7C, 0x0E, 0xB3, 0x0E, 0x15, 0xD2, 0xAF,
    0xF4, 0xAB, 0xFD, 0x2A, 0xFF, 0x4A, 0xBF, 0xC4, 0xAB, 0xF4, 0xAB, 0xFC, 0x36, 0x5F, 0x01, 0xF5,
    0x52, 0xAF, 0xF4, 0xAB, 0xD0, 0xCC, 0x93, 0x4A, 0xBF, 0xD2, 0xAF, 0xF4, 0xAB, 0xD1, 0x2A, 0xDB,
    0x4A, 0xAF, 0xF9, 0xB4, 0xB4, 0xAA, 0x7D, 0x2A, 0x9F, 0x45, 0xD7, 0xC0, 0x91, 0x51, 0x9E, 0xFD,
    0x2A, 0x9A, 0x46, 0x0D, 0x65, 0x69, 0x55, 0xFA, 0x55, 0x7E, 0x95, 0x5F, 0xA5, 0x57, 0xE9, 0x55,
    0xFA, 0x55, 0x7E, 0x09, 0x4F, 0x81, 0x2E, 0x92, 0xB1, 0x23, 0xFD, 0x2A, 0xBE, 0x95, 0x25, 0x57,
    0xE9, 0x55, 0xFA, 0x55, 0x76, 0x95, 0x4D, 0xA5, 0x4F, 0xA9, 0x52, 0xFA, 0x54, 0xBE, 0x09, 0x7F,
    0xD9, 0xE5, 0x69, 0x52, 0xE0, 0xB9, 0x70, 0x95, 0x1F, 0xA5, 0x47, 0xE9, 0x51, 0xFA, 0x54, 0x7E,
    0x95, 0x1F, 0x86, 0x93, 0xE1, 0x61, 0xE4, 0xAC, 0x1B, 0x3F, 0x4A, 0x8F, 0xD2, 0xA3, 0x52, 0xC0,
    0xC8, 0x50, 0xDB, 0x4A, 0x97, 0xFA, 0xC1, 0x2F, 0xAA, 0x54, 0xBE, 0x95, 0x2F, 0x80, 0xFF, 0xE0,
    0x81, 0xA1, 0x25, 0xFE, 0xEF, 0x7A, 0x25, 0x4B, 0x11, 0xEB, 0x39, 0x26, 0xFE, 0x95, 0x3F, 0xA5,
    0x4F, 0xE9, 0x53, 0xFA, 0x54, 0xFE, 0x08, 0x2F, 0x81, 0x0A, 0x72, 0xE0, 0x41, 0x7D, 0x2A, 0x7F,
    0x4A, 0x9E, 0x06, 0x17, 0x32, 0x4D, 0xDD, 0x2A, 0x5F, 0x24, 0xDE, 0x3A, 0x7D, 0xF0, 0x8D, 0x5D,
    0x2A, 0x5C, 0x3A, 0x94, 0x92, 0xA3, 0xB4, 0xA7, 0xFC, 0x94, 0x16, 0x4A, 0x77, 0xD2, 0x9D, 0xF0,
    0x2E, 0xFE, 0x5C, 0x09, 0x59, 0x03, 0x3A, 0x42, 0x43, 0xC2, 0x53, 0xBE, 0x94, 0xEF, 0xA5, 0x3B,
    0xE9, 0x4E, 0xFA, 0x53, 0xBE, 0x94, 0xEC, 0x82, 0x6E, 0xC1, 0xAF, 0xFD, 0x9E, 0x5C, 0x0E, 0x1F,
    0x86, 0xBB, 0x12, 0x30, 0xD7, 0x50, 0x74, 0x95, 0x4A, 0x9D, 0x2C, 0xF3, 0x04, 0xAA, 0x74, 0x36,
    0x3E, 0x4A, 0xBE, 0x4C, 0xAD, 0x33, 0xB6, 0xC9, 0x2A, 0xD8, 0x45, 0x4E, 0x12, 0xAB, 0x84, 0x54,
    0xE9, 0x2A, 0xD6, 0x45, 0x3D, 0x92, 0xAD, 0x60, 0xDE, 0x7C, 0xCA, 0xFB, 0x98, 0x0D, 0x4B, 0x06,
    0xEC, 0xAA, 0x28, 0xAE, 0x95, 0x6F, 0xA5, 0x5A, 0xE1, 0xC3, 0xBA, 0x55, 0xEE, 0x1C, 0x3B, 0xA5,
    0x63, 0x21, 0xC4, 0xCA, 0x56, 0xB6, 0x1C, 0x7B, 0xA5, 0x6A, 0xE1, 0xC7, 0xF8, 0xBB, 0x7E, 0x04,
    0xFC, 0x05, 0x1F, 0xE2, 0x5E, 0xD3, 0xDF, 0xAC, 0x5E, 0x5C, 0x59, 0x69, 0x93, 0x64, 0xAF, 0xD0,
    0x16, 0x36, 0x4A, 0xFF, 0xD2, 0xBF, 0xE7, 0x9C, 0xD9, 0x2B, 0xFF, 0x4A, 0xFF, 0xD2, 0xBF, 0xF4,
    0xAF, 0xFD, 0x2B, 0xFF, 0x4A, 0xFF, 0xC3, 0x67, 0xB0, 0x5E, 0x74, 0x22, 0xB3, 0xE7, 0x42, 0x80,
    0xC3, 0x74, 0xB2, 0xFE, 0xCF, 0x33, 0x0B, 0x0D, 0xC3, 0xEB, 0x94, 0xB4, 0xF0, 0x3F, 0x56, 0x4B,
    0x4E, 0x83, 0xFD, 0x64, 0xB4, 0xF0, 0x40, 0x78, 0x4B, 0x4F, 0x04, 0x11, 0x64, 0xB4, 0xE8, 0x0B,
    0x16, 0x55, 0xFF, 0xC0, 0xAF, 0xA9, 0x99, 0x2D, 0xBE, 0x28, 0xBB, 0x97, 0x12, 0xF5, 0x0E, 0x72,
    0xB1, 0x24, 0x56, 0xAB, 0x84, 0x8E, 0xF6, 0x50, 0x5E, 0xD2, 0xD6, 0x28, 0xFC, 0x4B, 0xFA, 0x33,
    0x75, 0xAE, 0xD0, 0xB9, 0x98, 0xAE, 0x73, 0xD1, 0xA9, 0x2B, 0x17, 0x34, 0xB9, 0x34, 0x14, 0xBC,
    0x88, 0x39, 0x23, 0x99, 0xCA, 0x96, 0x12, 0x29, 0x9C, 0xCE, 0x94, 0x2E, 0x6D, 0x64, 0x96, 0x74,
    0x9D, 0x04, 0x62, 0x64, 0x3D, 0xF8, 0x12, 0xEA, 0x96, 0x1D, 0x34, 0x16, 0xC4, 0xB5, 0xF4, 0xCC,
    0x3F, 0x93, 0x25, 0xA5, 0x03, 0xF3, 0x22, 0x5A, 0x4A, 0x50, 0x1F, 0x5A, 0x92, 0xD2, 0x52, 0x30,
    0xF9, 0x4C, 0x96, 0x72, 0x8F, 0x87, 0xBA, 0x74, 0xC8, 0xB2, 0x55, 0x3E, 0x27, 0xEE, 0x87, 0x9F,
    0x00, 0x76, 0xA2, 0x56, 0x68, 0x30, 0x69, 0xA5, 0x66, 0x7D, 0x0A, 0xFF, 0x5C, 0x4F, 0x79, 0x06,
    0xBD, 0x7A, 0x73, 0x9E, 0xA4, 0xDD, 0x2B, 0xB6, 0xEA, 0xA6, 0x4A, 0x55, 0xF0, 0x6B, 0xD6, 0xB9,
    0xD4, 0x4E, 0x64, 0xA2, 0xA0, 0xD4, 0xA8, 0x1F, 0x28, 0x27, 0x89, 0x83, 0x46, 0xD5, 0xCE, 0x55,
    0x7F, 0xA2, 0x27, 0x79, 0x03, 0x36, 0x95, 0xCE, 0x4D, 0x7F, 0xA0, 0x27, 0x6A, 0x07, 0x76, 0xE2,
    0x76, 0xF8, 0x1E, 0xE4, 0x11, 0xF9, 0xA5, 0x87, 0x00, 0xBA, 0x90, 0xC4, 0x69, 0x35, 0x05, 0xD5,
    0x39, 0xB5, 0xFE, 0x9A, 0x58, 0xB9, 0xD9, 0x4C, 0x94, 0x8E, 0xB9, 0x62, 0x62, 0x53, 0xB8, 0x95,
    0xC9, 0x0A, 0xF2, 0xC4, 0xC5, 0xA0, 0x12, 0xA6, 0x2B, 0xDD, 0x13, 0x1E, 0x9C, 0x7A, 0xFF, 0x38,
    0x57, 0xD7, 0x26, 0x45, 0x38, 0x35, 0xFE, 0x40, 0xAF, 0xF6, 0x61, 0xEF, 0x87, 0x73, 0xF6, 0x79,
    0xA8, 0x77, 0x3E, 0x28, 0x9A, 0x07, 0x66, 0xC1, 0x75, 0x91, 0x53, 0xAC, 0x96, 0xCE, 0x04, 0x56,
    0x7E, 0x20, 0x8A, 0xDC, 0xD0, 0x38, 0x4B, 0x75, 0x00, 0xB3, 0x2F, 0x1A, 0x37, 0x6A, 0x97, 0x0A,
    0xA7, 0xD6, 0x5D, 0x91, 0xBC, 0x5D, 0x2E, 0x55, 0xAE, 0x71, 0xAB, 0xFC, 0xD4, 0x70, 0xE5, 0x2E,
    0xB7, 0xAE, 0x70, 0xAB, 0xFC, 0x94, 0x71, 0xE4, 0x0C, 0x72, 0x05, 0x94, 0xD1, 0xCD, 0xA4, 0x71,
    0x7C, 0x0B, 0xB5, 0x2D, 0x47, 0xC3, 0xA7, 0x74, 0xC0, 0x5A, 0x5C, 0x8E, 0xAA, 0x8B, 0x7E, 0x9D,
    0x7A, 0xFF, 0x78, 0x1F, 0xBF, 0x4C, 0x25, 0xD4, 0xCB, 0x2F, 0x20, 0x3F, 0x2E, 0x98, 0x79, 0x80,
    0x56, 0x60, 0xFE, 0xBA, 0x62, 0xAA, 0x04, 0x6A, 0x04, 0x07, 0x49, 0x8E, 0xA8, 0x16, 0x68, 0x10,
    0x4B, 0x26, 0x46, 0x60, 0x6C, 0xB0, 0x41, 0xB0, 0x73, 0xBF, 0x82, 0xF7, 0xE0, 0x5F, 0xA8, 0xA5,
    0x34, 0x05, 0xEB, 0x26, 0x4F, 0xE7, 0x3B, 0xA0, 0x8C, 0xEA, 0x0A, 0x69, 0x1C, 0xEF, 0x80, 0x9D,
    0x90, 0x2E, 0x3A, 0xAB, 0x49, 0x78, 0x81, 0x6F, 0xB0, 0xAF, 0x50, 0x16, 0xDE, 0xAE, 0x71, 0x2B,
    0xFC, 0xB0, 0x5A, 0xE6, 0xB9, 0xC3, 0xAF, 0xF2, 0x93, 0x37, 0xF4, 0xCD, 0xFC, 0x2C, 0xDD, 0x14,
    0x36, 0x22, 0xEF, 0x38, 0xDA, 0x54, 0xA8, 0x39, 0x69, 0x05, 0xAE, 0xA2, 0x86, 0xD2, 0x69, 0xA8,
    0x16, 0xDA, 0x0E, 0x4A, 0x89, 0xA8, 0xB8, 0x5B, 0xA8, 0x39, 0x3B, 0x26, 0xAA, 0xE1, 0x70, 0xA0,
    0xE5, 0x74, 0x9A, 0xCB, 0x85, 0xCA, 0x83, 0x97, 0xB2, 0x6B, 0xAA, 0x17, 0x3A, 0x0E, 0x67, 0x0B,
    0xF1, 0xC1, 0x25, 0x3E, 0x2D, 0xF9, 0x0A, 0x1F, 0xE1, 0x6E, 0x90, 0x17, 0xEC, 0xBE, 0xEC, 0x27,
    0xFF, 0x49, 0xB0, 0xF8, 0x45, 0x32, 0x3E, 0x3A, 0x0E, 0xB6, 0x61, 0x13, 0xB5, 0x72, 0x69, 0x5F,
    0x9D, 0x04, 0x6A, 0x41, 0x12, 0xB2, 0xCD, 0xE6, 0x10, 0xDB, 0x8E, 0x92, 0x81, 0x0A, 0xB0, 0xE8,
    0x64, 0x3E, 0xBF, 0x0C, 0xB7, 0xE1, 0xB9, 0xC0, 0x12, 0xAD, 0xD4, 0x8B, 0xBC, 0x0A, 0xE5, 0x23,
    0xFA, 0x6F, 0xFE, 0x9B, 0xFF, 0xA6, 0xFF, 0xE9, 0xBF, 0xF9, 0x69, 0xFE, 0x3D, 0xCF, 0x82, 0x4E,
    0xB4, 0x39, 0x45, 0x13, 0xE7, 0x45, 0xFF, 0xD1, 0xE4, 0x36, 0x48, 0x3D, 0x23, 0xE8, 0x2A, 0xAC,
    0xA7, 0x0F, 0x53, 0xA7, 0x3E, 0x58, 0x4C, 0x35, 0x3A, 0xD7, 0xC3, 0x5F, 0x46, 0x9D, 0x4F, 0xA5,
    0x11, 0x4E, 0x3F, 0xD3, 0x8F, 0xF4, 0xE3, 0xFD, 0x38, 0xFF, 0x4E, 0x3F, 0xC5, 0x5F, 0xF0, 0xD0,
    0xD5, 0x38, 0xFC, 0x3B, 0x66, 0x00, 0x7F, 0x28, 0xEE, 0x6A, 0x3C, 0x9C, 0x6F, 0xA7, 0x1B, 0xE9,
    0xC6, 0xF9, 0xDC, 0x3E, 0x9C, 0x6F, 0x9D, 0xC3, 0xE1, 0xE7, 0xF9, 0xA3, 0xEA, 0x04, 0x7A, 0x90,
    0x52, 0x91, 0xA4, 0xE1, 0x7C, 0xEE, 0x15, 0x1D, 0x7C, 0xC1, 0x1F, 0x54, 0xE0, 0xFD, 0x38, 0x3F,
    0x4E, 0x0F, 0xD3, 0x83, 0xF4, 0xE0, 0xFC, 0x11, 0x7A, 0x70, 0xB5, 0x8F, 0xF3, 0x63, 0xB3, 0xD1,
    0x37, 0x97, 0x06, 0x7D, 0x23, 0xB9, 0xA9, 0x72, 0x6E, 0x7E, 0x9B, 0x8F, 0xA6, 0xDF, 0xE9, 0xB6,
    0xFA, 0x6D, 0xBE, 0x9B, 0x6F, 0x82, 0x4B, 0xE2, 0x7A, 0xCD, 0x0E, 0x5E, 0x27, 0xB9, 0xD1, 0xE4,
    0x0E, 0x70, 0xF1, 0x44, 0x6E, 0x28, 0x09, 0xCA, 0x93, 0x79, 0xE1, 0x16, 0xD5, 0x37, 0x9C, 0xE8,
    0x72, 0x41, 0x47, 0x94, 0xE0, 0x7D, 0x38, 0x1F, 0x4E, 0x07, 0xD3, 0x81, 0xF4, 0xE0, 0x7D, 0x38,
    0x1F, 0x4E, 0x07, 0xC3, 0x3F, 0x70, 0x59, 0xDD, 0x38, 0x54, 0x0C, 0x6C, 0xD3, 0x85, 0xE0, 0x5A,
    0xCA, 0x74, 0x05, 0x1A, 0xA7, 0x13, 0xE9, 0xC3, 0xFB, 0x0C, 0x30, 0x79, 0x6F, 0x27, 0x07, 0xE9,
    0xC1, 0xFA, 0x70, 0x7E, 0x1F, 0x2F, 0x8A, 0x0B, 0xE9, 0xC1, 0xEF, 0x46, 0x34, 0x05, 0xFA, 0xB0,
    0xDE, 0x8B, 0xB1, 0xA0, 0x17, 0xB0, 0x9C, 0x5F, 0x9C, 0x5E, 0xC0, 0x66, 0xAA, 0x72, 0x3E, 0x9C,
    0x8F, 0xA7, 0x23, 0xE9, 0xC8, 0xFA, 0x72, 0x3E, 0x67, 0x5F, 0xD2, 0x97, 0xFD, 0x86, 0x23, 0x7C,
    0x14, 0xF2, 0x0F, 0x6D, 0x13, 0x9F, 0xF4, 0xE7, 0xFD, 0x39, 0xFF, 0x14, 0x17, 0xD3, 0x9F, 0xF2,
    0x13, 0x7C, 0x11, 0x97, 0x4E, 0x97, 0xC4, 0xEF, 0xF1, 0x3B, 0xC8, 0x3C, 0xF8, 0x4E, 0xB7, 0xD3,
    0xAD, 0xF4, 0xEB, 0x7D, 0x3A, 0xDF, 0x09, 0x67, 0xC3, 0xC1, 0xB4, 0x16, 0x4D, 0x86, 0xB6, 0x0E,
    0xFE, 0x13, 0xBF, 0xF4, 0xEF, 0xFD, 0x3B, 0xFF, 0x13, 0x77, 0xD3, 0xBF, 0xF1, 0x37, 0x7C, 0xF3,
    0x5C, 0x4E, 0xFE, 0x84, 0xE5, 0x82, 0x00, 0x69, 0x3C, 0x3F, 0x36, 0xEC, 0x82, 0xF9, 0x64, 0xF1,
    0xFD, 0x3C, 0x7F, 0x4F, 0x1F, 0xD3, 0xC7, 0xF4, 0xF1, 0xFC, 0x38, 0x3E, 0x44, 0x37, 0xC0, 0xA1,
    0x50, 0x6F, 0x58, 0xC6, 0xD7, 0x0B, 0x55, 0x53, 0xCD, 0xF3, 0x3B, 0x5C, 0x25, 0x15, 0x4F, 0x57,
    0xD3, 0xD5, 0xF4, 0xF5, 0x7D, 0x3D, 0x5F, 0x4F, 0x57, 0xC1, 0x3F, 0xD4, 0xF5, 0x7C, 0x94, 0x57,
    0x0D, 0xFD, 0x93, 0xD9, 0x38, 0xD2, 0x7B, 0x3E, 0x9E, 0xCD, 0xB4, 0xC2, 0x40, 0xA7, 0xC2, 0x7B,
    0x7E, 0x9E, 0xDF, 0xA7, 0xB7, 0xE9, 0xED, 0xF8, 0x28, 0x7E, 0x0E, 0xEA, 0x82, 0x67, 0x04, 0x40,
    0xB2, 0xA0, 0x6F, 0x32, 0x07, 0x2D, 0x42, 0x71, 0x44, 0xFA, 0xFD, 0x3E, 0xBF, 0x12, 0xF7, 0xD3,
    0xEB, 0xF4, 0xFA, 0xFC, 0x39, 0x5F, 0x4F, 0xAF, 0xD3, 0xEB, 0xF1, 0x2F, 0x54, 0x39, 0xB8, 0x4F,
    0xB5, 0x06, 0x27, 0x64, 0xFA, 0xFC, 0x1D, 0xD5, 0xAF, 0x87, 0x36, 0xE9, 0xF6, 0xFA, 0x7D, 0xBE,
    0x1C, 0x1F, 0xA7, 0xDB, 0xE9, 0xF6, 0xC0, 0x72, 0xEE, 0x9F, 0x8A, 0xA7, 0xDF, 0xE0, 0xD3, 0xA9,
    0x0F, 0xAC, 0x9F, 0xBF, 0xA7, 0xEF, 0xE9, 0xFB, 0xFA, 0x7E, 0xFE, 0x04, 0x7F, 0x82, 0x23, 0xEE,
    0x96, 0xE0, 0x22, 0x6C, 0x9F, 0xBA, 0x25, 0x8A, 0x69, 0xFB, 0xFA, 0x7E, 0xF8, 0x4D, 0x1E, 0x27,
    0xE7, 0x09, 0xF8, 0xFA, 0x7E, 0x3E, 0x9F, 0x8F, 0xA7, 0xE3, 0xE2, 0xE8, 0xF8, 0x16, 0xAA, 0x21,
    0x6B, 0x84, 0xAE, 0x47, 0x7F, 0xAB, 0x3D, 0x6A, 0x88, 0x79, 0x03, 0x3A, 0x84, 0x44, 0xB2, 0x80,
    0x3E, 0xA0, 0x0F, 0xA8, 0x03, 0xEA, 0x00, 0xFA, 0x80, 0x3E, 0x1C, 0x5F, 0xB1, 0x17, 0x80, 0xEB,
    0xD0, 0x70, 0x31, 0x64, 0x44, 0x64, 0xA3, 0x48, 0x8B, 0xB1, 0xDD, 0xA8, 0x9F, 0xCD, 0x90, 0xD3,
    0x09, 0xF9, 0xC9, 0x36, 0x6A, 0x9F, 0x8B, 0x93, 0x6A, 0x69, 0xF7, 0xD9, 0x36, 0xA6, 0x9F, 0x5C,
    0x93, 0x6E, 0xA9, 0xF5, 0xB9, 0x36, 0xB6, 0x6A, 0xFD, 0xB5, 0x1B, 0x02, 0xFD, 0xF4, 0xB9, 0x3F,
    0x1F, 0x18, 0x05, 0x87, 0x05, 0x44, 0xFE, 0x70, 0x67, 0x92, 0x4F, 0xDE, 0x86, 0x7D, 0x24, 0xFD,
    0x70, 0x68, 0x12, 0x4F, 0xC7, 0x86, 0x89, 0x44, 0xFC, 0x68, 0x9C, 0x13, 0x4F, 0xB7, 0xC1, 0x3D,
    0xF6, 0x4D, 0xFC, 0x4D, 0x5F, 0x27, 0x26, 0x8E, 0xC9, 0x40, 0x7D, 0x49, 0x3E, 0xBF, 0x4F, 0xAF,
    0xC3, 0x37, 0x40, 0xEA, 0x61, 0x3E, 0xDF, 0x4F, 0xB7, 0xD3, 0xED, 0xF4, 0xFB, 0x7D, 0x3E, 0xDF,
    0x4F, 0xB7, 0xCE, 0xDF, 0xF0, 0x85, 0xF4, 0x9D, 0x18, 0x4F, 0xAF, 0xDD, 0xFB, 0x50, 0xAD, 0x4C,
    0x7E, 0xF8, 0x4F, 0xB7, 0x89, 0xD5, 0x74, 0xFB, 0x64, 0x9D, 0x37, 0x4F, 0xB6, 0xC9, 0xD7, 0x94,
    0xFB, 0x6C, 0x9D, 0x97, 0x4F, 0xB6, 0x49, 0xD7, 0x73, 0xB7, 0x5C, 0x49, 0xFF, 0x75, 0x6C, 0x81,
    0x89, 0xF1, 0x48, 0x68, 0x65, 0x79, 0x3B, 0x95, 0x49, 0xD9, 0x30, 0x91, 0x5F, 0xBE, 0x38, 0x0A,
    0x79, 0x07, 0x01, 0x8C, 0x39, 0x3A, 0xB2, 0x29, 0x2A, 0x93, 0xA2, 0x5D, 0xB3, 0xEC, 0x48, 0x52,
    0xB4, 0x27, 0x34, 0xBA, 0xE9, 0x8D, 0x90, 0xA6, 0x2C, 0x4E, 0x59, 0x75, 0x8F, 0xA5, 0x21, 0x4D,
    0xD2, 0x9F, 0x12, 0x3F, 0x5C, 0xBB, 0xC2, 0x9E, 0xB0, 0x7E, 0xFE, 0x04, 0xE9, 0x10, 0x5B, 0xE1,
    0xFF, 0xB8, 0x6B, 0x2D, 0xE1, 0xAF, 0xF9, 0x85, 0xA1, 0x81, 0x96, 0xDA, 0xB9, 0xE5, 0xAF, 0xFA,
    0x85, 0x33, 0x22, 0x75, 0x58, 0x02, 0x13, 0x27, 0x65, 0xC0, 0x83, 0x49, 0x41, 0x3B, 0x6B, 0x5C,
    0xE8, 0xA1, 0xAA, 0x52, 0x32, 0x77, 0xDE, 0xB9, 0xD3, 0xAF, 0xF6, 0x05, 0x3D, 0x22, 0x78, 0x6D,
    0x41, 0xBF, 0x14, 0x85, 0xC1, 0x13, 0x65, 0x05, 0x52, 0x34, 0xA0, 0xAB, 0x77, 0x6B, 0xFE, 0x21,
    0x45, 0x69, 0xA1, 0x92, 0x27, 0x25, 0xBC, 0x95, 0xFF, 0x49, 0x39, 0x2D, 0xE3, 0xAF, 0xFA, 0x09,
    0xC9, 0x60, 0x44, 0xCC, 0x9C, 0x97, 0xE9, 0x57, 0xFA, 0xE4, 0xE4, 0xBA, 0x2C, 0x68, 0x4E, 0x3A,
    0x82, 0x0B, 0xE0, 0x82, 0x90, 0xEB, 0x26, 0xA0, 0x0B, 0x82, 0x13, 0x00, 0xC7, 0x91, 0xD5, 0xF0,
    0x0A, 0x19, 0x80, 0xFA, 0xA0, 0xC3, 0x99, 0xD6, 0xF3, 0xE2, 0xAF, 0xF9, 0xC0, 0x81, 0x22, 0x75,
    0xDC, 0x11, 0x93, 0x41, 0x94, 0x89, 0xD7, 0x6E, 0xFA, 0x27, 0xA4, 0x04, 0x49, 0x93, 0xAE, 0xFD,
    0x5A, 0xFF, 0x68, 0xB5, 0xB5, 0x27, 0x5D, 0x3A, 0x15, 0xFE, 0xA8, 0x12, 0x28, 0x4E, 0xB9, 0x99,
    0x7A, 0xE1, 0xE6, 0xF8, 0x48, 0x7E, 0x49, 0xEE, 0x81, 0x4E, 0xC1, 0x80, 0xD2, 0x80, 0x29, 0x67,
    0x92, 0x28, 0x06, 0xC1, 0x1F, 0x9F, 0x80, 0x94, 0x1C, 0x0E, 0xE5, 0x54, 0x05, 0x41, 0x70, 0xC8,
    0x9E, 0x73, 0x47, 0x94, 0x81, 0xBD, 0x22, 0x79, 0x4D, 0x3F, 0x94, 0x16, 0xF5, 0x09, 0xE1, 0x34,
    0xFC, 0x50, 0x5B, 0x92, 0x27, 0x7C, 0xD1, 0xCB, 0x21, 0x6D, 0x50, 0x9D, 0xB3, 0x0E, 0x47, 0xC0,
    0x9D, 0x39, 0x21, 0x72, 0xBE, 0x28, 0xCC, 0x27, 0xC6, 0xB1, 0xE4, 0xF8, 0xE4, 0x1C, 0x5E, 0x3B,
    0x7D, 0xD2, 0x41, 0x20, 0x51, 0x48, 0x9D, 0x15, 0xEC, 0x02, 0x82, 0x44, 0xE7, 0xA8, 0x06, 0xA4,
    0x09, 0xFA, 0x13, 0xA2, 0xA0, 0x11, 0x9C, 0xDC, 0x9D, 0x16, 0xEC, 0x02, 0x72, 0x81, 0xCF, 0x91,
    0xD9, 0x3E, 0x09, 0xCF, 0x81, 0x36, 0xA2, 0x7D, 0xF9, 0xD8, 0xBC, 0x9E, 0x3F, 0x13, 0xA3, 0xC7,
    0x5F, 0xC8, 0x22, 0x64, 0x9E, 0x2C, 0xA7, 0x83, 0x69, 0xDE, 0xFA, 0x77, 0x32, 0x9D, 0xAF, 0x89,
    0xAB, 0xE0, 0x53, 0xC9, 0x3B, 0x68, 0x75, 0x3D, 0xB5, 0xC6, 0xE9, 0x7A, 0xB1, 0xD4, 0x78, 0x9D,
    0x7A, 0x0D, 0xBA, 0x42, 0x65, 0xB8, 0x38, 0xA7, 0x46, 0x13, 0x1E, 0x13, 0xA7, 0x41, 0xB7, 0xD0,
    0x4C, 0x59, 0x4E, 0x8D, 0x06, 0xE3, 0x21, 0x30, 0x5C, 0x1D, 0x33, 0x89, 0x9D, 0x2B, 0xE4, 0x66,
    0xF8, 0x12, 0xE6, 0x13, 0xCF, 0x93, 0xBF, 0xE7, 0x4A, 0xB4, 0xE8, 0x4B, 0xB4, 0x51, 0x7C, 0xE4,
    0x49, 0xD1, 0xF8, 0xF3, 0x28, 0x25, 0xDC, 0x8E, 0x02, 0x62, 0x5E, 0xA0, 0x3E, 0x24, 0x25, 0xCA,
    0x03, 0xDE, 0x42, 0x5A, 0xB0, 0xDD, 0xA8, 0x73, 0xDA, 0xE6, 0xC4, 0xAF, 0xF0, 0x23, 0xDA, 0x44,
    0x4F, 0x6F, 0x83, 0x9B, 0x64, 0xF5, 0xF8, 0x38, 0x2A, 0x74, 0x5D, 0x27, 0x33, 0xE9, 0xCC, 0xFA,
    0x73, 0x3E, 0x9C, 0xCF, 0x81, 0x1B, 0xF2, 0x20, 0x47, 0x7C, 0x9E, 0xBF, 0x4E, 0x46, 0x0F, 0xB5,
    0x44, 0xE3, 0x7C, 0xFB, 0x1F, 0x4E, 0x2F, 0xD3, 0x8B, 0xF4, 0xE2, 0xFD, 0x38, 0xBF, 0x4E, 0x2F,
    0xC1, 0x3F, 0xF0, 0x2C, 0x4D, 0x38, 0xBC, 0x17, 0x94, 0x93, 0x8B, 0xA3, 0xAA, 0xF5, 0x38, 0xBF,
    0x4E, 0x2F, 0xD3, 0x8B, 0xF4, 0xE2, 0xFC, 0xEA, 0xDF, 0x0E, 0x6F, 0xC1, 0xCB, 0x33, 0xAB, 0x7C,
    0x7D, 0x1F, 0x4E, 0x4D, 0x2C, 0xF1, 0xF4, 0xE5, 0x64, 0x4C, 0x9E, 0x4E, 0x67, 0xD3, 0x99, 0xF4,
    0xE6, 0x7D, 0x39, 0x9F, 0x4E, 0x67, 0xC0, 0x99, 0x78, 0xF9, 0x3C, 0x7E, 0x4F, 0x1C, 0x27, 0x43,
    0x44, 0xF1, 0xEA, 0x74, 0xBE, 0x9D, 0x2F, 0xA7, 0x4B, 0xE9, 0xD2, 0xFA, 0x74, 0xBE, 0x26, 0xDF,
    0x82, 0x7F, 0xE0, 0x52, 0xB8, 0x9B, 0x7E, 0x26, 0xDF, 0x38, 0x8A, 0xE7, 0x56, 0xD2, 0x73, 0xFE,
    0x9C, 0xFF, 0xA7, 0x3F, 0xE9, 0xCF, 0xFA, 0x73, 0xFE, 0x9C, 0xFF, 0xA7, 0x3F, 0xE2, 0x7D, 0xF8,
    0x2D, 0xBF, 0x67, 0x8F, 0x89, 0xEF, 0x91, 0xA4, 0xE7, 0xFD, 0x39, 0xFF, 0x4E, 0x7F, 0xD3, 0x9F,
    0xF4, 0xE7, 0xFD, 0x39, 0xFF, 0x4E, 0x7F, 0xD3, 0x9F, 0xF1, 0x42, 0x7C, 0x0A, 0x57, 0x4E, 0x7F,
    0xC3, 0xE9, 0xFC, 0xD4, 0x38, 0x50, 0x72, 0x95, 0x27, 0x3A, 0xF6, 0x78, 0xEA, 0x73, 0xFE, 0x1F,
    0x6F, 0xA7, 0x3F, 0xE9, 0xCF, 0xFA, 0x73, 0xFE, 0x9C, 0xFF, 0xA7, 0x3F, 0xE0, 0x55, 0xD4, 0x74,
    0x35, 0x5F, 0x62, 0xB7, 0xD0, 0x29, 0x94, 0xE7, 0xFD, 0x39, 0xFF, 0x4E, 0x7F, 0xD3, 0x9F, 0xF4,
    0xE7, 0xFD, 0x39, 0xFF, 0x4E, 0x7F, 0xD3, 0x9F, 0xF4, 0xE7, 0xFD, 0x39, 0xFF, 0x4E, 0x7F, 0xD3,
    0x9F, 0xF4, 0xE7, 0xFC, 0x10, 0x7D, 0x0E, 0xFF, 0xD3, 0x9D, 0xE6, 0x1F, 0x75, 0x39, 0xDF, 0x4E,
    0x77, 0xC4, 0xEF, 0xF4, 0xE7, 0x7C, 0x4E, 0xFF, 0x0E, 0xBF, 0xE3, 0xA2, 0x77, 0xFA, 0x73, 0xB0,
    0x6B, 0xF9, 0xA7, 0x3B, 0xE9, 0xCE, 0xFA, 0x73, 0xBE, 0x9C, 0xEF, 0xA7, 0x3B, 0xE9, 0xCE, 0xFA,
    0x73, 0xBE, 0x1C, 0x0D, 0xC7, 0x46, 0xC7, 0xF4, 0xE7, 0x7D, 0x26, 0x98, 0x8D, 0x27, 0x3F, 0xE9,
    0xCF, 0xE3, 0x15, 0xAC, 0x9C, 0xFF, 0xA7, 0x3F, 0xE9, 0xCF, 0xFA, 0x73, 0xFE, 0x80, 0x9F, 0x81,
    0x4F, 0x11, 0xA1, 0x3C, 0x7D, 0x39, 0xFF, 0x4E, 0x7C, 0xA5, 0x49, 0xCF, 0xFA, 0x73, 0xFE, 0x9C,
    0xFF, 0xA7, 0x3F, 0xE9, 0xCF, 0xFA, 0x73, 0xFE, 0x9C, 0xFF, 0x81, 0x3B, 0x29, 0xCF, 0xF8, 0xC6,
    0x36, 0x9C, 0xEB, 0x20, 0x1A, 0xA9, 0xCE, 0xFA, 0x73, 0xBE, 0x9C, 0xEF, 0xA7, 0x3B, 0xE9, 0xCE,
    0xF9, 0x13, 0xFE, 0x04, 0x8C, 0x03, 0xAF, 0xE4, 0xDE, 0xFA, 0x73, 0xBF, 0x67, 0x8C, 0x27, 0x3F,
    0xE9, 0xCF, 0xFA, 0x73, 0xFE, 0x9C, 0xFF, 0x81, 0x07, 0x20, 0x40, 0x99, 0x35, 0xBE, 0x9C, 0xDF,
    0xBA, 0x87, 0xE9, 0xCD, 0xD1, 0x11, 0xA8, 0x9C, 0xDF, 0xA7, 0x37, 0xE9, 0xCD, 0xFA, 0x73, 0x7E,
    0x04, 0x5D, 0x82, 0x17, 0xE4, 0xD5, 0xFA, 0x72, 0xF0, 0x34, 0x09, 0xA7, 0x2F, 0xE9, 0xCB, 0xFA,
    0x72, 0xFE, 0x9C, 0xBF, 0xA7, 0x2F, 0xE9, 0xCB, 0xFA, 0x72, 0xFE, 0x4D, 0x7F, 0x81, 0x62, 0x87,
    0xC9, 0xF0, 0x97, 0xAA, 0x9C, 0x8C, 0x90, 0xEA, 0x89, 0xC8, 0xFA, 0x72, 0x3E, 0x9C, 0x8F, 0xA7,
    0x23, 0xE9, 0xC8, 0xF8, 0x6F, 0xBE, 0x0E, 0x4F, 0xA7, 0x1B, 0xE3, 0x78, 0x92, 0x71, 0xBE, 0x9C,
    0x6F, 0xA7, 0x1B, 0xE9, 0xC6, 0xFA, 0x71, 0xBE, 0x9C, 0x6F, 0xA7, 0x1B, 0xE6, 0x9B, 0xA0, 0x12,
    0x66, 0x04, 0x7F, 0xBA, 0x8F, 0x09, 0xC4, 0xFB, 0x31, 0x70, 0x9C, 0x4F, 0xA7, 0x13, 0xE9, 0xC4,
    0xFA, 0x71, 0x3E, 0x9C, 0x4F, 0xA7, 0x13, 0xE0, 0x9A, 0xF8, 0x4E, 0x7E, 0x25, 0xDF, 0xA7, 0x0B,
    0xE9, 0xC2, 0xD8, 0xAD, 0x66, 0x9C, 0x3F, 0xA7, 0x0F, 0xE9, 0xC3, 0xFA, 0x70, 0xFE, 0x9C, 0x3F,
    0xA7, 0x0F, 0xE9, 0xC3, 0xFA, 0x70, 0xFE, 0x75, 0x8F, 0x89, 0xDB, 0x89, 0xC3, 0xFA, 0x70, 0xF4,
    0x9C, 0x2F, 0xA7, 0x0B, 0xE9, 0xC2, 0xFA, 0x70, 0xBE, 0x9C, 0x2F, 0xA7, 0x0B, 0xE9, 0xC2, 0xFA,
    0x70, 0xBE, 0x28, 0x4F, 0xD9, 0xE3, 0x44, 0xDE, 0xFA, 0x6F, 0xBE, 0x9B, 0xEF, 0x59, 0x41, 0x75,
    0x4B, 0x58, 0xA0, 0x30, 0x9B, 0xED, 0x57, 0x39, 0xE9, 0x25, 0x92, 0x70, 0x2C, 0x9B, 0xEB, 0xA6,
    0xF3, 0x29, 0xBA, 0xBA, 0x6E, 0x3E, 0x36, 0x1E, 0xA6, 0xE3, 0xE7, 0x5B, 0xE8, 0x7B, 0xF2, 0x4C,
    0xF9, 0x26, 0xD3, 0x04, 0xCF, 0xC2, 0x6C, 0x2C, 0x9A, 0xEC, 0xA6, 0xB3, 0xE9, 0xAC, 0xFA, 0x6B,
    0x3E, 0x74, 0x79, 0x4E, 0x93, 0x59, 0x6E, 0x85, 0x7F, 0xAE, 0x9A, 0xCF, 0x93, 0x06, 0x9D, 0x54,
    0xF2, 0x48, 0x98, 0x35, 0xEA, 0x28, 0x92, 0x44, 0xC1, 0xA8, 0x1E, 0xE6, 0x4C, 0x1B, 0xF2, 0xAB,
    0xFD, 0x12, 0x60, 0xE3, 0x93, 0x5F, 0xE8, 0x26, 0xB7, 0xE1, 0x13, 0xFA, 0x6B, 0x7E, 0x9A, 0xDB,
    0x47, 0x8B, 0x25, 0x6E, 0x6D, 0x7F, 0xA6, 0x9A, 0xEE, 0x1D, 0x12, 0xFD, 0x94, 0xF2, 0xC9, 0x35,
    0xD9, 0xEE, 0x26, 0x9E, 0x49, 0xAE, 0xC8, 0x12, 0xE6, 0x9A, 0xED, 0xF1, 0xEB, 0xFC, 0xE4, 0xD7,
    0x6B, 0x83, 0x5F, 0xE4, 0x26, 0xBB, 0xE1, 0xD0, 0xF9, 0x1F, 0xBE, 0x9A, 0xEF, 0xA6, 0xBB, 0x05,
    0x5B, 0xB2, 0x6B, 0xAA, 0x9A, 0xDB, 0x04, 0x3A, 0x7E, 0x20, 0x87, 0x61, 0x35, 0xBE, 0x02, 0xA4,
    0xBC, 0x69, 0xAF, 0xCA, 0x90, 0xA5, 0xD9, 0x4D, 0x8E, 0xEB, 0x9C, 0x6A, 0xFF, 0x35, 0x36, 0x7D,
    0xAE, 0x70, 0xAB, 0xFC, 0x94, 0xDA, 0xE4, 0x15, 0xB4, 0x4D, 0xBF, 0xC3, 0x79, 0xB2, 0xF7, 0x61,
    0x36, 0xFF, 0x4D, 0xBD, 0xA5, 0xC9, 0xB7, 0xCA, 0xB2, 0x25, 0xDE, 0x4D, 0xCF, 0xCE, 0xAD, 0x64,
    0x84, 0x49, 0x55, 0x72, 0xF2, 0x26, 0xEF, 0x20, 0x15, 0x9A, 0x6F, 0x76, 0x04, 0x3A, 0x26, 0xFF,
    0x80, 0x53, 0xA2, 0x70, 0x70, 0x06, 0x3B, 0x27, 0x0F, 0xE0, 0xB1, 0xF8, 0x16, 0x74, 0x27, 0xEF,
    0xA7, 0x0F, 0xE9, 0xC3, 0xE9, 0xFE, 0xE6, 0x06, 0x09, 0x02, 0x7A, 0x47, 0x56, 0xF8, 0x2D, 0x2E,
    0x0B, 0x3B, 0x27, 0x22, 0xCA, 0xFC, 0x97, 0x89, 0x39, 0x5B, 0x0A, 0xBD, 0x13, 0x99, 0xEA, 0xE7,
    0x12, 0xBF, 0xCB, 0x4E, 0x76, 0x6B, 0x9C, 0x3A, 0xFF, 0x29, 0x3A, 0x1F, 0x13, 0xBF, 0xCD, 0xFF,
    0x90, 0xB1, 0xCF, 0x9D, 0x0A, 0x23, 0x0F, 0x53, 0xA9, 0xF0, 0xB3, 0x5C, 0x0A, 0xD6, 0x4E, 0xCF,
    0xC2, 0xD1, 0x5C, 0xB1, 0x1A, 0x6E, 0x10, 0xEA, 0x05, 0xAA, 0x74, 0x62, 0x36, 0xDD, 0x3B, 0xB5,
    0x0B, 0x6D, 0x07, 0x11, 0x32, 0x39, 0xE1, 0x3B, 0xF5, 0x0B, 0x8D, 0x30, 0x24, 0x78, 0xB8, 0x45,
    0x68, 0x17, 0x39, 0xC4, 0xC0, 0xBF, 0x73, 0xAF, 0x7C, 0xEB, 0xDF, 0x28, 0x07, 0xD3, 0xBF, 0xF0,
    0x30, 0x61, 0x3B, 0xDF, 0x13, 0xEE, 0x47, 0xAB, 0x31, 0xCE, 0x4C, 0x5B, 0xF4, 0x3A, 0xCC, 0xA6,
    0x95, 0xF9, 0xD0, 0x48, 0x24, 0x2D, 0xDA, 0x27, 0x92, 0x82, 0xD8, 0xB2, 0x79, 0x6C, 0x2D, 0x4A,
    0x27, 0x9A, 0x84, 0x70, 0xF8, 0x2A, 0xFC, 0x51, 0x1C, 0x41, 0x93, 0xD1, 0xF2, 0x88, 0x7D, 0x3D,
    0x18, 0x3A, 0xF5, 0x53, 0xD1, 0xF4, 0xF4, 0x7D, 0x3D, 0x1F, 0x4F, 0x47, 0xC0, 0x8D, 0xF8, 0xF8,
    0x81, 0x7F, 0x43, 0x94, 0x51, 0x3E, 0x74, 0x5F, 0xFD, 0x1E, 0x43, 0x64, 0x83, 0xD2, 0x3E, 0x85,
    0x17, 0xFA, 0x7B, 0x6C, 0x09, 0xDA, 0x2E, 0xEA, 0xC7, 0x6D, 0xFA, 0x7B, 0xBE, 0x9E, 0xEF, 0xA7,
    0xBB, 0xE9, 0xEE, 0xFA, 0x7B, 0xBE, 0x51, 0x6F, 0xAB, 0x5B, 0xC9, 0xEE, 0xE1, 0xDD, 0xB0, 0x77,
    0x5F, 0xA7, 0xBB, 0xE9, 0xEE, 0xFA, 0x7B, 0xBE, 0x77, 0x6F, 0xA7, 0xBB, 0xE1, 0xF8, 0xFA, 0xDA,
    0x34, 0x9E, 0xAD, 0xC6, 0x93, 0xD5, 0xB4, 0xF4, 0xE5, 0x3C, 0xFF, 0x4F, 0x3F, 0xD3, 0xCF, 0xF4,
    0xF3, 0xFD, 0x3C, 0xFF, 0x36, 0x67, 0xC1, 0x17, 0x42, 0x88, 0x7D, 0x3C, 0x7A, 0x28, 0x76, 0x53,
    0xC3, 0xF4, 0xF0, 0xFD, 0x3C, 0x3F, 0x4F, 0x0F, 0xD3, 0xC3, 0xF1, 0x45, 0xFC, 0x12, 0x5F, 0x62,
    0x7D, 0xE8, 0x72, 0xF1, 0x46, 0x4E, 0x8F, 0x20, 0x14, 0x6F, 0xC5, 0x1B, 0xA9, 0x52, 0x78, 0xFA,
    0xE7, 0x3B, 0x27, 0x93, 0xE9, 0xE4, 0xFA, 0x79, 0x3E, 0x9E, 0x4F, 0xA7, 0x93, 0xE9, 0xE4, 0xFA,
    0x79, 0x3E, 0x29, 0x1F, 0x82, 0xCF, 0xF2, 0x71, 0x45, 0xF2, 0x74, 0x9E, 0x4F, 0xA7, 0x93, 0xE9,
    0xE4, 0xFA, 0x79, 0x3E, 0x9E, 0x4F, 0xA7, 0x93, 0xE9, 0xE4, 0xFA, 0x79, 0x3E, 0x28, 0x5F, 0x81,
    0x4A, 0xE2, 0x85, 0xF8, 0x7A, 0xFE, 0x9E, 0x4A, 0x2F, 0x62, 0x80, 0x5D, 0xC2, 0x78, 0xFE, 0x9E,
    0x3F, 0xA7, 0x8F, 0xE9, 0xE3, 0xFA, 0x78, 0xFE, 0x9E, 0x3F, 0x94, 0x57, 0xEE, 0xCE, 0xFB, 0x1C,
    0x3E, 0x9E, 0x3D, 0x94, 0x4E, 0xA9, 0xE3, 0xFA, 0x78, 0xFE, 0x9E, 0x3F, 0xA7, 0x8F, 0xE9, 0xE3,
    0xFA, 0x78, 0xFE, 0x9E, 0x3F, 0x89, 0xD7, 0xE9, 0xE3, 0xFA, 0x78, 0xFE, 0x9E, 0x3F, 0xA7, 0x8F,
    0xE9, 0xE3, 0xF8, 0x20, 0xF8, 0x1D, 0xFF, 0xB4, 0xCA, 0xC9, 0xE4, 0xCB, 0x17, 0x7A, 0x9E, 0x4F,
    0xA7, 0x93, 0xE2, 0x6D, 0xFA, 0x79, 0x3E, 0x26, 0xDF, 0x87, 0x6B, 0xEC, 0x5C, 0xFA, 0x79, 0x33,
    0x2A, 0x4F, 0x27, 0xD3, 0xC9, 0xF4, 0xF2, 0x7D, 0x3C, 0x9F, 0x4F, 0x27, 0xD3, 0xC9, 0xF4, 0xF2,
    0x7C, 0x38, 0x1E, 0x6A, 0x47, 0xD3, 0xC9, 0xF3, 0x1A, 0x50, 0x2D, 0x55, 0x4F, 0x1F, 0xD3, 0xC7,
    0xA6, 0x33, 0xD9, 0x3C, 0x7F, 0x4F, 0x1F, 0xD3, 0xC7, 0xF4, 0xF1, 0xFD, 0x04, 0x9F, 0x02, 0x96,
    0x4A, 0x0D, 0xF4, 0xF1, 0xFD, 0x3C, 0x72, 0x8D, 0x27, 0x8F, 0xE9, 0xE3, 0xFA, 0x78, 0xFE, 0x9E,
    0x3F, 0xA7, 0x8F, 0xE9, 0xE3, 0xFA, 0x78, 0xFE, 0x0E, 0xEE, 0xA7, 0x8F, 0xCA, 0x7E, 0xA9, 0x52,
    0x28, 0x9E, 0x4B, 0x20, 0x9A, 0xA9, 0xE4, 0xFA, 0x79, 0x3E, 0x9E, 0x4F, 0xA7, 0x93, 0xE9, 0xE4,
    0xF9, 0x12, 0xFE, 0x44, 0xBF, 0xA7, 0x93, 0xE9, 0xE4, 0xFA, 0x79, 0x30, 0x9E, 0x3F, 0xA7, 0x8F,
    0xE9, 0xE3, 0xFA, 0x78, 0xFE, 0x04, 0x0F, 0x93, 0x4F, 0xC9, 0xE5, 0xFA, 0x79, 0x6A, 0xEB, 0xDF,
    0xA7, 0x96, 0xE4, 0x3D, 0xA2, 0x79, 0x7E, 0x9E, 0x5F, 0xA7, 0x97, 0xE9, 0xE5, 0xF8, 0x11, 0xFE,
    0x08, 0x8F, 0xA7, 0x9F, 0xE9, 0xE7, 0xC1, 0x73, 0xE6, 0x4D, 0x09, 0x9C, 0xD6, 0xA9, 0xE8, 0xFA,
    0x7A, 0x3E, 0x9E, 0x8F, 0xA7, 0xA3, 0xE9, 0xE8, 0xFA, 0x7A, 0x3E, 0x9E, 0x8F, 0x81, 0x6F, 0xF1,
    0xD3, 0xFD, 0xF9, 0xD8, 0x35, 0x4F, 0x56, 0x48, 0x87, 0x44, 0xF5, 0x7D, 0x3D, 0x5F, 0x4F, 0x57,
    0xD3, 0xD5, 0xF4, 0xF5, 0x7C, 0x38, 0xBF, 0x62, 0x57, 0x13, 0xD9, 0xF4, 0xF6, 0x5E, 0x34, 0x9E,
    0xCF, 0xA7, 0xB3, 0xE9, 0xEC, 0xFA, 0x7B, 0x3E, 0x9E, 0xCF, 0xA7, 0xB3, 0xE9, 0xEC, 0xF9, 0xDC,
    0xBE, 0x9E, 0xEF, 0x9D, 0xBA, 0xC8, 0xD1, 0x92, 0xD4, 0xEC, 0x9E, 0xFE, 0xAE, 0xB6, 0xA9, 0xEF,
    0xFA, 0x7B, 0xFE, 0x9E, 0xFF, 0xA7, 0xBF, 0xE9, 0xEF, 0xFA, 0x7B, 0xFE, 0x9E, 0xFF, 0xA7, 0xBF,
    0xE2, 0x69, 0xFA, 0x7B, 0xFE, 0x9E, 0xFC, 0x27, 0xBB, 0xE9, 0xEE, 0xFA, 0x7B, 0xBE, 0x9E, 0xEF,
    0xA7, 0xBB, 0xE9, 0xEE, 0xFA, 0x7B, 0xBE, 0x9E, 0xEF, 0xA7, 0xBB, 0xEA, 0xAB, 0xCA, 0x7B, 0x3E,
    0x9E, 0xCF, 0xA7, 0xB3, 0xE9, 0xEC, 0xFA, 0x7B, 0x3E, 0x9E, 0xCF, 0xA7, 0xB3, 0xE9, 0xEC, 0xFA,
    0x7B, 0x3E, 0x9E, 0xCF, 0xAF, 0xA7, 0xE2, 0x8A, 0xFA, 0x7B, 0xBE, 0x9E, 0xED, 0x88, 0x0A, 0xDD,
    0xF1, 0xBD, 0xD3, 0xC8, 0x37, 0xBC, 0x27, 0xBF, 0x49, 0xED, 0xBA, 0x09, 0xE5, 0xE0, 0x4F, 0x7D,
    0xD1, 0x1B, 0x2E, 0xE2, 0x7C, 0x73, 0x5C, 0xEB, 0x1F, 0x3E, 0x49, 0xF3, 0xB1, 0xFA, 0x25, 0xDE,
    0x4F, 0xAF, 0xC2, 0xC3, 0xF4, 0xFA, 0xFC, 0xED, 0x17, 0xAE, 0x78, 0x6B, 0xFE, 0x64, 0xFB, 0xE8,
    0x65, 0x14, 0xAE, 0x79, 0x6B, 0xFE, 0xA4, 0xFC, 0xE4, 0x02, 0x13, 0x27, 0x3D, 0xC0, 0x83, 0x44,
    0xFE, 0xDA, 0xB9, 0xD1, 0x43, 0x6C, 0x93, 0xFF, 0x8A, 0xE7, 0x4E, 0xBF, 0xD8, 0x50, 0x0F, 0xD4,
    0x03, 0xF5, 0x00, 0xFC, 0xEB, 0x72, 0x8D, 0x28, 0x06, 0xDD, 0xDA, 0xFF, 0x89, 0x40, 0x3F, 0x26,
    0xFD, 0x3C, 0x95, 0xFF, 0x49, 0x37, 0xED, 0xE3, 0xAF, 0xFA, 0x09, 0xBF, 0x60, 0x44, 0xCC, 0x9B,
    0xF7, 0xE9, 0x57, 0xFA, 0xE4, 0xDF, 0xBA, 0x2D, 0x28, 0xA0, 0x0F, 0xB9, 0xEF, 0x8A, 0x00, 0xFA,
    0x80, 0x2C, 0x75, 0x1A, 0x82, 0x86, 0x69, 0xFF, 0xD9, 0xD5, 0x6F, 0xE2, 0xAF, 0xF9, 0xD3, 0xFF,
    0xA0, 0x46, 0x4D, 0x3F, 0xF9, 0xEF, 0xA2, 0x6E, 0x49, 0xFF, 0xDF, 0x56, 0xBF, 0xDA, 0x4F, 0xFE,
    0xBA, 0x15, 0xFE, 0xAA, 0x7F, 0xFE, 0x1E, 0x0F, 0xA7, 0xFF, 0xE9, 0xFF, 0xFA, 0x7F, 0xF0, 0x17,
    0xEB, 0xA7, 0xFF, 0x61, 0x1E, 0x9F, 0x80, 0x93, 0x5C, 0x4F, 0xFE, 0x93, 0xFB, 0x94, 0xFD, 0xED,
    0x3F, 0x3D, 0x4F, 0xBE, 0x53, 0xEB, 0xF1, 0x41, 0x7D, 0x3E, 0xBF, 0x4F, 0xAF, 0x23, 0xC8, 0xD9,
    0x99, 0x12, 0xE6, 0x3B, 0xBB, 0xA7, 0xD3, 0x87, 0x69, 0xAA, 0x47, 0x64, 0x9F, 0x2C, 0xA7, 0xC3,
    0x69, 0xEE, 0xEA, 0x7B, 0x32, 0x9E, 0xAF, 0x82, 0x73, 0xE3, 0xC1, 0xC8, 0x9E, 0x7E, 0x75, 0xCF,
    0xA7, 0xAB, 0xE4, 0xE3, 0xFA, 0x79, 0xFA, 0x9E, 0x5C, 0xA7, 0x8F, 0x69, 0xE1, 0xFA, 0x77, 0xF2,
    0x9D, 0xDF, 0x89, 0x9B, 0xE4, 0x5D, 0xD1, 0x3A, 0x26, 0x9D, 0x9F, 0xA7, 0x67, 0x49, 0xD4, 0xF8,
    0x38, 0x65, 0x96, 0x13, 0x26, 0x01, 0xC7, 0x3A, 0x30, 0x98, 0xB0, 0x9D, 0x0A, 0x0D, 0xAA, 0x82,
    0x61, 0xCA, 0x73, 0xA8, 0x36, 0xC9, 0x09, 0x7E, 0xE0, 0xEA, 0x9C, 0x4C, 0xE8, 0x9F, 0x23, 0x0F,
    0xC8, 0xC3, 0xF2, 0x75, 0x7D, 0x39, 0xDF, 0x07, 0xA5, 0x0C, 0xF7, 0x54, 0xE7, 0xFC, 0x4B, 0xB9,
    0x1B, 0xD4, 0xD8, 0x99, 0x5A, 0xFB, 0x13, 0x2D, 0x15, 0x62, 0x66, 0x06, 0xE1, 0x33, 0x9C, 0x57,
    0x36, 0x25, 0x7F, 0x95, 0xF3, 0x04, 0xF1, 0xFA, 0x71, 0x7E, 0x4F, 0x0F, 0xA7, 0x16, 0xA7, 0x40,
    0xAA, 0x71, 0x7E, 0x9C, 0x5F, 0xA7, 0x17, 0xE9, 0xC5, 0xF8, 0x11, 0xBE, 0x66, 0x5F, 0x93, 0xC3,
    0xE9, 0xC0, 0xC9, 0xF5, 0x68, 0x9B, 0xFF, 0x9F, 0x4F, 0xE9, 0xBF, 0xFA, 0x6F, 0xFE, 0x9B, 0xFF,
    0xA6, 0xFF, 0xE9, 0xBF, 0xF8, 0x27, 0xFE, 0x05, 0x89, 0xA6, 0xFF, 0x91, 0xE5, 0x04, 0xD9, 0x38,
    0x17, 0x3A, 0x8F, 0x53, 0x81, 0xF4, 0xE0, 0x7D, 0x38, 0x1F, 0x4E, 0x07, 0xCE, 0xA5, 0xF0, 0xE7,
    0x7D, 0x38, 0x16, 0x13, 0x3F, 0xC7, 0xCF, 0xC4, 0xE2, 0x78, 0x4C, 0xBE, 0x4E, 0x37, 0xD3, 0x8D,
    0xF4, 0xE3, 0x7D, 0x38, 0xDF, 0x4E, 0x37, 0xD2, 0xF3, 0xC2, 0x76, 0x7C, 0xE9, 0x79, 0x4E, 0x55,
    0x49, 0xD7, 0xD4, 0xE6, 0x7D, 0x39, 0x9F, 0x4E, 0x67, 0xD3, 0x99, 0xF4, 0xE6, 0x7C, 0x4D, 0xBF,
    0x04, 0xF7, 0xC0, 0xA5, 0x71, 0x36, 0xFC, 0x4D, 0xBE, 0x9D, 0x27, 0x2B, 0xE9, 0xCA, 0xFA, 0x72,
    0xBE, 0x9C, 0xAF, 0xA7, 0x2B, 0xE9, 0xCA, 0xFA, 0x72, 0xBE, 0x9C, 0xAF, 0x89, 0xFB, 0xE0, 0xB7,
    0xFA, 0x72, 0xBE, 0x27, 0xC9, 0x46, 0x93, 0x95, 0xF4, 0xE5, 0x7D, 0x39, 0x5F, 0x4E, 0x57, 0xD3,
    0x95, 0xF4, 0xE5, 0x7D, 0x39, 0x5F, 0x4E, 0x57, 0xC5, 0x0B, 0xF4, 0xE5, 0x7D, 0x39, 0x5F, 0x4E,
    0x57, 0x25, 0x49, 0xCA, 0xBD, 0x9E, 0x52, 0x9C, 0xBF, 0x87, 0xDF, 0xE9, 0xCB, 0xFA, 0x72, 0xFE,
    0x9C, 0xBF, 0xA7, 0x2F, 0xE9, 0xCB, 0xF8, 0x15, 0x75, 0x29, 0x0D, 0x57, 0xD8, 0xA7, 0xF6, 0x28,
    0x69, 0x39, 0x7F, 0x4E, 0x5F, 0xD3, 0x97, 0xF4, 0xE5, 0xFD, 0x39, 0x7F, 0x4E, 0x5F, 0xD3, 0x97,
    0xF1, 0x40, 0xFD, 0x39, 0x7F, 0x4E, 0x5F, 0xD3, 0x97, 0xF4, 0xE5, 0xFD, 0x39, 0x7F, 0x04, 0x1F,
    0x03, 0xC1, 0xF4, 0xE5, 0x79, 0x87, 0x3D, 0x4E, 0x57, 0xD3, 0x95, 0xF1, 0x3B, 0xFD, 0x39, 0x5F,
    0x13, 0xBF, 0xC3, 0xB1, 0xF9, 0x48, 0x9D, 0xFE, 0x9C, 0xAC, 0x1A, 0xF2, 0x69, 0xCA, 0xFA, 0x72,
    0xBE, 0x9C, 0xAF, 0xA7, 0x2B, 0xE9, 0xCA, 0xFA, 0x72, 0xBE, 0x9C, 0xAF, 0x87, 0x03, 0x72, 0x91,
    0xB2, 0x7D, 0x39, 0x5F, 0x49, 0x86, 0x25, 0x69, 0xCB, 0xFA, 0x72, 0xF8, 0xC5, 0x1B, 0x27, 0x2F,
    0xE9, 0xCB, 0xFA, 0x72, 0xFE, 0x9C, 0xBF, 0xA0, 0x17, 0xE0, 0x53, 0xC4, 0xAC, 0x4F, 0x3F, 0x4E,
    0x5F, 0xD3, 0x97, 0x29, 0x52, 0x72, 0xFE, 0x9C, 0xBF, 0xA7, 0x2F, 0xE9, 0xCB, 0xFA, 0x72, 0xFE,
    0x9C, 0xBF, 0xA7, 0x2F, 0xE0, 0x4E, 0xCA, 0x72, 0xFE, 0x31, 0x9D, 0xA7, 0x2A, 0xC8, 0x01, 0xAA,
    0x72, 0xBE, 0x9C, 0xAF, 0xA7, 0x2B, 0xE9, 0xCA, 0xFA, 0x72, 0xBE, 0x45, 0x0F, 0x81, 0x23, 0x00,
    0xEB, 0xF9, 0x37, 0xFE, 0x9C, 0xAB, 0x97, 0x5A, 0x42, 0xB9, 0xDA, 0x72, 0xFF, 0xD6, 0x04, 0xD5,
    0xD3, 0x97, 0xF4, 0xE5, 0xFC, 0x08, 0x3F, 0x04, 0x55, 0x09, 0xB3, 0xF0, 0x6C, 0x4C, 0x12, 0x57,
    0x4E, 0x5D, 0x63, 0xD6, 0x72, 0x6D, 0xFD, 0x39, 0x97, 0x22, 0x4D, 0x13, 0x99, 0xF4, 0xE6, 0x7D,
    0x39, 0x9F, 0x4E, 0x67, 0xC0, 0x91, 0xE9, 0x70, 0x22, 0xBE, 0x4D, 0xBF, 0xA7, 0x33, 0x03, 0x45,
    0x99, 0x37, 0x2E, 0x9C, 0xBF, 0xA7, 0x2F, 0xE9, 0xCB, 0xFA, 0x72, 0xFE, 0x9C, 0xBF, 0xA7, 0x2F,
    0xE9, 0xCB, 0xF8, 0x16, 0xBF, 0x2E, 0x3A, 0x66, 0x01, 0xAB, 0x21, 0x32, 0xE1, 0x0E, 0x93, 0x06,
    0x74, 0xC8, 0x85, 0x64, 0xE5, 0xFD, 0x39, 0x7F, 0x4E, 0x5F, 0xD3, 0x97, 0xF4, 0xE5, 0xFC, 0x70,
    0x99, 0x0E, 0x2F, 0xEC, 0xF2, 0xE0, 0x75, 0xFC, 0x1D, 0x7B, 0x30, 0x54, 0x83, 0x89, 0x31, 0xF2,
    0x55, 0x3A, 0x14, 0xB3, 0xCC, 0x13, 0xA3, 0xD0, 0x79, 0x58, 0x7D, 0x98, 0x4E, 0xAE, 0x92, 0x47,
    0x64, 0xEA, 0xD9, 0x24, 0x58, 0x4E, 0xB6, 0x12, 0x45, 0xA4, 0xEC, 0x59, 0x24, 0x16, 0x4E, 0xC5,
    0x83, 0xA3, 0xF3, 0x5A, 0x6E, 0x60, 0x26, 0xEF, 0x9D, 0x4A, 0xC9, 0x1C, 0xBA, 0x76, 0x2C, 0x58,
    0x7B, 0xA7, 0x5F, 0xC1, 0xD8, 0xBA, 0x76, 0x2E, 0x1D, 0x8B, 0xA7, 0x67, 0x21, 0xD9, 0xCA, 0x76,
    0xF6, 0x1D, 0xCB, 0xA7, 0x6E, 0xE1, 0xDC, 0xF8, 0xC6, 0x3E, 0x05, 0x6C, 0x05, 0x53, 0xE2, 0x7D,
    0xD4, 0x18, 0x9E, 0xFE, 0xB2, 0xD3, 0x26, 0xC9, 0xE0, 0xA0, 0x2E, 0x2C, 0x9E, 0x0F, 0xA7, 0x83,
    0xC3, 0x2C, 0xCA, 0x78, 0x3E, 0x9E, 0x0F, 0xA7, 0x83, 0xE9, 0xE0, 0xFA, 0x78, 0x3E, 0x9E, 0x0F,
    0x87, 0x07, 0x40, 0xC4, 0xE8, 0x47, 0xE7, 0xCE, 0x85, 0x04, 0x6F, 0xA9, 0xE6, 0xFD, 0x9E, 0x66,
    0x17, 0x2B, 0x81, 0x6E, 0xC9, 0xEA, 0xFA, 0x7A, 0xAE, 0x20, 0xFB, 0x27, 0xAB, 0x42, 0x13, 0xB2,
    0x7A, 0xB8, 0x21, 0x8C, 0x27, 0xAB, 0x82, 0x1D, 0xB2, 0x7A, 0xB4, 0x05, 0xFB, 0x2D, 0x37, 0xE0,
    0x5E, 0xD4, 0xCC, 0xA0, 0xDF, 0x4F, 0x46, 0xB9, 0xCB, 0x4D, 0x91, 0x6F, 0x2E, 0x12, 0xBB, 0xD9,
    0x41, 0x85, 0x4B, 0x58, 0xAA, 0x30, 0x5B, 0xAC, 0x14, 0x06, 0x5C, 0xF4, 0xA7, 0x4A, 0xC5, 0xCD,
    0xBC, 0x9E, 0x2A, 0x95, 0x6E, 0x6C, 0xB0, 0xF1, 0x54, 0xA5, 0x84, 0x92, 0x67, 0x8A, 0xA5, 0x0B,
    0x9B, 0x59, 0x27, 0xB5, 0x27, 0x41, 0x1A, 0x99, 0x1C, 0xBE, 0x04, 0x5A, 0x99, 0x5F, 0xED, 0xA3,
    0xB8, 0xAA, 0x72, 0xD9, 0xBC, 0x93, 0xE2, 0x53, 0x31, 0x07, 0x4C, 0x9E, 0xF4, 0x10, 0x5C, 0x89,
    0xEF, 0x29, 0x40, 0x81, 0xEA, 0x4F, 0x79, 0x48, 0xC4, 0x09, 0x32, 0x7B, 0x4A, 0x3E, 0x20, 0x09,
    0xD3, 0x22, 0xC9, 0xD5, 0xF8, 0xA5, 0x3A, 0xCB, 0x1F, 0xA7, 0x66, 0x83, 0x24, 0x9A, 0x76, 0x67,
    0xD0, 0xAF, 0xF5, 0xC5, 0x25, 0x90, 0x6E, 0xD9, 0x3B, 0x99, 0xEA, 0xA8, 0x52, 0x55, 0xF0, 0x6C,
    0xD6, 0xB9, 0xD4, 0x52, 0xAC, 0xA2, 0xA0, 0xD6, 0xA8, 0x21, 0x28, 0x29, 0x29, 0x83, 0x4E, 0xD5,
    0xCE, 0x55, 0x7F, 0xA2, 0x29, 0x19, 0x03, 0x3E, 0x95, 0xCE, 0x4D, 0x7F, 0xA0, 0x29, 0x0A, 0x07,
    0xBA, 0xE2, 0x90, 0xF8, 0x20, 0xE4, 0x12, 0x89, 0xA7, 0x8F, 0xE0, 0xC3, 0x98, 0xCC, 0x29, 0x35,
    0x06, 0x1D, 0x39, 0xB5, 0xFE, 0x98, 0xB7, 0x2C, 0x0C, 0x09, 0x9D, 0xE7, 0x3D, 0x95, 0x0D, 0xC8,
    0x5B, 0xB6, 0x28, 0x0D, 0x3B, 0x89, 0xDE, 0x90, 0xB7, 0xAC, 0x50, 0x2A, 0x01, 0x4A, 0x62, 0xDF,
    0xD1, 0x41, 0x29, 0xC7, 0xAF, 0xF3, 0x85, 0xC1, 0x72, 0x82, 0xD3, 0x83, 0x5F, 0xE4, 0x0B, 0x87,
    0x66, 0x79, 0xF8, 0x7B, 0xBF, 0x67, 0x9A, 0x87, 0xBB, 0xE2, 0xA4, 0xA0, 0x7A, 0xEE, 0x0A, 0xAB,
    0x06, 0x1E, 0x45, 0x9B, 0xB2, 0x7B, 0xF8, 0x12, 0x69, 0xF8, 0x82, 0x4D, 0x70, 0xC6, 0xFD, 0x3E,
    0x55, 0x03, 0x0C, 0xBC, 0x69, 0x58, 0xC8, 0x1A, 0x65, 0xD2, 0xAF, 0xF6, 0x52, 0xB7, 0xB0, 0x35,
    0x4B, 0x8D, 0x5F, 0xE6, 0xA5, 0x7B, 0xE0, 0x6B, 0x97, 0x0A, 0xBF, 0xC9, 0x4B, 0x0E, 0x40, 0xD7,
    0x20, 0x61, 0x4D, 0x2C, 0x9A, 0x4B, 0x07, 0xC0, 0xCB, 0x52, 0xFE, 0x7C, 0x3D, 0x98, 0x50, 0x3F,
    0x65, 0xC9, 0x68, 0xA8, 0xC1, 0x29, 0xD7, 0xAF, 0xF7, 0x82, 0x23, 0xF5, 0x05, 0xD8, 0xF5, 0x15,
    0x4A, 0xD4, 0x95, 0xFB, 0x2F, 0x20, 0x45, 0x2E, 0xA0, 0xE9, 0x80, 0x66, 0x61, 0x16, 0xBA, 0x84,
    0x6A, 0x04, 0xEA, 0x04, 0x67, 0x4A, 0x15, 0xA8, 0x18, 0x68, 0x11, 0xCB, 0x28, 0x62, 0x60, 0x74,
    0xB0, 0x47, 0xB0, 0x7A, 0xEF, 0x83, 0x37, 0xE0, 0x67, 0xA8, 0xAD, 0xB4, 0x06, 0x6B, 0xA8, 0x73,
    0xEA, 0x1C, 0xD0, 0x95, 0x6C, 0x0B, 0x29, 0x1E, 0xBB, 0xE0, 0xC9, 0xB8, 0x32, 0x3A, 0xB5, 0x59,
    0x78, 0x81, 0x8F, 0xB0, 0xBF, 0x50, 0x18, 0xDE, 0xAE, 0x71, 0x2B, 0xFC, 0xB0, 0x62, 0xE6, 0xB9,
    0xC3, 0xAF, 0xF2, 0x94, 0x53, 0xF5, 0x14, 0xFC, 0x30, 0xDD, 0x06, 0x17, 0xCC, 0x6D, 0x49, 0x50,
    0xC4, 0xAC, 0x9D, 0x79, 0x8F, 0x2A, 0x41, 0x8A, 0xA8, 0xC2, 0xFE, 0xA3, 0x3B, 0x86, 0x32, 0x83,
    0xC9, 0xB2, 0x8D, 0x6A, 0x18, 0xDA, 0x0F, 0x2E, 0xCA, 0x37, 0xB8, 0x63, 0xE8, 0x3C, 0xDD, 0x28,
    0xE6, 0xE1, 0x91, 0xA0, 0xF3, 0xEC, 0xA3, 0xBA, 0x86, 0x4A, 0x83, 0xD1, 0xC3, 0x26, 0xF0, 0x4D,
    0x2F, 0x8C, 0x3E, 0x42, 0xB0, 0xF8, 0x63, 0x64, 0x31, 0x6F, 0x32, 0x77, 0x0A, 0x94, 0xD2, 0x8F,
    0x7E, 0x5F, 0xBF, 0x8A, 0xDE, 0x44, 0x23, 0x98, 0xF9, 0xA6, 0x12, 0xAB, 0x57, 0x26, 0x95, 0xF9,
    0xD0, 0x4C, 0x64, 0x12, 0x9B, 0x2F, 0x82, 0x61, 0x24, 0xB8, 0xF7, 0x68, 0x12, 0x1B, 0x0F, 0x6A,
    0x44, 0x2B, 0xF0, 0xD9, 0x7E, 0x1E, 0x0C, 0x01, 0x4B, 0xCF, 0xD0, 0xB9, 0x5C, 0x3E, 0xFD, 0x3D,
    0xA9, 0x37, 0xEA, 0x4D, 0xFA, 0x93, 0x7E, 0xA4, 0xDF, 0x90, 0x67, 0xE2, 0x2A, 0xDD, 0x0E, 0x51,
    0x44, 0xF9, 0xD1, 0x7F, 0xF4, 0x79, 0x0D, 0x92, 0x0F, 0x48, 0xFA, 0x15, 0xCF, 0xE1, 0x64, 0x94,
    0x8A, 0x99, 0x2E, 0x85, 0x4E, 0x85, 0x1D, 0x29, 0x71, 0xBA, 0xB5, 0x32, 0x2B, 0x8F, 0xA6, 0x45,
    0x70, 0xAD, 0x7E, 0x03, 0x60, 0x4B, 0x3C, 0xCA, 0xE1, 0x6A, 0xFC, 0x62, 0xC1, 0x2E, 0x2B, 0x86,
    0x6B, 0xFE, 0xB4, 0x26, 0x48, 0xAE, 0x1C, 0xAF, 0xC2, 0x0A, 0xDF, 0x9A, 0xFF, 0x56, 0xC0, 0xA4,
    0xDE, 0x56, 0xA1, 0xC1, 0xB4, 0xCD, 0x0A, 0x1C, 0x03, 0xD9, 0xD7, 0xA3, 0x34, 0x20, 0x9D, 0x50,
    0x06, 0x52, 0x93, 0x95, 0x7E, 0x7D, 0x28, 0x68, 0xB1, 0x2A, 0x35, 0x29, 0xF4, 0xA1, 0xE2, 0xC2,
    0xA9, 0x57, 0x6F, 0xD2, 0x1A, 0x74, 0x85, 0x81, 0x32, 0xAE, 0x4F, 0xA4, 0x08, 0x39, 0x0A, 0xFA,
    0x65, 0x5B, 0xAF, 0x4A, 0x2E, 0x5F, 0xCC, 0x80, 0xC7, 0x75, 0xD8, 0x30, 0x22, 0xAA, 0x24, 0xEB,
    0xF5, 0x67, 0xFD, 0x58, 0x56, 0x88, 0x86, 0xD3, 0x97, 0xC4, 0xA3, 0x55, 0xA9, 0x70, 0x32, 0xE6,
    0x07, 0xC9, 0x81, 0xDE, 0xBD, 0x39, 0x7F, 0x52, 0x67, 0xA2, 0x33, 0xAC, 0xEB, 0xE8, 0x8C, 0x9F,
    0x4A, 0x32, 0x00, 0x49, 0x45, 0x79, 0xB5, 0xEE, 0x90, 0x1C, 0xA4, 0x06, 0xFA, 0x45, 0x3A, 0x42,
    0x4E, 0x90, 0x1B, 0x24, 0x88, 0xC9, 0x74, 0x91, 0x1B, 0x20, 0x35, 0x53, 0x37, 0xD2, 0x03, 0x94,
    0x80, 0x6F, 0xB0, 0x34, 0x4D, 0x6E, 0xF4, 0xBD, 0x73, 0x6D, 0x3D, 0x50, 0x32, 0x48, 0x7D, 0x92,
    0x96, 0xF3, 0x67, 0xBD, 0x50, 0x31, 0xC8, 0x26, 0x12, 0x03, 0x14, 0xE2, 0xDD, 0x50, 0x30, 0xC8,
    0x26, 0x12, 0xAD, 0xA1, 0x8E, 0x7D, 0x50, 0x30, 0xC8, 0x26, 0x12, 0x03, 0x04, 0xFA, 0xFD, 0x50,
    0x30, 0x4A, 0x99, 0x0E, 0x07, 0x5D, 0x40, 0x51, 0xB0, 0x72, 0x52, 0x5E, 0x24, 0x89, 0xD1, 0xE4,
    0x02, 0x49, 0xAE, 0x8E, 0xC5, 0xF1, 0x87, 0xE9, 0x3E, 0x1A, 0x58, 0x7E, 0x9A, 0x0F, 0xA7, 0x90,
    0xF6, 0x21, 0x5A, 0x8F, 0x86, 0xA6, 0x1F, 0xAA, 0x12, 0x5C, 0xE5, 0xF0, 0xA9, 0x50, 0x7A, 0xA4,
    0x0A, 0x8A, 0x58, 0x64, 0x02, 0x44, 0x9F, 0x5B, 0x93, 0xD7, 0x99, 0xEA, 0x81, 0xBF, 0x40, 0xF1,
    0xCB, 0x7B, 0xD5, 0x03, 0x3C, 0x90, 0x3B, 0x4D, 0x37, 0x54, 0x1B, 0x74, 0x0E, 0xD5, 0x32, 0x3D,
    0x50, 0x34, 0xC9, 0x82, 0x14, 0xBF, 0xF5, 0x40, 0xD3, 0x26, 0x07, 0x52, 0xE1, 0xD5, 0x03, 0x4C,
    0xA9, 0xD0, 0xF0, 0x52, 0xFE, 0xCF, 0x30, 0xE8, 0xC4, 0x8D, 0x21, 0xA9, 0xD0, 0x0D, 0x27, 0xD1,
    0x9B, 0x08, 0x62, 0xA0, 0x30, 0x90, 0x6A, 0xE7, 0x62, 0xEC, 0x03, 0x76, 0xF5, 0xFE, 0x6D, 0x5B,
    0xB0, 0x0D, 0xDB, 0xC5, 0x79, 0xB4, 0xBE, 0xC0, 0x36, 0xEE, 0x1A, 0xB9, 0xD0, 0xBB, 0x00, 0xDC,
    0xBE, 0x6F, 0x9B, 0x3A, 0xEC, 0x01, 0xEA, 0x47, 0xFE, 0xB8, 0x0D, 0x76, 0x1F, 0xFE, 0xD4, 0x24,
    0x55, 0x19, 0x74, 0x68, 0x1A, 0xF2, 0x0D, 0x15, 0x41, 0x5F, 0x4B, 0x4F, 0x36, 0x67, 0xD2, 0x86,
    0xF6, 0x00, 0xD3, 0x20, 0x58, 0x4A, 0x7B, 0xCD, 0x96, 0xF4, 0xA1, 0xFD, 0x80, 0x35, 0x48, 0x16,
    0x32, 0x8B, 0x73, 0x65, 0x1D, 0x28, 0x97, 0x60, 0x64, 0x73, 0x0C, 0xED, 0x64, 0x7D, 0x28, 0xA7,
    0x60, 0x0D, 0x92, 0x05, 0x94, 0xBA, 0xFC, 0xD8, 0xFF, 0x4A, 0x2F, 0xD8, 0x06, 0xBF, 0x4C, 0x15,
    0x80, 0x82, 0xD4, 0x05, 0xD5, 0x0E, 0x54, 0xB7, 0xBC, 0xD8, 0xD8, 0x3F, 0xE6, 0x1C, 0xA9, 0x69,
    0xB9, 0xB1, 0x80, 0x80, 0x4C, 0x39, 0x52, 0xC8, 0xF3, 0x62, 0xA1, 0x00, 0x98, 0x72, 0x65, 0x7F,
    0x09, 0xBC, 0x93, 0x1D, 0x5B, 0x87, 0x36, 0x20, 0x10, 0x09, 0xD3, 0x21, 0xE0, 0xDB, 0xA8, 0x09,
    0xAE, 0x97, 0xA9, 0x4B, 0xE1, 0x53, 0xA0, 0x13, 0x54, 0x9E, 0x12, 0x04, 0x24, 0x89, 0xDF, 0x20,
    0x46, 0xC8, 0x9D, 0xD2, 0x85, 0x9E, 0x6E, 0x90, 0xA3, 0xCD, 0xD2, 0x12, 0x04, 0x5E, 0x9E, 0x16,
    0x41, 0x1E, 0xA0, 0x29, 0xE9, 0x33, 0xE6, 0xC1, 0xC3, 0x07, 0x70, 0x51, 0xDA, 0x51, 0xCD, 0x83,
    0x02, 0x8A, 0xD2, 0x3E, 0x6C, 0x14, 0x14, 0x16, 0x0D, 0xBC, 0x8B, 0x6B, 0x70, 0x12, 0x6A, 0x5C,
    0x04, 0x3B, 0x8B, 0xEA, 0x53, 0x28, 0x94, 0xA8, 0x13, 0x79, 0x01, 0x5C, 0xA3, 0x7C, 0xD1, 0x1B,
    0x48, 0x05, 0x52, 0x8C, 0x73, 0x60, 0x61, 0x02, 0xA4, 0x54, 0x1F, 0xF4, 0x89, 0x73, 0x60, 0x40,
    0xFE, 0xA4, 0x43, 0x9B, 0x01, 0x02, 0x4F, 0x00, 0x49, 0x80, 0x47, 0xEC, 0x17, 0xD2, 0x0B, 0x3C,
    0xE1, 0x5C, 0xB0, 0xB7, 0xCE, 0x1B, 0xCB, 0x03, 0x44, 0x81, 0x6B, 0x20, 0x34, 0x48, 0x16, 0x32,
    0x03, 0x44, 0xAA, 0x30, 0xE0, 0x73, 0x7C, 0x04, 0x55, 0x1D, 0x4E, 0x7A, 0x91, 0x30, 0xE1, 0x54,
    0x5C, 0x54, 0x07, 0x55, 0xE7, 0x9D, 0x3E, 0x48, 0x6F, 0xAD, 0x07, 0xFF, 0x49, 0x79, 0x60, 0x74,
    0x97, 0x2E, 0x0B, 0xFE, 0x92, 0x80, 0x87, 0x69, 0x40, 0x90, 0x23, 0xA9, 0x52, 0x04, 0x74, 0xE0,
    0x81, 0xAD, 0x9D, 0x48, 0x11, 0xD3, 0x81, 0x86, 0xB6, 0x75, 0x20, 0x47, 0xC8, 0x35, 0x73, 0xA9,
    0x02, 0x3A, 0x70, 0x20, 0xD5, 0x4E, 0xA4, 0x06, 0x69, 0xC0, 0x43, 0x53, 0x40, 0x66, 0xD8, 0x04,
    0xBA, 0x49, 0x35, 0x42, 0x5D, 0x8E, 0xBC, 0x4F, 0xB1, 0x3F, 0xEC, 0x42, 0x83, 0x43, 0x2B, 0x20,
    0x36, 0xA6, 0x09, 0x6B, 0xF5, 0xBA, 0xDD, 0x79, 0x90, 0x67, 0xA6, 0x19, 0xB9, 0x86, 0x62, 0x61,
    0x94, 0x98, 0x64, 0x66, 0x18, 0xE9, 0x80, 0x97, 0xE0, 0x90, 0xFC, 0x1E, 0x0E, 0x18, 0x4A, 0x86,
    0x06, 0xA1, 0x7E, 0xA8, 0x5E, 0xAA, 0x17, 0x79, 0x83, 0x63, 0xE0, 0x22, 0xDD, 0x36, 0x45, 0x4E,
    0x97, 0x03, 0x63, 0xA1, 0x71, 0x9D, 0x6E, 0x24, 0x16, 0xE9, 0xD6, 0xE2, 0xA1, 0x6B, 0x9D, 0x6E,
    0x30, 0x16, 0x79, 0xD6, 0xE3, 0x81, 0x64, 0xF4, 0xAD, 0x67, 0x72, 0x11, 0xED, 0xAB, 0x60, 0xCE,
    0xA5, 0x6C, 0x46, 0x73, 0x04, 0x5C, 0x8F, 0xEF, 0x53, 0xF9, 0xD4, 0x36, 0xBF, 0x58, 0xCF, 0x6A,
    0x16, 0x4A, 0x8C, 0xBC, 0x18, 0xF3, 0x03, 0x1E, 0x2E, 0x40, 0x12, 0xF8, 0x1C, 0xEA, 0x19, 0x3C,
    0x83, 0x06, 0x60, 0xBE, 0x98, 0x2F, 0x26, 0x0B, 0x99, 0x82, 0xDB, 0xE0, 0x1C, 0xC8, 0x3F, 0xB2,
    0x4A, 0x4B, 0x82, 0xD6, 0x40, 0xFD, 0xC0, 0xF4, 0xA4, 0x33, 0x4B, 0x01, 0xD6, 0x60, 0x74, 0x98,
    0x1C, 0xE6, 0x07, 0x29, 0x82, 0x5A, 0x50, 0xE0, 0x4B, 0x7E, 0xCF, 0x29, 0x16, 0xFD, 0x25, 0x4C,
    0x6A, 0x90, 0x65, 0xF0, 0x31, 0xAB, 0x8C, 0x62, 0xE3, 0x14, 0xB8, 0xC4, 0xAE, 0x30, 0xF9, 0xD4,
    0x61, 0xE0, 0x7D, 0xFD, 0x9E, 0x4E, 0x10, 0x4E, 0x85, 0x33, 0x52, 0xE8, 0xD0, 0x41, 0x31, 0xD3,
    0xB1, 0x75, 0x26, 0x41, 0x4C, 0x9D, 0x3E, 0x0E, 0x20, 0x99, 0xD3, 0xE1, 0x42, 0x07, 0x9D, 0x3E,
    0x1A, 0x20, 0x59, 0xD3, 0xE2, 0x02, 0x03, 0x9D, 0x3E, 0x24, 0x30, 0x2F, 0x00, 0xAA, 0x81, 0x09,
    0xFD, 0x4A, 0x0E, 0x15, 0x9A, 0x85, 0x5E, 0xA1, 0x56, 0xA8, 0x55, 0x2A, 0x15, 0x2D, 0x88, 0x83,
    0x1D, 0xA1, 0xE7, 0x4A, 0x34, 0x01, 0xCA, 0x85, 0x03, 0xE1, 0x40, 0xF0, 0x20, 0xB4, 0x08, 0x1A,
    0x82, 0x02, 0xA0, 0x7F, 0xA8, 0x1F, 0xAA, 0x2E, 0x7F, 0x81, 0x4B, 0xA0, 0xA5, 0xA4, 0x90, 0x27,
    0x3B, 0x06, 0x17, 0xC0, 0x6F, 0xC6, 0xC9, 0x60, 0x41, 0x3D, 0x04, 0x64, 0xC1, 0x17, 0x30, 0x45,
    0x4C, 0x11, 0x33, 0x1B, 0x37, 0xDA, 0xBB, 0xF0, 0x82, 0xCF, 0xAF, 0x12, 0x0D, 0xE5, 0x86, 0xBD,
    0x30, 0x83, 0x60, 0x6B, 0x72, 0x97, 0x86, 0xF2, 0x57, 0x20, 0x2C, 0xFC, 0x03, 0xF3, 0x19, 0xED,
    0x03, 0x1F, 0x40, 0x3C, 0x54, 0x67, 0x17, 0x19, 0xB5, 0xC6, 0x69, 0x71, 0x98, 0xDC, 0x65, 0xF4,
    0x12, 0x47, 0xC0, 0x87, 0x71, 0x97, 0xF6, 0x74, 0xF6, 0x19, 0x0C, 0xC3, 0x43, 0x2D, 0xA8, 0xCA,
    0xAA, 0x32, 0x7A, 0x8C, 0x8E, 0xA1, 0xBB, 0xF4, 0x88, 0x10, 0xDF, 0x0C, 0x67, 0xC3, 0x19, 0xF0,
    0x0E, 0xEC, 0x89, 0xD7, 0xB0, 0x41, 0x94, 0x93, 0xF2, 0x6A, 0xD8, 0x77, 0x16, 0x26, 0xAD, 0x01,
    0x1F, 0x42, 0x2B, 0x4D, 0x93, 0xFE, 0x26, 0x96, 0x39, 0x75, 0xF1, 0x76, 0x50, 0x1B, 0x53, 0x8A,
    0x91, 0x62, 0x62, 0xEC, 0xA4, 0xDC, 0x5D, 0x74, 0x22, 0xAC, 0x80, 0xB5, 0xD2, 0x09, 0xDC, 0x66,
    0xD6, 0xBD, 0x12, 0xEB, 0x24, 0xB9, 0xD9, 0x2D, 0xF2, 0x4B, 0x6D, 0x92, 0xD6, 0x82, 0x61, 0xF8,
    0x19, 0xBE, 0xD0, 0x9F, 0x81, 0x9A, 0x5D, 0x48, 0x91, 0x2F, 0xB5, 0x2A, 0xB3, 0xC7, 0xC9, 0x7F,
    0x90, 0x34, 0x74, 0x98, 0x79, 0x26, 0x0D, 0x49, 0x81, 0x72, 0x5F, 0xD4, 0x97, 0xB7, 0x0D, 0xCF,
    0xA3, 0xE2, 0x4F, 0xD9, 0x20, 0x2C, 0x4C, 0x4B, 0x13, 0x0E, 0xE4, 0xC2, 0xC9, 0x30, 0x6E, 0x4B,
    0xFC, 0x92, 0xFB, 0xE0, 0x2A, 0xD8, 0x55, 0xF5, 0x0F, 0x0A, 0xBE, 0x84, 0x1F, 0x79, 0xE1, 0x2C,
    0xB2, 0x4B, 0x1B, 0x92, 0xC3, 0x24, 0xAF, 0xB9, 0x2B, 0xAE, 0x4A, 0xDF, 0x80, 0xCE, 0xE4, 0xAD,
    0xE0, 0x3D, 0x28, 0x4A, 0xDE, 0x92, 0xB3, 0x24, 0xAB, 0xC9, 0x2A, 0xB6, 0x4A, 0x9C, 0x85, 0xE3,
    0xE0, 0x64, 0xE0, 0x5E, 0x30, 0x17, 0x79, 0x4A, 0xAC, 0xF1, 0xD2, 0x54, 0x74, 0x94, 0xF9, 0x25,
    0x36, 0x49, 0x4B, 0xB2, 0x52, 0x64, 0x94, 0x7F, 0xB3, 0xC7, 0x43, 0x05, 0xF2, 0x51, 0xDC, 0x94,
    0x57, 0x25, 0x0D, 0xC9, 0x41, 0x72, 0x4F, 0xDC, 0x93, 0xDF, 0x24, 0xF7, 0xF9, 0x6D, 0x7A, 0x97,
    0x2D, 0xAE, 0xD2, 0xE5, 0xB5, 0xBE, 0x5C, 0xB6, 0xB5, 0x4B, 0x96, 0xD6, 0x49, 0x00, 0xEF, 0x64,
    0x98, 0xD9, 0x25, 0xFE, 0x49, 0x6B, 0x92, 0x57, 0xE0, 0xBC, 0xE0, 0x17, 0x30, 0x49, 0x5A, 0x14,
    0xC7, 0x44, 0x95, 0x99, 0x25, 0x2A, 0x49, 0x3D, 0x92, 0x4A, 0xA0, 0x7D, 0xF8, 0x08, 0x2B, 0x67,
    0x1C, 0xEE, 0xC9, 0x25, 0xF2, 0x49, 0x7C, 0x1A, 0x1F, 0x00, 0xF4, 0x89, 0x25, 0xF2, 0x49, 0x68,
    0x81, 0x17, 0x24, 0x97, 0xC9, 0x25, 0xF0, 0x2F, 0xD0, 0x92, 0x3F, 0x24, 0x8F, 0xC9, 0x23, 0xF1,
    0x26, 0xFC, 0x08, 0xDA, 0x24, 0x8F, 0xC9, 0x23, 0x6B, 0x3C, 0x60, 0x92, 0x58, 0x97, 0x85, 0xFA,
    0xA3, 0x51, 0xF8, 0xD4, 0x6E, 0x02, 0x59, 0x84, 0x37, 0xE4, 0x90, 0xF9, 0x24, 0x3E, 0x0D, 0x3E,
    0x80, 0x83, 0x64, 0x8E, 0xA0, 0x34, 0x78, 0x48, 0xEF, 0x92, 0x3B, 0xE0, 0x1E, 0x99, 0x22, 0xFE,
    0x48, 0xBF, 0x92, 0x2F, 0xE0, 0x38, 0xD9, 0x22, 0x68, 0x0B, 0xE9, 0x12, 0x27, 0xA0, 0x6A, 0xE8,
    0xBE, 0xBE, 0x2F, 0xAF, 0x82, 0xB2, 0xE0, 0x1A, 0xB9, 0x21, 0x7E, 0x48, 0x5A, 0x83, 0x76, 0xA4,
    0x86, 0xA7, 0x58, 0x90, 0xDF, 0x24, 0x37, 0xC2, 0xC1, 0xC8, 0xD0, 0xA9, 0xEA, 0x48, 0x5F, 0x92,
    0x17, 0xE4, 0x85, 0xF8, 0x4F, 0xFE, 0x0F, 0x8F, 0x92, 0x17, 0xE4, 0x85, 0xB6, 0x1C, 0x90, 0xBF,
    0x24, 0x2F, 0xC5, 0x97, 0xE0, 0x15, 0x50, 0x1F, 0xDF, 0x24, 0x2F, 0xC9, 0x0B, 0xF2, 0x42, 0xFD,
    0x0A, 0x93, 0x24, 0x2F, 0xC9, 0x0B, 0xF0, 0x1B, 0x54, 0x41, 0x1B, 0x24, 0x37, 0xC9, 0x0D, 0xF1,
    0x01, 0xFC, 0x90, 0xD8, 0x03, 0xB6, 0x01, 0x83, 0xF2, 0x42, 0xFC, 0x4F, 0x7F, 0x24, 0x2F, 0xC9,
    0x0B, 0xF0, 0xD8, 0x72, 0x3A, 0x39, 0x7F, 0x8C, 0xD7, 0xC1, 0xB8, 0xB9, 0x23, 0x68, 0x39, 0x69,
    0xA5, 0xC6, 0x92, 0x34, 0xB8, 0xD2, 0x46, 0xCE, 0x9A, 0x99, 0x46, 0xC4, 0x94, 0xF8, 0xBD, 0xE8,
    0x49, 0x4C, 0x8F, 0xCF, 0x24, 0x96, 0xF9, 0x25, 0xBE, 0x31, 0xDF, 0x80, 0x96, 0xF5, 0xD8, 0x18,
    0x15, 0x2D, 0x03, 0x79, 0x47, 0xC9, 0x3D, 0x92, 0x27, 0x51, 0x38, 0x12, 0x4D, 0xFD, 0xC9, 0x43,
    0xF2, 0x50, 0xFC, 0x69, 0xBF, 0x05, 0x16, 0x47, 0xBD, 0x90, 0xD4, 0x7C, 0x35, 0x1B, 0x4E, 0x2D,
    0x80, 0xA5, 0xB8, 0x38, 0x14, 0xAD, 0x07, 0x4C, 0x0F, 0xD3, 0x03, 0xF2, 0x55, 0xF1, 0x9B, 0x14,
    0x4E, 0x9C, 0xA7, 0xC5, 0x81, 0xAA, 0x61, 0x70, 0x4B, 0x2F, 0x92, 0xCB, 0x1C, 0xF2, 0x56, 0x4C,
    0x89, 0x72, 0xE7, 0xCB, 0xC9, 0x69, 0x7E, 0x78, 0xCF, 0x64, 0x4B, 0x59, 0xF3, 0xC9, 0x6D, 0x8E,
    0x7C, 0xED, 0x9B, 0x1A, 0x29, 0xDE, 0x94, 0x13, 0x69, 0xF1, 0x2F, 0xFE, 0x4B, 0xFF, 0x92, 0xFF,
    0xE4, 0xBF, 0xFB, 0x6C, 0x3E, 0x03, 0x1D, 0x84, 0xAF, 0xE4, 0xBF, 0xFA, 0x5F, 0xAA, 0xFC, 0x0B,
    0x01, 0x12, 0x44, 0xC2, 0xD9, 0x30, 0x3E, 0x4C, 0x0F, 0x93, 0x03, 0xE0, 0x3F, 0xF8, 0x1C, 0x68,
    0x0A, 0x7B, 0x01, 0xC7, 0x24, 0xC2, 0xF9, 0x30, 0xBE, 0x4C, 0x2F, 0xB4, 0xFB, 0x65, 0xDA, 0xFA,
    0x61, 0x7A, 0x62, 0x0E, 0x2D, 0xBE, 0x8C, 0xF9, 0xA1, 0xA2, 0x68, 0x98, 0x1F, 0x93, 0x3B, 0xE4,
    0xCE, 0xF9, 0x33, 0xBA, 0x06, 0xCF, 0x9A, 0x62, 0x69, 0x80, 0xE8, 0x28, 0x2D, 0x1E, 0x26, 0xB7,
    0xC9, 0xAD, 0xF2, 0x6B, 0x7C, 0x9A, 0xDF, 0x0D, 0xC5, 0xC0, 0x71, 0xF3, 0xA7, 0xFC, 0x9B, 0x54,
    0x61, 0xED, 0x00, 0x75, 0x72, 0x6E, 0xFC, 0x9B, 0xBF, 0x26, 0xEF, 0xC9, 0xBB, 0x90, 0x57, 0x7C,
    0xE0, 0xFB, 0x5A, 0xDE, 0x09, 0xCB, 0xF2, 0x72, 0xFC, 0x9C, 0xBF, 0x27, 0x2E, 0x80, 0xCB, 0x72,
    0x74, 0xF4, 0x27, 0x37, 0x27, 0x6F, 0xC9, 0xDB, 0x90, 0x40, 0xFC, 0x09, 0x73, 0x0E, 0x7E, 0x0C,
    0xB5, 0x42, 0x7B, 0x7C, 0x9E, 0xDF, 0x27, 0xB7, 0xD9, 0x25, 0x93, 0x6D, 0x7D, 0x32, 0x19, 0x0E,
    0x56, 0xC9, 0xFD, 0xF2, 0x7F, 0x7C, 0x9F, 0xD3, 0x02, 0x97, 0xC0, 0x51, 0xB0, 0xD5, 0xF4, 0xA0,
    0xBF, 0x28, 0x2F, 0xCA, 0x0B, 0xB0, 0x15, 0x7C, 0x05, 0x57, 0x28, 0x4F, 0xD3, 0x39, 0x70, 0x45,
    0xD9, 0x43, 0x54, 0x28, 0x6F, 0xCA, 0x1B, 0x70, 0x3E, 0xFC, 0x05, 0x33, 0x03, 0xB5, 0xA5, 0xC3,
    0x29, 0xA9, 0x45, 0xBE, 0x51, 0x6F, 0x94, 0x5B, 0xE0, 0xF1, 0xF8, 0xB0, 0x7A, 0x51, 0xAF, 0x94,
    0x6B, 0x60, 0x8C, 0xB0, 0x15, 0xEE, 0x9B, 0x0F, 0x8F, 0xA7, 0x80, 0x2D, 0xF8, 0xC4, 0xB6, 0x07,
    0xBC, 0x94, 0x9F, 0xE5, 0x27, 0xF9, 0x49, 0xFE, 0x08, 0x6F, 0x80, 0xAB, 0x69, 0xBC, 0xA8, 0x41,
    0x2E, 0x68, 0xDD, 0x94, 0xCB, 0xE5, 0x32, 0xE8, 0x15, 0x3E, 0x3E, 0xC9, 0x84, 0x07, 0x25, 0x3C,
    0xF9, 0x4F, 0x3E, 0x53, 0xCC, 0x80, 0x8F, 0xE4, 0x2E, 0xDA, 0x73, 0x2A, 0x2A, 0xBC, 0x95, 0x1B,
    0x20, 0x68, 0xF8, 0x06, 0xB6, 0x06, 0x5C, 0x17, 0x5B, 0x03, 0xA8, 0xF8, 0xEA, 0x3A, 0x04, 0x0D,
    0x95, 0x57, 0xE5, 0x55, 0xE8, 0x9F, 0x36, 0x9D, 0xFF, 0x92, 0x5B, 0xE5, 0x58, 0xB8, 0x0B, 0xBE,
    0x55, 0xAA, 0x89, 0x9B, 0x65, 0x5E, 0xF9, 0x57, 0xBE, 0x55, 0xEF, 0x82, 0x66, 0x40, 0x7E, 0xD0,
    0x16, 0x30, 0x56, 0x0F, 0x95, 0x82, 0xC3, 0x0D, 0xC0, 0x3B, 0x30, 0x9E, 0xBF, 0x95, 0x97, 0xE5,
    0x65, 0xA8, 0x32, 0xFE, 0x0B, 0x0E, 0x02, 0x0F, 0x05, 0x6D, 0xF9, 0x5B, 0x7E, 0x56, 0xDF, 0x8A,
    0x3F, 0xE9, 0xF7, 0xA8, 0x3C, 0x2E, 0x57, 0x5F, 0x86, 0x2F, 0x40, 0xF7, 0xF8, 0x4D, 0xA6, 0x25,
    0xED, 0x15, 0xF3, 0xE5, 0x7C, 0xF8, 0xDB, 0xBE, 0x06, 0xAF, 0xA8, 0x1E, 0xE1, 0x60, 0xD9, 0x61,
    0x3E, 0x0E, 0xDC, 0x80, 0x8B, 0xE0, 0x8D, 0xE0, 0xB6, 0xAE, 0x8F, 0x3B, 0x16, 0x37, 0xE5, 0x8D,
    0xF8, 0xFE, 0x3E, 0x4E, 0x9B, 0x16, 0x47, 0xEA, 0x1F, 0xF9, 0x64, 0x74, 0x26, 0xBB, 0x95, 0x12,
    0x92, 0xAA, 0xF4, 0x64, 0x8D, 0x12, 0x95, 0x58, 0x64, 0x05, 0x94, 0xB2, 0x8A, 0x7C, 0x05, 0xCF,
    0x96, 0x63, 0x22, 0x52, 0xD8, 0x29, 0xAB, 0x5E, 0x8B, 0x58, 0x63, 0x83, 0xE8, 0xBD, 0x7A, 0x25,
    0x61, 0x8C, 0x8F, 0xA6, 0xF5, 0xE8, 0x75, 0x86, 0x2C, 0x3E, 0xAB, 0xD7, 0xA1, 0x56, 0x18, 0x98,
    0xFA, 0xAF, 0x5E, 0x83, 0x58, 0x62, 0x03, 0xEB, 0xF8, 0x0D, 0x7E, 0x5A, 0x0F, 0x85, 0x42, 0x82,
    0x6B, 0xB2, 0x90, 0xFB, 0x5E, 0x81, 0xD8, 0x47, 0xDB, 0x6A, 0xF4, 0x0A, 0xC3, 0x0C, 0x2D, 0x2F,
    0xCB, 0x4B, 0x50, 0x4E, 0x7C, 0x68, 0xFC, 0x04, 0x56, 0x14, 0x9F, 0xF1, 0x01, 0x7C, 0x40, 0x5F,
    0x4F, 0x66, 0xA1, 0x40, 0xC2, 0xB4, 0x29, 0x4A, 0x7F, 0x2D, 0x3F, 0xC2, 0xC5, 0xB5, 0x2B, 0xFC,
    0xB4, 0x9F, 0x52, 0xBF, 0xD4, 0xAF, 0xF0, 0x35, 0x7C, 0x6B, 0xBA, 0x2E, 0xAD, 0x8B, 0x41, 0xF2,
    0xD0, 0x7C, 0xB4, 0x1F, 0x2D, 0x07, 0xC2, 0x09, 0xF2, 0xD0, 0x7D, 0x4C, 0x9F, 0x2D, 0x27, 0xC4,
    0xC3, 0x62, 0xD2, 0x7D, 0x4C, 0xFF, 0x2D, 0x37, 0xCB, 0x4D, 0xF2, 0xD3, 0x7C, 0xAF, 0x3F, 0x0D,
    0x3F, 0x14, 0xDF, 0xF2, 0xD6, 0x7C, 0xB5, 0x9F, 0x2D, 0x67, 0xC3, 0x67, 0xF5, 0xE5, 0xFD, 0x4E,
    0x7F, 0x1E, 0xDC, 0x8B, 0x55, 0xF5, 0x3C, 0x7C, 0xB5, 0x3F, 0x2D, 0x4F, 0xC4, 0x75, 0xF2, 0xD4,
    0xFD, 0x4F, 0x9A, 0x2D, 0x4F, 0xCB, 0x53, 0xF2, 0xD4, 0xFC, 0xB5, 0x3F, 0x2D, 0x4F, 0xC0, 0x71,
    0xF2, 0xD4, 0xFD, 0x50, 0x95, 0x1A, 0x15, 0xDB, 0x43, 0x52, 0xD5, 0x7C, 0xB5, 0x5F, 0x2D, 0x57,
    0xCB, 0x55, 0xF0, 0x1B, 0x71, 0xB3, 0x78, 0x2D, 0x57, 0xCB, 0x55, 0xF2, 0xD5, 0x7C, 0xB5, 0x5F,
    0x18, 0xD7, 0xCB, 0x55, 0xF2, 0xD5, 0x7C, 0xB5, 0x5F, 0x02, 0x5F, 0xC2, 0x4F, 0xB2, 0xD4, 0xFC,
    0xB5, 0x3F, 0x2D, 0x4F, 0xC9, 0x49, 0xF0, 0x3A, 0x75, 0x54, 0x95, 0x2D, 0x4F, 0xCB, 0x53, 0xF2,
    0xD4, 0xFC, 0x0A, 0x3F, 0x04, 0xEF, 0x00, 0xE1, 0x67, 0x80, 0xCC, 0xB5, 0x5F, 0x2D, 0x57, 0xCB,
    0x55, 0xF0, 0x15, 0xFD, 0xDF, 0xF8, 0x2D, 0x57, 0xD5, 0x69, 0x62, 0xD5, 0x7D, 0x2F, 0x17, 0x2D,
    0x57, 0xC0, 0x53, 0xF1, 0x9F, 0x6C, 0xB5, 0x3F, 0x2D, 0x4F, 0xCB, 0x53, 0xF0, 0x78, 0x7C, 0x0A,
    0xDF, 0x2D, 0x4F, 0xCB, 0x53, 0xF2, 0xD4, 0xFC, 0x83, 0xBF, 0x2D, 0x4F, 0xDE, 0x77, 0xF2, 0xD4,
    0xE6, 0xCE, 0x5A, 0xAF, 0x96, 0xAB, 0xE5, 0xAA, 0xF8, 0x41, 0x7E, 0xFF, 0x8D, 0x00, 0xAE, 0x7C,
    0xE8, 0x07, 0x3E, 0x7F, 0xCF, 0x80, 0x64, 0xA1, 0x8A, 0xDC, 0xA8, 0x42, 0x7F, 0xCD, 0xD9, 0x73,
    0xA5, 0xD9, 0x29, 0xE0, 0x43, 0x27, 0xCD, 0xAF, 0x73, 0xE0, 0x85, 0xB2, 0xAF, 0x36, 0x29, 0xCF,
    0x84, 0x16, 0xD2, 0xBC, 0xDD, 0x37, 0x3A, 0x57, 0xCF, 0x86, 0x16, 0xDE, 0xBC, 0xD9, 0xA7, 0x3C,
    0x6E, 0xF4, 0xAD, 0xC7, 0x39, 0xBD, 0x0E, 0x74, 0xAB, 0x9F, 0x14, 0x2D, 0xE7, 0xC0, 0x77, 0x72,
    0xDE, 0x7C, 0x05, 0x92, 0xBC, 0xF3, 0xCB, 0x6B, 0x30, 0x61, 0x4B, 0x9B, 0x2C, 0xE7, 0x87, 0x86,
    0x80, 0x2C, 0x97, 0x43, 0x9D, 0x27, 0xE7, 0x85, 0x9A, 0x45, 0xC3, 0x9F, 0x36, 0xB3, 0xCF, 0x01,
    0x2C, 0x8B, 0x8B, 0x3E, 0x6F, 0xC7, 0x9D, 0x26, 0xE7, 0xC9, 0xCB, 0x91, 0xF0, 0x35, 0xFC, 0xB9,
    0x16, 0x91, 0x84, 0x57, 0x53, 0xEB, 0x3C, 0xC0, 0x13, 0x5B, 0xE6, 0xE5, 0x40, 0x03, 0x2A, 0x20,
    0x00, 0x65, 0xFB, 0xE7, 0x00, 0xB2, 0x5C, 0xDB, 0xF8, 0x00, 0x64, 0x09, 0xC9, 0x02, 0x4B, 0xE0,
    0x26, 0x94, 0xC0, 0x12, 0x58, 0x81, 0x82, 0x4A, 0xA0, 0x8F, 0xF8, 0x23, 0xEF, 0x52, 0x83, 0x82,
    0x3E, 0x61, 0x25, 0x98, 0x23, 0xA6, 0x12, 0x49, 0x82, 0x36, 0xA1, 0x25, 0x98, 0x23, 0x26, 0x12,
    0x49, 0x82, 0x2E, 0xA1, 0x24, 0xF8, 0x0D, 0xFE, 0x5E, 0x8F, 0x8F, 0x6A, 0x96, 0x5A, 0x64, 0xC8,
    0xBD, 0x3F, 0x2F, 0x4C, 0xAC, 0x43, 0xD3, 0xB8, 0x28, 0x2A, 0x09, 0xFB, 0x82, 0x7B, 0x20, 0x9D,
    0xB8, 0x27, 0x32, 0x5F, 0x5F, 0x80, 0xF7, 0x65, 0xF7, 0xED, 0x9E, 0x66, 0x23, 0xBC, 0xF3, 0x72,
    0xA3, 0xDD, 0xBF, 0x36, 0x88, 0x3D, 0xDB, 0x82, 0x76, 0x63, 0xDD, 0xBF, 0x36, 0xFE, 0x3D, 0xDB,
    0xF3, 0x62, 0x45, 0xFE, 0xA0, 0x33, 0xEE, 0x0A, 0x8F, 0xC3, 0xAC, 0xF3, 0x30, 0xCA, 0xF4, 0x15,
    0x77, 0x1E, 0xBD, 0xEA, 0x1C, 0xE3, 0x51, 0xC8, 0x6C, 0xF8, 0x05, 0x97, 0x4F, 0x3D, 0x7A, 0x78,
    0x2D, 0x68, 0x60, 0x8A, 0x82, 0xDA, 0x66, 0x0A, 0xA8, 0x2D, 0xEA, 0x60, 0xDA, 0x82, 0xE2, 0x66,
    0x0F, 0xA8, 0x2E, 0x6A, 0x3D, 0xCF, 0x81, 0x17, 0x66, 0x12, 0xF8, 0xBF, 0x32, 0x0A, 0xA9, 0x88,
    0x3E, 0xA0, 0xAB, 0x98, 0x83, 0xEA, 0x0A, 0xCA, 0x88, 0x46, 0xA0, 0xAD, 0x98, 0x84, 0x6A, 0x0A,
    0xEA, 0x88, 0x4A, 0x91, 0x20, 0x76, 0xF4, 0x8A, 0x7F, 0x09, 0x3E, 0x20, 0xC0, 0x7B, 0xAA, 0xE7,
    0x2A, 0x15, 0x2B, 0xAC, 0x7B, 0xC1, 0x2E, 0xC0, 0x1D, 0xE6, 0x21, 0x79, 0x81, 0xDA, 0x62, 0x19,
    0x98, 0x1D, 0x6A, 0x21, 0xC9, 0x81, 0xD2, 0x62, 0x1E, 0x98, 0x1C, 0xEA, 0x63, 0xFF, 0x81, 0xCE,
    0xE4, 0xC9, 0xC4, 0xD4, 0x99, 0x3D, 0x08, 0xDD, 0x41, 0xD7, 0x40, 0x8E, 0x50, 0x1D, 0x74, 0x08,
    0xED, 0x81, 0xD7, 0x40, 0x8F, 0x50, 0x1D, 0x74, 0x08, 0xFD, 0xC8, 0x27, 0xF0, 0x19, 0x66, 0x6A,
    0xB4, 0x1F, 0x81, 0xD7, 0xEB, 0xDB, 0x98, 0x7F, 0xB6, 0x07, 0x59, 0x81, 0xD3, 0xE2, 0x33, 0xA8,
    0x8C, 0xAE, 0x23, 0x1C, 0x88, 0xC2, 0xE2, 0x2F, 0xC8, 0x3A, 0x3E, 0x04, 0x1A, 0x93, 0x17, 0xE3,
    0x46, 0xE8, 0x8D, 0x2E, 0x23, 0x3B, 0x88, 0xCB, 0x22, 0x31, 0xB8, 0x1C, 0xEE, 0x4C, 0x4F, 0x80,
    0xC7, 0xE1, 0xD1, 0xC8, 0x1B, 0xAE, 0x67, 0x4F, 0xA3, 0x82, 0xC1, 0xA2, 0xA1, 0x41, 0xAD, 0x3C,
    0x03, 0x95, 0x54, 0xF1, 0x70, 0x3A, 0x54, 0x0E, 0x75, 0x03, 0x95, 0xC0, 0xE3, 0x50, 0x38, 0x5C,
    0x16, 0xDF, 0x07, 0x4E, 0xC1, 0x69, 0x30, 0x59, 0x4F, 0x9D, 0x0A, 0x16, 0xFD, 0x93, 0x27, 0x51,
    0x9B, 0x58, 0x4E, 0xF3, 0x99, 0x4F, 0xA7, 0x53, 0x0A, 0x10, 0x2B, 0x30, 0x0F, 0x79, 0xAE, 0x72,
    0x6B, 0x9B, 0x98, 0xB9, 0x68, 0x1E, 0x8B, 0x57, 0x2C, 0xD5, 0xFB, 0x58, 0xBA, 0x28, 0x1E, 0xBB,
    0x57, 0x36, 0x55, 0xFD, 0xB0, 0xBA, 0xEC, 0x1E, 0xEB, 0x57, 0x20, 0xD5, 0xD9, 0x3D, 0x7E, 0x19,
    0x60, 0x93, 0x8B, 0xC2, 0x81, 0xF3, 0xB5, 0x72, 0xCA, 0x01, 0xA9, 0x0B, 0xCE, 0xA7, 0xF6, 0xD8,
    0x14, 0xFE, 0x26, 0x8B, 0x87, 0xDF, 0x20, 0x56, 0xB1, 0xFE, 0x2C, 0x3E, 0x4E, 0x81, 0x57, 0x14,
    0xF8, 0x3D, 0x73, 0x9F, 0x5F, 0xEB, 0x0C, 0xE2, 0xE1, 0xF2, 0xA9, 0x3B, 0xAA, 0x33, 0x8C, 0x87,
    0xCA, 0xA4, 0xEE, 0xA8, 0xCE, 0x34, 0x0D, 0x7F, 0x8B, 0x87, 0x60, 0x3D, 0xB1, 0xAD, 0xFE, 0x2E,
    0x2F, 0x8B, 0x8B, 0xE2, 0xE2, 0xF8, 0xB8, 0xBB, 0x4E, 0x23, 0x1C, 0x80, 0xF7, 0xF0, 0x1D, 0x4D,
    0x8E, 0xBF, 0x63, 0xAF, 0xCD, 0x9B, 0xBE, 0xA4, 0x4F, 0xAF, 0x13, 0xA5, 0xD0, 0xC5, 0xE3, 0x29,
    0xD5, 0x4E, 0x91, 0x54, 0x99, 0x07, 0x4E, 0x75, 0x9A, 0x25, 0x6A, 0x64, 0xC7, 0x49, 0x51, 0xD8,
    0xE9, 0x4A, 0x59, 0x95, 0xBA, 0x19, 0x29, 0xD7, 0x29, 0x15, 0xFA, 0x67, 0x2E, 0xBE, 0x2F, 0xBB,
    0xD7, 0x28, 0xB5, 0xFA, 0x4F, 0x2E, 0x2A, 0x2F, 0xEB, 0xD7, 0x28, 0x35, 0xFA, 0x29, 0x97, 0xA6,
    0x30, 0x2C, 0xD7, 0x28, 0x15, 0xFA, 0x27, 0x2E, 0x6E, 0x30, 0x5B, 0xD7, 0x28, 0x55, 0xFA, 0x31,
    0x99, 0xE6, 0x17, 0x5B, 0xD5, 0x22, 0x40, 0x5E, 0xB4, 0x48, 0x2E, 0x39, 0xAA, 0x4C, 0x81, 0x21,
    0x40, 0x20, 0xCE, 0x93, 0x5F, 0xA6, 0x84, 0x7A, 0xD4, 0xDA, 0xFD, 0x47, 0x97, 0x7A, 0x1C, 0xEC,
    0xC2, 0x37, 0x40, 0x05, 0xCB, 0x97, 0x2D, 0x1D, 0x14, 0xC2, 0x35, 0x40, 0x1C, 0xCC, 0xCD, 0x72,
    0x1D, 0x45, 0x42, 0x35, 0x49, 0xE5, 0x7E, 0x81, 0xCB, 0xAD, 0x8E, 0xB6, 0x61, 0x17, 0xA4, 0xFA,
    0xBF, 0x42, 0x33, 0x94, 0xC7, 0x67, 0x30, 0xB4, 0xD8, 0x07, 0x56, 0xAC, 0x4F, 0xEB, 0x10, 0x99,
    0x50, 0x0F, 0x79, 0x5D, 0x83, 0x58, 0x20, 0xD4, 0xDB, 0x25, 0x3A, 0x66, 0x44, 0x6A, 0x4C, 0xE4,
    0x53, 0xEA, 0xB5, 0x0A, 0xAF, 0x32, 0x95, 0x4F, 0xAB, 0x53, 0x20, 0x6B, 0x4E, 0xB9, 0x46, 0xAF,
    0xD2, 0xBF, 0xD1, 0x2A, 0xB6, 0xBE, 0xB9, 0x4B, 0xAF, 0xD3, 0xF9, 0x79, 0x6E, 0x6E, 0xCF, 0x9D,
    0x22, 0x00, 0x34, 0xAC, 0x55, 0x79, 0x9F, 0x2E, 0x8D, 0xCD, 0xAF, 0x00, 0x12, 0x40, 0x14, 0x95,
    0x72, 0x89, 0x5F, 0xA4, 0x19, 0xCA, 0x7C, 0xD0, 0x68, 0xC8, 0x02, 0x72, 0x9E, 0xD7, 0xE8, 0x3C,
    0xBC, 0x0F, 0x37, 0xA9, 0xCE, 0x08, 0x9C, 0x80, 0x27, 0x48, 0x9F, 0x37, 0x36, 0x11, 0x2C, 0xD5,
    0xE2, 0x60, 0x3B, 0xD8, 0x2F, 0x66, 0x30, 0x29, 0x80, 0x8A, 0x51, 0x20, 0x3E, 0x50, 0x12, 0x72,
    0x0A, 0x2C, 0xC0, 0x45, 0x2A, 0x55, 0x7E, 0x9C, 0x67, 0x09, 0xF3, 0x6D, 0x21, 0x46, 0x98, 0x08,
    0xE5, 0x13, 0xAE, 0x53, 0x2B, 0xF5, 0x00, 0x5F, 0xCA, 0x7A, 0x14, 0x99, 0x80, 0x5E, 0x75, 0xCA,
    0x3D, 0x7E, 0x96, 0x0C, 0x09, 0x45, 0x82, 0x97, 0x30, 0x0B, 0xCA, 0x7F, 0x5F, 0xA1, 0x99, 0xE2,
    0x7C, 0xDF, 0xAF, 0x39, 0x95, 0xB3, 0x01, 0xE4, 0xE2, 0x60, 0x87, 0xA6, 0x6F, 0x9B, 0xD7, 0x18,
    0x8E, 0x81, 0x01, 0xF1, 0x18, 0x71, 0x94, 0x5D, 0x26, 0x95, 0xE9, 0x70, 0x4A, 0x64, 0xD9, 0x94,
    0x52, 0x84, 0x55, 0x26, 0xC0, 0x8B, 0xAD, 0x62, 0x49, 0x2A, 0x23, 0x6C, 0xC0, 0xAD, 0x30, 0x1C,
    0xC8, 0x46, 0x39, 0x03, 0xEC, 0xC1, 0xB1, 0x20, 0x25, 0x4E, 0xD2, 0x16, 0x9A, 0x81, 0xFA, 0x60,
    0xDA, 0x90, 0x16, 0xE7, 0x3D, 0x0B, 0x75, 0x40, 0x3F, 0x30, 0x6E, 0x48, 0x0D, 0xB3, 0x8B, 0x05,
    0xCE, 0xE0, 0x1A, 0x94, 0x60, 0x21, 0xF4, 0x34, 0xEC, 0x82, 0xF1, 0x50, 0x0D, 0xD2, 0x38, 0x0A,
    0x3A, 0x75, 0xC4, 0x97, 0x88, 0x98, 0x92, 0xFA, 0x0A, 0x3E, 0x4C, 0x29, 0xB4, 0x3A, 0x74, 0xD8,
    0x5E, 0x92, 0xA4, 0x01, 0x46, 0xC0, 0xA5, 0xA0, 0x48, 0x26, 0x04, 0x8A, 0x03, 0x3A, 0x7B, 0xD1,
    0x9D, 0xDC, 0x11, 0x73, 0x02, 0x4C, 0x81, 0xCB, 0x3D, 0x30, 0xD0, 0x2E, 0x01, 0x89, 0x98, 0xF6,
    0x59, 0x11, 0xA1, 0xE4, 0x09, 0x34, 0x07, 0xDC, 0xB9, 0x77, 0xF1, 0xA3, 0xDC, 0x03, 0x74, 0x09,
    0x4D, 0x6E, 0x01, 0x62, 0xB8, 0x90, 0x3C, 0x04, 0x7D, 0x4E, 0xA0, 0x0E, 0x87, 0xF8, 0x6F, 0x2F,
    0x50, 0xA1, 0xAF, 0x4A, 0x61, 0xB8, 0x98, 0x3E, 0x71, 0x44, 0x0D, 0xC5, 0x29, 0x01, 0xB8, 0xF8,
    0x92, 0x24, 0x28, 0xB9, 0x03, 0xE2, 0x41, 0x7E, 0x95, 0x3E, 0x15, 0x5C, 0x9A, 0x0A, 0x22, 0x53,
    0xAB, 0x04, 0x9C, 0x1F, 0x12, 0x0B, 0xFC, 0xA9, 0xF0, 0xDA, 0xE7, 0x42, 0xBF, 0xD6, 0x0D, 0xC5,
    0x02, 0xFD, 0x4A, 0x7C, 0x40, 0x04, 0x52, 0x95, 0x00, 0x86, 0x52, 0xA0, 0xDC, 0xC8, 0x2F, 0xF2,
    0x33, 0xB4, 0x83, 0x6D, 0x32, 0x98, 0x4C, 0x36, 0x9F, 0x12, 0x76, 0x84, 0x93, 0x60, 0xB9, 0x50,
    0xE7, 0xB8, 0xBD, 0x05, 0xC2, 0xA7, 0x3E, 0x94, 0xB4, 0x2D, 0xF3, 0x39, 0xF4, 0x83, 0x63, 0x32,
    0x1C, 0xCD, 0x03, 0xB2, 0x0B, 0x55, 0x4E, 0x81, 0x20, 0xD5, 0xCC, 0x2D, 0x52, 0xA6, 0x45, 0x88,
    0x7B, 0xE4, 0x84, 0xFD, 0x12, 0x3E, 0x32, 0x7C, 0xA6, 0x68, 0x1D, 0xA0, 0x6C, 0x64, 0x23, 0x4F,
    0x81, 0xEE, 0xE2, 0x33, 0xB0, 0x5E, 0xE4, 0x23, 0x1B, 0x05, 0xE2, 0x42, 0x2F, 0xC0, 0x5D, 0xA4,
    0x22, 0xCB, 0x05, 0xCE, 0x82, 0x2B, 0xC0, 0x5C, 0x64, 0x2C, 0x3C, 0x01, 0xD3, 0x41, 0xAF, 0xB9,
    0x98, 0x24, 0x22, 0xBF, 0x88, 0xAE, 0x7B, 0xD1, 0x15, 0xF3, 0x4C, 0x22, 0xBF, 0x64, 0x44, 0x55,
    0xF1, 0x15, 0x72, 0xE0, 0x14, 0x99, 0x45, 0x84, 0x57, 0xF0, 0xD5, 0x7A, 0x5C, 0x22, 0xB9, 0x9E,
    0x03, 0x18, 0xA0, 0xA8, 0xC8, 0x72, 0xD4, 0x91, 0x4F, 0x84, 0x5D, 0x51, 0x16, 0xD4, 0x17, 0x95,
    0x0A, 0xA5, 0x04, 0x61, 0x53, 0xEA, 0xC8, 0x33, 0x95, 0x11, 0x84, 0x8F, 0xB3, 0x20, 0xCC, 0xD8,
    0x46, 0x37, 0x3F, 0x04, 0x82, 0x9D, 0x41, 0x19, 0x54, 0xFC, 0xB2, 0x0C, 0xB5, 0x44, 0x65, 0x23,
    0xF4, 0xE8, 0x31, 0xDC, 0x97, 0x03, 0x26, 0xA0, 0xC8, 0xE8, 0x30, 0x66, 0x0F, 0xE9, 0x85, 0x0A,
    0xA2, 0x73, 0xA0, 0x50, 0xFC, 0x24, 0x3A, 0x89, 0x06, 0x88, 0x01, 0x90, 0x90, 0x6A, 0x0C, 0xB9,
    0x20, 0x0E, 0x42, 0x3F, 0xA8, 0x33, 0x24, 0x80, 0x59, 0x08, 0xF6, 0x62, 0x3B, 0xA1, 0x19, 0x68,
    0x01, 0x1A, 0x66, 0xF9, 0xA1, 0xA1, 0x91, 0x71, 0xFE, 0x08, 0xDF, 0x9A, 0x6A, 0xA4, 0x69, 0xD0,
    0x8D, 0xAD, 0x50, 0xD8, 0xD4, 0x66, 0xCC, 0x6A, 0x96, 0xDC, 0x46, 0xDB, 0x04, 0xA4, 0xC4, 0x67,
    0xD1, 0x18, 0x6C, 0x45, 0xBB, 0x11, 0x56, 0xC4, 0x4F, 0xD1, 0x12, 0x64, 0x12, 0x3F, 0x06, 0xA6,
    0x4B, 0x93, 0x70, 0x37, 0x4D, 0x05, 0x52, 0x11, 0x0D, 0x2A, 0x42, 0x21, 0xA0, 0x87, 0xEF, 0x52,
    0x10, 0xFD, 0x84, 0x3B, 0x7A, 0x90, 0x87, 0x7E, 0x19, 0x29, 0x03, 0x3A, 0x62, 0x1B, 0xBD, 0x48,
    0x43, 0x76, 0x10, 0xCE, 0x69, 0x91, 0x33, 0x62, 0x78, 0x08, 0x39, 0x95, 0x83, 0x4F, 0xE2, 0x1E,
    0xCD, 0x2F, 0x2E, 0x19, 0xBA, 0x67, 0xC6, 0x9B, 0x61, 0x0D, 0xD6, 0xCB, 0x5D, 0x93, 0x83, 0x5E,
    0x56, 0xBB, 0x04, 0x9C, 0x1A, 0xF7, 0xE5, 0xD8, 0x84, 0x2B, 0x3E, 0x5D, 0x58, 0x42, 0x13, 0xE5,
    0xD2, 0xC4, 0x19, 0x5E, 0x5D, 0x08, 0x2B, 0x93, 0xE5, 0xCE, 0x8E, 0x6D, 0xC0, 0x1C, 0xEA, 0xBB,
    0x07, 0xB0, 0x41, 0xCE, 0x71, 0xF0, 0x5F, 0x4C, 0x41, 0x9D, 0x27, 0x46, 0x79, 0x73, 0x30, 0x5E,
    0x56, 0x0E, 0x20, 0xF9, 0x82, 0xEE, 0x90, 0x78, 0x6F, 0x2E, 0x50, 0x0B, 0xAB, 0xC1, 0xE2, 0x1C,
    0xB9, 0x18, 0x2E, 0x6B, 0x07, 0x89, 0x72, 0xE3, 0xE2, 0xDD, 0xC0, 0x64, 0xEE, 0x07, 0x9F, 0x81,
    0xE7, 0xEB, 0x20, 0xF0, 0xBA, 0xA4, 0x52, 0xF9, 0x91, 0x3E, 0x80, 0x78, 0xA6, 0x74, 0x0F, 0x14,
    0xD2, 0x01, 0xE2, 0xE4, 0x4D, 0xD6, 0x7A, 0xBF, 0xA5, 0x22, 0x6E, 0xB3, 0x35, 0xFD, 0x01, 0x13,
    0x75, 0x94, 0xAF, 0xE6, 0xC8, 0x9B, 0xEC, 0x95, 0x7F, 0x32, 0x44, 0xDD, 0x65, 0xAB, 0xF9, 0xC2,
    0x26, 0xFC, 0x0A, 0x5F, 0x05, 0xE4, 0xD4, 0x0B, 0x60, 0x21, 0xCF, 0x41, 0x5F, 0xD3, 0xA0, 0x8E,
    0xB5, 0xCD, 0x35, 0x7F, 0x5A, 0x44, 0xFA, 0xA0, 0x96, 0x60, 0x0B, 0x99, 0x13, 0xEA, 0x82, 0x79,
    0xD7, 0x32, 0x75, 0xFC, 0xD1, 0x13, 0xF2, 0x82, 0xA9, 0xD7, 0x31, 0x95, 0xFC, 0x90, 0x89, 0x2A,
    0x82, 0xC9, 0xD7, 0x31, 0xF5, 0xFC, 0xB1, 0x13, 0xEF, 0x51, 0x8B, 0x06, 0x5B, 0xE1, 0x96, 0xF4,
    0xA4, 0x1A, 0x7B, 0xA8, 0x65, 0xEA, 0x33, 0x31, 0x90, 0xC8, 0x20, 0xB3, 0xCB, 0x55, 0xE5, 0xE4,
    0x53, 0xC6, 0x6E, 0xBF, 0xA2, 0x11, 0x2D, 0x88, 0x93, 0x3D, 0x25, 0x7F, 0x56, 0x45, 0x6C, 0x6B,
    0xEB, 0x9A, 0x3A, 0xFE, 0xA8, 0x8A, 0xF6, 0x00, 0xC4, 0xAB, 0x99, 0x8A, 0xFE, 0x7C, 0x8A, 0xF8,
    0x00, 0xAC, 0xF1, 0xD5, 0xFC, 0xA1, 0x16, 0x31, 0xAF, 0xAE, 0x63, 0x6B, 0xF9, 0x32, 0x2C, 0xFA,
    0x24, 0x04, 0x4D, 0x88, 0x83, 0x02, 0xAD, 0xAC, 0xB8, 0x05, 0x12, 0x87, 0x82, 0x2A, 0x80, 0xA3,
    0x90, 0xC8, 0xAE, 0x44, 0xFA, 0x68, 0xAB, 0xFA, 0x82, 0x30, 0x5C, 0x33, 0x72, 0xD7, 0xD7, 0x34,
    0xB5, 0xFD, 0x61, 0x17, 0xEA, 0x19, 0xA9, 0x00, 0x66, 0x55, 0xCC, 0xED, 0x7F, 0x48, 0x45, 0xFA,
    0x86, 0x66, 0x40, 0x17, 0x9E, 0x46, 0xBF, 0x97, 0x23, 0x06, 0x43, 0x39, 0x2D, 0x7D, 0x73, 0x16,
    0x09, 0x79, 0x11, 0x7E, 0xA1, 0x9A, 0xB8, 0xAD, 0x3E, 0x04, 0xAC, 0x04, 0x8F, 0xE2, 0x2C, 0xFE,
    0x4A, 0x18, 0x1A, 0x09, 0x46, 0x83, 0x41, 0x60, 0x40, 0xC8, 0x45, 0x77, 0xAE, 0x68, 0xC2, 0x53,
    0x4D, 0x50, 0x4A, 0x6C, 0x23, 0x1C, 0x8A, 0xEA, 0x70, 0xF0, 0x51, 0x50, 0x46, 0xB7, 0xD7, 0x83,
    0xC2, 0x40, 0xB1, 0x90, 0x8D, 0xF0, 0x02, 0x29, 0x03, 0xCA, 0x40, 0xE2, 0x98, 0x8E, 0xB2, 0x01,
    0xA9, 0x83, 0xCE, 0xA2, 0x3E, 0xCE, 0xBC, 0x1E, 0xB2, 0x08, 0x2C, 0xC8, 0xCB, 0x94, 0xC8, 0xF8,
    0x15, 0xFD, 0x07, 0xA4, 0xCA, 0x8B, 0x47, 0x9D, 0xCC, 0x0A, 0xD5, 0x87, 0xAE, 0xCA, 0x41, 0x3B,
    0xC1, 0x1A, 0xA4, 0x23, 0x99, 0x84, 0xF6, 0xA4, 0x6B, 0xC8, 0x13, 0xA6, 0x13, 0xF9, 0x91, 0xAB,
    0x20, 0x1B, 0x90, 0x50, 0xAC, 0x46, 0xCD, 0x80, 0x76, 0x60, 0x50, 0xA9, 0x1B, 0x72, 0x05, 0x09,
    0x81, 0x8E, 0x62, 0x52, 0xC5, 0x46, 0x26, 0x8A, 0x6F, 0x01, 0x3F, 0x32, 0x70, 0x5A, 0x7D, 0xAB,
    0x1A, 0xD8, 0x91, 0xB6, 0x53, 0xA1, 0x0F, 0x48, 0x8D, 0xD3, 0x08, 0x55, 0xE1, 0x40, 0xAF, 0xA4,
    0x40, 0x4A, 0x59, 0x23, 0x5C, 0xA1, 0x75, 0xF8, 0x88, 0x95, 0x6A, 0x46, 0xB9, 0x41, 0xEB, 0xF0,
    0xC1, 0x2C, 0x54, 0x8D, 0x32, 0x81, 0x57, 0xE1, 0x02, 0x5B, 0xB9, 0x1A, 0x25, 0x01, 0xAF, 0xC1,
    0xC4, 0xBD, 0x5A, 0x7C, 0x4A, 0xB9, 0x04, 0xAF, 0xC2, 0x84, 0xC3, 0x60, 0xE7, 0x7D, 0x7B, 0xB6,
    0x0A, 0x45, 0x03, 0xA5, 0x60, 0xC3, 0xDA, 0x19, 0x5F, 0x89, 0x05, 0x1E, 0xF5, 0xC8, 0x8D, 0x7E,
    0x2E, 0x25, 0xC9, 0x11, 0xB2, 0xC0, 0x0C, 0x99, 0x1B, 0xAE, 0x03, 0x99, 0x41, 0xC4, 0xBF, 0x22,
    0x37, 0xD2, 0xB9, 0xFB, 0x3A, 0xAC, 0xA0, 0x22, 0x60, 0x91, 0x1C, 0xAD, 0x5C, 0xFF, 0x57, 0xE0,
    0x82, 0x62, 0x91, 0x1C, 0xE6, 0x13, 0xFB, 0x82, 0x1E, 0xC2, 0x54, 0xFD, 0x2E, 0x0A, 0x12, 0xEA,
    0x43, 0x08, 0xD7, 0x48, 0x41, 0x35, 0x25, 0x0E, 0x23, 0x47, 0x22, 0x15, 0xF8, 0xA9, 0x1A, 0x2D,
    0x0F, 0x23, 0x3D, 0xA0, 0xC0, 0x7A, 0x91, 0x19, 0xEF, 0xFD, 0x01, 0xD4, 0xA0, 0x44, 0x68, 0xC7,
    0xF0, 0x8C, 0xFF, 0x03, 0xA6, 0xC6, 0xA5, 0x28, 0x3F, 0x32, 0x14, 0x03, 0x9A, 0x82, 0xCE, 0x66,
    0x98, 0xC4, 0x12, 0xBB, 0x07, 0x04, 0x84, 0x80, 0x6F, 0x62, 0x38, 0x52, 0x1D, 0x5F, 0x1E, 0xB4,
    0xC8, 0xE1, 0x78, 0x8D, 0x7E, 0x2C, 0x03, 0xC9, 0x11, 0xC2, 0xF0, 0xAA, 0xFC, 0x40, 0x07, 0xD4,
    0x23, 0x85, 0xE0, 0x15, 0xF8, 0x29, 0x46, 0xEA, 0x47, 0x0A, 0x7E, 0xEB, 0xB0, 0x6A, 0xFC, 0x00,
    0x08, 0x54, 0x23, 0x8C, 0xCB, 0x77, 0x70, 0xDE, 0x7C, 0x20, 0xFF, 0x17, 0x07, 0x02, 0xBD, 0xA8,
    0x19, 0x1D, 0x66, 0xDC, 0xC9, 0x01, 0x4A, 0x67, 0xEA, 0x90, 0x41, 0x64, 0x7E, 0xB9, 0x04, 0x16,
    0xF5, 0x6C, 0x4B, 0x74, 0xA6, 0x47, 0x8A, 0x41, 0x08, 0xF1, 0x49, 0x69, 0x1E, 0x28, 0x01, 0x99,
    0x37, 0x52, 0xA4, 0x76, 0xA6, 0x25, 0xBA, 0x93, 0x23, 0xA5, 0x00, 0x23, 0x36, 0xEA, 0xD0, 0x8E,
    0xB4, 0x35, 0x47, 0xDB, 0x19, 0xC2, 0x9C, 0x5C, 0x19, 0x33, 0x1F, 0x4D, 0x20, 0x64, 0x73, 0xB9,
    0x6C, 0x7B, 0x56, 0xC4, 0x82, 0x4A, 0x44, 0x6F, 0xAC, 0x10, 0x8B, 0xB2, 0x8A, 0x91, 0xBE, 0xC0,
    0x16, 0x90, 0x24, 0x28, 0x47, 0x0A, 0xE2, 0x41, 0x1D, 0x22, 0x37, 0xD4, 0x02, 0x33, 0x04, 0x64,
    0xC3, 0x4B, 0x20, 0x84, 0xFC, 0x11, 0x9F, 0x6C, 0xFF, 0xCD, 0x4F, 0xC8, 0xD1, 0xA9, 0xEC, 0x07,
    0x49, 0x11, 0xC3, 0xE2, 0x3E, 0xA6, 0x24, 0x11, 0x52, 0x11, 0xD5, 0x40, 0xF3, 0x21, 0xDA, 0x5C,
    0x02, 0xD3, 0x04, 0x55, 0x04, 0x6D, 0x7C, 0x48, 0x22, 0xE4, 0x23, 0x1A, 0x80, 0x4A, 0x60, 0x8B,
    0x99, 0xA5, 0xBE, 0x47, 0x5F, 0xB9, 0x92, 0xA2, 0x30, 0x99, 0xA6, 0x26, 0x3A, 0xD9, 0x81, 0x0A,
    0xA6, 0x98, 0xC8, 0x32, 0x27, 0x96, 0x11, 0x56, 0x00, 0xEF, 0x22, 0xA1, 0xD0, 0x45, 0x37, 0x00,
    0xA4, 0x9B, 0xD1, 0x51, 0x14, 0x68, 0x19, 0xF3, 0xC0, 0x88, 0x97, 0x00, 0x18, 0x99, 0x51, 0xA6,
    0xB9, 0xBF, 0x8F, 0xF7, 0xE0, 0x43, 0x90, 0x47, 0x3E, 0x22, 0x4D, 0x1A, 0x4A, 0x73, 0xA1, 0x11,
    0xD0, 0x07, 0x12, 0x7B, 0xEC, 0x82, 0x3D, 0x38, 0x2D, 0x76, 0x54, 0x11, 0xE9, 0x42, 0x2C, 0x12,
    0xA1, 0x12, 0x64, 0x65, 0xF4, 0x11, 0x1D, 0x01, 0xC5, 0x21, 0x10, 0xD0, 0x1C, 0x12, 0x10, 0xFD,
    0x86, 0x4B, 0x43, 0x42, 0xD7, 0x36, 0x21, 0xCF, 0xBD, 0x87, 0x36, 0x08, 0x51, 0x1F, 0xBE, 0x47,
    0xDF, 0xA3, 0x53, 0x23, 0x04, 0xB9, 0xA3, 0x64, 0x30, 0x1B, 0x1A, 0x3A, 0x42, 0xFD, 0xC1, 0xA3,
    0xE4, 0x2F, 0x9C, 0x1A, 0x42, 0x42, 0xF6, 0xC1, 0xA4, 0x7E, 0x03, 0xFD, 0x82, 0x03, 0xE2, 0x29,
    0xE2, 0x33, 0xA6, 0x71, 0x4A, 0x23, 0x2F, 0xE8, 0xCB, 0xFA, 0x32, 0xFE, 0x8C, 0xBF, 0xA3, 0x2F,
    0xE8, 0xCB, 0xF9, 0x1F, 0x7E, 0x05, 0x1E, 0x9A, 0x82, 0xA6, 0x9F, 0xFA, 0x32, 0xFE, 0x8C, 0xBF,
    0xA3, 0x2F, 0xE6, 0xA0, 0xF9, 0x1E, 0xEA, 0x6A, 0x0F, 0x86, 0x87, 0xE0, 0xD0, 0x91, 0xA8, 0x36,
    0x38, 0xAD, 0xA3, 0x42, 0x96, 0x78, 0xFA, 0x34, 0x72, 0x6A, 0x3B, 0xA3, 0x4F, 0xE8, 0xD3, 0xFA,
    0x34, 0xFE, 0x8D, 0x3F, 0x86, 0x63, 0xE0, 0x42, 0x94, 0x7C, 0x8F, 0x3F, 0x46, 0xBE, 0xCD, 0x2B,
    0x94, 0x6C, 0xFD, 0x1B, 0x3F, 0x46, 0xCF, 0xD1, 0xB3, 0xF4, 0x6C, 0xFC, 0x8F, 0x3F, 0x04, 0x6F,
    0x80, 0x95, 0x41, 0x17, 0xFC, 0x45, 0xF6, 0x9D, 0x23, 0x5F, 0xA8, 0xD6, 0xFA, 0x35, 0xBE, 0x8D,
    0x6F, 0xA3, 0x5B, 0xE8, 0xD6, 0xFA, 0x35, 0xBE, 0x8D, 0x6F, 0x88, 0xFF, 0xE0, 0xA6, 0xE8, 0x8F,
    0x69, 0x1A, 0x46, 0xB7, 0xD1, 0xAD, 0xF4, 0x6B, 0x7D, 0x1A, 0xDF, 0x46, 0xB7, 0xD1, 0xAD, 0xF4,
    0x6B, 0x7C, 0x48, 0x9F, 0x02, 0x46, 0xD1, 0xAF, 0xF0, 0xE1, 0x65, 0xBD, 0x13, 0x46, 0xB5, 0xEC,
    0xF1, 0xD4, 0x6B, 0xFD, 0x1A, 0xFF, 0x46, 0xBF, 0xD1, 0xAF, 0xF4, 0x6B, 0xFD, 0x1A, 0xFF, 0x0E,
    0x07, 0xC0, 0x9D, 0x48, 0xEA, 0x35, 0xF8, 0x46, 0xEB, 0x23, 0x5F, 0xE8, 0xD7, 0xFA, 0x35, 0xFE,
    0x8D, 0x7F, 0xA3, 0x5F, 0xE8, 0xD7, 0xFA, 0x35, 0xFE, 0x8D, 0x7F, 0xA3, 0x5F, 0xE8, 0xD7, 0xFA,
    0x35, 0xFE, 0x8D, 0x7F, 0x91, 0xBF, 0xE0, 0x74, 0xA8, 0x6B, 0xEE, 0x23, 0x6F, 0xA3, 0x5B, 0xE8,
    0xD6, 0xFA, 0x35, 0xBE, 0x23, 0x5F, 0xA3, 0x5B, 0xE1, 0xA7, 0xF8, 0x0F, 0xAA, 0x8D, 0x6F, 0x85,
    0x46, 0x48, 0xD6, 0xFA, 0x35, 0xBE, 0x8D, 0x6F, 0xA3, 0x5B, 0xE8, 0xD6, 0xFA, 0x35, 0xBE, 0x18,
    0xEF, 0x81, 0x0A, 0x43, 0x09, 0xFA, 0x35, 0xB4, 0x84, 0xCA, 0xC6, 0x91, 0xAF, 0xF4, 0x6B, 0xFD,
    0x1A, 0xFF, 0x46, 0xBF, 0xD1, 0xAF, 0xF4, 0x6B, 0xFC, 0x11, 0xDF, 0x02, 0x5D, 0x23, 0x42, 0x36,
    0xFA, 0x35, 0xF5, 0x2A, 0x46, 0xBF, 0xD1, 0xAF, 0xF4, 0x6B, 0xFD, 0x1A, 0xFF, 0x46, 0xBF, 0xD1,
    0xAF, 0xF0, 0x49, 0x7E, 0xCF, 0x1A, 0x46, 0xBE, 0x85, 0x8D, 0x84, 0x6B, 0x7D, 0x1A, 0xDF, 0x46,
    0xB7, 0xD1, 0xAD, 0xF4, 0x6B, 0x7D, 0x1A, 0xDF, 0x0A, 0xAF, 0x23, 0x40, 0xD3, 0xFA, 0x35, 0xBE,
    0x8D, 0x6C, 0xD9, 0xE3, 0x08, 0xD7, 0xFA, 0x35, 0xFE, 0x8D, 0x7F, 0xA3, 0x5F, 0xF5, 0xB9, 0xF8,
    0x0E, 0x66, 0x8D, 0x5F, 0xA3, 0x57, 0x42, 0x0A, 0xD2, 0x35, 0x7E, 0x8D, 0x5F, 0xA3, 0x57, 0xE8,
    0xD5, 0xFA, 0x35, 0x7E, 0x03, 0xDA, 0x81, 0xDB, 0xE8, 0xD3, 0xF8, 0xB9, 0xE8, 0x8D, 0x3F, 0xA3,
    0x4F, 0xE8, 0xD3, 0xFA, 0x34, 0xFE, 0x8D, 0x3F, 0xA3, 0x4F, 0xE8, 0xD3, 0xF8, 0x14, 0x38, 0x6F,
    0xEB, 0x08, 0x76, 0xA8, 0xD0, 0xFA, 0x34, 0x3E, 0x8D, 0x0F, 0xA3, 0x43, 0xE8, 0xD0, 0xFA, 0x34,
    0x3E, 0x18, 0xFD, 0x03, 0x33, 0xE8, 0xCE, 0xA4, 0xA9, 0x19, 0xDF, 0x46, 0x77, 0xD1, 0x9D, 0xF4,
    0x67, 0x7D, 0x19, 0xDF, 0x46, 0x77, 0xD1, 0x9D, 0xF0, 0x21, 0x4C, 0x8A, 0x5E, 0x8F, 0x23, 0x33,
    0xE8, 0xCC, 0xFA, 0x33, 0x3E, 0x8C, 0xCF, 0xA3, 0x33, 0xE8, 0xCC, 0xFA, 0x33, 0x3E, 0x08, 0xBF,
    0x84, 0x6B, 0xE2, 0x1F, 0xFA, 0x32, 0xBE, 0x8C, 0xAA, 0x89, 0xBE, 0x68, 0xCB, 0xFA, 0x32, 0xFE,
    0x8C, 0xBF, 0xA3, 0x2F, 0xE8, 0xCB, 0xFA, 0x32, 0xFE, 0x8C, 0xBF, 0xA3, 0x2F, 0xE8, 0xCB, 0xF8,
    0x8E, 0x28, 0x8C, 0xBF, 0x82, 0xBA, 0xE8, 0xCA, 0xFA, 0x32, 0xBE, 0x8C, 0xAF, 0xA3, 0x2B, 0xE8,
    0xCA, 0xFA, 0x32, 0xBE, 0x8C, 0xAF, 0xA3, 0x2B, 0xE0, 0x4E, 0xA1, 0x18, 0x3E, 0x8C, 0x6F, 0x81,
    0x56, 0xD9, 0x80, 0x55, 0x53, 0x3E, 0x8C, 0x6E, 0x1A, 0xAE, 0x46, 0xAA, 0x9A, 0x32, 0x2E, 0x8C,
    0x6B, 0xA3, 0x13, 0x28, 0xC2, 0xBA, 0x30, 0x3E, 0x30, 0xDE, 0xA3, 0x03, 0x4D, 0x29, 0xFA, 0x2F,
    0x30, 0x45, 0x1C, 0x22, 0xE2, 0xC8, 0xB5, 0xCA, 0x2C, 0xFE, 0x8B, 0x3F, 0xA2, 0xCF, 0x53, 0xA4,
    0x59, 0xD6, 0xBF, 0x09, 0x22, 0x17, 0x21, 0x08, 0xA8, 0x91, 0x10, 0xAB, 0x07, 0xAF, 0xC2, 0xC8,
    0x85, 0x68, 0x2A, 0x49, 0xE4, 0x44, 0x2B, 0xC0, 0xAB, 0xF0, 0x62, 0x21, 0x62, 0x02, 0x87, 0x79,
    0x11, 0x0B, 0xE0, 0xF4, 0xD9, 0xC2, 0xA4, 0x8B, 0x2F, 0x47, 0x89, 0xFB, 0x68, 0x1A, 0x45, 0xA4,
    0x8B, 0x2D, 0xC2, 0xAB, 0xF0, 0xE4, 0x59, 0x6A, 0x18, 0x8A, 0xB9, 0x22, 0xCB, 0x20, 0x43, 0x9A,
    0x2C, 0xB7, 0x01, 0x49, 0x34, 0x91, 0x65, 0x9F, 0xD2, 0x36, 0x25, 0x01, 0x45, 0x97, 0xC3, 0x45,
    0xF2, 0x05, 0x7D, 0x16, 0x5F, 0x73, 0xCC, 0x91, 0x65, 0xA0, 0x28, 0x52, 0x16, 0x79, 0x2A, 0x43,
    0xCF, 0x25, 0x94, 0x58, 0xFD, 0x27, 0xB2, 0x06, 0x1C, 0xD1, 0x67, 0x84, 0x7F, 0x4A, 0x06, 0x8B,
    0x5D, 0xA3, 0xFE, 0x52, 0x70, 0x26, 0x49, 0x17, 0x1A, 0xAE, 0x40, 0x82, 0x21, 0x28, 0x32, 0x2E,
    0xFE, 0x45, 0xAE, 0x94, 0x73, 0xE8, 0xBB, 0xB4, 0xB9, 0x17, 0x79, 0xAE, 0x42, 0x6B, 0xF0, 0xD4,
    0x5E, 0xFC, 0x13, 0x14, 0x45, 0xFE, 0x80, 0x23, 0x34, 0x60, 0xEC, 0x1B, 0x54, 0x46, 0x1E, 0x80,
    0x9B, 0x64, 0x63, 0x6A, 0xB9, 0x00, 0x02, 0x6C, 0x80, 0xBF, 0x34, 0x64, 0xFC, 0x14, 0x7F, 0x02,
    0x9E, 0x84, 0x85, 0xF4, 0x64, 0xFD, 0xEE, 0x36, 0x39, 0x6C, 0x92, 0xB3, 0x3A, 0xFC, 0x29, 0x19,
    0x9D, 0x52, 0xF4, 0x81, 0x4F, 0x34, 0x67, 0x7C, 0x14, 0xD4, 0x09, 0xC5, 0x11, 0xA1, 0xC4, 0xF7,
    0x4A, 0x4E, 0x9E, 0xE9, 0x23, 0x4F, 0x49, 0xF0, 0x92, 0x35, 0x3E, 0x69, 0x4F, 0x99, 0x2F, 0x02,
    0x39, 0x94, 0x2B, 0x9D, 0x0A, 0x02, 0x8D, 0x51, 0xB1, 0xF0, 0xA3, 0xD6, 0xBB, 0x0A, 0xAF, 0xC1,
    0xC7, 0xF1, 0x90, 0x7A, 0xCC, 0x29, 0x34, 0xCB, 0x0F, 0xF2, 0xE8, 0xE0, 0xA8, 0x2C, 0xE9, 0x46,
    0x20, 0x0D, 0xD1, 0xC5, 0x50, 0xA7, 0xD0, 0x66, 0x73, 0x20, 0x3E, 0x01, 0xFD, 0x40, 0xA9, 0x4F,
    0x02, 0x40, 0xBB, 0xA3, 0x9A, 0xA1, 0x55, 0xB4, 0x4C, 0x0B, 0x37, 0x35, 0x27, 0xCD, 0x49, 0xF4,
    0x72, 0xFD, 0x1C, 0xBB, 0x47, 0x27, 0xC4, 0x85, 0x81, 0x26, 0x48, 0x49, 0x73, 0x1A, 0x5D, 0x05,
    0x3D, 0x43, 0x50, 0xCA, 0xCB, 0x5F, 0xB5, 0x84, 0x3A, 0x42, 0x9C, 0xA2, 0x3B, 0x28, 0x29, 0x7B,
    0x23, 0xB6, 0xC2, 0x93, 0xA2, 0x3B, 0xA8, 0x40, 0x8F, 0x82, 0x83, 0xA4, 0x99, 0xCC, 0x19, 0x1E,
    0x1A, 0x24, 0xC7, 0xD1, 0xE1, 0xF4, 0x78, 0x7D, 0x1E, 0x1F, 0x47, 0x87, 0xCA, 0x25, 0xF0, 0x1F,
    0xD8, 0x3B, 0x7F, 0xA1, 0xCA, 0x28, 0x9F, 0x3A, 0x2F, 0xFE, 0x8F, 0x21, 0xB2, 0x41, 0xE9, 0x1F,
    0x44, 0x7A, 0xF8, 0x12, 0x34, 0x54, 0xA5, 0x8D, 0x6B, 0xF4, 0x7B, 0x7D, 0x1E, 0xDF, 0x47, 0xB7,
    0xD1, 0xED, 0xF4, 0x7B, 0x7C, 0x12, 0xFF, 0x4E, 0x4E, 0x0D, 0x7F, 0xF4, 0x7B, 0x7D, 0x1E, 0xDF,
    0x47, 0xB7, 0xCD, 0x81, 0xF4, 0x7B, 0x7C, 0x4E, 0x5F, 0x54, 0xC7, 0x4B, 0xD5, 0x31, 0xD8, 0xD2,
    0x34, 0x8F, 0x2D, 0xA3, 0xC7, 0x28, 0xEF, 0xFA, 0x3B, 0xFE, 0x8E, 0xFF, 0xA3, 0xBF, 0xE2, 0x5E,
    0xF8, 0x0E, 0xEE, 0x49, 0x8C, 0x23, 0xAF, 0x48, 0xE9, 0xFA, 0x3A, 0x7E, 0x8E, 0x9F, 0xA3, 0xA7,
    0xE8, 0xE9, 0xFA, 0x3A, 0x7E, 0x08, 0x0F, 0xAC, 0x67, 0x34, 0x39, 0x78, 0x94, 0x27, 0x47, 0x90,
    0x09, 0x47, 0xE2, 0x51, 0x94, 0xA9, 0x1D, 0x7D, 0x68, 0x5D, 0x91, 0xD9, 0xF4, 0x76, 0x7D, 0x1D,
    0x9F, 0x47, 0x67, 0xD1, 0xD9, 0xF4, 0x76, 0x7D, 0x1D, 0x9F, 0x12, 0xBF, 0xD8, 0x0B, 0x81, 0x28,
    0xD2, 0x74, 0x8E, 0xCF, 0xA3, 0xB3, 0xE8, 0xEC, 0xFA, 0x3B, 0x3E, 0x8E, 0xCF, 0xA3, 0xB3, 0xE8,
    0xEC, 0xF8, 0x91, 0xFE, 0x04, 0x8D, 0x89, 0x1F, 0xE8, 0xEC, 0xE2, 0xAB, 0xA8, 0x0F, 0x9C, 0x23,
    0xAF, 0xE8, 0xEB, 0xFA, 0x3A, 0xFE, 0x8E, 0xBF, 0xA3, 0xAF, 0xE8, 0xEB, 0xF8, 0x13, 0x7E, 0xD5,
    0xBC, 0x2C, 0xE3, 0xE8, 0xEB, 0xFA, 0x3A, 0xFE, 0x8E, 0xBF, 0x89, 0x03, 0xE8, 0xEB, 0xFA, 0x3A,
    0xFE, 0x8E, 0xBF, 0x88, 0xD7, 0xE8, 0xEB, 0xFA, 0x3A, 0xFE, 0x8E, 0xBF, 0xA3, 0xAF, 0xE0, 0x74,
    0xFD, 0x9E, 0x4E, 0x1A, 0xFB, 0xAF, 0x92, 0xC2, 0x2C, 0xFA, 0x3B, 0x3E, 0x8E, 0xCF, 0x88, 0xAF,
    0xE8, 0xEC, 0xF8, 0x8A, 0xFE, 0x1A, 0xAF, 0xAC, 0x8B, 0xA8, 0xEC, 0x9C, 0xA9, 0x1D, 0x9F, 0x47,
    0x67, 0xD1, 0xD9, 0xF4, 0x76, 0x7D, 0x1D, 0x9F, 0x47, 0x67, 0xC3, 0x1D, 0xF5, 0xFB, 0x7D, 0x1D,
    0x9E, 0x43, 0x0D, 0x91, 0xD7, 0xF4, 0x75, 0xFD, 0x1D, 0x7F, 0x47, 0x5F, 0xD1, 0xD7, 0xF4, 0x75,
    0xFC, 0x11, 0xBF, 0x02, 0x54, 0xC9, 0x11, 0xF4, 0x75, 0xEA, 0x34, 0x8E, 0xBF, 0xA3, 0xAF, 0xE8,
    0xEB, 0xFA, 0x3A, 0xFE, 0x8E, 0xBF, 0xA3, 0xAF, 0xE0, 0x91, 0xF8, 0x35, 0x2A, 0x8E, 0xBB, 0x25,
    0xDA, 0xA4, 0xC2, 0xA2, 0x3B, 0x3E, 0x8E, 0xCF, 0xA3, 0xB3, 0xE8, 0xEC, 0xFA, 0x3B, 0x3E, 0x8E,
    0xCF, 0x8F, 0x67, 0xE8, 0xEC, 0xFA, 0x3B, 0x3E, 0x8E, 0xCB, 0xA3, 0xAF, 0xE8, 0xEB, 0xFA, 0x3A,
    0xFE, 0x8E, 0xBF, 0x91, 0x4F, 0xE8, 0xED, 0xF8, 0x83, 0x3E, 0x8E, 0xDF, 0xA3, 0xB7, 0xE8, 0xED,
    0xFA, 0x3B, 0x7E, 0x8E, 0xDF, 0x81, 0xE7, 0xE8, 0xEF, 0xFA, 0x3B, 0xF4, 0x53, 0xC9, 0x91, 0x3E,
    0x66, 0x83, 0xAA, 0x3C, 0x3E, 0x8F, 0x0F, 0xA3, 0xC3, 0xE8, 0xF0, 0xFA, 0x3C, 0x3E, 0x8F, 0x0F,
    0x91, 0x3F, 0xEB, 0x10, 0xCB, 0xFC, 0x70, 0x8F, 0x2F, 0xA3, 0xCB, 0xE8, 0xF2, 0xFA, 0x3C, 0xBE,
    0x8F, 0x2F, 0xA3, 0xCB, 0xE1, 0x96, 0xFA, 0xC4, 0x6C, 0x8F, 0x4F, 0xC6, 0x91, 0xE9, 0xF4, 0x7A,
    0x7D, 0x1E, 0x9F, 0x47, 0xA7, 0xD1, 0xE9, 0xF4, 0x7A, 0x7D, 0x1E, 0x9F, 0x35, 0xC7, 0xDA, 0x93,
    0x83, 0xF8, 0xC9, 0x46, 0x96, 0x47, 0xBF, 0xD1, 0xEF, 0xF4, 0x7B, 0xFD, 0x1E, 0xFF, 0x47, 0xBF,
    0xD1, 0xEF, 0xF2, 0x30, 0x7D, 0x1E, 0xFF, 0x47, 0xBF, 0xD1, 0xEF, 0xF4, 0x7B, 0xF1, 0x1E, 0xDF,
    0x47, 0xB7, 0xD1, 0xED, 0xF4, 0x7B, 0x7D, 0x1E, 0xDF, 0x47, 0xB7, 0xD1, 0xED, 0xF4, 0x7B, 0x7D,
    0x34, 0x7F, 0x4F, 0x35, 0x51, 0xE9, 0xF4, 0x7A, 0x7D, 0x1E, 0x9F, 0x47, 0xA7, 0xD1, 0xE9, 0xF4,
    0x7A, 0x7D, 0x1E, 0x9F, 0x47, 0xA7, 0xD1, 0xE9, 0xF0, 0x57, 0xFC, 0x49, 0x9F, 0x47, 0xB7, 0xC3,
    0xA7, 0x68, 0x50, 0x2A, 0xE9, 0x10, 0x47, 0xBF, 0x21, 0x75, 0xF8, 0x8A, 0x3D, 0x6E, 0x70, 0x19,
    0x43, 0x11, 0xEF, 0x73, 0xDA, 0xCA, 0x10, 0x8F, 0x9C, 0x9C, 0x0E, 0x50, 0x74, 0x7D, 0xDE, 0xB9,
    0x04, 0x40, 0xC4, 0x91, 0xFB, 0xF0, 0xA1, 0xFD, 0x1F, 0xB7, 0x35, 0x5D, 0x8E, 0x71, 0x28, 0x90,
    0x50, 0x6F, 0x5C, 0x88, 0xD7, 0xE2, 0xE9, 0x01, 0xC8, 0x03, 0x26, 0x46, 0x9B, 0x80, 0xE6, 0x50,
    0x74, 0x82, 0xDC, 0xFD, 0xB2, 0x93, 0x1C, 0xCA, 0x49, 0x08, 0xC5, 0x73, 0xFC, 0x74, 0x49, 0x24,
    0x2B, 0xE9, 0x0A, 0xFA, 0x42, 0xB3, 0x1A, 0x48, 0x55, 0x6B, 0x90, 0x82, 0x67, 0xCA, 0x1C, 0x46,
    0x3E, 0x44, 0x2B, 0xF1, 0x52, 0x31, 0xDA, 0x1E, 0x46, 0x2B, 0x41, 0x80, 0xF5, 0x22, 0x31, 0x5F,
    0xFA, 0x03, 0xA9, 0x40, 0x88, 0xC7, 0x8F, 0xE1, 0x18, 0xBE, 0xD0, 0xFF, 0x41, 0xD2, 0x17, 0xE3,
    0x4A, 0x56, 0x08, 0x78, 0xF9, 0x42, 0x92, 0x17, 0xC8, 0x75, 0x7C, 0x7A, 0x33, 0x23, 0x5D, 0xE2,
    0x35, 0xF8, 0xB2, 0x42, 0xF5, 0x0A, 0x3E, 0x2C, 0x92, 0x17, 0xB8, 0x02, 0x51, 0xA4, 0x90, 0xBC,
    0xFE, 0xEB, 0xB0, 0x6A, 0xFC, 0x01, 0x21, 0x7F, 0x0D, 0xB7, 0xD2, 0x17, 0xF4, 0x85, 0xFC, 0x2B,
    0x98, 0x48, 0x5E, 0x60, 0xC1, 0x04, 0xA4, 0x30, 0x20, 0x99, 0x48, 0x5F, 0xD2, 0x13, 0xB4, 0x83,
    0xED, 0x20, 0x9B, 0x48, 0x0F, 0xD2, 0x03, 0xF4, 0x80, 0xFD, 0xAB, 0x56, 0x3F, 0xDC, 0x9F, 0xA9,
    0x74, 0x80, 0x7D, 0x1F, 0xDB, 0x47, 0xE6, 0xD1, 0xF5, 0xB4, 0x7B, 0xED, 0x1E, 0x9F, 0x16, 0xA7,
    0xDF, 0x1D, 0xF1, 0x1F, 0xFD, 0x1E, 0x9F, 0x23, 0x5F, 0xD1, 0xE3, 0x54, 0x77, 0xFD, 0x1D, 0xF7,
    0x47, 0x6F, 0x51, 0xD5, 0xB4, 0x74, 0xFC, 0xD2, 0x3F, 0x1F, 0xA7, 0x51, 0xCB, 0xF3, 0x49, 0xE0,
    0x19, 0x33, 0xCB, 0x08, 0xA7, 0x08, 0xDD, 0xA0, 0xC5, 0xE4, 0x22, 0x8B, 0xA3, 0x6E, 0x83, 0x18,
    0xA0, 0x89, 0xF2, 0x0D, 0x09, 0xE0, 0x44, 0x49, 0x84, 0x6B, 0xD0, 0x63, 0x52, 0x34, 0x67, 0xC7,
    0xF1, 0xF1, 0xFC, 0x7D, 0x1B, 0x1F, 0x46, 0xC6, 0x8B, 0xB3, 0x64, 0x6C, 0xFC, 0x1B, 0xD2, 0x19,
    0x4D, 0x16, 0x33, 0x5A, 0xFA, 0xC6, 0x6D, 0x15, 0x58, 0xCE, 0x06, 0x3F, 0x33, 0x40, 0x57, 0x36,
    0x21, 0xCF, 0x93, 0xD7, 0x0A, 0xB3, 0x91, 0x1E, 0x7E, 0x47, 0x8F, 0xA3, 0x37, 0xE8, 0xCD, 0xFA,
    0x33, 0x7E, 0x8C, 0xDF, 0x9A, 0x33, 0xE5, 0xC7, 0xF8, 0x67, 0x7E, 0x8C, 0x8E, 0x1C, 0x3E, 0x88,
    0xC7, 0xFA, 0x31, 0xFE, 0x8C, 0x7F, 0xA3, 0x1F, 0xE8, 0xC7, 0xFA, 0x31, 0xFE, 0x47, 0x7F, 0x81,
    0x47, 0xA6, 0x9B, 0xB2, 0x42, 0xAA, 0x69, 0xBF, 0xA3, 0x23, 0xE8, 0xC8, 0xFA, 0x32, 0x3E, 0x8C,
    0x8F, 0x9A, 0x73, 0xE1, 0xA2, 0xFA, 0x32, 0x2C, 0x69, 0xCC, 0x0E, 0x27, 0x68, 0xCC, 0xF1, 0xA7,
    0xAE, 0x8C, 0xEF, 0xA3, 0x3B, 0xE8, 0xCE, 0xFA, 0x33, 0xBE, 0x19, 0x8F, 0xA2, 0x26, 0xE4, 0x74,
    0xE2, 0x34, 0xB4, 0x69, 0x0C, 0xA3, 0x53, 0xE8, 0xD4, 0xFA, 0x35, 0x3E, 0x8D, 0x4F, 0xA3, 0x53,
    0xE4, 0x73, 0xF8, 0x23, 0x3E, 0x22, 0xFF, 0x88, 0xBF, 0x53, 0xA4, 0x69, 0x7D, 0x1A, 0x5F, 0x46,
    0x97, 0xD1, 0xA5, 0xF4, 0x69, 0x7D, 0x1A, 0x5F, 0x46, 0x97, 0xD1, 0xA5, 0xF1, 0x20, 0x7D, 0x1A,
    0x5F, 0x11, 0xF4, 0x9D, 0xAF, 0x34, 0x69, 0x7D, 0x1A, 0x5F, 0x46, 0x97, 0xD1, 0xA5, 0xF4, 0x69,
    0x7D, 0x1A, 0x5F, 0x46, 0x97, 0xC4, 0x8B, 0xF4, 0x69, 0x7D, 0x1A, 0x5F, 0x46, 0x95, 0x65, 0x48,
    0xD2, 0xBD, 0x9E, 0x52, 0x8D, 0x3F, 0xA3, 0x4F, 0xE8, 0xD3, 0xFA, 0x34, 0xFE, 0x8D, 0x3F, 0xA3,
    0x4F, 0xE1, 0xC1, 0xF8, 0x13, 0xA9, 0x29, 0x46, 0x9F, 0x16, 0x37, 0xA4, 0x69, 0xFD, 0x1A, 0x7F,
    0x46, 0x9F, 0xC4, 0x8D, 0xF4, 0x69, 0xFD, 0x1A, 0x7F, 0x46, 0x9F, 0xC4, 0x83, 0xF4, 0x69, 0xFD,
    0x1A, 0x7F, 0x46, 0x9F, 0xD1, 0xA7, 0xF0, 0x3A, 0x7E, 0xCF, 0x29, 0x0D, 0x85, 0xC4, 0x6D, 0xF4,
    0x69, 0x7D, 0x1A, 0x5F, 0x46, 0x97, 0xC4, 0x6B, 0xF4, 0x69, 0x7C, 0x35, 0x1F, 0x01, 0xF5, 0x51,
    0xA5, 0xF0, 0xA8, 0xC9, 0x1A, 0x5F, 0x46, 0x97, 0xD1, 0xA5, 0xF4, 0x69, 0x7D, 0x1A, 0x5F, 0x46,
    0x97, 0xC3, 0x1D, 0xF0, 0x21, 0x48, 0x61, 0x5F, 0x46, 0x96, 0x90, 0x91, 0x59, 0x5A, 0x34, 0xFE,
    0x8D, 0x3F, 0xA3, 0x4F, 0xE8, 0xD3, 0xFA, 0x34, 0xFE, 0x8D, 0x3F, 0x82, 0x3B, 0xE0, 0x4B, 0xA4,
    0xAC, 0x46, 0xFF, 0x46, 0x9E, 0xA5, 0x48, 0xD3, 0xFA, 0x34, 0xFE, 0x8D, 0x3F, 0xA3, 0x4F, 0xE8,
    0xD3, 0xFA, 0x34, 0xFE, 0x09, 0x2F, 0xD9, 0xE5, 0x68, 0xD3, 0xD0, 0xB1, 0xF0, 0x8D, 0x2F, 0xA3,
    0x4B, 0xE8, 0xD2, 0xFA, 0x34, 0xBE, 0x8D, 0x2F, 0xA3, 0x4B, 0xE1, 0x55, 0xE4, 0xAC, 0x1A, 0x7F,
    0x46, 0x97, 0xCA, 0x7D, 0x29, 0xBA, 0x34, 0xBE, 0x8D, 0x2F, 0xA3, 0x4B, 0xE8, 0xD2, 0xE4, 0x5C,
    0x07, 0x3F, 0x03, 0xD4, 0x91, 0xA5, 0xF4, 0x69, 0x66, 0x3D, 0x67, 0x22, 0xD7, 0xD1, 0xA7, 0xF4,
    0x69, 0xFD, 0x1A, 0x7F, 0x46, 0x9F, 0xC0, 0xF5, 0xF0, 0x20, 0x4E, 0x5C, 0x07, 0xAF, 0xA3, 0x4F,
    0xE2, 0xEB, 0xA1, 0x16, 0xAE, 0x8D, 0x2F, 0xA3, 0x4B, 0xE8, 0xD2, 0xFA, 0x34, 0xBE, 0x8D, 0x2F,
    0xA3, 0x4B, 0xE4, 0x5A, 0xF8, 0x14, 0xB0, 0x0B, 0xD9, 0x88, 0x8F, 0x08, 0xD2, 0xFA, 0x34, 0xBE,
    0x8D, 0x2F, 0xA3, 0x4B, 0xE8, 0xD2, 0xFA, 0x34, 0xB2, 0x0D, 0x0B, 0x06, 0x57, 0xF6, 0x79, 0x70,
    0x34, 0xFE, 0x19, 0x4A, 0x50, 0xC3, 0x29, 0x41, 0xBD, 0x55, 0x1A, 0xF4, 0xB3, 0xCC, 0x11, 0xB1,
    0xD4, 0x1D, 0x6D, 0x1B, 0x76, 0x41, 0xCD, 0x91, 0xB7, 0x64, 0x1C, 0x61, 0x1B, 0x98, 0x41, 0xC6,
    0x91, 0xBD, 0x64, 0x1B, 0x59, 0x1B, 0xD6, 0x0D, 0x0F, 0xD1, 0xC1, 0xB9, 0x80, 0xCA, 0xF0, 0xD3,
    0xDA, 0xA0, 0xCA, 0xE8, 0xDE, 0xFA, 0x37, 0xAE, 0x1A, 0x9B, 0xA3, 0x7E, 0xE1, 0xA9, 0xBA, 0x38,
    0x32, 0x1A, 0xAC, 0xA3, 0x8B, 0x61, 0xAD, 0xBA, 0x38, 0xAE, 0x1A, 0xDF, 0x8B, 0x1F, 0xE0, 0x4F,
    0xC0, 0x4D, 0x7E, 0x23, 0xED, 0x3A, 0x92, 0xD4, 0xBC, 0x51, 0xA9, 0xA8, 0x2D, 0x2A, 0x23, 0x9F,
    0xE8, 0xE7, 0xFA, 0x39, 0xFE, 0x8E, 0x7F, 0xA3, 0x9F, 0xE8, 0xE7, 0xFA, 0x39, 0xFE, 0x8E, 0x7F,
    0xA3, 0x9F, 0x00, 0xB5, 0xF8, 0x19, 0x68, 0x10, 0x89, 0xBE, 0x93, 0x08, 0xED, 0xF5, 0x9E, 0x66,
    0x15, 0x3B, 0xBE, 0x93, 0x48, 0xF1, 0xDB, 0xE9, 0x6E, 0x8F, 0x1C, 0xBE, 0x92, 0xE8, 0xF1, 0xDB,
    0xE8, 0xF2, 0x8F, 0x1D, 0xBE, 0x92, 0xE8, 0xF1, 0xCB, 0xE8, 0xAE, 0xA3, 0x5F, 0x01, 0x5B, 0x53,
    0x32, 0x43, 0xFC, 0xD9, 0x32, 0x82, 0x05, 0x7A, 0x45, 0x2B, 0xB8, 0x45, 0x2E, 0xF9, 0x99, 0x02,
    0xCA, 0x4F, 0x9A, 0x92, 0x3B, 0xB4, 0x6D, 0x39, 0x1B, 0x4A, 0x62, 0x6E, 0x95, 0xE4, 0xD9, 0x94,
    0xAB, 0x73, 0x65, 0x86, 0xCC, 0xA5, 0x2C, 0x21, 0xD3, 0x36, 0x65, 0x28, 0x5C, 0xDA, 0xC9, 0x1E,
    0x29, 0x3A, 0x08, 0x24, 0xC2, 0x9B, 0x90, 0x1F, 0xED, 0x89, 0xDF, 0x23, 0xCF, 0xA6, 0x61, 0xE1,
    0x99, 0x1E, 0x28, 0x1D, 0xE9, 0x11, 0xE2, 0x52, 0x80, 0xED, 0x54, 0x8F, 0x12, 0x91, 0x87, 0x5E,
    0x64, 0x77, 0x94, 0x7C, 0x3A, 0x73, 0x23, 0xB6, 0x11, 0xB7, 0xF1, 0x2B, 0xD8, 0x39, 0x97, 0x46,
    0xFD, 0x05, 0xAF, 0x30, 0x63, 0xCA, 0xBF, 0x09, 0x12, 0xA6, 0x41, 0x8D, 0x7A, 0xE4, 0x21, 0x1A,
    0xF2, 0xAF, 0x83, 0x0A, 0xA9, 0x58, 0x94, 0x2C, 0x2E, 0x92, 0x05, 0xFD, 0x2B, 0x90, 0x54, 0xAC,
    0x48, 0x4A, 0x93, 0x05, 0xE5, 0x92, 0x4D, 0x28, 0x30, 0x94, 0xE4, 0x0B, 0x8A, 0x25, 0x7E, 0x50,
    0x51, 0x29, 0x50, 0x38, 0x17, 0x05, 0x97, 0xC0, 0xE5, 0x23, 0x9F, 0xCD, 0x1C, 0xF8, 0x05, 0x64,
    0x85, 0xC5, 0x49, 0xA8, 0x2B, 0x29, 0x03, 0x4A, 0x5C, 0x91, 0xCF, 0xB8, 0x55, 0x7E, 0x1C, 0x29,
    0x7B, 0x92, 0x06, 0x90, 0xC4, 0x70, 0xC8, 0x53, 0x16, 0x24, 0x15, 0x00, 0x95, 0x31, 0x4C, 0xE8,
    0x90, 0x94, 0x80, 0xA5, 0x7E, 0x42, 0x9A, 0xB1, 0x21, 0x69, 0xFA, 0x48, 0x94, 0xA0, 0x22, 0x9C,
    0xD9, 0x74, 0xBE, 0x1C, 0x0F, 0xD9, 0xE6, 0xA1, 0xC0, 0xF8, 0x99, 0xE8, 0x1B, 0xDB, 0x05, 0x86,
    0x45, 0x0C, 0xB2, 0x3C, 0xB5, 0x0B, 0x3E, 0x95, 0x21, 0xE7, 0xD2, 0xBA, 0x1A, 0x32, 0x8F, 0x5A,
    0x21, 0xA7, 0x00, 0x60, 0x94, 0x19, 0x2B, 0x12, 0x43, 0x66, 0x80, 0xC3, 0x28, 0x05, 0x7E, 0x06,
    0x86, 0xFE, 0x81, 0x86, 0x5F, 0xB2, 0xD1, 0x4A, 0x02, 0x87, 0x3D, 0x81, 0x8E, 0x50, 0x20, 0x98,
    0x4A, 0x0C, 0x87, 0x7D, 0x9B, 0x6B, 0xE0, 0x5D, 0xA9, 0x59, 0x7E, 0x1B, 0xEB, 0xA4, 0x2A, 0xD2,
    0xE4, 0x3D, 0xD4, 0x57, 0xF4, 0x84, 0xD7, 0xE1, 0xA0, 0xFA, 0xFA, 0x43, 0xAA, 0x0B, 0x3A, 0x03,
    0xF2, 0xC9, 0x11, 0xA8, 0x05, 0x66, 0x0F, 0xFB, 0xA4, 0x52, 0xA0, 0xFA, 0xA0, 0x40, 0xB4, 0x91,
    0x89, 0x81, 0x6E, 0xC1, 0x05, 0xB2, 0x47, 0x2B, 0x5C, 0x80, 0x01, 0x6E, 0x40, 0x70, 0x98, 0x42,
    0x70, 0x92, 0x1F, 0x82, 0xFF, 0xE0, 0x61, 0xA8, 0x9E, 0xB4, 0x06, 0x0B, 0x24, 0x87, 0xE6, 0xF1,
    0xA0, 0x88, 0x6A, 0x0A, 0xA9, 0x24, 0x93, 0xAA, 0xB6, 0x90, 0x2F, 0x38, 0x0B, 0x9D, 0x85, 0x7E,
    0x80, 0xB8, 0xE2, 0x91, 0xA5, 0x27, 0x52, 0x34, 0x81, 0x6F, 0xA5, 0x24, 0x49, 0x25, 0x9F, 0x37,
    0x5F, 0xC2, 0xCF, 0x98, 0x3D, 0x82, 0x14, 0x27, 0x1C, 0x39, 0xCB, 0x48, 0xE2, 0xA0, 0xDD, 0x64,
    0x16, 0xB9, 0xD7, 0x61, 0x55, 0xF8, 0x38, 0x9C, 0xB4, 0x10, 0xB9, 0x05, 0xB6, 0x83, 0x74, 0xB2,
    0x4E, 0x6E, 0x0B, 0xBA, 0x0D, 0xDE, 0xC9, 0x3B, 0xB8, 0x5C, 0x68, 0x37, 0x9D, 0x24, 0xF6, 0xA1,
    0x72, 0xA0, 0xDE, 0xAC, 0x93, 0xFB, 0x85, 0xD2, 0xC3, 0x7E, 0xC0, 0x9D, 0x30, 0x23, 0x4F, 0x8B,
    0x2E, 0x42, 0x74, 0xF8, 0x5B, 0xE4, 0x06, 0x0B, 0x2D, 0xA3, 0x09, 0x91, 0xD2, 0x50, 0xBE, 0x11,
    0x5C, 0x8A, 0x16, 0x62, 0x84, 0x98, 0xE5, 0x28, 0x11, 0x7B, 0x57, 0x2C, 0xB5, 0xFB, 0x58, 0x47,
    0xA4, 0x11, 0x5B, 0x2B, 0x02, 0x61, 0x10, 0xB8, 0xE2, 0xE8, 0x10, 0xDB, 0x0E, 0x22, 0x43, 0xD2,
    0xF0, 0xC6, 0xFE, 0x1B, 0xCC, 0x05, 0x82, 0xEE, 0x4F, 0xB1, 0x3D, 0xFE, 0x95, 0x2F, 0xA5, 0x4B,
    0xE9, 0x52, 0xFA, 0x54, 0xBF, 0x0A, 0x85, 0x53, 0xA2, 0xD5, 0x10, 0x21, 0x7C, 0x78, 0x9F, 0x04,
    0xB5, 0x28, 0x72, 0x8A, 0x27, 0xCE, 0x8B, 0xFF, 0xA3, 0xC8, 0x6C, 0x90, 0x7A, 0x47, 0xD1, 0x2B,
    0x3A, 0x91, 0xA5, 0x66, 0x53, 0xAA, 0x9C, 0x9D, 0xBA, 0x74, 0x9A, 0xD6, 0x64, 0x60, 0x98, 0xA4,
    0x98, 0xCA, 0x54, 0x95, 0x1C, 0x6B, 0xE0, 0xFB, 0x94, 0x9E, 0xBF, 0x2B, 0x28, 0x0E, 0xA4, 0x95,
    0xF9, 0x41, 0x40, 0x75, 0x21, 0xAF, 0xC9, 0x4A, 0x03, 0xE9, 0x05, 0x7E, 0x48, 0x50, 0x1D, 0x48,
    0xAB, 0xF2, 0x62, 0x80, 0xFC, 0x0B, 0x3E, 0x9A, 0x9C, 0x93, 0x52, 0x8A, 0xF8, 0xD0, 0x64, 0x2A,
    0x3A, 0x4A, 0xEB, 0xF2, 0xF4, 0xAD, 0xE8, 0x01, 0x72, 0x4A, 0xDE, 0x80, 0x61, 0x34, 0xAD, 0xF6,
    0x39, 0x5F, 0x90, 0x1C, 0x97, 0x51, 0xEA, 0xFC, 0x88, 0xA0, 0x17, 0x39, 0x27, 0xC3, 0xB7, 0xF3,
    0x27, 0x4E, 0x9B, 0x33, 0x14, 0x84, 0xA3, 0x55, 0x39, 0xD0, 0xA4, 0x29, 0x22, 0x4A, 0xB6, 0xA4,
    0xB5, 0xF9, 0x48, 0x6D, 0x69, 0x2A, 0xAF, 0xCB, 0x92, 0xA9, 0x89, 0x8A, 0x55, 0x30, 0x01, 0x49,
    0x57, 0x24, 0x75, 0xF9, 0x3A, 0x55, 0x31, 0x89, 0xAE, 0x47, 0x6B, 0xF2, 0x14, 0xAA, 0x60, 0x02,
    0x72, 0x02, 0x55, 0x12, 0xAD, 0xF0, 0x1E, 0xE8, 0x17, 0xF3, 0x27, 0x3D, 0x24, 0x41, 0x59, 0xB0,
    0x25, 0x64, 0x26, 0x6B, 0x4A, 0x6B, 0xF2, 0xD4, 0xA8, 0x6A, 0x62, 0x24, 0x99, 0x02, 0x1E, 0x69,
    0x50, 0xB8, 0x05, 0xE5, 0x5C, 0x93, 0x57, 0xE5, 0x49, 0x50, 0xC6, 0x26, 0xB9, 0x1F, 0xAF, 0xC8,
    0xD2, 0xA1, 0xC0, 0x0C, 0x4E, 0x37, 0x5F, 0x8F, 0xA5, 0x43, 0xE0, 0x82, 0xF8, 0x97, 0xB7, 0x43,
    0x97, 0x89, 0x7E, 0x74, 0x79, 0x02, 0x54, 0xBD, 0xCE, 0x1D, 0xC4, 0xA5, 0x55, 0x3E, 0xB0, 0x23,
    0x6E, 0x26, 0x0A, 0x08, 0x42, 0xA0, 0x39, 0x90, 0x98, 0x3A, 0x0D, 0xA9, 0x01, 0x2A, 0x64, 0xD7,
    0xB8, 0x20, 0x24, 0x0D, 0xC9, 0x01, 0x6E, 0x64, 0xD8, 0xB8, 0x07, 0xE4, 0x0D, 0xE9, 0x01, 0xB6,
    0x64, 0xD8, 0xC8, 0x83, 0x26, 0x11, 0x19, 0x93, 0x5F, 0x20, 0x1B, 0x9C, 0x70, 0x13, 0xB4, 0x4A,
    0x97, 0xDB, 0x81, 0x90, 0x51, 0xEE, 0x61, 0x4D, 0x91, 0x89, 0x82, 0x41, 0x66, 0x98, 0x7F, 0xE6,
    0x0A, 0x5B, 0x83, 0x16, 0x42, 0x5B, 0xC0, 0x34, 0xA6, 0x95, 0x4C, 0x82, 0x36, 0x40, 0x4B, 0x90,
    0x3A, 0x66, 0x95, 0x4C, 0x80, 0x6A, 0x49, 0x54, 0xF0, 0x12, 0xE6, 0x0F, 0xF9, 0x25, 0x53, 0x40,
    0x1B, 0x98, 0x4B, 0x6A, 0x73, 0xAC, 0x09, 0x5B, 0xE2, 0x56, 0xFA, 0x54, 0xFE, 0x1B, 0xD9, 0xD4,
    0x24, 0x62, 0x56, 0x92, 0xC5, 0xE8, 0x05, 0x5C, 0x48, 0xC3, 0x79, 0x49, 0x38, 0x6F, 0x3E, 0x25,
    0x59, 0x62, 0xEB, 0xF9, 0x04, 0xA9, 0xE1, 0x99, 0x72, 0x66, 0x54, 0xD2, 0xA7, 0x83, 0x16, 0x4D,
    0x2A, 0x7B, 0x91, 0x8D, 0x6A, 0x52, 0x74, 0xA9, 0xFC, 0x37, 0x1F, 0x31, 0x3F, 0x97, 0x43, 0xE4,
    0xA9, 0xFD, 0x2A, 0x7F, 0x4A, 0x9F, 0xCF, 0x77, 0xF4, 0xA9, 0xFD, 0x2A, 0x7F, 0x11, 0xE4, 0xA6,
    0x64, 0xE0, 0xA0, 0x6D, 0x68, 0x23, 0x8F, 0xA5, 0x4F, 0x02, 0x37, 0xAA, 0x54, 0xE6, 0x23, 0x5A,
    0xA5, 0x4E, 0x62, 0x33, 0xBA, 0x54, 0xE6, 0x23, 0x0A, 0xA5, 0x4E, 0xA2, 0x2F, 0xBA, 0x54, 0xFE,
    0x07, 0x4B, 0x06, 0xC6, 0xE7, 0xB9, 0x98, 0x8B, 0xFE, 0x95, 0x4D, 0x08, 0xBE, 0xA9, 0x54, 0xB8,
    0x8B, 0xEE, 0x95, 0x4B, 0x88, 0xBB, 0xE2, 0x2E, 0xAA, 0x55, 0x3E, 0x1A, 0xCF, 0x9C, 0xBE, 0xA9,
    0x54, 0xDD, 0x94, 0x76, 0x94, 0xB5, 0xA5, 0x53, 0x81, 0x31, 0x93, 0x6C, 0xB2, 0x23, 0x4B, 0x25,
    0x52, 0x61, 0x9E, 0xA2, 0x55, 0x2C, 0x19, 0xBA, 0x88, 0xD6, 0xED, 0xB6, 0xB0, 0x8D, 0xAC, 0x95,
    0x49, 0x86, 0x63, 0x29, 0x56, 0xFA, 0x01, 0xFE, 0x95, 0x6F, 0x83, 0x0E, 0x44, 0xB0, 0xA0, 0x51,
    0x28, 0x27, 0x9A, 0x05, 0x17, 0xCD, 0xBD, 0xB2, 0x55, 0x72, 0x18, 0x29, 0x25, 0x57, 0x00, 0x1A,
    0x92, 0x55, 0x71, 0x89, 0x4A, 0xAE, 0x80, 0x23, 0x34, 0xAA, 0xFC, 0x11, 0xFF, 0x02, 0x55, 0x92,
    0xAB, 0xF1, 0xF4, 0x5B, 0x14, 0x66, 0x19, 0x1C, 0x5A, 0xE2, 0x3A, 0xB2, 0x55, 0x7E, 0x03, 0x89,
    0x08, 0xD3, 0x42, 0x31, 0xD8, 0x8B, 0xB6, 0x22, 0xBE, 0xA5, 0x57, 0xE0, 0x91, 0xFA, 0x55, 0x68,
    0x0C, 0xF9, 0x0B, 0x2A, 0xE9, 0xE0, 0x9A, 0x55, 0xAC, 0x58, 0xB9, 0xA5, 0x5B, 0x22, 0x21, 0xA2,
    0x55, 0xB4, 0x21, 0xFF, 0x1E, 0xAE, 0x4D, 0xB6, 0x9A, 0x55, 0xB2, 0x21, 0xDA, 0x25, 0x5B, 0xE9,
    0x56, 0xFA, 0x55, 0xBE, 0x22, 0x0F, 0xAB, 0xC6, 0xA2, 0xC4, 0xB0, 0x87, 0x2A, 0xB5, 0xD9, 0x03,
    0x5A, 0x4B, 0x5E, 0x92, 0x55, 0x7E, 0x95, 0x5F, 0xA5, 0x57, 0x01, 0x91, 0xFA, 0x55, 0x7E, 0x95,
    0x5B, 0xA7, 0x62, 0xC4, 0x5C, 0xFA, 0x55, 0x3E, 0x95, 0x4F, 0xA5, 0x53, 0xE9, 0x54, 0xF8, 0x1E,
    0x3E, 0x07, 0x8F, 0x9B, 0xF3, 0xE2, 0xED, 0x94, 0xC8, 0x33, 0x32, 0x22, 0xA5, 0x00, 0xF1, 0x4B,
    0x50, 0x1E, 0x29, 0x70, 0x4A, 0xA7, 0xC3, 0x3B, 0x2B, 0x5D, 0x7E, 0xE2, 0x45, 0x2D, 0x59, 0xAB,
    0xF6, 0xC2, 0x29, 0x6A, 0xC3, 0x5F, 0xB3, 0x91, 0x4B, 0xD5, 0xFA, 0xFD, 0x98, 0x8A, 0x5A, 0xB1,
    0xD7, 0xED, 0x24, 0x52, 0xF8, 0x14, 0xBE, 0xAE, 0xCB, 0xB0, 0xB6, 0xD6, 0xCA, 0xFD, 0xCD, 0x2A,
    0xB6, 0xB9, 0x57, 0xEF, 0x09, 0x55, 0xD0, 0x02, 0xE4, 0x95, 0x5D, 0x58, 0x00, 0x77, 0x24, 0xAA,
    0xF6, 0xB3, 0x5F, 0xAF, 0xA5, 0x57, 0x55, 0xCA, 0xFD, 0x8D, 0x2A, 0xBF, 0x0C, 0xAF, 0xD6, 0xF5,
    0xA0, 0x69, 0xEA, 0xA1, 0x64, 0xA8, 0xCC, 0xC6, 0x45, 0x20, 0x82, 0xCE, 0xC4, 0x95, 0x09, 0x87,
    0x7A, 0xD6, 0x7A, 0xFD, 0xB8, 0x44, 0xD6, 0x22, 0x74, 0xEE, 0x15, 0xFB, 0xB1, 0x16, 0xF1, 0x89,
    0xAE, 0x5B, 0xEB, 0xF7, 0x52, 0x2E, 0x58, 0x03, 0x12, 0x2B, 0xC5, 0x08, 0xB9, 0x70, 0x0A, 0xCE,
    0xB7, 0x5F, 0xB0, 0x91, 0x77, 0x18, 0x9A, 0xE5, 0x6A, 0xBF, 0x60, 0x22, 0xE7, 0x91, 0x23, 0xB6,
    0x39, 0xE0, 0x55, 0xD6, 0x97, 0x00, 0xA2, 0x48, 0x33, 0xA8, 0x28, 0xE4, 0x94, 0x8C, 0x11, 0x4A,
    0x76, 0xEA, 0xFD, 0xD0, 0x8C, 0x77, 0x0C, 0xD4, 0xB1, 0x35, 0xCB, 0x8D, 0x7E, 0xEE, 0x46, 0x2A,
    0x86, 0x66, 0x40, 0x19, 0x95, 0x72, 0xD5, 0x5F, 0xB8, 0x11, 0x8A, 0xA1, 0x98, 0x90, 0x05, 0xE7,
    0x5E, 0xAF, 0xD9, 0x08, 0xC7, 0x90, 0xCD, 0xCB, 0x13, 0x5C, 0xAC, 0x02, 0x5E, 0x44, 0x62, 0xAA,
    0x50, 0xBE, 0x08, 0xFF, 0xAF, 0x1F, 0xE2, 0x2B, 0xF8, 0x5A, 0xA4, 0x19, 0xF9, 0x46, 0x8F, 0x09,
    0x60, 0x40, 0xC9, 0x28, 0x38, 0xB7, 0x84, 0xA6, 0x97, 0x54, 0xA0, 0xFC, 0x57, 0x74, 0x87, 0x82,
    0x8A, 0x82, 0x34, 0xBE, 0x24, 0x1E, 0x12, 0x05, 0x8C, 0x84, 0x6D, 0x80, 0x11, 0x48, 0x1E, 0x52,
    0x07, 0x14, 0xC4, 0x73, 0x90, 0x0D, 0x4C, 0x1E, 0x75, 0x11, 0xEE, 0x71, 0x20, 0xF5, 0x90, 0x41,
    0x66, 0x94, 0x1F, 0x91, 0xA3, 0x20, 0xAF, 0xE3, 0xFF, 0x28, 0x54, 0xA9, 0xCA, 0x8A, 0x95, 0x60,
    0x4A, 0xC9, 0xC1, 0xB6, 0x09, 0xDD, 0x08, 0xD7, 0x21, 0x1C, 0x4C, 0x27, 0xB5, 0x23, 0x66, 0x40,
    0x9D, 0x30, 0x9F, 0xCC, 0x8D, 0x79, 0x00, 0xDC, 0x82, 0x85, 0x62, 0x36, 0xEC, 0x03, 0xB3, 0x02,
    0x85, 0x48, 0xDD, 0x90, 0x28, 0x4C, 0x0C, 0x73, 0x6E, 0x16, 0x62, 0x69, 0x3A, 0xFB, 0x70, 0xB2,
    0x0B, 0x4F, 0xA4, 0xFB, 0x58, 0xA3, 0x62, 0xD3, 0x20, 0x46, 0xFA, 0x04, 0x2A, 0xFD, 0xF1, 0x94,
    0xD3, 0xC8, 0x32, 0x9D, 0x89, 0x4E, 0xA4, 0x6A, 0x97, 0x6E, 0xBF, 0xE0, 0x12, 0xB5, 0x48, 0xD1,
    0x2E, 0xBD, 0x7F, 0xB8, 0x25, 0x9B, 0x91, 0x9E, 0x5D, 0x6A, 0xFF, 0x6C, 0x4B, 0x95, 0xA7, 0xC4,
    0xAB, 0x9D, 0x9A, 0xFF, 0x78, 0x4B, 0xF6, 0x0E, 0x67, 0xC0, 0x8D, 0x26, 0x5E, 0xFC, 0x30, 0xB6,
    0xF0, 0xD7, 0xFC, 0xC1, 0x45, 0xBD, 0x73, 0xCB, 0x5F, 0xF5, 0x09, 0x6A, 0x44, 0x6B, 0xB0, 0x03,
    0x26, 0x46, 0xDB, 0x80, 0xE6, 0x92, 0x82, 0x37, 0x56, 0xB9, 0xD1, 0x6F, 0xE4, 0xA4, 0x64, 0x70,
    0xBD, 0x73, 0xA7, 0x5F, 0xEC, 0x09, 0x7E, 0x44, 0x71, 0xDA, 0x53, 0xBE, 0x6A, 0x6B, 0xF6, 0x8D,
    0x4D, 0x28, 0xD5, 0x4F, 0xC0, 0x07, 0x99, 0xD7, 0x3B, 0xB5, 0xFF, 0x11, 0x19, 0x79, 0xE4, 0xAF,
    0xFA, 0x48, 0xCB, 0x6F, 0x1D, 0x7F, 0xD0, 0x46, 0x5B, 0x01, 0xE6, 0x64, 0x65, 0xBF, 0x4A, 0xBF,
    0xD7, 0x23, 0x2D, 0xC0, 0x7D, 0x22, 0x32, 0x5C, 0x0E, 0x5F, 0x03, 0x94, 0x86, 0x9B, 0x34, 0xA0,
    0xE0, 0x15, 0xF2, 0x34, 0xCE, 0x01, 0x1B, 0x34, 0xA0, 0x6F, 0xC5, 0x5F, 0xF3, 0x80, 0xE2, 0x44,
    0x6C, 0xB8, 0x1F, 0x26, 0x76, 0x79, 0x11, 0xB2, 0xDD, 0xFA, 0xFF, 0x90, 0x07, 0x94, 0x23, 0x65,
    0xFA, 0xB5, 0xFE, 0xD1, 0x45, 0xEA, 0x46, 0xCA, 0x74, 0x2B, 0xFD, 0x50, 0x20, 0x50, 0x8D, 0x93,
    0x2D, 0xC5, 0xC3, 0x6D, 0xF0, 0x80, 0xFC, 0x5B, 0x5C, 0x0A, 0xC6, 0xB9, 0x8B, 0x9B, 0xA4, 0x90,
    0x0A, 0x14, 0xED, 0x83, 0xFE, 0x9E, 0x00, 0x7F, 0xE6, 0xAD, 0x64, 0x0D, 0x64, 0xC5, 0x35, 0x22,
    0x3A, 0x4F, 0xB0, 0x3A, 0x49, 0x4B, 0x48, 0xE7, 0x40, 0x0C, 0xC8, 0x74, 0x52, 0x14, 0xBC, 0xC8,
    0xE3, 0x30, 0x08, 0xCE, 0x30, 0x29, 0x59, 0x11, 0xC2, 0x7D, 0x81, 0xCF, 0x48, 0x52, 0x73, 0x23,
    0x74, 0xC3, 0x31, 0xF7, 0xFE, 0x70, 0xA6, 0x77, 0x06, 0x34, 0xC7, 0xC5, 0x4E, 0x60, 0x50, 0x66,
    0x36, 0x1B, 0x96, 0xB3, 0x20, 0x2E, 0x94, 0x48, 0x12, 0x52, 0x23, 0x4D, 0x7B, 0x00, 0x90, 0x91,
    0x1A, 0x2A, 0x01, 0x69, 0x02, 0x3E, 0x84, 0x69, 0xA8, 0x04, 0x67, 0x37, 0x23, 0x4D, 0xBB, 0x00,
    0x8C, 0xA0, 0x67, 0xE4, 0x6A, 0x6F, 0x82, 0x33, 0xEF, 0xF7, 0xF9, 0xA9, 0x39, 0x1A, 0x35, 0x25,
    0x80, 0xE9, 0x22, 0x34, 0xFC, 0x47, 0x14, 0x03, 0xCC, 0x92, 0x03, 0x8E, 0xC2, 0x40, 0x30, 0x01,
    0x69, 0x23, 0xFB, 0x80, 0x12, 0x9A, 0x3F, 0x2F, 0xD8, 0x47, 0xD7, 0xC4, 0x55, 0xF0, 0x25, 0xE4,
    0xEE, 0xB4, 0x34, 0xAC, 0xC7, 0x4F, 0x32, 0x56, 0x4C, 0x11, 0xB4, 0x7F, 0x45, 0x80, 0xEB, 0x20,
    0x64, 0x4B, 0x2C, 0x22, 0x5C, 0x03, 0x2A, 0x74, 0x61, 0x11, 0xE0, 0x02, 0x92, 0x06, 0x64, 0x86,
    0x2F, 0x31, 0x11, 0x64, 0x03, 0x13, 0x8C, 0x0C, 0x66, 0x42, 0x20, 0xB8, 0x34, 0x67, 0x13, 0x7F,
    0x0F, 0xC7, 0xEF, 0xF0, 0x21, 0xCC, 0x23, 0x9F, 0x10, 0xF6, 0x8D, 0x1B, 0x39, 0xD0, 0x87, 0x68,
    0x03, 0x89, 0x59, 0xE4, 0x41, 0x1E, 0xA7, 0x3C, 0x59, 0xD4, 0xEB, 0x2D, 0x77, 0x63, 0x29, 0xA0,
    0x87, 0xE8, 0x0E, 0x19, 0x08, 0x76, 0x80, 0xE0, 0x90, 0x86, 0xEC, 0x31, 0xFA, 0x1A, 0x02, 0xB9,
    0xB1, 0x0C, 0x7C, 0x08, 0x16, 0x91, 0x11, 0xE3, 0xE0, 0xCF, 0x99, 0x1D, 0xFE, 0x8D, 0x4F, 0xA3,
    0x53, 0xE8, 0xD4, 0xFA, 0x35, 0x3E, 0x4F, 0x1F, 0x80, 0xFF, 0x60, 0x80, 0xF8, 0x89, 0xB8, 0x8C,
    0xD9, 0x9C, 0x3E, 0x88, 0xCA, 0xFA, 0x32, 0xBE, 0x8C, 0xAF, 0xA3, 0x2B, 0xE8, 0xCA, 0xFA, 0x32,
    0xBE, 0x47, 0x7F, 0x81, 0x47, 0xA1, 0x9F, 0xA9, 0xA6, 0xBE, 0x8C, 0xAF, 0xA3, 0x2B, 0xE8, 0xCA,
    0xF9, 0xA6, 0xFE, 0x47, 0x5A, 0x9A, 0x6F, 0xE1, 0xA1, 0xF8, 0x34, 0x24, 0x69, 0xBD, 0x8E, 0x13,
    0x68, 0xCF, 0xA5, 0x9E, 0x3E, 0x8D, 0x0C, 0x9A, 0x7A, 0xE8, 0xD2, 0xFA, 0x34, 0xBE, 0x8D, 0x2F,
    0xA3, 0x4B, 0xE8, 0xD2, 0xF8, 0x11, 0x2D, 0x1F, 0x23, 0xAF, 0xD1, 0xAD, 0xB3, 0x48, 0x65, 0x1B,
    0x1F, 0x46, 0xC7, 0xD1, 0xB1, 0xF4, 0x6C, 0x7D, 0x1B, 0x1F, 0x11, 0x8F, 0xC1, 0x1F, 0xE0, 0x25,
    0x50, 0x46, 0x3F, 0x11, 0x8D, 0xA7, 0x48, 0xD6, 0xEA, 0x35, 0x7E, 0x8D, 0x5F, 0xA3, 0x57, 0xE8,
    0xD5, 0xFA, 0x35, 0x7E, 0x8D, 0x5F, 0xA3, 0x57, 0xE2, 0x41, 0xF8, 0x29, 0xBA, 0x23, 0xFA, 0x46,
    0x91, 0xAB, 0xF4, 0x6A, 0xFD, 0x1A, 0xBF, 0x46, 0xAF, 0xD1, 0xAB, 0xF4, 0x6A, 0xFD, 0x1A, 0xBF,
    0x12, 0x47, 0xC2, 0xEB, 0xE8, 0xFA, 0x35, 0xBE, 0x1C, 0x6C, 0x89, 0x1E, 0x52, 0xA4, 0x6A, 0xDE,
    0xCF, 0x1D, 0x46, 0xB7, 0xD1, 0xAD, 0xF4, 0x6B, 0x7D, 0x1A, 0xDF, 0x46, 0xB7, 0xD1, 0xAD, 0xF0,
    0xE2, 0x7C, 0x09, 0xD4, 0x8E, 0xA3, 0x5B, 0x8B, 0x25, 0xD2, 0x35, 0xBE, 0x8D, 0x6F, 0xA3, 0x5B,
    0xE2, 0x49, 0xFA, 0x35, 0xBE, 0x8D, 0x6F, 0xA3, 0x5B, 0xE2, 0x44, 0xFA, 0x35, 0xBE, 0x8D, 0x6F,
    0xA3, 0x5B, 0xE8, 0xD6, 0xF8, 0x1D, 0x3F, 0x67, 0x8E, 0x86, 0xC6, 0xE2, 0x3A, 0xFA, 0x35, 0x7E,
    0x8D, 0x5F, 0xA3, 0x57, 0xE2, 0x39, 0xFA, 0x35, 0x7E, 0x1A, 0x9F, 0x80, 0xFA, 0xA8, 0xD5, 0xF8,
    0x54, 0xE4, 0x8D, 0x5F, 0xA3, 0x57, 0xE8, 0xD5, 0xFA, 0x35, 0x7E, 0x8D, 0x5F, 0xA3, 0x57, 0xE8,
    0x43, 0xF8, 0x11, 0x2C, 0x30, 0xFF, 0xA3, 0x57, 0x48, 0x4B, 0xAC, 0x69, 0x1A, 0xDF, 0x46, 0xB7,
    0xD1, 0xAD, 0xF4, 0x6B, 0x7D, 0x1A, 0xDF, 0x46, 0xB7, 0xC1, 0x21, 0xF0, 0x25, 0xD2, 0x34, 0x23,
    0xAF, 0xA3, 0x5B, 0x4D, 0x20, 0xBA, 0x35, 0xBE, 0x8D, 0x6F, 0xA3, 0x5B, 0xE8, 0xD6, 0xFA, 0x35,
    0xBE, 0x8D, 0x6F, 0x81, 0x1B, 0x48, 0xD6, 0xD0, 0xB2, 0xB0, 0x8D, 0x5F, 0xA3, 0x57, 0xE8, 0xD5,
    0xFA, 0x35, 0x7E, 0x8D, 0x5F, 0x86, 0x67, 0xE1, 0x57, 0xE4, 0x68, 0x1A, 0x7F, 0x46, 0xAF, 0xD1,
    0xAB, 0x7B, 0x3C, 0x61, 0x1A, 0xDF, 0x46, 0xB7, 0xD1, 0xAD, 0xF4, 0x6B, 0x7E, 0xB7, 0x3F, 0x01,
    0xC4, 0xC8, 0xB7, 0xF6, 0x98, 0xFD, 0x1A, 0x9F, 0x46, 0xA7, 0xD1, 0xA9, 0xF4, 0x6A, 0x7D, 0x1A,
    0x9F, 0x01, 0xEE, 0xC0, 0xEB, 0xF4, 0x69, 0x7C, 0x5D, 0x54, 0x46, 0x97, 0xD1, 0xA5, 0xF4, 0x69,
    0x7D, 0x1A, 0x5F, 0x46, 0x97, 0xD1, 0xA5, 0xF4, 0x69, 0x7C, 0x0A, 0x1C, 0x37, 0xFD, 0x84, 0x3D,
    0x54, 0x67, 0xFD, 0x19, 0xFF, 0x46, 0x7F, 0xD1, 0x9F, 0xF4, 0x67, 0xFD, 0x19, 0xFF, 0x0C, 0x76,
    0x81, 0x99, 0xF4, 0x66, 0xD2, 0x54, 0x8C, 0xDF, 0xA3, 0x37, 0xE8, 0xCD, 0xFA, 0x33, 0x7E, 0x8C,
    0xDF, 0xA3, 0x37, 0xE6, 0x84, 0xF8, 0x10, 0xA6, 0x45, 0x5F, 0x47, 0x91, 0x97, 0xF4, 0x65, 0xFD,
    0x19, 0x7F, 0x46, 0x5F, 0xD1, 0x97, 0xF4, 0x65, 0xFD, 0x19, 0x7F, 0x04, 0x5F, 0xC2, 0x35, 0xF1,
    0x0F, 0x7D, 0x19, 0x3F, 0x34, 0x55, 0x44, 0xDD, 0x34, 0x65, 0x7D, 0x19, 0x5F, 0x46, 0x57, 0xD1,
    0x95, 0xF4, 0x65, 0x7D, 0x19, 0x5F, 0x46, 0x57, 0xD1, 0x95, 0xF3, 0x4F, 0xFC, 0x46, 0xF4, 0x46,
    0x57, 0xC1, 0x5D, 0x74, 0x64, 0xFD, 0x19, 0x3F, 0x46, 0x4F, 0xD1, 0x93, 0xF4, 0x64, 0xFD, 0x19,
    0x3F, 0x46, 0x4F, 0xD1, 0x93, 0xF0, 0x27, 0x50, 0x8C, 0x3F, 0x46, 0x2F, 0xC0, 0xAB, 0x6B, 0x28,
    0x2A, 0xA9, 0x6B, 0x35, 0x36, 0xEB, 0x9C, 0xF4, 0x1E, 0x49, 0x18, 0xF6, 0x46, 0x2D, 0xD1, 0x87,
    0x94, 0x60, 0xDD, 0x17, 0xFF, 0x18, 0x57, 0x51, 0x7F, 0xA6, 0x93, 0xFD, 0x17, 0x78, 0x22, 0x86,
    0x11, 0x6F, 0x64, 0x5A, 0xE5, 0x16, 0x7F, 0x45, 0x9F, 0xD1, 0x67, 0xA9, 0xD2, 0x2C, 0xED, 0xD0,
    0xAF, 0xF5, 0xC8, 0x85, 0xCE, 0xAA, 0x38, 0xE4, 0x44, 0x2A, 0xF5, 0x12, 0x37, 0x22, 0x21, 0x54,
    0x0D, 0x73, 0x22, 0x15, 0xF9, 0x55, 0xFE, 0x89, 0x10, 0xB1, 0xC9, 0xAF, 0xF4, 0x11, 0x69, 0xF0,
    0x79, 0xFD, 0x16, 0x9E, 0x8F, 0x13, 0xF6, 0xDC, 0xDA, 0xFF, 0x4D, 0x16, 0xBC, 0xEC, 0xA3, 0x92,
    0x48, 0xB5, 0xCF, 0x71, 0x15, 0xD2, 0x45, 0xAE, 0x40, 0x87, 0x34, 0x5A, 0xEF, 0x8F, 0x5F, 0xE7,
    0x22, 0xD7, 0x5C, 0x1A, 0xFF, 0x21, 0x16, 0xBF, 0x0D, 0x07, 0xC8, 0x0F, 0xF4, 0x5A, 0xFD, 0xCF,
    0x32, 0x45, 0xAE, 0x91, 0x69, 0x60, 0x77, 0x4F, 0xC4, 0x0E, 0xEC, 0xA2, 0xD2, 0xA0, 0x4C, 0x97,
    0x8D, 0x16, 0xD9, 0x49, 0xCC, 0xBB, 0x28, 0xB8, 0xDD, 0x73, 0x8D, 0x5F, 0xE6, 0xA2, 0xEB, 0xB5,
    0xCE, 0x15, 0x7F, 0x92, 0x8B, 0xCC, 0x82, 0x76, 0x88, 0xBE, 0xF8, 0x63, 0x36, 0x55, 0x0C, 0x22,
    0xFB, 0xD2, 0xE4, 0x5F, 0x65, 0x36, 0x72, 0xEF, 0x23, 0x03, 0xE2, 0x2B, 0x97, 0x74, 0x13, 0x12,
    0x46, 0x16, 0x00, 0x23, 0x34, 0x62, 0x6C, 0x07, 0x74, 0x46, 0x37, 0x00, 0x97, 0x44, 0x64, 0x60,
    0x0B, 0x76, 0x46, 0x57, 0xC1, 0x43, 0xF0, 0x28, 0xE8, 0x47, 0xDF, 0x46, 0x57, 0xC4, 0x7F, 0x63,
    0x97, 0x48, 0x0B, 0x12, 0x04, 0x94, 0x91, 0x9B, 0xF0, 0x51, 0xD9, 0x19, 0xF6, 0x4F, 0x1C, 0xBC,
    0x48, 0xD1, 0xD8, 0x4D, 0xE8, 0x8D, 0x3F, 0x57, 0x38, 0x95, 0xFE, 0x5A, 0x35, 0x73, 0x5C, 0xE1,
    0xD7, 0xF9, 0x48, 0xD7, 0xF8, 0x8D, 0xFE, 0x64, 0xAC, 0x85, 0x0E, 0x7C, 0xE8, 0x50, 0x14, 0xEA,
    0x8D, 0xBF, 0x85, 0x1A, 0xE3, 0xF5, 0xCA, 0x38, 0x2A, 0x14, 0x8A, 0x65, 0x87, 0xF5, 0x70, 0x7B,
    0x50, 0x29, 0x53, 0xA3, 0x0F, 0xFA, 0xE8, 0xE4, 0xA8, 0x53, 0x68, 0x33, 0x09, 0x90, 0x13, 0x08,
    0xE6, 0xA8, 0x54, 0x69, 0x81, 0x20, 0x4D, 0xC1, 0xFB, 0x40, 0xA9, 0xCE, 0x26, 0x05, 0x7B, 0x9A,
    0x87, 0xE6, 0xA1, 0xFA, 0x39, 0xBE, 0x8E, 0x6D, 0xA3, 0x97, 0xE2, 0x3E, 0xC0, 0xDD, 0xA6, 0x34,
    0x59, 0x8A, 0x62, 0x86, 0x9C, 0x94, 0xD2, 0xBF, 0x3A, 0x08, 0x4C, 0x85, 0x2D, 0x44, 0x75, 0xD0,
    0x52, 0x36, 0x47, 0x65, 0x85, 0x1B, 0x44, 0x76, 0xD0, 0x80, 0x5F, 0x04, 0xE7, 0x89, 0x27, 0x88,
    0x32, 0x3B, 0xF4, 0x49, 0x2F, 0xA3, 0xBF, 0xE8, 0xEF, 0xFA, 0x3B, 0xFE, 0x8E, 0xFD, 0x00,
};

#endif
