/* Auto-generated by tools/dro2hdr --hs=13l4 from C:\silixcon-devel\opl\songs\05 The Gatehouse.dro.
 * heatshrink-packed (codemap + opcode stream).
 * Register writes : 13688
 * Total length    : 93793 ms (93.8 s)
 * Plain payload   : 27496 bytes (codemap=120 + stream=27376)
 * Packed size     : 15704 bytes (57.1%)
 * Decoder RAM     : 8192 bytes (window) + ~40 bytes state
 * Do not edit.
 */
#ifndef s_05_the_gatehouse_H
#define s_05_the_gatehouse_H

#include "opl_song_hs.h"

static const uint8_t s_05_the_gatehouse_hs_data[];   /* defined below */

static const opl_song_hs s_05_the_gatehouse = {
    .hs_data      = s_05_the_gatehouse_hs_data,
    .hs_len       = 15704u,
    .total_ms     = 93793u,
    .codemap_len  = 120,
    .short_code   = 0xFE,
    .long_code    = 0xFF,
    .hs_window    = 13,
    .hs_lookahead = 4,
};

static const uint8_t s_05_the_gatehouse_hs_data[] = {
    0x82, 0xC0, 0x61, 0x14, 0x0A, 0x1D, 0x06, 0x89, 0x42, 0xA2, 0xD2, 0x29, 0x74, 0x9A, 0x65, 0x2A,
    0x9B, 0x50, 0xA9, 0xD4, 0x6A, 0x95, 0x2A, 0xAC, 0x82, 0x47, 0x21, 0x92, 0x48, 0xA4, 0xB2, 0xB9,
    0x4C, 0xB2, 0x5B, 0x30, 0x99, 0xCC, 0x66, 0x93, 0x29, 0xAD, 0x8F, 0x07, 0xE3, 0xB0, 0x60, 0x3C,
    0x1C, 0x0D, 0x06, 0xC2, 0xC9, 0x84, 0xF2, 0x58, 0x70, 0x3E, 0x1E, 0x0E, 0x87, 0x63, 0x65, 0xC2,
    0xF9, 0x6C, 0x58, 0x2F, 0x17, 0x0B, 0x45, 0xB2, 0xB5, 0xE2, 0xFD, 0x72, 0x8B, 0x46, 0x23, 0xD1,
    0xC3, 0xD1, 0xEC, 0xED, 0x98, 0xCF, 0x65, 0xA7, 0x13, 0xE9, 0xE2, 0x69, 0x36, 0x96, 0xDC, 0x6F,
    0xB6, 0x55, 0x6A, 0xC5, 0x7A, 0xB8, 0xBA, 0x5D, 0xAD, 0xCF, 0x27, 0xF3, 0xB8, 0x64, 0x3E, 0x1C,
    0x6D, 0x36, 0xDA, 0xE9, 0x94, 0xFA, 0x5C, 0x72, 0x3F, 0x1E, 0x3E, 0x9F, 0x6F, 0x75, 0xCA, 0xFD,
    0x6E, 0x59, 0x2F, 0x97, 0x23, 0x51, 0xB8, 0xC0, 0x40, 0x60, 0x32, 0x08, 0x15, 0x02, 0x07, 0x3F,
    0x82, 0x4F, 0xE0, 0xB3, 0xF8, 0x34, 0xFE, 0x0F, 0x3F, 0x84, 0x4F, 0xE1, 0x33, 0xF8, 0x54, 0xFE,
    0x17, 0x3F, 0x86, 0x4F, 0xE1, 0xB3, 0xF8, 0x74, 0xFE, 0x1F, 0x3F, 0x88, 0x4F, 0xE2, 0x33, 0xF8,
    0x94, 0xFE, 0x27, 0x3F, 0x8A, 0x4F, 0xF2, 0xBA, 0x1C, 0x1C, 0xFF, 0x2D, 0xF1, 0xC2, 0x4F, 0xF2,
    0xFA, 0x1C, 0x2C, 0xFF, 0x31, 0xF1, 0xC3, 0x4F, 0xF3, 0x38, 0x0C, 0x3C, 0xFF, 0x35, 0x83, 0xC4,
    0x4F, 0xF1, 0x33, 0xFC, 0xDC, 0x43, 0x15, 0x3F, 0xCE, 0x68, 0x71, 0x73, 0xFC, 0xEF, 0xC7, 0x19,
    0x3F, 0xC6, 0xCF, 0xF3, 0xD1, 0x0C, 0x74, 0xFF, 0x3F, 0x60, 0xC7, 0xCF, 0xF4, 0x1B, 0x1C, 0x84,
    0xFF, 0x43, 0x30, 0xC8, 0xCF, 0xF4, 0x53, 0x1C, 0x94, 0xFF, 0x47, 0x10, 0xC9, 0xCF, 0xF4, 0x91,
    0x0C, 0xA4, 0xFE, 0x2D, 0x30, 0x92, 0xFC, 0x64, 0xDF, 0x49, 0x3C, 0x06, 0x07, 0x54, 0x8A, 0xCC,
    0x25, 0x1F, 0x09, 0x4F, 0xCE, 0x55, 0x01, 0x95, 0xCE, 0xA0, 0x90, 0x79, 0x66, 0xC6, 0x5B, 0x2A,
    0x8C, 0x7C, 0x65, 0xD6, 0x69, 0x7C, 0x0A, 0x61, 0x02, 0x82, 0xE4, 0xE2, 0xFA, 0x19, 0x8D, 0xA6,
    0x65, 0x05, 0x99, 0xC0, 0xA6, 0x93, 0xA8, 0x34, 0x1E, 0x6B, 0xAE, 0x9B, 0x4A, 0xA3, 0x5F, 0x19,
    0xBD, 0x9A, 0x71, 0x02, 0x9C, 0xC0, 0xA0, 0xF9, 0x38, 0xCE, 0x86, 0x75, 0x69, 0x9D, 0xC1, 0x67,
    0x90, 0x29, 0xEC, 0xEA, 0x11, 0x07, 0x9F, 0x6C, 0x67, 0xF2, 0xA8, 0xDF, 0xC6, 0x81, 0x66, 0xA0,
    0xC0, 0xA8, 0x50, 0x28, 0x4E, 0x4E, 0x87, 0xA1, 0xA2, 0x5A, 0x68, 0xB0, 0x5A, 0x34, 0x0A, 0x8F,
    0x3A, 0x85, 0x41, 0xE9, 0x1A, 0xEA, 0x4C, 0x9A, 0x3B, 0xF1, 0xA5, 0x59, 0xA9, 0x70, 0x2A, 0x64,
    0x0A, 0x17, 0x93, 0x8E, 0x68, 0x69, 0xB6, 0x9A, 0x74, 0x16, 0x9F, 0x02, 0xA8, 0x4E, 0xA1, 0x90,
    0x7A, 0x8E, 0xC6, 0xA5, 0x26, 0xFF, 0x5C, 0x65, 0xB0, 0xA8, 0xF4, 0xC2, 0xA7, 0xF1, 0xAA, 0x7D,
    0x2A, 0xB0, 0x18, 0x6D, 0x52, 0xAD, 0x30, 0xAB, 0xFC, 0x2B, 0x1F, 0x3A, 0xCC, 0x06, 0xB5, 0x3A,
    0x87, 0x41, 0x2B, 0x7B, 0x1A, 0xE4, 0xAB, 0xFD, 0x4E, 0xAE, 0x42, 0xBF, 0xD2, 0x39, 0x04, 0xC2,
    0xBB, 0xF1, 0xAF, 0x7D, 0x2B, 0xF0, 0x18, 0x7D, 0x52, 0x3F, 0x30, 0xB0, 0x7C, 0x2C, 0x3F, 0x3B,
    0x14, 0x06, 0xC7, 0x3A, 0x88, 0x40, 0xEC, 0x9B, 0x1B, 0x2C, 0xAB, 0xFD, 0x55, 0xB2, 0xC2, 0xBF,
    0xD1, 0xC9, 0x14, 0xC2, 0xCD, 0xF1, 0xB3, 0xFD, 0x2D, 0x10, 0x18, 0x8D, 0x52, 0x43, 0x30, 0xB4,
    0xFC, 0x2D, 0x5F, 0x3B, 0x5C, 0x06, 0xD9, 0x3A, 0x89, 0x40, 0x6D, 0xBB, 0x1B, 0x70, 0x03, 0xE5,
    0x6E, 0x00, 0x7C, 0xA4, 0x93, 0x0B, 0x7F, 0xC6, 0xE1, 0xF4, 0xB8, 0xC0, 0x62, 0x75, 0x49, 0x1C,
    0xC2, 0xE5, 0xF0, 0xB9, 0xFC, 0xEE, 0x90, 0x1B, 0xAC, 0xEA, 0x29, 0x01, 0xBB, 0x6C, 0x6E, 0xF2,
    0xAF, 0xF7, 0x1E, 0xEE, 0x00, 0xF9, 0x65, 0xA6, 0x1A, 0x5F, 0x8E, 0x9B, 0xE9, 0xA7, 0x80, 0xE0,
    0xEA, 0x99, 0x59, 0x86, 0xA3, 0xE1, 0xA9, 0xF9, 0xEA, 0xA0, 0x3A, 0xB9, 0xD6, 0x12, 0x05, 0xAC,
    0xD8, 0xEB, 0x40, 0x7F, 0x2D, 0x6C, 0x2B, 0xFF, 0x03, 0xFF, 0x4D, 0x73, 0x13, 0x0D, 0x77, 0xC7,
    0x5F, 0xF4, 0xD8, 0x40, 0x70, 0xB5, 0x4C, 0xBC, 0xC3, 0x63, 0xF0, 0xD9, 0x7C, 0xF6, 0x70, 0x1D,
    0xA4, 0xEB, 0x0D, 0x06, 0xDA, 0xEC, 0x76, 0xD2, 0xAC, 0xD7, 0xC7, 0x6F, 0x66, 0xDC, 0x40, 0xB7,
    0x30, 0x2C, 0x3E, 0x4F, 0x33, 0xA1, 0xDD, 0x5A, 0x77, 0x70, 0x5D, 0xE4, 0x0B, 0x7B, 0x3A, 0xC4,
    0x42, 0x77, 0xD6, 0x3D, 0xFC, 0xAB, 0x37, 0xF1, 0xE0, 0x59, 0xB8, 0x30, 0x2E, 0x14, 0x0B, 0x13,
    0x93, 0xE1, 0xE8, 0x78, 0x96, 0x9E, 0x2C, 0x17, 0x8D, 0x02, 0xE3, 0xCE, 0xB1, 0x50, 0x9E, 0x45,
    0x9B, 0x93, 0x2A, 0xE5, 0x59, 0xB9, 0x70, 0x2E, 0x64, 0x0B, 0x17, 0x93, 0xE6, 0xDA, 0x79, 0xD0,
    0x5E, 0x7C, 0x0B, 0xA1, 0x3A, 0xC6, 0x42, 0x7A, 0x32, 0xFE, 0x94, 0x9F, 0x3D, 0xF1, 0xE9, 0xD9,
    0xBA, 0x90, 0x2E, 0xAC, 0x0B, 0x1B, 0x93, 0xEB, 0x68, 0x7A, 0xF6, 0x9E, 0xC4, 0x17, 0xB3, 0x02,
    0xED, 0x4E, 0xB1, 0xD0, 0x9E, 0xDC, 0xD3, 0xB9, 0x27, 0xFF, 0x55, 0x76, 0xC0, 0x52, 0x96, 0x82,
    0x61, 0xDD, 0xF8, 0xF7, 0xBE, 0x9D, 0xF8, 0x0E, 0x3E, 0xA9, 0x9F, 0x98, 0x78, 0x3E, 0x1E, 0x1F,
    0x9F, 0x8A, 0x03, 0xE3, 0x9D, 0x64, 0x20, 0x9E, 0x4D, 0x8F, 0x94, 0x0E, 0x52, 0xF2, 0x80, 0x3E,
    0x5A, 0x29, 0x87, 0x9B, 0xE3, 0xE7, 0xFA, 0x7A, 0x20, 0x39, 0x1A, 0xA7, 0xA7, 0xE1, 0xEA, 0xF9,
    0xFA, 0xE0, 0x3E, 0xC9, 0xD6, 0x4A, 0x07, 0xED, 0xD8, 0xFB, 0x80, 0x1D, 0x2F, 0x70, 0x03, 0xA5,
    0xA4, 0x98, 0x7B, 0xFE, 0x3F, 0x0F, 0xA7, 0xC6, 0x03, 0x93, 0xAA, 0x68, 0xE6, 0x1F, 0x2F, 0x87,
    0xCF, 0xE7, 0xF4, 0x80, 0xFD, 0x67, 0x59, 0x48, 0x0F, 0xDB, 0x63, 0xF7, 0x00, 0x7C, 0xBE, 0xE0,
    0xB1, 0x94, 0x12, 0x03, 0x2D, 0x04, 0x34, 0xA5, 0xA0, 0x14, 0x94, 0x3A, 0x04, 0x0B, 0xB9, 0x51,
    0xAB, 0x80, 0x7B, 0x9C, 0xBB, 0xA5, 0x07, 0xEE, 0x41, 0xFF, 0xD0, 0x6D, 0xFC, 0x2B, 0x93, 0x0A,
    0x88, 0x42, 0x2C, 0xB2, 0xA8, 0x94, 0xFE, 0x45, 0xF1, 0xB3, 0x59, 0xAC, 0xF0, 0x2B, 0x44, 0x0A,
    0x23, 0x93, 0x90, 0xE8, 0x6D, 0x36, 0x9B, 0x54, 0x16, 0xD7, 0x02, 0x89, 0x42, 0x6D, 0xB9, 0x3B,
    0x74, 0x9E, 0x29, 0x3F, 0x92, 0x7C, 0x6D, 0xF6, 0x6B, 0x84, 0x0A, 0xE3, 0x02, 0x89, 0xE4, 0xE4,
    0x7A, 0x1B, 0x95, 0xA6, 0xE7, 0x05, 0xBA, 0x40, 0xA2, 0x90, 0x9B, 0xB6, 0x62, 0xEF, 0x27, 0xC2,
    0x05, 0x46, 0x5A, 0x5B, 0x36, 0x9A, 0x05, 0xA7, 0x81, 0x60, 0xF2, 0x79, 0x5D, 0x0E, 0xA2, 0xD3,
    0xA9, 0x82, 0xEA, 0xA0, 0x58, 0x48, 0x4E, 0xB2, 0x81, 0xAD, 0x95, 0x61, 0x82, 0xB5, 0x2D, 0x75,
    0x9B, 0x5F, 0x02, 0xD8, 0x40, 0xB0, 0xB9, 0x3C, 0xBE, 0x87, 0x63, 0x69, 0xD9, 0x41, 0x76, 0x70,
    0x2C, 0x34, 0x27, 0x6B, 0x44, 0xDB, 0x03, 0xAA, 0xB2, 0x3C, 0x84, 0x1C, 0x0D, 0x92, 0xA7, 0x01,
    0xB2, 0x52, 0x3C, 0x94, 0x14, 0x0C, 0x57, 0xCA, 0x40, 0xC0, 0xAF, 0x68, 0xE0, 0x15, 0xB1, 0x04,
    0x02, 0xB5, 0xA0, 0x5F, 0xEF, 0x76, 0xB6, 0x15, 0xB6, 0x85, 0x5B, 0xA0, 0xF7, 0x78, 0x3F, 0xFA,
    0x9D, 0x8C, 0x9F, 0xE7, 0x66, 0x1C, 0xAF, 0x8F, 0x2F, 0xE9, 0xCC, 0x80, 0xE2, 0xEA, 0x99, 0xC9,
    0x87, 0x37, 0xE1, 0xCE, 0xF9, 0xF3, 0xE0, 0x38, 0xC8, 0x47, 0x47, 0x63, 0xD2, 0x95, 0x63, 0xA7,
    0xE0, 0xA9, 0x94, 0x07, 0xB9, 0x2A, 0xC4, 0x4F, 0xC1, 0xA5, 0x28, 0x26, 0xFC, 0x04, 0xD2, 0xE9,
    0x00, 0x8A, 0x58, 0xA9, 0xFE, 0x6E, 0x61, 0xC0, 0xF8, 0xF0, 0x7E, 0x9C, 0x28, 0x0E, 0x26, 0xA9,
    0xC3, 0x98, 0x71, 0x3E, 0x1C, 0x5F, 0x9F, 0x1A, 0x03, 0x8A, 0x83, 0xF2, 0x36, 0x3C, 0x90, 0x07,
    0xCB, 0x92, 0x00, 0xF9, 0x44, 0x20, 0xA1, 0x35, 0xBE, 0x42, 0x06, 0x0B, 0x7B, 0x48, 0xF2, 0x50,
    0x10, 0x25, 0x4B, 0x8E, 0x04, 0xAA, 0x41, 0x00, 0x95, 0x2A, 0x37, 0xDC, 0x08, 0x33, 0xFA, 0xCD,
    0xA1, 0x53, 0xF8, 0x57, 0xFA, 0x0D, 0x49, 0x83, 0x54, 0xA0, 0xDF, 0xE9, 0x8F, 0x72, 0x15, 0xBF,
    0x00, 0x2C, 0xA0, 0x90, 0x89, 0x6C, 0xAA, 0x1D, 0x3F, 0x8F, 0x7C, 0x6A, 0x76, 0x6A, 0xA4, 0x0A,
    0xAB, 0x02, 0x86, 0xE4, 0xEA, 0xDA, 0x1A, 0xBD, 0xA6, 0xB1, 0x05, 0xAC, 0xC0, 0xA1, 0xD0, 0x9A,
    0xDE, 0xBA, 0xB9, 0x26, 0xC2, 0x4F, 0xC1, 0x0D, 0x2D, 0x8E, 0xB6, 0x4D, 0x86, 0x9F, 0x81, 0xF6,
    0x5A, 0xED, 0xB0, 0x2C, 0x64, 0x0A, 0x89, 0x05, 0x72, 0x51, 0x49, 0xF8, 0x27, 0xE5, 0xAE, 0xBB,
    0xCB, 0x80, 0xC9, 0x2F, 0x88, 0x45, 0xEF, 0x9C, 0xD0, 0x84, 0x62, 0xB8, 0xC8, 0x4F, 0xFA, 0x0D,
    0xD2, 0x97, 0x7F, 0xAA, 0xA0, 0x7F, 0x94, 0x8C, 0x0A, 0x12, 0xA7, 0x01, 0x42, 0x52, 0x30, 0x27,
    0xCA, 0x9C, 0x09, 0xA9, 0x84, 0x1A, 0xE0, 0x4D, 0xB8, 0x13, 0x2D, 0x03, 0xFF, 0x4F, 0x60, 0xD3,
    0xF8, 0xC4, 0xC2, 0x5D, 0xF1, 0x97, 0xFD, 0x26, 0x10, 0x18, 0x2D, 0x52, 0x2F, 0x30, 0x98, 0xFC,
    0x26, 0x5F, 0x39, 0x9C, 0x06, 0x0D, 0x08, 0x9A, 0xEC, 0x66, 0xD2, 0xA8, 0x44, 0xFE, 0x11, 0x08,
    0x9F, 0x4B, 0xE7, 0xF2, 0xF0, 0x2E, 0x8A, 0x11, 0x48, 0x9A, 0x52, 0x65, 0xF0, 0xC9, 0xFC, 0x32,
    0x11, 0x51, 0x97, 0xD4, 0xA4, 0xE0, 0x95, 0x94, 0x20, 0x27, 0xF3, 0x04, 0xAC, 0xA1, 0x01, 0x68,
    0x9C, 0x12, 0x7F, 0x16, 0xF8, 0xC9, 0x6C, 0xDF, 0xE8, 0x34, 0x9A, 0x05, 0x27, 0x81, 0x40, 0xF2,
    0x71, 0x5D, 0x0C, 0xA2, 0xD3, 0x29, 0x82, 0xCA, 0xA0, 0x50, 0x48, 0x44, 0xB2, 0xCC, 0x0C, 0x69,
    0x55, 0x66, 0xC0, 0x36, 0x90, 0x25, 0xEE, 0x09, 0x6B, 0x81, 0x1B, 0x5C, 0xE0, 0x23, 0x6A, 0x05,
    0xFE, 0xF3, 0xCF, 0xE1, 0xF4, 0x98, 0x7F, 0xFA, 0x47, 0xBF, 0x85, 0x01, 0x86, 0x50, 0x6A, 0x90,
    0x4C, 0xA7, 0x23, 0x9B, 0x4A, 0x81, 0x85, 0x20, 0xCC, 0xFE, 0x04, 0x19, 0x89, 0x64, 0xF9, 0x32,
    0x78, 0x84, 0xFE, 0x41, 0xF1, 0xAE, 0xD9, 0xAB, 0xD0, 0x2A, 0xFC, 0x0A, 0x1F, 0x93, 0x8F, 0xE8,
    0x6C, 0x16, 0x9B, 0x0C, 0x16, 0xC5, 0x02, 0x88, 0x42, 0x6C, 0x99, 0x8B, 0x2C, 0x9F, 0x21, 0x3F,
    0xD0, 0x7C, 0x7B, 0xB6, 0x6E, 0xF4, 0x0B, 0xBF, 0x02, 0xC7, 0xE4, 0xF3, 0xFA, 0x1F, 0x05, 0xA7,
    0xC3, 0x05, 0xF1, 0x40, 0xB2, 0x10, 0x9F, 0x25, 0x03, 0xCB, 0x2A, 0xC9, 0x4F, 0xF4, 0x5F, 0x1F,
    0x35, 0x9B, 0xCF, 0x02, 0xF4, 0x40, 0xB2, 0x39, 0x3D, 0x0E, 0x87, 0xD3, 0x69, 0xF5, 0x41, 0x7D,
    0x70, 0x2C, 0x94, 0x27, 0xDB, 0x44, 0xF7, 0x4A, 0xB2, 0x93, 0xFD, 0x27, 0xC7, 0xDF, 0x66, 0xF8,
    0x40, 0xBE, 0x30, 0x2C, 0x9E, 0x4F, 0x47, 0xA1, 0xF9, 0x5A, 0x7E, 0x70, 0x5F, 0xA4, 0x0B, 0x29,
    0x09, 0xFB, 0x64, 0xFE, 0xF2, 0xF0, 0x42, 0x4A, 0x13, 0x3E, 0xCC, 0x4F, 0xE5, 0xFF, 0xEA, 0xE0,
    0x19, 0xA7, 0x0A, 0x9F, 0xC6, 0xE6, 0x14, 0x0F, 0x8D, 0x07, 0xE9, 0x42, 0x80, 0xC2, 0x6A, 0x94,
    0x39, 0x85, 0x13, 0xE1, 0x45, 0xF9, 0xD1, 0xA0, 0x22, 0x67, 0x96, 0xC6, 0x92, 0x06, 0xA9, 0x52,
    0x41, 0x6B, 0x2C, 0x44, 0xFF, 0x35, 0x30, 0xDB, 0xFC, 0x77, 0x1F, 0x4D, 0xCC, 0x07, 0x0F, 0x54,
    0xCC, 0xCC, 0x37, 0x5F, 0x0D, 0xDF, 0xCF, 0x79, 0x01, 0xC4, 0x41, 0x77, 0xDB, 0x10, 0x95, 0x4A,
    0x9C, 0x0F, 0xC9, 0x48, 0xC1, 0x2F, 0x21, 0x57, 0xFE, 0x03, 0x04, 0x81, 0x8A, 0xBA, 0x60, 0xDD,
    0xA4, 0x72, 0x19, 0x3F, 0x8E, 0xCC, 0x29, 0x5F, 0x1A, 0x5F, 0xD2, 0x99, 0x01, 0x85, 0xD5, 0x23,
    0x93, 0x0A, 0x6F, 0xC2, 0x9D, 0xF3, 0xA7, 0xC0, 0x61, 0x90, 0x11, 0x45, 0x48, 0x1B, 0xB2, 0xA9,
    0x00, 0x3E, 0x58, 0xE9, 0xFE, 0x7A, 0x61, 0xD3, 0xF8, 0xF5, 0x3E, 0x9D, 0x58, 0x0E, 0x36, 0xA9,
    0xD6, 0x98, 0x75, 0xFE, 0x1D, 0x8F, 0x9F, 0x66, 0x03, 0x8E, 0x82, 0x76, 0xF6, 0x3D, 0xC0, 0x51,
    0x4B, 0xB8, 0x0A, 0x29, 0xEB, 0xB9, 0x30, 0x7B, 0x28, 0x73, 0xE5, 0xE5, 0x85, 0x02, 0xB6, 0x58,
    0x79, 0xB4, 0xA8, 0x0A, 0xF2, 0x16, 0x07, 0xE0, 0x40, 0xE8, 0x94, 0x06, 0x92, 0x17, 0x69, 0x09,
    0x4F, 0xFB, 0xC8, 0x10, 0x3A, 0x64, 0x17, 0xF9, 0x03, 0xA6, 0xA0, 0xE8, 0xFC, 0xB2, 0x03, 0x2D,
    0x99, 0x01, 0x3A, 0x42, 0xDA, 0xFC, 0x08, 0x21, 0x72, 0x82, 0x54, 0xA6, 0x5F, 0xE8, 0x37, 0xDE,
    0x1F, 0x3F, 0x87, 0xFF, 0xA9, 0xC0, 0x91, 0x9E, 0x3A, 0x0E, 0x04, 0x69, 0x55, 0x7B, 0x81, 0xA1,
    0xF8, 0x68, 0x6F, 0x05, 0x0D, 0x0E, 0xA7, 0xE2, 0xE3, 0xFD, 0x8A, 0x02, 0x2E, 0x2D, 0x83, 0x92,
    0x42, 0x70, 0xFC, 0x07, 0x21, 0x01, 0x13, 0x7D, 0x39, 0xC1, 0x21, 0x98, 0x39, 0xE4, 0x27, 0x0C,
    0x68, 0x66, 0x02, 0x71, 0xAE, 0x4A, 0x08, 0x27, 0x0A, 0x51, 0xBD, 0xC0, 0x86, 0x9F, 0x66, 0x92,
    0x1B, 0x79, 0xCC, 0x6B, 0x90, 0x6D, 0x6C, 0x18, 0x40, 0x72, 0x85, 0x7F, 0xA5, 0x52, 0xD8, 0x95,
    0x4A, 0x24, 0x0F, 0x59, 0x09, 0xF3, 0xF0, 0x1C, 0xA4, 0x20, 0x4F, 0x73, 0x07, 0xAC, 0xA1, 0x53,
    0xED, 0x74, 0xFE, 0x54, 0x18, 0xB9, 0x0D, 0xD7, 0xF0, 0x28, 0x34, 0x2A, 0x6C, 0x21, 0x49, 0x0B,
    0x23, 0xFD, 0x98, 0x16, 0x3A, 0x15, 0xDB, 0xD7, 0x77, 0x24, 0xC1, 0x53, 0xF8, 0x54, 0xE9, 0x0A,
    0xE4, 0xC9, 0x82, 0xA5, 0xF0, 0xA9, 0x52, 0x15, 0x64, 0x80, 0xD9, 0x41, 0x31, 0x20, 0xA9, 0xFC,
    0x2A, 0x74, 0x85, 0x79, 0x20, 0x9E, 0x59, 0x95, 0xDE, 0x1D, 0xD2, 0x87, 0x05, 0x57, 0xE1, 0x55,
    0xA4, 0x2B, 0xDB, 0xAE, 0xF7, 0x4B, 0x83, 0x93, 0x28, 0x50, 0x4E, 0x25, 0x2E, 0xFF, 0x43, 0x7D,
    0xD0, 0xEA, 0x4C, 0x38, 0x33, 0xD3, 0xFF, 0x47, 0x02, 0x77, 0xF0, 0x9D, 0xD2, 0x0E, 0x13, 0xBA,
    0x55, 0x42, 0x77, 0x31, 0x1B, 0x48, 0x75, 0x1F, 0x80, 0xC3, 0xA0, 0xA3, 0xA7, 0xC8, 0xB2, 0x64,
    0x37, 0x8F, 0xC0, 0x70, 0x90, 0x31, 0xBB, 0x57, 0xFD, 0x23, 0x16, 0x5C, 0x86, 0xED, 0xF8, 0x0E,
    0x1A, 0x02, 0x37, 0x59, 0xFF, 0xB8, 0xE3, 0x43, 0x98, 0xC0, 0xA4, 0x3B, 0x7F, 0xC0, 0x62, 0x50,
    0x41, 0xDA, 0xCA, 0x8D, 0x6E, 0x11, 0x9D, 0x02, 0xF5, 0xF0, 0xBD, 0x52, 0x10, 0x17, 0xA9, 0x88,
    0xAE, 0x50, 0xAA, 0x8D, 0x8E, 0xA4, 0x26, 0xD9, 0xC2, 0xAE, 0xD6, 0x6B, 0xBC, 0xAB, 0x19, 0x3F,
    0xC6, 0x42, 0x86, 0xF9, 0x3C, 0x94, 0xFC, 0x0E, 0xB2, 0x9A, 0x7B, 0xA4, 0xE0, 0x75, 0xA5, 0x8E,
    0x93, 0x32, 0x0E, 0x7D, 0xFF, 0xD0, 0x60, 0xE8, 0x72, 0x15, 0xF6, 0xB3, 0x7D, 0xE6, 0x41, 0x64,
    0xF8, 0x59, 0x29, 0x0A, 0xDF, 0x4B, 0xF7, 0xF2, 0xF1, 0x58, 0xFC, 0x56, 0x34, 0x85, 0x56, 0xE6,
    0x95, 0xC9, 0x7F, 0xFA, 0x9C, 0x29, 0x49, 0xE1, 0x20, 0xE0, 0x70, 0x95, 0x54, 0x0E, 0x12, 0x8E,
    0x61, 0xA0, 0xA3, 0x31, 0x98, 0x19, 0x69, 0x03, 0x20, 0x8D, 0xC6, 0xFF, 0x4E, 0x70, 0x72, 0xA7,
    0x84, 0x82, 0x00, 0x4E, 0x54, 0x61, 0xFD, 0xCA, 0x05, 0xFE, 0x8F, 0xF4, 0xA0, 0xFE, 0xE8, 0x3F,
    0xFB, 0x47, 0x52, 0x85, 0x10, 0x4A, 0x54, 0xED, 0xFC, 0x3E, 0xB9, 0x0F, 0xFF, 0x45, 0x29, 0x31,
    0x2F, 0xBC, 0x4B, 0xFD, 0x0D, 0xC3, 0x42, 0x05, 0xA9, 0x31, 0xC3, 0x7C, 0x70, 0xD2, 0x85, 0x0E,
    0x1A, 0x61, 0xA9, 0xF8, 0x6A, 0x69, 0x0A, 0x96, 0x66, 0x25, 0xA3, 0x86, 0xF8, 0xE1, 0xAB, 0x0A,
    0xD6, 0x6B, 0xB5, 0xB3, 0x20, 0x42, 0xD3, 0x63, 0xD2, 0x99, 0x02, 0x16, 0x94, 0x0F, 0x70, 0x25,
    0x6B, 0x44, 0x10, 0x24, 0xA0, 0xC0, 0x96, 0xA6, 0x4E, 0xEF, 0x2F, 0x16, 0x14, 0xA1, 0x5B, 0xEC,
    0xC6, 0xFE, 0x5E, 0x05, 0xCA, 0x83, 0xC7, 0xE0, 0xF1, 0xA4, 0x1C, 0x1E, 0x34, 0xAA, 0x83, 0xC6,
    0x42, 0x5D, 0xF8, 0x97, 0x6B, 0x05, 0x12, 0xEE, 0x43, 0x17, 0xF0, 0xC5, 0xD2, 0x06, 0x40, 0x7A,
    0x53, 0x88, 0x0F, 0x3C, 0x34, 0x04, 0x1E, 0xF7, 0x1D, 0x86, 0xB9, 0x56, 0x58, 0x97, 0x96, 0x25,
    0xFE, 0x8A, 0x5B, 0xA0, 0xF2, 0xD8, 0x3F, 0xFA, 0x55, 0xEE, 0x85, 0x09, 0x46, 0x53, 0x18, 0x54,
    0x22, 0x92, 0x2A, 0x7F, 0x8A, 0x9E, 0xF0, 0x1F, 0xB8, 0xFC, 0x7E, 0x3F, 0x1B, 0xC1, 0x36, 0xC3,
    0x88, 0xF8, 0xE2, 0x2F, 0x01, 0xAE, 0x4C, 0xA2, 0x13, 0xF1, 0x76, 0x4A, 0x09, 0x65, 0x99, 0x64,
    0x27, 0xE2, 0xE3, 0x94, 0x07, 0xCB, 0x32, 0x1C, 0x45, 0x20, 0x96, 0xE9, 0x97, 0xFA, 0x1B, 0x77,
    0x87, 0xEF, 0xE1, 0xFF, 0xE9, 0x56, 0xB6, 0x25, 0xD2, 0x02, 0x0C, 0x80, 0xC3, 0x30, 0x9A, 0x7C,
    0x26, 0x94, 0x2A, 0xF5, 0x05, 0x5F, 0x51, 0x0C, 0x7C, 0x43, 0x14, 0x82, 0x92, 0x27, 0x22, 0xBF,
    0xF8, 0xAF, 0xE9, 0x03, 0x15, 0xFD, 0x2A, 0xA2, 0xBF, 0x99, 0x1A, 0xA4, 0x51, 0xCF, 0xC0, 0x4A,
    0x37, 0xA1, 0x7F, 0xFC, 0x38, 0x75, 0x82, 0x07, 0x0E, 0x94, 0x6D, 0xF8, 0x25, 0xE7, 0x4A, 0xAE,
    0x44, 0x81, 0x31, 0x3B, 0x70, 0x15, 0xE5, 0xDC, 0x83, 0x72, 0x60, 0xDF, 0xE8, 0x6C, 0xFE, 0x14,
    0x29, 0x99, 0x43, 0x7E, 0xE4, 0x53, 0x97, 0xFB, 0x72, 0x1C, 0x2F, 0x87, 0x0A, 0x90, 0x52, 0x9D,
    0x4C, 0x8B, 0xDF, 0x22, 0xF5, 0x20, 0xBD, 0x21, 0x02, 0xCA, 0x37, 0x21, 0xA0, 0x74, 0xA8, 0x3A,
    0x6A, 0x14, 0x02, 0x13, 0x28, 0xA1, 0xC8, 0x28, 0x9C, 0x5A, 0x2C, 0x56, 0x8D, 0x00, 0xA3, 0xCF,
    0x21, 0x50, 0xDA, 0x4C, 0xAA, 0x09, 0xBF, 0x8B, 0x4C, 0x64, 0xB5, 0x59, 0x34, 0x12, 0x07, 0x52,
    0x8A, 0xE8, 0x25, 0x19, 0x09, 0x4C, 0x12, 0x57, 0x36, 0x82, 0x61, 0xE5, 0x9A, 0xC9, 0x6C, 0x9B,
    0x25, 0xBF, 0xD1, 0x6C, 0x7C, 0xD5, 0x5F, 0x3C, 0x13, 0x23, 0x51, 0xD0, 0xD8, 0x3D, 0x3C, 0x0F,
    0x54, 0x13, 0xD9, 0x34, 0xC9, 0x61, 0xFD, 0xD2, 0x68, 0x66, 0xFE, 0x3B, 0x31, 0xA5, 0x55, 0x69,
    0x70, 0x48, 0x5D, 0x4A, 0x39, 0xA0, 0xA6, 0xE4, 0x29, 0xD0, 0x4A, 0x84, 0xDA, 0x19, 0x87, 0xA8,
    0xEB, 0x03, 0x97, 0x2D, 0xFC, 0x93, 0x63, 0xFE, 0x83, 0x5B, 0xEA, 0xB7, 0x08, 0x24, 0x4E, 0xA3,
    0x23, 0xB0, 0x5C, 0xB8, 0x17, 0x38, 0x25, 0xD6, 0x69, 0x14, 0xC3, 0xDD, 0xC6, 0x3D, 0x38, 0x06,
    0xDF, 0xF3, 0xB8, 0x83, 0x6E, 0x60, 0x18, 0x78, 0x06, 0x66, 0x01, 0xBA, 0xFD, 0x6E, 0xE8, 0xFB,
    0xC8, 0x06, 0xF6, 0x6D, 0x88, 0x89, 0x6F, 0xBB, 0x5B, 0xF9, 0x30, 0x38, 0xE5, 0x0F, 0xA9, 0xFE,
    0xEA, 0x90, 0x6A, 0xAC, 0x0E, 0x1B, 0x3F, 0xAB, 0x43, 0x2A, 0xF9, 0x8A, 0xC5, 0x7A, 0xB5, 0x3F,
    0x87, 0x49, 0x61, 0xB2, 0x5A, 0xDD, 0x96, 0xB9, 0x3B, 0xFF, 0x5C, 0x69, 0x30, 0xAA, 0xE4, 0x6C,
    0x51, 0x52, 0x87, 0xD7, 0x7F, 0x75, 0xE8, 0x35, 0x7E, 0x07, 0x0F, 0x9F, 0xC7, 0xE1, 0x96, 0x0C,
    0xC5, 0x86, 0xBD, 0x63, 0x9F, 0xC4, 0x26, 0x50, 0xF9, 0x95, 0x92, 0xCB, 0x65, 0x00, 0x84, 0x85,
    0x17, 0x29, 0x0F, 0x77, 0xA5, 0xDE, 0xD3, 0x77, 0xE0, 0x18, 0xF9, 0x46, 0x7E, 0x41, 0xE0, 0xE2,
    0xF8, 0x62, 0xBE, 0x28, 0x07, 0x8E, 0x79, 0x90, 0x86, 0x8B, 0xEE, 0x7B, 0xF8, 0x35, 0x96, 0x36,
    0x1B, 0x29, 0x43, 0xEC, 0xDF, 0xBB, 0x3C, 0x1A, 0xD1, 0x03, 0x88, 0xCF, 0xE4, 0x30, 0xCB, 0x4E,
    0x62, 0xD5, 0x5E, 0xB6, 0x4F, 0xE2, 0x53, 0x28, 0x8C, 0xCA, 0xDB, 0x65, 0xB7, 0x4E, 0xFF, 0xD7,
    0x8F, 0x2C, 0x28, 0x5A, 0x52, 0x90, 0xF4, 0xFA, 0x5D, 0x4D, 0x37, 0x56, 0x01, 0x8D, 0x94, 0x75,
    0xA4, 0x1D, 0x7E, 0x2F, 0x62, 0x2B, 0xD9, 0x80, 0x76, 0xA7, 0x84, 0x5B, 0x90, 0xE4, 0xA5, 0x6E,
    0x8D, 0x8B, 0x52, 0x50, 0xFE, 0x07, 0xEF, 0x83, 0x06, 0xE1, 0x40, 0xF1, 0x33, 0xFE, 0x1C, 0x33,
    0x89, 0x98, 0xE2, 0xD7, 0xB8, 0xF3, 0xFC, 0x54, 0xCB, 0x13, 0x32, 0xE4, 0x59, 0x79, 0x20, 0x3D,
    0x97, 0x72, 0x15, 0x08, 0x9F, 0xC6, 0xA4, 0x33, 0x7E, 0x94, 0xE3, 0x4D, 0x39, 0x80, 0x41, 0xE5,
    0x11, 0x99, 0x04, 0xEB, 0x8B, 0x3B, 0x8A, 0xCF, 0x20, 0x13, 0xD9, 0xE4, 0x22, 0x16, 0x66, 0x69,
    0x8C, 0x2E, 0x50, 0x09, 0x77, 0xE6, 0x5F, 0x06, 0x98, 0x40, 0x20, 0xB0, 0x08, 0xBC, 0x02, 0x63,
    0xFA, 0x99, 0x51, 0xE6, 0x70, 0x09, 0xA4, 0xDA, 0x0D, 0x12, 0x9A, 0xF6, 0xA6, 0xD2, 0x6E, 0x4C,
    0x6C, 0x2F, 0x32, 0x87, 0xFB, 0xFF, 0x7F, 0x08, 0x37, 0xC6, 0x07, 0x93, 0x9F, 0xE8, 0xE1, 0x9F,
    0x2C, 0xC7, 0xCE, 0xBD, 0xF5, 0x9F, 0xE5, 0x24, 0xB9, 0x39, 0x2F, 0xDA, 0xCB, 0xF7, 0x01, 0x64,
    0xA7, 0xF0, 0xA0, 0xBE, 0x4A, 0x43, 0xAE, 0xE9, 0x6B, 0xF4, 0xDB, 0x08, 0x06, 0x16, 0x51, 0x97,
    0x90, 0x6C, 0x78, 0xBB, 0x28, 0xAE, 0xCE, 0x01, 0xB4, 0x9E, 0x61, 0xA2, 0x02, 0xA3, 0x9C, 0x2A,
    0x17, 0x48, 0x82, 0x52, 0x65, 0xDF, 0x78, 0xDC, 0x3A, 0x65, 0x0D, 0x99, 0x02, 0x4A, 0x90, 0xED,
    0xB0, 0x24, 0xE4, 0x0B, 0x29, 0x43, 0xF6, 0xFF, 0xBD, 0xCC, 0x0F, 0x0F, 0x3F, 0xCC, 0xC3, 0x37,
    0x59, 0x8D, 0xDD, 0x78, 0xC4, 0x92, 0x9F, 0xE2, 0x26, 0x58, 0x79, 0x96, 0xFA, 0xCB, 0xBF, 0x9D,
    0x92, 0xBA, 0x50, 0x61, 0xD0, 0x52, 0x43, 0x5D, 0xE9, 0x57, 0xB4, 0xD5, 0xF8, 0x04, 0x3E, 0x51,
    0x1F, 0x90, 0x58, 0x38, 0xB6, 0x18, 0xAD, 0x8A, 0x01, 0x63, 0x9E, 0x44, 0x21, 0x83, 0xA1, 0x9E,
    0x42, 0x19, 0xE4, 0x91, 0xF9, 0x65, 0xDB, 0xF8, 0xD8, 0x22, 0xA5, 0x71, 0xF2, 0xC3, 0xAC, 0xA0,
    0x8B, 0x9C, 0x03, 0xA7, 0xF9, 0xEA, 0x41, 0xB1, 0xB0, 0x0E, 0xB4, 0x03, 0xAF, 0xFA, 0xEC, 0x51,
    0xFB, 0x53, 0x6C, 0x74, 0x57, 0xB7, 0xDA, 0xEE, 0x49, 0x81, 0x13, 0x29, 0x2E, 0x26, 0x4A, 0x07,
    0xE9, 0xC2, 0x22, 0x93, 0xF0, 0xEE, 0x4E, 0x43, 0xEF, 0xE9, 0x7C, 0x34, 0xDF, 0x18, 0x06, 0x4E,
    0x51, 0xA3, 0x90, 0x7C, 0xB8, 0xBF, 0x38, 0xAF, 0xD2, 0x01, 0xF5, 0x9E, 0x0A, 0xD2, 0x50, 0x4F,
    0xBC, 0xBB, 0x93, 0x1B, 0x09, 0xBC, 0xA1, 0xF4, 0x0F, 0xDD, 0x06, 0x0D, 0x42, 0x81, 0xC2, 0x67,
    0xF4, 0x38, 0x65, 0x13, 0x31, 0x45, 0xAF, 0x1B, 0xA2, 0x53, 0xF8, 0x54, 0xCA, 0x13, 0x32, 0xA4,
    0x59, 0x69, 0x20, 0xBE, 0x97, 0xDE, 0x1D, 0x3F, 0x85, 0x52, 0x63, 0x60, 0x74, 0x94, 0x3F, 0x5D,
    0xFB, 0xD7, 0xC1, 0xB6, 0x10, 0x3C, 0x2C, 0xFF, 0x2F, 0x0C, 0xD8, 0xE6, 0x36, 0x55, 0xED, 0x9C,
    0x0B, 0x69, 0x3F, 0xC3, 0x4C, 0xB0, 0xB3, 0x2D, 0xAD, 0x97, 0x6D, 0x3B, 0xFF, 0x48, 0xFB, 0x90,
    0x6F, 0xF5, 0x38, 0x22, 0x52, 0x90, 0xD4, 0xFA, 0x55, 0x4D, 0x35, 0x56, 0x01, 0x0D, 0x94, 0x55,
    0xA4, 0x15, 0x7E, 0x2D, 0x62, 0x2B, 0x59, 0x80, 0x56, 0xA7, 0x90, 0xE8, 0xA8, 0x95, 0xE6, 0x0B,
    0x39, 0x48, 0x65, 0xDD, 0x29, 0x7E, 0x9A, 0x0B, 0x28, 0x8B, 0xC8, 0x26, 0x3C, 0x59, 0x94, 0x56,
    0x69, 0x3C, 0x83, 0x43, 0xE6, 0xB9, 0x89, 0xB4, 0xAF, 0x6D, 0x1B, 0x03, 0xDC, 0xAE, 0x33, 0x68,
    0x5D, 0x72, 0x15, 0x90, 0x89, 0x84, 0x1A, 0x60, 0x7E, 0x94, 0x02, 0xBB, 0xF9, 0xAF, 0x41, 0xA1,
    0xF0, 0x08, 0xFC, 0x02, 0xC1, 0xFA, 0xB0, 0xD1, 0xEC, 0x73, 0x68, 0x84, 0x56, 0xC9, 0xDA, 0xB2,
    0xC9, 0xB7, 0xF1, 0xB8, 0x94, 0x96, 0x23, 0x25, 0x03, 0xDD, 0x21, 0x40, 0xF7, 0x94, 0x87, 0x81,
    0xD2, 0xE0, 0xE9, 0xB8, 0x50, 0x0C, 0x4C, 0xA3, 0x87, 0x20, 0xE2, 0x71, 0x78, 0xB1, 0x5E, 0x34,
    0x03, 0x8F, 0x3C, 0xC5, 0x42, 0xF9, 0x10, 0x4E, 0x4C, 0xBA, 0xDC, 0x0D, 0x9F, 0x83, 0x66, 0x5F,
    0x48, 0x10, 0x36, 0xA5, 0x32, 0xC9, 0xCC, 0x81, 0xB5, 0x5E, 0x4C, 0x3A, 0x11, 0x11, 0x9F, 0xCA,
    0xBE, 0xF1, 0xB0, 0x36, 0xCA, 0xB9, 0x65, 0x83, 0x7F, 0xA2, 0x93, 0xF0, 0x97, 0x60, 0x25, 0xB7,
    0x09, 0x64, 0xA1, 0xBD, 0xBC, 0xC7, 0x72, 0x57, 0x49, 0x8D, 0x81, 0xB2, 0x57, 0x1E, 0x94, 0x38,
    0x61, 0x94, 0x83, 0x6B, 0x61, 0x45, 0xAD, 0xF9, 0x6B, 0x66, 0x79, 0x7A, 0x41, 0x26, 0xC2, 0x74,
    0x98, 0xB5, 0x3E, 0x76, 0xF9, 0xC1, 0xEB, 0x70, 0x6A, 0xE4, 0xBF, 0xB9, 0x0B, 0x07, 0xD4, 0xA4,
    0x3B, 0x7E, 0x96, 0xE3, 0x4C, 0x1A, 0xD9, 0x4A, 0x33, 0x32, 0x0D, 0xD7, 0x17, 0x77, 0x15, 0x0D,
    0x6C, 0xA7, 0x98, 0x88, 0x60, 0x88, 0xA7, 0x2D, 0x83, 0x7B, 0xA0, 0xD9, 0x0D, 0xFE, 0x82, 0x63,
    0xDD, 0xAA, 0xF7, 0xA0, 0x84, 0x8A, 0x95, 0x4B, 0x3F, 0xA0, 0xF0, 0x64, 0x3C, 0x30, 0x43, 0x7D,
    0xCA, 0x6D, 0x90, 0xC4, 0x0A, 0x32, 0x52, 0x68, 0x96, 0xFE, 0x45, 0xB1, 0xB3, 0x55, 0x6C, 0xF0,
    0x41, 0xE2, 0x4A, 0xA3, 0x21, 0xB0, 0x5A, 0x78, 0x16, 0xA8, 0x21, 0xDF, 0x25, 0x34, 0x89, 0x62,
    0x05, 0x2D, 0x29, 0x36, 0x2B, 0x7F, 0x9B, 0x98, 0xF0, 0x2A, 0xBC, 0x18, 0x21, 0x31, 0xA5, 0x52,
    0xE1, 0xE8, 0x38, 0x99, 0x0E, 0x2C, 0x13, 0x8D, 0x01, 0xE3, 0xCD, 0xBF, 0xD0, 0x6C, 0x56, 0x23,
    0x91, 0x00, 0xE4, 0xCA, 0xF2, 0x9B, 0xFD, 0x26, 0xC7, 0xDF, 0x55, 0xF8, 0x41, 0x05, 0xFD, 0x2A,
    0x8E, 0x8E, 0xC1, 0xF2, 0xE0, 0x7C, 0xE0, 0x87, 0x07, 0x94, 0xD3, 0x29, 0x88, 0xFB, 0x41, 0xBE,
    0xF2, 0xBB, 0x2C, 0x9B, 0x6D, 0x1B, 0x0C, 0x5C, 0xA1, 0xF3, 0x7F, 0xDC, 0xE2, 0x0D, 0x39, 0x81,
    0xC1, 0xE7, 0xF1, 0x98, 0x64, 0xEB, 0x31, 0x3B, 0xAF, 0x1F, 0xCA, 0x53, 0xF8, 0x44, 0x96, 0x0F,
    0x25, 0x9F, 0x59, 0x67, 0xF3, 0xBF, 0xF5, 0xAB, 0x7E, 0x10, 0xD1, 0x02, 0x4A, 0x56, 0xA1, 0x2A,
    0x4A, 0x43, 0xCA, 0xE9, 0x72, 0xF4, 0xDC, 0xC8, 0x06, 0x2E, 0x51, 0x9C, 0x90, 0x73, 0x78, 0xBC,
    0xE8, 0xAF, 0x3E, 0x01, 0xD0, 0x9E, 0x63, 0x22, 0x1D, 0x29, 0x55, 0x26, 0x36, 0x2A, 0xE9, 0x43,
    0xE9, 0x5F, 0xBA, 0x5C, 0x1A, 0x99, 0x03, 0x85, 0xCF, 0xE3, 0x90, 0xCA, 0x6E, 0x62, 0x9D, 0x5E,
    0x3F, 0xD4, 0xA7, 0xF0, 0xC9, 0x94, 0x2E, 0x65, 0x51, 0xB2, 0xD4, 0xA7, 0x66, 0x56, 0x90, 0x5A,
    0x25, 0xD2, 0x85, 0x0A, 0xC6, 0x52, 0x1B, 0x7F, 0x4A, 0xE1, 0xA6, 0xB8, 0xC0, 0x22, 0x72, 0x89,
    0x1C, 0x82, 0xE5, 0xC5, 0xB9, 0xC5, 0x6E, 0x90, 0x0B, 0xAC, 0xF2, 0x29, 0x13, 0xBB, 0xCA, 0xAA,
    0x51, 0xB1, 0x48, 0x4A, 0x1F, 0xA5, 0xFD, 0xE9, 0xA0, 0xDA, 0x78, 0x1E, 0x0E, 0x7F, 0x95, 0x86,
    0x6A, 0x33, 0x1A, 0x9A, 0xF6, 0xAA, 0x05, 0xAB, 0x9F, 0xE1, 0x26, 0x58, 0x39, 0x96, 0xB2, 0xCB,
    0xAD, 0x01, 0xF4, 0xAE, 0xF0, 0xAC, 0x74, 0x44, 0x3E, 0x73, 0x18, 0x1C, 0xA0, 0x12, 0x5F, 0xCC,
    0x9A, 0x0D, 0x27, 0x80, 0x40, 0xE0, 0x11, 0x58, 0x04, 0xA3, 0xF5, 0x29, 0xA3, 0xCA, 0xA0, 0x10,
    0x48, 0xAC, 0xB3, 0xB5, 0x2D, 0x93, 0x6B, 0x63, 0x63, 0x01, 0x94, 0x3F, 0xCD, 0xFB, 0xF3, 0xC1,
    0xBD, 0x10, 0x3C, 0x8C, 0xFF, 0x43, 0x0C, 0xF4, 0xE6, 0x3D, 0x55, 0xEF, 0x5C, 0x0B, 0xD9, 0x3F,
    0xC9, 0x48, 0xF2, 0x32, 0x3F, 0x6D, 0x97, 0xDC, 0x20, 0x1A, 0x07, 0x53, 0xE1, 0xD4, 0xB4, 0x3C,
    0x3A, 0x93, 0x25, 0x54, 0xA0, 0xDB, 0xF9, 0x5F, 0xBA, 0x37, 0x08, 0x99, 0x41, 0xE6, 0x40, 0x7B,
    0xA4, 0x2F, 0x6C, 0x07, 0xCA, 0xD5, 0x65, 0xA1, 0x0F, 0x90, 0x71, 0xEE, 0x1C, 0x6B, 0x87, 0x16,
    0x50, 0xE0, 0xE2, 0xCC, 0x7C, 0x92, 0x9A, 0x74, 0x82, 0x23, 0x20, 0x39, 0x4A, 0xD5, 0xD2, 0x85,
    0xD9, 0x40, 0xE3, 0x38, 0x05, 0xBF, 0xF3, 0x70, 0x83, 0x44, 0xE0, 0x12, 0x38, 0x05, 0xCB, 0xF5,
    0x73, 0xA3, 0xDD, 0x66, 0xD1, 0x48, 0xAD, 0xDB, 0xB5, 0x77, 0x93, 0x01, 0xC2, 0x52, 0x5C, 0x1C,
    0x94, 0x0C, 0x93, 0xC7, 0x43, 0xBB, 0x86, 0x57, 0x9C, 0x87, 0xCD, 0xD2, 0xF3, 0xE9, 0xBD, 0x10,
    0x0C, 0x8C, 0xA3, 0x43, 0x20, 0xF4, 0xF1, 0x7D, 0x51, 0x5F, 0x5C, 0x03, 0xD9, 0x3C, 0xC9, 0x41,
    0xFD, 0xB9, 0x8F, 0x74, 0xAF, 0x5A, 0x20, 0xEB, 0x0B, 0x06, 0x42, 0x0F, 0xF8, 0x83, 0xEB, 0x71,
    0xF7, 0x42, 0xCE, 0x6D, 0x20, 0xE2, 0xFC, 0x38, 0xBF, 0x98, 0xDD, 0xE0, 0xDF, 0xE9, 0xC0, 0x9E,
    0x7E, 0x27, 0x9B, 0x43, 0x84, 0xF3, 0x30, 0x52, 0x4A, 0x43, 0x25, 0xE9, 0x49, 0xB4, 0xD0, 0x39,
    0x44, 0x56, 0x41, 0x28, 0xE2, 0xCA, 0x62, 0xB2, 0xB9, 0xE4, 0x12, 0x0B, 0x2C, 0x83, 0x4B, 0x43,
    0x8B, 0x20, 0x7B, 0x4E, 0x5B, 0x0B, 0x9F, 0xC2, 0xB1, 0x90, 0xE3, 0xD1, 0x4E, 0x21, 0x08, 0xB2,
    0x4D, 0x2C, 0xB2, 0xB0, 0x78, 0x4A, 0x01, 0x4A, 0xFC, 0xD3, 0x20, 0x10, 0xB8, 0x04, 0x72, 0x01,
    0x4D, 0xFD, 0x53, 0xA8, 0xF4, 0xF8, 0x00, 0xC9, 0x25, 0x14, 0xA8, 0xF6, 0xAA, 0x52, 0x6A, 0x4C,
    0x6C, 0x0D, 0x53, 0xB2, 0xC2, 0xFA, 0x50, 0xA1, 0xDB, 0xCA, 0x0C, 0x05, 0xF9, 0x86, 0x92, 0x50,
    0xFE, 0x9F, 0xEF, 0xA9, 0x06, 0xEA, 0xC0, 0xF1, 0xB3, 0xFE, 0xB4, 0x33, 0xAF, 0x98, 0xEC, 0x57,
    0x90, 0xDF, 0x29, 0xFE, 0x3A, 0x65, 0x8D, 0x99, 0x76, 0xEC, 0xBD, 0xC0, 0x2F, 0xD0, 0x30, 0x9F,
    0x0C, 0x25, 0xA1, 0x61, 0x84, 0x98, 0x44, 0xAE, 0x11, 0x1B, 0x84, 0x42, 0x50, 0xE1, 0xE1, 0xCF,
    0xB8, 0x1C, 0x39, 0xCF, 0xCF, 0x6B, 0x29, 0x56, 0xFC, 0x38, 0x92, 0x82, 0x41, 0xC0, 0xA9, 0x30,
    0xAE, 0xFC, 0x2B, 0xB6, 0x07, 0x04, 0x82, 0xBB, 0x48, 0xE5, 0x72, 0x1F, 0xC9, 0x85, 0xFD, 0xE1,
    0x66, 0x5E, 0x99, 0x24, 0x7E, 0x49, 0x19, 0xA5, 0x62, 0x50, 0x8A, 0x44, 0x8E, 0x92, 0x23, 0x69,
    0x99, 0x5B, 0xE9, 0x3A, 0x9C, 0x22, 0xCB, 0x2F, 0x96, 0xC2, 0xFA, 0x52, 0xAF, 0x2C, 0x1A, 0xDD,
    0x06, 0xC2, 0x6F, 0xF2, 0xD3, 0x1D, 0x2D, 0x57, 0x4D, 0x04, 0x1E, 0xFC, 0xAA, 0x59, 0x5D, 0x06,
    0xA3, 0x21, 0xA9, 0x82, 0x24, 0x6E, 0x53, 0x6C, 0x26, 0x23, 0x59, 0x1F, 0xD6, 0x8E, 0xEF, 0x04,
    0x3C, 0x90, 0xEF, 0x2C, 0x8C, 0x79, 0x4D, 0x32, 0x58, 0x8F, 0x6C, 0x8F, 0xDD, 0x26, 0xC7, 0x6F,
    0xF3, 0xD3, 0x1E, 0x9D, 0x57, 0xA9, 0x04, 0x37, 0x54, 0xAA, 0x5D, 0x6D, 0x07, 0x5F, 0x21, 0xD8,
    0x82, 0x76, 0x60, 0x22, 0xCE, 0x96, 0x23, 0xB7, 0x2E, 0xEE, 0x4A, 0xC7, 0x99, 0x2D, 0x88, 0xF3,
    0x26, 0x44, 0x89, 0x54, 0x63, 0x96, 0x0A, 0x6F, 0x02, 0x9D, 0x04, 0xFF, 0x41, 0xA9, 0xF0, 0x1A,
    0x84, 0xD2, 0x19, 0x88, 0xA8, 0xCD, 0x2A, 0x52, 0xB1, 0xE1, 0xDC, 0x78, 0x57, 0x1E, 0x0C, 0xA2,
    0xA3, 0xC1, 0x9C, 0xFE, 0x36, 0x08, 0xF9, 0x43, 0xED, 0xFF, 0xBB, 0x84, 0x1A, 0xE3, 0x03, 0x89,
    0xCF, 0xE4, 0x70, 0xCB, 0x96, 0x62, 0xE7, 0x5E, 0xBA, 0x40, 0xAE, 0xB3, 0xF8, 0xA4, 0x96, 0x27,
    0x25, 0xBB, 0x59, 0x6E, 0xE1, 0x42, 0x9C, 0x2A, 0xEE, 0x09, 0x49, 0xDA, 0x85, 0x87, 0xF1, 0x61,
    0xDA, 0x1C, 0x2C, 0x39, 0xED, 0x87, 0x2D, 0xF1, 0xCB, 0x49, 0x2B, 0x32, 0x1C, 0xBE, 0x67, 0x1B,
    0xF0, 0x8F, 0x4A, 0xB9, 0x0A, 0x18, 0xCF, 0xC6, 0x33, 0x68, 0x71, 0x47, 0x67, 0xC9, 0x8D, 0x8A,
    0x12, 0x50, 0xF9, 0x77, 0xEC, 0x73, 0x52, 0x81, 0xC1, 0x67, 0xF1, 0x78, 0x64, 0xC7, 0x31, 0x32,
    0xAF, 0x28, 0x72, 0x53, 0xF8, 0x34, 0xCA, 0x0B, 0x32, 0x9A, 0xD9, 0x66, 0xC0, 0x40, 0x97, 0xDE,
    0x15, 0x04, 0x87, 0x13, 0x42, 0x63, 0xFB, 0x94, 0x03, 0xBB, 0xF9, 0xEF, 0x41, 0x87, 0xF7, 0x28,
    0x06, 0x7E, 0x01, 0xE0, 0xFD, 0x78, 0x68, 0xFE, 0x28, 0x06, 0x42, 0x2B, 0xE4, 0xED, 0x79, 0x64,
    0xD3, 0x61, 0xFC, 0xFC, 0x7F, 0x32, 0xB5, 0xC0, 0x87, 0xF5, 0x21, 0x79, 0x48, 0x7F, 0x54, 0xB5,
    0x4B, 0x47, 0xB7, 0xF0, 0xB0, 0xF3, 0x19, 0x0B, 0x0D, 0xF4, 0xED, 0xD1, 0xB8, 0xA4, 0xCA, 0x27,
    0x32, 0x03, 0xED, 0x02, 0xB5, 0x20, 0x3F, 0x52, 0x8D, 0xE5, 0x08, 0x9C, 0x82, 0x65, 0x70, 0x98,
    0xDC, 0x26, 0x12, 0x87, 0x04, 0xC2, 0x66, 0x8F, 0x96, 0x62, 0xB8, 0x11, 0xE9, 0x01, 0xCE, 0x56,
    0xAA, 0xE4, 0x2F, 0x7E, 0x07, 0x29, 0xC0, 0x3D, 0xFF, 0x9F, 0x84, 0x1B, 0x27, 0x00, 0xD1, 0xC0,
    0x3E, 0x5F, 0xAF, 0x9D, 0x1F, 0xEB, 0x36, 0xCA, 0x45, 0x7E, 0xDD, 0xAF, 0xB8, 0xFF, 0x25, 0x06,
    0x92, 0xC1, 0x64, 0xA0, 0x64, 0x9C, 0xB4, 0xC0, 0x13, 0x90, 0xD9, 0xBA, 0x56, 0x7D, 0x35, 0xA2,
    0x01, 0x11, 0x94, 0x48, 0x64, 0x16, 0x9E, 0x2D, 0xAA, 0x2B, 0x6B, 0x80, 0x5B, 0x27, 0x91, 0x28,
    0x40, 0xAF, 0xE5, 0x2E, 0x9B, 0x46, 0xC5, 0x1B, 0x28, 0x7F, 0x2B, 0xF7, 0xCB, 0x83, 0x73, 0x20,
    0x78, 0xB9, 0xFE, 0x72, 0x19, 0xCD, 0xCC, 0x73, 0xAB, 0xC9, 0xF5, 0x94, 0xFF, 0x19, 0x32, 0xC5,
    0xCC, 0xBA, 0x36, 0x5E, 0x90, 0x07, 0xE5, 0x6E, 0x87, 0x4B, 0x61, 0x5D, 0x20, 0xAB, 0x7C, 0x2A,
    0xDF, 0xA3, 0x7D, 0xE0, 0xDF, 0xE9, 0x18, 0xA4, 0x7E, 0x29, 0x1B, 0x06, 0x02, 0x84, 0x9F, 0xB9,
    0x27, 0xAE, 0x49, 0xD9, 0x42, 0x08, 0x09, 0x39, 0xF8, 0xD4, 0x29, 0xE5, 0x87, 0x5D, 0xE1, 0x40,
    0xEE, 0xA8, 0x47, 0x7E, 0x11, 0xD9, 0x45, 0x02, 0x3B, 0x30, 0x7D, 0x48, 0x80, 0xF5, 0xB5, 0x57,
    0x06, 0xC5, 0x31, 0xE2, 0x50, 0x8F, 0x12, 0x1E, 0x2D, 0x88, 0xF1, 0x29, 0xE0, 0xD8, 0xA5, 0x66,
    0x9B, 0x10, 0x1A, 0x40, 0xCA, 0xF8, 0x32, 0xAC, 0x4C, 0x5B, 0xDA, 0xA6, 0xD0, 0xE9, 0x69, 0x2E,
    0x24, 0x06, 0xC9, 0x4F, 0xC2, 0x27, 0x29, 0x54, 0xB4, 0x22, 0x78, 0x08, 0x95, 0xC2, 0x23, 0x28,
    0x38, 0x44, 0x65, 0x2E, 0xE9, 0x46, 0xC0, 0xD7, 0x29, 0xC5, 0x96, 0x1F, 0xDC, 0x85, 0xD4, 0xA1,
    0x7F, 0xE9, 0xC5, 0x26, 0x14, 0x7F, 0xBF, 0xA9, 0xB2, 0xD0, 0x9F, 0x26, 0x63, 0xCA, 0xA2, 0xB9,
    0x97, 0x03, 0xEA, 0xDD, 0x9A, 0x8B, 0x27, 0x2F, 0xFB, 0xC3, 0x85, 0xB9, 0xF1, 0x6E, 0x5A, 0x1C,
    0x2D, 0xC9, 0xEB, 0x47, 0x3B, 0x28, 0x76, 0xFE, 0x3D, 0x31, 0xA9, 0xD5, 0x6A, 0x90, 0x41, 0xDE,
    0x4A, 0xA5, 0x56, 0xD0, 0x55, 0xF2, 0x15, 0x88, 0x20, 0xEF, 0x25, 0x36, 0x87, 0x62, 0x6B, 0x79,
    0x2A, 0xE4, 0x8C, 0x71, 0xF2, 0xD8, 0x8E, 0x3E, 0xD5, 0x1E, 0x1D, 0x83, 0x89, 0xC0, 0x1C, 0x7D,
    0x26, 0x98, 0xAC, 0x4F, 0x23, 0x31, 0xC9, 0x91, 0xC1, 0xB7, 0xF1, 0x89, 0x8C, 0xBA, 0xAB, 0x2F,
    0x82, 0x0F, 0x9A, 0x55, 0x28, 0xBE, 0x82, 0x63, 0x90, 0x99, 0x41, 0x07, 0xCD, 0x21, 0xCE, 0xCA,
    0x0D, 0x89, 0x9A, 0xE4, 0xA6, 0xD2, 0xB1, 0xDD, 0x7C, 0x77, 0x56, 0xC4, 0xDB, 0x73, 0x16, 0xE9,
    0x5E, 0x22, 0x2A, 0x1C, 0x69, 0x8A, 0x8A, 0x50, 0xF9, 0x2F, 0xEC, 0x68, 0xF2, 0x81, 0xC0, 0xE7,
    0xF1, 0x58, 0x64, 0xA3, 0x31, 0x29, 0xAF, 0x4A, 0xA0, 0x52, 0xB9, 0xFC, 0x12, 0x4B, 0x03, 0x92,
    0xCB, 0x2C, 0xB2, 0xD0, 0x4A, 0x4B, 0x6D, 0x0A, 0x96, 0x82, 0x4E, 0x76, 0xA2, 0x73, 0xFC, 0x9C,
    0xF6, 0x19, 0x0D, 0x3A, 0x42, 0x98, 0xF8, 0xA6, 0x3F, 0x0D, 0x05, 0x94, 0xAB, 0x96, 0x58, 0x50,
    0xB0, 0x65, 0x21, 0xA5, 0x74, 0xA9, 0x7A, 0x61, 0x61, 0x4A, 0x51, 0x1C, 0x90, 0x53, 0x78, 0xB4,
    0xE8, 0xA8, 0xB0, 0xA5, 0x3C, 0x86, 0x43, 0x8C, 0xC5, 0x3E, 0xE1, 0x38, 0x3E, 0x4E, 0x0F, 0xDA,
    0xAA, 0x50, 0xAC, 0xA4, 0x3B, 0xEF, 0x2A, 0x1D, 0x9C, 0xA0, 0x1A, 0x5F, 0xC8, 0xEC, 0xE5, 0x00,
    0xC1, 0xC0, 0x32, 0xB0, 0x0D, 0x47, 0xEB, 0x53, 0x47, 0xD5, 0x40, 0x30, 0x91, 0x5D, 0x67, 0x6B,
    0x5A, 0x2E, 0x39, 0x0E, 0x7F, 0xE3, 0x9F, 0xFF, 0xDC, 0x38, 0xBF, 0x0E, 0x2F, 0x3D, 0xC3, 0x48,
    0xF8, 0xD2, 0x3F, 0x6A, 0x9F, 0xC2, 0x86, 0x73, 0x71, 0xEF, 0x48, 0x67, 0x56, 0x95, 0x40, 0x06,
    0x77, 0x90, 0x49, 0xCA, 0x71, 0xAD, 0x55, 0x2C, 0xA5, 0xA3, 0x0F, 0xC0, 0x77, 0x3F, 0xD2, 0x31,
    0x87, 0xCC, 0x61, 0x2B, 0x14, 0x08, 0xC6, 0x3A, 0x22, 0xB4, 0x8C, 0x25, 0xF3, 0x09, 0x5A, 0x0A,
    0xA6, 0xE9, 0x0D, 0x8A, 0xD4, 0xB8, 0x30, 0xD8, 0xAE, 0x36, 0x1B, 0xD9, 0x63, 0x70, 0xA9, 0x2C,
    0x26, 0x4A, 0x09, 0x29, 0x5C, 0x7B, 0x90, 0xBF, 0xB9, 0x19, 0xE5, 0x92, 0x99, 0x64, 0x66, 0x40,
    0x78, 0x90, 0x98, 0x25, 0x08, 0x82, 0xA8, 0x46, 0x44, 0x0A, 0x90, 0xEA, 0x26, 0x33, 0xD9, 0x4E,
    0x27, 0xF0, 0xB0, 0x50, 0x4A, 0x43, 0xA5, 0xE9, 0x69, 0xB4, 0xD8, 0x39, 0x46, 0x56, 0x41, 0xA8,
    0xE2, 0xEA, 0x62, 0xBA, 0xB9, 0xE6, 0x12, 0x1A, 0x6E, 0x49, 0xED, 0x82, 0x0B, 0xF0, 0x82, 0xDE,
    0x65, 0x03, 0x99, 0x04, 0x16, 0xBA, 0xD8, 0x51, 0x28, 0x7E, 0x4A, 0x1B, 0x42, 0xC7, 0x67, 0x35,
    0x13, 0x4A, 0x69, 0xBF, 0x95, 0x95, 0xF2, 0xA1, 0x12, 0x91, 0x5F, 0x2C, 0x11, 0x29, 0x4D, 0xA2,
    0x11, 0x02, 0xBE, 0xCE, 0x5A, 0x11, 0x2F, 0x84, 0x4A, 0xF2, 0x5C, 0x6C, 0x94, 0x22, 0x54, 0x22,
    0xC4, 0xBA, 0x50, 0xA0, 0x81, 0xC8, 0x1F, 0x12, 0x03, 0x24, 0x89, 0x73, 0x39, 0x1E, 0x52, 0x1B,
    0xF7, 0x21, 0xAF, 0xC8, 0x6B, 0x71, 0xEA, 0xD0, 0x9B, 0x97, 0x26, 0xDF, 0xC9, 0xB7, 0x6B, 0x57,
    0xBA, 0x17, 0xF7, 0x85, 0x54, 0x84, 0xB7, 0xF1, 0x2D, 0xFE, 0x63, 0x77, 0x87, 0xCD, 0xA1, 0x76,
    0xE0, 0xF7, 0xCB, 0xCB, 0x07, 0x49, 0x3F, 0xD9, 0x3D, 0x68, 0x50, 0x74, 0xA6, 0x78, 0x1F, 0xB2,
    0xF6, 0xD0, 0xAD, 0x64, 0x13, 0x5B, 0x2E, 0x3F, 0x77, 0xDA, 0x9D, 0x68, 0x50, 0xC7, 0xA5, 0x2E,
    0x07, 0xE5, 0x6B, 0x90, 0x3E, 0x4C, 0x0F, 0x19, 0xBF, 0xCE, 0xCC, 0x79, 0x55, 0x5E, 0x5C, 0x10,
    0xF2, 0xB2, 0xA9, 0x67, 0x34, 0x1C, 0xDC, 0x87, 0x3A, 0x09, 0xCF, 0x80, 0xF4, 0x26, 0xD8, 0xCC,
    0x47, 0x47, 0x58, 0xBF, 0x59, 0x6F, 0xF3, 0xDB, 0x11, 0xDA, 0x5A, 0xA3, 0xD6, 0xB0, 0x75, 0xF8,
    0x03, 0xB4, 0xA4, 0xD0, 0x76, 0x92, 0x28, 0xCC, 0xA2, 0x1B, 0xF9, 0x04, 0xC6, 0xBB, 0x55, 0xAF,
    0x41, 0x07, 0xDF, 0x2A, 0x94, 0x7F, 0x41, 0x60, 0xC8, 0x58, 0x47, 0x69, 0x25, 0x23, 0xCB, 0x10,
    0x9D, 0x69, 0x4B, 0x89, 0x48, 0x2D, 0x8D, 0x02, 0xAB, 0x41, 0x82, 0x10, 0x2E, 0x55, 0x1A, 0x1D,
    0x82, 0x89, 0xC0, 0xA2, 0xC1, 0x08, 0x17, 0x29, 0xA4, 0x2B, 0x10, 0x6D, 0xA9, 0x8F, 0xB2, 0x53,
    0x11, 0xF6, 0x5A, 0xA5, 0xA1, 0xD0, 0x7A, 0x72, 0x03, 0xEC, 0xA4, 0xD8, 0x7D, 0x92, 0xD6, 0x7B,
    0xA5, 0xC5, 0xAA, 0xF9, 0x6A, 0xAF, 0xF7, 0x16, 0x34, 0x81, 0x53, 0x28, 0x0D, 0x2B, 0xED, 0x4B,
    0xCC, 0x12, 0x5A, 0xDF, 0xDA, 0x75, 0x9C, 0x92, 0xD4, 0x8F, 0x54, 0x71, 0x75, 0x29, 0xB0, 0x54,
    0x27, 0x52, 0x8B, 0x09, 0xD6, 0x50, 0x1B, 0x7F, 0xDA, 0xE1, 0x98, 0x17, 0x94, 0x8A, 0x27, 0x3F,
    0xED, 0xCE, 0xCE, 0x2F, 0x29, 0x4D, 0xA2, 0x92, 0xBB, 0xB6, 0x2E, 0xEF, 0x36, 0xFF, 0x5C, 0x45,
    0x9B, 0xF1, 0x66, 0xDA, 0x1C, 0xBD, 0xF9, 0xDD, 0xE2, 0xC2, 0xCD, 0x94, 0x06, 0xCD, 0xF6, 0xB3,
    0xE6, 0x06, 0x89, 0x28, 0x04, 0x86, 0x01, 0x69, 0xFE, 0xDA, 0xAC, 0xE3, 0x44, 0x94, 0xDA, 0x25,
    0x1F, 0xB6, 0xE2, 0xED, 0xC0, 0x2E, 0x94, 0xD8, 0x56, 0x33, 0x3D, 0x97, 0xCF, 0x65, 0x38, 0x71,
    0xAA, 0xE7, 0x6E, 0x8B, 0x10, 0x2A, 0x50, 0x1A, 0x9F, 0xDA, 0xA9, 0x98, 0x20, 0x54, 0xA0, 0x15,
    0x68, 0x05, 0x5F, 0xFB, 0x58, 0xB3, 0xD6, 0x60, 0x10, 0xE9, 0x5D, 0x6F, 0x17, 0x5C, 0x00, 0xEC,
    0x8D, 0x53, 0xF3, 0x54, 0xE2, 0x1C, 0xAE, 0xC9, 0xD7, 0x22, 0xC1, 0x03, 0x94, 0x06, 0x6F, 0xF6,
    0x9C, 0x66, 0x03, 0xFD, 0x28, 0x04, 0x66, 0x01, 0x3A, 0xFE, 0xCE, 0xEC, 0xE1, 0xFE, 0x94, 0xDA,
    0x11, 0x1E, 0x9F, 0x62, 0xE7, 0xE0, 0x1E, 0x97, 0x26, 0x15, 0xBF, 0x95, 0x4F, 0xE2, 0xD0, 0xC9,
    0x58, 0x1C, 0x6E, 0x06, 0x49, 0x81, 0x5E, 0x92, 0xB0, 0x25, 0xD6, 0xDD, 0x16, 0x02, 0x64, 0xA0,
    0x3D, 0xDF, 0xB7, 0x7B, 0x30, 0x40, 0x2A, 0x7F, 0x7C, 0x36, 0x73, 0x36, 0xCA, 0x3D, 0xE4, 0xC5,
    0xF9, 0x40, 0x1D, 0x22, 0x2A, 0xDC, 0x8A, 0x97, 0x22, 0x9D, 0xFC, 0xB1, 0x60, 0x24, 0x4A, 0x03,
    0xC0, 0xFB, 0x70, 0x73, 0x18, 0x98, 0x07, 0x0E, 0x01, 0xC4, 0xFE, 0xF1, 0x6C, 0xFC, 0x79, 0xB6,
    0x2A, 0x57, 0xC8, 0xC5, 0xF2, 0x40, 0x33, 0x2A, 0xE4, 0x2B, 0x93, 0x16, 0x84, 0x4A, 0xC0, 0x79,
    0x2B, 0x88, 0x0E, 0xE6, 0x03, 0xAA, 0x94, 0x77, 0xE3, 0x9C, 0xBD, 0x4A, 0x2C, 0x0A, 0x99, 0x40,
    0x65, 0xDF, 0x69, 0x7E, 0x60, 0xFD, 0xF4, 0xFE, 0xCC, 0xAC, 0xE7, 0xEE, 0x94, 0x7A, 0x6B, 0x8B,
    0x9B, 0x00, 0x6A, 0x57, 0x78, 0x54, 0xDA, 0x2C, 0x05, 0x09, 0x8E, 0xBB, 0xE0, 0x99, 0xFD, 0x53,
    0x30, 0x09, 0x8B, 0x8C, 0xAE, 0x40, 0x98, 0xC5, 0x72, 0x2C, 0x04, 0x59, 0x48, 0xE5, 0xB0, 0xEF,
    0x74, 0x3B, 0xEF, 0x0E, 0x55, 0x4C, 0x8F, 0xDD, 0x20, 0x49, 0x4A, 0x61, 0x37, 0xF8, 0xCE, 0x3E,
    0x93, 0x98, 0x0C, 0x1E, 0xA9, 0x19, 0x98, 0x4E, 0xBE, 0x13, 0xBF, 0x9C, 0xF2, 0x02, 0xE9, 0xA9,
    0x42, 0x67, 0xD0, 0x49, 0xF8, 0xF3, 0x26, 0x92, 0x2F, 0xC0, 0x5C, 0x43, 0x49, 0x1E, 0xFE, 0x5C,
    0x95, 0x0F, 0xA5, 0x42, 0x6E, 0x9C, 0x94, 0x26, 0xA3, 0x06, 0xA9, 0x4B, 0xEE, 0xF2, 0xAB, 0x2A,
    0xC2, 0x24, 0x35, 0x5F, 0x8D, 0x56, 0x70, 0x6C, 0x54, 0xD6, 0x3F, 0x36, 0x97, 0x0D, 0x4F, 0xE3,
    0x53, 0xB6, 0x2A, 0xDB, 0x23, 0xB7, 0x4B, 0x8E, 0x55, 0xF3, 0x95, 0x4F, 0xFD, 0x06, 0x05, 0xEC,
    0xB1, 0x5E, 0x48, 0x07, 0x96, 0x5E, 0x39, 0xB9, 0x6C, 0x47, 0x37, 0x6A, 0x8D, 0x5A, 0xC1, 0x57,
    0xE0, 0x0E, 0x6E, 0x93, 0x48, 0x76, 0x28, 0xEB, 0x13, 0xE4, 0xC5, 0x83, 0x97, 0x28, 0x0C, 0x97,
    0xED, 0x26, 0xCC, 0x1A, 0xDA, 0xDF, 0xD9, 0x4D, 0x9C, 0x5A, 0xF2, 0x9B, 0x41, 0x23, 0xD2, 0xCC,
    0x5C, 0xB4, 0x13, 0x94, 0x96, 0xC5, 0x84, 0x5D, 0x28, 0x0F, 0x9B, 0xED, 0xE7, 0xCC, 0x08, 0xBA,
    0x50, 0x0D, 0x0C, 0x03, 0xD3, 0xFD, 0xF5, 0x59, 0xFD, 0x70, 0x0C, 0x94, 0xAF, 0xDB, 0x8B, 0xF7,
    0x00, 0x3E, 0x45, 0x1E, 0xF9, 0x47, 0xAF, 0xF7, 0x95, 0x7B, 0xA2, 0xC2, 0x06, 0x94, 0x07, 0x4B,
    0xF6, 0xD3, 0x66, 0x06, 0x87, 0x6F, 0xEE, 0xA6, 0xCF, 0xAA, 0x80, 0x16, 0xA2, 0x52, 0xBD, 0x66,
    0x2F, 0x5A, 0x01, 0xC9, 0x7D, 0xCD, 0xA9, 0xF1, 0xFB, 0xE0, 0x7E, 0xD2, 0x8B, 0x0A, 0x46, 0x50,
    0x1A, 0xEF, 0xDA, 0xBD, 0x98, 0x14, 0x95, 0xBF, 0xB6, 0x1B, 0x3D, 0x8A, 0x01, 0x10, 0x95, 0xD9,
    0x31, 0x76, 0x50, 0x82, 0xCB, 0x6C, 0x5F, 0x49, 0xA6, 0x73, 0xE9, 0x9C, 0x9C, 0x39, 0x50, 0xF3,
    0xB2, 0xC5, 0xB1, 0x51, 0xC0, 0x8E, 0xCE, 0x93, 0x0A, 0xBB, 0xCA, 0x80, 0xDD, 0x29, 0x58, 0x18,
    0xAE, 0x05, 0x69, 0x81, 0x2A, 0x60, 0x3D, 0xAE, 0xB6, 0x2C, 0x03, 0xE9, 0x40, 0x75, 0xDF, 0x6D,
    0x7E, 0x63, 0x0B, 0x00, 0xCB, 0xC0, 0x36, 0x3F, 0xDD, 0x95, 0x9F, 0x69, 0x36, 0xC3, 0x47, 0xB6,
    0xB8, 0xBD, 0xB0, 0x0B, 0xE4, 0x70, 0x3F, 0x8F, 0x86, 0xFB, 0x68, 0xB0, 0x0E, 0xE5, 0x01, 0xA0,
    0x7D, 0xA8, 0x39, 0x88, 0x4C, 0x02, 0x87, 0x00, 0xA2, 0x7F, 0x68, 0xB6, 0x7A, 0x3C, 0xDA, 0x15,
    0x2B, 0xA4, 0x62, 0xE9, 0x20, 0x28, 0x95, 0x96, 0x15, 0x49, 0x8B, 0x62, 0xA5, 0x60, 0x3B, 0x98,
    0x0E, 0xA6, 0x03, 0x9A, 0x8B, 0x2A, 0xE2, 0xC9, 0xB8, 0xB2, 0x25, 0x0E, 0x52, 0xB4, 0xE5, 0xB1,
    0x60, 0x4D, 0x4A, 0x03, 0xEF, 0xFB, 0x7C, 0x33, 0x05, 0x46, 0xA7, 0xF7, 0xE7, 0x67, 0x2A, 0x34,
    0xA3, 0xDF, 0x6C, 0x5F, 0xDC, 0x07, 0xB2, 0xF7, 0x42, 0xBE, 0xE0, 0x50, 0xA0, 0x23, 0x6E, 0x08,
    0xCB, 0x92, 0x0F, 0x00, 0x8C, 0xC0, 0x22, 0xEE, 0x31, 0xD9, 0x02, 0x2E, 0xB4, 0xEA, 0x94, 0x3F,
    0xCA, 0xB6, 0x99, 0xC7, 0x36, 0xD0, 0xAB, 0x2C, 0x58, 0x09, 0x33, 0xDF, 0xA3, 0x9E, 0x4C, 0xE2,
    0xFB, 0x38, 0xA6, 0xF5, 0xB9, 0x42, 0xB9, 0x0E, 0x34, 0x91, 0x31, 0xBE, 0x4C, 0x6B, 0x42, 0x89,
    0x8D, 0x29, 0x58, 0xB5, 0xBE, 0x2D, 0x6C, 0x4D, 0x25, 0xB2, 0xFF, 0x74, 0xAA, 0x6D, 0x0E, 0xB7,
    0x43, 0x85, 0x1D, 0x29, 0x88, 0xA3, 0xAD, 0x52, 0xD1, 0xE8, 0x3E, 0x59, 0x01, 0x47, 0x4D, 0x07,
    0x12, 0xC9, 0x7D, 0xE5, 0x66, 0xA4, 0x96, 0xC4, 0xD4, 0x96, 0xA8, 0xE5, 0x6C, 0x1A, 0x8E, 0x01,
    0xA9, 0x29, 0x34, 0x35, 0x24, 0xB3, 0x1A, 0xD3, 0x44, 0x4D, 0x4A, 0xBC, 0xFF, 0x41, 0x85, 0x35,
    0x2C, 0x45, 0x46, 0x5D, 0x52, 0x97, 0x85, 0x86, 0x5B, 0x1C, 0x7D, 0x47, 0x3F, 0x60, 0xF0, 0x70,
    0x3C, 0x73, 0x44, 0x43, 0xCA, 0x69, 0xE5, 0x97, 0xD2, 0x44, 0xC9, 0xF1, 0x32, 0x50, 0x39, 0x92,
    0x8F, 0x07, 0x32, 0xBE, 0xE0, 0xE6, 0x48, 0x1C, 0x5F, 0x07, 0x14, 0xA5, 0x60, 0xE2, 0xF8, 0x38,
    0xBE, 0x1D, 0x09, 0x40, 0x76, 0xFF, 0x6D, 0xC6, 0x61, 0x4F, 0xF6, 0xFE, 0xEE, 0xEC, 0xEA, 0x7F,
    0xA4, 0xAF, 0x7D, 0x8B, 0xDF, 0x83, 0x92, 0x84, 0x80, 0xF9, 0x20, 0x37, 0xBF, 0x11, 0x96, 0x14,
    0x47, 0x61, 0x19, 0xCA, 0x67, 0x00, 0x83, 0x4A, 0xC4, 0x67, 0x59, 0xFC, 0x28, 0xC4, 0x3F, 0x31,
    0x0D, 0xA1, 0xCF, 0x01, 0x9C, 0xDA, 0x2D, 0x0A, 0x8F, 0x03, 0x2E, 0x76, 0xE8, 0x57, 0xBA, 0x54,
    0x06, 0xD9, 0x4A, 0xC0, 0xC3, 0x70, 0x2B, 0x4C, 0x09, 0x73, 0x01, 0xF5, 0x77, 0xE2, 0xC1, 0xC0,
    0xB0, 0x2E, 0x2B, 0xFC, 0xA6, 0xB7, 0xE3, 0x18, 0xBC, 0xFC, 0x63, 0x18, 0x18, 0xBD, 0xC6, 0x2D,
    0x29, 0x58, 0xC5, 0xAF, 0x6E, 0x8B, 0x42, 0xA5, 0x60, 0x3B, 0x95, 0xC4, 0x07, 0x53, 0x01, 0xCD,
    0x42, 0x5D, 0xF0, 0x97, 0x5E, 0xB8, 0x12, 0xEF, 0x84, 0xBA, 0x71, 0xE0, 0x97, 0x50, 0xAE, 0x52,
    0xB2, 0x81, 0x42, 0x80, 0x8E, 0xB8, 0x23, 0x6E, 0x08, 0xCF, 0x8A, 0xFF, 0x80, 0x8B, 0xC0, 0xAF,
    0xE9, 0x46, 0x96, 0xC3, 0xC2, 0xA3, 0x3F, 0xF4, 0xAA, 0xEF, 0x0B, 0xE4, 0x9F, 0x5B, 0xE7, 0xD6,
    0xBC, 0x2A, 0x91, 0x98, 0xA4, 0xB4, 0x82, 0x4B, 0xF4, 0xF8, 0xF2, 0xA5, 0x3A, 0x65, 0x24, 0xA0,
    0x9E, 0xE9, 0x72, 0x6F, 0xFE, 0x9B, 0xFB, 0x42, 0x8D, 0xEF, 0x29, 0x7E, 0xDA, 0x55, 0xF7, 0x85,
    0xEB, 0x61, 0x64, 0x05, 0xFD, 0x86, 0x08, 0x40, 0x49, 0x62, 0xC8, 0x09, 0x3C, 0x46, 0xFF, 0x35,
    0xB1, 0xDB, 0xD5, 0x77, 0x10, 0x41, 0x66, 0xCA, 0xA3, 0x99, 0xB0, 0x6E, 0xB8, 0x1B, 0xB8, 0x20,
    0xB3, 0x65, 0x34, 0xC4, 0x62, 0xDD, 0x39, 0x29, 0x74, 0x23, 0x7F, 0x1A, 0x98, 0xCD, 0xEA, 0xB3,
    0x88, 0x20, 0xBA, 0x65, 0x52, 0x8C, 0xE8, 0x27, 0x59, 0x09, 0xDC, 0x12, 0x78, 0x2A, 0x19, 0x02,
    0xF6, 0x58, 0xB9, 0xF6, 0x4A, 0x7F, 0x2F, 0x16, 0x5C, 0xB6, 0x22, 0xCB, 0xB5, 0x46, 0x2F, 0x60,
    0x98, 0xF0, 0x0C, 0x43, 0x49, 0xA4, 0x1B, 0x16, 0xA6, 0xC9, 0x4B, 0xED, 0xC2, 0xA1, 0xF8, 0xA8,
    0x7C, 0x60, 0xF9, 0x45, 0x88, 0x2F, 0xF2, 0x0B, 0xCE, 0x19, 0x2B, 0x20, 0xB5, 0x47, 0xCD, 0xF1,
    0xF3, 0x6C, 0x84, 0x7F, 0x21, 0x1F, 0x87, 0xCF, 0xF1, 0xF3, 0xFA, 0xEE, 0x23, 0x4C, 0x0B, 0x3E,
    0x42, 0x35, 0xB7, 0xD2, 0x01, 0x94, 0x95, 0x88, 0xD6, 0xBC, 0x98, 0x51, 0x5C, 0xEE, 0x2D, 0x09,
    0x15, 0xD2, 0xC2, 0xD0, 0x94, 0xF3, 0x09, 0x0E, 0x2B, 0xAC, 0xFE, 0xF1, 0x68, 0x94, 0x70, 0x23,
    0xF3, 0xD6, 0xC2, 0xB6, 0xC3, 0x8F, 0x90, 0xA8, 0xEA, 0x06, 0x49, 0x81, 0x62, 0x60, 0x4B, 0x98,
    0x0F, 0xAB, 0x77, 0x1E, 0xF7, 0xC7, 0xBD, 0x38, 0xF0, 0xF7, 0xA9, 0x71, 0x38, 0xC7, 0xD0, 0x55,
    0x81, 0x86, 0x60, 0x61, 0x77, 0x18, 0x56, 0xF5, 0xA4, 0x26, 0xB0, 0x0E, 0xA6, 0x03, 0x9A, 0x9A,
    0x26, 0xE6, 0x88, 0xB9, 0xA1, 0xEF, 0x2D, 0x21, 0xB7, 0xC8, 0x6D, 0x9B, 0x8D, 0x4A, 0x15, 0xE5,
    0x02, 0x85, 0x01, 0x1D, 0x70, 0x46, 0xDC, 0x11, 0x9F, 0x16, 0x0F, 0x01, 0x17, 0x5A, 0x35, 0x71,
    0xF0, 0xD2, 0x9B, 0x43, 0xFF, 0xD2, 0x3E, 0x48, 0xB1, 0x6C, 0xED, 0x49, 0x41, 0xDD, 0x25, 0xF7,
    0x49, 0x4E, 0xD9, 0x3A, 0x70, 0x7C, 0x83, 0xD7, 0x22, 0xC4, 0x7C, 0xB1, 0x18, 0x82, 0x6D, 0x8A,
    0xF5, 0xF2, 0xBD, 0x70, 0x80, 0xDF, 0x20, 0x35, 0xA1, 0x4F, 0xC9, 0x99, 0xE8, 0xBE, 0x7A, 0x2B,
    0x2E, 0x72, 0x73, 0x62, 0x40, 0x7C, 0x90, 0x17, 0xB2, 0xC3, 0xBF, 0xD0, 0x6D, 0xFC, 0x38, 0xC1,
    0xF2, 0x85, 0x1E, 0x52, 0xE7, 0x93, 0xB8, 0xA6, 0x65, 0x8B, 0xAD, 0xEB, 0x2B, 0x92, 0xA0, 0xB8,
    0xCB, 0x63, 0x07, 0xA8, 0xC6, 0x6C, 0x13, 0xAE, 0x04, 0xF6, 0x68, 0x16, 0xB9, 0x32, 0x2A, 0x64,
    0x37, 0x91, 0x0D, 0x2A, 0x1D, 0x69, 0x62, 0xE6, 0xB0, 0x19, 0xB4, 0xB8, 0xF4, 0x9F, 0x3D, 0x25,
    0xB1, 0x6B, 0xB9, 0x98, 0xBE, 0x7E, 0x2F, 0x9A, 0x62, 0xFE, 0xDA, 0xCF, 0xB9, 0x68, 0xE6, 0xD4,
    0xCF, 0xE2, 0xFD, 0xAD, 0x3E, 0x93, 0xDE, 0x25, 0xBF, 0x8D, 0xCC, 0x4B, 0x7D, 0x38, 0x4D, 0x4A,
    0x87, 0xA0, 0xA2, 0x64, 0x28, 0xB0, 0x41, 0xCC, 0xCB, 0x17, 0x48, 0x80, 0xD2, 0x66, 0x41, 0xD2,
    0x96, 0xC6, 0x1F, 0x51, 0x8F, 0xD8, 0x2C, 0x1C, 0x0B, 0x1C, 0xD0, 0x39, 0xD2, 0x70, 0x84, 0x83,
    0x9D, 0x29, 0x8E, 0x1E, 0xA5, 0x99, 0xD0, 0x6E, 0xB2, 0x02, 0xC6, 0x96, 0x2F, 0x7D, 0xAC, 0xDF,
    0xCD, 0x8C, 0x0D, 0x2D, 0x8E, 0x2E, 0xA3, 0x9C, 0xB0, 0x73, 0x78, 0x1D, 0x09, 0xA6, 0x33, 0x16,
    0x6A, 0x09, 0x4D, 0xB5, 0xB1, 0x63, 0x48, 0x4A, 0x03, 0xD3, 0xCC, 0x75, 0x2C, 0xE6, 0x90, 0x96,
    0xFF, 0xAD, 0x02, 0xEB, 0xDD, 0xBB, 0x17, 0x73, 0x48, 0x52, 0x2D, 0x8D, 0xCB, 0x76, 0xE0, 0x9D,
    0xC9, 0xD0, 0xEE, 0xE7, 0xDC, 0x8D, 0x61, 0x27, 0xFA, 0x5C, 0xC6, 0x9A, 0xCE, 0xB3, 0x39, 0x6F,
    0xF2, 0xB0, 0x2D, 0x45, 0xDB, 0x53, 0x77, 0x59, 0x9D, 0x25, 0x98, 0x3D, 0x61, 0x90, 0xE5, 0x3A,
    0xFF, 0x5C, 0x6E, 0xF2, 0xAD, 0x6C, 0x6B, 0x1D, 0x2C, 0xC6, 0xEB, 0x00, 0x2D, 0x50, 0xC0, 0xFC,
    0x30, 0x3B, 0xEE, 0x46, 0x83, 0x7D, 0x4C, 0xC5, 0xC2, 0xCE, 0x9C, 0x49, 0x6F, 0xE4, 0x70, 0x2B,
    0x95, 0xDA, 0xE7, 0x77, 0x4E, 0x25, 0x25, 0x91, 0x3D, 0x65, 0xDA, 0x09, 0x77, 0x00, 0xFC, 0xB5,
    0xA7, 0x45, 0xF9, 0xD1, 0x6F, 0x0E, 0x32, 0x54, 0xEE, 0xE0, 0x44, 0x90, 0x5D, 0x24, 0x04, 0x5F,
    0xCF, 0xF0, 0x91, 0x7C, 0x1E, 0x5C, 0x08, 0xB4, 0xB5, 0x77, 0x17, 0x31, 0xF4, 0x83, 0x70, 0x0A,
    0x72, 0x03, 0xB7, 0xC0, 0xED, 0x50, 0x2F, 0x48, 0x0E, 0xD4, 0xB8, 0x81, 0xDA, 0x80, 0x6C, 0x90,
    0x09, 0x66, 0x01, 0x79, 0x82, 0x03, 0x11, 0xAC, 0x1E, 0x68, 0x01, 0x3F, 0x00, 0x9D, 0x80, 0xFF,
    0x40, 0x3E, 0xFC, 0x0F, 0xBF, 0x03, 0xEF, 0xC0, 0xFB, 0xA8, 0xBC, 0x4F, 0x2E, 0x07, 0xDB, 0xDD,
    0xC0, 0x47, 0x40, 0x0A, 0xD0, 0x11, 0x12, 0x00, 0x4C, 0xAE, 0x20, 0x09, 0xB5, 0x1A, 0x5B, 0x0E,
    0xFF, 0x48, 0xFC, 0xB1, 0x6A, 0x94, 0x4B, 0x6D, 0x0E, 0xB7, 0x00, 0xCA, 0x67, 0x0A, 0xF9, 0xC2,
    0xA7, 0x09, 0x42, 0x44, 0x88, 0x83, 0xF4, 0x84, 0x67, 0x9E, 0x44, 0x19, 0x42, 0x57, 0xF3, 0x29,
    0x72, 0x47, 0x25, 0xCF, 0xF2, 0xCB, 0xE1, 0x91, 0x11, 0x4A, 0xCC, 0xA3, 0x1F, 0x48, 0x86, 0xFB,
    0x91, 0xA2, 0xC8, 0x4A, 0x62, 0x59, 0x09, 0xC4, 0x6A, 0x52, 0x1D, 0x05, 0xA7, 0x21, 0x6A, 0x82,
    0x0E, 0x06, 0x58, 0xAB, 0x6F, 0x56, 0xDC, 0x71, 0xBF, 0x9C, 0x6E, 0xF8, 0xAE, 0xDF, 0x6B, 0xFD,
    0x06, 0xEE, 0x4A, 0xAB, 0x90, 0xA9, 0xFC, 0x28, 0xB0, 0xB2, 0xE4, 0x57, 0x25, 0x70, 0x8C, 0x54,
    0xFB, 0x9F, 0x3F, 0x95, 0xCD, 0xA1, 0xDC, 0x98, 0x71, 0x6E, 0x25, 0xD5, 0x0C, 0x24, 0xB1, 0x5C,
    0x8E, 0xD7, 0x26, 0x5D, 0xF7, 0x2F, 0xDC, 0xB2, 0x98, 0xAF, 0xB7, 0x23, 0xEF, 0x2F, 0xC9, 0x62,
    0xBD, 0xBC, 0xFF, 0x74, 0xBE, 0x92, 0xF0, 0x19, 0x42, 0xB1, 0x54, 0x8C, 0x35, 0x26, 0x6D, 0x10,
    0xC5, 0x0E, 0x32, 0x7B, 0xF8, 0xB7, 0x48, 0x85, 0x15, 0xCC, 0x6E, 0x2C, 0xEB, 0xE6, 0x96, 0xFF,
    0x33, 0x02, 0xDD, 0x5D, 0xB7, 0x77, 0x75, 0xF3, 0x52, 0x35, 0x87, 0xCD, 0x0C, 0xB2, 0x40, 0x90,
    0x96, 0xDA, 0x15, 0xBF, 0x8D, 0x20, 0x2E, 0x50, 0x1E, 0x56, 0x63, 0x97, 0x67, 0x50, 0xFC, 0xB7,
    0xF9, 0xC8, 0x17, 0x36, 0xED, 0xCE, 0xBB, 0xA8, 0x7E, 0x92, 0xCC, 0x5E, 0xB3, 0xA3, 0x04, 0xE9,
    0x00, 0x46, 0x72, 0xAE, 0x94, 0x6B, 0x11, 0x2C, 0xC3, 0xEB, 0x00, 0x2F, 0x54, 0x11, 0x7D, 0x04,
    0x56, 0x5E, 0xB5, 0x37, 0xF1, 0xA2, 0x3D, 0x53, 0x31, 0xAF, 0xB3, 0xA3, 0x0A, 0x5B, 0xFC, 0xBC,
    0x0B, 0x63, 0x76, 0xD9, 0x5D, 0xD1, 0x85, 0x49, 0x66, 0x17, 0x58, 0x23, 0x99, 0x03, 0x0A, 0x5D,
    0x28, 0x52, 0xEF, 0xBE, 0xBB, 0xEB, 0x1E, 0xCE, 0x9B, 0x60, 0x22, 0xFC, 0x08, 0xB7, 0x8B, 0xE2,
    0xF2, 0xE0, 0x45, 0xAE, 0xFC, 0xB9, 0xBF, 0x05, 0xA7, 0x00, 0xA7, 0x20, 0x3B, 0xFC, 0x0E, 0xF5,
    0x02, 0xF4, 0x80, 0xEF, 0xA0, 0x36, 0x48, 0x0D, 0x77, 0x00, 0x4C, 0x8B, 0xB5, 0x20, 0x04, 0xC8,
    0x06, 0x12, 0x00, 0x4E, 0x80, 0x27, 0xF0, 0x04, 0xD8, 0x0F, 0xBF, 0x03, 0xEF, 0xC0, 0xFB, 0xF0,
    0x3E, 0xD2, 0x2D, 0x85, 0xCB, 0x01, 0xF6, 0xFB, 0x60, 0x11, 0xD0, 0x02, 0xB4, 0x04, 0x44, 0x80,
    0x13, 0x2B, 0x54, 0xB4, 0x51, 0x52, 0x00, 0x55, 0x6A, 0x51, 0x6F, 0x2C, 0x3E, 0xEF, 0x0B, 0xD6,
    0xC2, 0x85, 0x81, 0x47, 0xE6, 0x7D, 0xF9, 0x94, 0xE8, 0x4E, 0x99, 0xEF, 0x28, 0x27, 0x4A, 0x5C,
    0x2E, 0xAF, 0xA1, 0xCF, 0x52, 0xE1, 0x68, 0xDA, 0x24, 0x2C, 0x6D, 0x87, 0x7F, 0xE1, 0xDF, 0x9E,
    0xFE, 0x34, 0xC2, 0xAB, 0xB0, 0xA6, 0xE3, 0x74, 0x96, 0x2B, 0x59, 0xAC, 0xD6, 0xCD, 0x88, 0x89,
    0xF2, 0x22, 0x5B, 0x15, 0xBE, 0x14, 0xCC, 0xB7, 0xF3, 0x6B, 0x70, 0xB8, 0x65, 0x6D, 0xD6, 0x5B,
    0xA5, 0x42, 0x21, 0x9D, 0x72, 0x17, 0x3F, 0x85, 0xD6, 0xE0, 0x35, 0xC9, 0x71, 0xCB, 0x65, 0x2E,
    0x0A, 0x6C, 0xE6, 0xBA, 0xC9, 0xB4, 0xB8, 0x6C, 0x12, 0x97, 0x7D, 0xE1, 0xFE, 0xE8, 0x7F, 0xDA,
    0x03, 0xF7, 0x99, 0x12, 0x26, 0x53, 0x2A, 0x4C, 0x5A, 0xCA, 0x64, 0xDA, 0xE6, 0x28, 0x36, 0x75,
    0x06, 0xCB, 0x7F, 0x43, 0x81, 0x51, 0x2E, 0xD4, 0x5B, 0xBA, 0x83, 0x69, 0x17, 0x84, 0xE5, 0xD0,
    0xE7, 0x21, 0x0A, 0x52, 0x93, 0x1A, 0x27, 0x75, 0x33, 0x15, 0xEB, 0x3A, 0x6B, 0x25, 0xBF, 0x8F,
    0xC0, 0xAC, 0x17, 0x6B, 0x0D, 0xDD, 0x35, 0x94, 0x96, 0x43, 0xF5, 0x82, 0xBF, 0x90, 0x85, 0xA9,
    0x65, 0x8D, 0x42, 0xA5, 0x90, 0x9D, 0x60, 0x05, 0xE4, 0x20, 0xE9, 0x29, 0x9F, 0xEA, 0x67, 0xDD,
    0x24, 0x41, 0xDF, 0x14, 0x67, 0xCA, 0xC9, 0x23, 0x69, 0x7C, 0xDA, 0x5B, 0xBB, 0x81, 0x17, 0xE0,
    0x45, 0xBC, 0x5E, 0x1F, 0x97, 0x02, 0x2D, 0x69, 0x22, 0x8C, 0xF8, 0x2B, 0x38, 0x05, 0x39, 0x01,
    0xDF, 0xE0, 0x77, 0xA8, 0x17, 0xA4, 0x07, 0x7D, 0x01, 0xB2, 0x40, 0x6B, 0xB8, 0x1A, 0x67, 0x2D,
    0x03, 0x4C, 0xDA, 0x07, 0xF6, 0x81, 0xCE, 0x12, 0x60, 0xCA, 0x43, 0xA0, 0x90, 0x99, 0x6C, 0xB8,
    0x03, 0x73, 0x09, 0x8F, 0xC2, 0x63, 0x68, 0xBE, 0x17, 0x2E, 0x13, 0x1A, 0x00, 0x9E, 0x5B, 0x60,
    0x13, 0xCC, 0x06, 0x34, 0x09, 0x8D, 0xC0, 0x13, 0x60, 0x4D, 0xC8, 0x33, 0xBF, 0x0C, 0xEE, 0xC1,
    0x37, 0xF1, 0x55, 0x7C, 0x2F, 0xF3, 0xBB, 0x80, 0x8E, 0x71, 0x41, 0x50, 0x4A, 0xAA, 0x01, 0x7A,
    0x0A, 0xB2, 0xC2, 0xA5, 0x90, 0x03, 0x24, 0x53, 0x4A, 0x66, 0x24, 0xD6, 0x75, 0x1F, 0xCB, 0x7F,
    0x15, 0x81, 0x4A, 0x2E, 0xD2, 0x9B, 0xBA, 0x8F, 0xE9, 0x2C, 0x81, 0xEB, 0x25, 0x90, 0x49, 0x68,
    0x07, 0xA5, 0xE5, 0x8B, 0x74, 0xA1, 0xC0, 0xBC, 0xA1, 0x6B, 0x7E, 0x5A, 0xD9, 0xC2, 0xE9, 0x1D,
    0xAA, 0x4C, 0xAA, 0x19, 0x0B, 0xA8, 0xC8, 0xEA, 0x41, 0x6E, 0xF8, 0x5B, 0xAF, 0x0B, 0xDA, 0xF6,
    0xB6, 0xD2, 0xE1, 0x64, 0xFC, 0x59, 0x36, 0x85, 0xDD, 0xA4, 0x77, 0x79, 0x96, 0x42, 0x28, 0xC4,
    0x69, 0x4D, 0x83, 0xA1, 0xF0, 0xE8, 0x6E, 0x5B, 0x1A, 0x2D, 0xFD, 0xCB, 0x7D, 0x73, 0x10, 0xCB,
    0x19, 0x64, 0xEA, 0xD9, 0x65, 0x50, 0x4D, 0xFC, 0x5B, 0x63, 0x25, 0xAA, 0xC9, 0xA0, 0x92, 0x72,
    0xD5, 0xCA, 0x07, 0x51, 0x8A, 0xD8, 0x25, 0x1C, 0x09, 0x4C, 0x10, 0x90, 0xD2, 0x9A, 0x41, 0x31,
    0x82, 0xF3, 0x91, 0xDB, 0x25, 0xBF, 0x8B, 0x61, 0x31, 0x8D, 0xB6, 0x94, 0xBB, 0x11, 0x8C, 0x44,
    0xAC, 0xC3, 0x03, 0x38, 0x96, 0x30, 0x5B, 0xF2, 0x97, 0x63, 0xB1, 0x9D, 0xBE, 0xD7, 0x72, 0x5D,
    0x5C, 0x87, 0x4F, 0xE1, 0xD0, 0xEC, 0x65, 0x6E, 0x3F, 0x5C, 0x99, 0x42, 0x31, 0x93, 0xE9, 0x1C,
    0xFE, 0x64, 0x2D, 0x3A, 0x63, 0x11, 0x19, 0x29, 0xB6, 0x2B, 0x18, 0x76, 0x69, 0x4D, 0xBE, 0xF1,
    0x2F, 0x74, 0x48, 0x9D, 0x34, 0xCC, 0x7C, 0x2C, 0xFF, 0x18, 0x1E, 0x4F, 0x7F, 0xA3, 0x81, 0x7C,
    0xAE, 0xDF, 0x3B, 0xBF, 0xD2, 0x05, 0xF5, 0x9F, 0xE5, 0x22, 0xF9, 0x3C, 0xBF, 0xDA, 0x09, 0xF7,
    0x10, 0x4C, 0xE1, 0x5F, 0x78, 0xD2, 0x19, 0xA9, 0x98, 0xF3, 0xD9, 0xD7, 0x01, 0x2D, 0xFE, 0x86,
    0x05, 0xE9, 0xBB, 0x7A, 0xAE, 0xEB, 0x80, 0xA4, 0xB3, 0x23, 0xAC, 0xF7, 0x08, 0x6A, 0x9E, 0xE8,
    0xD6, 0x52, 0x59, 0x93, 0xD6, 0x00, 0x5A, 0xAA, 0xAB, 0xFA, 0xAA, 0xEC, 0x7E, 0x2A, 0x7D, 0xC5,
    0x45, 0xF1, 0x74, 0x7C, 0xFC, 0xB2, 0x44, 0x77, 0xDB, 0x5B, 0xBE, 0x90, 0x11, 0x3E, 0x04, 0x4B,
    0xC5, 0xF2, 0x39, 0x70, 0xF4, 0xC8, 0x07, 0xF2, 0xFB, 0x8A, 0x13, 0xE0, 0xB3, 0xE0, 0x14, 0xE4,
    0x07, 0x6F, 0x81, 0xDA, 0xA0, 0x5E, 0x90, 0x1D, 0xB4, 0x06, 0xBD, 0x00, 0x26, 0x57, 0x1A, 0x48,
    0x1A, 0x66, 0x6A, 0xDF, 0x9A, 0xB6, 0x71, 0xBF, 0x6F, 0x6B, 0xDD, 0x2A, 0x00, 0xC4, 0xC3, 0x57,
    0xF0, 0xD5, 0xDA, 0x2D, 0x09, 0xCB, 0x06, 0xAE, 0x7B, 0x68, 0x70, 0xA6, 0x7E, 0x29, 0x9C, 0x76,
    0xBA, 0x52, 0xE4, 0x83, 0xFC, 0x0F, 0x1D, 0x0D, 0x5F, 0xC6, 0xB7, 0xF0, 0x3C, 0x4F, 0x6C, 0x23,
    0xFC, 0x00, 0x5E, 0x60, 0x09, 0xA8, 0x88, 0xFE, 0x22, 0x3D, 0xED, 0x81, 0x05, 0xF0, 0x41, 0x5E,
    0x31, 0x93, 0xCC, 0x02, 0x0A, 0x80, 0x78, 0x97, 0xDC, 0x04, 0x74, 0x00, 0xAD, 0x01, 0xD9, 0x60,
    0x04, 0xDA, 0x1B, 0xD2, 0x43, 0x1C, 0xBB, 0x90, 0xEF, 0xF5, 0x70, 0xC2, 0xB2, 0x89, 0x54, 0xA1,
    0xDE, 0xE0, 0xCD, 0xFC, 0xE9, 0x38, 0xA4, 0xCA, 0x80, 0x65, 0x29, 0x87, 0xBF, 0xE3, 0xF0, 0xFA,
    0x15, 0xF2, 0x55, 0x4D, 0x1C, 0xC3, 0xE5, 0xF0, 0xF9, 0xFC, 0xD6, 0x0B, 0x29, 0xD6, 0x52, 0x15,
    0xF7, 0x97, 0x03, 0x16, 0x52, 0xE3, 0x07, 0x5C, 0xC1, 0xB7, 0x30, 0x65, 0x20, 0x96, 0xE9, 0x91,
    0x37, 0xA5, 0x30, 0xE9, 0xFC, 0x7A, 0x9F, 0x4C, 0x6D, 0x53, 0xAD, 0x30, 0xEB, 0xFC, 0x3B, 0x1F,
    0x3E, 0xD4, 0xEB, 0x1D, 0x12, 0x17, 0x4C, 0xA6, 0xC6, 0xF8, 0xF9, 0xBE, 0x37, 0x36, 0x8B, 0x72,
    0x62, 0xD5, 0xC8, 0x94, 0xFE, 0x25, 0xAD, 0x87, 0x6F, 0xC3, 0xC9, 0x2F, 0xF4, 0x1A, 0x5B, 0x0A,
    0x8A, 0x6F, 0xE4, 0x93, 0x1B, 0x7D, 0x56, 0xE1, 0x04, 0x89, 0xD4, 0xA4, 0x7A, 0x0B, 0x96, 0x42,
    0xE7, 0x04, 0x37, 0xF4, 0xB1, 0xB7, 0x6D, 0x65, 0xDE, 0x54, 0xF2, 0xEB, 0xBC, 0xB6, 0xEF, 0x2B,
    0x96, 0x34, 0xD1, 0x73, 0x5B, 0x4D, 0xD6, 0xD1, 0x75, 0xB3, 0xCB, 0x1B, 0xED, 0x80, 0xFB, 0xA5,
    0xC7, 0x61, 0x99, 0xD7, 0xAA, 0x75, 0xC9, 0x63, 0x66, 0xB0, 0x42, 0xFA, 0xD2, 0x63, 0x89, 0xA9,
    0x70, 0xF4, 0x1C, 0x4C, 0x81, 0xB6, 0xA5, 0x8D, 0xE4, 0x6B, 0x39, 0x32, 0xE5, 0x0A, 0xCD, 0x42,
    0x55, 0x50, 0x84, 0xB1, 0xAA, 0xCF, 0x91, 0xE2, 0xE5, 0xFE, 0x83, 0x46, 0xA6, 0x27, 0x89, 0xA9,
    0xE1, 0xA5, 0x8D, 0x9F, 0x40, 0x67, 0xF3, 0x24, 0x78, 0x4D, 0x1D, 0xB5, 0x47, 0x5C, 0xB1, 0xA5,
    0x64, 0x91, 0x77, 0x7B, 0x8D, 0x2E, 0xEC, 0xCB, 0xDF, 0xCC, 0x68, 0xAB, 0xE5, 0x36, 0xDB, 0x09,
    0x7B, 0xE2, 0x5E, 0xBC, 0x5E, 0x07, 0x97, 0x12, 0xF5, 0x2E, 0x3E, 0x58, 0x54, 0xB4, 0x1A, 0xB4,
    0xF2, 0x83, 0x56, 0x42, 0x69, 0x98, 0x9A, 0x28, 0x2A, 0x7F, 0x8A, 0x9F, 0x92, 0xD8, 0xD1, 0xC0,
    0x69, 0x98, 0xEF, 0x59, 0xFB, 0xF0, 0x3C, 0x7E, 0xFF, 0x3F, 0x02, 0xF0, 0x5D, 0xBC, 0x37, 0x7F,
    0x14, 0x0B, 0xC7, 0x3F, 0xC8, 0x4B, 0x31, 0xFA, 0xCF, 0x24, 0x13, 0xCA, 0x2A, 0x7A, 0x35, 0x23,
    0xED, 0x48, 0xB3, 0xD6, 0xE9, 0xE5, 0x0A, 0x4F, 0xC2, 0x93, 0x78, 0xC6, 0x17, 0x30, 0x14, 0x9A,
    0xCB, 0x57, 0x6D, 0xF0, 0x6B, 0x70, 0x0D, 0x3F, 0x16, 0x47, 0xC0, 0xD3, 0x51, 0x88, 0xDC, 0x02,
    0xF3, 0x03, 0x4C, 0xE9, 0x20, 0x69, 0x98, 0xAF, 0xFE, 0x2B, 0xF9, 0xC3, 0x09, 0x5F, 0x48, 0x74,
    0x2A, 0x19, 0x49, 0x97, 0x00, 0x6E, 0x62, 0x30, 0xF8, 0x8C, 0x2D, 0x18, 0xC5, 0xE6, 0x09, 0xA7,
    0x5F, 0x28, 0x88, 0xA4, 0x03, 0x1B, 0x92, 0x8E, 0xE0, 0x09, 0xB0, 0x26, 0xE4, 0x21, 0xEF, 0x8B,
    0x4B, 0xA0, 0x9B, 0xF8, 0x26, 0xED, 0x17, 0xC7, 0xE5, 0xC1, 0x37, 0x5E, 0x94, 0x2B, 0xCA, 0x02,
    0x3A, 0x00, 0x56, 0x80, 0xA6, 0x90, 0x02, 0x64, 0x4A, 0xD9, 0x00, 0x26, 0x94, 0x6A, 0x49, 0x7B,
    0xA5, 0xDC, 0x8B, 0x5B, 0xA2, 0x5F, 0x75, 0xC2, 0xC8, 0x40, 0xFF, 0x10, 0x3D, 0xA1, 0x82, 0x07,
    0x93, 0xD9, 0xA6, 0x76, 0x2F, 0x9D, 0x8A, 0x70, 0xC2, 0xF4, 0x4A, 0x56, 0x34, 0x59, 0x4B, 0xB1,
    0xD0, 0xCE, 0xDF, 0x3F, 0xB9, 0x2F, 0x89, 0x45, 0x52, 0xA9, 0x31, 0x0E, 0x7C, 0x43, 0x9B, 0x05,
    0x04, 0xB7, 0xF9, 0x89, 0x8E, 0xBA, 0xAB, 0xAF, 0x82, 0x61, 0x6A, 0x59, 0x7D, 0x06, 0xC7, 0x21,
    0xB2, 0x82, 0x27, 0xCE, 0x58, 0xED, 0xAF, 0x57, 0x6C, 0x32, 0x9D, 0x0C, 0xA3, 0x98, 0xE9, 0x61,
    0x7B, 0x65, 0x2D, 0x95, 0x5D, 0xE1, 0x55, 0x28, 0x54, 0x53, 0x1D, 0x76, 0xE4, 0x5D, 0xE5, 0x70,
    0xCC, 0x75, 0x47, 0x9F, 0x52, 0x95, 0xFB, 0xA1, 0xD3, 0x68, 0x76, 0x4B, 0x1D, 0xED, 0xEA, 0x86,
    0x16, 0x58, 0xE9, 0xAF, 0x69, 0xF0, 0x52, 0x87, 0x57, 0x21, 0xD8, 0xAC, 0x77, 0x23, 0x91, 0xC9,
    0x97, 0xC3, 0xB1, 0xD5, 0xBE, 0x7D, 0x72, 0x5E, 0x1B, 0xA9, 0x44, 0xA1, 0x18, 0xE9, 0xF6, 0x1A,
    0x7F, 0x36, 0xC2, 0x63, 0x90, 0x8F, 0x3D, 0xF9, 0x2A, 0xE4, 0x57, 0x5F, 0x95, 0xD6, 0xD1, 0x7C,
    0x3E, 0x5C, 0xAE, 0xB5, 0xFB, 0x95, 0x86, 0x44, 0x65, 0xF9, 0x2A, 0xFF, 0xF7, 0x21, 0xFC, 0x8B,
    0xDB, 0x67, 0x58, 0x48, 0x95, 0x7F, 0x25, 0x5E, 0xF7, 0xE2, 0x67, 0xF8, 0xBA, 0xBE, 0x4A, 0xB9,
    0x17, 0xB7, 0xE5, 0xED, 0xDF, 0xDC, 0x08, 0xBF, 0x25, 0x5F, 0xCB, 0xDB, 0x20, 0x5A, 0x7C, 0x16,
    0x9B, 0x02, 0x9C, 0x80, 0xEF, 0xF2, 0xF6, 0xF8, 0x0E, 0xF4, 0x25, 0x5D, 0x80, 0x2F, 0x30, 0x34,
    0xCF, 0xA4, 0x4A, 0xBF, 0x92, 0xAE, 0xF0, 0xC7, 0x35, 0x4A, 0x55, 0x49, 0x87, 0x74, 0xA5, 0xC0,
    0x1A, 0x98, 0xCB, 0x3E, 0x32, 0xCB, 0x46, 0x21, 0x39, 0x82, 0x6C, 0x50, 0x5F, 0x14, 0x01, 0x85,
    0xC6, 0x05, 0xB0, 0x4D, 0x54, 0x60, 0x5F, 0x18, 0x16, 0xC1, 0x35, 0xF0, 0x4D, 0x62, 0x35, 0x93,
    0xCD, 0x02, 0x6A, 0xA2, 0xF8, 0x98, 0x0B, 0x66, 0x01, 0x5A, 0x0F, 0xBE, 0xF0, 0xE0, 0x05, 0x5E,
    0xDD, 0x16, 0xEE, 0x43, 0xFC, 0xB0, 0xBB, 0x2C, 0x28, 0x6C, 0x52, 0x0C, 0x6C, 0x86, 0x05, 0xF5,
    0x26, 0x61, 0xC2, 0xF2, 0x18, 0x1F, 0xC6, 0x07, 0x70, 0x4E, 0xCA, 0x5C, 0x2F, 0x9B, 0x0B, 0xC3,
    0xE2, 0x19, 0xF8, 0x10, 0x24, 0x49, 0x0F, 0x92, 0x42, 0x58, 0xEB, 0x26, 0xB2, 0xCB, 0x2A, 0x30,
    0x57, 0xCC, 0x15, 0x6C, 0x77, 0xFA, 0x0C, 0x6D, 0xBA, 0x42, 0xA5, 0xB0, 0xAD, 0xAC, 0x07, 0x6D,
    0x2E, 0x11, 0x5C, 0xA5, 0xD7, 0x78, 0x5D, 0x4A, 0x16, 0x30, 0x19, 0x4B, 0x85, 0xEF, 0x29, 0x70,
    0x5A, 0xA6, 0x2E, 0xF9, 0x4C, 0x85, 0xD1, 0x29, 0x97, 0x25, 0x80, 0x12, 0x17, 0x1C, 0xA6, 0xC2,
    0xDC, 0x94, 0xDA, 0x7F, 0x16, 0xD6, 0xAC, 0x96, 0xB9, 0x89, 0xC5, 0x9D, 0xDD, 0x72, 0xDF, 0xC6,
    0x60, 0x53, 0xAB, 0xB4, 0xEE, 0xEE, 0xEE, 0xBA, 0x46, 0xE0, 0xF9, 0xB3, 0x13, 0xC8, 0x43, 0x94,
    0x9F, 0xA1, 0x47, 0xE8, 0x97, 0xF8, 0x8A, 0x25, 0xAD, 0x8D, 0x42, 0x25, 0x90, 0x7D, 0x60, 0x05,
    0xE4, 0x22, 0xA9, 0x20, 0x67, 0xE8, 0x19, 0xDC, 0xFC, 0x45, 0x5F, 0x16, 0x37, 0xD0, 0x33, 0x25,
    0xD7, 0x7D, 0x75, 0xDB, 0xF2, 0x81, 0x17, 0xE0, 0x45, 0xBA, 0x19, 0xA4, 0x8D, 0xDA, 0xCF, 0xC5,
    0x8D, 0xF0, 0x56, 0x70, 0x0A, 0x72, 0x03, 0xBF, 0xC0, 0xEF, 0x50, 0x2F, 0x48, 0x0E, 0xF4, 0x02,
    0xFC, 0x80, 0xEF, 0x24, 0x4B, 0xD8, 0x02, 0xF3, 0x00, 0x4C, 0xFA, 0x48, 0x50, 0xFB, 0xD6, 0xF2,
    0xA8, 0x39, 0x85, 0x7A, 0x40, 0x1A, 0x98, 0x4C, 0x3E, 0x13, 0x0B, 0x46, 0xF2, 0x79, 0xB0, 0x98,
    0x57, 0xCA, 0x1B, 0xD9, 0x02, 0xA2, 0xE1, 0x30, 0xB8, 0x02, 0x6C, 0x03, 0xA9, 0x06, 0xE7, 0xE1,
    0xB9, 0xD8, 0x26, 0xBE, 0x09, 0xAC, 0x46, 0xB1, 0xF9, 0xA0, 0x4D, 0x57, 0xEE, 0x2B, 0xB9, 0x00,
    0x8E, 0x51, 0x4E, 0x91, 0x15, 0x64, 0x01, 0x7A, 0x0B, 0x1E, 0xB6, 0xA1, 0x60, 0x48, 0x01, 0x92,
    0x18, 0x97, 0xD0, 0x59, 0xFE, 0xE4, 0x5A, 0x93, 0x0E, 0x05, 0xDD, 0x1C, 0xB3, 0xF7, 0x2C, 0xD7,
    0xB5, 0x3F, 0x95, 0x44, 0xA1, 0x2E, 0x22, 0x98, 0x5B, 0x7E, 0x16, 0xDB, 0x42, 0x7E, 0xDD, 0xAF,
    0xBC, 0xB8, 0x5C, 0x9F, 0x17, 0x25, 0xA1, 0x26, 0x06, 0x94, 0xCB, 0x1D, 0x11, 0xED, 0xC8, 0xFB,
    0x93, 0x60, 0xE7, 0xFC, 0x39, 0xFB, 0xE9, 0x1E, 0x0F, 0xE7, 0x83, 0x9E, 0x3F, 0x59, 0xD5, 0xD6,
    0xCA, 0x93, 0xE1, 0x37, 0xFB, 0xD7, 0xFD, 0x06, 0x4F, 0xA5, 0x5F, 0xF1, 0x49, 0xA6, 0x33, 0x1E,
    0x31, 0xF9, 0xB2, 0x1A, 0x50, 0xA8, 0x86, 0x3E, 0xC9, 0x1F, 0x5E, 0xE4, 0xB1, 0xE6, 0x09, 0x9E,
    0xDA, 0x1D, 0x2D, 0x87, 0x61, 0xB1, 0xE2, 0xFB, 0x94, 0xBA, 0x09, 0x8F, 0x48, 0x6C, 0xEE, 0xF0,
    0xEA, 0x94, 0x3A, 0x29, 0x8F, 0xBB, 0x47, 0xEE, 0xF3, 0x28, 0x66, 0x3C, 0xCD, 0x52, 0x99, 0x7B,
    0xA2, 0x53, 0x68, 0x96, 0x4B, 0x1F, 0xED, 0x8F, 0xFB, 0xA6, 0xD0, 0x6C, 0x7C, 0xD6, 0x47, 0x36,
    0x9B, 0x12, 0x92, 0x4B, 0x4F, 0xAE, 0x63, 0x83, 0x67, 0xE1, 0x40, 0xF1, 0x3B, 0xFE, 0x1C, 0x0B,
    0x89, 0x76, 0xE2, 0xDD, 0xF8, 0xD0, 0x2E, 0x3C, 0xFF, 0x15, 0x18, 0xC4, 0xE6, 0x14, 0xD1, 0x21,
    0x06, 0x53, 0x93, 0x1A, 0x69, 0x9D, 0x33, 0x15, 0x4B, 0x3D, 0x56, 0x07, 0x0D, 0xDF, 0xD5, 0xA0,
    0x55, 0x7B, 0xB5, 0x62, 0xEF, 0x59, 0x81, 0x56, 0xA7, 0xF0, 0xE9, 0x64, 0x37, 0x59, 0x5B, 0x82,
    0x57, 0x04, 0x35, 0x4A, 0xE4, 0x6B, 0x15, 0x2C, 0xC4, 0xEB, 0x00, 0x2F, 0x22, 0x93, 0xC9, 0xEC,
    0x97, 0x6A, 0x54, 0x9E, 0xCB, 0x66, 0xA5, 0x49, 0xEC, 0xD6, 0xE4, 0x89, 0xCB, 0xE7, 0x4B, 0xFB,
    0xDA, 0x64, 0xBD, 0x8F, 0xAF, 0x63, 0x74, 0x90, 0x22, 0xFC, 0x08, 0xB7, 0x8C, 0x43, 0x73, 0x00,
    0x45, 0xAB, 0x27, 0x28, 0x0B, 0x4F, 0x82, 0xD3, 0x00, 0x53, 0x90, 0x1D, 0xFE, 0x07, 0x7A, 0x81,
    0x7A, 0x40, 0x77, 0xD0, 0x1B, 0x24, 0x02, 0x59, 0x5C, 0x40, 0x2F, 0x30, 0x04, 0xCA, 0xB8, 0x98,
    0x09, 0x32, 0xAB, 0xEC, 0xAA, 0xAC, 0x5A, 0xB7, 0xDA, 0xAE, 0x4A, 0xBF, 0xD0, 0x6F, 0xBC, 0x3A,
    0x7F, 0x2E, 0xFF, 0x41, 0x80, 0x39, 0x30, 0xC1, 0x7C, 0xB6, 0xDE, 0x04, 0xA4, 0xBE, 0xE0, 0x28,
    0x98, 0x0C, 0xA8, 0x5B, 0x6C, 0x00, 0x26, 0xA0, 0x9C, 0x90, 0x60, 0xBE, 0x18, 0x2D, 0x82, 0x73,
    0xE0, 0x9C, 0xC4, 0x6A, 0x13, 0x9A, 0x18, 0x7D, 0x8F, 0x6D, 0x20, 0x16, 0xCC, 0x02, 0xB4, 0x18,
    0x7D, 0xC0, 0x13, 0x58, 0x6C, 0xFE, 0x1C, 0x10, 0xD9, 0xFF, 0xA7, 0xF5, 0xC8, 0x51, 0x13, 0x27,
    0xE5, 0x89, 0x39, 0x3E, 0x41, 0x66, 0xF8, 0x59, 0xAB, 0x21, 0xFB, 0xCB, 0x81, 0x3F, 0xF0, 0x4F,
    0xDA, 0x02, 0x09, 0xF9, 0x4B, 0xBD, 0xD1, 0x69, 0xB1, 0x81, 0x67, 0x12, 0xB2, 0x96, 0xFA, 0x5A,
    0xD8, 0x57, 0x4A, 0x14, 0xB9, 0x89, 0x44, 0x26, 0xF2, 0x19, 0xC4, 0x74, 0x44, 0xF2, 0xC7, 0xC6,
    0x61, 0x93, 0xAA, 0x0C, 0xEE, 0x62, 0x25, 0x69, 0x4F, 0xA1, 0x18, 0xF9, 0xF5, 0x9A, 0x7F, 0x32,
    0xC3, 0x7F, 0xF3, 0x16, 0x0D, 0x75, 0xC0, 0xA9, 0x52, 0xC9, 0x65, 0xE4, 0x1B, 0x2A, 0xA1, 0x52,
    0x65, 0x30, 0xC3, 0x71, 0xF6, 0xBB, 0x70, 0xA6, 0xCA, 0xFF, 0x16, 0xB0, 0x49, 0x6E, 0x05, 0x36,
    0x95, 0x5A, 0x51, 0x90, 0x94, 0xD5, 0x0A, 0x6B, 0x29, 0x84, 0x12, 0x8E, 0xBF, 0x79, 0x82, 0xC6,
    0x50, 0x0F, 0xF4, 0x1A, 0xA7, 0xFB, 0xAA, 0x51, 0x9C, 0xCF, 0x6F, 0xCD, 0x62, 0xAE, 0x0E, 0xD9,
    0x4C, 0x21, 0xD0, 0xC7, 0xE2, 0x4A, 0x57, 0xC9, 0x8D, 0x7F, 0xA9, 0xDF, 0x78, 0x77, 0xFA, 0x39,
    0x8E, 0x8B, 0x0C, 0x7E, 0x52, 0xEF, 0xF4, 0x70, 0x96, 0x32, 0x98, 0x99, 0x36, 0x51, 0xC1, 0x36,
    0x52, 0x5D, 0xFE, 0x48, 0x1C, 0x95, 0x51, 0x20, 0x03, 0xCA, 0x25, 0x08, 0x61, 0xCC, 0xA5, 0xDF,
    0xEA, 0x75, 0xBA, 0x1D, 0xFE, 0x86, 0x9D, 0x3F, 0xE7, 0x4F, 0xB3, 0x64, 0xE9, 0xFE, 0x86, 0xB7,
    0x1E, 0x53, 0x09, 0x77, 0xC6, 0x5F, 0xF4, 0x82, 0xD5, 0x22, 0xF3, 0x09, 0x8F, 0xC2, 0x65, 0xF3,
    0x9A, 0x4E, 0xA0, 0xD0, 0x37, 0x0B, 0x4A, 0x5D, 0xFE, 0xD1, 0xFB, 0x80, 0x47, 0x29, 0xFC, 0x4A,
    0x6C, 0x02, 0x09, 0x22, 0xC7, 0xE8, 0xB1, 0xC4, 0x8E, 0xEE, 0x02, 0x09, 0x31, 0x42, 0xEC, 0x4F,
    0xBB, 0x13, 0xA5, 0x02, 0x19, 0xC4, 0xC7, 0xED, 0x28, 0x05, 0x77, 0xF7, 0x5E, 0xA3, 0x3F, 0x3A,
    0xDF, 0x9B, 0x0D, 0x5C, 0x86, 0x32, 0x98, 0x0F, 0xDA, 0x50, 0x6B, 0x2C, 0xAF, 0xFD, 0x3F, 0xA9,
    0x43, 0x91, 0x05, 0x20, 0x18, 0x48, 0x8A, 0x7F, 0x22, 0x9D, 0xA0, 0xBB, 0xE8, 0x36, 0xFC, 0x02,
    0x52, 0xB2, 0xC2, 0xFF, 0xDB, 0x21, 0x92, 0xFC, 0x64, 0xB6, 0x85, 0x8B, 0xD6, 0x40, 0x80, 0x96,
    0xFC, 0x02, 0x12, 0x2B, 0x0F, 0xCA, 0xC3, 0x68, 0x57, 0x46, 0x47, 0xD2, 0x32, 0xF4, 0xE2, 0x1C,
    0x09, 0x0F, 0x06, 0x3B, 0x89, 0xC7, 0xF0, 0xE1, 0x9C, 0x4A, 0x0F, 0x16, 0x62, 0x1A, 0x29, 0x4F,
    0xB1, 0x58, 0xFE, 0x45, 0x9B, 0x93, 0x32, 0x07, 0xEC, 0xA0, 0x1E, 0xFF, 0xCF, 0xC2, 0x8F, 0xF1,
    0x81, 0x64, 0xE0, 0xBA, 0x38, 0x7F, 0xCB, 0xEF, 0xF3, 0x8A, 0x05, 0x4A, 0x53, 0xEC, 0xA4, 0x37,
    0xED, 0x23, 0xFB, 0xCA, 0xBF, 0xD0, 0xDD, 0x6C, 0x38, 0x8B, 0x12, 0x02, 0x8C, 0xA1, 0x50, 0x3A,
    0x4C, 0xAB, 0xFD, 0xB2, 0xA4, 0xC2, 0xBF, 0xD1, 0x4C, 0x74, 0x84, 0x17, 0x12, 0x83, 0x43, 0xA1,
    0xF5, 0xC9, 0x5F, 0xFA, 0x29, 0xF7, 0x85, 0x02, 0xEE, 0xD1, 0x60, 0x5D, 0x4A, 0x9C, 0x0B, 0x8A,
    0x43, 0xAD, 0xD2, 0xEC, 0x94, 0x17, 0xDB, 0x98, 0xF7, 0x4A, 0xC1, 0x83, 0x2A, 0xA8, 0x2E, 0xE5,
    0x1C, 0x15, 0x2F, 0xC5, 0x4B, 0x68, 0x40, 0xD8, 0x64, 0x01, 0x99, 0x4F, 0xC0, 0x21, 0x22, 0x96,
    0xCA, 0x25, 0xFE, 0xC0, 0x7B, 0xA1, 0x7F, 0xE9, 0xF8, 0x2C, 0xA5, 0x14, 0x86, 0x41, 0x2A, 0x40,
    0x2F, 0x90, 0x2D, 0x65, 0x00, 0xB7, 0xFE, 0xEE, 0x14, 0x66, 0xF1, 0xD3, 0xF3, 0x73, 0xAB, 0xA3,
    0xEE, 0x53, 0x08, 0xA4, 0x46, 0xED, 0x06, 0xBB, 0xCA, 0xFF, 0xD1, 0xC7, 0xAB, 0x7C, 0xA1, 0x14,
    0x84, 0x13, 0x62, 0x52, 0xEF, 0xF4, 0x8C, 0x14, 0xF2, 0xCA, 0xE2, 0x3F, 0xF9, 0xAB, 0x06, 0xDE,
    0xE1, 0xB8, 0x82, 0x61, 0xF2, 0x5B, 0xAC, 0x86, 0xEE, 0xA9, 0xBD, 0x98, 0x62, 0x38, 0xDB, 0xEB,
    0x66, 0xFE, 0x5D, 0x84, 0xBF, 0xE5, 0xAC, 0x1A, 0x5B, 0x80, 0xAA, 0xA5, 0x56, 0x36, 0x2C, 0xB2,
    0x1A, 0x9A, 0xA6, 0xAE, 0x61, 0x84, 0xA3, 0x6B, 0x2C, 0xC0, 0x9D, 0x94, 0x52, 0xEF, 0x0B, 0x0C,
    0x3D, 0x36, 0x58, 0xC8, 0x49, 0xF2, 0xA5, 0x0D, 0x0B, 0xC4, 0xA0, 0x14, 0x0F, 0xDD, 0x06, 0x8D,
    0x09, 0x80, 0x50, 0xE0, 0x14, 0x4F, 0xCD, 0x16, 0xAE, 0x1A, 0xB9, 0x4C, 0x21, 0x51, 0x5A, 0x44,
    0x1A, 0x93, 0x2B, 0xFF, 0x43, 0x5A, 0x35, 0x2C, 0x70, 0x21, 0xA5, 0x2A, 0xA4, 0xC2, 0xFF, 0xD1,
    0x4C, 0xA7, 0xFF, 0x49, 0x60, 0xF7, 0xDC, 0x19, 0xDF, 0x28, 0x06, 0x4F, 0x24, 0x1C, 0xF9, 0x64,
    0x3E, 0x75, 0x40, 0xE7, 0xCA, 0x61, 0x94, 0xE3, 0x7D, 0xA7, 0x7F, 0x79, 0x7E, 0x3A, 0xFF, 0x9E,
    0xB0, 0x74, 0xEE, 0x0B, 0xA2, 0x94, 0x03, 0x1B, 0x56, 0x5D, 0x14, 0xB2, 0x1D, 0x8A, 0xA3, 0x1C,
    0xE5, 0x30, 0xC7, 0x51, 0xBB, 0x73, 0x4E, 0xE4, 0xBC, 0x61, 0xD2, 0x80, 0x77, 0x7F, 0x3D, 0xEA,
    0x3F, 0x7E, 0x05, 0x8F, 0x82, 0xE7, 0xE1, 0xFE, 0x0F, 0xBF, 0x86, 0x28, 0x35, 0xF9, 0x4F, 0x8B,
    0xE7, 0x29, 0x1F, 0x96, 0x55, 0xFE, 0x8A, 0x0A, 0x5E, 0xE2, 0x96, 0xE4, 0x41, 0xDA, 0xF2, 0x95,
    0xFF, 0xA6, 0x21, 0xB2, 0x94, 0x3B, 0xFD, 0xA3, 0x7C, 0xD7, 0xDF, 0x35, 0x68, 0x79, 0x29, 0xE4,
    0x07, 0xF9, 0x02, 0xEA, 0x57, 0x8F, 0x2C, 0x28, 0x17, 0x72, 0x95, 0x42, 0x24, 0x33, 0xF9, 0x70,
    0xA7, 0xBE, 0xDE, 0x9A, 0x42, 0x05, 0x3B, 0x33, 0xBD, 0xCA, 0x21, 0xE6, 0x90, 0xF9, 0xE3, 0xA8,
    0xA7, 0x96, 0x3F, 0x43, 0x0C, 0xF4, 0xD0, 0x7D, 0x53, 0x1F, 0x64, 0xF8, 0x60, 0xD2, 0xB3, 0x7B,
    0xA6, 0x50, 0x6F, 0xFC, 0x62, 0xC1, 0x2E, 0xB8, 0x3B, 0x7A, 0x50, 0x08, 0x2E, 0x49, 0xF3, 0x92,
    0xC8, 0x4C, 0xAA, 0x93, 0x38, 0x04, 0xD2, 0x61, 0x06, 0xE2, 0xCD, 0x76, 0xF3, 0x69, 0x74, 0x32,
    0xFF, 0x1D, 0xB0, 0x52, 0xAE, 0x14, 0xB8, 0x23, 0xB3, 0x25, 0x56, 0x3D, 0x1C, 0xB2, 0x14, 0xEA,
    0xA5, 0x3E, 0x01, 0x50, 0x98, 0x43, 0x28, 0xB5, 0x29, 0x74, 0x52, 0x1E, 0x0C, 0xC9, 0x03, 0x9A,
    0x5F, 0x78, 0x7F, 0x72, 0x1F, 0xFE, 0x8E, 0x1B, 0x63, 0xE6, 0xD8, 0xB4, 0x59, 0x60, 0xF3, 0xFF,
    0x4C, 0x79, 0x30, 0xAF, 0xF4, 0x73, 0x6C, 0x0F, 0xB9, 0x37, 0xDF, 0xED, 0xF7, 0xB4, 0x3A, 0x5B,
    0x2E, 0xFF, 0x4F, 0xEE, 0xF0, 0xBF, 0xF4, 0x34, 0x19, 0x32, 0x07, 0xAC, 0xCB, 0x2B, 0xF2, 0xCA,
    0xCE, 0x0E, 0x5F, 0xF9, 0x04, 0x7A, 0x40, 0xC7, 0x94, 0x53, 0xA3, 0x34, 0xE9, 0x4A, 0xFF, 0xD0,
    0x62, 0xA1, 0xFC, 0xA8, 0x76, 0x81, 0x09, 0x4E, 0x7F, 0xED, 0x97, 0x48, 0x04, 0xD2, 0xF7, 0x44,
    0x84, 0x25, 0x28, 0x30, 0x6C, 0xEF, 0x87, 0x94, 0x06, 0xC6, 0x61, 0xB0, 0x91, 0x45, 0xA9, 0xFE,
    0x8A, 0x11, 0xAB, 0xE4, 0x6A, 0xB4, 0x10, 0x8D, 0x52, 0x12, 0x2D, 0x04, 0x89, 0x31, 0x21, 0xF2,
    0x22, 0x24, 0x39, 0xFF, 0xA7, 0xE0, 0xC8, 0x96, 0x57, 0x7E, 0x4B, 0x3F, 0x92, 0xCE, 0xF0, 0x4F,
    0x26, 0x63, 0xCA, 0x19, 0x29, 0x03, 0x26, 0x5B, 0x98, 0x94, 0x30, 0x19, 0xD2, 0x95, 0x79, 0x40,
    0x09, 0x22, 0x74, 0xFC, 0x9D, 0x36, 0x86, 0xA7, 0x4E, 0x4E, 0x19, 0x9C, 0x43, 0xDF, 0x21, 0xF8,
    0x47, 0x46, 0x31, 0x2C, 0x7E, 0x8E, 0x19, 0xF2, 0xA0, 0xFC, 0xE6, 0x21, 0xC4, 0x96, 0x47, 0xED,
    0x66, 0xFB, 0xA2, 0x3A, 0x70, 0x0E, 0x9F, 0xE7, 0xA9, 0x47, 0xEA, 0xC0, 0xB1, 0xB0, 0x5E, 0xB4,
    0x3F, 0xAF, 0xF7, 0xEC, 0x45, 0x1A, 0xDB, 0x29, 0xF1, 0x09, 0xA9, 0x2A, 0x13, 0x7D, 0x34, 0x78,
    0xA8, 0x0F, 0x22, 0x0D, 0xC9, 0x95, 0xFF, 0xA5, 0x41, 0xA8, 0x95, 0x8F, 0xB8, 0x1C, 0xB9, 0x61,
    0xA2, 0xEA, 0x4E, 0x94, 0x34, 0x19, 0x53, 0x05, 0xAD, 0x22, 0x32, 0xD9, 0x77, 0x26, 0x17, 0xFE,
    0xA7, 0x34, 0xD6, 0x71, 0x08, 0x58, 0x27, 0x65, 0x14, 0xC6, 0x41, 0x7A, 0x38, 0xB0, 0xBB, 0xCA,
    0x70, 0xE8, 0x49, 0x82, 0xDA, 0x51, 0x44, 0xBA, 0xFD, 0x2E, 0xB6, 0x83, 0xA7, 0x7E, 0x40, 0xB4,
    0x90, 0xA0, 0xA6, 0x20, 0x19, 0x4B, 0xBE, 0xF1, 0x2F, 0xF6, 0x54, 0x30, 0x14, 0x05, 0xE4, 0xB0,
    0x90, 0x25, 0x1F, 0xCA, 0x7F, 0x9A, 0x80, 0x6D, 0xFF, 0x7B, 0x8A, 0x36, 0x1E, 0x01, 0x99, 0x80,
    0x6E, 0xBF, 0x3B, 0xBA, 0xB9, 0x9F, 0xE5, 0x30, 0xC4, 0x44, 0x04, 0xB5, 0x48, 0x30, 0x59, 0x7E,
    0x16, 0x5A, 0x41, 0xAB, 0x72, 0x3A, 0xE0, 0x3B, 0xE4, 0x16, 0x49, 0x89, 0x66, 0x75, 0xC0, 0x1F,
    0x48, 0x2F, 0xB2, 0x82, 0x08, 0x7E, 0x50, 0xD0, 0xB6, 0x4A, 0x01, 0x66, 0xFD, 0xD9, 0xE8, 0xD1,
    0x18, 0x04, 0x86, 0x01, 0x69, 0xFC, 0xDA, 0xAA, 0xF6, 0xB8, 0x15, 0xB2, 0x61, 0x12, 0x88, 0x5B,
    0x60, 0xD6, 0xE9, 0x5F, 0xFB, 0xAB, 0x6E, 0x85, 0xFF, 0xA0, 0xD0, 0x88, 0x3C, 0xFB, 0x31, 0x3F,
    0x95, 0xE3, 0xA2, 0x00, 0x78, 0x94, 0xA8, 0x46, 0xB2, 0xD9, 0x21, 0xD7, 0xE8, 0x75, 0xB4, 0x1B,
    0x6B, 0x06, 0xDB, 0x4A, 0xFF, 0xD4, 0x69, 0xFC, 0x2D, 0xC3, 0x13, 0xFF, 0x48, 0xC3, 0x03, 0x29,
    0x87, 0x03, 0xE3, 0xC1, 0xFA, 0x3B, 0x46, 0x55, 0x4E, 0x1C, 0xC3, 0x89, 0xF0, 0xE2, 0xFC, 0xDD,
    0xA3, 0x29, 0xD6, 0x2A, 0x2E, 0xC0, 0xB9, 0xA1, 0xDB, 0xE8, 0x76, 0xB4, 0x1E, 0x5B, 0x2A, 0x9B,
    0x12, 0x5A, 0x51, 0x0F, 0xFC, 0x82, 0xC1, 0x5D, 0xB8, 0x57, 0xA0, 0x82, 0xDC, 0x96, 0x48, 0x46,
    0x92, 0xC8, 0x58, 0x6A, 0x82, 0x34, 0x94, 0xC2, 0x21, 0xC5, 0xB2, 0x68, 0x6C, 0xB2, 0xF8, 0xA5,
    0xFE, 0x49, 0x60, 0xB7, 0xDC, 0x12, 0x67, 0x2A, 0xB4, 0x8E, 0xC0, 0x93, 0x39, 0x55, 0x2E, 0x90,
    0x08, 0xA5, 0x16, 0xED, 0x98, 0xBB, 0xCB, 0xC1, 0x45, 0x28, 0x07, 0x9B, 0xF7, 0xE7, 0xA3, 0x0C,
    0xCA, 0x50, 0x0D, 0x0C, 0x03, 0xD3, 0xF9, 0xF5, 0x55, 0xD4, 0xA7, 0x29, 0x86, 0x4A, 0x21, 0xED,
    0x83, 0x7B, 0x84, 0xB9, 0x2D, 0xB4, 0x2C, 0x2F, 0xD2, 0x05, 0x24, 0x87, 0x6F, 0xF1, 0xDB, 0xDA,
    0x22, 0x68, 0xC9, 0xCB, 0x61, 0x43, 0x6D, 0xA4, 0x34, 0x50, 0xF2, 0x86, 0xA0, 0x5F, 0xE8, 0x17,
    0xB4, 0x2D, 0x34, 0x73, 0xFF, 0x45, 0x07, 0x9B, 0xF1, 0xE6, 0xDA, 0x16, 0x2D, 0x49, 0x4E, 0x01,
    0xA3, 0x28, 0xE6, 0x12, 0x0C, 0x26, 0xE9, 0x53, 0x81, 0x69, 0x29, 0x18, 0x34, 0xA5, 0x30, 0xDB,
    0xFC, 0x77, 0x1F, 0x43, 0x4A, 0xCA, 0xA9, 0x99, 0x98, 0x6E, 0xBE, 0x1B, 0xBF, 0x99, 0xA5, 0x65,
    0x3A, 0xC4, 0x40, 0x82, 0xFB, 0x21, 0x72, 0xCE, 0x0A, 0x16, 0x5A, 0x11, 0x66, 0x5F, 0xED, 0x56,
    0xFC, 0x1D, 0x72, 0x0A, 0xBC, 0xA0, 0xCF, 0xE1, 0xFB, 0xF8, 0x6D, 0x04, 0x1D, 0x3C, 0xF2, 0x10,
    0xF3, 0x0F, 0xCC, 0x2C, 0x72, 0x80, 0x4D, 0xFF, 0x73, 0x8A, 0x34, 0x1E, 0x01, 0x19, 0x80, 0x4E,
    0xBF, 0x33, 0xBA, 0xB9, 0x87, 0x65, 0x30, 0x84, 0x44, 0x27, 0xD0, 0x69, 0xF8, 0x62, 0xA4, 0x14,
    0x79, 0x5A, 0x81, 0x7F, 0x29, 0x53, 0xBD, 0xFE, 0xEF, 0x7B, 0x42, 0xC5, 0x07, 0x29, 0x58, 0xF4,
    0x25, 0x0A, 0xFF, 0x6E, 0x47, 0x77, 0x29, 0x0C, 0xBB, 0xA5, 0x2F, 0xD3, 0x41, 0x65, 0x13, 0x1E,
    0x2C, 0xCA, 0x2B, 0x34, 0x9E, 0x41, 0xA1, 0xA3, 0xBA, 0x94, 0xAB, 0xFD, 0x1C, 0xEE, 0x06, 0x52,
    0x53, 0x68, 0x50, 0xEA, 0x65, 0x21, 0xA5, 0x74, 0xA9, 0x7A, 0x68, 0x5C, 0xA2, 0x39, 0x20, 0xA6,
    0xF1, 0x69, 0xD1, 0x5A, 0x84, 0xF2, 0x19, 0x08, 0xA8, 0xE6, 0x2A, 0x52, 0xB0, 0x7E, 0x4A, 0x01,
    0xAE, 0xFC, 0xEB, 0xE8, 0xFB, 0x08, 0x16, 0x16, 0x0B, 0x97, 0x87, 0xEC, 0x7E, 0xFB, 0x28, 0xA2,
    0x50, 0xE5, 0x3E, 0xC3, 0x44, 0x76, 0xB2, 0x3D, 0xB4, 0xAB, 0xFD, 0x95, 0xA9, 0x42, 0xFF, 0xD3,
    0x8D, 0xB4, 0x2B, 0xFD, 0x0D, 0x13, 0xF7, 0xCA, 0x3B, 0x68, 0x30, 0xDE, 0xA5, 0x2A, 0xFF, 0x6E,
    0x44, 0x85, 0x31, 0x20, 0x7C, 0x48, 0x16, 0x90, 0xCB, 0x4B, 0xDF, 0x32, 0x5F, 0x7C, 0x97, 0xD3,
    0x83, 0xFD, 0xE5, 0x59, 0x2F, 0xFE, 0x8A, 0xC1, 0xE6, 0xB8, 0x28, 0x62, 0x59, 0x22, 0x11, 0x4B,
    0x21, 0xEA, 0xAA, 0x7A, 0xE0, 0x19, 0x2E, 0x3F, 0xB6, 0x77, 0xEE, 0x97, 0xE3, 0x2F, 0xF9, 0xDB,
    0x07, 0x2A, 0xE0, 0x5C, 0xE9, 0x40, 0x31, 0x75, 0x62, 0xE6, 0xCB, 0x21, 0xCE, 0xAA, 0x0E, 0xFA,
    0x53, 0x0C, 0x65, 0x1C, 0x49, 0xF2, 0x97, 0x88, 0xBA, 0x50, 0x0D, 0x2F, 0xEF, 0x4D, 0x46, 0x1E,
    0xEC, 0xA0, 0x19, 0x58, 0x06, 0xA3, 0xF3, 0xA9, 0xAB, 0x9B, 0x52, 0x53, 0x0C, 0x24, 0x4F, 0x59,
    0x06, 0xD6, 0x8B, 0xAE, 0x56, 0x58, 0x7D, 0xDC, 0x53, 0x32, 0x13, 0xB4, 0xC4, 0xC5, 0xF1, 0x31,
    0x5A, 0x2C, 0x26, 0x19, 0x41, 0x87, 0x6B, 0x2A, 0x36, 0xB6, 0x16, 0x92, 0x69, 0xE2, 0x21, 0xC0,
    0xDA, 0x94, 0x36, 0x1D, 0x0B, 0x2D, 0x0C, 0xFF, 0xD3, 0xF0, 0x6C, 0x4A, 0x39, 0x12, 0x83, 0x91,
    0xCA, 0xC3, 0xB6, 0xF8, 0xED, 0xAF, 0x02, 0x1D, 0xB5, 0x21, 0xB9, 0x08, 0x2F, 0x92, 0x0C, 0x24,
    0x89, 0x41, 0x89, 0xF9, 0x2D, 0x50, 0x84, 0xE5, 0x14, 0xF2, 0xC2, 0xD5, 0x75, 0x77, 0x7B, 0xC9,
    0x57, 0x76, 0x77, 0xBC, 0xA7, 0x58, 0xE8, 0x21, 0x2A, 0xE7, 0x06, 0x87, 0xCD, 0xA5, 0x40, 0xC0,
    0x94, 0x02, 0x95, 0xFB, 0xA5, 0xD1, 0xA1, 0x70, 0x08, 0xE4, 0x02, 0x9B, 0xF9, 0xA7, 0x55, 0xE9,
    0xF0, 0x21, 0x7B, 0xCA, 0x21, 0x51, 0x83, 0x54, 0x83, 0x61, 0x21, 0xFE, 0x4A, 0xAA, 0x0B, 0x59,
    0x47, 0x3D, 0xD0, 0xFE, 0x94, 0x3F, 0xFD, 0x23, 0x0E, 0x37, 0xC3, 0x8D, 0x68, 0x5E, 0xD6, 0x69,
    0xB6, 0x95, 0xE2, 0xBF, 0xF9, 0xBB, 0x07, 0x02, 0xE1, 0xC1, 0x82, 0x62, 0x72, 0x5C, 0x4C, 0x87,
    0x16, 0xA9, 0xC7, 0x98, 0x62, 0xB8, 0xDC, 0x88, 0x6F, 0x26, 0x5F, 0x10, 0xBF, 0xC3, 0xEA, 0xD1,
    0xFB, 0x04, 0x42, 0x8C, 0x48, 0x49, 0x4B, 0xFF, 0xD2, 0x39, 0xB4, 0x2B, 0xFD, 0xB2, 0x25, 0x85,
    0xC9, 0x5F, 0x72, 0x57, 0x4A, 0x1A, 0xD6, 0x09, 0x86, 0x72, 0x9C, 0x0B, 0xBA, 0x93, 0xBE, 0x1D,
    0x7B, 0xC2, 0x25, 0x99, 0x89, 0x6C, 0xAC, 0x8C, 0x7F, 0x23, 0x1D, 0xA2, 0x04, 0x63, 0xA6, 0x56,
    0x5A, 0x42, 0xE9, 0x12, 0x82, 0xE4, 0x9F, 0xE4, 0x18, 0x80, 0x32, 0x05, 0x14, 0x81, 0x5D, 0x2C,
    0x06, 0xB4, 0x21, 0x12, 0x85, 0x48, 0x69, 0x22, 0x69, 0x99, 0x31, 0x7E, 0x4C, 0x59, 0xC1, 0xF7,
    0xF2, 0xA8, 0x97, 0xFE, 0x45, 0x60, 0xB3, 0x5C, 0x2C, 0xF0, 0x41, 0xDE, 0xCB, 0x24, 0x3B, 0xD9,
    0x64, 0x2D, 0x55, 0x41, 0xDE, 0xCA, 0x61, 0x12, 0xE2, 0xDB, 0x76, 0xF6, 0xE9, 0x74, 0x3A, 0xFF,
    0x1E, 0xB0, 0x54, 0xEE, 0x15, 0x48, 0x24, 0x36, 0xAC, 0xB0, 0x89, 0x64, 0x2B, 0x15, 0x41, 0x88,
    0xCA, 0x8A, 0xB0, 0x89, 0x06, 0x4A, 0xC2, 0xF6, 0x90, 0x64, 0xF7, 0x12, 0x0C, 0x9D, 0x23, 0x9C,
    0x98, 0x7D, 0x96, 0x1F, 0xFE, 0x98, 0x83, 0xA6, 0x51, 0xC3, 0x8C, 0xFC, 0xE3, 0x36, 0x8B, 0x15,
    0x9E, 0x7B, 0xF8, 0x57, 0xFA, 0x7E, 0x1A, 0x69, 0x43, 0x49, 0x5F, 0x3C, 0x74, 0x38, 0x97, 0xD2,
    0x8A, 0x06, 0x2F, 0xE3, 0xC2, 0x94, 0xF1, 0xAA, 0xB2, 0x5B, 0x3C, 0xBF, 0xD3, 0x82, 0x63, 0xCC,
    0x5C, 0xBF, 0x17, 0x2F, 0xFF, 0xD2, 0x31, 0x16, 0x7C, 0x45, 0x96, 0x81, 0x08, 0xB2, 0x90, 0x68,
    0x34, 0x16, 0x6B, 0x06, 0x9B, 0x04, 0x4E, 0x55, 0x20, 0x89, 0xC8, 0x44, 0x93, 0x9B, 0x42, 0xC7,
    0xD1, 0xF1, 0xF4, 0x5A, 0x08, 0x3E, 0x89, 0x8F, 0xF6, 0x52, 0xAF, 0xF5, 0x18, 0x66, 0x52, 0xC7,
    0x41, 0x21, 0x72, 0xC9, 0xA4, 0xB4, 0x3D, 0x92, 0xBB, 0x87, 0xB2, 0x41, 0xA0, 0xF8, 0x68, 0x2D,
    0x0D, 0x32, 0xFC, 0xC3, 0x0F, 0x70, 0xC3, 0x72, 0x2C, 0x18, 0x6A, 0x47, 0x01, 0xA9, 0x2D, 0xCF,
    0xDC, 0xDF, 0x78, 0xC4, 0xCA, 0x08, 0xB5, 0x8C, 0xC7, 0x26, 0x56, 0x5A, 0x5A, 0x7E, 0x6B, 0xD4,
    0x7A, 0xFC, 0x0A, 0x1F, 0x05, 0x8F, 0xC3, 0xEC, 0x1F, 0x7B, 0x0C, 0x50, 0xB4, 0xB2, 0x9F, 0x44,
    0x22, 0x56, 0x49, 0x1D, 0x94, 0xAA, 0xB3, 0x85, 0xFF, 0xB0, 0xE3, 0x71, 0x95, 0x18, 0x51, 0x7F,
    0x14, 0x5D, 0xA0, 0xD4, 0x8B, 0x30, 0xA3, 0x25, 0x80, 0x60, 0x9C, 0xA7, 0x02, 0x74, 0x91, 0x6E,
    0x26, 0x28, 0x9F, 0x8A, 0x26, 0x72, 0x1D, 0xF8, 0x36, 0x66, 0x3D, 0x0A, 0x0F, 0x3F, 0x90, 0x74,
    0x5C, 0xCC, 0x9B, 0xB4, 0xFD, 0xF7, 0xA8, 0xC3, 0xF3, 0x94, 0x03, 0x3F, 0x00, 0xF0, 0x7E, 0x7C,
    0x35, 0x72, 0x6E, 0xCA, 0x61, 0x90, 0x89, 0x86, 0xAA, 0x94, 0xE0, 0xE2, 0x4F, 0x1D, 0x16, 0x2C,
    0x74, 0xE7, 0xE2, 0xE1, 0x90, 0x30, 0xE9, 0x0E, 0x31, 0x6C, 0xC1, 0x95, 0x29, 0x88, 0xFF, 0x25,
    0x0D, 0x1D, 0x0C, 0xF1, 0x90, 0x70, 0x57, 0xCA, 0x9C, 0x0A, 0x99, 0x98, 0xE2, 0xF3, 0x08, 0x09,
    0x8E, 0x6F, 0x33, 0x80, 0x98, 0xEA, 0x50, 0x23, 0x1D, 0x52, 0x1A, 0x1A, 0x6F, 0x86, 0x9A, 0xD0,
    0x51, 0xB6, 0xD0, 0x19, 0x74, 0x2C, 0xAC, 0xC3, 0x15, 0x22, 0xCA, 0x4D, 0xC8, 0x1F, 0x72, 0x04,
    0xE0, 0x97, 0x79, 0x74, 0x12, 0x1E, 0xBD, 0xA9, 0x86, 0x2E, 0x9F, 0xBF, 0x85, 0x1B, 0x27, 0x00,
    0xD1, 0xC0, 0x3E, 0x5F, 0x9F, 0x9D, 0x5C, 0x31, 0x52, 0x98, 0x65, 0x22, 0x7F, 0x68, 0x37, 0xDC,
    0x5A, 0x72, 0x31, 0xE4, 0xB2, 0xA1, 0x8A, 0xF9, 0x8A, 0xAD, 0x34, 0xD6, 0xCA, 0xFE, 0xE6, 0xA2,
    0x90, 0xD1, 0xA5, 0xB2, 0xC5, 0x43, 0x4A, 0x31, 0x38, 0x84, 0xFC, 0xCC, 0x5D, 0x1C, 0x24, 0xA2,
    0x46, 0x61, 0xA4, 0x70, 0x17, 0x72, 0xE0, 0x1E, 0xD2, 0x50, 0x8A, 0x46, 0x62, 0x93, 0x2B, 0x20,
    0x3D, 0x3F, 0x3B, 0x8A, 0x3E, 0xE6, 0x05, 0x87, 0x82, 0xE6, 0x61, 0xFB, 0xAF, 0xBE, 0xEE, 0x28,
    0x40, 0x89, 0x4F, 0xB1, 0x11, 0x14, 0x24, 0x4A, 0x54, 0x66, 0x29, 0x65, 0x4B, 0x39, 0x29, 0xFC,
    0x22, 0x0C, 0x70, 0x89, 0x4A, 0xBF, 0xD6, 0x30, 0xB5, 0xCA, 0x47, 0x6E, 0x59, 0x54, 0xBF, 0xD3,
    0x80, 0x4B, 0xCA, 0x38, 0x62, 0xB9, 0x92, 0x8E, 0xE4, 0xA2, 0xF0, 0x60, 0x64, 0x2B, 0xAB, 0x8E,
    0xAE, 0x42, 0xBB, 0xC0, 0xEA, 0xE5, 0xC7, 0xF6, 0xE8, 0x45, 0x79, 0xF1, 0x5E, 0x6B, 0x31, 0xD2,
    0x97, 0x89, 0x7F, 0xE2, 0x5F, 0xA4, 0x3C, 0x4B, 0xF4, 0x06, 0x85, 0x20, 0xD1, 0x60, 0x5B, 0x48,
    0xE2, 0xB3, 0x1F, 0xC4, 0x8A, 0xB7, 0xF0, 0xB9, 0x61, 0x93, 0xD3, 0x06, 0xD4, 0x89, 0x47, 0x38,
    0xA4, 0x1C, 0xDE, 0xB2, 0x95, 0x09, 0xEA, 0x52, 0xA0, 0x4E, 0xCA, 0x1A, 0x17, 0x1B, 0x85, 0xC3,
    0x90, 0xA3, 0xF7, 0x48, 0x1C, 0x12, 0x19, 0x6F, 0xC6, 0x5B, 0x68, 0x11, 0x5B, 0xA5, 0x9C, 0x3A,
    0xEC, 0xC5, 0xEF, 0x28, 0x6A, 0x81, 0x25, 0x23, 0x1E, 0x8C, 0x86, 0xA9, 0x32, 0x28, 0xFC, 0x8A,
    0x33, 0x82, 0x72, 0x65, 0xD1, 0x08, 0xA0, 0x2C, 0x25, 0x46, 0x20, 0xCC, 0xAD, 0x43, 0xE3, 0x94,
    0x52, 0x15, 0x05, 0x32, 0x1D, 0x20, 0xC0, 0xA4, 0x97, 0xAC, 0x4A, 0x5F, 0x12, 0x95, 0xA1, 0x6B,
    0x3C, 0x91, 0xE2, 0x26, 0x4A, 0xD9, 0x18, 0x52, 0xF1, 0x19, 0x41, 0x84, 0xA6, 0x61, 0x19, 0x42,
    0x92, 0xB9, 0x32, 0xB3, 0x53, 0xF3, 0x54, 0xA3, 0xD5, 0x60, 0x50, 0xD8, 0x2D, 0x5A, 0x1F, 0x57,
    0xFB, 0xD6, 0x22, 0x85, 0x67, 0x94, 0xFA, 0x1D, 0x13, 0x26, 0x5C, 0x8B, 0x07, 0x20, 0xB0, 0xCA,
    0xE2, 0x3D, 0xE9, 0xC2, 0x20, 0x61, 0x77, 0x9F, 0xFA, 0x9C, 0x31, 0x49, 0x21, 0xE2, 0x5F, 0xE8,
    0xA0, 0x33, 0x65, 0xFF, 0xD0, 0x58, 0x3B, 0xB7, 0x0E, 0xF4, 0x13, 0x1F, 0x92, 0xF0, 0x64, 0x3C,
    0x35, 0x40, 0xBD, 0x4B, 0x91, 0xE4, 0x84, 0xF9, 0x66, 0x50, 0x6B, 0xF9, 0x85, 0xB1, 0x56, 0x6C,
    0xB4, 0x8C, 0x2D, 0x7A, 0x42, 0xAB, 0xE6, 0x3D, 0x2A, 0x7E, 0xF5, 0xF4, 0x60, 0xB0, 0xCA, 0x01,
    0x97, 0x80, 0x6C, 0x7F, 0x3B, 0x2A, 0xB8, 0xF4, 0xA5, 0x30, 0xC3, 0x45, 0x09, 0x9F, 0x51, 0x8D,
    0x52, 0x0C, 0x0C, 0x19, 0x48, 0xCF, 0x39, 0x7A, 0x64, 0x04, 0xF3, 0xB7, 0xA7, 0xC0, 0x4F, 0x3D,
    0x28, 0xB1, 0xE7, 0xA7, 0xFE, 0xA7, 0x1B, 0xA2, 0x51, 0xC8, 0xA4, 0x3A, 0xEF, 0x2E, 0xCA, 0x41,
    0x7E, 0xD9, 0x80, 0xAC, 0xCA, 0x9C, 0x79, 0x69, 0xC1, 0x21, 0x06, 0x11, 0x98, 0x5F, 0xA4, 0x61,
    0x1A, 0x62, 0xA0, 0x7C, 0x99, 0x77, 0xFB, 0x00, 0x15, 0x69, 0x4F, 0xC9, 0x5B, 0x32, 0xF2, 0x7C,
    0xBC, 0x9B, 0x88, 0x45, 0x42, 0xAF, 0x30, 0xAA, 0x49, 0x69, 0xD2, 0xFF, 0x48, 0xC1, 0x51, 0x2C,
    0x00, 0x29, 0x25, 0x14, 0x38, 0xBF, 0xF1, 0x1C, 0x83, 0x8B, 0xCE, 0x25, 0x7F, 0x17, 0xAD, 0x62,
    0x35, 0x69, 0x0D, 0x80, 0x5E, 0x93, 0x17, 0x9C, 0xA9, 0x16, 0xDB, 0x30, 0xEC, 0xE5, 0x63, 0xF2,
    0xA6, 0x72, 0x5F, 0xEB, 0x52, 0x5B, 0x3E, 0x56, 0xFB, 0x42, 0x4A, 0xDD, 0x28, 0xA0, 0xBA, 0x25,
    0x95, 0x0B, 0x5C, 0xC5, 0xFD, 0x4F, 0xCC, 0xE2, 0x8F, 0x39, 0x81, 0x41, 0xE0, 0xB1, 0x98, 0x7C,
    0xEB, 0xEF, 0x3B, 0x8A, 0x0B, 0xFA, 0x53, 0xE8, 0x44, 0x44, 0xBE, 0xB2, 0x05, 0xAC, 0x90, 0x91,
    0x7C, 0x8C, 0xA1, 0x08, 0xD3, 0x42, 0x2C, 0xA2, 0x07, 0x9B, 0x9F, 0xFB, 0xAA, 0x7E, 0x3B, 0x9F,
    0x8A, 0xE7, 0xE1, 0x94, 0x3D, 0x49, 0xD2, 0x02, 0xC4, 0x8F, 0x23, 0x30, 0x63, 0x48, 0x9D, 0xD3,
    0x95, 0x77, 0x25, 0xC3, 0x02, 0xB9, 0xB1, 0xA4, 0x30, 0x3D, 0xC2, 0x2A, 0x52, 0xA8, 0xA7, 0xFC,
    0xA9, 0xD5, 0x42, 0xA4, 0xB2, 0x43, 0xA4, 0x91, 0x53, 0xE8, 0x79, 0xF9, 0x71, 0xAE, 0xDB, 0x7B,
    0xBC, 0xBB, 0x0D, 0x7F, 0x46, 0x24, 0xDA, 0x1D, 0x2A, 0xB6, 0x5E, 0xC0, 0xD0, 0xE9, 0x23, 0x16,
    0x58, 0x6A, 0x30, 0x5B, 0xE6, 0x15, 0x79, 0x40, 0x24, 0xBF, 0xB9, 0x35, 0x18, 0x75, 0xB2, 0x80,
    0x45, 0x60, 0x12, 0x8F, 0xCC, 0xA6, 0xAE, 0xDC, 0xD9, 0x4C, 0x20, 0x91, 0x69, 0x64, 0x18, 0x5D,
    0x12, 0x9C, 0x6F, 0xDD, 0xFD, 0x20, 0x81, 0x48, 0xAB, 0xBF, 0x2A, 0xEE, 0x62, 0xC5, 0x5D, 0x9F,
    0xFA, 0x62, 0x24, 0xC9, 0x47, 0x02, 0xDD, 0x3C, 0x54, 0x38, 0x19, 0x32, 0xA7, 0x03, 0x1E, 0x90,
    0x80, 0xB8, 0x4A, 0xAA, 0x0B, 0x59, 0x43, 0x4F, 0xB7, 0xF3, 0xED, 0xD2, 0x13, 0x64, 0x9A, 0x03,
    0x26, 0x50, 0x61, 0x7D, 0x4A, 0x0C, 0x38, 0x1F, 0x8E, 0x06, 0xD0, 0x34, 0x74, 0xD3, 0x64, 0x0D,
    0x49, 0x41, 0x83, 0xA7, 0x28, 0x31, 0x46, 0x32, 0x74, 0xE9, 0x14, 0x66, 0xB0, 0x62, 0x8C, 0xD0,
    0xB0, 0xF3, 0x24, 0xF7, 0xC9, 0x3D, 0x38, 0x21, 0xC0, 0x68, 0xDC, 0x39, 0xE3, 0xA6, 0xD0, 0xA8,
    0x74, 0x10, 0xF4, 0xB4, 0xE7, 0x64, 0xA1, 0x88, 0xFB, 0xAC, 0x22, 0x7E, 0x3C, 0xEE, 0x8F, 0x36,
    0x51, 0x41, 0xE6, 0xD0, 0xF4, 0x93, 0xD9, 0x63, 0x21, 0xA8, 0x9D, 0x98, 0x9A, 0x7E, 0x26, 0x9B,
    0x44, 0xC4, 0xD3, 0x33, 0x5B, 0xC8, 0x52, 0x52, 0x17, 0x64, 0x8F, 0x97, 0x83, 0xE5, 0x5C, 0x36,
    0xF2, 0x80, 0x99, 0x76, 0x8E, 0x51, 0x97, 0xFB, 0x2A, 0x0D, 0x6A, 0x09, 0x13, 0xF3, 0x08, 0x64,
    0x4C, 0x48, 0x94, 0x83, 0x0A, 0x12, 0x44, 0xA6, 0x9C, 0x8F, 0xEF, 0x2E, 0x33, 0x9C, 0x92, 0xD9,
    0x4C, 0x54, 0x34, 0x13, 0xF2, 0x3A, 0x54, 0xD1, 0xF3, 0xF1, 0x67, 0x4E, 0x0A, 0xDB, 0x79, 0x1B,
    0x72, 0x40, 0xAE, 0x98, 0x8C, 0xBE, 0x23, 0x2B, 0x41, 0xD3, 0x43, 0x33, 0x7B, 0x52, 0x1A, 0x25,
    0x59, 0x02, 0xF2, 0x67, 0xA2, 0xF9, 0xE8, 0xA7, 0x02, 0x3D, 0x15, 0x33, 0x86, 0x10, 0x99, 0xC0,
    0xA5, 0x1C, 0xC8, 0x1B, 0x0A, 0x48, 0x7E, 0xB8, 0xE7, 0x64, 0x87, 0xFD, 0xC4, 0xC4, 0x77, 0x35,
    0x89, 0x48, 0x37, 0x52, 0x06, 0x0C, 0xB1, 0xC2, 0x2E, 0x97, 0x1C, 0x52, 0xF2, 0x83, 0x27, 0x1A,
    0x50, 0x40, 0xBB, 0xCE, 0x11, 0x11, 0x04, 0xC4, 0xBA, 0xA4, 0x2F, 0x90, 0x57, 0xE7, 0x2A, 0x0B,
    0xE4, 0xA1, 0xA0, 0x8A, 0x96, 0x70, 0x2C, 0x72, 0x80, 0x72, 0xBF, 0x3C, 0xBA, 0x3F, 0x32, 0x05,
    0x8B, 0x82, 0xE7, 0x21, 0xFC, 0xDF, 0xBF, 0x3A, 0x28, 0xBB, 0x59, 0x4F, 0xB1, 0x90, 0xEE, 0x90,
    0xF5, 0x64, 0x25, 0xEF, 0x89, 0x7A, 0xD0, 0x63, 0x8E, 0x52, 0x71, 0x77, 0x52, 0x84, 0x8D, 0x01,
    0x4B, 0xC7, 0x48, 0xBC, 0x72, 0xEE, 0x4B, 0x8C, 0x75, 0x34, 0x5B, 0xFD, 0x16, 0xF6, 0xE4, 0x7D,
    0xA1, 0x3F, 0x79, 0x96, 0x2A, 0xFE, 0x52, 0xFA, 0x97, 0xD2, 0x55, 0x6E, 0x1D, 0x80, 0xA6, 0x33,
    0x2F, 0xA4, 0xA6, 0x18, 0xAA, 0x42, 0xB8, 0xA5, 0x32, 0x82, 0x7F, 0xD4, 0x61, 0x37, 0x3D, 0x4A,
    0x01, 0x03, 0xC9, 0x14, 0x66, 0x4A, 0x32, 0xBF, 0x22, 0x59, 0xB7, 0x96, 0xA1, 0x9F, 0x08, 0x66,
    0xCC, 0x32, 0x90, 0x23, 0xAA, 0x43, 0x57, 0x83, 0x28, 0x86, 0x96, 0x43, 0xA6, 0x8E, 0xB2, 0xB6,
    0x58, 0xFC, 0xAC, 0x33, 0x51, 0x41, 0xD4, 0xCC, 0x75, 0x73, 0xEC, 0x26, 0x44, 0xA2, 0xB2, 0x99,
    0x7F, 0xA1, 0xA7, 0x5B, 0x92, 0x5E, 0xA9, 0x10, 0x8B, 0x24, 0xE2, 0x68, 0xB5, 0x98, 0x27, 0xA9,
    0x0E, 0x4C, 0x0D, 0xA4, 0x61, 0x43, 0xF8, 0x50, 0xED, 0x07, 0x0A, 0x1D, 0x29, 0xC1, 0x43, 0x94,
    0x36, 0x0D, 0x0A, 0x14, 0x7C, 0x8B, 0xC3, 0x35, 0x92, 0x7D, 0x64, 0x95, 0x81, 0x17, 0xB2, 0x40,
    0xCB, 0x90, 0xD2, 0x26, 0x0A, 0x59, 0x91, 0x1F, 0xED, 0x01, 0xB2, 0x05, 0xE5, 0xAD, 0x89, 0x29,
    0x2A, 0x83, 0xFF, 0xF8, 0xFF, 0xE8, 0x59, 0xB9, 0x4B, 0x85, 0x81, 0x71, 0x5F, 0xE4, 0xD2, 0x32,
    0x15, 0xF5, 0x05, 0x45, 0x2B, 0x51, 0x80, 0x26, 0x9D, 0x59, 0x1D, 0x32, 0x74, 0x61, 0x52, 0xCB,
    0x54, 0xA1, 0xFF, 0xA8, 0x7E, 0xD0, 0xB1, 0x1E, 0xD2, 0x38, 0x0C, 0x69, 0x6C, 0xB1, 0x10, 0xA6,
    0x16, 0x4F, 0xFD, 0x06, 0xC7, 0x6F, 0xF3, 0xD1, 0x0E, 0x9C, 0x87, 0xA9, 0x1D, 0xEA, 0xC0, 0xF1,
    0xB8, 0xFE, 0xB4, 0x33, 0xAF, 0x41, 0xEC, 0x4C, 0x4D, 0xD7, 0x29, 0xF6, 0x3B, 0x23, 0xDB, 0xB3,
    0x77, 0x26, 0x47, 0xE2, 0xA7, 0xE6, 0xCF, 0x47, 0xB4, 0x40, 0xA2, 0x30, 0x59, 0x0C, 0x3E, 0xD3,
    0xF7, 0xB5, 0x45, 0x0F, 0xC7, 0x29, 0xF4, 0x4A, 0x1A, 0x33, 0xD9, 0x03, 0xEE, 0x41, 0x85, 0x95,
    0xC4, 0x66, 0x32, 0xB5, 0x3B, 0xAF, 0xE2, 0x06, 0xB4, 0x0C, 0x9C, 0x72, 0xD9, 0x13, 0x42, 0x50,
    0xDC, 0x84, 0x84, 0x28, 0xBF, 0x0A, 0x2E, 0x21, 0xE3, 0x81, 0xA4, 0x72, 0xDC, 0x28, 0x39, 0x16,
    0x22, 0x64, 0xA3, 0xF9, 0x28, 0xED, 0x16, 0x25, 0x1D, 0x29, 0xC4, 0x92, 0x98, 0x55, 0xA5, 0x06,
    0x87, 0x43, 0xAB, 0x92, 0xE0, 0xD3, 0x7F, 0x53, 0x15, 0x0D, 0x2D, 0x33, 0x05, 0x3A, 0x95, 0x38,
    0x16, 0x72, 0x1F, 0x6D, 0x46, 0x5F, 0x43, 0x51, 0x7C, 0xD4, 0x5B, 0xEE, 0x29, 0x56, 0x44, 0x78,
    0x94, 0xFD, 0x4B, 0x93, 0x20, 0xBF, 0xCB, 0x15, 0xB4, 0x02, 0x5D, 0x00, 0x7C, 0x88, 0xA0, 0x0A,
    0x78, 0xC8, 0x40, 0xB9, 0x66, 0x17, 0x09, 0x29, 0x53, 0xF3, 0x0C, 0x47, 0x27, 0x7D, 0xA1, 0xDF,
    0x9A, 0x2E, 0x48, 0x3B, 0xA9, 0xA3, 0xA6, 0x83, 0xA9, 0x92, 0xD2, 0x54, 0x9B, 0x26, 0x62, 0xCB,
    0x2F, 0x31, 0xF7, 0xCC, 0x7D, 0x6E, 0x4D, 0xB6, 0xD8, 0x7C, 0x99, 0x5F, 0xC7, 0x9D, 0x52, 0xA6,
    0x4A, 0xAD, 0x9F, 0xB0, 0x0F, 0x42, 0x64, 0x9D, 0x94, 0xC3, 0x21, 0x49, 0xF2, 0x59, 0x91, 0x59,
    0x34, 0x12, 0xCE, 0x5A, 0x86, 0x89, 0x7F, 0xA5, 0x5F, 0x78, 0x92, 0xAD, 0x65, 0x87, 0x15, 0x0D,
    0xC7, 0xB5, 0x21, 0x51, 0x58, 0x7B, 0x52, 0x9E, 0x41, 0xA1, 0x21, 0xF0, 0xA4, 0x36, 0x15, 0x15,
    0x21, 0x8C, 0xC4, 0xB5, 0x30, 0x4F, 0x4A, 0x46, 0xA7, 0x59, 0xC3, 0xBF, 0xE6, 0x6D, 0xA8, 0xDD,
    0x65, 0x92, 0x1B, 0xAC, 0x8C, 0xDD, 0x21, 0xBA, 0xCA, 0x61, 0x0E, 0xE4, 0xD6, 0xE7, 0x75, 0xC4,
    0x42, 0x60, 0x66, 0xB2, 0x44, 0x2E, 0x06, 0x6B, 0x2A, 0x4D, 0xDA, 0x69, 0x77, 0x97, 0xE3, 0xBF,
    0xEA, 0x83, 0xC6, 0x48, 0xFF, 0xF2, 0x54, 0x1C, 0x95, 0x05, 0x2E, 0x4F, 0x6E, 0xD9, 0xDC, 0x99,
    0x2B, 0x1B, 0xE5, 0xFF, 0x95, 0x24, 0x35, 0xD3, 0x1C, 0xC7, 0xC7, 0x31, 0x68, 0x60, 0xE6, 0x28,
    0x0B, 0x79, 0x96, 0x2B, 0xE5, 0x8A, 0x9C, 0x43, 0x6B, 0x98, 0x2C, 0x54, 0xF7, 0xE6, 0xA6, 0x98,
    0x71, 0xE4, 0x10, 0xA9, 0x68, 0xC7, 0x5B, 0x95, 0xFA, 0xEA, 0x1E, 0x2F, 0x9A, 0x48, 0xC2, 0xEB,
    0x2B, 0xC4, 0xFE, 0x14, 0x2D, 0x99, 0x4A, 0x85, 0x3D, 0xF3, 0xFF, 0xDC, 0x53, 0xD3, 0x35, 0x8F,
    0xC7, 0x59, 0x54, 0xE8, 0x7D, 0x3A, 0x14, 0xCA, 0x27, 0x42, 0x78, 0xAF, 0xFE, 0x27, 0x25, 0xC3,
    0x90, 0x62, 0xB9, 0x1C, 0x8D, 0xBF, 0x26, 0x5C, 0x54, 0x8B, 0x95, 0x1E, 0xE5, 0x46, 0x95, 0x20,
    0xD5, 0x93, 0x55, 0x6D, 0xE0, 0xB9, 0x22, 0x4A, 0x4C, 0x92, 0x72, 0xE4, 0x4D, 0x61, 0x33, 0x69,
    0x94, 0x2A, 0xFF, 0x1B, 0xB0, 0x7F, 0xA0, 0xD4, 0x0B, 0x85, 0x06, 0x09, 0x09, 0xAB, 0x50, 0xEC,
    0x14, 0x4C, 0x85, 0x16, 0xA9, 0x46, 0x80, 0x42, 0xA9, 0x04, 0x51, 0x94, 0xC9, 0x35, 0xDF, 0xDE,
    0x40, 0xB1, 0x10, 0xF1, 0x48, 0x50, 0x5D, 0x93, 0x83, 0x57, 0x10, 0x37, 0x38, 0xA0, 0xBB, 0x7E,
    0x2E, 0xDB, 0x45, 0x85, 0xDB, 0x48, 0x37, 0x72, 0x24, 0x21, 0x19, 0x4A, 0x87, 0x95, 0x31, 0x28,
    0xCD, 0x1D, 0x5F, 0x47, 0x55, 0xA1, 0xAC, 0x92, 0xA4, 0xFC, 0x4D, 0x72, 0x8A, 0x20, 0x86, 0x63,
    0xC3, 0xF8, 0xF0, 0xED, 0x07, 0x1E, 0x1D, 0x04, 0xE1, 0x38, 0xA6, 0x1A, 0x12, 0x7E, 0xA9, 0xA7,
    0x22, 0x41, 0x93, 0xFA, 0x0D, 0xB7, 0xB2, 0x32, 0x74, 0xFE, 0xF1, 0x20, 0xC9, 0xCA, 0x0D, 0x92,
    0x83, 0x1C, 0xF2, 0x43, 0xD0, 0x94, 0x11, 0xF8, 0xD2, 0x55, 0x37, 0xEB, 0x30, 0x25, 0x52, 0xDA,
    0x8C, 0x06, 0x99, 0x63, 0xBD, 0xD0, 0xA3, 0x34, 0x51, 0x00, 0x5F, 0x82, 0x26, 0xB6, 0x4B, 0xBF,
    0x92, 0xA9, 0x26, 0x92, 0x9B, 0xE3, 0x65, 0x09, 0x27, 0x9A, 0x49, 0xA5, 0x0C, 0xED, 0xC1, 0x0D,
    0x73, 0x29, 0x8A, 0x98, 0x64, 0xC9, 0x1C, 0x07, 0xBF, 0x50, 0xD2, 0xD8, 0x52, 0x0D, 0x0C, 0xDF,
    0xC7, 0x62, 0x14, 0xA9, 0x0D, 0x2E, 0x3B, 0x4C, 0x81, 0xC2, 0xF1, 0xF1, 0xC8, 0x65, 0x36, 0x83,
    0x4E, 0x98, 0xD4, 0x27, 0xD0, 0xCC, 0x9D, 0x46, 0xCD, 0x52, 0x99, 0x1C, 0xA7, 0xE7, 0x29, 0xB4,
    0x44, 0xE5, 0x34, 0x1E, 0x54, 0xF5, 0x4B, 0x19, 0xC8, 0xD5, 0x35, 0x01, 0x06, 0x14, 0x8A, 0x41,
    0x3B, 0x50, 0x95, 0xA5, 0x31, 0x89, 0x48, 0x43, 0x81, 0x23, 0x86, 0xFC, 0xE1, 0xB5, 0x86, 0x9C,
    0x36, 0xA0, 0xAB, 0x98, 0x85, 0xBE, 0xB8, 0xAD, 0x82, 0xF6, 0x46, 0x2F, 0xA1, 0x2B, 0xBE, 0x4A,
    0xEB, 0x1E, 0x6A, 0x62, 0xC1, 0x92, 0xC7, 0x7E, 0x30, 0x5B, 0x41, 0x67, 0xD8, 0xB0, 0x5B, 0xCA,
    0x62, 0x41, 0xB9, 0x41, 0x8E, 0x67, 0x28, 0xA2, 0x97, 0xE4, 0x3F, 0xDA, 0xA0, 0x0F, 0xE8, 0x03,
    0xBC, 0x0B, 0xDD, 0x2E, 0xA9, 0x44, 0xBF, 0xD9, 0xC0, 0x66, 0x48, 0x8B, 0x93, 0x8E, 0x0D, 0x0B,
    0xE3, 0x42, 0xB4, 0x10, 0x68, 0x53, 0x66, 0x1F, 0xD9, 0x87, 0x48, 0x83, 0x30, 0xE7, 0x8E, 0x83,
    0x2C, 0xF6, 0x41, 0x1A, 0x90, 0xA7, 0x25, 0xA3, 0x05, 0xEC, 0xC1, 0x29, 0x28, 0x36, 0x12, 0x18,
    0xD4, 0x6A, 0x05, 0x26, 0x47, 0x15, 0xFC, 0x42, 0x20, 0x71, 0x5A, 0x75, 0x6C, 0xB0, 0xB6, 0x2F,
    0xFD, 0x8B, 0xF6, 0x83, 0xDB, 0x73, 0x16, 0xE3, 0x8F, 0x7C, 0x96, 0x97, 0x88, 0x12, 0xD2, 0xA0,
    0xB6, 0x96, 0xE4, 0x40, 0x1F, 0x57, 0xCF, 0x49, 0x3D, 0x28, 0xE7, 0x26, 0x1C, 0x25, 0xC9, 0x4F,
    0xE6, 0xD1, 0x2A, 0x4C, 0x48, 0x95, 0x74, 0x91, 0xB9, 0x8A, 0x67, 0x2B, 0xF9, 0xCA, 0xE8, 0x16,
    0x79, 0xCA, 0x88, 0x1D, 0xF2, 0x07, 0x63, 0x43, 0x2D, 0x97, 0xB1, 0xDB, 0xF4, 0xEA, 0xA1, 0x36,
    0x25, 0x48, 0x51, 0xFC, 0xA5, 0xF0, 0x8F, 0xFC, 0x6A, 0xC1, 0x37, 0xB8, 0x4E, 0x20, 0x90, 0x7C,
    0x94, 0xEB, 0x21, 0x3B, 0xAA, 0x14, 0x66, 0x5C, 0x89, 0xF6, 0xDE, 0x7F, 0x32, 0xC9, 0x5F, 0xCE,
    0xA3, 0x8A, 0xB6, 0x86, 0xC0, 0x75, 0x1C, 0x52, 0x3D, 0xD3, 0x20, 0xBC, 0xDD, 0xCC, 0xBE, 0x88,
    0x05, 0xEE, 0x82, 0x47, 0x98, 0x37, 0x67, 0x1C, 0x1F, 0x27, 0xC7, 0xC9, 0x68, 0xB0, 0xF9, 0x26,
    0xA9, 0x59, 0x0D, 0x32, 0x61, 0x80, 0x9C, 0x35, 0x3B, 0x3F, 0x4E, 0xCD, 0xA1, 0xAE, 0x85, 0xA0,
    0x81, 0xE6, 0x5B, 0x2F, 0xCF, 0x22, 0x10, 0xB1, 0x03, 0x49, 0x2E, 0x52, 0x22, 0xD4, 0xCD, 0x1F,
    0xF3, 0x47, 0xDA, 0x0E, 0x68, 0xF9, 0xAC, 0x5A, 0x82, 0x12, 0xF8, 0x84, 0xAF, 0x02, 0x10, 0x95,
    0x15, 0x55, 0x84, 0x66, 0x62, 0x0A, 0xC3, 0xB9, 0x86, 0x0A, 0x5B, 0x23, 0x08, 0x4F, 0x93, 0x0B,
    0x49, 0x67, 0xD2, 0x59, 0x62, 0x10, 0xC9, 0x5E, 0xBF, 0x83, 0x43, 0xCB, 0xB7, 0x36, 0xDB, 0xFE,
    0x8D, 0x02, 0x85, 0x44, 0x07, 0xE1, 0x4A, 0x33, 0x8E, 0xE6, 0x33, 0xE9, 0x4A, 0x8A, 0x2B, 0xF3,
    0xBA, 0x62, 0x68, 0x1C, 0x19, 0xA8, 0x6E, 0x78, 0x68, 0x68, 0x68, 0x64, 0x30, 0xF9, 0x06, 0x8A,
    0x5B, 0x95, 0x7E, 0x4A, 0x0C, 0x93, 0xDF, 0x9F, 0x32, 0xD0, 0x83, 0x90, 0x4D, 0xB7, 0xFF, 0x6D,
    0xFD, 0xA2, 0x2D, 0xBF, 0xA6, 0x54, 0xE4, 0x52, 0x98, 0x82, 0xD6, 0x4E, 0xF5, 0xFB, 0xBD, 0x6F,
    0x06, 0xBB, 0x59, 0x92, 0xEB, 0x2D, 0xCC, 0xFE, 0x25, 0xEE, 0x09, 0x74, 0x92, 0xE5, 0x20, 0xCE,
    0xFC, 0x33, 0xB7, 0x90, 0x86, 0x76, 0x6B, 0x7E, 0xFA, 0xDF, 0xAD, 0x07, 0xEE, 0x4A, 0xB0, 0x9F,
    0xF1, 0xBF, 0x54, 0x88, 0x92, 0xC9, 0x09, 0x52, 0x43, 0x7F, 0x91, 0x7A, 0xE5, 0x30, 0xC2, 0x72,
    0x35, 0x93, 0xBD, 0x68, 0xFF, 0xBE, 0x3F, 0xE9, 0xD2, 0x0D, 0x23, 0x21, 0xFF, 0x7C, 0x7F, 0xD7,
    0xE4, 0x0F, 0xFA, 0x45, 0x7F, 0xC1, 0x5F, 0xAE, 0x57, 0xDA, 0x3B, 0xB6, 0x45, 0xC0, 0x9F, 0xFA,
    0x0D, 0xCA, 0xFD, 0xF2, 0xE8, 0xC4, 0xE9, 0x94, 0x03, 0x39, 0x00, 0xE6, 0xFE, 0x79, 0xD5, 0x72,
    0xE0, 0xCA, 0x61, 0x8C, 0x89, 0xF4, 0x60, 0xCD, 0x9A, 0x94, 0xAA, 0x5B, 0x0F, 0xA9, 0x0E, 0x62,
    0x44, 0x7D, 0x99, 0x56, 0x7E, 0xB3, 0xCB, 0x95, 0x66, 0x6C, 0xA2, 0x95, 0x19, 0xB4, 0x12, 0x83,
    0x29, 0x4E, 0x64, 0xB6, 0xF9, 0x2D, 0xAD, 0x0D, 0x20, 0xDC, 0xA2, 0x8D, 0xA4, 0xA4, 0xE1, 0x14,
    0x7F, 0x13, 0xA6, 0xA0, 0xE8, 0xA2, 0xB8, 0x9C, 0xBE, 0x27, 0x2B, 0x40, 0x84, 0xE5, 0x48, 0x6B,
    0x69, 0xBE, 0x1D, 0x7B, 0x2D, 0x76, 0xC1, 0xE9, 0x96, 0xA8, 0x32, 0xD2, 0x5A, 0xEC, 0x86, 0x7F,
    0xF1, 0x9F, 0xE2, 0x08, 0x33, 0xF9, 0x90, 0x03, 0xE3, 0xFF, 0x9F, 0xBA, 0x54, 0x26, 0x7F, 0x89,
    0x9F, 0x24, 0xE8, 0xA5, 0x54, 0x4C, 0x92, 0x91, 0xEB, 0x48, 0x47, 0x33, 0x56, 0x4D, 0x66, 0xB4,
    0x81, 0xCA, 0x16, 0x67, 0x35, 0x99, 0x49, 0x4D, 0xB4, 0x86, 0x7F, 0xE1, 0x79, 0x28, 0xE4, 0x82,
    0x19, 0xCA, 0xA8, 0xD2, 0x6A, 0x53, 0x25, 0x7C, 0x5C, 0x3D, 0x52, 0x57, 0xCD, 0x89, 0x15, 0x4A,
    0x55, 0x6E, 0x89, 0x5C, 0x99, 0x11, 0xF2, 0xF8, 0xDC, 0x91, 0x1E, 0xAD, 0xCA, 0xED, 0xC3, 0x7B,
    0x89, 0x54, 0xC2, 0x54, 0xF3, 0x8C, 0xA5, 0x74, 0xA5, 0xE5, 0x65, 0x91, 0x32, 0xA7, 0x06, 0x1B,
    0xEC, 0xB7, 0x2A, 0x5D, 0xFA, 0x97, 0x6D, 0x0D, 0x52, 0xE4, 0x95, 0x19, 0x4A, 0x4C, 0x28, 0x9B,
    0xBF, 0x26, 0xED, 0xA1, 0x13, 0x5C, 0xC4, 0xD9, 0x91, 0x7F, 0x64, 0x5D, 0xE2, 0x0C, 0x8B, 0xAC,
    0xD9, 0x51, 0xB2, 0x35, 0x84, 0xAC, 0xC0, 0xD2, 0x94, 0xFC, 0x32, 0x52, 0xBC, 0x02, 0x92, 0x51,
    0xC1, 0x47, 0x50, 0x50, 0x94, 0x13, 0x4D, 0xC6, 0x5B, 0x2C, 0x90, 0xCB, 0x64, 0x26, 0xB9, 0x0C,
    0xB6, 0x53, 0x08, 0x47, 0x26, 0x7D, 0x09, 0x9F, 0xCC, 0x9A, 0xED, 0xF6, 0xBB, 0x4A, 0x93, 0x76,
    0x82, 0x5D, 0xE6, 0x58, 0x4E, 0x4E, 0xB3, 0x6E, 0x8A, 0xA9, 0x52, 0x48, 0x6B, 0x36, 0xEF, 0x7E,
    0xD7, 0x02, 0x89, 0x44, 0x8E, 0xFF, 0x49, 0x1F, 0x71, 0x1E, 0x93, 0x8A, 0x54, 0xA2, 0x55, 0xC8,
    0x97, 0xFA, 0x28, 0x76, 0xDA, 0x25, 0xDB, 0xE9, 0x76, 0xAC, 0x55, 0xB9, 0x13, 0x0D, 0xEC, 0xA7,
    0xE2, 0xE2, 0x94, 0x34, 0xED, 0xB2, 0x91, 0x8D, 0x7B, 0xE3, 0x5E, 0xB4, 0x34, 0xFB, 0x73, 0x53,
    0x64, 0xFF, 0xD3, 0xF7, 0x25, 0x50, 0x2B, 0x9F, 0x0A, 0xE5, 0x60, 0xC6, 0xB5, 0xB0, 0x56, 0x3E,
    0x15, 0x8B, 0xC0, 0x55, 0x67, 0xF5, 0x59, 0xFC, 0x8D, 0xF3, 0x53, 0xF4, 0x95, 0x67, 0x65, 0x8B,
    0x7D, 0x62, 0xD6, 0x82, 0x36, 0x82, 0x64, 0x48, 0xFE, 0x3A, 0x1E, 0x2C, 0x49, 0x10, 0x76, 0x46,
    0x73, 0x96, 0x55, 0x1C, 0xBF, 0x35, 0x3D, 0x1E, 0xB1, 0x39, 0x18, 0x6A, 0xA5, 0xB2, 0x29, 0x8E,
    0x4A, 0x61, 0x68, 0x6A, 0xF8, 0x66, 0x49, 0x0F, 0x92, 0x42, 0x51, 0x61, 0x8A, 0x52, 0x38, 0x1C,
    0x29, 0x6E, 0x49, 0xCB, 0x21, 0x37, 0xFC, 0x4D, 0xFF, 0x13, 0x7F, 0xC4, 0xDF, 0x38, 0x90, 0x9B,
    0xE9, 0x06, 0x18, 0xFC, 0xB1, 0xC9, 0x94, 0x9A, 0x15, 0xBE, 0x3C, 0x1A, 0x41, 0x92, 0xDF, 0x25,
    0xC8, 0x48, 0x18, 0x34, 0x08, 0x6C, 0xB1, 0x52, 0x1E, 0x48, 0x68, 0xB0, 0x36, 0x99, 0x16, 0x93,
    0x70, 0x7F, 0x70, 0xB6, 0xF0, 0x81, 0x4F, 0x8B, 0x76, 0x88, 0xFC, 0xA1, 0x6B, 0xBE, 0x5A, 0xEB,
    0x45, 0xA5, 0xB2, 0xE0, 0xBA, 0x48, 0x89, 0xF4, 0x83, 0x43, 0x84, 0x37, 0x36, 0x88, 0xC8, 0x5B,
    0xD3, 0x98, 0x9B, 0x4E, 0x62, 0x1E, 0x9B, 0x2D, 0x24, 0x0D, 0xD9, 0x02, 0x7A, 0x52, 0x31, 0xBA,
    0x7C, 0x6E, 0x96, 0x81, 0x2E, 0xC6, 0x6F, 0x5F, 0x90, 0x98, 0x67, 0x06, 0x0B, 0x24, 0xB5, 0x43,
    0x6B, 0x94, 0x50, 0x4A, 0x13, 0x51, 0x27, 0xD4, 0x49, 0x68, 0x25, 0x48, 0xA7, 0x53, 0x7A, 0x2F,
    0xE7, 0x90, 0xE8, 0x7B, 0x68, 0x26, 0xB8, 0xFF, 0xAE, 0x3F, 0x66, 0x98, 0x96, 0x54, 0x48, 0xDF,
    0x12, 0x35, 0xA1, 0x7E, 0x49, 0xA7, 0x95, 0x72, 0x14, 0x54, 0x84, 0xB7, 0x25, 0xA0, 0xA4, 0xA8,
    0x2D, 0x72, 0x80, 0x70, 0x3F, 0x7C, 0x1A, 0x32, 0x10, 0xA5, 0x00, 0xE1, 0xC0, 0x38, 0x9F, 0x9E,
    0x2D, 0x5F, 0x8D, 0x02, 0x16, 0x24, 0xA2, 0x4F, 0xCB, 0xA4, 0x71, 0xFF, 0xB3, 0xB7, 0x42, 0xB2,
    0x50, 0x84, 0x48, 0xCD, 0x36, 0xB4, 0xFC, 0xC9, 0xA8, 0xF2, 0x78, 0x14, 0x0E, 0x0B, 0x15, 0x87,
    0xCA, 0x3E, 0xF2, 0x98, 0xA2, 0x6D, 0x65, 0x3E, 0x82, 0x44, 0x65, 0x92, 0x30, 0xB5, 0x4A, 0x0C,
    0xC6, 0x19, 0x63, 0x8D, 0xB1, 0x26, 0x31, 0xE1, 0x8C, 0x5F, 0x10, 0x2C, 0xAB, 0x81, 0x4C, 0x91,
    0x4F, 0xA4, 0x5E, 0x99, 0x48, 0xE7, 0xF1, 0x2B, 0xB8, 0x6A, 0xE4, 0xC6, 0x89, 0xC1, 0xA4, 0x33,
    0x66, 0xAE, 0xFC, 0x72, 0xB7, 0x81, 0xEF, 0xE5, 0xD8, 0x6F, 0xFA, 0x7E, 0xED, 0x92, 0x4F, 0xD4,
    0xD5, 0x87, 0x2E, 0x46, 0xD6, 0xD9, 0xB6, 0x99, 0x63, 0xAF, 0xE6, 0xD0, 0xC5, 0x5B, 0xAD, 0x60,
    0x12, 0xAC, 0xC6, 0xA3, 0x29, 0x86, 0x3A, 0x90, 0x7E, 0x49, 0xE3, 0x3F, 0xE2, 0x56, 0xB6, 0x48,
    0xCC, 0x36, 0xE4, 0x74, 0x74, 0x2B, 0xA8, 0x91, 0x22, 0xBE, 0x89, 0xA9, 0x12, 0x2E, 0xF9, 0x48,
    0x7A, 0xB4, 0x26, 0x0E, 0x19, 0x8E, 0x2F, 0xE3, 0x8B, 0xB4, 0x59, 0x0D, 0x72, 0x91, 0x83, 0xB2,
    0x49, 0x11, 0x9C, 0x8C, 0xC6, 0x7F, 0x31, 0x9D, 0xA1, 0xA6, 0x33, 0xC1, 0x11, 0x3E, 0x44, 0x4B,
    0xB9, 0xDA, 0x72, 0xA0, 0x5E, 0xCC, 0x87, 0x12, 0x22, 0x3E, 0x9D, 0xE3, 0xA8, 0x52, 0x3F, 0x24,
    0x1E, 0xE9, 0x08, 0x83, 0xE5, 0x7F, 0xBB, 0x60, 0xE9, 0x9C, 0x11, 0x8C, 0xC4, 0x41, 0x28, 0x33,
    0x8A, 0xBE, 0xE2, 0xAB, 0x43, 0x8B, 0x45, 0x28, 0x69, 0x25, 0xBE, 0xB2, 0x6E, 0x18, 0x72, 0x65,
    0x73, 0x91, 0x5C, 0xAF, 0x62, 0x81, 0x44, 0x22, 0x85, 0x72, 0xA5, 0x18, 0xC1, 0x73, 0x0B, 0x7C,
    0xA2, 0x88, 0xDC, 0xC9, 0x75, 0x66, 0x5D, 0x4A, 0x28, 0xB6, 0x70, 0xD5, 0x32, 0xCB, 0xC8, 0x67,
    0x2F, 0x90, 0xBA, 0x50, 0xB4, 0x1F, 0xCA, 0x38, 0x99, 0xC9, 0x6E, 0x61, 0x50, 0xAA, 0x44, 0x8E,
    0x92, 0x49, 0x79, 0xC0, 0x25, 0xDF, 0x99, 0x7D, 0x1E, 0x61, 0x02, 0x82, 0xC1, 0x62, 0xF0, 0xF9,
    0x8F, 0xDE, 0x65, 0x14, 0x99, 0xC0, 0xA6, 0x93, 0xE8, 0x34, 0x4C, 0xFA, 0x52, 0x45, 0x24, 0x8A,
    0x0D, 0x2B, 0x88, 0x9B, 0xE5, 0x6A, 0x17, 0x34, 0xA9, 0xC4, 0x81, 0x94, 0xE3, 0x6D, 0x12, 0x42,
    0x64, 0xA5, 0x42, 0xE9, 0x94, 0x52, 0x1D, 0x21, 0xAE, 0x2F, 0x5B, 0x01, 0x5A, 0x96, 0x48, 0x2B,
    0x52, 0x40, 0x3D, 0xF9, 0x2B, 0xD9, 0x9E, 0x52, 0xFE, 0x9A, 0x4A, 0xE4, 0xEA, 0xDA, 0x3B, 0x02,
    0x68, 0xEB, 0x94, 0xA4, 0xB1, 0x66, 0x53, 0x22, 0x18, 0x7D, 0x05, 0xF8, 0xDB, 0x90, 0xC3, 0xE4,
    0x30, 0xA5, 0x24, 0x5A, 0xF2, 0x99, 0x21, 0xCA, 0xE2, 0x0F, 0x92, 0x1C, 0xF7, 0x14, 0x49, 0x55,
    0x7A, 0x44, 0x2F, 0x9C, 0x18, 0x85, 0xF3, 0xC2, 0x45, 0x8A, 0x5D, 0x71, 0x05, 0x7C, 0x41, 0x56,
    0x87, 0x1E, 0xE6, 0x65, 0x5D, 0xF9, 0x57, 0x69, 0x05, 0x43, 0xEC, 0x8E, 0xF1, 0x54, 0x65, 0xFC,
    0x7E, 0xF7, 0x6E, 0x6C, 0xD5, 0xE1, 0x20, 0xCC, 0xCA, 0x0C, 0x66, 0x99, 0x96, 0x8F, 0xE5, 0xA3,
    0xB4, 0x08, 0xB4, 0x73, 0x5F, 0xC5, 0x14, 0x5F, 0x21, 0x8D, 0xFD, 0x62, 0xDD, 0x83, 0x4F, 0xE5,
    0xDF, 0xB9, 0x7D, 0x18, 0x76, 0x12, 0x80, 0x45, 0xE0, 0x13, 0x1F, 0xCC, 0xCA, 0xAE, 0x7D, 0x49,
    0x45, 0x5D, 0x11, 0x44, 0x20, 0x63, 0x0B, 0x28, 0x18, 0xAC, 0xC6, 0x29, 0x28, 0x46, 0xD6, 0x08,
    0x46, 0xA9, 0x4A, 0x81, 0x89, 0x2C, 0x00, 0xEB, 0xE5, 0x0D, 0xC7, 0x7F, 0xD0, 0xE9, 0x31, 0xFB,
    0x4B, 0x43, 0xDC, 0x97, 0xE2, 0x2F, 0xE8, 0xEE, 0xB5, 0x5B, 0x33, 0x60, 0x47, 0x7D, 0xA9, 0x5B,
    0xEC, 0xC6, 0xFE, 0x5F, 0x8C, 0xE5, 0x74, 0x6D, 0x9D, 0x29, 0x74, 0x32, 0x94, 0x73, 0xE9, 0x1A,
    0x7E, 0x43, 0xFD, 0xA4, 0x8F, 0xCB, 0x12, 0xFB, 0xB0, 0xA7, 0xEC, 0x29, 0xD3, 0x33, 0x64, 0x29,
    0x39, 0x24, 0x62, 0x6C, 0x2A, 0x9B, 0xA7, 0xA9, 0xF9, 0xD3, 0x51, 0xF4, 0xF0, 0x2C, 0x1C, 0x17,
    0x2B, 0x0F, 0xD4, 0x7D, 0xF5, 0x31, 0x47, 0x4F, 0xCA, 0x7D, 0x84, 0x88, 0x9D, 0xD2, 0x44, 0x12,
    0x90, 0x59, 0xBE, 0x16, 0x6B, 0x44, 0x1F, 0x23, 0x35, 0xBD, 0xC9, 0x11, 0x7F, 0x44, 0x5E, 0x9F,
    0x23, 0x37, 0xC0, 0xCA, 0x70, 0x88, 0xC9, 0xC2, 0x24, 0x33, 0xF9, 0x74, 0x42, 0x10, 0x61, 0xA9,
    0xB0, 0x97, 0xE8, 0xEF, 0xB7, 0x26, 0xED, 0x09, 0xBB, 0xA1, 0x72, 0x88, 0x5B, 0x98, 0xC0, 0x64,
    0x85, 0xCC, 0x0C, 0x06, 0x54, 0x94, 0x2E, 0xCD, 0x0E, 0xB9, 0x22, 0x94, 0x9A, 0x17, 0x48, 0x37,
    0x26, 0x6B, 0xB7, 0x9B, 0x32, 0xAE, 0x4C, 0xA8, 0x9C, 0x4A, 0x92, 0x62, 0x69, 0x8A, 0x62, 0xE2,
    0x97, 0xCE, 0x2A, 0x2C, 0x29, 0x6A, 0x31, 0xC2, 0x42, 0xBD, 0x94, 0x51, 0x36, 0x33, 0xEE, 0x43,
    0xF7, 0xF0, 0xF1, 0x0A, 0x7D, 0xF1, 0xDB, 0xFF, 0x4E, 0x0C, 0x7B, 0x28, 0xE0, 0x85, 0xA6, 0x52,
    0xAF, 0x94, 0xAA, 0xD0, 0xE2, 0x95, 0x51, 0x75, 0x54, 0x2A, 0x5F, 0xCA, 0x97, 0x76, 0xF7, 0xE2,
    0x29, 0x5B, 0x9A, 0x0E, 0xCE, 0x42, 0xC0, 0x90, 0x54, 0xBE, 0xDD, 0xEB, 0xAE, 0xAE, 0x9B, 0x23,
    0x61, 0x4D, 0x18, 0x13, 0x51, 0x47, 0xD7, 0x9F, 0x68, 0x30, 0x83, 0xA4, 0xCE, 0xFA, 0x88, 0xFB,
    0xE2, 0x3E, 0x9C, 0x10, 0x47, 0xD4, 0x22, 0xEC, 0xF2, 0xBA, 0xD8, 0x51, 0x03, 0xF2, 0x40, 0xEB,
    0x41, 0x1C, 0xB5, 0x29, 0x5F, 0xFB, 0x8E, 0x93, 0xEF, 0x90, 0x36, 0x50, 0xCA, 0x88, 0xD8, 0xE4,
    0xB0, 0x6A, 0x40, 0x18, 0xB3, 0xD4, 0xC8, 0x49, 0x8B, 0x58, 0x1C, 0x14, 0xB6, 0x44, 0x47, 0xF9,
    0xC3, 0x24, 0x7D, 0x49, 0xC1, 0x8F, 0x5D, 0xF6, 0x31, 0xFF, 0xFD, 0x23, 0x05, 0xCC, 0xB4, 0x71,
    0x08, 0x08, 0x98, 0x69, 0x23, 0x1D, 0x4C, 0xB3, 0x8A, 0xC2, 0x98, 0xE3, 0xEE, 0x43, 0x59, 0x0E,
    0x43, 0xEC, 0x5C, 0xB0, 0x2F, 0x67, 0x86, 0x8B, 0x6D, 0xA5, 0xC1, 0xAC, 0x91, 0x7B, 0xA8, 0x4E,
    0xFF, 0x93, 0xBE, 0xD0, 0xE2, 0x77, 0xCC, 0x61, 0x92, 0x82, 0xD6, 0xF1, 0x61, 0x66, 0x94, 0xC4,
    0x82, 0x14, 0x42, 0xA4, 0xEA, 0xA0, 0xA4, 0x98, 0xB9, 0xA5, 0x14, 0x42, 0x5C, 0xC2, 0xE1, 0x44,
    0x25, 0x50, 0x57, 0x9F, 0x15, 0xE5, 0xF5, 0xB2, 0xE6, 0x15, 0xD0, 0xCD, 0x32, 0x33, 0x47, 0xC8,
    0x0D, 0x35, 0xCA, 0xFD, 0x11, 0xF4, 0x83, 0x2E, 0x56, 0x61, 0x6D, 0x94, 0x3B, 0xFD, 0x87, 0x04,
    0x7C, 0xB8, 0xE9, 0x48, 0x98, 0x29, 0x25, 0x14, 0x04, 0x9C, 0xA0, 0x1D, 0x3F, 0xDF, 0x52, 0x8D,
    0x8D, 0x80, 0x75, 0xA0, 0x1D, 0x7F, 0xCF, 0x62, 0xAF, 0xD9, 0x81, 0x0D, 0xF2, 0x51, 0x1E, 0xDC,
    0x1B, 0xB8, 0x85, 0x39, 0x0E, 0x8F, 0xE3, 0xA3, 0xB4, 0x1C, 0x3B, 0xF2, 0x34, 0xDC, 0x81, 0x27,
    0x28, 0x6F, 0x72, 0x17, 0xFE, 0xD1, 0x92, 0xD7, 0xE4, 0xB5, 0xB4, 0x38, 0x96, 0xB5, 0x88, 0x02,
    0x8E, 0x66, 0x87, 0x90, 0xD4, 0xA6, 0x74, 0xC9, 0x47, 0x2E, 0xE8, 0x49, 0x9D, 0x70, 0x95, 0xD2,
    0x98, 0xD9, 0x61, 0x7F, 0xF8, 0x2F, 0xFB, 0x54,
};

#endif
