/* Auto-generated by tools/dro2hdr --hs=13l4 from C:\silixcon-devel\opl\songs\06 Deli Shop Quartet.dro.
 * heatshrink-packed (codemap + opcode stream).
 * Register writes : 20562
 * Total length    : 51993 ms (52.0 s)
 * Plain payload   : 41227 bytes (codemap=103 + stream=41124)
 * Packed size     : 15838 bytes (38.4%)
 * Decoder RAM     : 8192 bytes (window) + ~40 bytes state
 * Do not edit.
 */
#ifndef s_06_deli_shop_quartet_H
#define s_06_deli_shop_quartet_H

#include "opl_song_hs.h"

static const uint8_t s_06_deli_shop_quartet_hs_data[];   /* defined below */

static const opl_song_hs s_06_deli_shop_quartet = {
    .hs_data      = s_06_deli_shop_quartet_hs_data,
    .hs_len       = 15838u,
    .total_ms     = 51993u,
    .codemap_len  = 103,
    .short_code   = 0xFE,
    .long_code    = 0xFF,
    .hs_window    = 13,
    .hs_lookahead = 4,
};

static const uint8_t s_06_deli_shop_quartet_hs_data[] = {
    0x80, 0xEF, 0x68, 0x14, 0x3B, 0x05, 0x8F, 0x01, 0x83, 0xA0, 0xD1, 0x2C, 0x36, 0x4C, 0x0E, 0x12,
    0x85, 0x45, 0xB1, 0x59, 0x70, 0x58, 0x5A, 0x45, 0x2E, 0xD1, 0x6B, 0xC4, 0x62, 0xE9, 0x34, 0xCB,
    0x4D, 0xB3, 0x13, 0x8C, 0xA5, 0x53, 0x6D, 0x56, 0xDC, 0x56, 0x36, 0xA1, 0x53, 0xB8, 0x5C, 0xF2,
    0x19, 0x3A, 0x8D, 0x52, 0xE3, 0x74, 0xC8, 0xE5, 0x2A, 0x55, 0x5B, 0x95, 0xD7, 0x25, 0x95, 0xE3,
    0x69, 0xB6, 0xD3, 0x2F, 0x94, 0xD7, 0xEB, 0xC8, 0xD4, 0x6E, 0x24, 0x1E, 0x3E, 0x06, 0x83, 0x61,
    0xC1, 0xD0, 0xEC, 0x64, 0x5E, 0x29, 0x2F, 0x97, 0x85, 0xA2, 0xD9, 0x4A, 0x25, 0x7E, 0xBE, 0x1E,
    0x8F, 0x67, 0x2A, 0x96, 0xFB, 0x78, 0xBA, 0x5D, 0xAC, 0xA6, 0x59, 0xEC, 0xE2, 0x69, 0x36, 0x9F,
    0x1E, 0x3E, 0x9F, 0x6F, 0x00, 0x90, 0x40, 0x60, 0x3F, 0xE8, 0x04, 0x0A, 0x7F, 0x03, 0x9F, 0xC1,
    0x3F, 0xF0, 0x5F, 0xFC, 0x1B, 0xFF, 0x07, 0xFF, 0xC2, 0x27, 0xF0, 0x99, 0xFC, 0x2B, 0xFF, 0x0B,
    0xFF, 0xC3, 0x3F, 0xF0, 0xDF, 0xFC, 0x3A, 0x7F, 0x0F, 0x9F, 0xC4, 0x3F, 0xF1, 0x1F, 0xFC, 0x4B,
    0xFF, 0x13, 0xFF, 0xFF, 0xA0, 0x11, 0x49, 0xFC, 0x56, 0x7F, 0x16, 0xFF, 0xC5, 0xFF, 0xF1, 0x8F,
    0xFC, 0x67, 0xFF, 0x1A, 0x9F, 0xC6, 0xE7, 0xF1, 0xCF, 0xFC, 0x77, 0xFF, 0x1E, 0xFF, 0xC7, 0xFF,
    0xF2, 0x09, 0xFF, 0xFA, 0x01, 0x21, 0x9F, 0xC8, 0xBF, 0xF2, 0x3F, 0xFC, 0x93, 0xFF, 0x25, 0xFF,
    0xC9, 0xA7, 0xF2, 0x79, 0xFC, 0xA3, 0xFF, 0x29, 0xFF, 0xCA, 0xBF, 0xF2, 0xBF, 0xFC, 0xB2, 0x7F,
    0x2D, 0x9F, 0xCB, 0xBF, 0xF2, 0xFF, 0xFC, 0xC3, 0xFF, 0x31, 0x00, 0xFC, 0xA6, 0x53, 0xF9, 0x9C,
    0xFE, 0x69, 0xFF, 0x9A, 0xFF, 0xE6, 0xDF, 0xF9, 0xBF, 0xFF, 0xFD, 0x33, 0x93, 0x40, 0x65, 0x1F,
    0xE9, 0x55, 0x22, 0x4F, 0x0B, 0xFF, 0x40, 0x25, 0x3F, 0x59, 0x5F, 0xD6, 0x71, 0x06, 0x9C, 0xE0,
    0x67, 0x52, 0x99, 0xDC, 0x06, 0x65, 0x00, 0x9A, 0x7C, 0x26, 0xDF, 0x49, 0xE4, 0x0E, 0x7B, 0x0F,
    0x99, 0xC2, 0xE6, 0xBF, 0x89, 0xF4, 0x0E, 0x7F, 0x0E, 0xA0, 0x55, 0xE8, 0x33, 0x9F, 0xF4, 0x36,
    0x85, 0x02, 0x81, 0x45, 0xA0, 0x9F, 0x48, 0x37, 0xD2, 0x07, 0x0F, 0x82, 0xFC, 0xA0, 0xFF, 0x8A,
    0x1C, 0x06, 0x89, 0x02, 0xA2, 0xD0, 0x68, 0xD2, 0xA8, 0x44, 0x1E, 0x15, 0xF5, 0x86, 0x49, 0x21,
    0x31, 0x48, 0x5F, 0xD2, 0x1B, 0xF4, 0xA3, 0xC1, 0x29, 0x14, 0x1A, 0x4C, 0xAA, 0x95, 0x20, 0x87,
    0x53, 0x62, 0x1F, 0x58, 0x94, 0x8A, 0x97, 0x02, 0xA6, 0x48, 0x7F, 0xD0, 0x08, 0x7C, 0x2E, 0x23,
    0x80, 0x89, 0xC1, 0x69, 0xB0, 0x2A, 0x74, 0x0A, 0x9F, 0x32, 0xA8, 0x4A, 0xA9, 0xF3, 0x6F, 0xF4,
    0x32, 0xA3, 0x21, 0x8A, 0x45, 0xA2, 0xDF, 0x58, 0xC5, 0x8A, 0xA5, 0x01, 0x8A, 0xC3, 0x62, 0xFF,
    0x08, 0xCF, 0xDA, 0xA7, 0x03, 0xAA, 0x43, 0x2A, 0xBA, 0xBA, 0xB4, 0xCA, 0xAE, 0x01, 0x69, 0x48,
    0x22, 0xD2, 0x2F, 0xAC, 0x92, 0xC5, 0x58, 0x80, 0xC8, 0x62, 0x32, 0x3F, 0x84, 0x97, 0xED, 0x59,
    0x81, 0xD6, 0xA1, 0x95, 0xBA, 0x0D, 0x72, 0x65, 0x4F, 0x9D, 0xFF, 0xA1, 0xB4, 0xF9, 0xF8, 0x00,
    0x65, 0x43, 0xFF, 0x4A, 0xA8, 0x31, 0x90, 0x22, 0xCA, 0x39, 0x5D, 0x90, 0xC6, 0xA2, 0xD1, 0xCF,
    0xAC, 0x7A, 0xC5, 0x5E, 0x80, 0xC6, 0xE1, 0xB1, 0xDF, 0x84, 0x7F, 0xED, 0x5F, 0x81, 0xD8, 0x21,
    0x96, 0x19, 0xFD, 0x8A, 0x65, 0xFE, 0xA3, 0x80, 0x3E, 0x93, 0x8A, 0x2D, 0x16, 0x91, 0x45, 0xA7,
    0xD1, 0xFF, 0xD0, 0xEA, 0x2D, 0x26, 0x91, 0x47, 0xA7, 0xD2, 0xFF, 0xD0, 0xD8, 0x7C, 0x33, 0xFD,
    0x0D, 0x9D, 0x42, 0x67, 0x52, 0x90, 0x07, 0x4E, 0x1F, 0x0D, 0xFF, 0x43, 0xA8, 0xD0, 0xA0, 0x2E,
    0xCE, 0x93, 0x0A, 0x02, 0xBC, 0xC0, 0x27, 0x20, 0x16, 0x4A, 0x1F, 0x0E, 0x01, 0x8D, 0x21, 0xD4,
    0xF9, 0xDC, 0x52, 0x2F, 0x20, 0x8B, 0xFF, 0xA1, 0xB1, 0x48, 0xCC, 0x82, 0x32, 0x00, 0x69, 0x4F,
    0x62, 0x91, 0xA9, 0x04, 0x6B, 0xFD, 0x0D, 0x96, 0x42, 0x65, 0xDF, 0x0B, 0x1C, 0x0A, 0x5B, 0x07,
    0x97, 0xFD, 0xAC, 0x90, 0xEB, 0x2D, 0x06, 0xCD, 0x32, 0x01, 0x1C, 0xE9, 0xF4, 0x18, 0x7C, 0x36,
    0x29, 0x1C, 0x90, 0x47, 0x2C, 0xB3, 0x2F, 0xF4, 0x36, 0x8D, 0x0A, 0xA3, 0x4B, 0xA9, 0x30, 0xAA,
    0x4C, 0xB8, 0x04, 0x72, 0x86, 0x45, 0x23, 0xD2, 0x08, 0xF7, 0xFA, 0x01, 0x65, 0x92, 0x00, 0x9E,
    0x54, 0x98, 0xA4, 0x82, 0x41, 0x20, 0xB2, 0x80, 0x9A, 0x54, 0xFA, 0x5C, 0x3E, 0x17, 0x14, 0x90,
    0xC8, 0x24, 0x36, 0x58, 0x48, 0x0B, 0x25, 0x23, 0x8D, 0x45, 0xE4, 0x12, 0x3B, 0x2F, 0xF3, 0xFD,
    0x00, 0xB3, 0x4C, 0x40, 0x23, 0x49, 0x24, 0x6A, 0x33, 0x5B, 0xA3, 0xC8, 0x24, 0x96, 0x5F, 0x80,
    0x01, 0xA5, 0x45, 0x8D, 0x46, 0xAB, 0x74, 0xDB, 0x2F, 0x8C, 0x07, 0x92, 0xA0, 0xD5, 0x6B, 0x35,
    0x69, 0xAC, 0x6A, 0x39, 0x65, 0xEB, 0x80, 0x2A, 0x53, 0xD8, 0x7C, 0x32, 0xAB, 0x5D, 0x8D, 0x47,
    0xAB, 0x74, 0xBB, 0x2F, 0x2C, 0x00, 0xD2, 0x9D, 0x80, 0xEE, 0x52, 0x38, 0xD4, 0x82, 0xB7, 0x45,
    0x01, 0x14, 0xB8, 0x1F, 0xE8, 0x75, 0x56, 0xB9, 0x14, 0x91, 0x46, 0xA4, 0x35, 0xBA, 0x0C, 0x82,
    0x45, 0x65, 0xDA, 0x80, 0x56, 0x90, 0xEA, 0xAD, 0x62, 0x29, 0x21, 0x8D, 0x48, 0xEB, 0x73, 0x80,
    0x1B, 0xCB, 0x54, 0x06, 0xD9, 0x82, 0xBA, 0x71, 0x48, 0xFF, 0xFA, 0x01, 0x1A, 0x92, 0x56, 0xE6,
    0x92, 0x08, 0xFD, 0x97, 0x3E, 0x03, 0x39, 0xD5, 0x74, 0x51, 0x48, 0xEC, 0x82, 0x3B, 0x65, 0xCA,
    0x82, 0x2F, 0x34, 0xFA, 0x5D, 0x57, 0x3B, 0x14, 0x8E, 0x58, 0x68, 0xB5, 0xB9, 0xB0, 0x1A, 0x65,
    0x8B, 0x04, 0x8C, 0xA1, 0xD4, 0x58, 0x10, 0x1A, 0xA5, 0x0E, 0xA4, 0x40, 0xA9, 0x32, 0xE8, 0xA4,
    0x6A, 0xC3, 0x4B, 0xAD, 0xCF, 0x64, 0x11, 0xAB, 0x2E, 0x04, 0x14, 0xB2, 0x86, 0xD5, 0x73, 0xF1,
    0x48, 0xC0, 0x0B, 0xE5, 0x43, 0x90, 0x46, 0x2C, 0xB7, 0x70, 0x12, 0xCA, 0x8E, 0x04, 0xE9, 0x69,
    0xA2, 0x91, 0x7B, 0x0D, 0x26, 0x35, 0x22, 0xAD, 0xD2, 0x64, 0x11, 0x7B, 0x2D, 0xB8, 0x0B, 0xD2,
    0xA1, 0xD5, 0x6A, 0xF5, 0x69, 0xAC, 0x52, 0x2D, 0x61, 0xA1, 0x81, 0x32, 0x54, 0xD9, 0x04, 0x5A,
    0xCB, 0x6B, 0x05, 0x74, 0xE1, 0xF0, 0xBA, 0xAD, 0x6E, 0xC3, 0x3F, 0x8D, 0x47, 0xC0, 0xC3, 0x3A,
    0xAD, 0x76, 0xC3, 0x36, 0x8D, 0x47, 0x7F, 0xD0, 0x0A, 0xDD, 0x27, 0xFD, 0x0D, 0x01, 0xF4, 0xEC,
    0x33, 0x28, 0xD4, 0x72, 0xB7, 0x43, 0xFF, 0x43, 0x6A, 0x10, 0xAA, 0x7F, 0xD6, 0xA1, 0x29, 0xA7,
    0xFE, 0x6A, 0xB5, 0xB8, 0xA4, 0x5C, 0x10, 0xB2, 0x9E, 0x83, 0x16, 0x50, 0xEA, 0x7F, 0xF2, 0xAB,
    0x57, 0x8A, 0x46, 0x2C, 0x33, 0x48, 0xD4, 0x60, 0x09, 0xB2, 0x8C, 0x00, 0x7A, 0x50, 0x0A, 0x84,
    0xAA, 0xAB, 0xA6, 0x03, 0x4C, 0xA3, 0x36, 0x19, 0xDC, 0x6A, 0x2E, 0x06, 0x99, 0x46, 0x40, 0x13,
    0x28, 0x20, 0x12, 0xA5, 0x1B, 0xB0, 0xD0, 0x63, 0x51, 0x69, 0x04, 0x6C, 0x11, 0x32, 0xCE, 0xC5,
    0x23, 0xB6, 0x1A, 0x38, 0x20, 0x25, 0x1D, 0x05, 0xBC, 0xA3, 0xE0, 0x5D, 0x94, 0xFE, 0x40, 0x03,
    0xA9, 0x01, 0xD2, 0xFF, 0xE8, 0x00, 0x1F, 0xA5, 0x21, 0x04, 0xFC, 0xA4, 0x20, 0xDC, 0x94, 0x38,
    0x0E, 0x33, 0xA4, 0xCB, 0x80, 0x77, 0x20, 0xA7, 0xD2, 0xAB, 0xA9, 0x8A, 0x48, 0xAC, 0x34, 0x70,
    0x15, 0x4A, 0x97, 0x20, 0x91, 0x01, 0x4E, 0x95, 0x80, 0x31, 0xCA, 0x46, 0x02, 0xB9, 0x46, 0x00,
    0xC7, 0x29, 0x18, 0x11, 0x65, 0x3F, 0x05, 0xBC, 0xA4, 0x80, 0x3B, 0x94, 0x66, 0x40, 0x0F, 0x09,
    0xD0, 0xC0, 0xC7, 0x29, 0xA4, 0x6A, 0x37, 0x5B, 0x09, 0x0C, 0x80, 0xC1, 0x28, 0xED, 0x6E, 0x82,
    0x03, 0xD9, 0x56, 0x63, 0x51, 0xFA, 0xD8, 0x56, 0x24, 0x03, 0x49, 0x82, 0xF2, 0x92, 0x30, 0x3A,
    0x4A, 0x42, 0x05, 0xC9, 0x48, 0xC0, 0x6D, 0x30, 0x9D, 0xD2, 0x1D, 0xFE, 0x80, 0x04, 0xF2, 0x75,
    0x5D, 0x20, 0x0D, 0x65, 0x3D, 0x04, 0xD4, 0xA6, 0x80, 0x35, 0x98, 0x17, 0xE5, 0x20, 0x04, 0xBC,
    0xA4, 0x60, 0x14, 0x94, 0x80, 0x00, 0xD2, 0xCE, 0xC5, 0x23, 0xC0, 0xA8, 0x94, 0x92, 0xB7, 0x3B,
    0x09, 0x34, 0xA1, 0xC0, 0x0D, 0x94, 0x74, 0x0C, 0x52, 0xA0, 0x81, 0x9E, 0x60, 0x1A, 0x90, 0x0D,
    0xE4, 0x07, 0x29, 0x43, 0x6A, 0xBA, 0xB0, 0x40, 0x4A, 0x8A, 0x04, 0xB9, 0x05, 0x52, 0x40, 0x6D,
    0xB8, 0x46, 0xA6, 0x09, 0x59, 0x4F, 0xE3, 0x52, 0x30, 0x4A, 0x4C, 0x2E, 0x72, 0xF2, 0xD1, 0xA5,
    0xA1, 0x73, 0x97, 0x96, 0x93, 0x2D, 0xAA, 0xD7, 0x41, 0xA3, 0x29, 0xC0, 0x0D, 0xA5, 0x4B, 0x0B,
    0x7D, 0x22, 0xC0, 0x5B, 0x90, 0x48, 0x64, 0x1B, 0x99, 0x80, 0x92, 0x55, 0xC0, 0x2F, 0x4A, 0x3D,
    0x5B, 0x0D, 0x8C, 0xE8, 0xF5, 0x5A, 0xC0, 0x03, 0x25, 0x1D, 0xAD, 0xCE, 0x00, 0xEB, 0x2A, 0x5D,
    0x57, 0x53, 0x56, 0x99, 0x00, 0x66, 0x51, 0xBA, 0xDC, 0xD0, 0x34, 0x33, 0x04, 0xD4, 0xA2, 0xE0,
    0x2C, 0x94, 0x64, 0x03, 0xF3, 0x01, 0xBC, 0xC2, 0x09, 0x2C, 0xE8, 0x10, 0x26, 0x0C, 0xB9, 0x80,
    0x8E, 0x40, 0xC2, 0x9D, 0x1C, 0x22, 0x93, 0x04, 0xF4, 0x82, 0x2B, 0x20, 0xD5, 0x54, 0x0B, 0x92,
    0x8E, 0x46, 0xA2, 0xC1, 0x15, 0x94, 0x70, 0x20, 0x13, 0x08, 0x9C, 0x80, 0xD5, 0x20, 0x7D, 0x4C,
    0x0D, 0x52, 0x05, 0x74, 0xC2, 0x25, 0x38, 0xFD, 0x86, 0x86, 0x06, 0x19, 0x03, 0x3E, 0x40, 0xF9,
    0x94, 0x86, 0xC3, 0x3D, 0x06, 0x54, 0x83, 0x77, 0x20, 0x2B, 0x48, 0x13, 0x73, 0x8B, 0x80, 0x52,
    0x40, 0x9B, 0x95, 0x9A, 0x22, 0x1B, 0xAE, 0x49, 0x00, 0xAD, 0x28, 0xC8, 0x0A, 0x65, 0x24, 0x0D,
    0xED, 0x21, 0xA1, 0x53, 0xA4, 0x34, 0x2A, 0x73, 0x0D, 0xFC, 0xC1, 0xDD, 0x2A, 0xD8, 0x47, 0x26,
    0x1C, 0x0A, 0xD5, 0x6A, 0xE0, 0x66, 0x94, 0x72, 0xB7, 0x36, 0x0E, 0x15, 0xC2, 0x37, 0x30, 0x6F,
    0x4A, 0x3D, 0x5B, 0x9A, 0x07, 0x16, 0x75, 0x5C, 0xF8, 0x3B, 0x25, 0x1F, 0x0E, 0x2E, 0x40, 0xCF,
    0x29, 0x18, 0x3F, 0xA5, 0x21, 0x08, 0xE4, 0xA4, 0x61, 0xC7, 0xA8, 0x12, 0x25, 0x4B, 0x06, 0x4C,
    0xA8, 0x21, 0xA5, 0x90, 0x72, 0xA4, 0x04, 0x3D, 0x82, 0x1A, 0x51, 0xF0, 0x67, 0xCA, 0x8A, 0x1A,
    0x89, 0x01, 0x0A, 0x41, 0xD1, 0xA6, 0xAC, 0x0D, 0xD2, 0xA3, 0x82, 0xBE, 0x51, 0xE0, 0x1E, 0xD0,
    0x3A, 0x72, 0x08, 0xF5, 0x23, 0x96, 0x1A, 0x08, 0x1B, 0xE5, 0x1C, 0x10, 0x4C, 0x80, 0x83, 0x20,
    0x8F, 0x4A, 0x35, 0x61, 0x9D, 0x86, 0x92, 0x40, 0x3E, 0x90, 0x75, 0x69, 0x5D, 0x05, 0x04, 0xA6,
    0x80, 0xE7, 0x94, 0x66, 0xCB, 0xFC, 0x02, 0x0D, 0x28, 0x60, 0xB1, 0x94, 0xCA, 0x35, 0x23, 0x04,
    0x8C, 0xA8, 0x21, 0xA5, 0x90, 0x10, 0x69, 0x55, 0xAC, 0xC5, 0x22, 0xC0, 0x49, 0x94, 0xEC, 0x34,
    0x72, 0xF1, 0x87, 0x5F, 0x81, 0x2E, 0x90, 0x24, 0x65, 0x1F, 0x03, 0x2C, 0xBA, 0xE1, 0xD7, 0x98,
    0x59, 0x2B, 0x55, 0xD2, 0x03, 0x46, 0x51, 0xE1, 0x0A, 0x4C, 0x19, 0xF3, 0x09, 0x44, 0x80, 0xFD,
    0x3E, 0x00, 0x74, 0xEA, 0x1D, 0x2A, 0x06, 0xAA, 0x82, 0x15, 0x90, 0x74, 0xA6, 0x1E, 0x49, 0x01,
    0xBE, 0x51, 0x90, 0x1A, 0xCA, 0x30, 0x21, 0x5A, 0x07, 0x46, 0x7A, 0x68, 0xA4, 0x64, 0x17, 0x74,
    0x8C, 0x88, 0x52, 0x93, 0xB0, 0x35, 0x4A, 0x37, 0x61, 0x08, 0x9C, 0x81, 0xC5, 0x2A, 0x6C, 0x82,
    0x36, 0x21, 0x8D, 0xD5, 0x6B, 0x60, 0x6E, 0x94, 0x76, 0xC3, 0x3F, 0x11, 0x1C, 0xB1, 0x61, 0x6D,
    0xB0, 0x85, 0xE7, 0x41, 0x02, 0x0C, 0xAB, 0xA0, 0x84, 0x94, 0xE0, 0x10, 0x94, 0xC0, 0x86, 0x66,
    0x61, 0x6C, 0x94, 0xC8, 0x12, 0x92, 0x90, 0x08, 0x5E, 0x80, 0xD1, 0x90, 0x96, 0x69, 0x17, 0x0E,
    0x54, 0xA4, 0x42, 0x16, 0x90, 0x13, 0x26, 0x09, 0x49, 0x02, 0xF2, 0x41, 0xF0, 0x98, 0x2F, 0x24,
    0x09, 0x49, 0x08, 0x5E, 0x61, 0x3E, 0xA0, 0x6D, 0x6A, 0x19, 0x09, 0x02, 0xA2, 0x40, 0x96, 0x96,
    0x88, 0x0D, 0xB2, 0x0B, 0xE4, 0x83, 0xC9, 0xAC, 0xE8, 0x35, 0xE4, 0x15, 0x69, 0x80, 0xFE, 0x75,
    0x70, 0xBA, 0xCA, 0x1D, 0x48, 0xAB, 0xD2, 0x65, 0xB0, 0xF8, 0x58, 0x79, 0xE5, 0x9D, 0x0F, 0x3C,
    0xB4, 0x40, 0x6E, 0x90, 0x5A, 0xE9, 0x14, 0x8B, 0x55, 0xA2, 0x55, 0x5D, 0x75, 0x5A, 0x6B, 0x20,
    0x8B, 0x57, 0x22, 0x55, 0xBA, 0xBD, 0x72, 0x6B, 0x4F, 0xD3, 0x46, 0xA4, 0x00, 0x4C, 0x96, 0xAC,
    0x4B, 0x53, 0x01, 0xAC, 0xAB, 0x15, 0x09, 0x68, 0x6F, 0x66, 0x1E, 0x29, 0x4F, 0x63, 0x52, 0x4F,
    0xF4, 0x3A, 0xC3, 0x36, 0x12, 0x55, 0xFF, 0xC1, 0x5E, 0x95, 0x8A, 0x25, 0x61, 0xD5, 0x8C, 0xB7,
    0x55, 0x9A, 0x45, 0x66, 0x9F, 0x5B, 0x19, 0x6C, 0xAB, 0x94, 0x8A, 0xDD, 0x3E, 0xBA, 0x32, 0xDF,
    0x83, 0x0E, 0x50, 0xD0, 0x21, 0xD2, 0x1A, 0x04, 0x39, 0x80, 0x4E, 0x40, 0x2D, 0x90, 0xCB, 0x69,
    0xAB, 0xA8, 0x4A, 0x80, 0x6F, 0x21, 0x49, 0xC8, 0x65, 0xDA, 0xD4, 0x8C, 0xBA, 0xA1, 0x2A, 0xD5,
    0x5E, 0xA1, 0x2D, 0x19, 0x56, 0xA1, 0xA0, 0xA8, 0xA4, 0x34, 0x15, 0x13, 0x01, 0x14, 0x86, 0x59,
    0x20, 0xD9, 0x48, 0x25, 0xB5, 0xAE, 0x0C, 0xB3, 0x15, 0xD1, 0x96, 0x7C, 0x2C, 0xD8, 0x12, 0x9C,
    0x81, 0x39, 0x2A, 0xD8, 0xCB, 0x2D, 0x59, 0x07, 0xDC, 0xAB, 0xC3, 0x2C, 0xA5, 0x5E, 0xAB, 0xB3,
    0x19, 0x5D, 0xB5, 0x35, 0x09, 0x50, 0x31, 0x65, 0xB8, 0x04, 0x84, 0xAB, 0xA3, 0x2C, 0xA6, 0x98,
    0x65, 0x96, 0xAC, 0x8C, 0xB2, 0xDB, 0x61, 0x96, 0x52, 0xAE, 0x32, 0xCB, 0x6A, 0x41, 0x7F, 0x2D,
    0x90, 0xCB, 0x29, 0xA4, 0xAE, 0x4C, 0x86, 0x5B, 0x60, 0x4D, 0xCA, 0xAB, 0xAE, 0x19, 0x6D, 0xB3,
    0xE3, 0x2D, 0xB5, 0x66, 0xAB, 0xA8, 0x19, 0x6F, 0xE9, 0xF5, 0xDA, 0xAE, 0x94, 0x30, 0x72, 0xAC,
    0xD8, 0xA6, 0xB5, 0xBD, 0x10, 0xCB, 0xBE, 0x32, 0xEA, 0x57, 0x6B, 0x7A, 0x91, 0x97, 0x63, 0x4E,
    0x32, 0xEA, 0x56, 0x2B, 0x93, 0x51, 0x97, 0xDA, 0xB6, 0x1A, 0xCA, 0x45, 0xEC, 0x35, 0xC1, 0x2E,
    0xCA, 0xB8, 0x32, 0xFB, 0x56, 0x2A, 0xBB, 0x01, 0x30, 0x4A, 0xB0, 0x04, 0xE9, 0x57, 0x86, 0x5D,
    0x60, 0x57, 0xC8, 0x2B, 0xB2, 0xDA, 0x83, 0x52, 0x63, 0x30, 0xA6, 0x9A, 0xAB, 0xB8, 0xB0, 0xE8,
    0x86, 0x61, 0x4A, 0xE0, 0x39, 0x6D, 0x9D, 0x0C, 0x24, 0xAB, 0x01, 0xC0, 0x96, 0xD4, 0x65, 0x94,
    0xD4, 0x81, 0x86, 0x43, 0x2D, 0x9E, 0xAC, 0x04, 0x92, 0x8C, 0x58, 0x73, 0xE1, 0x3C, 0x96, 0x88,
    0x65, 0xB4, 0x03, 0x44, 0x80, 0x6F, 0x48, 0xCD, 0x87, 0x4C, 0x15, 0x09, 0x67, 0xC4, 0xD5, 0x4A,
    0xD8, 0x12, 0xA9, 0x1B, 0xB0, 0xD5, 0xEC, 0x53, 0x51, 0x97, 0xD4, 0x0C, 0xF4, 0x8E, 0xD8, 0x6B,
    0x75, 0xBD, 0x20, 0xB2, 0x27, 0x0F, 0x87, 0x09, 0x86, 0x55, 0xDA, 0xDE, 0xAC, 0x66, 0x3E, 0xD4,
    0x0C, 0xC6, 0x55, 0x90, 0x31, 0x48, 0x66, 0x5A, 0x0A, 0x5C, 0xA1, 0xB4, 0xFB, 0xB8, 0x52, 0xE5,
    0x7C, 0xAA, 0xEB, 0x45, 0xFB, 0x2A, 0xD8, 0x0C, 0x25, 0x5D, 0x17, 0xEC, 0xC2, 0x9D, 0x28, 0xAD,
    0x57, 0x00, 0x14, 0xEA, 0x45, 0x6B, 0x78, 0x72, 0x3C, 0x4B, 0x01, 0x61, 0xAB, 0xC6, 0xA3, 0x00,
    0x33, 0x96, 0x16, 0xC3, 0xA6, 0x03, 0x3C, 0x80, 0x83, 0x3C, 0x50, 0x14, 0x64, 0x17, 0xC9, 0x01,
    0x8A, 0x51, 0xDF, 0xF4, 0x38, 0x0E, 0x13, 0x03, 0x4D, 0x34, 0x51, 0xA0, 0x17, 0x50, 0x65, 0x5B,
    0xB0, 0xEA, 0x42, 0xD1, 0x30, 0xAD, 0x53, 0x0A, 0x15, 0xA9, 0x81, 0x23, 0x03, 0x06, 0xE0, 0x63,
    0xE4, 0x04, 0x3A, 0x00, 0xB2, 0x58, 0x00, 0x19, 0xCC, 0x06, 0x13, 0xFF, 0x4A, 0x80, 0x2B, 0x3F,
    0xF4, 0x38, 0x33, 0xB7, 0xFF, 0x43, 0x43, 0x2B, 0x28, 0x10, 0x11, 0xA5, 0xA6, 0x05, 0x7C, 0xC1,
    0x75, 0x3A, 0x84, 0xB6, 0x28, 0x15, 0xEA, 0x7F, 0xA1, 0xD1, 0x40, 0xAD, 0xF2, 0x28, 0x15, 0x7B,
    0x8B, 0x13, 0x00, 0x73, 0x9F, 0xFA, 0x01, 0x50, 0x96, 0xD3, 0xEF, 0x51, 0x40, 0xAC, 0x50, 0x08,
    0xD2, 0x80, 0x58, 0xA6, 0x54, 0xFB, 0xEC, 0x50, 0x2B, 0x55, 0xC0, 0x45, 0x02, 0xB1, 0x4A, 0x7E,
    0x0A, 0x28, 0x15, 0x79, 0x05, 0x5A, 0x50, 0xE8, 0xA0, 0x54, 0xA8, 0x2B, 0x1E, 0xD5, 0x70, 0x80,
    0x2A, 0x98, 0x09, 0x24, 0x04, 0x6A, 0x55, 0x71, 0x01, 0x7C, 0xA6, 0x98, 0x03, 0x12, 0x06, 0xDD,
    0x70, 0xF1, 0x49, 0x10, 0x08, 0x68, 0x14, 0x19, 0xE0, 0x80, 0x4F, 0x21, 0x4F, 0xD2, 0xAB, 0x80,
    0x8A, 0x47, 0xC0, 0x49, 0x28, 0x75, 0x56, 0xF5, 0x14, 0x8E, 0x8A, 0x5B, 0x75, 0x5B, 0xB8, 0x14,
    0x64, 0x29, 0x2D, 0x03, 0x0E, 0xF1, 0x48, 0xD0, 0x5F, 0x26, 0x07, 0x39, 0x60, 0x6B, 0x93, 0x1A,
    0x7E, 0x02, 0xAB, 0x79, 0x8A, 0x46, 0x05, 0x2B, 0x4C, 0x2D, 0x56, 0xFB, 0x14, 0x14, 0x8D, 0x71,
    0x55, 0x5C, 0x0C, 0x52, 0x2C, 0x17, 0x59, 0xD5, 0x70, 0xA1, 0x6E, 0x98, 0x10, 0xA5, 0x95, 0x1D,
    0xB5, 0x40, 0xA7, 0x90, 0x3E, 0xD0, 0x4F, 0xDA, 0x23, 0x0E, 0x30, 0xA0, 0x21, 0x90, 0x89, 0xA4,
    0x07, 0xD9, 0x60, 0x2C, 0x53, 0x12, 0x31, 0x4B, 0x02, 0x02, 0xE9, 0x01, 0xFA, 0x64, 0x5F, 0x9D,
    0xF6, 0x29, 0x19, 0x02, 0xF5, 0x20, 0x80, 0x39, 0x94, 0x6C, 0x10, 0x35, 0x02, 0x8C, 0xA3, 0xA0,
    0x82, 0x98, 0x18, 0x24, 0x05, 0xCD, 0x04, 0x92, 0x57, 0xA0, 0x37, 0x48, 0x3A, 0xF2, 0x01, 0x8C,
    0xB9, 0x54, 0x69, 0x48, 0x0C, 0x65, 0xCA, 0xA4, 0xCA, 0x40, 0x63, 0x2D, 0xF0, 0x0C, 0x65, 0xC2,
    0xAA, 0xDF, 0x81, 0x05, 0x20, 0x30, 0x48, 0x24, 0x14, 0x18, 0x3C, 0xAB, 0x91, 0x1A, 0xDE, 0xC0,
    0x0C, 0x92, 0xE2, 0x87, 0x7E, 0x74, 0xFE, 0x40, 0x76, 0xE9, 0xCB, 0x02, 0xF4, 0xC0, 0xBB, 0x28,
    0x70, 0x72, 0x26, 0x05, 0x7A, 0x0B, 0x5A, 0x42, 0xCB, 0x9D, 0x8A, 0x23, 0x61, 0xD7, 0x58, 0xA6,
    0x21, 0xB1, 0x98, 0x6A, 0x66, 0x1A, 0x29, 0x16, 0xBA, 0xB3, 0x8A, 0x2F, 0x36, 0x91, 0xCD, 0xA7,
    0xF3, 0xC4, 0xE1, 0x2E, 0x85, 0x23, 0x9F, 0x4F, 0xE9, 0x09, 0xC3, 0xE0, 0xA1, 0x94, 0x24, 0x08,
    0x74, 0x84, 0x81, 0x0E, 0x60, 0x13, 0x90, 0x0C, 0x24, 0x27, 0x0A, 0x72, 0x00, 0x71, 0x2E, 0x28,
    0x9B, 0xF9, 0xC6, 0x13, 0x7F, 0xE9, 0xFC, 0xA1, 0x37, 0x6A, 0x12, 0x14, 0x59, 0x42, 0x45, 0x23,
    0x2E, 0x59, 0x66, 0x79, 0xD0, 0x13, 0x66, 0x3A, 0x42, 0x6C, 0xF8, 0x9B, 0x31, 0xD0, 0x13, 0x65,
    0x36, 0xA2, 0x6C, 0xB7, 0x34, 0x3C, 0xD2, 0xDD, 0x09, 0xB2, 0x9C, 0xA2, 0xCC, 0xEB, 0x8C, 0x59,
    0x9B, 0x6E, 0x04, 0xD9, 0x4E, 0x28, 0x9B, 0x2D, 0xB3, 0x2C, 0xCF, 0x36, 0x02, 0x6C, 0xB7, 0x18,
    0xB3, 0x38, 0xD5, 0x09, 0xAE, 0xDC, 0xB2, 0xCC, 0xEB, 0x4E, 0x26, 0xBB, 0x73, 0x4B, 0x33, 0xF0,
    0x33, 0xCB, 0xA4, 0x59, 0x9A, 0x6C, 0xEB, 0x7A, 0x81, 0x35, 0x5A, 0x1A, 0x08, 0xB9, 0x43, 0x69,
    0x32, 0x91, 0x34, 0x4B, 0x71, 0x5B, 0xD6, 0x96, 0x5F, 0xDB, 0x21, 0x33, 0xDB, 0x9E, 0x59, 0x7B,
    0x6D, 0x84, 0xCF, 0x2D, 0xB0, 0x25, 0xA5, 0x00, 0x1C, 0x0D, 0x39, 0x65, 0x98, 0xB6, 0xC8, 0x09,
    0x72, 0xDD, 0x09, 0xA6, 0xDC, 0x82, 0xCC, 0x53, 0x5C, 0x26, 0x7A, 0x71, 0x4A, 0x69, 0x2D, 0x40,
    0x99, 0xE9, 0xB6, 0x0F, 0xED, 0xB4, 0xA2, 0x67, 0x96, 0xC8, 0x31, 0xF2, 0x84, 0xD3, 0xF4, 0xA1,
    0x04, 0x96, 0xA0, 0xB3, 0x16, 0xD6, 0x89, 0xAA, 0xC5, 0x98, 0x9E, 0x9C, 0x4D, 0x52, 0xD4, 0x09,
    0xAA, 0x9A, 0xE2, 0xCB, 0xDB, 0x56, 0x23, 0x89, 0x69, 0xC4, 0xD3, 0x4D, 0x91, 0x65, 0xE9, 0xB0,
    0x2C, 0xBE, 0xB6, 0xA0, 0x7E, 0x91, 0x65, 0xEB, 0xB8, 0xAD, 0xEB, 0x8B, 0x2F, 0xF1, 0x32, 0xCB,
    0x66, 0x26, 0x49, 0x80, 0xDA, 0x41, 0x3B, 0xA9, 0x64, 0xE7, 0xB5, 0x01, 0x34, 0xB7, 0x05, 0x93,
    0xA7, 0x14, 0xB2, 0x76, 0xD8, 0x00, 0xE2, 0x5B, 0xA2, 0xC9, 0xD3, 0x90, 0x59, 0x3A, 0x6A, 0xCB,
    0x27, 0x50, 0x94, 0x53, 0x96, 0x06, 0x09, 0x69, 0xCA, 0x4B, 0x20, 0x5C, 0x48, 0x25, 0x93, 0x02,
    0xFC, 0xA3, 0xB5, 0xBD, 0x81, 0x65, 0xED, 0xAB, 0x2C, 0xBF, 0x35, 0x00, 0x81, 0x96, 0xA0, 0x9F,
    0x73, 0x00, 0xDC, 0xB9, 0x65, 0x92, 0x9F, 0xFA, 0x01, 0x61, 0xD6, 0x82, 0x5A, 0x5A, 0x70, 0x1A,
    0xCE, 0x8B, 0xCA, 0xA4, 0x72, 0x8B, 0x2B, 0x4D, 0x90, 0x2A, 0x65, 0xA8, 0x2C, 0xAC, 0xE8, 0xBC,
    0x6A, 0x47, 0x18, 0xB2, 0xF4, 0xDB, 0x03, 0x5A, 0x5A, 0xB2, 0xCB, 0xCE, 0x8B, 0xC3, 0xA4, 0x71,
    0x4B, 0x33, 0x4D, 0xC0, 0x3C, 0x64, 0x59, 0x9B, 0xED, 0x4B, 0x33, 0x3A, 0x2F, 0x14, 0x5D, 0xB4,
    0xD9, 0x81, 0x4A, 0x45, 0x9A, 0xD5, 0x17, 0x91, 0x48, 0xE4, 0x16, 0x72, 0xDA, 0xE2, 0xCE, 0x58,
    0x2E, 0x3A, 0x2C, 0xE5, 0x35, 0x40, 0x3F, 0x96, 0xE0, 0xB3, 0x96, 0xD3, 0x84, 0x92, 0x65, 0x9C,
    0xC6, 0x94, 0x26, 0x52, 0xD7, 0x03, 0xAE, 0x65, 0x9C, 0x96, 0x9C, 0x0D, 0x32, 0xD5, 0x01, 0xFA,
    0x5D, 0x22, 0xCE, 0x53, 0x54, 0x07, 0x69, 0x69, 0xCB, 0x39, 0x8D, 0x71, 0x67, 0x3F, 0x61, 0xD9,
    0x83, 0x3E, 0x65, 0x9C, 0xA8, 0x61, 0xA4, 0x03, 0x69, 0x06, 0x9E, 0x61, 0x1D, 0x98, 0x2A, 0xE4,
    0x11, 0xE9, 0x06, 0xB2, 0xA5, 0xA0, 0xB6, 0xC8, 0xB4, 0x14, 0xE4, 0x16, 0x82, 0x9B, 0x60, 0x81,
    0x4C, 0xB4, 0x14, 0xE2, 0x96, 0x82, 0xDB, 0x20, 0x33, 0xC8, 0xB4, 0x17, 0xD6, 0x96, 0x82, 0x9C,
    0x62, 0xD0, 0x53, 0x50, 0x02, 0x49, 0x6D, 0x8B, 0x41, 0xE0, 0xE0, 0xCE, 0x48, 0x05, 0xA9, 0x46,
    0x40, 0x53, 0x22, 0xD0, 0x54, 0x38, 0x9A, 0x2C, 0xEC, 0xC0, 0x5D, 0x2D, 0x68, 0x71, 0x6A, 0x59,
    0xE9, 0x69, 0xC2, 0x65, 0x2D, 0x40, 0x71, 0xEE, 0x59, 0xEA, 0x6A, 0xC0, 0xEF, 0x2D, 0x39, 0x67,
    0xAD, 0xB0, 0x2C, 0xF6, 0xBA, 0x05, 0x9E, 0xA6, 0xD4, 0x1B, 0xB2, 0xD5, 0x16, 0x7A, 0xDC, 0xD0,
    0x23, 0x4B, 0x70, 0x0D, 0x29, 0x6C, 0x0B, 0x3D, 0xF0, 0xEA, 0x48, 0xB3, 0xD5, 0xD9, 0x96, 0x7A,
    0xC1, 0xD6, 0x99, 0x67, 0xA7, 0xB5, 0x05, 0x8C, 0x88, 0xE1, 0x50, 0xEC, 0x48, 0xB3, 0xD6, 0xD8,
    0x01, 0xB6, 0x45, 0x9E, 0xDE, 0xAC, 0xB3, 0xD6, 0x0E, 0xD4, 0xCB, 0x3D, 0x3D, 0x38, 0x3B, 0x24,
    0x59, 0xEB, 0xF2, 0xC1, 0x67, 0x2D, 0x29, 0x67, 0xA9, 0xB0, 0x2C, 0xF5, 0xB9, 0xA5, 0x9E, 0xB6,
    0xAC, 0xB3, 0xDE, 0xE9, 0x16, 0x7A, 0x9A, 0x80, 0x9E, 0xCB, 0x4E, 0x30, 0xBA, 0x07, 0x72, 0xC3,
    0xD0, 0x90, 0x69, 0xEF, 0xA4, 0x06, 0xC4, 0x8B, 0x47, 0x40, 0xD3, 0x4B, 0x3A, 0x13, 0x69, 0x02,
    0x0E, 0x63, 0x0D, 0x9E, 0xB8, 0x3B, 0xB4, 0x0D, 0xA5, 0x06, 0x21, 0x40, 0xD2, 0x4E, 0x30, 0x07,
    0x39, 0x46, 0x40, 0x73, 0x22, 0xD1, 0x50, 0xB4, 0x16, 0xDB, 0x16, 0x82, 0xA5, 0x9F, 0xA6, 0xCE,
    0x35, 0x16, 0x02, 0x4C, 0xB7, 0x45, 0x9F, 0xF9, 0x67, 0xE9, 0xAE, 0x2C, 0xFD, 0x43, 0x59, 0x82,
    0xCE, 0xCF, 0x54, 0x08, 0x3A, 0x16, 0x76, 0x7C, 0x50, 0xBA, 0x4B, 0x4A, 0x09, 0x39, 0x16, 0x76,
    0xA1, 0xAA, 0x99, 0x67, 0x27, 0xAE, 0x2C, 0xE5, 0xB9, 0x65, 0x9B, 0xA0, 0x7C, 0xE6, 0x0B, 0x99,
    0xDA, 0xC3, 0x4D, 0x22, 0xCC, 0xD4, 0x37, 0x72, 0x0C, 0xB4, 0x81, 0x47, 0x22, 0xCC, 0x4B, 0x5C,
    0x59, 0x8F, 0x83, 0x46, 0x41, 0x52, 0x98, 0x5C, 0x67, 0x02, 0x20, 0xDC, 0xA1, 0x23, 0xD7, 0x94,
    0xA8, 0x07, 0xD2, 0x1A, 0xCD, 0x00, 0xC7, 0x20, 0xB3, 0x50, 0xB2, 0xF4, 0x04, 0x84, 0x88, 0x91,
    0x21, 0x94, 0x4E, 0x6B, 0x4F, 0xFE, 0x16, 0x5E, 0x83, 0x5C, 0x90, 0x96, 0xE6, 0x35, 0xB9, 0x86,
    0xFE, 0x64, 0x47, 0x96, 0xB4, 0xB2, 0xF4, 0xD4, 0x09, 0x26, 0xE5, 0x97, 0xA0, 0xCA, 0xE7, 0x35,
    0x2C, 0xBE, 0x20, 0xD4, 0x88, 0x35, 0x3E, 0x0E, 0x1C, 0x99, 0x42, 0x69, 0x10, 0x7A, 0x7C, 0x2C,
    0x64, 0xDF, 0x46, 0x2D, 0x00, 0x85, 0x38, 0x50, 0x10, 0xA6, 0x01, 0x39, 0x00, 0xB2, 0x43, 0x26,
    0xA4, 0x00, 0xFF, 0x73, 0xA8, 0x4A, 0x46, 0x4F, 0xCF, 0xF0, 0xC9, 0xFF, 0x4F, 0x81, 0x13, 0xEA,
    0x48, 0xC2, 0xFC, 0xB8, 0x04, 0x12, 0x19, 0x46, 0xE1, 0x23, 0x28, 0xC4, 0x2C, 0x65, 0x1F, 0x0A,
    0xEE, 0x21, 0x23, 0x28, 0xE4, 0x18, 0x65, 0x18, 0x81, 0x0C, 0xA3, 0x5F, 0xEA, 0x84, 0xA4, 0x65,
    0x3C, 0xFE, 0x0C, 0xA7, 0xE3, 0x29, 0xE7, 0xF8, 0x65, 0x3F, 0xA7, 0xC1, 0x07, 0xF5, 0x20, 0x54,
    0x49, 0x3C, 0x52, 0x0B, 0xE4, 0xC6, 0x55, 0x78, 0x30, 0xCA, 0xBE, 0x06, 0xA9, 0x42, 0xC6, 0x55,
    0xE8, 0x71, 0x3B, 0xA7, 0x49, 0x2B, 0x7C, 0x90, 0xA5, 0x71, 0x97, 0xEC, 0xDA, 0x12, 0x19, 0x7F,
    0x4F, 0x65, 0x31, 0x97, 0x61, 0x18, 0xDC, 0x19, 0x6E, 0x86, 0x57, 0x71, 0x95, 0x54, 0x65, 0x32,
    0x87, 0x0C, 0xA7, 0x85, 0x0E, 0xB0, 0xCA, 0x76, 0x54, 0xDA, 0x60, 0x42, 0x09, 0x2C, 0x00, 0xCB,
    0x6E, 0x49, 0x3A, 0x0C, 0xAF, 0x05, 0x20, 0x98, 0xCA, 0x6E, 0x32, 0x8B, 0x8C, 0x9A, 0xA3, 0x24,
    0xF8, 0x0B, 0xE8, 0x4E, 0x9A, 0x8C, 0x8A, 0xC1, 0x37, 0xB6, 0x16, 0xAD, 0x32, 0x08, 0xF4, 0xA2,
    0xA4, 0x96, 0x94, 0xD4, 0x06, 0xB2, 0x36, 0x95, 0x06, 0xCB, 0x31, 0x6D, 0x48, 0x24, 0x33, 0x27,
    0x9C, 0x80, 0x09, 0x20, 0x91, 0x4B, 0xFD, 0x1C, 0x2B, 0x3D, 0x49, 0xC3, 0x49, 0x6D, 0x16, 0x0C,
    0x57, 0xB9, 0x41, 0x29, 0xF7, 0xA2, 0x98, 0xCA, 0x2A, 0x5F, 0xE9, 0x96, 0x82, 0xB4, 0x58, 0x15,
    0x22, 0x05, 0x4F, 0xBE, 0x80, 0x5E, 0x5F, 0xEA, 0x34, 0xA6, 0x91, 0xFE, 0x15, 0x5C, 0x8A, 0xE5,
    0x2A, 0x2F, 0xEA, 0x91, 0xFC, 0xA7, 0xE0, 0xBF, 0xD1, 0xBA, 0x2F, 0xF0, 0x5F, 0x9A, 0x80, 0x51,
    0xA5, 0x54, 0x88, 0x05, 0x26, 0x54, 0x58, 0xEA, 0x05, 0x0F, 0x05, 0x39, 0xB9, 0x56, 0xE8, 0x5A,
    0x29, 0x57, 0x22, 0x47, 0xC7, 0x99, 0x61, 0x30, 0x53, 0x9A, 0x16, 0x5A, 0xE1, 0x3A, 0x90, 0x06,
    0xA4, 0x01, 0x9A, 0x16, 0xA2, 0xC0, 0x19, 0x92, 0x91, 0x64, 0x59, 0xDB, 0x60, 0x01, 0x25, 0x32,
    0x91, 0xCC, 0xB3, 0x9F, 0x2C, 0xE7, 0x02, 0xB9, 0x62, 0x8E, 0x5C, 0x22, 0x32, 0x2C, 0xD6, 0x80,
    0x49, 0x23, 0x04, 0xCF, 0xF8, 0x59, 0xDB, 0x07, 0x06, 0x45, 0x9E, 0xB4, 0x10, 0xB3, 0xDF, 0x2C,
    0xF7, 0x31, 0x85, 0x9E, 0xA0, 0x2D, 0x2F, 0x93, 0x01, 0x3D, 0x80, 0xCD, 0x22, 0xD0, 0xEB, 0x22,
    0x5A, 0x1D, 0x62, 0x8B, 0x43, 0x8C, 0x29, 0x68, 0x6D, 0x7C, 0x2D, 0x0F, 0xCB, 0x43, 0x80, 0xA3,
    0xD0, 0xB4, 0x3D, 0x2C, 0xF7, 0x30, 0x05, 0x9E, 0xC6, 0x1C, 0xB3, 0xD6, 0xC7, 0x0A, 0x16, 0x99,
    0x32, 0xCF, 0x7C, 0xB3, 0xD5, 0x2C, 0xC6, 0x31, 0xC5, 0x98, 0xA9, 0x65, 0x65, 0x87, 0x2C, 0xAE,
    0xB0, 0x05, 0x95, 0xD8, 0x5A, 0x64, 0x59, 0x6C, 0x0A, 0xC2, 0x45, 0x97, 0xA0, 0x61, 0x24, 0x59,
    0x8E, 0xDF, 0x03, 0xE7, 0x20, 0xED, 0x51, 0x5E, 0x9B, 0x4F, 0x8E, 0x30, 0x71, 0x49, 0x10, 0xAB,
    0xA4, 0x59, 0xAA, 0xC4, 0xAA, 0xB3, 0xF1, 0x39, 0x52, 0x24, 0x59, 0xBA, 0x4E, 0xCB, 0x37, 0x49,
    0xF8, 0x78, 0x29, 0x43, 0x8D, 0x45, 0xC0, 0xB9, 0x38, 0xD0, 0xB8, 0xA7, 0x0E, 0x8D, 0x46, 0x8B,
    0x3D, 0x71, 0x03, 0x48, 0x5A, 0xD2, 0x18, 0x64, 0x85, 0x9D, 0x23, 0x59, 0x50, 0x1E, 0xB2, 0x2D,
    0x0F, 0xD6, 0x81, 0xF1, 0x3D, 0x7D, 0x68, 0x1F, 0x5A, 0x07, 0xD6, 0x81, 0xF4, 0xC0, 0x7C, 0x4F,
    0x1F, 0x59, 0xDF, 0xD6, 0x77, 0xF1, 0x3C, 0x7D, 0x67, 0x78, 0x13, 0xC5, 0xD6, 0x77, 0x31, 0x3C,
    0x56, 0x83, 0x55, 0xA2, 0xAC, 0xEB, 0x48, 0x9E, 0x98, 0x9D, 0xAA, 0xB3, 0xAB, 0x89, 0xDA, 0xF4,
    0x91, 0x3B, 0x71, 0x2C, 0x93, 0xA1, 0x89, 0xDB, 0x94, 0x3A, 0xAC, 0xFC, 0x4E, 0x73, 0x0C, 0xDC,
    0x84, 0xE9, 0x7A, 0x2D, 0x56, 0x6C, 0x27, 0x4F, 0xA3, 0xC6, 0x53, 0x25, 0x9C, 0xD0, 0x4E, 0x98,
    0x59, 0xCF, 0x8B, 0x43, 0x99, 0xA0, 0x9C, 0x78, 0xB3, 0x99, 0x82, 0x4E, 0x4B, 0x39, 0xA1, 0x68,
    0x73, 0x43, 0xAA, 0xD0, 0x56, 0x73, 0x62, 0xD0, 0x5D, 0x2C, 0xF3, 0xA3, 0xAC, 0xE7, 0x14, 0xB5,
    0x9C, 0xD8, 0xB4, 0x17, 0x59, 0xCC, 0xC4, 0xED, 0x2A, 0xAD, 0x1C, 0xB3, 0x9A, 0x9F, 0x80, 0x86,
    0x4B, 0x35, 0xA9, 0x67, 0x2A, 0x95, 0x69, 0xCE, 0xD6, 0x69, 0x62, 0xCE, 0x55, 0x2A, 0xD3, 0x9A,
    0x2C, 0xD7, 0x20, 0x61, 0xA2, 0xCD, 0xA6, 0x59, 0xEA, 0x20, 0x16, 0x94, 0xB2, 0xCF, 0xFC, 0x0F,
    0x92, 0x2C, 0xFD, 0x8E, 0x7F, 0x70, 0x43, 0x4A, 0x7A, 0xB3, 0x4B, 0x16, 0x82, 0x83, 0xB7, 0xE0,
    0x8D, 0x27, 0x43, 0x59, 0xCC, 0xC1, 0xFF, 0x34, 0xBF, 0xCC, 0x17, 0xF5, 0x59, 0xA4, 0xC2, 0x49,
    0x35, 0x9A, 0x4C, 0x01, 0x93, 0x40, 0x15, 0xC2, 0x11, 0x28, 0x5A, 0xCC, 0x66, 0x80, 0x4F, 0xD3,
    0xE8, 0xAB, 0x2E, 0x9A, 0x01, 0x6C, 0x28, 0xC9, 0x53, 0xD7, 0x6B, 0x20, 0xA2, 0xCA, 0x39, 0x4F,
    0xA4, 0x85, 0x1A, 0x60, 0x6C, 0x90, 0x50, 0xE4, 0x0C, 0x4C, 0x50, 0x50, 0x1F, 0xD0, 0x74, 0x4C,
    0x07, 0x53, 0x00, 0xB4, 0x82, 0x93, 0x35, 0xE6, 0x48, 0x0F, 0x73, 0x03, 0x4D, 0x42, 0x55, 0x28,
    0x67, 0xFA, 0x39, 0x0F, 0x1F, 0x2C, 0x82, 0xE1, 0x35, 0x2C, 0x4C, 0x2A, 0xF3, 0x4F, 0x94, 0x82,
    0xB1, 0x59, 0xD8, 0x56, 0x3E, 0x14, 0xD9, 0x25, 0xA3, 0x28, 0x10, 0xC0, 0x49, 0xE4, 0x96, 0x7C,
    0x01, 0xFA, 0x88, 0x7F, 0xA8, 0x9D, 0x6B, 0x3F, 0x0A, 0xF5, 0x03, 0x13, 0x20, 0xFD, 0xD0, 0x12,
    0x52, 0x0F, 0xCD, 0x69, 0xEA, 0x55, 0x90, 0x55, 0xE6, 0x1C, 0x69, 0x14, 0x9F, 0xB4, 0x90, 0xAC,
    0xC8, 0xA4, 0x73, 0xA2, 0xC3, 0xC3, 0x99, 0x30, 0x14, 0x48, 0x0F, 0x34, 0x19, 0x1C, 0x81, 0xBF,
    0x31, 0x3A, 0xD2, 0x7A, 0x02, 0x4A, 0x4E, 0xE1, 0xF0, 0xB1, 0x38, 0xD4, 0x4D, 0xF3, 0x00, 0x4C,
    0x8A, 0x11, 0xBA, 0x0A, 0x03, 0xF7, 0x4F, 0xA2, 0x85, 0xEA, 0x80, 0x94, 0x90, 0x9A, 0x29, 0x4B,
    0x87, 0xC3, 0x44, 0xCF, 0x30, 0xB6, 0x52, 0x92, 0x04, 0xA9, 0x05, 0x9E, 0x74, 0x31, 0x32, 0xDC,
    0x03, 0xD6, 0x54, 0x0F, 0x84, 0x4B, 0x21, 0x08, 0x48, 0x2A, 0xD3, 0x00, 0xEC, 0x82, 0x9D, 0x39,
    0xFA, 0xAF, 0xE6, 0x25, 0xE9, 0x13, 0x4A, 0x40, 0x99, 0x90, 0x25, 0x66, 0x0A, 0x99, 0xC2, 0xC1,
    0x2D, 0x50, 0x8A, 0xE6, 0x9F, 0x4B, 0x04, 0xB4, 0xD4, 0xCF, 0xD1, 0x71, 0x5C, 0x3E, 0x34, 0x3F,
    0xAD, 0x60, 0x15, 0x69, 0xB2, 0x99, 0x72, 0x39, 0x2A, 0x8B, 0x8A, 0x63, 0xA5, 0x98, 0x45, 0xE4,
    0x25, 0x79, 0x09, 0x5A, 0xE2, 0x55, 0x98, 0x95, 0x29, 0x15, 0x19, 0x2C, 0xA6, 0xCA, 0x62, 0xFA,
    0x98, 0xBE, 0xA6, 0x2F, 0xA9, 0x8B, 0xEA, 0x62, 0xFA, 0x98, 0xBE, 0xA6, 0x2F, 0xA9, 0x8B, 0xEB,
    0xCF, 0x98, 0x18, 0xA6, 0xA6, 0x2F, 0x89, 0x4F, 0xEA, 0x62, 0xFA, 0x98, 0xBE, 0xA6, 0x29, 0x41,
    0x94, 0xC5, 0xC8, 0x5A, 0x98, 0xBE, 0xA6, 0x2C, 0x42, 0x54, 0xC5, 0xFA, 0xAC, 0x11, 0x4C, 0x5F,
    0x1B, 0xF4, 0x89, 0x95, 0x25, 0x31, 0x7B, 0xF2, 0x5C, 0xE9, 0xA9, 0x8F, 0xF5, 0x5F, 0xA8, 0x95,
    0xE5, 0x06, 0x53, 0x17, 0xC4, 0xAF, 0x68, 0x5A, 0x98, 0xB5, 0xF7, 0x53, 0x17, 0xC0, 0xA3, 0x2F,
    0xE0, 0x96, 0x25, 0x09, 0x53, 0x15, 0x44, 0xB1, 0x6A, 0xC5, 0x56, 0x05, 0x56, 0x9B, 0x09, 0x66,
    0x50, 0x45, 0x32, 0x7E, 0xAB, 0x07, 0xB0, 0xC0, 0x14, 0xC7, 0x68, 0x5D, 0x87, 0xF2, 0x5A, 0x69,
    0x40, 0x09, 0xA5, 0x25, 0x32, 0x5F, 0xEA, 0xA6, 0x4B, 0x41, 0xD4, 0xC9, 0xE8, 0x10, 0x97, 0x25,
    0xF7, 0x53, 0x27, 0xBF, 0x80, 0x62, 0x94, 0x66, 0xC3, 0xFC, 0x53, 0x2F, 0x3E, 0xE2, 0x5E, 0x94,
    0x0A, 0xC5, 0x36, 0x53, 0x2E, 0x3E, 0xA2, 0x5F, 0x94, 0x1D, 0x4C, 0xBA, 0x85, 0xA9, 0x97, 0xF5,
    0x5F, 0xCA, 0x99, 0x7E, 0xA6, 0x5E, 0x7F, 0x84, 0xC9, 0x28, 0x3A, 0x99, 0x7E, 0xA6, 0x5D, 0x40,
    0x94, 0xCB, 0x6F, 0xE2, 0xA7, 0xE4, 0xA6, 0x5A, 0xFD, 0xD4, 0xCB, 0x4F, 0xAA, 0x99, 0x79, 0xF9,
    0x13, 0x07, 0xD4, 0xCB, 0x2F, 0xF0, 0x97, 0xEC, 0x50, 0x9A, 0x29, 0x97, 0xE2, 0x55, 0xBF, 0xFA,
    0x55, 0x4F, 0xC7, 0x00, 0xBE, 0x59, 0x30, 0xB1, 0x64, 0x2C, 0x13, 0x2C, 0xB5, 0x09, 0x4D, 0x52,
    0xEA, 0xC8, 0x84, 0x95, 0x00, 0x94, 0xA0, 0x81, 0x5D, 0xD8, 0x57, 0x3E, 0x25, 0x3F, 0x83, 0xAE,
    0x83, 0xAB, 0xC0, 0x55, 0xAE, 0x15, 0x4F, 0x85, 0x52, 0xA1, 0x53, 0xA6, 0x38, 0x2A, 0x75, 0x06,
    0x54, 0xB2, 0xCA, 0x65, 0xF8, 0x94, 0x2B, 0x55, 0xC4, 0x05, 0x4E, 0x44, 0xC5, 0xA0, 0x54, 0x69,
    0x8C, 0x00, 0xFC, 0x81, 0xBB, 0x25, 0x32, 0xCC, 0x20, 0x12, 0xC3, 0x85, 0x46, 0x42, 0x52, 0x9C,
    0x1D, 0x4C, 0xF3, 0x08, 0xF4, 0xAF, 0xC0, 0x33, 0x91, 0xDA, 0xEB, 0x0B, 0x53, 0x5C, 0xC7, 0x4D,
    0x4B, 0xC8, 0x53, 0xE4, 0x03, 0x09, 0x03, 0xB2, 0x4A, 0x70, 0x90, 0x53, 0xA4, 0x26, 0x0D, 0x03,
    0xB2, 0x44, 0xD0, 0x95, 0x87, 0x09, 0x5B, 0xBE, 0x11, 0xF6, 0x82, 0x65, 0xC0, 0x21, 0x28, 0x4D,
    0x4B, 0x58, 0x71, 0x15, 0xBC, 0x18, 0x54, 0x64, 0x4D, 0x7C, 0x00, 0xCA, 0x58, 0xA0, 0xA8, 0x49,
    0x4F, 0x38, 0xB0, 0xE1, 0xC2, 0x9F, 0x2C, 0x89, 0xDB, 0x2C, 0xA7, 0xDA, 0x58, 0x70, 0x40, 0x4C,
    0x96, 0x58, 0x29, 0xB2, 0x54, 0x0D, 0x2C, 0x38, 0x03, 0xFC, 0x49, 0x50, 0x74, 0xB0, 0xDE, 0x82,
    0x91, 0x2C, 0x88, 0x23, 0x24, 0x18, 0xFB, 0x01, 0xD7, 0x36, 0x1B, 0xB8, 0x53, 0xE5, 0x8A, 0x54,
    0x57, 0xD5, 0x0D, 0x30, 0x45, 0xCB, 0x06, 0x02, 0xD9, 0x13, 0xC2, 0x4A, 0x85, 0x9D, 0x86, 0xF2,
    0x15, 0x59, 0x5F, 0x00, 0x7D, 0x23, 0xF6, 0x4D, 0x50, 0xF2, 0xB0, 0xDF, 0x42, 0x43, 0x2B, 0xC9,
    0x3A, 0x64, 0x82, 0xD9, 0x93, 0xD2, 0x56, 0x1C, 0x08, 0x54, 0x26, 0x4F, 0x6C, 0xD8, 0x70, 0xA0,
    0x88, 0x92, 0xA4, 0x2C, 0x06, 0x39, 0x61, 0x41, 0x09, 0x25, 0x49, 0xFE, 0x42, 0x0A, 0x89, 0x2A,
    0x57, 0xEA, 0x95, 0xE5, 0x87, 0x0A, 0x03, 0x19, 0x64, 0xC1, 0x67, 0x25, 0x4C, 0xE8, 0x54, 0x74,
    0x1D, 0xCC, 0xF8, 0xA0, 0x38, 0x90, 0x21, 0x66, 0x95, 0xE9, 0x01, 0x16, 0x51, 0x95, 0x4F, 0x54,
    0x0A, 0x52, 0x8D, 0x81, 0xF6, 0x60, 0x6A, 0x94, 0x74, 0xA0, 0x94, 0x8F, 0x94, 0x12, 0xE0, 0x80,
    0x94, 0x84, 0x5F, 0x53, 0xB0, 0xDF, 0xA3, 0x52, 0x22, 0x83, 0x58, 0xC8, 0x14, 0x28, 0x37, 0xFF,
    0xD1, 0xB3, 0x36, 0xD7, 0xFD, 0x1C, 0x55, 0x67, 0xC5, 0x75, 0xF5, 0x56, 0x7C, 0x81, 0x35, 0x2E,
    0xD5, 0x95, 0x65, 0xA0, 0xB0, 0x4D, 0x56, 0x15, 0x55, 0x7F, 0xE1, 0xF0, 0xD5, 0x57, 0x7E, 0x1F,
    0x0C, 0x15, 0xB5, 0x21, 0xC5, 0x74, 0xA9, 0x01, 0x2A, 0x07, 0x8A, 0x72, 0x8A, 0xEF, 0x2E, 0x82,
    0x3B, 0x2E, 0x0B, 0x99, 0x8E, 0xC6, 0xDD, 0x04, 0x4D, 0xD5, 0x55, 0x15, 0x55, 0x2D, 0xC1, 0x2F,
    0x32, 0xBA, 0xD5, 0x19, 0x93, 0x04, 0x8C, 0xD5, 0x39, 0x75, 0x4B, 0xD4, 0x11, 0x93, 0x00, 0xCC,
    0x95, 0x1B, 0xC5, 0x44, 0x6C, 0x51, 0x55, 0x53, 0xFD, 0xCE, 0x95, 0x4E, 0x5A, 0x9C, 0x6E, 0x8F,
    0x69, 0x9C, 0xFE, 0xA4, 0x36, 0x97, 0x21, 0x2F, 0x54, 0x22, 0x7C, 0xF9, 0xE2, 0xE3, 0x90, 0x75,
    0x66, 0x9A, 0x69, 0x0E, 0x5A, 0xA2, 0x4D, 0x90, 0xE5, 0x7C, 0x39, 0x4A, 0xA4, 0xCE, 0x43, 0x8B,
    0xA2, 0x3F, 0xA4, 0x1D, 0x09, 0x2C, 0xEE, 0x81, 0xD0, 0x92, 0x8E, 0xAC, 0xAF, 0xCA, 0x87, 0x4E,
    0x4A, 0x3A, 0xA8, 0xF0, 0x64, 0x1D, 0x39, 0xF3, 0xD1, 0x1B, 0x20, 0x09, 0xC8, 0x28, 0xF2, 0xEA,
    0x12, 0x86, 0xDC, 0xA1, 0x5C, 0xC8, 0xAF, 0x92, 0x51, 0xCD, 0x52, 0x35, 0x2A, 0x58, 0xAE, 0x25,
    0x1E, 0xAD, 0x83, 0x46, 0x4A, 0x37, 0x9A, 0xCE, 0x24, 0x1D, 0x69, 0xF3, 0x40, 0x45, 0x45, 0x1B,
    0x49, 0x23, 0xD2, 0x2B, 0xFD, 0x79, 0x42, 0x78, 0x92, 0x8D, 0xAA, 0x57, 0xEA, 0xF0, 0xC0, 0x77,
    0x3A, 0x7F, 0x40, 0x39, 0xD2, 0x2B, 0xF5, 0x2B, 0x7C, 0x01, 0x51, 0xCE, 0x8B, 0xC5, 0x03, 0x44,
    0xA1, 0xA5, 0x7E, 0xAA, 0x8E, 0x7A, 0x98, 0x39, 0x15, 0xFE, 0xBC, 0x21, 0xFC, 0x50, 0x1F, 0xDB,
    0x05, 0x64, 0x8B, 0x01, 0x40, 0x78, 0x51, 0x3E, 0x72, 0x2B, 0xFD, 0x03, 0xFF, 0x2E, 0x58, 0xBB,
    0x66, 0x57, 0xDC, 0x74, 0x09, 0x79, 0x4E, 0x41, 0x5E, 0xF1, 0xD4, 0x52, 0x4C, 0x81, 0x59, 0x22,
    0xBC, 0xE0, 0x14, 0x32, 0x2B, 0xD5, 0x6B, 0x7D, 0x02, 0x6E, 0xDB, 0xA4, 0x51, 0xFA, 0x47, 0x2B,
    0x7C, 0xB0, 0x9B, 0x4D, 0x47, 0x35, 0x2B, 0xFD, 0xB8, 0xC0, 0x25, 0x98, 0x20, 0xA4, 0x57, 0xFB,
    0xF0, 0x86, 0x45, 0x4E, 0x79, 0x5F, 0xAA, 0x08, 0x69, 0x45, 0xC0, 0xCD, 0x21, 0x6F, 0x4F, 0x96,
    0x57, 0xED, 0x00, 0xF6, 0x65, 0x7E, 0xAF, 0x0C, 0x0D, 0xB3, 0x4A, 0xB4, 0x8A, 0xFD, 0x3E, 0x40,
    0x1E, 0xA6, 0x4F, 0xFD, 0x95, 0xFE, 0x9C, 0xD0, 0xE6, 0x48, 0x29, 0x9A, 0x02, 0x64, 0x8B, 0x01,
    0x40, 0x16, 0x53, 0xA4, 0x1C, 0x89, 0x14, 0x0E, 0xFA, 0xEA, 0xB4, 0xC4, 0xB0, 0x54, 0xC3, 0xD7,
    0x25, 0xC1, 0xC3, 0x91, 0x60, 0xA4, 0x15, 0x1A, 0x05, 0xFA, 0x45, 0x84, 0x98, 0xA3, 0xE9, 0xCF,
    0x2C, 0x24, 0xC8, 0x21, 0x8E, 0x91, 0x61, 0xE6, 0x2B, 0xAA, 0x08, 0x1E, 0x65, 0x0A, 0xDF, 0x40,
    0xB1, 0x53, 0x28, 0x5D, 0x39, 0xA5, 0x9E, 0x91, 0x61, 0x64, 0x50, 0xCC, 0x31, 0xEE, 0x41, 0x32,
    0x99, 0x43, 0x29, 0xC6, 0x01, 0x4D, 0x38, 0xA5, 0x0C, 0xE7, 0x18, 0xA1, 0x9C, 0x0C, 0x14, 0xC2,
    0xC9, 0x85, 0x07, 0xDC, 0x31, 0x13, 0xAB, 0x44, 0x43, 0x53, 0x3A, 0x7E, 0xAD, 0x41, 0x75, 0x50,
    0x35, 0x59, 0x6D, 0x68, 0x69, 0x43, 0xB6, 0x9E, 0xFD, 0xB2, 0xF2, 0xC1, 0xA4, 0xA2, 0x7A, 0x6A,
    0x9E, 0x4A, 0x94, 0x32, 0xA0, 0xB0, 0x98, 0x5C, 0x7A, 0x10, 0xCB, 0x27, 0x53, 0xFF, 0x90, 0xBC,
    0x4C, 0x45, 0x75, 0x04, 0xB4, 0xA1, 0xC8, 0x35, 0xA2, 0x1A, 0xE4, 0x37, 0x2A, 0x1E, 0x52, 0x42,
    0x3C, 0xB4, 0x71, 0xC0, 0x57, 0x4E, 0x2F, 0xD3, 0x8B, 0xF4, 0xE2, 0xFD, 0x38, 0xBF, 0x4E, 0x2F,
    0xD3, 0x8B, 0xF4, 0xE2, 0xFD, 0x38, 0xBF, 0x4E, 0x2F, 0xD3, 0x8B, 0xF4, 0xE2, 0xFE, 0xB7, 0x07,
    0x4E, 0x2E, 0x90, 0xD9, 0x44, 0xE2, 0xCB, 0x18, 0x9C, 0x4E, 0x64, 0xC3, 0x9F, 0x28, 0x5A, 0x71,
    0x39, 0x06, 0x27, 0xC5, 0x90, 0xD5, 0x20, 0xC2, 0xCA, 0x04, 0x9C, 0x4D, 0x21, 0xB6, 0x41, 0xCE,
    0x97, 0xEA, 0xB9, 0x31, 0x4E, 0x2E, 0x90, 0xE5, 0x22, 0x7C, 0x53, 0xEE, 0x9C, 0x4C, 0x21, 0xDE,
    0x49, 0xC4, 0xF8, 0xEA, 0x29, 0x8C, 0xAD, 0xFE, 0x53, 0x89, 0xF4, 0xE2, 0x6B, 0x27, 0x5B, 0xFF,
    0x27, 0x13, 0x03, 0xA8, 0xAC, 0x10, 0x99, 0x12, 0x4E, 0x2D, 0xD1, 0x09, 0x2B, 0x0E, 0x44, 0x3A,
    0x92, 0x84, 0xA7, 0x17, 0x08, 0x88, 0x95, 0x87, 0x14, 0x04, 0xF9, 0x43, 0x53, 0x89, 0x6C, 0x70,
    0xD2, 0x64, 0x9C, 0x49, 0xE4, 0xEC, 0x37, 0xC0, 0xE9, 0xCA, 0x12, 0x9C, 0x4B, 0x0E, 0x86, 0x70,
    0x44, 0xE2, 0x69, 0x11, 0x92, 0x04, 0x24, 0xBF, 0xC0, 0x60, 0x90, 0x56, 0x67, 0x80, 0x44, 0x7C,
    0xC7, 0x3F, 0x4F, 0xC8, 0x74, 0xA8, 0x8B, 0x89, 0xC6, 0x47, 0x9B, 0x28, 0xB8, 0x19, 0xA4, 0x4B,
    0x0A, 0x0E, 0x7E, 0x98, 0x76, 0x77, 0x58, 0x73, 0xB3, 0xC7, 0x56, 0xFF, 0x4C, 0xEE, 0xB6, 0x4E,
    0xB7, 0x00, 0x02, 0x7C, 0x89, 0xDF, 0xD4, 0x4B, 0xC8, 0x13, 0xD2, 0x4E, 0x66, 0xD1, 0x23, 0x2B,
    0x0E, 0x38, 0x04, 0xF2, 0x85, 0x9D, 0x3B, 0x10, 0x01, 0xCA, 0x58, 0x63, 0x73, 0xD3, 0x00, 0xB6,
    0x44, 0xE9, 0x9E, 0xAC, 0x07, 0x32, 0x01, 0xBC, 0x93, 0x9F, 0x71, 0xCA, 0xCD, 0x3A, 0x35, 0x1C,
    0xB4, 0xC9, 0xDB, 0xAB, 0xE1, 0x3B, 0x66, 0x9D, 0x7E, 0xD8, 0x70, 0x67, 0x4D, 0xC2, 0x5C, 0x66,
    0xE5, 0xBA, 0x27, 0x6B, 0xE9, 0xDA, 0xFA, 0x76, 0xBE, 0x9D, 0xAF, 0xBD, 0x6F, 0x11, 0x17, 0x73,
    0xD0, 0xD1, 0x7A, 0x4E, 0xB7, 0xD3, 0xAD, 0x90, 0x0A, 0xCA, 0xAE, 0xEF, 0xD9, 0xA7, 0x4F, 0xE9,
    0xD3, 0xFA, 0x74, 0xFE, 0x9D, 0x3D, 0xBA, 0xEA, 0xC9, 0xD0, 0xFA, 0x74, 0x28, 0x75, 0xD9, 0x94,
    0x43, 0x27, 0x5E, 0xC8, 0x11, 0xE5, 0x31, 0x28, 0x7E, 0x8C, 0xCD, 0x34, 0xEB, 0xEC, 0xCC, 0xF2,
    0x01, 0x65, 0x80, 0xC9, 0x40, 0xB7, 0xCD, 0x3B, 0x36, 0x33, 0x3D, 0x13, 0xB5, 0x83, 0x32, 0xD1,
    0x3B, 0x76, 0x59, 0x65, 0x13, 0xB9, 0x4F, 0xCD, 0x5A, 0x62, 0x9D, 0xDB, 0x44, 0x53, 0xBB, 0x63,
    0x2D, 0xD1, 0x3B, 0xDF, 0x28, 0x4D, 0x83, 0x45, 0x40, 0x41, 0xDC, 0xCB, 0x95, 0x28, 0x45, 0x8C,
    0xB1, 0x62, 0x83, 0x5A, 0x04, 0xAF, 0x59, 0x19, 0x56, 0x85, 0x05, 0xA1, 0x94, 0x28, 0x50, 0x5A,
    0x19, 0x42, 0x73, 0x14, 0x56, 0x4C, 0xA0, 0xBF, 0x32, 0xAD, 0x53, 0xE1, 0xC3, 0x2C, 0xD0, 0x88,
    0xF3, 0x01, 0xBC, 0xA0, 0x42, 0xF0, 0x97, 0xF0, 0xCB, 0x57, 0x4F, 0xB6, 0x3F, 0x80, 0x5D, 0x91,
    0x96, 0x28, 0x9F, 0x9B, 0x19, 0x5A, 0xAB, 0x0C, 0x91, 0x41, 0x2C, 0x65, 0x6A, 0x14, 0x0A, 0xD0,
    0xB2, 0x80, 0x78, 0xCA, 0x72, 0xB1, 0x44, 0xAB, 0x90, 0xE4, 0xFE, 0x7D, 0x3F, 0x98, 0x32, 0xA5,
    0x89, 0xFD, 0x68, 0x88, 0xCD, 0x67, 0x4F, 0x9D, 0x99, 0x3E, 0x69, 0xFB, 0xA9, 0x94, 0x25, 0x11,
    0x27, 0xDD, 0xA8, 0x66, 0x51, 0x99, 0x3E, 0xE8, 0x65, 0x29, 0x13, 0xEF, 0xC6, 0x54, 0x91, 0x3E,
    0xE8, 0x64, 0xE9, 0x13, 0xEE, 0xAF, 0xA3, 0xFC, 0xEA, 0x13, 0x39, 0xD8, 0x4E, 0xA6, 0x24, 0xFD,
    0xA8, 0x43, 0x26, 0x4F, 0xC9, 0x28, 0x1F, 0xE2, 0xBC, 0x9C, 0x46, 0x73, 0x81, 0x50, 0x47, 0xD4,
    0x11, 0xF5, 0x04, 0x5C, 0x29, 0x35, 0x50, 0x34, 0xD4, 0x0B, 0xF0, 0xA6, 0x75, 0x40, 0x95, 0x55,
    0x0D, 0x14, 0x05, 0x25, 0x00, 0xE4, 0x56, 0x77, 0x27, 0x8D, 0x93, 0xFD, 0x44, 0xFE, 0x5D, 0x3F,
    0x76, 0xD9, 0xA7, 0xEF, 0x4D, 0x02, 0x92, 0x7E, 0xB6, 0x2A, 0xAA, 0x6D, 0x82, 0x77, 0x44, 0xFB,
    0x5F, 0x64, 0x13, 0xB9, 0x89, 0xA6, 0x49, 0xF5, 0xAE, 0xB8, 0xC9, 0xD5, 0x6B, 0xC5, 0x52, 0xDB,
    0x2D, 0x40, 0xA9, 0x24, 0xA9, 0x8A, 0x27, 0xD3, 0x5A, 0x56, 0x34, 0xCC, 0xF3, 0x7F, 0x3C, 0xDD,
    0x1A, 0xEB, 0x53, 0xCD, 0x4F, 0x4E, 0x13, 0xD9, 0xB5, 0xD6, 0xC9, 0xF1, 0x9E, 0xAD, 0x8C, 0x95,
    0x16, 0xD4, 0x85, 0x3B, 0x5D, 0x83, 0x18, 0xAA, 0xD7, 0x5A, 0x27, 0xBA, 0xBB, 0x56, 0x31, 0xCD,
    0x4C, 0x73, 0x15, 0xFD, 0x37, 0x0F, 0x91, 0xB6, 0xE9, 0xF2, 0x39, 0x0A, 0x7C, 0xB6, 0xA2, 0x9D,
    0xA6, 0xE1, 0x3D, 0xD4, 0xD8, 0x3E, 0x2E, 0xCA, 0x63, 0x92, 0x7B, 0xAC, 0xF0, 0x79, 0xBE, 0x2E,
    0x6A, 0x65, 0x92, 0x7B, 0xAD, 0xA7, 0x63, 0x15, 0x54, 0xCB, 0x34, 0xF7, 0xD3, 0x4A, 0xF8, 0xEA,
    0x29, 0x8E, 0x47, 0x8F, 0xB6, 0xE0, 0x54, 0x93, 0x09, 0xD6, 0xB5, 0x02, 0x9E, 0x92, 0x98, 0x24,
    0x9E, 0xEE, 0x6B, 0x5F, 0x1F, 0x67, 0x71, 0xD6, 0x86, 0x09, 0x79, 0x3E, 0x3A, 0xAA, 0x60, 0x90,
    0x38, 0xE6, 0x0A, 0x69, 0x37, 0x4A, 0xAA, 0x5E, 0x98, 0x2C, 0xE8, 0x05, 0xD9, 0x3E, 0x3A, 0x6A,
    0x5C, 0x92, 0x7C, 0x68, 0xF8, 0xE9, 0x00, 0x4E, 0x9B, 0x30, 0x37, 0x49, 0x4A, 0xF6, 0x4F, 0x9C,
    0xC1, 0x69, 0x27, 0xC7, 0xD5, 0x4B, 0x72, 0x4F, 0xB7, 0xEA, 0xBA, 0xA0, 0x1C, 0xC9, 0xF2, 0x73,
    0x53, 0x24, 0xD2, 0xA7, 0x20, 0x31, 0xC9, 0xF2, 0x57, 0x18, 0x8C, 0xC0, 0xC7, 0x37, 0xC8, 0xD5,
    0x4C, 0x73, 0x87, 0x00, 0x3A, 0x4F, 0x8F, 0x91, 0x38, 0x68, 0x97, 0x29, 0x00, 0x76, 0x51, 0xB5,
    0x30, 0x55, 0x41, 0x73, 0x01, 0x94, 0x9F, 0x23, 0x35, 0x31, 0x4D, 0x2E, 0x1A, 0xAA, 0xEC, 0xDF,
    0x1F, 0x55, 0x32, 0x59, 0x42, 0xDE, 0xAA, 0xEE, 0x1F, 0x25, 0x80, 0x51, 0xCE, 0x76, 0xF9, 0x3A,
    0xB9, 0xEA, 0x80, 0xB4, 0x95, 0x57, 0x6C, 0xF9, 0x39, 0x83, 0x4A, 0x93, 0xFA, 0xAE, 0xC9, 0xF2,
    0x74, 0x11, 0x4C, 0xE8, 0x75, 0x5D, 0x6B, 0xE4, 0xA9, 0xB0, 0x05, 0xE5, 0xB5, 0x0F, 0x93, 0xAD,
    0x6C, 0x5B, 0x52, 0x51, 0xA5, 0xC0, 0xB5, 0x27, 0xCA, 0x50, 0x04, 0x92, 0xD4, 0x00, 0x92, 0x6F,
    0x8F, 0xB6, 0x9C, 0x06, 0x53, 0x04, 0x3C, 0xB4, 0xEF, 0x8E, 0xA6, 0xA0, 0xBF, 0x72, 0x01, 0x04,
    0x9E, 0x43, 0x47, 0xC7, 0x4F, 0x56, 0x60, 0x7A, 0x04, 0x5E, 0x6F, 0x8D, 0x9E, 0xC0, 0x0D, 0x74,
    0x9F, 0x84, 0x0E, 0x4F, 0x8E, 0x90, 0x45, 0x64, 0x87, 0xA9, 0x84, 0x56, 0x4F, 0x8F, 0xB6, 0xE8,
    0x73, 0x13, 0x52, 0xB7, 0x1F, 0x1D, 0x41, 0xF0, 0x49, 0x4B, 0x1F, 0x09, 0x24, 0x88, 0x31, 0x20,
    0x92, 0x48, 0xEC, 0x34, 0x01, 0x44, 0xF6, 0x0F, 0x8F, 0xA6, 0xCC, 0x7C, 0x92, 0x52, 0xBD, 0xAA,
    0xBA, 0xB7, 0xC7, 0xD3, 0x5C, 0xA5, 0xBA, 0xD5, 0x74, 0xEF, 0x90, 0x98, 0x11, 0xE5, 0xAA, 0x3F,
    0x1D, 0x81, 0x83, 0x37, 0xC8, 0xD7, 0x4E, 0x26, 0x0A, 0x3E, 0x3E, 0x80, 0x26, 0x92, 0x99, 0xBC,
    0x08, 0x39, 0x18, 0x7A, 0x7A, 0x80, 0xD3, 0xC9, 0x4D, 0x56, 0x06, 0x44, 0x9F, 0x1D, 0x35, 0xC3,
    0xCC, 0x07, 0x93, 0x0A, 0xDC, 0xF6, 0x4F, 0x8D, 0xA6, 0xC8, 0x35, 0x12, 0x53, 0x7D, 0x02, 0x51,
    0x27, 0xC6, 0xC8, 0x24, 0xF2, 0x8F, 0x29, 0xD2, 0xE0, 0x70, 0x93, 0xE3, 0xA7, 0xBA, 0x23, 0x7C,
    0x80, 0x7D, 0x47, 0xC6, 0xD4, 0x1B, 0xB2, 0x80, 0x07, 0xF2, 0x81, 0x2D, 0x93, 0xE3, 0x29, 0xB6,
    0x0D, 0x34, 0x95, 0x07, 0xCA, 0xAE, 0xB9, 0xF1, 0x74, 0xD9, 0x13, 0x02, 0x4A, 0x88, 0xE5, 0x57,
    0x54, 0xF8, 0x89, 0xD6, 0xF5, 0xAA, 0x8C, 0xBD, 0x57, 0x4A, 0xF8, 0xAD, 0x2A, 0x42, 0x4F, 0x8B,
    0xB6, 0x9C, 0x62, 0xD3, 0x0F, 0x24, 0xDF, 0x13, 0x35, 0x4C, 0x5C, 0x36, 0x53, 0x05, 0xAC, 0x9E,
    0xA5, 0x35, 0x4E, 0xD0, 0x0C, 0xF2, 0x7C, 0x54, 0x81, 0x4D, 0x28, 0xB0, 0x33, 0xA5, 0x21, 0x10,
    0xA7, 0x28, 0x20, 0xD3, 0x93, 0xE2, 0xA4, 0x0A, 0xA9, 0x47, 0xD5, 0x53, 0xF0, 0x6D, 0x51, 0xF1,
    0xD6, 0x03, 0x14, 0x84, 0x33, 0x27, 0xC7, 0x53, 0x74, 0x08, 0x19, 0x2A, 0xCE, 0x82, 0x51, 0xA4,
    0x5C, 0x12, 0x32, 0x55, 0xBD, 0x83, 0x75, 0x40, 0xFB, 0x4F, 0x6A, 0x0F, 0x19, 0x40, 0x04, 0x33,
    0x40, 0x9C, 0x48, 0x37, 0x96, 0xD8, 0x06, 0x4A, 0x8A, 0xC0, 0x95, 0x57, 0x50, 0xF9, 0x19, 0x84,
    0x66, 0x41, 0xBC, 0x92, 0xB0, 0xF6, 0x06, 0xF9, 0x3E, 0x52, 0x7A, 0x75, 0x62, 0xFC, 0x7A, 0x15,
    0x7C, 0xA4, 0xD3, 0x9F, 0x4D, 0x41, 0x4F, 0x69, 0xA8, 0x1E, 0x6D, 0x03, 0xF5, 0x37, 0x5E, 0x4C,
    0x38, 0x15, 0x1E, 0x7C, 0xC5, 0x27, 0x20, 0xE0, 0xD3, 0x60, 0x6D, 0xBA, 0x6D, 0x82, 0x8F, 0x27,
    0xCC, 0x48, 0x17, 0x32, 0x0E, 0x04, 0xF7, 0x00, 0x73, 0x96, 0xA0, 0x0B, 0xD2, 0x0E, 0x0C, 0x88,
    0x63, 0x48, 0xDD, 0x87, 0x4A, 0x15, 0x49, 0x81, 0xFE, 0x51, 0x90, 0x38, 0x52, 0x1C, 0x25, 0x6A,
    0x6A, 0x03, 0x71, 0x40, 0xB7, 0xC8, 0x50, 0xD4, 0x0F, 0x7C, 0xDF, 0xFD, 0x20, 0x58, 0x51, 0xDD,
    0x15, 0x05, 0x4C, 0x80, 0x1B, 0x2D, 0x28, 0x0E, 0xE5, 0x1F, 0x7F, 0xCD, 0x40, 0x99, 0x21, 0x0E,
    0xC8, 0x7F, 0x54, 0x0D, 0x6C, 0xC7, 0xAB, 0x3D, 0x70, 0x07, 0x25, 0xB5, 0x03, 0xCC, 0x9F, 0xD9,
    0x20, 0xF1, 0x50, 0x48, 0x92, 0x0A, 0x54, 0x85, 0x03, 0x40, 0x8D, 0xD5, 0x88, 0x77, 0x58, 0x5D,
    0x40, 0x99, 0x28, 0xE0, 0x26, 0xE5, 0x16, 0x02, 0x6C, 0x85, 0x01, 0x25, 0x88, 0xD4, 0x02, 0x72,
    0x8E, 0x81, 0x3E, 0x42, 0x81, 0x9C, 0x30, 0x04, 0x32, 0x12, 0x54, 0x85, 0x05, 0xB0, 0xA8, 0x52,
    0x43, 0x61, 0xD5, 0x00, 0xAA, 0x5B, 0x20, 0x33, 0xCD, 0x63, 0xFD, 0x12, 0x65, 0x35, 0xC2, 0x86,
    0xA1, 0x53, 0xA6, 0xB2, 0x59, 0x06, 0x0E, 0x81, 0xEA, 0x90, 0x93, 0x6C, 0xA7, 0x99, 0x03, 0x2A,
    0x41, 0xDC, 0x90, 0x47, 0xE6, 0x09, 0xDA, 0x69, 0x83, 0x3B, 0x2D, 0xC4, 0x6A, 0x38, 0x0C, 0x99,
    0x86, 0xA6, 0x5B, 0x60, 0x61, 0xCB, 0x56, 0xB3, 0x59, 0x86, 0xE2, 0x42, 0x88, 0x98, 0x85, 0xE4,
    0xB3, 0x7F, 0x82, 0x6A, 0x52, 0x30, 0x18, 0xCA, 0x43, 0x5B, 0xDA, 0xAC, 0xEB, 0xEB, 0x3A, 0xA8,
    0x1A, 0x64, 0x04, 0xF9, 0x09, 0x3E, 0x81, 0xDE, 0xAA, 0xCF, 0xA4, 0x18, 0x79, 0x81, 0xC6, 0x44,
    0x3D, 0xAA, 0xD0, 0x64, 0x07, 0x19, 0x47, 0x81, 0x9D, 0x2D, 0xC0, 0x48, 0x24, 0x94, 0x19, 0x86,
    0xC2, 0x7A, 0x71, 0x29, 0xC8, 0xD8, 0x32, 0x0E, 0xFD, 0xAB, 0x80, 0xF0, 0x90, 0x6C, 0xA6, 0x22,
    0x89, 0x2D, 0x1E, 0xA0, 0xFE, 0x94, 0x64, 0x38, 0x52, 0x54, 0xBC, 0x96, 0x95, 0x6D, 0x28, 0x2D,
    0x29, 0x23, 0x03, 0x14, 0x92, 0x87, 0x45, 0xA7, 0x54, 0x1A, 0x92, 0xDC, 0x0D, 0x6A, 0x49, 0x3A,
    0xA2, 0xD3, 0xE7, 0x55, 0xD4, 0x04, 0x62, 0x66, 0x56, 0xB6, 0xB4, 0x0D, 0xD2, 0x0D, 0x54, 0x83,
    0x6D, 0x25, 0xA7, 0xDF, 0x64, 0x1A, 0xBA, 0x1C, 0x92, 0x81, 0x21, 0xA6, 0xDA, 0xC3, 0xAD, 0x04,
    0x65, 0x36, 0xCB, 0x4C, 0xB0, 0xAD, 0x27, 0xA8, 0x07, 0x34, 0xB7, 0x4B, 0x4D, 0xE8, 0x11, 0x25,
    0xA5, 0x35, 0x25, 0x07, 0x61, 0xE0, 0x46, 0x4A, 0x34, 0x0E, 0x59, 0x6E, 0x00, 0x91, 0x21, 0xD9,
    0x57, 0x5C, 0x06, 0xB9, 0x6A, 0x02, 0x53, 0x35, 0xA6, 0x60, 0x53, 0x73, 0xD6, 0x84, 0xAE, 0x51,
    0xE1, 0xD9, 0xD2, 0xB0, 0x31, 0xCA, 0x84, 0xB2, 0x51, 0xC5, 0xA4, 0x6B, 0x4A, 0x09, 0xF9, 0x6D,
    0x80, 0xD7, 0x21, 0xB3, 0xCC, 0xA8, 0xF2, 0x16, 0x14, 0xC7, 0xF1, 0x30, 0xAE, 0xD4, 0x1E, 0x12,
    0x36, 0xD4, 0xF5, 0x40, 0xDD, 0x98, 0x87, 0xE5, 0xB5, 0x02, 0xB4, 0xB5, 0xC8, 0x45, 0xA6, 0xAE,
    0xAB, 0xB3, 0x06, 0x54, 0x85, 0x23, 0x25, 0xA4, 0x63, 0x70, 0x29, 0x0A, 0x6E, 0x16, 0x8B, 0x50,
    0xE7, 0xD2, 0x40, 0x3D, 0x79, 0x2D, 0x0E, 0x61, 0xDE, 0x90, 0x18, 0x24, 0x32, 0xD9, 0x10, 0xBE,
    0xE3, 0x8E, 0xA8, 0xED, 0x34, 0x43, 0x39, 0x03, 0x86, 0x52, 0x40, 0x5F, 0xC8, 0x07, 0x72, 0x5A,
    0x27, 0xCD, 0x25, 0x22, 0x1D, 0xC8, 0x43, 0x92, 0x1D, 0xCD, 0x09, 0xDF, 0x4C, 0x01, 0x3B, 0xE5,
    0x80, 0x1B, 0x24, 0x87, 0x9D, 0x35, 0xA0, 0x4F, 0x70, 0x05, 0xF9, 0x07, 0x6A, 0x78, 0xA2, 0x19,
    0x4C, 0x32, 0x92, 0x0E, 0xAC, 0xF5, 0x61, 0x71, 0x98, 0x69, 0x29, 0xB0, 0x0C, 0x3C, 0xC8, 0x37,
    0x42, 0x14, 0xE1, 0x68, 0xFE, 0x21, 0x74, 0x88, 0x5B, 0x33, 0x2D, 0x4A, 0x22, 0xB4, 0x89, 0x04,
    0x22, 0x44, 0x2A, 0x98, 0x68, 0xEA, 0x41, 0xFA, 0x90, 0x66, 0xA0, 0x58, 0xB9, 0x06, 0x6A, 0x39,
    0x4D, 0x86, 0x66, 0x68, 0x6E, 0xA1, 0x7A, 0xA4, 0x97, 0x69, 0x2D, 0x6F, 0xEB, 0x5B, 0xFA, 0xD6,
    0xF8, 0x64, 0xBF, 0x99, 0x2F, 0x4B, 0x57, 0xE1, 0x3F, 0xA6, 0x07, 0xEA, 0x1B, 0x62, 0x41, 0x6C,
    0x98, 0x59, 0x66, 0x4F, 0xCB, 0xB6, 0x7F, 0xE0, 0x22, 0xA9, 0x74, 0x6A, 0xD9, 0xCC, 0x44, 0x4D,
    0x91, 0x31, 0x95, 0x4D, 0x68, 0xD5, 0x7D, 0xC5, 0x8F, 0xB3, 0x27, 0xDB, 0xD2, 0x1C, 0xA2, 0x89,
    0x3E, 0xDF, 0x8A, 0x39, 0xA2, 0xCD, 0xFE, 0x0C, 0x7A, 0x3E, 0xCA, 0xA0, 0x77, 0xA2, 0x13, 0xE7,
    0x80, 0x31, 0x55, 0x4C, 0x4D, 0x54, 0x49, 0xFC, 0x08, 0xD9, 0x58, 0xE7, 0xC0, 0xCF, 0x30, 0x31,
    0xDE, 0x28, 0x06, 0x3B, 0x45, 0x1F, 0xF9, 0x57, 0xFD, 0xF8, 0x10, 0xD2, 0x57, 0xEF, 0xD5, 0xFB,
    0x60, 0x45, 0x49, 0xFE, 0xF7, 0x2F, 0xCC, 0xF8, 0xAA, 0xF2, 0xAA, 0xBC, 0x2A, 0xFF, 0x3F, 0xBF,
    0xCF, 0xEF, 0xF3, 0xB1, 0x7C, 0x74, 0x8D, 0x5A, 0x2B, 0x02, 0x68, 0xD5, 0x98, 0x17, 0xA4, 0x5F,
    0x6B, 0x94, 0x06, 0x61, 0x2F, 0x99, 0xE4, 0xE8, 0x5F, 0xBA, 0xAB, 0xE3, 0xE5, 0xFB, 0xFA, 0xBE,
    0x7E, 0x97, 0x4A, 0x2B, 0xCE, 0xE5, 0xFB, 0xC7, 0x18, 0xBF, 0x7E, 0x57, 0x9C, 0x81, 0xF9, 0x65,
    0x79, 0xE8, 0xBF, 0x76, 0xE8, 0x17, 0xEE, 0xCA, 0xEA, 0x91, 0x7E, 0xFE, 0x00, 0xD9, 0x17, 0xEE,
    0xFC, 0xD2, 0xFD, 0xDB, 0x94, 0x5F, 0xBC, 0x2B, 0xCA, 0x45, 0xFB, 0xC2, 0xA6, 0xAA, 0x5F, 0xBF,
    0xA9, 0x26, 0x45, 0xFB, 0xE7, 0x2C, 0xBF, 0x7E, 0xE6, 0x97, 0xEF, 0xEB, 0x02, 0x99, 0x7E, 0xF8,
    0x9A, 0x1B, 0x17, 0xE7, 0xE5, 0xF9, 0xC2, 0xB3, 0xE4, 0x5F, 0x9F, 0x72, 0xCB, 0xF3, 0xE5, 0x8B,
    0xC8, 0xBF, 0x3C, 0xE2, 0x97, 0xE7, 0xE5, 0xF9, 0xFA, 0x94, 0x24, 0x5F, 0x9E, 0x82, 0x52, 0x45,
    0xF9, 0xF2, 0xA4, 0xA6, 0x5F, 0x9E, 0x81, 0x6A, 0x65, 0xF9, 0xF9, 0x7E, 0x7E, 0x5F, 0x9B, 0x01,
    0xEA, 0x45, 0xF5, 0xEF, 0x2C, 0xBE, 0xBE, 0xE3, 0x17, 0xD7, 0xAB, 0x4A, 0xB9, 0x7D, 0xF6, 0xB4,
    0xCA, 0x97, 0xE6, 0xDC, 0x62, 0xFC, 0xF1, 0x69, 0x73, 0x2F, 0xCE, 0x96, 0x9D, 0x61, 0xD9, 0xC8,
    0xBE, 0xBB, 0x5A, 0x8D, 0x4B, 0xEF, 0xD5, 0xA9, 0xD8, 0xBF, 0x3C, 0x5A, 0xA5, 0x0B, 0xF7, 0x95,
    0xA9, 0xCC, 0xBF, 0x78, 0x5A, 0x95, 0x8B, 0xF9, 0xF5, 0xAA, 0x64, 0xBF, 0xDD, 0x5A, 0xAF, 0x8B,
    0xFD, 0xEE, 0x29, 0x7F, 0xBE, 0x5F, 0xEC, 0x72, 0x0B, 0xFD, 0xAE, 0x59, 0x7F, 0xB4, 0x0C, 0x19,
    0x97, 0xFB, 0xEB, 0x55, 0x91, 0x7F, 0xBE, 0xB5, 0x9B, 0x98, 0x0B, 0xE6, 0x02, 0xD7, 0x3C, 0xC0,
    0x5E, 0x09, 0x04, 0xCC, 0x05, 0x9E, 0x41, 0x80, 0xB8, 0x11, 0xE9, 0x18, 0x0B, 0xE6, 0x02, 0xFA,
    0xD6, 0x7C, 0x36, 0xC9, 0xEE, 0x02, 0xF1, 0x22, 0x10, 0xD4, 0x25, 0xB2, 0x30, 0x07, 0x03, 0xBB,
    0x23, 0x00, 0x73, 0x9E, 0x60, 0x0F, 0x83, 0x22, 0x86, 0x00, 0xF9, 0x80, 0x3E, 0xB5, 0xC9, 0x18,
    0x03, 0xCB, 0x5F, 0x91, 0x80, 0x3C, 0x16, 0x29, 0x98, 0x03, 0xA1, 0x33, 0x99, 0x80, 0x36, 0xB6,
    0x89, 0x18, 0x03, 0xE6, 0x00, 0xF0, 0x4D, 0x24, 0x60, 0x0F, 0x84, 0xE6, 0xA6, 0x00, 0xF2, 0xDF,
    0x3C, 0x60, 0x3E, 0x6A, 0xCC, 0x05, 0xC2, 0x99, 0xCC, 0xC0, 0x38, 0xA7, 0xEC, 0x8C, 0x05, 0xB3,
    0x00, 0x74, 0xBF, 0xF5, 0x8D, 0x45, 0x81, 0x19, 0x22, 0xFF, 0xF8, 0xBF, 0xDD, 0x5C, 0xD5, 0xCB,
    0xF7, 0x91, 0x63, 0xCC, 0x25, 0xF2, 0x2F, 0xDE, 0x81, 0x85, 0x22, 0xFD, 0xEC, 0x37, 0xF5, 0x2F,
    0xD5, 0x97, 0x53, 0x32, 0xFC, 0x74, 0xBE, 0xDF, 0x0F, 0x3D, 0x8B, 0xEB, 0x95, 0xDA, 0xFC, 0x78,
    0x92, 0x2F, 0xAD, 0xBF, 0x85, 0xF5, 0xD2, 0x55, 0x26, 0x5F, 0x6E, 0xC1, 0x0B, 0xEB, 0xF2, 0xFA,
    0xFC, 0xBE, 0xBF, 0x2F, 0xAF, 0xCB, 0xEB, 0xF2, 0xFA, 0xFC, 0xBE, 0xBF, 0x2F, 0xAF, 0xCB, 0xEB,
    0xF2, 0xFA, 0xFC, 0xBE, 0xBF, 0x60, 0x35, 0x4B, 0xEB, 0xE6, 0x06, 0x50, 0xBE, 0xBF, 0x2F, 0xAF,
    0xCB, 0xEB, 0xE6, 0x0D, 0x70, 0xBE, 0xBE, 0x61, 0x04, 0x8B, 0xEB, 0xE8, 0x01, 0x7D, 0x27, 0x1A,
    0x8D, 0x00, 0x7A, 0x45, 0xF4, 0xAB, 0x0B, 0x24, 0x5F, 0x5F, 0x97, 0xD6, 0x9F, 0xE2, 0xFA, 0xFD,
    0x86, 0x59, 0x2F, 0xAF, 0x98, 0x6B, 0xA2, 0xF9, 0x4F, 0xFD, 0x00, 0x2F, 0x9F, 0x18, 0x73, 0x22,
    0xF9, 0xF1, 0x87, 0x92, 0x2F, 0x9F, 0xCB, 0xE7, 0xFA, 0x7C, 0x24, 0xBE, 0x7E, 0x83, 0x17, 0xCF,
    0xD0, 0x22, 0xF9, 0xFD, 0x89, 0x35, 0x2F, 0x9F, 0x18, 0x95, 0x22, 0xF9, 0xFC, 0xBE, 0x7A, 0x62,
    0x54, 0xCB, 0xE7, 0xB6, 0x24, 0x4C, 0xBE, 0x7D, 0x83, 0x17, 0xCF, 0xEC, 0x49, 0xB9, 0x7C, 0xFA,
    0xC4, 0x8F, 0x97, 0xDB, 0xA7, 0x98, 0x91, 0x7D, 0xBB, 0x3F, 0x2F, 0xAF, 0xA8, 0x65, 0xF5, 0xE9,
    0x7C, 0xB6, 0x5F, 0x1A, 0x85, 0x7A, 0x65, 0xF0, 0xFB, 0x12, 0xB0, 0x5F, 0x4D, 0xE0, 0x0B, 0xE9,
    0xAC, 0x29, 0x7C, 0xB5, 0x8A, 0x2F, 0x8E, 0x4B, 0xE1, 0x92, 0xF7, 0xFC, 0xBD, 0xFF, 0x08, 0xEC,
    0xD7, 0x0B, 0x82, 0xF5, 0x7C, 0xBD, 0x53, 0xD3, 0x17, 0xAB, 0x1A, 0xB2, 0xF5, 0x5D, 0x88, 0x57,
    0x2F, 0x6D, 0x58, 0x85, 0x42, 0xF7, 0xFC, 0xBD, 0xFF, 0x62, 0x4F, 0xCB, 0xDF, 0xE6, 0x23, 0xFE,
    0x9F, 0x80, 0x21, 0x44, 0xD8, 0x91, 0x52, 0xFD, 0x6E, 0x8B, 0xFC, 0x2F, 0xDF, 0x58, 0x9F, 0x72,
    0xFF, 0xE1, 0x8A, 0x3F, 0xD1, 0x18, 0x0F, 0x90, 0x06, 0x2A, 0x48, 0x54, 0x92, 0x62, 0xA7, 0xD8,
    0xA9, 0xF6, 0x28, 0xFC, 0xC0, 0xBF, 0x62, 0x8F, 0xD8, 0xA3, 0xD6, 0x27, 0x7D, 0x89, 0xDF, 0x62,
    0x77, 0x58, 0x99, 0xAC, 0x23, 0x13, 0x3D, 0x88, 0x30, 0x9D, 0x58, 0x93, 0xCC, 0x3B, 0x12, 0x79,
    0x82, 0x28, 0x8D, 0x98, 0x95, 0x5C, 0x00, 0xD9, 0x26, 0x8B, 0xFA, 0x00, 0xBA, 0x55, 0x5B, 0xD1,
    0x44, 0x28, 0x33, 0x6D, 0x36, 0xC2, 0x98, 0x43, 0x10, 0x61, 0x89, 0xBF, 0xC4, 0x18, 0x86, 0xA1,
    0x2E, 0x93, 0x6B, 0x68, 0x16, 0x29, 0x31, 0x32, 0xB7, 0xD0, 0xC6, 0xCB, 0x0E, 0x51, 0x2A, 0x31,
    0x36, 0xB8, 0x10, 0xDE, 0xCB, 0x04, 0x51, 0x2A, 0x0A, 0x06, 0x78, 0x56, 0xA5, 0xCA, 0x3F, 0x5B,
    0xC2, 0x86, 0xD6, 0x43, 0x35, 0x9E, 0x22, 0xC3, 0x7A, 0x07, 0x5C, 0xB1, 0x2C, 0x4F, 0xFB, 0x6C,
    0xEE, 0xC4, 0xFE, 0x61, 0x4A, 0x37, 0x4C, 0x41, 0x69, 0x29, 0xFC, 0x01, 0x54, 0x9B, 0x65, 0x5C,
    0x20, 0x0A, 0xE4, 0xC4, 0xFB, 0xDF, 0x43, 0x7F, 0x2B, 0xE8, 0x9B, 0xE5, 0x81, 0x0F, 0x9C, 0x98,
    0xA1, 0x56, 0xDA, 0xCF, 0x02, 0x1B, 0x99, 0x5E, 0xC0, 0x8D, 0x20, 0x53, 0x59, 0xB7, 0x34, 0xC2,
    0xD6, 0xEF, 0x22, 0x17, 0x93, 0x15, 0x2B, 0x88, 0x11, 0x24, 0x98, 0xAB, 0xDB, 0xD3, 0x15, 0x65,
    0x11, 0xAD, 0xDE, 0x80, 0xF9, 0x46, 0x2B, 0x7E, 0x65, 0x50, 0x93, 0x07, 0x92, 0x57, 0xE0, 0xCB,
    0x4B, 0x0A, 0x03, 0x49, 0x5F, 0x81, 0x31, 0x26, 0x2C, 0x5D, 0xE6, 0xF2, 0x08, 0xDD, 0x1A, 0x6F,
    0x39, 0xD8, 0x0E, 0xA4, 0xC5, 0xCB, 0xDF, 0x58, 0xB7, 0x86, 0xE0, 0xC9, 0x8B, 0x74, 0x6E, 0x04,
    0x98, 0xB7, 0xEB, 0xD3, 0x16, 0xED, 0x7E, 0x62, 0xDE, 0x1E, 0x85, 0x26, 0x2D, 0xED, 0xE2, 0x56,
    0x62, 0xAF, 0xDE, 0x25, 0xF6, 0x2A, 0x7D, 0x8A, 0x9C, 0x78, 0x8E, 0x98, 0xAD, 0x27, 0x88, 0xF9,
    0x8A, 0xF4, 0x78, 0x87, 0x98, 0xB1, 0x47, 0x88, 0x61, 0x8B, 0x52, 0x78, 0x85, 0x98, 0xB7, 0x47,
    0x88, 0x7C, 0x59, 0xD4, 0x62, 0xF5, 0x03, 0xBF, 0x36, 0x30, 0x5C, 0x52, 0x12, 0x63, 0x0D, 0x68,
    0xAC, 0x61, 0xD5, 0x2C, 0x47, 0xF3, 0x63, 0x16, 0xC3, 0xB1, 0x31, 0x62, 0x52, 0x92, 0xF0, 0xFA,
    0x07, 0x72, 0x4C, 0x66, 0xC5, 0x0C, 0x48, 0xD4, 0x0F, 0x0C, 0x98, 0xCF, 0x69, 0xF9, 0x9A, 0xEA,
    0x1D, 0xF9, 0xB1, 0xA2, 0xD3, 0x67, 0x86, 0xFD, 0x41, 0xF2, 0x99, 0x05, 0x72, 0x54, 0x51, 0x21,
    0x4D, 0x17, 0x1F, 0x0A, 0xDC, 0xA9, 0x64, 0xD4, 0xA1, 0x9C, 0x2B, 0x34, 0x78, 0x55, 0x0C, 0x0D,
    0x26, 0x35, 0xE0, 0x12, 0x72, 0xB0, 0xD2, 0x44, 0x9B, 0x21, 0x3F, 0xCE, 0x00, 0x45, 0xAA, 0x50,
    0xEA, 0xB4, 0x10, 0xB0, 0x4A, 0x86, 0x04, 0xB9, 0x18, 0x22, 0x4C, 0x6E, 0xC5, 0x1E, 0xC3, 0x3F,
    0x75, 0x0C, 0xC5, 0xC5, 0x2A, 0x5D, 0x86, 0x6C, 0x67, 0x2A, 0x18, 0x2E, 0xD6, 0x19, 0x90, 0xC7,
    0x26, 0x13, 0x39, 0x51, 0xC2, 0xAF, 0x42, 0x20, 0x4D, 0x8D, 0xD3, 0xA0, 0x85, 0x5E, 0x53, 0x41,
    0xDA, 0x61, 0x62, 0x53, 0x9D, 0x85, 0x5A, 0x53, 0xB2, 0xCA, 0x50, 0x78, 0xD3, 0x5D, 0x8C, 0xE6,
    0x81, 0x56, 0x95, 0x05, 0xE1, 0x95, 0x03, 0x0D, 0x23, 0xB6, 0x1A, 0x39, 0x80, 0x2A, 0x67, 0x3A,
    0x52, 0xCB, 0xFB, 0x40, 0xA9, 0xEE, 0x6C, 0x67, 0x49, 0x17, 0xE6, 0xAB, 0x04, 0xCC, 0xF4, 0x29,
    0x92, 0xA3, 0x90, 0x8E, 0xE0, 0x5D, 0x95, 0x0C, 0x5E, 0x32, 0xA0, 0x80, 0xEE, 0x45, 0xF6, 0x9A,
    0xD1, 0x66, 0x0D, 0x09, 0x00, 0xEA, 0x51, 0x96, 0x65, 0x54, 0x07, 0x32, 0xA5, 0x81, 0x2A, 0x51,
    0xB1, 0xD8, 0x49, 0x8D, 0x93, 0x99, 0x07, 0x16, 0x5B, 0x00, 0x09, 0x52, 0x8A, 0x1D, 0x19, 0x09,
    0xEA, 0x4C, 0x6D, 0xC4, 0xFC, 0x04, 0x52, 0x9B, 0x02, 0x02, 0x45, 0xF4, 0xAB, 0x1B, 0xBF, 0x38,
    0x01, 0xCC, 0xA7, 0xA0, 0x99, 0x91, 0x7E, 0x68, 0xB9, 0x19, 0x4D, 0x06, 0xB7, 0x2A, 0x19, 0x9D,
    0xA8, 0x5F, 0xA9, 0x81, 0x92, 0x71, 0xE0, 0x54, 0xCA, 0x48, 0x5F, 0xAA, 0x43, 0x80, 0x1D, 0x28,
    0xE8, 0x19, 0x64, 0x5F, 0x9A, 0xAD, 0x56, 0x73, 0x83, 0x39, 0xC8, 0xBF, 0x33, 0x63, 0x7D, 0x67,
    0xE0, 0x8A, 0x95, 0x14, 0xBF, 0x34, 0x63, 0x7E, 0xE8, 0xA0, 0x9E, 0x94, 0xFC, 0x46, 0x32, 0x04,
    0xEC, 0x98, 0xDD, 0xFA, 0xAD, 0x2C, 0x1B, 0x12, 0x9C, 0x10, 0xAA, 0xAC, 0x6E, 0xB4, 0xD0, 0xCD,
    0xF4, 0x2F, 0xE4, 0x81, 0x85, 0x2A, 0x48, 0x1A, 0xA4, 0x5F, 0x99, 0x0E, 0xBE, 0x94, 0x30, 0x06,
    0x4A, 0x3A, 0x4C, 0x49, 0x0E, 0xB6, 0x73, 0xD0, 0x0C, 0xCA, 0x36, 0x52, 0xA9, 0x82, 0xF2, 0x93,
    0x60, 0x10, 0xCA, 0x7E, 0x08, 0xA9, 0x0D, 0xE6, 0xCC, 0x6E, 0xA4, 0xC8, 0x08, 0x93, 0x33, 0x7D,
    0x81, 0xA1, 0x20, 0x8E, 0x4C, 0xE4, 0x97, 0x04, 0x44, 0xA6, 0x86, 0x6B, 0xA1, 0x7C, 0x24, 0xC2,
    0x6A, 0x4E, 0xC0, 0xE1, 0x30, 0x80, 0xCD, 0x8D, 0xD6, 0xA0, 0x83, 0x5E, 0x54, 0x32, 0xF7, 0x4C,
    0x07, 0x74, 0xA3, 0x8F, 0x72, 0x53, 0xD3, 0xAF, 0x50, 0x22, 0xD2, 0x05, 0x25, 0x22, 0xE5, 0xEC,
    0x99, 0x9A, 0xBE, 0x05, 0x49, 0x46, 0x4B, 0xD9, 0x46, 0x37, 0x7C, 0x24, 0xB2, 0x21, 0xF5, 0x35,
    0xAC, 0x6D, 0xB5, 0x04, 0x0C, 0x72, 0x2F, 0x5C, 0xD8, 0xD9, 0x79, 0xD8, 0x3A, 0x25, 0x1E, 0x2F,
    0x64, 0x98, 0xD9, 0x59, 0xA0, 0x3D, 0xE4, 0x66, 0xB9, 0x31, 0xAF, 0x13, 0x20, 0x1C, 0x4A, 0x8E,
    0x55, 0x0A, 0x99, 0xAE, 0xD4, 0xB2, 0xC2, 0x52, 0x42, 0xC6, 0xDF, 0x82, 0x0A, 0x46, 0x6C, 0x99,
    0x7B, 0xE6, 0xC6, 0xDB, 0xCF, 0xC0, 0xD7, 0x2A, 0x39, 0x7B, 0x68, 0xC6, 0xDB, 0xD0, 0xC3, 0x59,
    0x2A, 0x09, 0x7B, 0xE8, 0xC6, 0xDA, 0xD2, 0x41, 0x17, 0x29, 0xD9, 0x35, 0xAA, 0xC6, 0xCA, 0x52,
    0xC1, 0x35, 0x29, 0xA1, 0x7B, 0xE8, 0x66, 0xBB, 0xCC, 0x80, 0x6D, 0x33, 0x65, 0xD1, 0x8D, 0xB5,
    0xA2, 0x99, 0xB2, 0x85, 0xF2, 0x93, 0x1B, 0x7D, 0x3F, 0x04, 0x5C, 0x8B, 0x3B, 0x26, 0x36, 0x7A,
    0x70, 0x0C, 0xB9, 0x0C, 0xCE, 0xA1, 0x15, 0x9C, 0xC8, 0x25, 0x72, 0x63, 0x5F, 0x69, 0x21, 0xB1,
    0xAB, 0x1B, 0x28, 0x1E, 0x69, 0x01, 0xB6, 0x46, 0x26, 0x9C, 0x61, 0x8D, 0xD8, 0x0D, 0x94, 0x81,
    0x6D, 0x44, 0x41, 0xD4, 0x43, 0xF3, 0x8D, 0xD8, 0x68, 0xAC, 0x6E, 0xA1, 0x7E, 0x24, 0xC6, 0xEF,
    0x51, 0xC2, 0x99, 0x29, 0xF8, 0x89, 0x64, 0xC6, 0xDF, 0x83, 0x6A, 0x71, 0xEB, 0x0C, 0xE1, 0x8D,
    0xBC, 0x99, 0x13, 0x6E, 0xE0, 0x92, 0x90, 0x96, 0xA7, 0x17, 0x30, 0x3C, 0xD8, 0xDD, 0x80, 0xDD,
    0x4C, 0x3E, 0xD3, 0x30, 0x54, 0xD8, 0xDD, 0x79, 0xE8, 0x6F, 0x2A, 0x60, 0xEA, 0xB1, 0xBA, 0x93,
    0x60, 0x36, 0xC8, 0x2F, 0x72, 0x63, 0x67, 0x26, 0x40, 0xD5, 0x90, 0x54, 0x66, 0xC6, 0xCE, 0xC1,
    0x87, 0xE1, 0x29, 0x33, 0x1B, 0x24, 0x29, 0xC9, 0x85, 0x96, 0x7A, 0x60, 0x6A, 0xC8, 0x53, 0x76,
    0x1F, 0x95, 0x03, 0xF5, 0x31, 0x2D, 0x4C, 0x3F, 0x55, 0xAC, 0x17, 0x6E, 0x42, 0x9B, 0x90, 0x70,
    0x68, 0x61, 0xD9, 0x81, 0x42, 0x71, 0xF0, 0xE8, 0x4A, 0x48, 0x81, 0xD9, 0x81, 0x96, 0x51, 0xDB,
    0x0C, 0xD8, 0xC3, 0x75, 0x33, 0xBD, 0xA6, 0x46, 0x16, 0xA8, 0x1F, 0xE5, 0x19, 0x30, 0x6D, 0x21,
    0xC2, 0x56, 0xA4, 0xD9, 0x0A, 0xF7, 0x14, 0x4D, 0x03, 0xDF, 0x50, 0x7C, 0xC8, 0x16, 0x52, 0x14,
    0x35, 0x03, 0x5D, 0x49, 0x90, 0x0E, 0xA4, 0x21, 0x4A, 0x01, 0x32, 0x42, 0x1D, 0xA1, 0x06, 0xE8,
    0x1A, 0xC9, 0x88, 0xA2, 0x40, 0xB5, 0x94, 0x5C, 0x0C, 0xD2, 0x35, 0x14, 0xCD, 0xDD, 0x30, 0xF0,
    0xCC, 0x48, 0x92, 0x41, 0xE5, 0x00, 0x55, 0x30, 0x8E, 0x50, 0x4A, 0x94, 0x0D, 0x44, 0x98, 0xDD,
    0x6A, 0x58, 0x4B, 0xA5, 0x34, 0x06, 0x6C, 0xB6, 0xA5, 0x1F, 0x9B, 0x1B, 0xAD, 0x49, 0x02, 0xBC,
    0xA6, 0x42, 0x17, 0xA8, 0x2B, 0x25, 0x45, 0x33, 0xCC, 0x8B, 0xEB, 0x23, 0x3C, 0xF2, 0x7E, 0x07,
    0x59, 0x4E, 0x06, 0x13, 0x41, 0x42, 0xCD, 0x8D, 0xFD, 0x12, 0x6C, 0xE7, 0xE3, 0x51, 0x90, 0x22,
    0xE8, 0x10, 0x79, 0x06, 0x1A, 0x61, 0xEA, 0x90, 0x99, 0x2A, 0xB9, 0xF9, 0x49, 0x81, 0x95, 0x20,
    0xEE, 0x48, 0x24, 0x54, 0x24, 0xED, 0x03, 0x3F, 0x2A, 0x58, 0xB8, 0x2D, 0x3B, 0x03, 0x74, 0xA3,
    0xA2, 0xEB, 0x93, 0x1B, 0xA7, 0x41, 0x00, 0xD4, 0xA3, 0xE5, 0x40, 0x9B, 0x1B, 0xB8, 0xB0, 0xB9,
    0x02, 0x6A, 0x52, 0x30, 0x18, 0x48, 0x8D, 0xF3, 0x63, 0x77, 0xD8, 0xDD, 0x5A, 0x58, 0x13, 0xA6,
    0x0C, 0xDA, 0x48, 0x58, 0xDD, 0x80, 0xC4, 0xCC, 0x23, 0xF3, 0x63, 0x75, 0xE9, 0x26, 0x7A, 0xA1,
    0x7F, 0x26, 0x67, 0xA9, 0x86, 0xC6, 0x73, 0x40, 0x80, 0xC9, 0x8D, 0xDB, 0x1E, 0xC4, 0xAC, 0x33,
    0xB2, 0xFF, 0x4D, 0x8D, 0xD6, 0x9B, 0x06, 0xCE, 0x54, 0x10, 0xB5, 0x49, 0x8D, 0xB5, 0x99, 0x02,
    0xD2, 0x83, 0x93, 0x9C, 0x5D, 0x8D, 0xB6, 0x93, 0x19, 0xE6, 0x94, 0xB0, 0xDA, 0x48, 0xC0, 0x32,
    0x63, 0x76, 0x26, 0xC1, 0x19, 0x98, 0xED, 0x29, 0x3D, 0x03, 0x6C, 0x87, 0x85, 0x36, 0x36, 0x5E,
    0x86, 0x1A, 0xCA, 0x6E, 0x98, 0xD9, 0x69, 0x48, 0xA6, 0xE5, 0x3D, 0x04, 0x54, 0xD8, 0xD7, 0x61,
    0x58, 0xCE, 0x6C, 0x99, 0x3A, 0xB1, 0xB3, 0xE0, 0x65, 0x92, 0x75, 0xA7, 0x19, 0x1D, 0xA7, 0xC1,
    0x17, 0x23, 0x3B, 0x4C, 0x76, 0xB9, 0x9F, 0x81, 0xAA, 0x53, 0x61, 0xE4, 0xD1, 0x8D, 0xB7, 0x14,
    0xD4, 0xE7, 0xA6, 0x10, 0x9B, 0x1B, 0x6C, 0x31, 0xBA, 0x02, 0x2A, 0x4C, 0x6C, 0xAC, 0x98, 0x11,
    0x72, 0x99, 0x02, 0x76, 0x54, 0x93, 0x09, 0xD1, 0x8D, 0x95, 0x16, 0x04, 0x90, 0x97, 0x43, 0x0B,
    0x58, 0x1D, 0xD2, 0x21, 0xBD, 0x82, 0x6D, 0x30, 0x40, 0x48, 0x86, 0xF2, 0x0C, 0x3D, 0x28, 0xA0,
    0xC8, 0x90, 0xB3, 0x26, 0x06, 0x49, 0x10, 0xDE, 0x62, 0x8F, 0xA3, 0x1A, 0xF2, 0x30, 0xF9, 0x06,
    0x72, 0xC1, 0x2E, 0x9C, 0x88, 0x0C, 0x12, 0x21, 0xCD, 0x18, 0xDD, 0x42, 0x1B, 0xE0, 0x76, 0x9C,
    0x21, 0xD4, 0x81, 0xC3, 0x24, 0xEA, 0xCC, 0xC3, 0x53, 0x5D, 0x36, 0x51, 0x77, 0x72, 0x20, 0xC8,
    0x43, 0x93, 0x5B, 0x1D, 0x97, 0xDD, 0x23, 0x10, 0x5C, 0xD0, 0x32, 0xA2, 0x80, 0xCE, 0x5A, 0xEB,
    0x09, 0x35, 0xA5, 0x4F, 0x42, 0x04, 0x83, 0x29, 0x20, 0xE9, 0xC8, 0xCF, 0x52, 0x0D, 0x04, 0x88,
    0x2F, 0x62, 0x11, 0xD1, 0x8C, 0xDE, 0x21, 0x44, 0xCC, 0xEB, 0x38, 0x92, 0xFD, 0xE7, 0xFE, 0xA3,
    0x81, 0x13, 0x03, 0x7E, 0xE7, 0xFA, 0x55, 0x4F, 0x2D, 0x84, 0xC0, 0xD7, 0x26, 0x29, 0x6C, 0x01,
    0x32, 0x01, 0xA4, 0x89, 0xF7, 0x4D, 0x70, 0x21, 0x66, 0x4F, 0xBE, 0x1E, 0x76, 0x44, 0xFB, 0xF6,
    0xC0, 0x9F, 0x7A, 0x19, 0xCE, 0x80, 0x41, 0x20, 0xAE, 0xC8, 0x9F, 0xD3, 0x0A, 0xCC, 0xC0, 0xD5,
    0x4D, 0x58, 0x1A, 0xAC, 0xC1, 0x79, 0xED, 0x82, 0xB9, 0x4D, 0xC4, 0x3E, 0x16, 0xC6, 0x0D, 0xD3,
    0xF6, 0xCB, 0x60, 0xB6, 0xCC, 0xCA, 0x9F, 0xA7, 0xEC, 0x0B, 0xCB, 0x5A, 0x7E, 0xB6, 0x1F, 0x0C,
    0x63, 0x2E, 0x22, 0x56, 0x1D, 0x5D, 0x8A, 0x65, 0x4F, 0xD5, 0xC3, 0xE1, 0xAC, 0x67, 0xC6, 0xB6,
    0x1F, 0x0E, 0x0B, 0xBD, 0xB6, 0x4C, 0x66, 0x9D, 0x3F, 0x66, 0x31, 0x0E, 0x6E, 0x06, 0x19, 0xB0,
    0xB4, 0x4C, 0x09, 0x32, 0xC2, 0xD5, 0xA6, 0x40, 0x1F, 0x90, 0xC1, 0xA7, 0xB5, 0x87, 0xC3, 0x12,
    0xD9, 0x50, 0xB0, 0x53, 0x5C, 0x04, 0xC9, 0x05, 0x72, 0x7A, 0xB6, 0x30, 0xFD, 0x8C, 0x3F, 0x63,
    0x0D, 0x40, 0x8B, 0x2C, 0x28, 0x11, 0x65, 0xAE, 0x03, 0x55, 0x00, 0xF9, 0x20, 0x23, 0x53, 0x6A,
    0xC9, 0xE9, 0x01, 0xB2, 0xFB, 0x86, 0x57, 0xD0, 0x21, 0xF2, 0x34, 0x87, 0x43, 0xA1, 0x46, 0x35,
    0xF8, 0x21, 0x54, 0x3F, 0xBD, 0x0D, 0x1F, 0x50, 0x29, 0x48, 0xC1, 0x92, 0x03, 0xB5, 0x58, 0x7D,
    0x7A, 0x7C, 0xEC, 0xC1, 0xB5, 0x30, 0x5D, 0x59, 0x6F, 0x68, 0x71, 0x81, 0xAE, 0x33, 0xF9, 0x98,
    0x0A, 0x65, 0xFF, 0xF9, 0x7F, 0xE4, 0xB5, 0x09, 0x97, 0xFE, 0x6C, 0x59, 0x99, 0x7F, 0xFE, 0xC5,
    0x8F, 0x97, 0xFF, 0xF1, 0x71, 0x41, 0x48, 0x20, 0x94, 0x23, 0x9C, 0x8C, 0x03, 0x68, 0xD0, 0x41,
    0xBE, 0x60, 0x2A, 0x23, 0xDE, 0x4C, 0x60, 0xE9, 0x80, 0xE8, 0x9B, 0x39, 0x40, 0x08, 0x07, 0x63,
    0x02, 0x4A, 0x34, 0x60, 0x5E, 0x09, 0xFA, 0x46, 0x06, 0xBC, 0x8C, 0xC0, 0xDE, 0x92, 0x18, 0x1B,
    0x26, 0x05, 0xCD, 0x86, 0xB3, 0x62, 0x9A, 0x98, 0x1B, 0x36, 0x1A, 0xE9, 0x81, 0xB8, 0x28, 0xC9,
    0x98, 0x1B, 0x16, 0x1A, 0xE0, 0xA7, 0x24, 0x60, 0x7F, 0x58, 0x6B, 0x04, 0x66, 0xA1, 0x82, 0x35,
    0x61, 0xD5, 0xFF, 0x83, 0x27, 0x24, 0xDE, 0x50, 0xC1, 0x5A, 0xB0, 0xE8, 0xA3, 0x46, 0x0C, 0xF9,
    0x83, 0x2B, 0x9D, 0x21, 0x0C, 0xD8, 0xF7, 0xF1, 0x80, 0x50, 0xC1, 0x7A, 0xB0, 0xE7, 0xD8, 0x27,
    0x53, 0x06, 0x73, 0x4C, 0x42, 0x5A, 0x18, 0x33, 0xB5, 0x7B, 0x14, 0xD4, 0x84, 0xD4, 0x30, 0x6E,
    0xEB, 0x66, 0x0C, 0xB5, 0x74, 0x63, 0xD3, 0x71, 0xBD, 0x0C, 0x11, 0x6B, 0x0D, 0x6C, 0xA4, 0x34,
    0x30, 0x4E, 0x6A, 0xE6, 0x09, 0xFD, 0x87, 0x4C, 0x06, 0x49, 0x10, 0x4A, 0x66, 0x0A, 0xDE, 0x7E,
    0x35, 0x1B, 0x30, 0x56, 0xB3, 0xA4, 0x10, 0x99, 0x82, 0xEE, 0x07, 0xA9, 0x18, 0x2F, 0xE6, 0x0B,
    0x90, 0x1F, 0x64, 0x60, 0xDB, 0x18, 0x26, 0xDA, 0x92, 0x07, 0x60, 0xC1, 0x35, 0xAC, 0x01, 0x6A,
    0x44, 0x0E, 0x99, 0x82, 0xB3, 0x5C, 0x20, 0x7C, 0x81, 0xDD, 0x20, 0x98, 0xD0, 0xC1, 0x95, 0xAE,
    0x8F, 0x8A, 0x6C, 0x80, 0xA9, 0x82, 0xEF, 0x61, 0xAC, 0x98, 0x2F, 0xE1, 0x6B, 0x99, 0x05, 0x28,
    0x26, 0xD9, 0x32, 0x06, 0x84, 0xD9, 0x93, 0x20, 0x69, 0xA4, 0x30, 0x45, 0xD9, 0x03, 0x43, 0x05,
    0x57, 0x3E, 0x9B, 0xAA, 0x24, 0x06, 0x6C, 0x81, 0x99, 0x83, 0x2B, 0x9D, 0x16, 0x6C, 0x8C, 0x19,
    0x46, 0x40, 0xD0, 0xC1, 0xD3, 0xCF, 0x90, 0x96, 0x66, 0x0F, 0xD8, 0x09, 0x64, 0x61, 0x1B, 0x32,
    0x16, 0x46, 0x12, 0xBA, 0xC6, 0xE7, 0xBA, 0x7B, 0x9D, 0x59, 0x0F, 0xC3, 0x0B, 0x54, 0x26, 0x12,
    0x8D, 0x46, 0x0C, 0x2F, 0x40, 0xC4, 0xEC, 0xC2, 0xF7, 0xAE, 0x90, 0xEE, 0x86, 0x17, 0xB0, 0x37,
    0xA5, 0xB3, 0x01, 0x1C, 0x8C, 0x2D, 0x5A, 0xE1, 0x85, 0x71, 0x58, 0x30, 0xA6, 0x35, 0x36, 0x29,
    0x91, 0x85, 0x39, 0xA2, 0x0D, 0x25, 0x4C, 0x29, 0xCC, 0xEC, 0x69, 0x14, 0x72, 0x30, 0xA5, 0x59,
    0x09, 0x90, 0x94, 0xD4, 0xC2, 0xF7, 0x03, 0x5C, 0x88, 0x57, 0x23, 0x0C, 0x6B, 0x4C, 0x3B, 0x09,
    0x47, 0x8C, 0x33, 0xC0, 0x92, 0xCC, 0x86, 0x52, 0x30, 0xDE, 0xAB, 0x61, 0xAD, 0x99, 0x87, 0x31,
    0x5D, 0x4E, 0x65, 0x0C, 0x39, 0xF0, 0xD9, 0x4C, 0xC3, 0x77, 0x64, 0x3E, 0x42, 0x85, 0x2A, 0xDA,
    0x96, 0xA4, 0x61, 0x9C, 0x55, 0xCC, 0x31, 0xC0, 0x99, 0x48, 0xC3, 0x1A, 0xCF, 0x87, 0x67, 0x06,
    0x17, 0xAE, 0x74, 0x70, 0x34, 0x30, 0xBD, 0x87, 0x1D, 0x43, 0x0B, 0x7C, 0xC2, 0xD4, 0x04, 0x24,
    0xA3, 0xE6, 0x17, 0xFA, 0x8B, 0xAA, 0x61, 0x8F, 0x04, 0xDA, 0x64, 0x2E, 0x90, 0xA5, 0xE8, 0x04,
    0x19, 0x98, 0x6E, 0xB5, 0xC1, 0x1F, 0xCC, 0xC3, 0x9C, 0xAE, 0x8F, 0x9A, 0x86, 0x1D, 0xC1, 0x0B,
    0x28, 0x1B, 0x69, 0x98, 0x73, 0x16, 0x1A, 0xC8, 0x35, 0xA4, 0x61, 0xDF, 0x98, 0x76, 0x61, 0x42,
    0x91, 0x87, 0x6C, 0x1E, 0x8B, 0x18, 0x76, 0x9A, 0x43, 0x0E, 0x6B, 0x3A, 0x61, 0xBD, 0x87, 0x0A,
    0xA6, 0x1A, 0xC0, 0x7D, 0x66, 0x61, 0xAF, 0x07, 0xD6, 0x44, 0x77, 0x99, 0x86, 0xF6, 0x23, 0x29,
    0x38, 0x2E, 0x86, 0x1B, 0xF9, 0x86, 0xE7, 0x5B, 0x03, 0x84, 0x84, 0x6D, 0x31, 0x6E, 0xC8, 0xC2,
    0xF6, 0xAE, 0x82, 0x0E, 0xC2, 0xE4, 0x90, 0xA5, 0xE6, 0x61, 0x7E, 0x89, 0xAE, 0x86, 0x18, 0xFD,
    0x60, 0x17, 0x55, 0x30, 0xC7, 0x02, 0x7B, 0x22, 0x1D, 0xD0, 0xC3, 0x39, 0xD1, 0x18, 0x63, 0xE0,
    0x6C, 0x91, 0x85, 0xE6, 0xC8, 0xED, 0xAC, 0xE2, 0xC1, 0x65, 0xA4, 0xEC, 0xC2, 0xB3, 0x06, 0xA4,
    0x85, 0x57, 0x41, 0x1D, 0xD0, 0x40, 0xFF, 0x15, 0x4D, 0x00, 0xBF, 0x24, 0x38, 0x4C, 0xC2, 0xD7,
    0xAE, 0x46, 0xA3, 0xE6, 0x16, 0xC5, 0x74, 0xB0, 0x53, 0x30, 0xBE, 0x41, 0x03, 0x23, 0x0B, 0xE0,
    0x29, 0xF2, 0x0B, 0xDC, 0xD8, 0x51, 0x41, 0x33, 0xF4, 0x52, 0xF5, 0x02, 0xF4, 0x90, 0xE1, 0x33,
    0x0D, 0xDF, 0x3E, 0x86, 0xE9, 0x18, 0x6E, 0xB9, 0xD1, 0x11, 0xCC, 0xC3, 0x19, 0xB0, 0xE9, 0x0C,
    0x31, 0x86, 0x41, 0x54, 0xC3, 0x17, 0x0F, 0x1C, 0x81, 0x75, 0x24, 0x2F, 0xCC, 0xC3, 0x37, 0x08,
    0xD4, 0x8C, 0x33, 0x65, 0x95, 0x4E, 0x8E, 0x61, 0x9A, 0x57, 0x42, 0x5D, 0x23, 0x0C, 0xD5, 0x92,
    0x53, 0xA5, 0x98, 0x66, 0x95, 0xC1, 0x11, 0x5C, 0xC3, 0x55, 0x08, 0xE4, 0x8C, 0x39, 0xF3, 0x0E,
    0x54, 0x63, 0xB5, 0x6F, 0xD4, 0x8C, 0x3D, 0x46, 0x4C, 0x6E, 0x8E, 0x61, 0xEA, 0x09, 0x8E, 0x40,
    0x93, 0xA9, 0x87, 0xAC, 0x18, 0xD9, 0x98, 0x7A, 0xB3, 0xF0, 0xDE, 0x50, 0x36, 0x32, 0x45, 0x35,
    0x43, 0x47, 0x33, 0x0D, 0xDB, 0x4C, 0x61, 0xAA, 0x4F, 0x43, 0x75, 0x3B, 0x14, 0xD4, 0xC3, 0x5E,
    0x1D, 0x8C, 0x8C, 0x33, 0x4A, 0xD8, 0xE5, 0x68, 0x9B, 0x7F, 0x18, 0x5A, 0x6C, 0x92, 0x95, 0x74,
    0x08, 0xF2, 0x30, 0xBD, 0xC7, 0x6D, 0x43, 0x0B, 0x60, 0x76, 0xF2, 0x30, 0xB4, 0xC0, 0xDD, 0x23,
    0x82, 0x48, 0xC2, 0xFA, 0xAC, 0x15, 0xDE, 0x4E, 0x65, 0x91, 0x86, 0x31, 0x49, 0x30, 0xC5, 0x02,
    0x3D, 0x36, 0xFC, 0xC8, 0xC3, 0x56, 0x1C, 0x54, 0xE3, 0x21, 0x04, 0x90, 0xFF, 0xE4, 0x3C, 0x4B,
    0x18, 0x6E, 0x79, 0xD6, 0xFE, 0xD0, 0xC3, 0x75, 0x1E, 0x3C, 0x85, 0x0F, 0x43, 0x0C, 0xDC, 0x60,
    0x73, 0x09, 0xC4, 0x8C, 0x33, 0x8D, 0x49, 0x86, 0x2C, 0x3C, 0x4A, 0x04, 0x66, 0x66, 0x18, 0xB5,
    0x0C, 0x53, 0x93, 0x23, 0x0C, 0xC0, 0x63, 0x21, 0x57, 0xDC, 0xC2, 0xBF, 0x0F, 0x7C, 0x8F, 0x9B,
    0x43, 0x0A, 0x59, 0x64, 0xF5, 0x30, 0x94, 0xC1, 0x09, 0x21, 0xDE, 0xEC, 0xC2, 0x73, 0x19, 0x4C,
    0xC7, 0xA3, 0x51, 0xDF, 0x64, 0x52, 0xF2, 0x43, 0x94, 0xCF, 0x83, 0x41, 0xDF, 0x54, 0x65, 0x16,
    0x30, 0xC5, 0x87, 0x79, 0x33, 0x0B, 0xCF, 0x3A, 0x82, 0xEA, 0x0D, 0xF2, 0x73, 0xB2, 0x13, 0x51,
    0x07, 0xB3, 0x30, 0xBE, 0x81, 0xCF, 0x22, 0x24, 0xD0, 0xC3, 0x14, 0xD5, 0x98, 0x5E, 0x93, 0xF2,
    0x24, 0x54, 0x4A, 0xF6, 0x22, 0x3D, 0x05, 0xED, 0x52, 0x23, 0x5C, 0x77, 0x94, 0x22, 0x36, 0x8C,
    0x29, 0x72, 0x22, 0x5C, 0xC2, 0xBF, 0x02, 0xFD, 0x08, 0x8D, 0x41, 0x7E, 0xCD, 0x6C, 0x18, 0x22,
    0x4E, 0x0C, 0x27, 0x92, 0xC1, 0xD0, 0xA7, 0xB2, 0x61, 0xC6, 0xBF, 0x8B, 0x66, 0xA8, 0x5B, 0xED,
    0x04, 0x64, 0xBD, 0x7F, 0xD1, 0xC2, 0xFF, 0xD4, 0x01, 0x32, 0x82, 0x05, 0xCA, 0x4C, 0x7E, 0x93,
    0x1F, 0x72, 0xC7, 0xBA, 0xFF, 0xA3, 0x74, 0x5F, 0xE3, 0x1C, 0xFF, 0x49, 0x01, 0x14, 0x82, 0xD1,
    0xB3, 0x0C, 0x4A, 0x0E, 0x06, 0x59, 0x42, 0xCC, 0x31, 0xD6, 0x33, 0xDC, 0x01, 0xB2, 0x70, 0x55,
    0x00, 0x7F, 0x35, 0xD8, 0xCE, 0xA1, 0x29, 0x28, 0xCF, 0xE9, 0xFF, 0xE2, 0x8C, 0xFD, 0xBF, 0x77,
    0x28, 0xD6, 0x9B, 0xF3, 0xA2, 0x8D, 0x71, 0xBE, 0xD2, 0x28, 0xD6, 0x1B, 0xE9, 0x22, 0x8D, 0x7C,
    0x68, 0x18, 0x84, 0x86, 0xAA, 0x8C, 0x10, 0x9B, 0x7B, 0xE9, 0x5B, 0xC4, 0x8C, 0xF3, 0xD0, 0x2A,
    0xAC, 0x1A, 0xC3, 0x8C, 0x19, 0xC5, 0x1B, 0xD9, 0x4A, 0xAC, 0x2E, 0xC3, 0x93, 0x60, 0x55, 0x1B,
    0xD7, 0x40, 0x6C, 0x51, 0x81, 0x35, 0x87, 0x55, 0x61, 0x20, 0xD8, 0x96, 0x44, 0x1B, 0x12, 0x60,
    0x3D, 0xDB, 0xD9, 0x38, 0x20, 0x36, 0xA5, 0x8A, 0x06, 0xD4, 0x98, 0x11, 0x40, 0x1B, 0xD1, 0xBD,
    0xF3, 0x80, 0x45, 0x13, 0x31, 0x25, 0xF4, 0x4A, 0x3E, 0xC0, 0xBB, 0xB7, 0xC6, 0x5F, 0x9A, 0xB4,
    0xC4, 0x1A, 0xF2, 0xBE, 0x0B, 0xAA, 0x83, 0x36, 0xDC, 0x2E, 0xAB, 0xF5, 0x0A, 0x84, 0x98, 0x9D,
    0x26, 0x08, 0x58, 0x2C, 0xB8, 0x1F, 0xBD, 0x18, 0x11, 0x60, 0xB1, 0xCB, 0xEE, 0xC5, 0x0B, 0x60,
    0x86, 0x57, 0x21, 0x9D, 0xCE, 0x0E, 0x05, 0x59, 0x7F, 0x03, 0x1B, 0x2C, 0x00, 0x63, 0x65, 0x87,
    0x1B, 0x55, 0x03, 0x49, 0x38, 0x25, 0x56, 0x05, 0x56, 0x99, 0x0A, 0x32, 0x58, 0x70, 0xDD, 0x4B,
    0x12, 0x1B, 0xA9, 0x06, 0x9A, 0x70, 0x00, 0xB2, 0x4A, 0x0F, 0x61, 0xC7, 0x0C, 0xF2, 0x8E, 0xC1,
    0x98, 0x1C, 0x24, 0x1E, 0xD9, 0x61, 0xD9, 0x23, 0xF2, 0x95, 0x4B, 0x04, 0x08, 0x39, 0xD5, 0x60,
    0xE0, 0x2A, 0x96, 0x39, 0x88, 0xD4, 0x75, 0x5C, 0xDF, 0x01, 0x58, 0x10, 0x0F, 0xA5, 0x87, 0x01,
    0xF4, 0xAF, 0x4E, 0xAD, 0xB3, 0xB0, 0x27, 0xFC, 0x03, 0x44, 0xA3, 0x20, 0x3F, 0x94, 0x64, 0x0E,
    0x52, 0x8C, 0x82, 0x22, 0x90, 0x70, 0x29, 0xD2, 0x36, 0xC4, 0xC9, 0x8D, 0xAA, 0x40, 0xC0, 0xB8,
    0x1C, 0x27, 0x1D, 0x62, 0x94, 0xC1, 0x25, 0x27, 0x59, 0x50, 0xA6, 0x76, 0xC0, 0x3A, 0xC6, 0x80,
    0x41, 0x94, 0xE6, 0x83, 0x3A, 0x95, 0x4B, 0x61, 0xE0, 0x16, 0x90, 0x11, 0x28, 0xC7, 0xD9, 0x7E,
    0x41, 0x55, 0x2B, 0xE0, 0x2A, 0xA5, 0x84, 0x05, 0x54, 0x82, 0x03, 0x46, 0x21, 0xE5, 0xCF, 0xFA,
    0xFF, 0x03, 0x1E, 0x58, 0x30, 0x63, 0xCB, 0x10, 0x0C, 0x79, 0x1C, 0x06, 0xED, 0xE5, 0x90, 0x5F,
    0x69, 0x57, 0x34, 0x54, 0xEA, 0xB0, 0x4A, 0xB4, 0x4A, 0x28, 0x37, 0xF9, 0x81, 0x62, 0x73, 0xF0,
    0x6F, 0xCA, 0x48, 0x05, 0x2A, 0x50, 0xEA, 0xB0, 0xB0, 0x6A, 0xD4, 0xE1, 0x53, 0xAA, 0xC1, 0x80,
    0x83, 0x30, 0x6C, 0x4A, 0x47, 0x62, 0x88, 0x89, 0x66, 0x75, 0x5F, 0xD5, 0x5A, 0x23, 0x14, 0x77,
    0x5C, 0xE1, 0xC0, 0x22, 0x95, 0x06, 0xB9, 0x2E, 0x03, 0x3C, 0x9A, 0x89, 0x40, 0x30, 0xCA, 0x3C,
    0x3E, 0xFA, 0x7D, 0xE2, 0x91, 0xD6, 0x9E, 0x53, 0xF5, 0x14, 0x8D, 0xB4, 0xE6, 0x90, 0x00, 0x18,
    0xCA, 0x32, 0x70, 0xBA, 0x42, 0xA7, 0x35, 0x79, 0xD4, 0xC6, 0xAB, 0x06, 0x8A, 0x46, 0x07, 0xB5,
    0x3A, 0xAC, 0x2E, 0x29, 0x17, 0x4F, 0x6D, 0x22, 0xD5, 0x5D, 0x75, 0x5A, 0x63, 0x5C, 0x3E, 0x24,
    0x80, 0x93, 0x33, 0x60, 0xDA, 0x1A, 0xCB, 0xCA, 0x88, 0xCE, 0x4C, 0xBD, 0xEC, 0x44, 0x10, 0x93,
    0x04, 0x15, 0x4E, 0x87, 0x29, 0x93, 0x30, 0x2C, 0x17, 0xF9, 0x01, 0xF3, 0xA0, 0x76, 0x9D, 0x87,
    0x5D, 0x62, 0x98, 0xB4, 0x3A, 0xE0, 0x6F, 0xA8, 0x1B, 0x64, 0x52, 0xF9, 0x01, 0xB3, 0x20, 0x6B,
    0x9D, 0x1A, 0x1D, 0x49, 0x85, 0x54, 0x21, 0x40, 0x6B, 0x98, 0x1A, 0x26, 0xD2, 0xAA, 0x81, 0xAE,
    0x93, 0x20, 0x34, 0xCC, 0x23, 0x13, 0x03, 0x2C, 0xA1, 0xC0, 0x63, 0x98, 0x18, 0x2A, 0x0C, 0x39,
    0x45, 0x00, 0x7F, 0x50, 0x5D, 0xCE, 0x93, 0x2A, 0x01, 0xA4, 0xDD, 0x21, 0x26, 0x8F, 0x48, 0xE6,
    0x95, 0x3D, 0x6D, 0xE8, 0xA0, 0x5E, 0x98, 0x0D, 0x29, 0x45, 0xA4, 0xD3, 0xE9, 0x60, 0x36, 0x99,
    0xDC, 0xA4, 0x0E, 0x59, 0x80, 0x82, 0x70, 0xF0, 0x30, 0x6C, 0x40, 0x93, 0x87, 0xC2, 0xC4, 0xB1,
    0x30, 0x0C, 0xCB, 0xF2, 0x02, 0x79, 0x9E, 0xCE, 0xA0, 0xD1, 0xAD, 0x16, 0x83, 0x4F, 0xFE, 0x01,
    0x7A, 0x74, 0x59, 0xE8, 0x4C, 0xA6, 0x06, 0x09, 0xD1, 0x67, 0x14, 0xF8, 0x20, 0x18, 0x71, 0x0D,
    0xA2, 0xCE, 0xC3, 0xAD, 0x30, 0x15, 0x52, 0x0E, 0x02, 0xAA, 0xD1, 0x67, 0xE0, 0x4C, 0xA0, 0x0A,
    0xA5, 0x45, 0xA0, 0x9E, 0xD7, 0x20, 0xD5, 0xAD, 0x16, 0x8E, 0x02, 0x5A, 0x52, 0x40, 0xA1, 0x33,
    0xDA, 0x54, 0x01, 0x12, 0x01, 0x14, 0xE8, 0x60, 0x4D, 0xB8, 0x08, 0x66, 0x13, 0x39, 0x00, 0x8A,
    0xC1, 0x2A, 0xA9, 0x1B, 0xF2, 0x04, 0xEB, 0x21, 0x32, 0x55, 0xC8, 0x70, 0x48, 0x2A, 0xB4, 0xAA,
    0x02, 0xB2, 0x67, 0xAB, 0x98, 0x2B, 0x38, 0x0A, 0x9B, 0x9F, 0x12, 0xA0, 0x3F, 0xA8, 0x2A, 0x6D,
    0x0E, 0x3E, 0x05, 0x81, 0x53, 0x60, 0x85, 0x4C, 0xF8, 0x36, 0x86, 0x80, 0xAE, 0xA1, 0x02, 0x94,
    0x38, 0x20, 0x5F, 0x08, 0x17, 0xC2, 0x05, 0xF0, 0x81, 0x7C, 0x0A, 0xD8, 0x05, 0x2D, 0x42, 0x07,
    0xF0, 0x81, 0xFC, 0x20, 0x7C, 0x04, 0xCE, 0x82, 0x07, 0xF0, 0x2C, 0xDF, 0x60, 0x05, 0x9D, 0x03,
    0xF2, 0xA0, 0x59, 0xF8, 0x2C, 0xE4, 0x05, 0x9A, 0x03, 0xF2, 0x40, 0x59, 0xA0, 0x1C, 0xA4, 0x2F,
    0xE9, 0x80, 0x3E, 0x54, 0x34, 0x0A, 0xCD, 0x0A, 0x75, 0x07, 0x95, 0xE9, 0x14, 0x14, 0x0E, 0xD6,
    0x8B, 0x3D, 0xA4, 0x4F, 0x50, 0x3F, 0x3A, 0x2C, 0xE2, 0x91, 0x3B, 0xA7, 0xCE, 0xC6, 0x63, 0x29,
    0xDD, 0x3E, 0x7A, 0x03, 0x79, 0x01, 0xE2, 0x72, 0xEA, 0x2C, 0xFE, 0x91, 0x3F, 0x23, 0x34, 0xC1,
    0x97, 0x30, 0x0B, 0xD2, 0x18, 0x05, 0x4A, 0x04, 0xF6, 0x60, 0xEE, 0xB0, 0x0F, 0x25, 0x49, 0x01,
    0xDD, 0xE1, 0xF0, 0xBF, 0xF4, 0x70, 0x01, 0x18, 0xA1, 0x80, 0x5E, 0x54, 0x50, 0x21, 0x4A, 0x1D,
    0x39, 0x81, 0x08, 0x93, 0x60, 0x28, 0xAD, 0x5A, 0x24, 0x0F, 0x5A, 0x0D, 0x6A, 0x44, 0xC2, 0xA0,
    0xE7, 0x68, 0x09, 0xD9, 0x83, 0x16, 0x58, 0x7A, 0xE4, 0xB8, 0x27, 0xF4, 0x13, 0x8D, 0x1D, 0xE3,
    0x50, 0x4D, 0xF6, 0xC5, 0x12, 0x04, 0xCD, 0xC0, 0x2D, 0x28, 0x10, 0x3C, 0x32, 0x1E, 0xD9, 0x03,
    0xC6, 0x41, 0xFB, 0x90, 0x26, 0x25, 0x14, 0x8D, 0x02, 0x66, 0xD8, 0x79, 0xD4, 0xB9, 0xF9, 0x92,
    0x04, 0xD4, 0x84, 0x29, 0x20, 0xFE, 0x57, 0x00, 0x1F, 0xCB, 0x00, 0xCE, 0x41, 0xFC, 0xC0, 0xF0,
    0xA7, 0x07, 0x4B, 0x8C, 0x81, 0xF5, 0x32, 0x97, 0x4E, 0x16, 0x57, 0x89, 0x03, 0xEE, 0x51, 0xA1,
    0xC1, 0x48, 0x0B, 0xF5, 0x07, 0xE5, 0xC9, 0x81, 0x31, 0x3F, 0x59, 0x34, 0x73, 0x1D, 0xC5, 0x07,
    0xFD, 0x94, 0xBD, 0xDC, 0x4F, 0x13, 0x02, 0x6C, 0x94, 0x1B, 0x30, 0xD2, 0x50, 0x34, 0x77, 0x03,
    0x27, 0xC4, 0x09, 0xF2, 0x0B, 0x4D, 0x37, 0xD5, 0x08, 0x07, 0xC4, 0x09, 0xF1, 0x02, 0x70, 0xAD,
    0xB2, 0x08, 0x3C, 0x80, 0x6D, 0x21, 0x02, 0x60, 0x0C, 0xD2, 0x10, 0x25, 0xA1, 0x34, 0xF8, 0x58,
    0x81, 0x3E, 0x20, 0x4F, 0x88, 0x12, 0x57, 0x71, 0x02, 0x4A, 0x0D, 0x4F, 0xBD, 0x06, 0xD7, 0x51,
    0x10, 0x47, 0xCE, 0x8B, 0x02, 0xA7, 0xDF, 0x43, 0xBD, 0x4F, 0xF5, 0x1A, 0x1B, 0x4F, 0xC0, 0x08,
    0x12, 0x9F, 0xAA, 0x7E, 0x08, 0x40, 0x9A, 0xFE, 0x08, 0x13, 0xE4, 0x49, 0x94, 0x38, 0x40, 0xB8,
    0x81, 0x08, 0x16, 0xC1, 0xC5, 0x98, 0x35, 0x29, 0x45, 0x83, 0x80, 0x9A, 0x90, 0x91, 0x02, 0xEA,
    0x0E, 0x02, 0x3A, 0x41, 0x04, 0x0B, 0xFA, 0x28, 0x2C, 0xA8, 0x46, 0xAA, 0x88, 0x16, 0x50, 0x90,
    0x88, 0x64, 0x09, 0xF2, 0xC0, 0x55, 0xA6, 0xA1, 0x13, 0xF8, 0x44, 0xFE, 0x20, 0x6F, 0x60, 0x2C,
    0x40, 0x18, 0x98, 0x45, 0x74, 0x20, 0x6F, 0x04, 0x4A, 0x42, 0x06, 0xD0, 0x43, 0x2A, 0x1A, 0xCA,
    0x84, 0x32, 0x81, 0x0B, 0xC8, 0x81, 0xAC, 0x10, 0x9E, 0x08, 0x1A, 0xC1, 0x07, 0xF8, 0x15, 0xEF,
    0x15, 0x12, 0xED, 0x82, 0x0D, 0xF0, 0x83, 0x7C, 0x40, 0xFF, 0x8A, 0x89, 0x86, 0xC1, 0x06, 0xF8,
    0x16, 0xB3, 0x81, 0x10, 0x3F, 0x01, 0xFF, 0x30, 0x2D, 0x7C, 0xA5, 0x74, 0x02, 0xD4, 0x84, 0x0F,
    0x70, 0x39, 0xC8, 0x40, 0xF4, 0x29, 0x84, 0x8A, 0x09, 0x31, 0x2A, 0x60, 0x1E, 0xB4, 0xA4, 0x40,
    0x8A, 0x19, 0x50, 0x7B, 0x4C, 0xA7, 0x32, 0x84, 0x94, 0x42, 0x65, 0x3A, 0x99, 0x13, 0xE5, 0x09,
    0x29, 0xE4, 0xE9, 0xFF, 0xE0, 0x1D, 0x48, 0x0F, 0x93, 0x97, 0x03, 0xCA, 0x65, 0x3C, 0x94, 0x28,
    0xA1, 0x72, 0x85, 0x08, 0x36, 0x80, 0x1D, 0xA8, 0x83, 0x6A, 0x26, 0x29, 0x83, 0xDA, 0xC0, 0x42,
    0x90, 0x51, 0xA6, 0x04, 0x1A, 0x08, 0x36, 0x80, 0x08, 0xBC, 0x10, 0x02, 0xF2, 0x83, 0x02, 0x8E,
    0x95, 0x79, 0xD4, 0xB4, 0x41, 0xBA, 0x80, 0x52, 0x20, 0x14, 0xF8, 0x10, 0x83, 0x6C, 0xCF, 0x09,
    0x33, 0xBE, 0x99, 0xD1, 0x55, 0xCB, 0x44, 0x20, 0xDB, 0x0A, 0xA2, 0x7A, 0x60, 0x7C, 0xD3, 0x56,
    0x0F, 0x8A, 0x56, 0x2A, 0x12, 0xD1, 0x06, 0xFC, 0x41, 0xB8, 0x13, 0x95, 0x04, 0x1B, 0xF1, 0x06,
    0xEA, 0x1A, 0x2A, 0x79, 0x88, 0x37, 0xC4, 0x0A, 0x9C, 0x45, 0x87, 0xD3, 0x20, 0x56, 0x9A, 0xB5,
    0x41, 0x06, 0xD9, 0xAA, 0xD4, 0x10, 0x6E, 0x85, 0x61, 0x39, 0x68, 0x83, 0x7E, 0xD4, 0xEA, 0x4C,
    0x5A, 0x9D, 0x50, 0x82, 0xCA, 0x1A, 0x06, 0x0A, 0x88, 0x37, 0x04, 0x11, 0xAA, 0xEC, 0x26, 0x06,
    0x49, 0xAD, 0x7E, 0x61, 0x05, 0x98, 0x19, 0x3F, 0x0D, 0xA3, 0x44, 0x69, 0x30, 0xDA, 0x80, 0x58,
    0x70, 0x20, 0xD9, 0x04, 0x8A, 0x71, 0x20, 0x34, 0xCA, 0x6A, 0x10, 0x6F, 0x81, 0x9A, 0xA0, 0xA3,
    0x90, 0x83, 0x77, 0x2D, 0x10, 0x6D, 0x82, 0x43, 0x38, 0xA8, 0x48, 0x68, 0x20, 0xDB, 0x81, 0x9A,
    0x42, 0x0D, 0xB5, 0x72, 0x9F, 0x5D, 0x10, 0x6E, 0x80, 0x41, 0x31, 0x06, 0xF4, 0x04, 0x52, 0x20,
    0x95, 0xAB, 0x21, 0xBD, 0xE0, 0xCF, 0x69, 0x45, 0xAB, 0x90, 0x4A, 0xDA, 0x9A, 0x30, 0x70, 0x2F,
    0x0E, 0xA2, 0xE9, 0x08, 0x27, 0xCD, 0x30, 0x83, 0xA8, 0x02, 0xB9, 0x88, 0x3A, 0xFA, 0xB0, 0x26,
    0xD0, 0x05, 0x72, 0x04, 0x84, 0xA2, 0x22, 0x0E, 0xB0, 0x73, 0x66, 0x34, 0x8A, 0xD6, 0xC0, 0x4F,
    0x4A, 0xE0, 0x83, 0xB5, 0x5B, 0x01, 0x1D, 0x2B, 0x00, 0x4F, 0xB8, 0x83, 0xB1, 0xAB, 0x11, 0x95,
    0x5C, 0x05, 0x57, 0x4E, 0xCA, 0x14, 0x11, 0x2C, 0x86, 0xDE, 0x5A, 0xE0, 0x28, 0xC8, 0x77, 0xD5,
    0x08, 0xAF, 0xC4, 0x1F, 0xF0, 0xDA, 0x5F, 0x5C, 0x04, 0x1B, 0x88, 0x3F, 0xE1, 0x14, 0xC8, 0x6D,
    0x30, 0x02, 0xCA, 0x06, 0xD3, 0x01, 0x0E, 0xA0, 0x43, 0x72, 0x41, 0x6C, 0x04, 0x2F, 0x42, 0x0F,
    0xA0, 0x42, 0x7E, 0x05, 0x7D, 0x82, 0xA6, 0x61, 0x08, 0xF8, 0x42, 0x3E, 0x10, 0x8F, 0x81, 0x6A,
    0x60, 0x9C, 0x98, 0x42, 0x3E, 0x10, 0x8D, 0x07, 0x52, 0x53, 0x20, 0x2D, 0x60, 0x20, 0x35, 0x02,
    0xD7, 0xC1, 0x6D, 0x20, 0x2D, 0x50, 0x41, 0xF5, 0x89, 0x01, 0xCE, 0x62, 0x0F, 0xA5, 0x66, 0x91,
    0x58, 0xA7, 0xAD, 0xBE, 0x42, 0x5D, 0xB0, 0x3D, 0xED, 0x48, 0xAB, 0xBA, 0xBA, 0x60, 0xF8, 0xAD,
    0x23, 0x52, 0x1F, 0xE9, 0x6A, 0xEA, 0x10, 0xA0, 0x7C, 0xCE, 0x91, 0xA6, 0xA7, 0xE9, 0x84, 0x1F,
    0x2D, 0x35, 0x3F, 0x52, 0x41, 0xAA, 0x10, 0xE6, 0x54, 0x5D, 0x5D, 0x23, 0x56, 0xE9, 0xC9, 0x1A,
    0x42, 0x40, 0xD1, 0xA4, 0x44, 0x0F, 0x52, 0x76, 0x64, 0xC4, 0x1F, 0x31, 0x35, 0x5C, 0x1E, 0xF4,
    0x02, 0x14, 0xAB, 0x80, 0x41, 0xB8, 0x83, 0xE8, 0x00, 0x8B, 0xD6, 0x00, 0x6B, 0x2A, 0xC8, 0x28,
    0xE9, 0xCA, 0x9D, 0x4A, 0x44, 0x1F, 0xA0, 0x7D, 0xCA, 0x91, 0xAB, 0x01, 0xE4, 0xAA, 0xE0, 0xFE,
    0xA2, 0xBE, 0x64, 0xAF, 0x8A, 0x6F, 0x85, 0x6B, 0x2E, 0x10, 0x53, 0xF4, 0x26, 0x7A, 0x53, 0xF8,
    0xA0, 0xFD, 0xA7, 0x20, 0x1F, 0xB4, 0xE5, 0x83, 0xF3, 0xE3, 0x0C, 0xF4, 0x80, 0x61, 0x9F, 0x05,
    0x0D, 0xA1, 0x23, 0x0C, 0xF8, 0xC3, 0x34, 0xBA, 0x19, 0xF3, 0xC1, 0xF9, 0x46, 0x6A, 0x4F, 0xA4,
    0x30, 0xCC, 0x01, 0x62, 0x40, 0xFC, 0xE2, 0xD3, 0x66, 0xAD, 0x79, 0x34, 0x6F, 0x00, 0x56, 0xCC,
    0x54, 0x57, 0xD4, 0x13, 0x55, 0x40, 0xAD, 0x38, 0x68, 0x15, 0xA9, 0x0E, 0x02, 0xB7, 0xE8, 0xD0,
    0xDA, 0x4C, 0x26, 0xA1, 0x09, 0x07, 0xDE, 0x8A, 0x27, 0x59, 0x00, 0xC2, 0xFE, 0x05, 0x9B, 0x82,
    0x62, 0x42, 0x04, 0xDC, 0xA4, 0x53, 0xB4, 0x30, 0xA7, 0x40, 0xB9, 0x31, 0x00, 0xD7, 0xA1, 0x4F,
    0xE9, 0x08, 0x07, 0x40, 0x1D, 0x98, 0x80, 0x7A, 0xB7, 0x19, 0x10, 0x3E, 0xDC, 0xD2, 0x07, 0xE2,
    0x3C, 0x31, 0x9C, 0x72, 0x88, 0x1F, 0x6E, 0x31, 0x03, 0xAD, 0xC3, 0x20, 0x77, 0x38, 0xA1, 0xFF,
    0xA0, 0x0A, 0x66, 0x1F, 0xFB, 0xF2, 0x00, 0x91, 0x40, 0x14, 0xCA, 0x8B, 0xCA, 0x0F, 0xF5, 0xA3,
    0xC3, 0x16, 0xA0, 0x2F, 0xE5, 0x45, 0xE7, 0x80, 0x92, 0x9D, 0x00, 0xFF, 0x6B, 0x9E, 0x02, 0x2A,
    0x72, 0xCE, 0x8F, 0x6D, 0x80, 0x2A, 0xE6, 0x2B, 0x09, 0x00, 0x8F, 0x14, 0x5D, 0x82, 0xFE, 0x69,
    0xB0, 0xA4, 0xCA, 0x5D, 0xA3, 0x70, 0x27, 0xD8, 0xDD, 0xB4, 0x08, 0x0D, 0x35, 0x61, 0x01, 0xA6,
    0xB8, 0x20, 0x34, 0xD9, 0x04, 0x07, 0xE1, 0x01, 0xC0, 0xB2, 0x26, 0x10, 0x1F, 0x84, 0x07, 0xE1,
    0x01, 0xF8, 0x40, 0x6B, 0xB3, 0xA4, 0x6C, 0xE9, 0xFB, 0x50, 0x80, 0xD3, 0x6D, 0x48, 0xDA, 0xBB,
    0x4B, 0x10, 0xE0, 0x2A, 0xD4, 0x20, 0x3C, 0xD8, 0x04, 0x06, 0x80, 0x55, 0x93, 0xCA, 0x32, 0x05,
    0x6A, 0x0B, 0xAE, 0xA1, 0x01, 0xA8, 0x15, 0xA6, 0xE6, 0xB9, 0x04, 0x06, 0x80, 0x56, 0xF0, 0x40,
    0x7C, 0x2E, 0xBA, 0x84, 0x07, 0xE1, 0x01, 0xD1, 0x13, 0xE6, 0x05, 0x99, 0x91, 0x1E, 0x66, 0x17,
    0xF8, 0x16, 0xE6, 0x05, 0xAA, 0x43, 0x68, 0xBB, 0x60, 0x2C, 0xC8, 0x3F, 0xB5, 0x25, 0xEC, 0x83,
    0xF9, 0x32, 0x6D, 0xD0, 0x01, 0xD2, 0x20, 0x6F, 0xB6, 0x0F, 0x36, 0xAD, 0x17, 0x5A, 0xF3, 0x79,
    0xD1, 0x75, 0x54, 0xFD, 0x58, 0x7D, 0xE5, 0xAB, 0xA7, 0xEB, 0x49, 0xFB, 0x5A, 0x2E, 0xB9, 0xE6,
    0x13, 0x27, 0xCD, 0x80, 0x29, 0x32, 0x01, 0xEC, 0x1D, 0x93, 0xDA, 0xD3, 0xF6, 0xC0, 0x35, 0xA8,
    0x7C, 0x68, 0x00, 0x6A, 0xEC, 0xA9, 0xFB, 0x30, 0x1D, 0x4D, 0x06, 0x5D, 0x01, 0x24, 0xC7, 0xFD,
    0x64, 0x16, 0xE0, 0xD5, 0x79, 0x37, 0xFF, 0xCD, 0xFF, 0xF1, 0xFF, 0x78, 0xDF, 0xBA, 0x1F, 0xF7,
    0xCE, 0x01, 0x71, 0xFF, 0x7D, 0x01, 0x3F, 0x35, 0x65, 0xC7, 0xFD, 0x63, 0x38, 0xD0, 0x7F, 0xDC,
    0x38, 0x4E, 0x8C, 0x19, 0xA3, 0x85, 0xFC, 0x0B, 0xF2, 0x1F, 0xF7, 0x8E, 0x19, 0xF3, 0x86, 0x7C,
    0xC1, 0x7F, 0x40, 0x87, 0xCC, 0x17, 0xF3, 0x05, 0xFD, 0x02, 0x1F, 0x40, 0x87, 0xD0, 0x21, 0xF3,
    0x05, 0xFD, 0x02, 0x1F, 0x40, 0x87, 0xD0, 0x21, 0xF4, 0x08, 0x7D, 0x02, 0x1F, 0x40, 0x87, 0xD0,
    0x21, 0xF4, 0x08, 0x7D, 0x02, 0x1F, 0x40, 0x87, 0xD0, 0x21, 0xF4, 0x08, 0x7C, 0x22, 0x1F, 0x0F,
    0xD7, 0xD0, 0x21, 0xF0, 0xFD, 0x7D, 0x02, 0x1F, 0x40, 0x87, 0xD0, 0x21, 0xF4, 0x08, 0x7D, 0x02,
    0x1F, 0x40, 0x87, 0xD0, 0x21, 0xF0, 0x81, 0xFC, 0x20, 0x7F, 0x40, 0x87, 0xC2, 0x07, 0xF4, 0x08,
    0x7C, 0x3F, 0x1F, 0x40, 0x87, 0xD0, 0x21, 0xF4, 0x08, 0x7D, 0x02, 0x1F, 0x40, 0x87, 0xD0, 0x21,
    0xF4, 0x08, 0x7D, 0x02, 0x1F, 0x40, 0x87, 0xD0, 0x21, 0xF4, 0x08, 0x7D, 0x02, 0x1F, 0x40, 0x87,
    0xCD, 0xF9, 0xF4, 0x08, 0x7D, 0x02, 0x1F, 0x10, 0x1F, 0xD0, 0x21, 0xF4, 0x08, 0x7D, 0x02, 0x1F,
    0x40, 0x87, 0xD0, 0x21, 0xF4, 0x08, 0x7D, 0x02, 0x1F, 0x40, 0x87, 0xD0, 0x21, 0xF3, 0x84, 0xFC,
    0x20, 0x1F, 0x40, 0x87, 0xCE, 0x13, 0xF1, 0x02, 0x7C, 0x40, 0x9F, 0x40, 0x87, 0xD0, 0x21, 0xF1,
    0x02, 0x7C, 0x40, 0x9F, 0x40, 0x87, 0xD0, 0x21, 0xF4, 0x08, 0x7D, 0x02, 0x1F, 0x40, 0x87, 0xD0,
    0x21, 0xF4, 0x08, 0x7D, 0x02, 0x1F, 0x40, 0x87, 0xD0, 0x21, 0xF4, 0x08, 0x7D, 0x02, 0x1F, 0x08,
    0x9F, 0xC4, 0x0D, 0xF4, 0x08, 0x7C, 0x40, 0xDF, 0x40, 0x87, 0xD0, 0x21, 0xF4, 0x08, 0x7D, 0x02,
    0x1F, 0x40, 0x87, 0xD0, 0x21, 0xF4, 0x08, 0x7C, 0x20, 0xDF, 0x08, 0x37, 0xD0, 0x21, 0xF0, 0x83,
    0x7D, 0x02, 0x1F, 0x40, 0x87, 0xD0, 0x21, 0xF4, 0x08, 0x7D, 0x02, 0x1F, 0x40, 0x87, 0xD0, 0x21,
    0xF4, 0x08, 0x7D, 0x02, 0x1F, 0x40, 0x87, 0xD0, 0x21, 0xF4, 0x08, 0x7D, 0x02, 0x1F, 0x40, 0x87,
    0xD0, 0x21, 0xF4, 0x08, 0x7C, 0xDF, 0x5F, 0x07, 0xCF, 0xD0, 0x1F, 0xF1, 0x06, 0x7D, 0x01, 0xFF,
    0x40, 0x7F, 0xD0, 0x1F, 0xF4, 0x07, 0xFD, 0x01, 0xFF, 0x40, 0x7F, 0xCE, 0x0B, 0xF4, 0x07, 0xE8,
    0xA8, 0xF6, 0x38, 0x3F, 0xCE, 0x0F, 0xF3, 0x83, 0xFD, 0x02, 0x1F, 0x08, 0x37, 0xD0, 0x21, 0xF4,
    0x08, 0x7D, 0x02, 0x1F, 0x40, 0x87, 0xD0, 0x21, 0xF4, 0x08, 0x7D, 0x02, 0x1F, 0x40, 0x87, 0xD0,
    0x21, 0xF4, 0x08, 0x7D, 0x02, 0x1F, 0x40, 0x87, 0xD0, 0x21, 0xF4, 0x08, 0x7D, 0x02, 0x1F, 0x40,
    0x87, 0xD0, 0x21, 0xF4, 0x08, 0x7C, 0x22, 0xBF, 0x40, 0x87, 0xD0, 0x21, 0xF4, 0x08, 0x7D, 0x02,
    0x1F, 0x40, 0x87, 0xD0, 0x21, 0xF4, 0x08, 0x7D, 0x02, 0x1F, 0x40, 0x87, 0xD0, 0x21, 0xF0, 0x84,
    0x7C, 0x21, 0x1F, 0x40, 0x87, 0xC2, 0x11, 0xF4, 0x08, 0x7D, 0x02, 0x1F, 0x40, 0x87, 0xD0, 0x21,
    0xF4, 0x08, 0x7D, 0x02, 0x1F, 0x40, 0x87, 0xD0, 0x21, 0xF4, 0x08, 0x7D, 0x02, 0x1F, 0x40, 0x87,
    0xD0, 0x21, 0xF4, 0x08, 0x7D, 0x02, 0x1F, 0x40, 0x87, 0xD0, 0x21, 0xF4, 0x08, 0x7D, 0x02, 0x1F,
    0x18, 0x67, 0xCE, 0x1D, 0xF3, 0x87, 0x7C, 0x61, 0x9F, 0x40, 0x87, 0xD0, 0x21, 0xF4, 0x08, 0x7D,
    0x02, 0x1F, 0x40, 0x87, 0xD0, 0x21, 0xF3, 0x87, 0x7D, 0x02, 0x1F, 0x38, 0x77, 0xD0, 0x21, 0xF4,
    0x08, 0x7D, 0x02, 0x1F, 0x40, 0x87, 0xD0, 0x21, 0xF4, 0x08, 0x7D, 0x02, 0x1F, 0x40, 0x87, 0xD0,
    0x21, 0xF4, 0x08, 0x7D, 0x02, 0x1F, 0x40, 0x87, 0xD0, 0x21, 0xF4, 0x08, 0x7D, 0x02, 0x1F, 0x40,
    0x87, 0xD0, 0x21, 0xF4, 0x08, 0x7D, 0x02, 0x1F, 0x40, 0x87, 0xD0, 0x21, 0xF0, 0x80, 0xFC, 0x20,
    0x3F, 0x40, 0x87, 0xD0, 0x21, 0xF4, 0x08, 0x7D, 0x02, 0x1F, 0x40, 0x87, 0xD0, 0x21, 0xF4, 0x08,
    0x7C, 0x20, 0x3F, 0x40, 0x87, 0xC2, 0x03, 0xF4, 0x08, 0x7C, 0xC2, 0xFF, 0x40, 0x87, 0xD0, 0x21,
    0xF4, 0x08, 0x7D, 0x02, 0x1F, 0x40, 0x87, 0xD0, 0x21, 0xF4, 0x08, 0x7D, 0x02, 0x1F, 0x40, 0x86,
    0x70, 0x33, 0xA9, 0x4F, 0xFA, 0x01, 0x41, 0x8C, 0xD0, 0x67, 0x20, 0x22, 0x9A, 0x03, 0x3F, 0x4F,
    0x9B, 0x15, 0x1E, 0xF6, 0x28, 0x90, 0x09, 0xA8, 0x6A, 0x8A, 0x1B, 0xFA, 0x66, 0xFD, 0x9F, 0xFA,
    0x54, 0x01, 0xB9, 0xD2, 0x61, 0x5F, 0xE8, 0xE1, 0x4C, 0x6B, 0xFE, 0xA3, 0x80, 0x1E, 0x7F, 0xE9,
    0xC1, 0xA1, 0xAA, 0x6D, 0xFF, 0x05, 0x0A, 0x40, 0x0E, 0x98, 0x1C, 0x66, 0x6D, 0xCA, 0x80, 0xC6,
    0x52, 0xE3, 0x44, 0xCC, 0xD7, 0x15, 0x34, 0x25, 0x4D, 0x05, 0x3A, 0x7C, 0xEE, 0x28, 0x0C, 0x29,
    0x45, 0x23, 0x20, 0x04, 0x94, 0xF6, 0x28, 0x3F, 0x29, 0x03, 0x8E, 0xA0, 0x34, 0xA4, 0x38, 0xD0,
    0x93, 0x20, 0xCC, 0x82, 0x7B, 0x23, 0x42, 0x4C, 0x83, 0x72, 0x0B, 0x0C, 0xA9, 0xF4, 0x98, 0xA4,
    0x80, 0x1B, 0x74, 0x33, 0xF4, 0xA2, 0x92, 0x10, 0x9A, 0x4E, 0x29, 0x23, 0x20, 0xBC, 0x82, 0xC1,
    0x40, 0x06, 0xCA, 0x49, 0x1A, 0x8C, 0x85, 0x8A, 0x74, 0xFA, 0x2C, 0x6A, 0x34, 0x18, 0x69, 0xD3,
    0xE8, 0x35, 0x5A, 0xCD, 0x5A, 0x6B, 0x1A, 0x8E, 0x03, 0x92, 0x74, 0xF9, 0xEC, 0x3E, 0x19, 0x55,
    0xAE, 0x90, 0x32, 0x5C, 0xB0, 0x02, 0xCA, 0x76, 0x02, 0xC9, 0x48, 0xE3, 0x52, 0x00, 0x73, 0x4A,
    0x1D, 0x55, 0xAE, 0x45, 0x24, 0x51, 0xA9, 0x08, 0x3A, 0x66, 0x06, 0x4A, 0x4F, 0x61, 0xF0, 0xEA,
    0xAD, 0x62, 0x29, 0x21, 0x8D, 0x48, 0xC2, 0x95, 0x30, 0x34, 0xD2, 0x87, 0x55, 0xD5, 0xFF, 0x8C,
    0x29, 0x28, 0xA4, 0x7E, 0x35, 0x24, 0x07, 0xC4, 0xE9, 0xF4, 0x5A, 0xAE, 0x8A, 0x29, 0x1D, 0x07,
    0xDC, 0x80, 0xE5, 0x8A, 0x7D, 0x2E, 0xAB, 0x9D, 0x8A, 0x47, 0x2C, 0x35, 0x9B, 0x14, 0xD4, 0x20,
    0x32, 0x87, 0x51, 0xA1, 0xC0, 0xAA, 0x99, 0xD4, 0xF1, 0x77, 0x05, 0x5C, 0xAF, 0x91, 0x48, 0xD5,
    0x86, 0xBA, 0x10, 0xBC, 0xD3, 0xF0, 0x15, 0x5C, 0xFC, 0x52, 0x30, 0x03, 0x09, 0x11, 0xEA, 0x54,
    0xFC, 0x2D, 0x57, 0x4D, 0x14, 0x8B, 0xD8, 0x6B, 0x91, 0xA9, 0x10, 0x45, 0x25, 0x0E, 0xA7, 0xE2,
    0xAA, 0xB5, 0x7A, 0xB4, 0xD6, 0x29, 0x16, 0xB0, 0xD6, 0x00, 0x91, 0x20, 0x8C, 0x4A, 0xAB, 0x5B,
    0x05, 0xA4, 0xE3, 0x51, 0xF0, 0x02, 0x4A, 0xBB, 0x61, 0xD1, 0x46, 0xA3, 0xBF, 0xE8, 0x70, 0x30,
    0x6B, 0x61, 0xCE, 0x91, 0xFE, 0x50, 0xD3, 0xC1, 0x5E, 0xAB, 0x5B, 0x8A, 0x45, 0xC9, 0x21, 0x20,
    0x52, 0xCA, 0xAB, 0x57, 0x8A, 0x46, 0x2C, 0x39, 0xF8, 0xD4, 0x60, 0x15, 0xB3, 0xAA, 0xE9, 0x80,
    0xB3, 0x28, 0xCD, 0x87, 0x4D, 0x1A, 0x04, 0xB4, 0xE8, 0x60, 0x38, 0x94, 0x6E, 0xC3, 0x57, 0xB1,
    0x4D, 0x63, 0x51, 0x60, 0x3C, 0x4B, 0x3B, 0x14, 0x8E, 0xD8, 0x46, 0x6F, 0x28, 0xA4, 0x7E, 0xC2,
    0x3A, 0x09, 0x01, 0x8A, 0xFF, 0xE8, 0x00, 0x1A, 0xE5, 0x21, 0x35, 0xAD, 0x8E, 0x27, 0x42, 0xD5,
    0xDE, 0xAB, 0xA9, 0x8A, 0x48, 0xAC, 0x24, 0xCA, 0x91, 0x36, 0xA6, 0x15, 0x3C, 0x16, 0xBE, 0x96,
    0x1A, 0xB8, 0x0D, 0x64, 0x44, 0x7A, 0x58, 0x74, 0xC0, 0x53, 0x91, 0x35, 0x65, 0x4F, 0x82, 0x00,
    0xFE, 0x51, 0xBF, 0xF4, 0x34, 0x0A, 0x12, 0x02, 0xB4, 0x80, 0xB9, 0x30, 0x2C, 0x5B, 0x45, 0x1A,
    0x01, 0x6C, 0xAC, 0x3A, 0x98, 0xD4, 0x88, 0x01, 0x52, 0x26, 0x5C, 0xC2, 0xAF, 0x2F, 0xF5, 0x1C,
    0x07, 0xB8, 0x9C, 0x16, 0x86, 0xA5, 0xFB, 0xF0, 0x03, 0xA4, 0x12, 0x0B, 0x17, 0xDA, 0x40, 0x48,
    0x94, 0xB8, 0xB4, 0x53, 0x1E, 0xED, 0x8B, 0x3B, 0x42, 0xCC, 0xCC, 0xB2, 0xF2, 0x94, 0x84, 0x87,
    0x1F, 0xE0, 0x90, 0xFC, 0xB3, 0x32, 0x0D, 0xA4, 0x82, 0x45, 0x62, 0xCC, 0xC8, 0x24, 0x56, 0x84,
    0x84, 0x8A, 0xC5, 0x93, 0x90, 0x48, 0xBE, 0x00, 0xD9, 0x04, 0x8A, 0xF0, 0x60, 0x91, 0x54, 0x04,
    0xF9, 0xA7, 0xC0, 0xAA, 0xB8, 0xC0, 0x93, 0x48, 0x04, 0xB3, 0xFF, 0x54, 0x25, 0x21, 0x27, 0x96,
    0x4C, 0xA6, 0x95, 0xA7, 0xFF, 0x02, 0x4F, 0x61, 0x3F, 0xCA, 0xAB, 0x91, 0x09, 0x3D, 0x0E, 0x17,
    0x40, 0x34, 0xCB, 0xFC, 0x12, 0x79, 0x62, 0x82, 0x4F, 0x43, 0x88, 0x58, 0x0D, 0xF2, 0x82, 0x54,
    0x25, 0x40, 0xB6, 0x96, 0x14, 0x25, 0x14, 0x01, 0x9D, 0x2A, 0xB7, 0xC0, 0x94, 0x48, 0x61, 0x16,
    0x01, 0x9D, 0x21, 0x75, 0x5B, 0xB8, 0x4A, 0x25, 0x8C, 0x0A, 0xDC, 0x82, 0x4F, 0x30, 0x63, 0xD8,
    0x24, 0xF4, 0x1B, 0x3D, 0x02, 0x4F, 0x2C, 0x98, 0x58, 0xE6, 0x64, 0x3A, 0xD3, 0xF8, 0xB5, 0x5B,
    0xC8, 0x49, 0xE8, 0x24, 0xD9, 0x53, 0xF9, 0x15, 0x5C, 0x00, 0x49, 0xE5, 0x91, 0x09, 0x3C, 0x85,
    0x59, 0x2A, 0x7F, 0x2E, 0xAB, 0x87, 0x09, 0x34, 0xB1, 0x40, 0x47, 0x90, 0x59, 0xA5, 0x55, 0xC7,
    0x58, 0x70, 0xB1, 0xA8, 0xF8, 0x58, 0x67, 0x55, 0xC9, 0xD8, 0x6F, 0x91, 0xA0, 0xB0, 0xCC, 0x62,
    0xF4, 0x06, 0x85, 0xAE, 0xE0, 0x6C, 0x90, 0x98, 0x64, 0x6F, 0xEB, 0xD5, 0x71, 0xC1, 0x2A, 0x98,
    0x56, 0xA4, 0x0B, 0x09, 0x00, 0x8A, 0x51, 0x8B, 0x0D, 0xE6, 0x35, 0x18, 0x0A, 0xC5, 0x01, 0xED,
    0x20, 0x18, 0xCA, 0x33, 0x61, 0xC0, 0x02, 0x62, 0x42, 0x6E, 0x95, 0x3E, 0x08, 0x03, 0xE9, 0x46,
    0xEC, 0x38, 0x78, 0xD4, 0x58, 0x59, 0x93, 0x02, 0xDC, 0xA3, 0xB6, 0x1C, 0x70, 0x4B, 0x69, 0x93,
    0x03, 0x3D, 0xC4, 0x71, 0x29, 0xC8, 0x1C, 0x24, 0x12, 0xDA, 0x86, 0x36, 0xC1, 0x5D, 0xC6, 0x0C,
    0x25, 0xB2, 0xC7, 0x04, 0xB7, 0x08, 0x97, 0xC5, 0x3E, 0x76, 0x02, 0x89, 0x04, 0xB6, 0x73, 0xF0,
    0x19, 0xC8, 0x25, 0x73, 0xA1, 0x80, 0xFE, 0x41, 0x2B, 0x9D, 0xDC, 0x25, 0x7E, 0xBE, 0x04, 0xAE,
    0x98, 0x30, 0x95, 0xE1, 0x12, 0xB2, 0x12, 0x67, 0xC4, 0x99, 0xF1, 0x26, 0x7C, 0x49, 0x98, 0xE5,
    0x00, 0xEE, 0x42, 0x4C, 0xF8, 0x93, 0x3E, 0x24, 0xCF, 0x89, 0x33, 0xE2, 0x4C, 0xF8, 0x93, 0x3E,
    0x24, 0xCC, 0xD1, 0x44, 0x97, 0xAA, 0x58, 0x92, 0xFE, 0x0A, 0x49, 0x52, 0x44, 0x97, 0xFA, 0xAD,
    0x0C, 0x49, 0x7E, 0x9F, 0xFF, 0xA0, 0x02, 0x4A, 0xD4, 0xD8, 0x49, 0x5F, 0xAA, 0xCC, 0x82, 0x43,
    0x2A, 0x28, 0x92, 0x7A, 0x11, 0xC9, 0x52, 0xCB, 0x57, 0x60, 0x59, 0x4A, 0x1F, 0x0D, 0xAA, 0xCD,
    0x04, 0x89, 0x8A, 0x38, 0x10, 0xE4, 0x07, 0x99, 0x58, 0x69, 0x22, 0x45, 0xB5, 0x0E, 0xAB, 0x41,
    0x08, 0xEC, 0xA8, 0x62, 0x44, 0xAD, 0x3E, 0x7F, 0x0F, 0x85, 0xD5, 0x68, 0xF6, 0x19, 0xF8, 0x2F,
    0x26, 0x23, 0x39, 0x52, 0xEC, 0x33, 0x61, 0x23, 0x6A, 0x64, 0x24, 0x69, 0xD5, 0x68, 0xE2, 0x42,
    0xB4, 0xFC, 0x03, 0x72, 0x8C, 0x58, 0x66, 0x82, 0x42, 0xA0, 0x23, 0xA4, 0x02, 0x99, 0x46, 0x6C,
    0x33, 0xB1, 0x21, 0x52, 0x8E, 0x03, 0x7A, 0x46, 0xEC, 0x34, 0x11, 0x21, 0x4C, 0x09, 0xF4, 0x8E,
    0xD8, 0x41, 0x79, 0x28, 0x7C, 0x38, 0x22, 0xD2, 0x06, 0x7C, 0x82, 0x2D, 0xA9, 0xB0, 0x45, 0xAC,
    0x53, 0x9B, 0x05, 0xF3, 0x35, 0x59, 0xE8, 0x45, 0xE4, 0xB2, 0x19, 0x04, 0x5E, 0xDC, 0x83, 0x90,
    0xCC, 0x30, 0x35, 0x01, 0x54, 0x82, 0x2F, 0x3E, 0x40, 0x0D, 0x64, 0x11, 0x79, 0xF2, 0xC0, 0x81,
    0x20, 0x8B, 0xCE, 0x64, 0x11, 0x7E, 0x42, 0x40, 0xB7, 0x20, 0x8B, 0xCE, 0x7A, 0x11, 0x7C, 0x72,
    0x2C, 0x53, 0x11, 0x21, 0xEA, 0x1B, 0x46, 0x84, 0x90, 0x72, 0x52, 0xDF, 0xF4, 0xAA, 0x9F, 0xCF,
    0x01, 0x2C, 0x8A, 0x65, 0x71, 0x21, 0xD8, 0xCF, 0xB3, 0x00, 0x5C, 0x84, 0x81, 0x7E, 0x58, 0x45,
    0x29, 0xC8, 0x00, 0x9C, 0xB8, 0xA1, 0x14, 0xC7, 0x18, 0x22, 0x9D, 0xA7, 0xF2, 0x82, 0x27, 0x73,
    0x24, 0x49, 0x15, 0xD3, 0x20, 0x85, 0x08, 0x93, 0x3F, 0xF4, 0x00, 0x36, 0x55, 0x08, 0xED, 0x00,
    0xCB, 0x38, 0x8A, 0x65, 0x26, 0x85, 0x8E, 0x06, 0xB2, 0x41, 0x1F, 0xB8, 0x47, 0x6A, 0x24, 0x6F,
    0xD2, 0x61, 0x42, 0x45, 0xAA, 0xE2, 0xFE, 0x45, 0x79, 0x26, 0x22, 0x4A, 0xDC, 0xF9, 0x1B, 0xF6,
    0x07, 0x7B, 0x88, 0xBE, 0x90, 0xA4, 0x52, 0x4A, 0x5C, 0x6E, 0x9C, 0x05, 0x0A, 0x40, 0x45, 0x91,
    0x3A, 0x66, 0x22, 0xDA, 0xE9, 0x84, 0x55, 0x4D, 0x58, 0x89, 0xA8, 0x69, 0x19, 0x93, 0x57, 0x84,
    0xBB, 0xB8, 0x09, 0x68, 0x53, 0x59, 0xC3, 0x80, 0x49, 0x28, 0x68, 0xDE, 0x6A, 0x18, 0x99, 0x81,
    0xAA, 0xA0, 0x47, 0x91, 0x3E, 0x64, 0x55, 0x99, 0x01, 0xB6, 0x78, 0x50, 0x23, 0xD3, 0x14, 0x06,
    0xBA, 0x81, 0xAA, 0x60, 0x47, 0xC8, 0x3F, 0x26, 0x18, 0x89, 0x85, 0x5A, 0xB4, 0x98, 0x70, 0x84,
    0xF6, 0x04, 0xBC, 0x81, 0xBA, 0xAA, 0xF7, 0xC0, 0x65, 0x24, 0x07, 0x19, 0x06, 0x4A, 0x40, 0x71,
    0x90, 0x13, 0x6B, 0x0E, 0x0C, 0x14, 0xC1, 0x1F, 0x52, 0x91, 0xD8, 0x9C, 0x13, 0x02, 0x04, 0x90,
    0x65, 0x68, 0x70, 0x59, 0xE4, 0x46, 0x5A, 0x08, 0x43, 0xE2, 0x10, 0xF8, 0x84, 0x3E, 0x45, 0xDF,
    0x88, 0x43, 0xE2, 0x10, 0xF8, 0x84, 0x3E, 0x0F, 0x2A, 0x09, 0xC2, 0x54, 0xFA, 0x48, 0x84, 0xEE,
    0x08, 0x59, 0x88, 0x47, 0x22, 0x10, 0xF8, 0x83, 0xF2, 0x20, 0xEA, 0x83, 0xB2, 0x82, 0x6F, 0x90,
    0x84, 0xA6, 0x07, 0xB9, 0x88, 0x37, 0x62, 0x0A, 0xC9, 0x76, 0x64, 0x20, 0x7A, 0x08, 0x17, 0xA2,
    0x02, 0xE9, 0x11, 0x72, 0x02, 0x49, 0x07, 0xF6, 0xC1, 0xF9, 0xA8, 0x7D, 0x6E, 0x1F, 0x29, 0x87,
    0xBE, 0xFF, 0xE8, 0xE1, 0x40, 0x2A, 0x08, 0xE9, 0x87, 0x86, 0x60, 0x7A, 0x90, 0x77, 0xA4, 0x07,
    0xB9, 0x07, 0x72, 0x68, 0xCC, 0x98, 0x37, 0xB1, 0x14, 0x10, 0x1C, 0x88, 0x3F, 0x94, 0xE6, 0x66,
    0x29, 0x1E, 0x04, 0xF5, 0x08, 0x33, 0x48, 0xA4, 0x80, 0x83, 0x15, 0x0F, 0x84, 0xE9, 0xF0, 0x41,
    0x48, 0xCC, 0x14, 0x32, 0x14, 0x74, 0x82, 0xE5, 0x20, 0x12, 0xC8, 0x07, 0x15, 0x14, 0x6C, 0xC4,
    0x51, 0x21, 0x45, 0x48, 0x13, 0x52, 0x14, 0x3C, 0x80, 0x0B, 0x21, 0x43, 0x50, 0x51, 0x52, 0x14,
    0x0D, 0x00, 0x0F, 0x29, 0xF8, 0x9F, 0x26, 0x00, 0x39, 0x09, 0xEA, 0x43, 0x62, 0xC8, 0x9E, 0x2A,
    0x93, 0xA9, 0x88, 0x9E, 0x62, 0x6D, 0xA8, 0x06, 0x64, 0x26, 0xAB, 0x27, 0x52, 0xE2, 0x6B, 0xB9,
    0x0D, 0xAE, 0x26, 0xBB, 0x8B, 0x0E, 0x62, 0x6B, 0xA0, 0x7E, 0x2C, 0x26, 0xBA, 0x10, 0xFB, 0x82,
    0x71, 0xB1, 0x10, 0x74, 0x27, 0x5D, 0x40, 0x04, 0xE9, 0x5F, 0xF4, 0x00, 0x4E, 0xB4, 0x22, 0x54,
    0x84, 0xEB, 0x88, 0x68, 0x9D, 0x2C, 0x44, 0xF9, 0x89, 0xD2, 0x84, 0x50, 0xF8, 0xA2, 0xE4, 0x27,
    0x89, 0x11, 0x46, 0xE2, 0x71, 0xB8, 0x46, 0x6D, 0x12, 0x5A, 0x9C, 0xE9, 0xF0, 0x91, 0x37, 0xCC,
    0x8B, 0x37, 0x13, 0x8C, 0xC2, 0x3B, 0x31, 0x38, 0xCC, 0x8B, 0x57, 0x13, 0xA4, 0xC8, 0xB5, 0x68,
    0xF9, 0x16, 0xBE, 0x27, 0xA9, 0x91, 0x6B, 0x22, 0x7E, 0x99, 0xB7, 0x6C, 0x14, 0x69, 0x0A, 0x0A,
    0x8B, 0x69, 0x95, 0x3F, 0xF9, 0xFE, 0x80, 0x04, 0x1A, 0x40, 0x30, 0x91, 0x17, 0x76, 0x45, 0xAF,
    0x80, 0xC2, 0xA4, 0x55, 0xE9, 0x14, 0xBE, 0x1D, 0x9E, 0x18, 0x9E, 0xCD, 0x9F, 0xB0, 0x40, 0x26,
    0x1D, 0x99, 0xB3, 0x46, 0x62, 0x28, 0x98, 0x76, 0x6E, 0x22, 0x7C, 0x07, 0x6F, 0x25, 0x9D, 0xB8,
    0x77, 0xE6, 0x53, 0xAA, 0x98, 0xEE, 0xA2, 0x23, 0x91, 0x66, 0xE8, 0x43, 0xDA, 0x62, 0x83, 0xCB,
    0x30, 0x9F, 0xE4, 0x27, 0xD4, 0x53, 0x25, 0x84, 0xD1, 0x70, 0x20, 0xE8, 0xFC, 0x95, 0x21, 0x74,
    0xF4, 0xC9, 0x53, 0x9A, 0x54, 0xAA, 0x66, 0xBB, 0x43, 0x4C, 0xD7, 0xF4, 0x6D, 0x55, 0x26, 0x9E,
    0x10, 0x6E, 0xD2, 0x63, 0x40, 0x1A, 0x4A, 0x62, 0x8D, 0xD9, 0x89, 0x1E, 0xC8, 0xD8, 0xA2, 0x35,
    0x25, 0x2A, 0x01, 0x7C, 0x8B, 0xD7, 0x21, 0x07, 0x5B, 0x52, 0x20, 0xEF, 0x44, 0x51, 0xAD, 0x29,
    0x68, 0x83, 0xF0, 0x8D, 0x49, 0x10, 0x82, 0xD5, 0xC2, 0x10, 0x59, 0x19, 0xD2, 0x21, 0x06, 0xD1,
    0x8F, 0x20, 0x60, 0xC8, 0x01, 0xD2, 0x21, 0x0D, 0xEB, 0x22, 0x10, 0xB5, 0x5C, 0xCD, 0xDA, 0xD4,
    0x84, 0x8A, 0x46, 0x6F, 0xCE, 0x98, 0xCD, 0xFF, 0x10, 0xAD, 0x00, 0xD1, 0x3D, 0x49, 0x9B, 0xF8,
    0x06, 0xD9, 0x82, 0x06, 0x70, 0x00, 0x48, 0x4C, 0x84, 0xB8, 0xAC, 0x99, 0xC3, 0xF4, 0xFA, 0xE9,
    0x9C, 0x39, 0x11, 0x05, 0x8D, 0xCC, 0xD7, 0x81, 0x46, 0x50, 0x2C, 0x52, 0x33, 0x5E, 0x6B, 0x60,
    0x46, 0x91, 0x9B, 0x37, 0x58, 0x33, 0x67, 0x41, 0x23, 0x32, 0x14, 0x48, 0xCD, 0xF8, 0xA7, 0xE9,
    0x8C, 0xE1, 0x30, 0xCE, 0xC8, 0x37, 0xD2, 0x06, 0x3D, 0x4C, 0xE3, 0x53, 0x36, 0xE3, 0x56, 0x66,
    0xDD, 0x01, 0x62, 0x40, 0x2E, 0x99, 0x9B, 0xF5, 0x5B, 0x01, 0xED, 0x0C, 0xE1, 0x80, 0x2B, 0xD0,
    0xCE, 0x34, 0x21, 0x6D, 0x0C, 0xE5, 0x82, 0x16, 0xD0, 0xCE, 0x55, 0x86, 0xD1, 0x70, 0x20, 0x61,
    0x96, 0x05, 0x41, 0xF6, 0xBB, 0xD4, 0x25, 0xB4, 0xFB, 0xD1, 0x9C, 0xFE, 0x9C, 0x5A, 0x07, 0xCE,
    0x77, 0xD3, 0x39, 0xDB, 0x00, 0x67, 0x2C, 0x60, 0x8C, 0xE5, 0xF0, 0x2C, 0xCC, 0xCE, 0x35, 0xA3,
    0x43, 0x54, 0x79, 0x3A, 0x4C, 0xC7, 0xFD, 0x00, 0x33, 0xB5, 0x16, 0x85, 0x53, 0x3B, 0x75, 0x45,
    0xB2, 0x55, 0x2D, 0x13, 0xA9, 0x39, 0x6A, 0x93, 0xAE, 0x08, 0x19, 0x85, 0x2B, 0x60, 0x16, 0x98,
    0x4C, 0xA6, 0x02, 0x6B, 0x17, 0xD6, 0xDF, 0xE8, 0xE0, 0x4A, 0xAE, 0x12, 0x9E, 0x90, 0xCA, 0xD1,
    0x1A, 0x2E, 0x1C, 0x73, 0x92, 0x88, 0xD2, 0x30, 0xE3, 0x9C, 0x90, 0x1A, 0xA5, 0xFE, 0x15, 0x9C,
    0x8E, 0x7D, 0x22, 0x18, 0xDC, 0x44, 0x95, 0x1E, 0x1F, 0x02, 0x5F, 0x92, 0x18, 0xFC, 0x05, 0x75,
    0x21, 0x85, 0x48, 0x23, 0x48, 0x55, 0x26, 0x5C, 0xBA, 0xBD, 0x08, 0x62, 0x49, 0x6F, 0xB9, 0x0B,
    0x7E, 0x42, 0xDD, 0x08, 0x2A, 0x83, 0xE4, 0x91, 0xC9, 0xB4, 0x65, 0xBA, 0x28, 0x66, 0xBF, 0xC1,
    0x02, 0x50, 0x8E, 0xD3, 0x10, 0x2C, 0xE0, 0x82, 0x05, 0xF9, 0x0B, 0x7A, 0x04, 0x1B, 0x86, 0x52,
    0x62, 0x52, 0xBB, 0x0D, 0x24, 0x27, 0xEA, 0x30, 0xD6, 0x40, 0x5D, 0x93, 0x0D, 0x64, 0x42, 0x5E,
    0x02, 0x26, 0x44, 0x26, 0xF8, 0x93, 0x2C, 0x08, 0x89, 0x01, 0x0A, 0x40, 0x88, 0xA0, 0x83, 0x32,
    0x87, 0x7B, 0x10, 0xA3, 0xE4, 0x28, 0xF9, 0x0A, 0x2C, 0x21, 0x5A, 0x10, 0xA3, 0xE4, 0x28, 0xF8,
    0x86, 0xBE, 0x42, 0x8F, 0x90, 0xA3, 0xE4, 0x28, 0xF9, 0x0A, 0x3E, 0x42, 0x8F, 0x98, 0xE7, 0xE2,
    0x18, 0xF1, 0x8E, 0xBE, 0x88, 0x7F, 0xA2, 0x1F, 0xE2, 0x17, 0xFA, 0x21, 0xFE, 0x43, 0x0C, 0x08,
    0x5B, 0x88, 0x87, 0xFA, 0x21, 0xFE, 0x88, 0x7F, 0xA2, 0x1F, 0xE8, 0x87, 0xFA, 0x21, 0xFE, 0x88,
    0x7F, 0xA2, 0x1F, 0xE8, 0x87, 0xFA, 0x21, 0xFE, 0x88, 0x7F, 0xA2, 0x1F, 0xE8, 0x87, 0xF8, 0x85,
    0x3E, 0x88, 0x7F, 0xA2, 0x1F, 0xE8, 0x87, 0xFA, 0x21, 0xFE, 0x21, 0x4F, 0xA2, 0x1F, 0xE8, 0x87,
    0xFA, 0x21, 0xFE, 0x88, 0x7F, 0xA2, 0x1F, 0xE8, 0x87, 0xFA, 0x21, 0xFE, 0x43, 0x6F, 0xA2, 0x1F,
    0xE8, 0x87, 0xF8, 0x48, 0xFF, 0x0D, 0x44, 0x47, 0xD1, 0x11, 0xF4, 0x44, 0x7D, 0x11, 0x1F, 0x44,
    0x47, 0xD1, 0x11, 0xF2, 0x16, 0xCC, 0x4A, 0x93, 0x44, 0x47, 0xD1, 0x11, 0xF4, 0x44, 0x7D, 0x11,
    0x1F, 0x44, 0x47, 0xD1, 0x11, 0xF4, 0x44, 0x7D, 0x11, 0x1F, 0x06, 0x84, 0xA0, 0x01, 0x63, 0xDA,
    0x22, 0x7E, 0x88, 0x9F, 0xA2, 0x27, 0xE8, 0x89, 0xFA, 0x22, 0x7E, 0x88, 0x9F, 0xA2, 0x27, 0xE8,
    0x89, 0xFA, 0x22, 0x7E, 0x88, 0x9F, 0xA2, 0x27, 0xE8, 0x89, 0xFA, 0x22, 0x7E, 0x24, 0xFF, 0x89,
    0x3F, 0xE2, 0x4F, 0xFA, 0x22, 0x7E, 0x24, 0xFF, 0x89, 0x3F, 0xE2, 0x4F, 0xF8, 0x93, 0xFE, 0x12,
    0xBF, 0x89, 0x3F, 0xE8, 0x8A, 0xFA, 0x22, 0xBE, 0x88, 0xAF, 0xA2, 0x2B, 0xE2, 0x4E, 0xC1, 0x83,
    0x68, 0x88, 0xAF, 0xA2, 0x2B, 0xE8, 0x8A, 0xFA, 0x22, 0xBE, 0x88, 0xAF, 0xA2, 0x2B, 0xE8, 0x8A,
    0xFA, 0x22, 0xAA, 0x46, 0x0D, 0x22, 0x2F, 0xE8, 0x8B, 0xFA, 0x22, 0xFE, 0x88, 0xBF, 0xA2, 0x2F,
    0xE8, 0x8B, 0xFA, 0x22, 0xFE, 0x88, 0xBF, 0xA2, 0x2F, 0xE8, 0x8B, 0xFA, 0x22, 0xFE, 0x88, 0xBF,
    0xA2, 0x2F, 0xE8, 0x8B, 0xFA, 0x22, 0xFE, 0x88, 0xBF, 0xA2, 0x2F, 0xE8, 0x8B, 0xFA, 0x22, 0xFE,
    0x88, 0xBF, 0xA2, 0x2F, 0xE8, 0x8B, 0xF1, 0x16, 0xBE, 0x88, 0xCF, 0xA2, 0x33, 0xE8, 0x8C, 0xFA,
    0x23, 0x3E, 0x45, 0xEF, 0xA2, 0x33, 0xE8, 0x8C, 0xFA, 0x23, 0x3E, 0x45, 0xEF, 0xA2, 0x33, 0xE8,
    0x8C, 0xFA, 0x23, 0x3E, 0x88, 0xCF, 0xA2, 0x33, 0xE4, 0x65, 0xFA, 0x23, 0x3E, 0x88, 0xCF, 0x91,
    0x8F, 0xE4, 0x63, 0xFA, 0x23, 0x3E, 0x46, 0x3F, 0x88, 0x4F, 0xE2, 0x13, 0xF9, 0x18, 0xFE, 0x46,
    0x3F, 0x88, 0x4F, 0xE2, 0x13, 0xFA, 0x23, 0x3E, 0x88, 0xCF, 0xA2, 0x33, 0xE8, 0x8C, 0xFA, 0x23,
    0x3E, 0x88, 0xCF, 0xA2, 0x33, 0xE8, 0x8C, 0xFA, 0x23, 0x3E, 0x88, 0xCF, 0xA2, 0x33, 0xE8, 0x8C,
    0xFA, 0x23, 0x3E, 0x88, 0xCF, 0xA2, 0x33, 0xE8, 0x8C, 0xFA, 0x23, 0x3E, 0x88, 0xCF, 0xA2, 0x33,
    0xE8, 0x8C, 0xFA, 0x23, 0x3E, 0x88, 0xCF, 0xA2, 0x33, 0xE8, 0x8C, 0xFA, 0x23, 0x3E, 0x88, 0xCF,
    0xA2, 0x33, 0xE8, 0x8C, 0xFA, 0x23, 0x3E, 0x88, 0xCF, 0xA2, 0x33, 0xE6, 0x87, 0x90, 0x9D, 0xAA,
    0x88, 0xCF, 0xA2, 0x33, 0xE8, 0x8C, 0xFA, 0x23, 0x3E, 0x88, 0xCF, 0xA2, 0x33, 0xE8, 0x8C, 0xD1,
    0x17, 0xEE, 0x88, 0xDF, 0xA2, 0x37, 0xE8, 0x8D, 0xFA, 0x23, 0x7E, 0x88, 0xDF, 0xA2, 0x37, 0xE4,
    0x5F, 0xAA, 0x23, 0x7E, 0x88, 0xDF, 0xA2, 0x37, 0xE8, 0x8D, 0xFA, 0x23, 0x7E, 0x22, 0x8F, 0xA2,
    0x37, 0xE8, 0x8D, 0xFA, 0x23, 0x7E, 0x88, 0xDF, 0xA2, 0x37, 0xE8, 0x8D, 0xFA, 0x23, 0x7E, 0x88,
    0xDF, 0xA2, 0x37, 0xE8, 0x8D, 0xFA, 0x23, 0x7E, 0x88, 0xDF, 0xA2, 0x37, 0xE8, 0x8D, 0xFA, 0x23,
    0x7E, 0x88, 0xDF, 0xA2, 0x37, 0xE8, 0x8D, 0xFA, 0x23, 0x7E, 0x88, 0xDF, 0xA2, 0x37, 0xE8, 0x8D,
    0xFA, 0x23, 0x7E, 0x88, 0xD9, 0x83, 0xAE, 0x52, 0xD4, 0x46, 0xFD, 0x11, 0xBF, 0x44, 0x6F, 0xD1,
    0x1B, 0xF4, 0x46, 0xFD, 0x11, 0xBF, 0x44, 0x6F, 0xD1, 0x1B, 0xF4, 0x46, 0xFD, 0x11, 0xBF, 0x44,
    0x6F, 0xD1, 0x1B, 0xF4, 0x46, 0xFD, 0x11, 0xBF, 0x33, 0xC7, 0xD1, 0x1B, 0xF4, 0x46, 0xFC, 0x23,
    0x32, 0xD7, 0x02, 0xB6, 0x51, 0x6B, 0x14, 0x54, 0x0A, 0x13, 0x44, 0x8D, 0xD1, 0x1F, 0x34, 0x46,
    0x4C, 0x64, 0x16, 0x44, 0x1D, 0xBF, 0xD0, 0x04, 0x2E, 0xCE, 0xAD, 0x15, 0x1B, 0xB4, 0xA6, 0xA1,
    0x32, 0xB4, 0x48, 0xA5, 0x33, 0x44, 0x37, 0xD1, 0x0D, 0xF0, 0x0C, 0xD0, 0x17, 0x72, 0xFF, 0x40,
    0x03, 0x1F, 0x60, 0x90, 0xD7, 0x4C, 0x08, 0xE9, 0xA2, 0x43, 0xE8, 0x90, 0xB8, 0x61, 0x30, 0x1D,
    0x89, 0x0A, 0xA6, 0xBF, 0xEA, 0x3A, 0x08, 0x7C, 0x88, 0xFF, 0xA2, 0x3E, 0x81, 0xF7, 0xB0, 0x14,
    0x32, 0x57, 0xAA, 0x8F, 0x2B, 0xE3, 0xCA, 0xC8, 0x71, 0xA5, 0x39, 0xD8, 0x4E, 0xA6, 0x28, 0x4F,
    0xFA, 0x13, 0xF0, 0x05, 0xDB, 0x01, 0x73, 0x3F, 0xE8, 0x05, 0x72, 0x62, 0x21, 0xEB, 0x90, 0xDF,
    0xD1, 0x19, 0xCE, 0x05, 0x12, 0xFF, 0x44, 0xBF, 0xC0, 0xD9, 0xF1, 0x8B, 0x55, 0x13, 0xBF, 0x21,
    0xF7, 0xC0, 0x9B, 0xF4, 0x4E, 0xDC, 0x53, 0x55, 0x01, 0x2C, 0x88, 0x2B, 0x54, 0x61, 0xC8, 0x09,
    0x9C, 0x21, 0xE7, 0xC2, 0x15, 0x2B, 0x14, 0x44, 0x87, 0xBF, 0x13, 0x17, 0xCC, 0xA1, 0x28, 0x71,
    0x00, 0x28, 0x43, 0xAF, 0x90, 0xEB, 0x84, 0x39, 0xB8, 0x22, 0xA6, 0x43, 0x8F, 0x90, 0xE3, 0xE2,
    0x29, 0xF9, 0x0E, 0x2D, 0x2A, 0xA4, 0xC2, 0x80, 0x7F, 0x32, 0x1C, 0xCC, 0x86, 0xDD, 0x90, 0x08,
    0x9E, 0x92, 0x02, 0x1C, 0x5A, 0x40, 0x53, 0x6E, 0x90, 0xE2, 0x92, 0x01, 0x14, 0x50,
};

#endif
