/* Auto-generated by tools/dro2hdr --hs=13l4 from C:\silixcon-devel\opl\songs\16 Halloween Ramble.dro.
 * heatshrink-packed (codemap + opcode stream).
 * Register writes : 45639
 * Total length    : 74584 ms (74.6 s)
 * Plain payload   : 91378 bytes (codemap=100 + stream=91278)
 * Packed size     : 25206 bytes (27.6%)
 * Decoder RAM     : 8192 bytes (window) + ~40 bytes state
 * Do not edit.
 */
#ifndef s_16_halloween_ramble_H
#define s_16_halloween_ramble_H

#include "opl_song_hs.h"

static const uint8_t s_16_halloween_ramble_hs_data[];   /* defined below */

static const opl_song_hs s_16_halloween_ramble = {
    .hs_data      = s_16_halloween_ramble_hs_data,
    .hs_len       = 25206u,
    .total_ms     = 74584u,
    .codemap_len  = 100,
    .short_code   = 0xFE,
    .long_code    = 0xFF,
    .hs_window    = 13,
    .hs_lookahead = 4,
};

static const uint8_t s_16_halloween_ramble_hs_data[] = {
    0x80, 0xD0, 0x28, 0x76, 0x0B, 0x1E, 0x03, 0x07, 0x41, 0xA2, 0x58, 0x6C, 0x98, 0x1C, 0x25, 0x0A,
    0x8B, 0x62, 0xB2, 0xE0, 0xB0, 0xB4, 0x8A, 0x5D, 0xA2, 0xD7, 0x88, 0xC5, 0xD2, 0x69, 0x96, 0x9B,
    0x66, 0x27, 0x19, 0x4A, 0xA6, 0xDA, 0xAD, 0xB8, 0xAC, 0x6D, 0x42, 0xA7, 0x70, 0xB9, 0xE4, 0x32,
    0x75, 0x1A, 0xA5, 0xC6, 0xE9, 0x91, 0xCA, 0x54, 0xAA, 0xB7, 0x2B, 0xAE, 0x4B, 0x2B, 0x28, 0x95,
    0xFA, 0xF4, 0x7B, 0x39, 0x84, 0xCF, 0x8D, 0xA6, 0xDB, 0x48, 0xA4, 0xBE, 0x5D, 0x16, 0xCB, 0x8B,
    0xA5, 0xDA, 0xCC, 0x66, 0x9F, 0x4D, 0x3E, 0xDE, 0x43, 0x24, 0xF2, 0x68, 0x76, 0x32, 0x99, 0x67,
    0xB3, 0x49, 0xB4, 0xE1, 0xCC, 0xA6, 0xBC, 0x8D, 0x46, 0xE3, 0x8F, 0x20, 0x91, 0xE8, 0x36, 0x1F,
    0x28, 0x04, 0x82, 0x03, 0x3F, 0x81, 0x4F, 0xE0, 0x7F, 0xF8, 0x27, 0xFE, 0x0B, 0xFF, 0x83, 0x7F,
    0xE0, 0xF3, 0xF8, 0x44, 0xFE, 0x13, 0xFF, 0x85, 0x7F, 0xE1, 0x7F, 0xF8, 0x67, 0xFF, 0xFD, 0x00,
    0x86, 0xCF, 0xE1, 0xD3, 0xF8, 0x7F, 0xFE, 0x21, 0xFF, 0x88, 0xFF, 0xE2, 0x5F, 0xF8, 0x9C, 0xFE,
    0x29, 0x3F, 0x8A, 0xFF, 0xE2, 0xDF, 0xF8, 0xBF, 0xFE, 0x31, 0xFF, 0x8C, 0xCF, 0xE3, 0x53, 0xF8,
    0xDF, 0xFE, 0x39, 0xFF, 0x8E, 0xFF, 0xE3, 0xC0, 0x12, 0x94, 0x7E, 0x7F, 0x20, 0x9F, 0xC8, 0x7F,
    0xF2, 0x2F, 0xFC, 0x8F, 0xFF, 0x24, 0xFF, 0xC9, 0x67, 0xF2, 0x69, 0xFC, 0x9F, 0xFF, 0x28, 0xFF,
    0xCA, 0x7F, 0xF2, 0xAF, 0xFC, 0xAE, 0x7F, 0xFE, 0x80, 0x4B, 0x27, 0xF2, 0xDF, 0xFC, 0xBB, 0xFF,
    0x2F, 0xFF, 0xCC, 0x3F, 0xF3, 0x19, 0xFC, 0xCA, 0x7F, 0x33, 0xFF, 0xCD, 0x3F, 0xF3, 0x5F, 0xFC,
    0xDB, 0xFF, 0xFE, 0x9E, 0x4D, 0xE8, 0x31, 0x39, 0x1C, 0x57, 0xE1, 0x17, 0xF9, 0x4E, 0x20, 0x31,
    0x48, 0xB4, 0x5A, 0xA1, 0x18, 0xFA, 0xCE, 0x60, 0x53, 0xAC, 0x0C, 0xEE, 0x63, 0x3C, 0x80, 0xC9,
    0x61, 0x72, 0x7F, 0x8C, 0xA7, 0xED, 0x3D, 0x82, 0x49, 0xA1, 0xF2, 0x8F, 0xA4, 0xAA, 0x6B, 0x3E,
    0x84, 0x4F, 0xF0, 0x34, 0x09, 0x6F, 0xFA, 0x1B, 0x41, 0xA0, 0xC3, 0x64, 0x70, 0xFF, 0x84, 0x47,
    0xE5, 0x42, 0x80, 0xC3, 0xA2, 0xD1, 0x0A, 0x84, 0x4B, 0xEB, 0x43, 0x81, 0x51, 0x30, 0x34, 0x59,
    0x4C, 0x7E, 0x1D, 0x21, 0xFA, 0x48, 0xE4, 0x72, 0x08, 0x27, 0xFA, 0x01, 0x22, 0xFA, 0x49, 0x3E,
    0x94, 0x68, 0x55, 0x1F, 0x05, 0x48, 0x94, 0xD2, 0x68, 0x32, 0xB9, 0x1C, 0xB7, 0xE1, 0x2F, 0xF9,
    0x52, 0xA0, 0x32, 0xC8, 0xB4, 0xBA, 0xA1, 0x30, 0xFA, 0xD2, 0xE0, 0x54, 0xCA, 0x0D, 0x36, 0x5D,
    0xFE, 0x86, 0x53, 0xA8, 0x30, 0x79, 0x1F, 0xFA, 0x01, 0x09, 0xF8, 0x42, 0xFE, 0x54, 0xF8, 0x0C,
    0x22, 0x2D, 0x0A, 0xA8, 0x43, 0x3E, 0xB5, 0x08, 0x15, 0x47, 0x03, 0x52, 0x98, 0xD4, 0xE8, 0x31,
    0x99, 0x1C, 0x6F, 0xE1, 0x1D, 0xF9, 0x55, 0x20, 0x31, 0xA8, 0xB4, 0x72, 0xA1, 0x1E, 0xFA, 0xD5,
    0x60, 0x55, 0x6A, 0x0D, 0x5E, 0x5D, 0x26, 0x88, 0xFF, 0xA1, 0xB1, 0x39, 0x24, 0x9A, 0x25, 0xFE,
    0x86, 0xC3, 0x64, 0x91, 0x39, 0x2D, 0x02, 0x4B, 0x26, 0x8A, 0x4A, 0xE4, 0x9F, 0xE8, 0x74, 0x1E,
    0x49, 0x0D, 0x92, 0xC4, 0xE4, 0xD1, 0x99, 0x24, 0x9A, 0x2B, 0x2B, 0x92, 0xFF, 0xA1, 0xB0, 0x79,
    0x2C, 0x36, 0x4D, 0x13, 0x93, 0xC6, 0x64, 0xB2, 0xB9, 0x30, 0x01, 0x65, 0x26, 0x86, 0xC9, 0xE3,
    0x32, 0x60, 0x09, 0x4A, 0x4E, 0x01, 0x29, 0x49, 0xE3, 0x32, 0x7A, 0x04, 0xA4, 0x03, 0xB3, 0x9D,
    0x60, 0xA4, 0xD1, 0x0F, 0xF4, 0x36, 0x89, 0x82, 0x9D, 0x61, 0x7F, 0xD0, 0x09, 0x34, 0x3E, 0x99,
    0x43, 0xFF, 0x43, 0x6A, 0x38, 0x2A, 0x26, 0x16, 0x27, 0x26, 0xAB, 0x50, 0xE9, 0x94, 0x70, 0x02,
    0xCB, 0x0A, 0x01, 0xF9, 0x49, 0x6A, 0xD4, 0x79, 0xFD, 0x06, 0x81, 0x2E, 0x93, 0x44, 0x00, 0x45,
    0x28, 0x70, 0x08, 0xA5, 0x25, 0x9D, 0x61, 0x22, 0x72, 0x40, 0x12, 0x4A, 0x24, 0x03, 0x0A, 0xD1,
    0x30, 0x90, 0xD9, 0x24, 0xEB, 0x03, 0x13, 0x91, 0xC6, 0x64, 0xB2, 0x68, 0x9D, 0x32, 0x8A, 0x04,
    0x19, 0x43, 0x6A, 0x38, 0x48, 0x3C, 0x92, 0x89, 0x81, 0x86, 0xC8, 0xE7, 0x58, 0x0A, 0xB5, 0x17,
    0xFD, 0x00, 0x02, 0x2C, 0xE9, 0x80, 0x78, 0x90, 0x02, 0xE5, 0x81, 0x83, 0xC8, 0xE8, 0x98, 0x09,
    0xD5, 0xFA, 0xAC, 0x06, 0x79, 0x02, 0x66, 0x74, 0xC9, 0xF8, 0x02, 0x65, 0x80, 0xA2, 0x5F, 0xA7,
    0x57, 0xDA, 0xB4, 0xFE, 0x99, 0x3D, 0x00, 0x2C, 0xAF, 0xD4, 0x4B, 0xEF, 0xFA, 0x01, 0x56, 0x9E,
    0x80, 0x8E, 0x53, 0xB0, 0x03, 0x4A, 0xFB, 0x13, 0x92, 0x55, 0xA7, 0x60, 0x6F, 0xAC, 0xEB, 0x00,
    0x07, 0x0A, 0x44, 0x00, 0xE1, 0x5A, 0x26, 0x00, 0x08, 0x32, 0xC0, 0x81, 0xCA, 0x90, 0xFA, 0x64,
    0xFC, 0x08, 0x53, 0xA8, 0xE0, 0x00, 0x87, 0x2C, 0x0C, 0x36, 0x4C, 0x04, 0xC9, 0x49, 0xEA, 0xD3,
    0xF8, 0xCC, 0x94, 0x06, 0xF2, 0x03, 0xC4, 0x80, 0x6F, 0x29, 0x30, 0x13, 0xA5, 0x27, 0x9D, 0x61,
    0x6A, 0xD4, 0x10, 0x21, 0xCA, 0x4D, 0x26, 0x88, 0x01, 0x3E, 0x52, 0x70, 0x27, 0xD2, 0x4F, 0x44,
    0xC2, 0xD5, 0xA8, 0xA0, 0x81, 0xA8, 0x1C, 0xEB, 0x56, 0xA3, 0xC9, 0xA2, 0x80, 0x86, 0x96, 0x12,
    0x8F, 0x84, 0x04, 0x1C, 0xA2, 0xA0, 0x88, 0x96, 0x10, 0x06, 0x13, 0xA3, 0xE1, 0xE9, 0x94, 0x50,
    0x0B, 0xCC, 0x05, 0xB4, 0x02, 0x0C, 0xAA, 0xD4, 0x50, 0x42, 0x52, 0x29, 0x4C, 0x01, 0x3C, 0x80,
    0x61, 0x80, 0x23, 0x4C, 0x0A, 0xB3, 0xA0, 0x82, 0x26, 0x60, 0x47, 0xD5, 0xF4, 0x19, 0x72, 0x91,
    0x81, 0x1A, 0x74, 0x7C, 0x2C, 0x9A, 0x23, 0x4C, 0x9D, 0x82, 0x32, 0x97, 0xD0, 0x67, 0xCA, 0x47,
    0x56, 0x9D, 0xC6, 0x64, 0x94, 0x7C, 0x10, 0x2D, 0xE6, 0x08, 0xA9, 0xC1, 0xE4, 0x73, 0xAB, 0xF4,
    0x66, 0x47, 0x47, 0xC0, 0x84, 0x8A, 0xA0, 0x86, 0x96, 0x02, 0x8F, 0x80, 0x04, 0x35, 0xB0, 0x1F,
    0xE8, 0x04, 0xEB, 0x03, 0x56, 0x9E, 0xD1, 0xEF, 0xC0, 0x1F, 0x90, 0x25, 0x6B, 0x81, 0x05, 0xEC,
    0xEA, 0xD3, 0xF0, 0x19, 0xCA, 0x83, 0xFE, 0x86, 0xC9, 0xA1, 0xF4, 0x08, 0x6D, 0x02, 0x5B, 0x51,
    0xC0, 0x83, 0x02, 0x98, 0x50, 0x27, 0x4A, 0x82, 0x05, 0x69, 0x40, 0x00, 0x67, 0x3A, 0x44, 0x24,
    0x26, 0x73, 0x06, 0x1D, 0x30, 0xA1, 0x07, 0x98, 0x1D, 0x65, 0x24, 0xA6, 0x51, 0xC0, 0x99, 0x4C,
    0x28, 0x42, 0x6B, 0x56, 0xA3, 0x83, 0x5E, 0x51, 0x10, 0x85, 0xDE, 0x75, 0x82, 0x07, 0x3D, 0x02,
    0x19, 0x40, 0x82, 0xCB, 0x02, 0x08, 0xC9, 0x04, 0x9E, 0x41, 0x06, 0xB6, 0x04, 0x1C, 0x72, 0xA1,
    0x83, 0x86, 0x60, 0x77, 0x98, 0x12, 0x69, 0x7D, 0x01, 0xA4, 0x80, 0x8F, 0x5B, 0xE8, 0x0B, 0x65,
    0x3F, 0x00, 0xA4, 0x81, 0xAF, 0x40, 0x8A, 0xD2, 0x76, 0x0A, 0x99, 0x84, 0x53, 0x17, 0xE0, 0x8A,
    0x52, 0x20, 0x11, 0x4B, 0x5F, 0x82, 0x29, 0x88, 0x7D, 0x32, 0x7A, 0x08, 0x7A, 0x5F, 0x82, 0x29,
    0x6C, 0x15, 0x5A, 0x7A, 0x11, 0x49, 0x84, 0x4F, 0x58, 0x29, 0xD6, 0x10, 0x22, 0x74, 0x09, 0xE5,
    0x00, 0x89, 0x6C, 0x20, 0x39, 0x25, 0x43, 0x03, 0xEC, 0x81, 0x93, 0x50, 0xAC, 0x4A, 0xAD, 0x45,
    0x08, 0xAC, 0x81, 0xBF, 0x40, 0x45, 0x4A, 0x8E, 0x0D, 0xB9, 0x80, 0xC2, 0x58, 0x28, 0x9C, 0x94,
    0x14, 0xB3, 0x08, 0xAD, 0xB0, 0x41, 0x15, 0xBD, 0x32, 0x86, 0x07, 0xFA, 0x60, 0x82, 0x29, 0x6B,
    0xF0, 0x20, 0x65, 0x43, 0x0A, 0xCD, 0x02, 0x2B, 0x9B, 0xF0, 0x21, 0x24, 0x06, 0xD9, 0x04, 0x56,
    0x91, 0x20, 0x28, 0x48, 0x22, 0xB3, 0xBF, 0x02, 0x22, 0x57, 0xDA, 0xB4, 0xF4, 0x11, 0x14, 0x88,
    0x01, 0xCE, 0xA1, 0x4A, 0x94, 0x3C, 0x22, 0xB2, 0xBF, 0x7F, 0xA1, 0xC0, 0xD6, 0x90, 0x0B, 0x64,
    0x00, 0xB9, 0x03, 0x5E, 0xA0, 0x2B, 0x98, 0x0F, 0xA5, 0x56, 0x9E, 0x84, 0xAE, 0x80, 0x2B, 0x9C,
    0x38, 0x05, 0x74, 0x02, 0x0C, 0xC0, 0xA1, 0x30, 0x88, 0x4C, 0x15, 0x52, 0x02, 0x1E, 0x30, 0xA1,
    0x10, 0xA0, 0x10, 0xA5, 0x47, 0xC2, 0x02, 0xBE, 0x54, 0x70, 0x44, 0x53, 0x0A, 0x11, 0x0A, 0x51,
    0xC2, 0x21, 0x2C, 0x38, 0x39, 0x64, 0x10, 0xFA, 0xE1, 0x01, 0x07, 0x60, 0xA8, 0x48, 0x10, 0x32,
    0xC1, 0x02, 0x03, 0x01, 0x21, 0x90, 0x43, 0xE5, 0x45, 0x09, 0x7D, 0x01, 0xAB, 0x70, 0x5C, 0x4A,
    0xAD, 0x43, 0xA3, 0xE0, 0x81, 0x61, 0x20, 0x6B, 0xD4, 0x17, 0x33, 0xBE, 0x84, 0x36, 0x61, 0x30,
    0xA8, 0x15, 0x24, 0x11, 0x0A, 0x02, 0xF2, 0x97, 0xD0, 0x86, 0xD2, 0x7A, 0x03, 0x59, 0x60, 0x02,
    0x9F, 0x20, 0x25, 0x4E, 0xFA, 0x10, 0xEB, 0x4E, 0xC0, 0x93, 0x20, 0x9D, 0x48, 0x21, 0xF8, 0xC0,
    0x04, 0x3F, 0x58, 0x00, 0x87, 0xE0, 0x29, 0x37, 0xC1, 0x55, 0xA7, 0xF4, 0x7C, 0x08, 0x44, 0x30,
    0x04, 0xA9, 0x86, 0xE2, 0x54, 0x7C, 0x10, 0x89, 0xB6, 0x05, 0x19, 0x45, 0x04, 0x51, 0xBA, 0x3E,
    0x1C, 0x22, 0x7C, 0x11, 0x45, 0x42, 0x27, 0x71, 0x14, 0x66, 0x1E, 0x22, 0x8F, 0x88, 0xA2, 0xB4,
    0x7C, 0x28, 0x8A, 0x3E, 0x1A, 0x09, 0x60, 0x82, 0x2B, 0x61, 0x15, 0x68, 0x09, 0x52, 0x07, 0x1C,
    0x84, 0x59, 0x90, 0x34, 0xC8, 0x45, 0xBB, 0x08, 0xBD, 0x43, 0xD7, 0x20, 0x8B, 0xE8, 0x45, 0xB8,
    0x04, 0x4C, 0x84, 0x5B, 0xF1, 0x16, 0xD0, 0x05, 0x32, 0x08, 0xCE, 0xC4, 0x5F, 0xA0, 0x5D, 0x48,
    0x19, 0x92, 0x11, 0x87, 0x68, 0xF8, 0x50, 0x8D, 0xD0, 0x46, 0x36, 0xA3, 0xE1, 0xC2, 0x39, 0x4C,
    0x20, 0x47, 0x24, 0x22, 0xFA, 0x09, 0x22, 0x62, 0x2F, 0xED, 0x1F, 0x08, 0x11, 0xDA, 0x88, 0xBF,
    0xE1, 0x1E, 0xA8, 0x0C, 0x24, 0x0B, 0xA9, 0x08, 0xC3, 0xE0, 0x49, 0xA4, 0x54, 0x46, 0x1F, 0xA3,
    0xDF, 0x82, 0x3F, 0x81, 0x17, 0xC8, 0x23, 0xF8, 0x11, 0x7C, 0x81, 0x13, 0x81, 0x17, 0xDF, 0x00,
    0x22, 0xFF, 0x84, 0x7F, 0x42, 0x2D, 0xC5, 0x1F, 0x08, 0x11, 0xFA, 0x08, 0xC2, 0xC2, 0x2D, 0xE8,
    0x31, 0xE4, 0x22, 0xEF, 0xC9, 0x40, 0xEB, 0x21, 0x17, 0xFC, 0x45, 0xFF, 0x11, 0x7E, 0x83, 0x01,
    0x41, 0x18, 0x70, 0x23, 0xF2, 0x11, 0x8E, 0x80, 0xA3, 0x21, 0x19, 0x72, 0x8F, 0x7E, 0x11, 0x9F,
    0xC4, 0x67, 0xF1, 0x19, 0xFC, 0x46, 0x7B, 0x07, 0x6C, 0x84, 0x69, 0xF0, 0x8F, 0xE4, 0x46, 0xBA,
    0x02, 0x54, 0x84, 0x6D, 0xC0, 0x34, 0xC8, 0x46, 0xFF, 0x11, 0xBF, 0xC4, 0x6F, 0x80, 0x44, 0xC8,
    0x47, 0x1F, 0x11, 0xC5, 0x00, 0x53, 0x21, 0x1C, 0xFC, 0x47, 0x36, 0x08, 0xFD, 0x04, 0x75, 0xEA,
    0x3E, 0x00, 0x47, 0x7B, 0x0A, 0xFC, 0x84, 0x79, 0xF1, 0x1E, 0x7A, 0x8F, 0x81, 0x08, 0xFF, 0xC4,
    0x7D, 0xB0, 0x8F, 0xD0, 0x47, 0xFF, 0x11, 0xFF, 0xC4, 0x7F, 0xF1, 0x1F, 0xFC, 0x47, 0xFF, 0x11,
    0xFF, 0xC4, 0x7F, 0xF1, 0x1F, 0xFC, 0x47, 0xFF, 0x11, 0xFF, 0xC4, 0x7F, 0xF1, 0x1F, 0xFC, 0x47,
    0xFF, 0x11, 0xFF, 0xC4, 0x7F, 0xF1, 0x1F, 0xFC, 0x47, 0xFF, 0x11, 0xFF, 0xC4, 0x7F, 0xF1, 0x1F,
    0xFC, 0x47, 0xFF, 0x11, 0xFF, 0xC4, 0x7F, 0xF1, 0x1F, 0xFC, 0x47, 0xFF, 0x11, 0xFF, 0xC4, 0x7F,
    0xF1, 0x1F, 0xFC, 0x47, 0xFF, 0x11, 0xFF, 0xC4, 0x7F, 0xF1, 0x1F, 0xFC, 0x47, 0xFF, 0x11, 0xFF,
    0xC2, 0x3F, 0xF1, 0x1F, 0xFC, 0x47, 0xFF, 0x11, 0xFF, 0xC4, 0x7F, 0xF1, 0x1F, 0xFC, 0x47, 0xFF,
    0x11, 0xFF, 0xC4, 0x7F, 0xF1, 0x1F, 0xFC, 0x47, 0xFF, 0x11, 0xFF, 0xC4, 0x7F, 0xF1, 0x1F, 0xFC,
    0x47, 0xFF, 0x11, 0xFF, 0xC4, 0x7F, 0xF1, 0x1F, 0xFC, 0x47, 0xFF, 0x11, 0xFF, 0xC4, 0x7F, 0xF1,
    0x1F, 0xFC, 0x47, 0xFF, 0x11, 0xFF, 0xC4, 0x7F, 0xF1, 0x1F, 0xFC, 0x47, 0xFF, 0x11, 0xFF, 0xC4,
    0x7F, 0xF1, 0x1F, 0xFC, 0x47, 0xFF, 0x11, 0xFF, 0xC4, 0x7F, 0xF1, 0x1F, 0xFC, 0x47, 0xFF, 0x11,
    0xFF, 0xC2, 0x3F, 0xF1, 0x1F, 0xFC, 0x47, 0xFF, 0x11, 0xFF, 0xC4, 0x7F, 0xF1, 0x1F, 0xFC, 0x47,
    0xFF, 0x11, 0xFF, 0xC4, 0x7F, 0xF1, 0x1F, 0xFC, 0x47, 0xFF, 0x11, 0xFF, 0xC4, 0x7F, 0xF1, 0x1F,
    0xFC, 0x47, 0xFF, 0x11, 0xFF, 0xC4, 0x7F, 0xF1, 0x1F, 0xFC, 0x47, 0xFF, 0x11, 0xFF, 0xC4, 0x7F,
    0xF1, 0x1F, 0xFC, 0x47, 0xFF, 0x11, 0xFF, 0xC4, 0x7F, 0xF1, 0x1F, 0xFC, 0x47, 0xFF, 0x11, 0xFF,
    0xC4, 0x7F, 0xF1, 0x1F, 0xFC, 0x47, 0xFF, 0x11, 0xFF, 0xC4, 0x7F, 0xF1, 0x1F, 0xFC, 0x47, 0xFF,
    0x11, 0xFF, 0xC2, 0x3F, 0xF1, 0x1F, 0xFC, 0x47, 0xFF, 0x11, 0xFF, 0xC4, 0x7F, 0xF1, 0x1F, 0xFC,
    0x47, 0xFF, 0x11, 0xFF, 0xC4, 0x7F, 0xF1, 0x1F, 0xFC, 0x47, 0xFF, 0x11, 0xFF, 0xC4, 0x7F, 0xF1,
    0x1F, 0xFC, 0x47, 0xFF, 0x11, 0xFF, 0xC4, 0x7F, 0xF1, 0x1F, 0xFC, 0x47, 0xFF, 0x11, 0xFF, 0xC4,
    0x7F, 0xF1, 0x1F, 0xFC, 0x47, 0xFF, 0x11, 0xFF, 0xC4, 0x7F, 0xF1, 0x1F, 0xFC, 0x47, 0xFF, 0x11,
    0xFF, 0xC4, 0x7F, 0xF1, 0x1F, 0xFC, 0x47, 0xFF, 0x11, 0xFF, 0xC4, 0x7F, 0xF1, 0x1F, 0xFC, 0x47,
    0xFF, 0x11, 0xFF, 0xC2, 0x3F, 0xF1, 0x1F, 0xFC, 0x47, 0xFF, 0x11, 0xFF, 0xC4, 0x7F, 0xF1, 0x1F,
    0xFC, 0x47, 0xFF, 0x11, 0xFF, 0xC4, 0x7F, 0xF1, 0x1F, 0xFC, 0x47, 0xFF, 0x11, 0xFF, 0xC4, 0x7F,
    0xF1, 0x1F, 0xFC, 0x47, 0xFF, 0x11, 0xFF, 0xC4, 0x7F, 0xF1, 0x1F, 0xFC, 0x47, 0xFF, 0x11, 0xFF,
    0xC4, 0x7F, 0xF1, 0x1F, 0xFC, 0x47, 0xFF, 0x11, 0xFF, 0xC4, 0x7F, 0xF1, 0x1F, 0xFC, 0x47, 0xFF,
    0x11, 0xFF, 0xC4, 0x7F, 0xF1, 0x1F, 0xFC, 0x47, 0xFF, 0x11, 0xFF, 0xC4, 0x7F, 0xF1, 0x1F, 0xFC,
    0x47, 0xFF, 0x11, 0xFF, 0xC2, 0x3F, 0xF1, 0x1F, 0xFC, 0x47, 0xFF, 0x11, 0xFF, 0xC4, 0x7F, 0xE4,
    0x69, 0x4A, 0x13, 0x40, 0x96, 0x89, 0x0A, 0xA8, 0xCC, 0xB8, 0x90, 0xA6, 0x24, 0x1E, 0x89, 0x03,
    0xE8, 0xF0, 0xA8, 0x8F, 0xF6, 0x0F, 0x8A, 0x03, 0x1A, 0x70, 0xE1, 0x1E, 0xF4, 0x2B, 0x94, 0x11,
    0xEF, 0x84, 0x77, 0xC4, 0xFC, 0x58, 0x47, 0x76, 0x03, 0x74, 0xD1, 0xD7, 0xB8, 0x80, 0x8E, 0xBA,
    0x9A, 0x89, 0x88, 0xEB, 0x22, 0x38, 0xDA, 0x80, 0x7C, 0x23, 0x8A, 0xA8, 0x06, 0xE2, 0x38, 0xCC,
    0x4C, 0x47, 0x1F, 0x11, 0xC5, 0x54, 0x03, 0xC4, 0x76, 0xDC, 0x30, 0xF3, 0x11, 0xB6, 0x91, 0xD7,
    0xF1, 0x19, 0xE1, 0x40, 0x35, 0x0F, 0x7C, 0x94, 0x03, 0xA1, 0x19, 0xE1, 0x4B, 0x53, 0x11, 0x9F,
    0xC3, 0xD3, 0x31, 0x18, 0xFD, 0x40, 0x38, 0x47, 0x5F, 0xC1, 0x11, 0x34, 0x75, 0xDD, 0x40, 0x33,
    0xBF, 0x28, 0x07, 0x02, 0x31, 0xA2, 0x80, 0x64, 0x23, 0x1F, 0x28, 0x07, 0xE8, 0xF0, 0xF0, 0x2B,
    0xE4, 0x23, 0x0F, 0xA8, 0x06, 0xC2, 0x30, 0xFA, 0x80, 0x76, 0x23, 0x19, 0x28, 0x07, 0x02, 0x31,
    0x90, 0x5F, 0xA4, 0x23, 0x1E, 0xA8, 0x06, 0x62, 0x31, 0xE2, 0x80, 0x7C, 0x23, 0x3C, 0x08, 0xC2,
    0xEA, 0x01, 0xB0, 0x8C, 0xF8, 0x23, 0x2F, 0xA8, 0x07, 0x82, 0x31, 0xF8, 0x8C, 0x7F, 0x3F, 0x11,
    0x87, 0xC4, 0x5F, 0xB1, 0x17, 0x74, 0x45, 0xBF, 0x11, 0x6F, 0xC4, 0x5B, 0xF1, 0x16, 0xEC, 0x45,
    0x9F, 0x50, 0x0E, 0x04, 0x57, 0xA1, 0x15, 0x74, 0x45, 0x3F, 0x11, 0x4F, 0xC4, 0x53, 0x91, 0x14,
    0x7C, 0x45, 0x15, 0x11, 0x3F, 0xD6, 0x2F, 0x81, 0x13, 0x7D, 0x40, 0x35, 0x58, 0xBD, 0xC4, 0x49,
    0xF1, 0x12, 0x79, 0x40, 0x3E, 0x58, 0x96, 0xC4, 0x43, 0xF1, 0x10, 0xD4, 0x68, 0x33, 0x11, 0x0F,
    0xC6, 0x83, 0x92, 0x30, 0xFC, 0x8C, 0x3F, 0x09, 0x7C, 0xC8, 0xC3, 0xF2, 0x30, 0xFC, 0x68, 0x37,
    0x23, 0x0F, 0xC8, 0xC3, 0x5C, 0x00, 0x88, 0xFE, 0x34, 0x1F, 0x11, 0x87, 0xE4, 0x61, 0xFD, 0x0C,
    0x68, 0x3A, 0x23, 0x0F, 0xC8, 0xC3, 0x51, 0xA0, 0xCC, 0x8C, 0x3B, 0x1A, 0x0F, 0x48, 0xC3, 0xF2,
    0x30, 0xFC, 0x8C, 0x3F, 0x1A, 0x0E, 0xC8, 0xC3, 0xF2, 0x30, 0xEC, 0x68, 0x33, 0x23, 0x0E, 0xC6,
    0x83, 0x32, 0x30, 0xFC, 0x8C, 0x3F, 0x1A, 0x0E, 0x44, 0x5B, 0xF2, 0x30, 0xD4, 0x68, 0x3D, 0x23,
    0x0F, 0xC8, 0xC3, 0xF1, 0xA0, 0xD4, 0x8C, 0x37, 0x1A, 0x0D, 0x48, 0xC3, 0xF2, 0x30, 0xEC, 0x68,
    0x3F, 0x23, 0x0F, 0xC8, 0xC3, 0xF1, 0x18, 0x54, 0x17, 0xD3, 0x11, 0x87, 0xCB, 0x03, 0x92, 0x30,
    0xFC, 0x8C, 0x3F, 0x2C, 0x0C, 0xC8, 0xC3, 0xF2, 0x30, 0xFC, 0xB0, 0x37, 0x23, 0x0F, 0xC8, 0xC3,
    0x5C, 0x28, 0x8B, 0xBE, 0x58, 0x1F, 0x08, 0xBF, 0xE2, 0x2F, 0xFC, 0xFC, 0xB0, 0x3A, 0x23, 0x0F,
    0xC8, 0xC3, 0x52, 0xC0, 0xCC, 0x8C, 0x3B, 0x2C, 0x0F, 0x44, 0x67, 0xF1, 0x19, 0xFC, 0x8C, 0x3F,
    0x2C, 0x0E, 0xC8, 0xC3, 0xF2, 0x30, 0xEC, 0xB0, 0x33, 0x23, 0x0E, 0xCB, 0x03, 0x31, 0x1B, 0xFC,
    0x46, 0xFF, 0x2C, 0x0E, 0x44, 0x71, 0xF2, 0x30, 0xD4, 0xB0, 0x3D, 0x23, 0x0F, 0xC8, 0xC3, 0xF2,
    0xC0, 0xD4, 0x8C, 0x37, 0x2C, 0x0D, 0x44, 0x79, 0xF2, 0x30, 0xEC, 0xB0, 0x3F, 0x23, 0x0F, 0xC4,
    0x7F, 0xF1, 0x1F, 0xFC, 0x47, 0xFF, 0x11, 0xFF, 0xC4, 0x7F, 0xF1, 0x1F, 0xFC, 0x47, 0xFF, 0x11,
    0xFF, 0xC4, 0x7F, 0xF1, 0x1F, 0xFC, 0x47, 0xFF, 0x11, 0xFF, 0xC4, 0x7F, 0xF1, 0x1F, 0xFC, 0x47,
    0xFF, 0x11, 0xFF, 0xC4, 0x7F, 0xF1, 0x1F, 0xFC, 0x47, 0xFF, 0x11, 0xFF, 0xC4, 0x7F, 0xC9, 0xBD,
    0x1E, 0x27, 0x19, 0x8A, 0xFC, 0xE2, 0xFF, 0x39, 0xC4, 0x0A, 0x29, 0x12, 0x8B, 0x7C, 0xE3, 0x1F,
    0x39, 0xCC, 0x02, 0xB1, 0x08, 0x9D, 0xC4, 0x67, 0x54, 0x39, 0xDC, 0xD8, 0x49, 0x95, 0x12, 0x5F,
    0xE9, 0xB0, 0xEA, 0x67, 0x2A, 0x9B, 0x2D, 0x12, 0x74, 0xC4, 0x9B, 0x5F, 0xF4, 0x36, 0xAF, 0x0E,
    0xAB, 0x72, 0xBF, 0xD0, 0x0A, 0xBC, 0xB4, 0x4A, 0x13, 0x12, 0x74, 0xC1, 0x03, 0x30, 0x95, 0xD4,
    0x49, 0x3D, 0x04, 0x8C, 0xC4, 0x8D, 0xB1, 0x21, 0xD4, 0x48, 0x5B, 0x07, 0x74, 0xC8, 0x53, 0x20,
    0x49, 0x4C, 0x47, 0xF6, 0x11, 0xF5, 0xFF, 0xD0, 0xD9, 0xDC, 0x5A, 0x75, 0x22, 0x02, 0x4C, 0xAF,
    0xA2, 0x3F, 0xAD, 0x33, 0x97, 0xFE, 0x87, 0x56, 0x68, 0xF3, 0x18, 0xCC, 0xCF, 0xE7, 0x35, 0xF9,
    0xD6, 0xA0, 0x53, 0x28, 0x94, 0xD3, 0xE7, 0x36, 0xF9, 0xD6, 0xE1, 0x15, 0xCA, 0x1D, 0x76, 0x6D,
    0x44, 0xBF, 0x55, 0xB9, 0x60, 0x54, 0x97, 0x3C, 0x49, 0x37, 0xAB, 0x73, 0xC4, 0x8F, 0x56, 0xB3,
    0x6C, 0x24, 0x55, 0x12, 0x0E, 0xC4, 0x7F, 0x6E, 0x68, 0x8F, 0xF5, 0xCD, 0x11, 0xFD, 0x69, 0x9C,
    0xA0, 0x90, 0x56, 0xAD, 0xCA, 0x09, 0x05, 0xE9, 0x9C, 0x81, 0x20, 0xCE, 0xAD, 0xC8, 0x09, 0x0C,
    0xB8, 0xC0, 0x4B, 0x9C, 0xEE, 0x6D, 0xFE, 0x80, 0x09, 0x12, 0x75, 0x6E, 0x30, 0x90, 0xA9, 0xC5,
    0x07, 0x45, 0x6A, 0xDC, 0x50, 0x90, 0x4F, 0xFD, 0x0D, 0xAE, 0xC5, 0xAB, 0x92, 0x2A, 0xE8, 0x29,
    0x64, 0x0C, 0x89, 0x88, 0xFE, 0xA5, 0x81, 0xA0, 0x8F, 0x6C, 0x0C, 0x3A, 0x72, 0x04, 0x77, 0x9A,
    0xB7, 0x20, 0x47, 0x55, 0x01, 0xD4, 0x82, 0x37, 0x60, 0x1D, 0xC8, 0x7C, 0x93, 0xE6, 0x84, 0xE6,
    0x40, 0x8A, 0x90, 0x8F, 0x66, 0x04, 0xC9, 0x04, 0x76, 0xA0, 0x71, 0x98, 0x55, 0xE4, 0x07, 0x09,
    0x82, 0xDE, 0x62, 0x3B, 0xA8, 0x28, 0x25, 0x0D, 0x8A, 0x46, 0x01, 0x2D, 0x20, 0x70, 0x4C, 0x47,
    0x92, 0x11, 0xD5, 0x39, 0xA2, 0x3A, 0xAD, 0x5B, 0x9A, 0x23, 0x9A, 0x80, 0xBA, 0x90, 0xEA, 0xEC,
    0x5A, 0xBB, 0x36, 0x08, 0xE4, 0xC0, 0x61, 0x48, 0x80, 0x10, 0xAA, 0x23, 0xCA, 0x81, 0x0A, 0x61,
    0x1B, 0x97, 0x14, 0x47, 0x7B, 0xAB, 0x71, 0x63, 0x32, 0x40, 0x17, 0x4B, 0x00, 0x23, 0x9C, 0x84,
    0x2F, 0x22, 0x36, 0xA8, 0x8D, 0x28, 0x08, 0x89, 0x08, 0xD2, 0xDC, 0x61, 0x1A, 0x50, 0x12, 0xB2,
    0x18, 0xD4, 0xB9, 0x00, 0xAD, 0x97, 0x28, 0x1C, 0x37, 0x01, 0x7C, 0xB9, 0x41, 0xA3, 0xA0, 0x2D,
    0xA6, 0x23, 0x7B, 0x02, 0xDA, 0x98, 0x5A, 0x67, 0x3C, 0x08, 0x33, 0x99, 0x48, 0x41, 0x33, 0x20,
    0x72, 0x48, 0x47, 0x57, 0xAB, 0x73, 0xC4, 0x71, 0x51, 0x1B, 0xEC, 0x22, 0x9C, 0x11, 0xA5, 0x04,
    0x67, 0x8E, 0x58, 0x8C, 0xE9, 0xCB, 0x11, 0x9C, 0xC0, 0x73, 0x30, 0xA6, 0xCC, 0x1B, 0x18, 0x88,
    0x03, 0x3A, 0x82, 0x35, 0xA0, 0x33, 0xE4, 0x23, 0x3A, 0x02, 0x12, 0x60, 0xE1, 0x98, 0x8C, 0xEE,
    0x10, 0xDD, 0x08, 0xBE, 0xC2, 0x2D, 0xB7, 0x18, 0x10, 0xD3, 0x07, 0x35, 0x84, 0x61, 0x40, 0x38,
    0xCC, 0x46, 0x33, 0x08, 0x87, 0xC1, 0x6F, 0x20, 0x20, 0xC8, 0x28, 0x74, 0x06, 0xDC, 0xC4, 0x65,
    0x60, 0x5E, 0xC8, 0x46, 0x33, 0x06, 0xCE, 0x42, 0x1D, 0x41, 0x17, 0x54, 0x45, 0x75, 0x34, 0x6E,
    0xC4, 0x4F, 0x4E, 0x58, 0x10, 0xA7, 0x14, 0x8F, 0x83, 0x96, 0xC2, 0x2B, 0xA5, 0x5B, 0x96, 0x22,
    0xAA, 0x84, 0x3F, 0xE0, 0xBB, 0x90, 0x43, 0xEE, 0x14, 0x39, 0x04, 0x3E, 0xC1, 0x44, 0xC8, 0x5B,
    0x64, 0x22, 0xBB, 0x84, 0x3E, 0x62, 0x28, 0x98, 0x89, 0xA9, 0xC6, 0x99, 0x48, 0x84, 0x4F, 0x50,
    0x6B, 0x4C, 0x21, 0x99, 0x08, 0x56, 0x80, 0x83, 0x41, 0x13, 0xD4, 0x07, 0xB3, 0x05, 0x4C, 0xB9,
    0xF2, 0xB9, 0x24, 0xC8, 0x0E, 0xF2, 0x0E, 0x3D, 0x84, 0x55, 0x4F, 0xF4, 0x00, 0x21, 0xF2, 0xE7,
    0x83, 0x82, 0x64, 0x68, 0xC8, 0x43, 0xB8, 0x21, 0x69, 0x11, 0x8E, 0x80, 0x86, 0x99, 0x18, 0xEA,
    0x14, 0x49, 0x04, 0x3A, 0x5C, 0xB9, 0x90, 0x6D, 0xE8, 0x09, 0x49, 0x04, 0x3E, 0x81, 0x0C, 0xC0,
    0x2D, 0x66, 0x21, 0xAB, 0x02, 0xC6, 0x98, 0x00, 0xA2, 0xC8, 0x43, 0x9A, 0x0A, 0x2C, 0x84, 0x3B,
    0xF0, 0x84, 0x70, 0x1C, 0xF4, 0x10, 0xFF, 0x02, 0x87, 0x71, 0x0F, 0x4C, 0x21, 0x58, 0x06, 0x95,
    0xC4, 0x2D, 0xF1, 0x0B, 0x7C, 0x42, 0xDF, 0x10, 0xB7, 0xC4, 0x2D, 0xF1, 0x0B, 0x78, 0x12, 0xD3,
    0x8A, 0x49, 0x01, 0xC5, 0x51, 0x0D, 0xE4, 0x8B, 0xB5, 0x10, 0xCF, 0xC2, 0x15, 0x30, 0x64, 0xD0,
    0x42, 0xFF, 0x10, 0xBF, 0xC4, 0x2F, 0xF0, 0x83, 0xFC, 0x42, 0xF4, 0x99, 0x48, 0x44, 0x31, 0xF1,
    0x0C, 0x74, 0x1C, 0x33, 0xFF, 0x40, 0x02, 0xFB, 0x3A, 0x26, 0x08, 0x21, 0x74, 0x10, 0xBF, 0xC4,
    0x2F, 0xC1, 0x0A, 0xFC, 0x42, 0xBF, 0x10, 0xAF, 0xC4, 0x2B, 0xF1, 0x0A, 0xFC, 0x42, 0xBF, 0x06,
    0x8C, 0xC1, 0xB9, 0x41, 0x0B, 0xE0, 0x42, 0x9F, 0x10, 0xA7, 0x41, 0x27, 0x41, 0x08, 0xFC, 0x42,
    0x3F, 0x10, 0x8F, 0xC4, 0x23, 0xF0, 0x83, 0x48, 0x19, 0xF3, 0x10, 0x97, 0xC1, 0xB1, 0x29, 0x58,
    0x6E, 0xEC, 0x21, 0x6D, 0x00, 0x9A, 0x92, 0x60, 0xAC, 0xD0, 0x42, 0xDF, 0x10, 0xB7, 0xC4, 0x2D,
    0x42, 0x22, 0x58, 0x42, 0x54, 0x08, 0x6F, 0xC4, 0x27, 0xF1, 0x09, 0xFC, 0x42, 0x7F, 0x10, 0x9F,
    0x43, 0x7D, 0x61, 0x0B, 0x7C, 0x87, 0xD6, 0x10, 0x97, 0xC4, 0x25, 0xF1, 0x09, 0x7C, 0x42, 0x5F,
    0x10, 0x97, 0xC1, 0x21, 0x31, 0x09, 0x7C, 0x42, 0x5F, 0x06, 0xED, 0x44, 0x29, 0xF0, 0x68, 0xD0,
    0x87, 0x96, 0x10, 0x84, 0xC0, 0x59, 0x21, 0x08, 0xFC, 0x42, 0x3F, 0x10, 0x8F, 0xF9, 0x61, 0x62,
    0x98, 0x84, 0x7E, 0x21, 0x1F, 0x88, 0x47, 0xE2, 0x11, 0xE8, 0x39, 0x2C, 0x21, 0x4A, 0x09, 0x56,
    0x41, 0x0C, 0xA1, 0x0C, 0xBE, 0x21, 0x2F, 0x88, 0x4B, 0xE2, 0x12, 0xF8, 0x84, 0xBE, 0x21, 0x2F,
    0x88, 0x4B, 0xE2, 0x12, 0xF8, 0xA8, 0x2E, 0x21, 0x5F, 0x02, 0x5E, 0x42, 0x11, 0xF8, 0x84, 0x7E,
    0x21, 0x1A, 0x02, 0x86, 0x82, 0x11, 0xF8, 0x84, 0x7E, 0x21, 0x1F, 0x88, 0x47, 0xE2, 0x11, 0xA0,
    0x13, 0xA4, 0x21, 0x1F, 0x87, 0x0A, 0x84, 0x2C, 0xF8, 0x42, 0x6A, 0x21, 0x0F, 0x88, 0x43, 0xE2,
    0x10, 0xF8, 0x84, 0x3E, 0x21, 0x0F, 0x88, 0x43, 0xE2, 0x10, 0xF8, 0x84, 0x2D, 0x3B, 0x8B, 0x10,
    0x9F, 0xE2, 0x0F, 0xF8, 0x83, 0xEF, 0x14, 0x96, 0x08, 0x43, 0x40, 0x2E, 0x98, 0x84, 0x3E, 0x21,
    0x0F, 0x88, 0x43, 0x91, 0x49, 0x68, 0x84, 0x7E, 0x21, 0x1B, 0x03, 0x2E, 0x42, 0x11, 0xFD, 0x76,
    0x2C, 0x42, 0x5B, 0xC5, 0x25, 0xC4, 0x26, 0xC8, 0x55, 0xA4, 0x89, 0x8C, 0x08, 0x3B, 0xE2, 0x0E,
    0xF8, 0x83, 0xBE, 0x20, 0xEF, 0x88, 0x3B, 0xE2, 0x0E, 0xF8, 0x83, 0xBE, 0x42, 0x2F, 0x88, 0x2F,
    0xE2, 0x0B, 0xF8, 0x82, 0xFE, 0x20, 0xBF, 0x88, 0x2F, 0xFF, 0xE8, 0x04, 0x52, 0x5A, 0x41, 0xFF,
    0x88, 0x33, 0xE1, 0x03, 0xB8, 0x30, 0xE4, 0x42, 0x0F, 0x90, 0x83, 0xC2, 0x0B, 0xF8, 0x82, 0xFE,
    0x20, 0xBC, 0xC5, 0x25, 0x62, 0x0C, 0xF9, 0x07, 0xBE, 0x20, 0xCF, 0x88, 0x33, 0xE2, 0x0C, 0xF9,
    0x07, 0xBE, 0x63, 0xCF, 0x88, 0x27, 0xE2, 0x09, 0xF8, 0x82, 0x7E, 0x20, 0x9F, 0x88, 0x27, 0xE2,
    0x09, 0xF8, 0x82, 0x72, 0x15, 0x7A, 0x81, 0xFE, 0x57, 0xE0, 0x80, 0x7C, 0x83, 0xB7, 0x10, 0x3F,
    0xC4, 0x0F, 0xD8, 0xA4, 0xB4, 0x83, 0x5F, 0x10, 0x47, 0xC4, 0x11, 0xF0, 0xAB, 0xD0, 0x41, 0x3F,
    0x20, 0xDF, 0xC4, 0x13, 0xF3, 0x1A, 0x7C, 0x40, 0xFF, 0x10, 0x3F, 0xC4, 0x0F, 0xF1, 0x03, 0xFC,
    0x40, 0xFF, 0x10, 0x3F, 0xC4, 0x0F, 0xF2, 0x0C, 0x7C, 0x40, 0xDF, 0x10, 0x37, 0xC4, 0x0D, 0x79,
    0x69, 0x05, 0xFE, 0x20, 0x6F, 0x88, 0x1B, 0xE2, 0x06, 0xE4, 0xB0, 0x40, 0xDF, 0x20, 0xC7, 0xCC,
    0x57, 0xF0, 0x56, 0xCA, 0x56, 0x20, 0x5D, 0x03, 0x06, 0x62, 0x05, 0xF8, 0x81, 0x7E, 0x20, 0x5F,
    0x88, 0x17, 0xE2, 0x05, 0xF8, 0x81, 0x7E, 0x20, 0x5F, 0x88, 0x17, 0xE2, 0x05, 0xF8, 0x81, 0x7E,
    0x10, 0x0F, 0x88, 0x17, 0xE2, 0x05, 0xF8, 0x81, 0x73, 0x2C, 0x20, 0x97, 0xC4, 0x0B, 0xF1, 0x02,
    0xE2, 0x5A, 0x20, 0x5F, 0x90, 0x47, 0xE2, 0x05, 0xF8, 0x81, 0x7E, 0x20, 0x5D, 0x4B, 0x84, 0x0B,
    0xF2, 0x09, 0x7C, 0x40, 0xBF, 0x10, 0x2F, 0xC4, 0x0B, 0xF1, 0x02, 0xFC, 0x40, 0xBF, 0x10, 0x2F,
    0xC4, 0x0B, 0xF1, 0x02, 0xFC, 0x40, 0xBF, 0x10, 0x2F, 0xC4, 0x0B, 0xF1, 0x02, 0xE8, 0x2A, 0xD4,
    0x10, 0x2F, 0xC8, 0x1B, 0xF1, 0x02, 0xFC, 0x40, 0xBA, 0x96, 0x10, 0x3B, 0xE2, 0x05, 0xF8, 0x81,
    0x7E, 0x15, 0x7A, 0x08, 0x17, 0xE1, 0x04, 0xB0, 0x1B, 0x65, 0xCD, 0x20, 0x7F, 0xC4, 0x0B, 0xF1,
    0x02, 0xFC, 0x40, 0xBF, 0x10, 0x2F, 0xC4, 0x0B, 0xF1, 0x02, 0xFC, 0x40, 0xBF, 0x71, 0xEC, 0xC4,
    0x0F, 0x96, 0x85, 0x4E, 0x91, 0x29, 0xA4, 0xC0, 0x25, 0x70, 0x19, 0x6F, 0x7A, 0x5F, 0x48, 0xA5,
    0x40, 0x25, 0x94, 0x69, 0x76, 0x96, 0x61, 0xF8, 0xA5, 0xC0, 0x2B, 0xD0, 0x6A, 0x6C, 0x36, 0x98,
    0x74, 0x29, 0x53, 0x66, 0x22, 0x14, 0x9F, 0xFA, 0x18, 0x21, 0x1B, 0xC9, 0xA2, 0x22, 0x0F, 0xB3,
    0x70, 0x29, 0x56, 0xE5, 0x01, 0x7E, 0x64, 0x13, 0xEC, 0x9A, 0x2A, 0x41, 0x1F, 0x88, 0x1F, 0x60,
    0x16, 0x99, 0x02, 0xF2, 0x06, 0x59, 0x84, 0xC6, 0xD1, 0x0A, 0x6C, 0x44, 0x81, 0x17, 0x0D, 0xCC,
    0xEB, 0x30, 0x09, 0x8C, 0x06, 0x67, 0xDE, 0x9A, 0xD2, 0x2B, 0x50, 0x09, 0x95, 0x1A, 0x69, 0xA5,
    0x9B, 0x7E, 0x2B, 0x70, 0x6A, 0xE6, 0x06, 0xBB, 0x31, 0x06, 0xAC, 0xC8, 0x21, 0xB0, 0xB1, 0x58,
    0x41, 0x1A, 0x01, 0x3D, 0x04, 0x0D, 0x84, 0xCE, 0x50, 0x40, 0x78, 0x05, 0x6C, 0xA1, 0xC0, 0xFF,
    0xB3, 0x6A, 0xAA, 0x13, 0x19, 0x07, 0xF3, 0x32, 0x68, 0x9D, 0x74, 0x0D, 0xB2, 0xA6, 0x50, 0x69,
    0xB3, 0x20, 0x62, 0xD4, 0x04, 0x94, 0x0F, 0xE5, 0x13, 0x2D, 0x40, 0xFD, 0x68, 0x41, 0x34, 0x0F,
    0xC6, 0x01, 0xDF, 0xA0, 0x09, 0x48, 0x3E, 0x38, 0x03, 0x65, 0x43, 0xE1, 0x45, 0x48, 0x4C, 0x7E,
    0xB8, 0x07, 0x85, 0x43, 0xE1, 0x3C, 0x3D, 0x34, 0x02, 0x13, 0x0F, 0x75, 0x15, 0x47, 0x68, 0x75,
    0x72, 0x83, 0x5D, 0x99, 0x0F, 0xD3, 0x40, 0x0F, 0x90, 0x7B, 0x32, 0x24, 0xC9, 0x87, 0xAB, 0xE2,
    0x4F, 0xB8, 0x7A, 0xAC, 0xE1, 0x6B, 0x0F, 0xBE, 0xD8, 0x00, 0xF3, 0xF0, 0x03, 0xB3, 0x05, 0x9C,
    0xC0, 0x53, 0x27, 0x08, 0x54, 0x1B, 0xD3, 0xAE, 0xC4, 0xBF, 0xD0, 0xE7, 0x05, 0x56, 0x99, 0x81,
    0xA6, 0xCD, 0x43, 0xD3, 0x90, 0xF3, 0x74, 0x03, 0xB4, 0x0F, 0x26, 0x00, 0x41, 0x20, 0xBE, 0x4C,
    0x3C, 0x34, 0x07, 0xF5, 0x06, 0x2F, 0x60, 0x6E, 0xD1, 0x8C, 0x12, 0x01, 0x8C, 0x80, 0x13, 0x30,
    0xED, 0x58, 0x10, 0x74, 0x0E, 0xC6, 0x81, 0xE7, 0x20, 0x3F, 0xCC, 0x3A, 0xF8, 0x02, 0xFC, 0xC1,
    0xD9, 0x31, 0xEE, 0x5C, 0x0A, 0xD3, 0x01, 0xFC, 0xC3, 0xA7, 0xA1, 0x29, 0x48, 0x3A, 0x35, 0x0E,
    0x86, 0x41, 0xD7, 0x41, 0xEA, 0x58, 0x33, 0x16, 0x04, 0x94, 0x80, 0xFD, 0x40, 0xE5, 0x68, 0x79,
    0xBD, 0x07, 0x7E, 0x41, 0xAF, 0x71, 0x24, 0x4C, 0x38, 0x9C, 0x1C, 0x5D, 0x41, 0xFB, 0x31, 0x7D,
    0x57, 0x04, 0x02, 0x69, 0x07, 0x02, 0x40, 0x0B, 0xA0, 0x6F, 0xA8, 0x06, 0x6A, 0x86, 0xEF, 0x00,
    0x73, 0x90, 0x6E, 0x72, 0x0E, 0xCB, 0x06, 0xE3, 0xA0, 0xF1, 0xA8, 0x6D, 0xAC, 0xB9, 0x6B, 0x83,
    0xCA, 0x61, 0xAA, 0x98, 0x1A, 0x28, 0x3B, 0xDB, 0x83, 0xBA, 0xA2, 0x84, 0x98, 0x3A, 0x68, 0x0C,
    0xE9, 0x83, 0x9E, 0xC3, 0xBB, 0xE8, 0x3A, 0xA6, 0x3B, 0x8D, 0x83, 0xB2, 0xA1, 0xAF, 0xC8, 0x2D,
    0xA6, 0x3B, 0x4C, 0x03, 0x3E, 0x60, 0xF1, 0x94, 0x35, 0x65, 0xF2, 0x9A, 0x8E, 0xD6, 0x83, 0x35,
    0xA0, 0x6C, 0x66, 0x1F, 0xC9, 0x82, 0xAA, 0x63, 0x33, 0x98, 0xEC, 0xF8, 0x33, 0x3A, 0x06, 0xA3,
    0x80, 0x8A, 0xA0, 0x6A, 0x30, 0x08, 0xC9, 0x8E, 0xB3, 0x38, 0x50, 0xD4, 0x5C, 0x65, 0x19, 0x08,
    0x04, 0xC6, 0x4F, 0x30, 0x79, 0xD0, 0x75, 0x57, 0x5B, 0x0D, 0x2B, 0x9C, 0xAA, 0xEC, 0xD4, 0x15,
    0xF6, 0x06, 0xCD, 0x41, 0x39, 0x20, 0x6C, 0xD8, 0x75, 0x1A, 0x1D, 0x37, 0x06, 0x47, 0x20, 0xD7,
    0xE4, 0xE6, 0x13, 0x0D, 0x86, 0x56, 0xC5, 0x71, 0xD1, 0x59, 0x6C, 0x34, 0xA8, 0x89, 0x62, 0x54,
    0x4C, 0x04, 0x52, 0x59, 0x5D, 0x01, 0x7C, 0x83, 0xC9, 0x6B, 0xE8, 0x04, 0x68, 0x3A, 0x1A, 0x8C,
    0x82, 0x83, 0x9F, 0xD8, 0xC7, 0xE6, 0x1B, 0x1E, 0x0F, 0x16, 0xA1, 0xB1, 0xED, 0xF8, 0x36, 0x19,
    0x07, 0x05, 0xC7, 0x35, 0x50, 0xA4, 0x58, 0x36, 0x15, 0x18, 0xCC, 0x88, 0xCF, 0x60, 0x6F, 0xC8,
    0x1F, 0x53, 0x07, 0x05, 0x06, 0x2B, 0x40, 0xF5, 0xD8, 0x73, 0x19, 0xC2, 0x8E, 0x5B, 0xC3, 0x14,
    0x90, 0x6C, 0x3E, 0x1B, 0x0F, 0x83, 0x52, 0x41, 0x2F, 0xA0, 0x37, 0x70, 0x0B, 0x29, 0x8C, 0x32,
    0x43, 0x8F, 0xD0, 0xC3, 0x28, 0x1E, 0x89, 0xD3, 0x36, 0x00, 0xF6, 0x90, 0x6E, 0x34, 0x1B, 0x7F,
    0x8E, 0x33, 0xC0, 0xB8, 0x90, 0x38, 0x7E, 0x10, 0xCA, 0x14, 0x3A, 0x43, 0x89, 0xD1, 0x43, 0x64,
    0x38, 0x8C, 0x86, 0xE7, 0xE3, 0x84, 0xD8, 0x3E, 0xE8, 0x38, 0x3D, 0x94, 0x26, 0x40, 0xFD, 0x96,
    0xC2, 0xBB, 0x35, 0x0D, 0xDE, 0x41, 0xC9, 0x40, 0xDE, 0x60, 0xA0, 0xF5, 0x1C, 0x0E, 0x1A, 0xCD,
    0x40, 0xDF, 0x7C, 0x6F, 0xB4, 0x28, 0x0D, 0x03, 0x7F, 0x90, 0x6F, 0x60, 0x38, 0x1A, 0x07, 0xE6,
    0x03, 0x87, 0x60, 0x2E, 0xC8, 0x38, 0x92, 0x28, 0x04, 0x83, 0x85, 0xF2, 0xC0, 0x50, 0x38, 0x1F,
    0x0E, 0x07, 0xC3, 0x81, 0xE3, 0xC1, 0xD4, 0x38, 0x1F, 0x0E, 0x07, 0x84, 0x55, 0x30, 0xFD, 0x50,
    0x6E, 0x59, 0x07, 0x0D, 0x03, 0xF5, 0x40, 0xE0, 0xFC, 0x38, 0x3F, 0x3B, 0xDD, 0x43, 0x83, 0xF0,
    0xE0, 0xFC, 0x38, 0x3F, 0x87, 0x57, 0xE4, 0x30, 0x19, 0x4C, 0x0E, 0xCB, 0x05, 0xAD, 0xD8, 0x24,
    0x30, 0x28, 0xD4, 0x12, 0xA5, 0x06, 0x8B, 0x58, 0x70, 0x36, 0x29, 0xC8, 0x3A, 0x7A, 0x20, 0x2A,
    0x60, 0x69, 0xB3, 0x10, 0xE7, 0x5D, 0xA6, 0x32, 0x86, 0xD5, 0xAC, 0x6D, 0x31, 0x94, 0xB8, 0x3A,
    0x33, 0x69, 0x8D, 0x81, 0x7F, 0x20, 0xE6, 0x7C, 0x39, 0x9F, 0x07, 0x5C, 0xC3, 0x97, 0xB0, 0xE5,
    0x6C, 0x39, 0x3D, 0x0E, 0x44, 0xE9, 0xA0, 0x8C, 0xA0, 0xDF, 0x2A, 0x2F, 0x3B, 0x07, 0x22, 0x55,
    0x6B, 0x28, 0x72, 0x71, 0x6A, 0x0E, 0x4F, 0x25, 0x81, 0xC8, 0xE8, 0x71, 0xFF, 0x56, 0xB3, 0x87,
    0x1F, 0xB5, 0x6B, 0x18, 0x39, 0xB3, 0x61, 0xC1, 0x0D, 0xEA, 0xB5, 0x6B, 0x08, 0x1B, 0x67, 0x61,
    0xC2, 0x54, 0x70, 0x82, 0x04, 0x96, 0x16, 0xAD, 0x5F, 0x0E, 0x5C, 0xC5, 0xF7, 0x78, 0x14, 0x6C,
    0x17, 0xF2, 0xAE, 0x03, 0xBA, 0xB0, 0x28, 0xE1, 0x39, 0x2F, 0xFE, 0x87, 0x58, 0x70, 0x4D, 0xA6,
    0xC0, 0x73, 0x25, 0x61, 0xC0, 0xC0, 0xA3, 0xA1, 0xCE, 0xC5, 0x84, 0x39, 0xDF, 0x01, 0xCC, 0x86,
    0x37, 0x6B, 0x0D, 0xF9, 0xFC, 0xF6, 0xB3, 0x87, 0x4B, 0x40, 0x67, 0x90, 0x16, 0x26, 0x0E, 0xC9,
    0x43, 0xA0, 0x51, 0xC3, 0x58, 0x48, 0x3A, 0x12, 0x08, 0x2C, 0xEC, 0x38, 0x00, 0x1E, 0xC8, 0x3A,
    0x75, 0xB3, 0x87, 0x4E, 0xA2, 0x09, 0xAD, 0x87, 0x02, 0x1D, 0x3B, 0x80, 0xAE, 0x60, 0x8A, 0x9D,
    0x87, 0x05, 0x02, 0x8D, 0x07, 0x5A, 0xE0, 0x3E, 0x98, 0x15, 0x66, 0x06, 0x69, 0x1D, 0xAE, 0xF5,
    0xC7, 0xA9, 0xD4, 0x3B, 0x13, 0x0E, 0xBF, 0x43, 0xAD, 0x50, 0x41, 0x48, 0x0F, 0x73, 0xC1, 0x01,
    0xEE, 0x41, 0xD7, 0xA0, 0x19, 0x65, 0x1B, 0x1C, 0x9D, 0xAC, 0x20, 0x4B, 0x98, 0x10, 0xE5, 0x1C,
    0x0E, 0xDD, 0x6A, 0xD6, 0x30, 0x3E, 0xCC, 0x42, 0xD4, 0x1F, 0xE4, 0x80, 0xCB, 0x40, 0xF0, 0x50,
    0x16, 0x33, 0x04, 0x14, 0xC1, 0x03, 0x21, 0xCE, 0xDE, 0xD4, 0x1E, 0x1B, 0x83, 0xDF, 0xD8, 0x00,
    0xEE, 0x64, 0x0C, 0x72, 0x0E, 0xEC, 0xEC, 0xA1, 0xDD, 0xD4, 0x00, 0x25, 0xD2, 0x03, 0x34, 0xE3,
    0x81, 0xE1, 0x98, 0x0F, 0xA4, 0x01, 0x29, 0xE1, 0x01, 0x81, 0x30, 0x40, 0xCA, 0xB8, 0x1E, 0x4D,
    0x83, 0xE6, 0xA2, 0x1A, 0x9C, 0x0A, 0x34, 0x1E, 0x5A, 0x8E, 0x96, 0xE1, 0x17, 0x98, 0x1A, 0x26,
    0xC8, 0x7C, 0x57, 0xC3, 0xC9, 0x50, 0x4D, 0x50, 0x3C, 0xB2, 0x07, 0xFF, 0x30, 0x01, 0xE7, 0x98,
    0x4B, 0x24, 0x0C, 0xCB, 0x02, 0x0A, 0x40, 0xCC, 0x90, 0x7A, 0x6A, 0x03, 0xA9, 0x03, 0x32, 0x60,
    0xFB, 0xC8, 0x7A, 0xAD, 0x61, 0xC0, 0x0E, 0xB2, 0xE0, 0xA9, 0xA8, 0x3F, 0x28, 0x1E, 0xCB, 0xD9,
    0x43, 0xD9, 0x52, 0x84, 0xE0, 0x3D, 0xF6, 0x03, 0x5C, 0xC9, 0x99, 0x50, 0x98, 0xCC, 0x76, 0x75,
    0x02, 0x5C, 0x82, 0x01, 0x70, 0x97, 0xCC, 0x2B, 0x34, 0x08, 0x05, 0xB0, 0x81, 0xED, 0xA8, 0x20,
    0xE5, 0x1B, 0x1D, 0x8E, 0x01, 0x9B, 0x20, 0x3F, 0x54, 0x1F, 0xD6, 0x5E, 0x04, 0xC1, 0xFD, 0x7C,
    0x00, 0x3F, 0xA4, 0x1F, 0x3B, 0x01, 0x02, 0x60, 0xFE, 0xA5, 0xF8, 0x3E, 0xB6, 0xB5, 0x1B, 0x8E,
    0xA1, 0x27, 0x98, 0x3F, 0xBA, 0x12, 0x49, 0x84, 0xD6, 0x41, 0xEA, 0xA0, 0x20, 0xE4, 0x07, 0xD9,
    0xE0, 0x02, 0x67, 0x30, 0x80, 0x60, 0x19, 0xB4, 0x07, 0xFD, 0x01, 0x8F, 0x30, 0xF7, 0x50, 0x1F,
    0xF5, 0x02, 0x0C, 0x80, 0xC5, 0x30, 0xF8, 0x50, 0x15, 0xD4, 0x04, 0x14, 0x81, 0x03, 0x21, 0xDF,
    0xD6, 0xB8, 0x1F, 0x3F, 0x87, 0xCF, 0xE4, 0x2C, 0xB8, 0x18, 0xE4, 0x3C, 0x19, 0xD8, 0x47, 0x83,
    0xD0, 0x7F, 0xD0, 0x26, 0xF3, 0x0F, 0xC6, 0x2C, 0x37, 0xE0, 0x62, 0x4C, 0x3F, 0x5F, 0x05, 0xF4,
    0x83, 0xF5, 0x60, 0x7F, 0xD0, 0x3F, 0x7A, 0x03, 0x2C, 0xC3, 0xF9, 0x70, 0xBD, 0xD0, 0x3F, 0x92,
    0x07, 0xED, 0x83, 0xFB, 0xF1, 0xE3, 0xD0, 0x3F, 0xB3, 0x09, 0x1C, 0xC3, 0xFD, 0xD2, 0x1D, 0xD4,
    0x3F, 0xBF, 0x0F, 0xEF, 0xC3, 0xFB, 0xF0, 0xFE, 0xFC, 0x3F, 0xBF, 0x0F, 0xEF, 0xC3, 0xFB, 0xC8,
    0x00, 0xD0, 0xAE, 0x20, 0x1B, 0x88, 0x03, 0xE0, 0xFF, 0xE0, 0x7F, 0xBE, 0x1F, 0xEF, 0x87, 0xFA,
    0xF2, 0xD0, 0xFF, 0x7C, 0x3F, 0xDF, 0x0F, 0xF7, 0xC3, 0xFD, 0x89, 0x60, 0x7F, 0xA6, 0x24, 0x3B,
    0x07, 0xFF, 0x82, 0x42, 0xB0, 0x7F, 0xBE, 0x1F, 0xEC, 0xCA, 0xC3, 0xFD, 0xF0, 0xFF, 0x7C, 0x3F,
    0xDF, 0x07, 0xFD, 0x81, 0x9F, 0x20, 0xFF, 0x7C, 0x3F, 0xDF, 0x22, 0xA5, 0xC4, 0x03, 0x91, 0x00,
    0x7C, 0x0D, 0x15, 0x08, 0x05, 0xAB, 0xE0, 0x7D, 0xA0, 0x7F, 0xBE, 0x1F, 0xEF, 0x87, 0xFB, 0xE1,
    0xFE, 0xF8, 0x7F, 0xBE, 0x3E, 0xAA, 0x02, 0xA6, 0x61, 0x1B, 0xA0, 0x7F, 0xFE, 0x3E, 0xCA, 0x11,
    0x72, 0x61, 0xFE, 0xF8, 0x7F, 0xB5, 0x2D, 0x0F, 0xF7, 0xC3, 0xFD, 0xF0, 0xFF, 0x72, 0x5C, 0x1F,
    0xEF, 0x87, 0xFB, 0xE1, 0xFE, 0xE8, 0x48, 0xEE, 0x20, 0x1B, 0x80, 0xFE, 0x42, 0x02, 0x90, 0x34,
    0x26, 0x10, 0x0F, 0x07, 0xFB, 0xE1, 0xFE, 0xF8, 0x7F, 0xBE, 0x1F, 0xEF, 0x87, 0xFB, 0xE1, 0xFE,
    0xF8, 0x3E, 0xEB, 0x00, 0x11, 0xED, 0x07, 0xE9, 0xC1, 0xB1, 0x58, 0x3F, 0xFF, 0xC0, 0x02, 0x2E,
    0x41, 0xFF, 0xF8, 0x7F, 0xFE, 0x3F, 0xAF, 0x87, 0xFF, 0xE1, 0xFF, 0xF8, 0x7F, 0xE9, 0x62, 0x8C,
    0xD8, 0x79, 0x56, 0x29, 0xCC, 0xDE, 0x43, 0x13, 0x94, 0xC5, 0x6C, 0xB1, 0x7A, 0xDC, 0xE2, 0x43,
    0x14, 0x89, 0x45, 0xAA, 0x51, 0x88, 0xB5, 0x62, 0x01, 0x3A, 0xC0, 0xCE, 0xE7, 0x22, 0x0C, 0xF9,
    0x1E, 0x6E, 0x20, 0xE9, 0x90, 0x2E, 0xB5, 0x78, 0x75, 0x5A, 0xAE, 0x47, 0x99, 0x4C, 0x4B, 0xB5,
    0x32, 0xEC, 0x5C, 0x9E, 0xD7, 0x10, 0x45, 0xC4, 0x0F, 0xB1, 0x02, 0xDC, 0x40, 0x9F, 0x2E, 0x8F,
    0xC4, 0x01, 0x50, 0xAC, 0xCC, 0x8F, 0x13, 0x07, 0xF4, 0xD0, 0xAD, 0x4B, 0xF5, 0x5A, 0xB0, 0x5D,
    0x1E, 0x56, 0xC3, 0xF9, 0x72, 0xE7, 0x7C, 0xB9, 0xDF, 0x03, 0xC4, 0xAB, 0x20, 0xC7, 0xA1, 0xAB,
    0xA7, 0x57, 0x07, 0xA6, 0xEC, 0x3C, 0xBA, 0x26, 0x12, 0x75, 0x82, 0xAB, 0x6A, 0xEA, 0xF2, 0xE0,
    0xFC, 0xD9, 0x65, 0xD2, 0x2E, 0x8C, 0xE7, 0x58, 0x4A, 0xB6, 0xA4, 0x3F, 0x53, 0x23, 0xAE, 0x83,
    0xF9, 0x38, 0x9D, 0x5B, 0x4C, 0x0A, 0x49, 0x87, 0xEA, 0xF1, 0x48, 0xA0, 0x3E, 0xED, 0xCB, 0x0F,
    0xC5, 0xE7, 0x58, 0x21, 0x3E, 0x5B, 0x94, 0x1F, 0x9B, 0xCE, 0xB0, 0x31, 0x48, 0xAD, 0x5B, 0x56,
    0x1F, 0xAD, 0xD5, 0xAA, 0xF5, 0x79, 0x8A, 0x78, 0x2E, 0x01, 0x49, 0x71, 0x83, 0xFD, 0x39, 0xD5,
    0xF8, 0x0A, 0x12, 0x2E, 0xE7, 0x40, 0xDD, 0x20, 0xFF, 0xE4, 0x07, 0x34, 0x0F, 0xEC, 0xA2, 0x91,
    0x43, 0xFC, 0x48, 0x03, 0x53, 0xE4, 0x07, 0xFA, 0xB3, 0xAC, 0x00, 0x12, 0x65, 0x59, 0x1F, 0xFD,
    0xC2, 0x3D, 0x4E, 0x50, 0x40, 0xA7, 0x3A, 0xC0, 0x81, 0xCE, 0x41, 0x03, 0xB5, 0x87, 0x96, 0x20,
    0x3B, 0xCE, 0xB0, 0x51, 0x48, 0x90, 0x1D, 0x66, 0x20, 0x7C, 0x73, 0x44, 0x0F, 0x79, 0xD0, 0x9D,
    0x25, 0x56, 0xD3, 0x17, 0xB3, 0xE5, 0xEC, 0xE8, 0x1C, 0xA6, 0x20, 0x49, 0x82, 0x5E, 0x5A, 0x91,
    0x02, 0xD4, 0x0E, 0x52, 0x0A, 0x04, 0x80, 0xE1, 0x28, 0x9D, 0x5B, 0x56, 0x0F, 0xBA, 0x81, 0x2E,
    0x42, 0x09, 0x90, 0x12, 0xA5, 0x14, 0x03, 0x94, 0xC4, 0x1B, 0x68, 0x00, 0x47, 0x2D, 0x35, 0x03,
    0xAC, 0x84, 0x23, 0x40, 0x3B, 0x50, 0x31, 0xF7, 0x10, 0x85, 0x81, 0x25, 0x2A, 0xD9, 0x7F, 0xBE,
    0x30, 0xFB, 0xBE, 0x36, 0xE1, 0x0C, 0xAD, 0x87, 0x95, 0x51, 0xC2, 0x81, 0xBE, 0x55, 0x82, 0xFE,
    0x58, 0x28, 0x12, 0x2F, 0xE4, 0xC0, 0xE5, 0x21, 0x08, 0x48, 0x0E, 0x12, 0x8A, 0x03, 0x9A, 0x82,
    0x14, 0xAF, 0x34, 0x42, 0x97, 0x9D, 0x61, 0x01, 0xBB, 0x31, 0x0A, 0xCC, 0x05, 0x16, 0x30, 0x2E,
    0x89, 0x2B, 0x51, 0x0A, 0x5E, 0x29, 0x12, 0x45, 0x16, 0x40, 0xF1, 0x21, 0x09, 0xD8, 0x0F, 0x33,
    0x07, 0x65, 0xE0, 0xF2, 0x30, 0x57, 0x4C, 0x1C, 0x32, 0x09, 0x1E, 0xF9, 0x14, 0x4B, 0xF4, 0xEB,
    0x00, 0x04, 0x9A, 0x03, 0xA6, 0x82, 0x1B, 0xA8, 0x1C, 0xE6, 0x21, 0xCA, 0x88, 0x6E, 0xA0, 0x41,
    0x95, 0x6C, 0x23, 0xF8, 0x06, 0x3C, 0x82, 0x3F, 0x8E, 0x40, 0x86, 0xEF, 0x3A, 0xC0, 0x12, 0x76,
    0xC1, 0x1F, 0x98, 0x87, 0x28, 0x11, 0xFA, 0x56, 0x04, 0x3D, 0x54, 0x5C, 0x70, 0x0F, 0x72, 0x11,
    0x1D, 0x80, 0xE7, 0x21, 0x11, 0x4C, 0x2B, 0x33, 0x07, 0x6C, 0x8F, 0xC9, 0xD0, 0x3C, 0xC8, 0x44,
    0x59, 0x01, 0xE5, 0x04, 0x3F, 0x20, 0x91, 0x4C, 0x13, 0x14, 0x10, 0xFD, 0x01, 0x33, 0x28, 0x98,
    0x3A, 0x24, 0x22, 0x1B, 0x04, 0x7F, 0x21, 0x52, 0xA8, 0x28, 0xE9, 0xC8, 0x11, 0x2D, 0xC1, 0xD9,
    0x28, 0x90, 0x11, 0xAC, 0x11, 0xF9, 0x81, 0xCE, 0x41, 0x1F, 0xB0, 0x1D, 0xE4, 0x0D, 0xF9, 0x08,
    0xA6, 0x48, 0xD0, 0xC1, 0xFB, 0xF4, 0x6D, 0x5A, 0x08, 0x6A, 0x40, 0x55, 0xA0, 0x1D, 0x64, 0x42,
    0x69, 0x82, 0x5A, 0x55, 0x91, 0x0C, 0xD4, 0x24, 0x54, 0x07, 0x44, 0x80, 0x85, 0x2A, 0xC0, 0x48,
    0xAC, 0x0E, 0x59, 0x05, 0x5A, 0x81, 0x22, 0x91, 0x0B, 0x31, 0xCD, 0x11, 0x25, 0x40, 0xE5, 0x61,
    0xD5, 0xDC, 0x45, 0x16, 0x04, 0x8C, 0xB4, 0xC2, 0x2A, 0xF8, 0x47, 0xB0, 0x22, 0xBD, 0x12, 0xC7,
    0x1C, 0xA0, 0xAD, 0xCC, 0x2B, 0x52, 0x40, 0x15, 0x44, 0xC5, 0x40, 0x91, 0x50, 0x2B, 0xF2, 0x07,
    0x24, 0xC0, 0x79, 0x21, 0x1A, 0xDA, 0xC3, 0xC6, 0x21, 0xA5, 0xE7, 0x57, 0xE0, 0x6F, 0xCC, 0x47,
    0x33, 0x09, 0x0E, 0x84, 0x75, 0x82, 0x1A, 0x64, 0x24, 0x17, 0x03, 0xA4, 0x84, 0x7B, 0x40, 0x3A,
    0x4C, 0x86, 0x97, 0x08, 0xF5, 0xC4, 0x83, 0xF1, 0x20, 0xE4, 0x73, 0x94, 0x0E, 0x5C, 0x83, 0xF5,
    0x31, 0x21, 0x5C, 0x97, 0x38, 0x12, 0x0F, 0xC4, 0x83, 0xF1, 0x20, 0xFC, 0x48, 0x3F, 0x12, 0x0F,
    0xC4, 0x83, 0xF1, 0x20, 0xFC, 0x48, 0x3C, 0x26, 0x16, 0x44, 0x89, 0x71, 0x21, 0xFC, 0x48, 0x77,
    0x12, 0x0F, 0xC4, 0x83, 0xF1, 0x20, 0xFC, 0x48, 0x3F, 0x12, 0x0F, 0xC4, 0x83, 0xF1, 0x20, 0xFC,
    0x48, 0x3B, 0x14, 0x75, 0x84, 0x85, 0xF2, 0x66, 0xDC, 0x48, 0x1F, 0x12, 0x07, 0xC4, 0x81, 0xF1,
    0x20, 0x7C, 0x48, 0x1F, 0x12, 0x07, 0xC4, 0x81, 0xF1, 0x20, 0x7C, 0x48, 0x16, 0x0A, 0x1D, 0x12,
    0x57, 0x74, 0x24, 0xE0, 0x48, 0x5F, 0x03, 0xBD, 0x04, 0x81, 0x40, 0x3B, 0xCC, 0x24, 0x34, 0x12,
    0x07, 0xC4, 0x81, 0xF1, 0x20, 0x7C, 0x48, 0x1F, 0x12, 0x07, 0xC4, 0x81, 0xF1, 0x20, 0x58, 0x28,
    0x54, 0x12, 0x0F, 0xC8, 0xC1, 0x64, 0x9E, 0xE0, 0x48, 0x1F, 0x12, 0x07, 0xC4, 0x81, 0xF1, 0x20,
    0x7C, 0x48, 0x1F, 0x12, 0x07, 0xC4, 0x81, 0xF1, 0x20, 0x7D, 0x29, 0xD8, 0x12, 0x1D, 0xCE, 0xD5,
    0x30, 0x3C, 0x48, 0x48, 0x74, 0x12, 0x17, 0xD4, 0x65, 0x51, 0x20, 0x54, 0x7E, 0x34, 0x12, 0x07,
    0xC4, 0x81, 0xF1, 0x20, 0x7C, 0x48, 0x1F, 0x12, 0x07, 0xC4, 0x81, 0xF1, 0x20, 0x60, 0x51, 0x14,
    0x23, 0x6F, 0x07, 0xA7, 0x51, 0x20, 0x7C, 0x48, 0x1F, 0x12, 0x07, 0xC4, 0x81, 0xF1, 0x20, 0x7C,
    0x48, 0x1F, 0x12, 0x07, 0xC2, 0xEF, 0x52, 0x7C, 0x4B, 0x61, 0x62, 0x9C, 0xCE, 0xE3, 0x33, 0xAA,
    0xBC, 0xEE, 0x72, 0xD5, 0xD9, 0x92, 0x22, 0xE1, 0x48, 0x9B, 0x57, 0x66, 0x96, 0xAA, 0x61, 0x02,
    0xC1, 0x32, 0x77, 0xCC, 0x39, 0x12, 0x81, 0x25, 0xA6, 0x44, 0x88, 0x90, 0x1A, 0xE8, 0x0E, 0x79,
    0x33, 0x8E, 0xC0, 0xC4, 0x93, 0x55, 0x6A, 0xA5, 0x5C, 0xA4, 0xB6, 0x82, 0x37, 0xA3, 0x38, 0xAE,
    0xD4, 0xFA, 0x99, 0xBA, 0xAC, 0xE0, 0xB2, 0x62, 0x66, 0xD4, 0xD9, 0x08, 0xA6, 0xEC, 0x57, 0xC1,
    0x9A, 0xE7, 0x04, 0x52, 0x65, 0xA0, 0xED, 0x43, 0xB9, 0x99, 0x6A, 0xCD, 0xBB, 0x19, 0x8E, 0x89,
    0xAB, 0xA1, 0x98, 0x6F, 0x06, 0x3F, 0x04, 0xD3, 0x61, 0x53, 0x30, 0x52, 0x04, 0xD4, 0x4B, 0xD8,
    0x76, 0x42, 0x17, 0x9C, 0xEA, 0xB1, 0x56, 0x80, 0x00, 0x16, 0x5B, 0x30, 0x7B, 0x49, 0x49, 0x32,
    0x9D, 0x56, 0x6A, 0xDF, 0xEA, 0xBC, 0xB4, 0x9D, 0x1C, 0xBE, 0x82, 0x9A, 0x5F, 0xC0, 0x17, 0x4C,
    0x1E, 0xB3, 0x8A, 0x45, 0x1A, 0x97, 0x5B, 0x0E, 0xC8, 0x42, 0x16, 0xAC, 0x35, 0x32, 0xB6, 0x1D,
    0x80, 0x84, 0x33, 0x3A, 0xAB, 0x83, 0xCA, 0x49, 0xF1, 0x93, 0x70, 0x76, 0x03, 0xA9, 0x03, 0xCA,
    0x61, 0x66, 0x9E, 0xB4, 0x42, 0x55, 0x9D, 0x6A, 0x67, 0x73, 0x60, 0x26, 0xC9, 0xB8, 0xD9, 0x83,
    0x83, 0x8A, 0x74, 0x71, 0x37, 0x48, 0x37, 0x95, 0x3D, 0x6C, 0xA2, 0x8C, 0x64, 0xAD, 0x87, 0x5C,
    0x20, 0xEC, 0x6A, 0xC0, 0x8B, 0x28, 0x30, 0x1E, 0xE6, 0x01, 0x29, 0x04, 0x42, 0xFB, 0x01, 0x07,
    0x5C, 0x1A, 0xB3, 0x01, 0x9C, 0xC2, 0xBD, 0x4D, 0x90, 0x84, 0xB3, 0x3A, 0xAC, 0x06, 0x16, 0x50,
    0x06, 0xB2, 0xDE, 0xC3, 0xB3, 0x10, 0xAD, 0xAB, 0x35, 0x6F, 0xE0, 0x49, 0xA4, 0x8C, 0x29, 0x82,
    0xBE, 0x86, 0x6D, 0xA3, 0x59, 0x6C, 0x79, 0xF9, 0x80, 0x86, 0x60, 0x89, 0xA6, 0x00, 0x12, 0x12,
    0xFF, 0x09, 0xDE, 0xA0, 0x72, 0x90, 0x83, 0xE8, 0x07, 0x09, 0x44, 0xC0, 0xE1, 0x36, 0xB5, 0xE4,
    0x0A, 0x32, 0x10, 0xAD, 0xA7, 0x5A, 0xB9, 0xDC, 0xD9, 0x47, 0x92, 0x8A, 0x55, 0xA0, 0x41, 0x15,
    0xAB, 0x5C, 0xEE, 0x07, 0xBA, 0x08, 0x76, 0xBA, 0x90, 0x64, 0xD0, 0xCF, 0x58, 0x04, 0xB4, 0xA0,
    0xED, 0x77, 0xA8, 0x41, 0xAC, 0x87, 0x8C, 0x0A, 0x8E, 0xDB, 0x00, 0x94, 0x4C, 0x0D, 0xD4, 0x82,
    0x03, 0x8E, 0xA6, 0xB6, 0xA4, 0x08, 0x0E, 0x54, 0x10, 0x9D, 0x00, 0xE1, 0x28, 0xA5, 0x58, 0x11,
    0x14, 0xB0, 0xEC, 0xC4, 0x2B, 0x6A, 0xC8, 0x36, 0xA7, 0x57, 0x96, 0xA5, 0xE3, 0x64, 0xE1, 0xB8,
    0x84, 0x2A, 0x4E, 0x0E, 0x6C, 0x84, 0x19, 0xA0, 0x3B, 0x48, 0x09, 0xD3, 0x05, 0x5D, 0x04, 0x19,
    0x29, 0xD5, 0x5C, 0x2D, 0xB3, 0x6C, 0x56, 0x6C, 0x3A, 0xE1, 0x08, 0x4C, 0x0E, 0x53, 0x02, 0x34,
    0x81, 0x69, 0x3D, 0x68, 0x84, 0xEC, 0x06, 0xA9, 0x0A, 0x82, 0xD8, 0x50, 0x1E, 0xCA, 0x0E, 0x0E,
    0x2A, 0x8A, 0x77, 0x5A, 0xE1, 0x05, 0xDB, 0x56, 0x02, 0xEA, 0x88, 0x27, 0x20, 0x6C, 0x98, 0x20,
    0x65, 0x04, 0x6C, 0xB6, 0xC4, 0x1B, 0x70, 0xD6, 0x4C, 0x1D, 0x16, 0xD9, 0x88, 0x3A, 0xA1, 0x50,
    0xAB, 0x67, 0x31, 0x7D, 0x0A, 0x6C, 0xA1, 0xFF, 0xE8, 0xE0, 0x81, 0xA6, 0x29, 0x6B, 0x6C, 0x84,
    0x07, 0x8A, 0xC0, 0x10, 0xE5, 0xFE, 0x14, 0xB5, 0x82, 0x25, 0x50, 0x1F, 0xCC, 0x0C, 0xF5, 0x6D,
    0x1D, 0x01, 0xB5, 0x21, 0x03, 0x60, 0x0D, 0x13, 0x08, 0x9C, 0x80, 0x85, 0x21, 0xDC, 0x5B, 0x5A,
    0x20, 0xAB, 0x0C, 0xA2, 0x40, 0xCF, 0x90, 0xED, 0xE4, 0x98, 0x1B, 0x93, 0x5F, 0x62, 0x95, 0xB6,
    0xB8, 0xD0, 0xF6, 0xD5, 0xD5, 0xA0, 0xC1, 0x32, 0xB0, 0x45, 0x26, 0x0D, 0xAB, 0x01, 0x0A, 0x50,
    0x41, 0x4B, 0xD8, 0x1A, 0xF3, 0x10, 0x55, 0x01, 0xB1, 0x48, 0x10, 0x4D, 0xE7, 0xFE, 0x80, 0x07,
    0x16, 0x80, 0x6E, 0x99, 0x12, 0xEA, 0x06, 0xFA, 0x8E, 0xEA, 0xE8, 0x88, 0xAC, 0x56, 0xAD, 0xFC,
    0x1D, 0xCD, 0xC2, 0x23, 0xC1, 0x0C, 0x4C, 0x9A, 0xFB, 0xD8, 0x05, 0x3A, 0xA1, 0x4D, 0x9A, 0xD8,
    0xAC, 0x88, 0xBA, 0xC0, 0x85, 0x33, 0x40, 0xA8, 0xCC, 0x44, 0x12, 0x03, 0xA5, 0x22, 0x80, 0x49,
    0x90, 0xEF, 0x6B, 0xAD, 0x22, 0x6D, 0xB5, 0x20, 0xDA, 0x9A, 0x04, 0xEE, 0x11, 0x8B, 0xA2, 0x3B,
    0x22, 0x96, 0xC6, 0xB8, 0x88, 0x98, 0xD5, 0x82, 0x32, 0x41, 0x64, 0x90, 0xED, 0xA8, 0x11, 0x6A,
    0xE0, 0x03, 0x83, 0x61, 0xDC, 0x6C, 0x46, 0x58, 0x6E, 0x7D, 0xC4, 0x6B, 0xD6, 0xE9, 0x64, 0x46,
    0xB8, 0x08, 0xE7, 0xC4, 0x6B, 0xA0, 0xE5, 0xD0, 0x46, 0xBF, 0x11, 0xAD, 0x07, 0x75, 0x51, 0x1B,
    0xF4, 0x77, 0x56, 0x11, 0xC7, 0x87, 0x77, 0x81, 0x1C, 0xC8, 0x77, 0x55, 0x1C, 0x84, 0xA1, 0xC9,
    0x9C, 0xB0, 0x8E, 0xA4, 0x17, 0x2A, 0x88, 0xE7, 0xA3, 0xBA, 0x99, 0x40, 0xAC, 0x23, 0x7F, 0x8E,
    0xF6, 0xE2, 0x38, 0xF8, 0x8E, 0x26, 0x5F, 0xFA, 0x88, 0xE3, 0xE3, 0xBB, 0xA0, 0x49, 0x36, 0x4D,
    0xAB, 0x08, 0xDF, 0x63, 0xB8, 0xA8, 0x8D, 0xFC, 0x4D, 0xCC, 0x08, 0xDB, 0x81, 0x24, 0xA0, 0xA6,
    0xE4, 0x25, 0xDA, 0x8A, 0x26, 0x82, 0x35, 0xF0, 0xF0, 0x6C, 0x23, 0x6D, 0x0F, 0x02, 0xA2, 0x37,
    0xF8, 0x8D, 0xFE, 0x11, 0x19, 0x3C, 0xBE, 0xA2, 0x38, 0xB0, 0x48, 0xA8, 0x23, 0x9E, 0x0E, 0xF6,
    0xC2, 0x3A, 0xF0, 0xEF, 0x6E, 0x4D, 0xFB, 0x84, 0x9B, 0xC2, 0x3E, 0xD0, 0x8F, 0x2E, 0x23, 0xB9,
    0x84, 0x9A, 0x42, 0x3C, 0x90, 0x3C, 0x2A, 0x23, 0xDE, 0x84, 0x9B, 0x42, 0x3E, 0xD2, 0x11, 0x6C,
    0x23, 0xFD, 0x18, 0x0A, 0xA2, 0x40, 0xF8, 0x90, 0x3E, 0x24, 0x09, 0xB8, 0x62, 0xA2, 0x42, 0xF8,
    0x90, 0xAA, 0xE1, 0xDC, 0x89, 0x0A, 0xA2, 0x8A, 0x90, 0x49, 0xE8, 0x12, 0x6B, 0x09, 0x0F, 0xC6,
    0x04, 0xC0, 0x91, 0x24, 0x60, 0x3A, 0x09, 0x17, 0xE2, 0x45, 0xD1, 0x7F, 0x26, 0x12, 0x2E, 0x09,
    0x1F, 0x41, 0x22, 0xB0, 0x92, 0x3E, 0x24, 0x8C, 0x13, 0x8B, 0x02, 0x4B, 0xA0, 0xB5, 0x29, 0xA9,
    0x12, 0x5D, 0x42, 0x4B, 0xE1, 0x24, 0x7C, 0x49, 0x1F, 0x12, 0x47, 0xC4, 0x91, 0xF1, 0x24, 0x7C,
    0x49, 0x1F, 0x12, 0x47, 0xC2, 0x45, 0x80, 0xA6, 0x48, 0x49, 0x3A, 0x1E, 0x76, 0x04, 0x91, 0xF1,
    0x24, 0x7C, 0x49, 0x1F, 0x12, 0x47, 0xC4, 0x91, 0xF1, 0x24, 0x7C, 0x49, 0x1F, 0x0B, 0xBD, 0x89,
    0xC1, 0x2A, 0xB9, 0x38, 0x25, 0x16, 0x9D, 0x50, 0x67, 0x73, 0x62, 0x3E, 0x65, 0xC9, 0x9F, 0x57,
    0x05, 0x04, 0x99, 0x42, 0x71, 0xDB, 0x61, 0x57, 0x96, 0x89, 0x36, 0x6E, 0x4D, 0xB5, 0xF4, 0x0B,
    0x13, 0x72, 0x55, 0xC4, 0x85, 0x57, 0x62, 0xF4, 0x47, 0x7F, 0x38, 0xB6, 0x4D, 0x0B, 0x71, 0x1B,
    0x65, 0xC9, 0xB6, 0x8E, 0x27, 0x4A, 0x98, 0x4A, 0xB6, 0xC8, 0x01, 0x54, 0x11, 0x8D, 0x2A, 0xDB,
    0x52, 0xF5, 0x5C, 0xCE, 0x99, 0x08, 0x3D, 0x5D, 0x7F, 0x90, 0x4F, 0x59, 0x99, 0x55, 0xD9, 0x88,
    0x86, 0x89, 0xD3, 0x9E, 0xC1, 0x68, 0xFA, 0xAC, 0x0A, 0xCE, 0x54, 0x3A, 0xB6, 0xB8, 0x1F, 0xF4,
    0x2B, 0x24, 0x84, 0x4B, 0x4A, 0x2D, 0x5B, 0x5A, 0xE4, 0x6F, 0x19, 0xBE, 0xA9, 0x44, 0xB1, 0x9C,
    0x32, 0x5D, 0xFC, 0x56, 0x04, 0x3B, 0x8A, 0x18, 0xBB, 0x6D, 0x57, 0x33, 0x86, 0x28, 0x20, 0xFB,
    0x96, 0xB8, 0x43, 0xDB, 0x01, 0xFC, 0x84, 0x3F, 0x4B, 0x0E, 0xA6, 0xC5, 0x36, 0x33, 0x6D, 0x27,
    0xA0, 0x4D, 0x92, 0x93, 0x6E, 0x66, 0xB9, 0x81, 0xB2, 0x42, 0x20, 0xC8, 0x3E, 0x66, 0x66, 0xCB,
    0xB9, 0x4B, 0x1A, 0xB1, 0x0E, 0xDA, 0x7E, 0x04, 0xA9, 0x6C, 0xDC, 0xA7, 0xC0, 0x6F, 0xC8, 0xCE,
    0x34, 0xA0, 0x80, 0xCA, 0x81, 0xA7, 0x9D, 0x60, 0xCD, 0xF8, 0xA1, 0x86, 0x32, 0x40, 0x44, 0x90,
    0x3F, 0xE9, 0x59, 0x11, 0x0E, 0x28, 0xA0, 0xE0, 0x90, 0x7B, 0xA6, 0x0D, 0x09, 0x99, 0xAE, 0xC2,
    0x1D, 0xC8, 0x87, 0x26, 0x21, 0x9B, 0x01, 0xC6, 0x48, 0xAE, 0xA5, 0x0C, 0x11, 0xD2, 0x62, 0xD5,
    0x6A, 0xE6, 0x6D, 0xA5, 0x04, 0x08, 0x32, 0xD7, 0x0B, 0x66, 0x9A, 0xBB, 0x14, 0xD8, 0xCD, 0xB4,
    0x9F, 0x85, 0x2E, 0x5B, 0x04, 0xE7, 0xFB, 0x52, 0x22, 0x3B, 0x01, 0xD6, 0x66, 0x6F, 0xFC, 0x56,
    0xAD, 0xB5, 0x11, 0x05, 0xCC, 0xDF, 0xB1, 0x0E, 0xD4, 0xCD, 0xF7, 0x63, 0x0E, 0x00, 0xE1, 0x23,
    0x37, 0xCA, 0x83, 0x56, 0xD9, 0x20, 0x82, 0xB5, 0x6D, 0x80, 0x2F, 0xE6, 0x66, 0xCA, 0x50, 0xC0,
    0x77, 0x2D, 0x70, 0x04, 0x69, 0x59, 0x11, 0x0E, 0x28, 0xA0, 0xDB, 0xA0, 0x88, 0x70, 0x66, 0xBC,
    0xB9, 0x97, 0x26, 0x6D, 0xDB, 0x99, 0xF5, 0x58, 0x10, 0xCE, 0x00, 0xF1, 0x26, 0x34, 0x5A, 0xAE,
    0x78, 0xF9, 0x02, 0xB2, 0x61, 0x1F, 0xC8, 0x1E, 0x64, 0x2A, 0xD9, 0x4F, 0xC2, 0x99, 0x20, 0x48,
    0xCC, 0x8F, 0x72, 0x11, 0x05, 0x00, 0xE5, 0x26, 0x34, 0xE1, 0x15, 0x95, 0xDA, 0x84, 0x77, 0x48,
    0xAD, 0xA3, 0x1B, 0xB1, 0xAB, 0x10, 0xCE, 0x27, 0xE2, 0xE4, 0xB0, 0x1C, 0x24, 0x8A, 0xFC, 0x04,
    0x7A, 0x7B, 0x27, 0x38, 0x74, 0x24, 0x35, 0x3C, 0x84, 0xC2, 0xB5, 0x54, 0x58, 0x50, 0x2B, 0x32,
    0x09, 0x0E, 0x11, 0x5F, 0x30, 0x3C, 0xC8, 0x43, 0x99, 0x09, 0x0D, 0x91, 0x5B, 0x41, 0x0B, 0xDA,
    0xB0, 0x21, 0x7B, 0x50, 0xC0, 0x9B, 0x20, 0x73, 0xC8, 0x9F, 0x16, 0xAB, 0x84, 0x77, 0xC0, 0xE8,
    0x9A, 0x2B, 0xAF, 0x3F, 0x08, 0xF4, 0x80, 0x89, 0x20, 0x8F, 0x53, 0x52, 0x21, 0xEC, 0x4F, 0x42,
    0x3D, 0x2D, 0xA8, 0xC3, 0x68, 0x9C, 0xEB, 0xA2, 0xB6, 0x4E, 0x78, 0xE8, 0x85, 0xE6, 0x81, 0xDB,
    0x08, 0xD6, 0x44, 0x62, 0xA4, 0xFC, 0x2B, 0x53, 0x09, 0x0D, 0x40, 0xEB, 0x24, 0x59, 0x4C, 0x24,
    0x53, 0xD9, 0x04, 0x8A, 0x80, 0xE5, 0x90, 0x55, 0x68, 0x12, 0x1B, 0xC3, 0x80, 0xE1, 0x22, 0x32,
    0xD4, 0x0E, 0x33, 0x45, 0x67, 0xD2, 0x7D, 0x51, 0x13, 0xF8, 0x23, 0xB7, 0x81, 0x46, 0x84, 0xD1,
    0x28, 0x15, 0x88, 0x61, 0x12, 0x13, 0x4C, 0xB6, 0x13, 0xB9, 0xA8, 0x8B, 0xFA, 0x50, 0x0B, 0x91,
    0xA6, 0x5A, 0xE2, 0x34, 0xD6, 0x32, 0xAC, 0x79, 0x55, 0xCF, 0x31, 0x2A, 0xB9, 0x99, 0xE7, 0x84,
    0x11, 0xAE, 0x44, 0x69, 0xF3, 0x3F, 0xD0, 0x46, 0x9F, 0x11, 0xA6, 0x02, 0x5B, 0x21, 0x19, 0xD2,
    0x33, 0x27, 0x22, 0xAE, 0xC2, 0x6B, 0x34, 0x4E, 0x55, 0xCE, 0xB9, 0x06, 0xA5, 0x10, 0x17, 0x66,
    0x7B, 0xDA, 0xB6, 0x22, 0x9B, 0x88, 0xA2, 0xE0, 0x26, 0x93, 0x1B, 0xE6, 0x22, 0x5A, 0x08, 0x8B,
    0x89, 0x32, 0x91, 0x10, 0xAE, 0x7B, 0x39, 0x91, 0x0E, 0xD0, 0x41, 0xAB, 0xD3, 0x64, 0x7B, 0x29,
    0x4A, 0x8B, 0x93, 0x68, 0x30, 0x2E, 0x65, 0x81, 0x08, 0x84, 0xB6, 0x68, 0x83, 0x92, 0x6D, 0x32,
    0x26, 0x99, 0x94, 0x72, 0x7A, 0x62, 0x23, 0x54, 0x21, 0xD2, 0x11, 0x3C, 0x82, 0x1D, 0x27, 0x3C,
    0x5E, 0x08, 0x10, 0x4A, 0x6C, 0x80, 0x63, 0x20, 0x81, 0xCE, 0x05, 0x02, 0x8E, 0x88, 0x86, 0xDB,
    0x00, 0x5C, 0x54, 0x0B, 0x14, 0x67, 0xCD, 0xD0, 0x61, 0x37, 0x86, 0xCC, 0x2B, 0xB3, 0xFF, 0x58,
    0x88, 0x01, 0x32, 0x21, 0xCF, 0x5A, 0x9F, 0x9A, 0x08, 0x93, 0x80, 0x6E, 0x98, 0xBC, 0xEA, 0x22,
    0x49, 0x90, 0xF2, 0xD1, 0xC2, 0x1E, 0x4A, 0x28, 0xE7, 0xAB, 0x40, 0x02, 0x6F, 0x28, 0xD8, 0x0C,
    0xA5, 0xAE, 0x4F, 0xCC, 0xD3, 0x5B, 0xA8, 0x10, 0x87, 0xAD, 0xB0, 0x4F, 0xDD, 0x05, 0x5F, 0x38,
    0x20, 0x76, 0xEC, 0x1F, 0x19, 0xEC, 0x93, 0xF7, 0x49, 0x50, 0x88, 0x6F, 0x61, 0x83, 0x08, 0x8A,
    0xF3, 0xA2, 0xCD, 0x49, 0x3F, 0x74, 0x11, 0x26, 0xE4, 0x64, 0x3E, 0xC8, 0x88, 0x2B, 0x61, 0x82,
    0x2F, 0x0A, 0x5B, 0x24, 0xC1, 0x48, 0x0E, 0x73, 0x8D, 0x88, 0x8E, 0x5B, 0x01, 0x0C, 0xCC, 0x0F,
    0x74, 0x80, 0x01, 0x3A, 0x42, 0x23, 0xAE, 0xB9, 0x3F, 0x14, 0x96, 0xD1, 0xC7, 0xE9, 0x37, 0x44,
    0xD4, 0x9A, 0x54, 0x03, 0xBD, 0x88, 0x95, 0x50, 0x3C, 0x4C, 0x21, 0x96, 0x13, 0x75, 0x84, 0x55,
    0x34, 0xFE, 0xD4, 0x5D, 0x15, 0x34, 0x75, 0x00, 0xC1, 0x2C, 0x38, 0x43, 0xFA, 0x15, 0x19, 0x88,
    0x8A, 0x5B, 0x0A, 0xB5, 0x60, 0x11, 0xD8, 0x07, 0x4C, 0x88, 0x83, 0x68, 0x20, 0x77, 0x28, 0x0E,
    0x99, 0x27, 0xFA, 0x92, 0xA2, 0x20, 0xDA, 0x0C, 0x0E, 0x09, 0x11, 0x06, 0xBB, 0x30, 0x71, 0x50,
    0x88, 0x38, 0x44, 0xD6, 0x01, 0x8F, 0x21, 0x37, 0xD8, 0x87, 0xD5, 0x13, 0x74, 0xDD, 0x27, 0x80,
    0x77, 0xD0, 0xE2, 0x92, 0x03, 0xDC, 0xC2, 0x47, 0x40, 0x20, 0xC8, 0x44, 0x74, 0x05, 0x84, 0x81,
    0xCB, 0x20, 0x93, 0x5E, 0x00, 0x44, 0x4A, 0x6B, 0x94, 0x8F, 0x7B, 0x0F, 0xFB, 0xFD, 0x00, 0x03,
    0xBC, 0xC1, 0xDD, 0x51, 0x15, 0x50, 0x4D, 0xF3, 0x28, 0xE4, 0xEB, 0x62, 0x2B, 0xA8, 0x39, 0xA6,
    0x12, 0x3A, 0x08, 0xA2, 0xE0, 0xE8, 0x90, 0x49, 0x29, 0xAE, 0x09, 0x27, 0x04, 0x4F, 0x30, 0x92,
    0x4D, 0x36, 0xD2, 0x74, 0xEE, 0x44, 0x53, 0x51, 0x5C, 0x4C, 0x1E, 0x58, 0x07, 0x24, 0xCD, 0x21,
    0x30, 0xAE, 0xC8, 0x1D, 0xF2, 0x09, 0x36, 0xC8, 0x83, 0x30, 0x3D, 0x48, 0x1D, 0x75, 0x56, 0xDC,
    0xD4, 0x8B, 0x60, 0xB1, 0xC8, 0x24, 0xD3, 0x04, 0xDD, 0x02, 0x49, 0x3D, 0x92, 0x7F, 0xE6, 0x22,
    0x3B, 0x04, 0x8A, 0x62, 0x23, 0x98, 0x1C, 0x6A, 0x15, 0x7A, 0xC0, 0x0C, 0x81, 0x60, 0x78, 0xD5,
    0x3F, 0xF7, 0x09, 0x14, 0xC1, 0xD9, 0x77, 0x93, 0x50, 0x0E, 0xF2, 0x4F, 0xEC, 0xC2, 0x47, 0x21,
    0x39, 0xD0, 0x44, 0x75, 0x91, 0xBA, 0xB7, 0x64, 0x55, 0xA8, 0x0A, 0x26, 0x09, 0x19, 0x4D, 0x81,
    0x33, 0x2A, 0xC8, 0x49, 0xEC, 0x0E, 0xB9, 0x27, 0xFA, 0x60, 0x7E, 0xA0, 0x39, 0x66, 0x69, 0x0A,
    0x83, 0x9A, 0x69, 0xFF, 0x91, 0x5B, 0x70, 0x15, 0x9A, 0x81, 0x3A, 0x60, 0x75, 0xA8, 0x48, 0xF2,
    0xAD, 0xBB, 0xA8, 0x0A, 0xA2, 0x33, 0xFC, 0x38, 0x4E, 0x32, 0x8B, 0x58, 0x70, 0x36, 0x29, 0xC8,
    0x9C, 0x65, 0x15, 0x26, 0xDC, 0xD1, 0x5B, 0x24, 0xDE, 0xD2, 0x33, 0x27, 0x45, 0x2F, 0x1C, 0xE3,
    0x3D, 0x58, 0x9C, 0x2D, 0x0A, 0x4D, 0xE5, 0x08, 0xE9, 0x24, 0xDE, 0x51, 0x33, 0x73, 0x4D, 0xE5,
    0x41, 0x95, 0x24, 0xDE, 0x58, 0x47, 0xB7, 0x4D, 0xE5, 0x44, 0x7B, 0x64, 0xDE, 0x78, 0xCF, 0xB3,
    0x4A, 0x1D, 0x53, 0xBB, 0x34, 0xDE, 0x67, 0x00, 0x9B, 0xCC, 0x3C, 0x9E, 0x69, 0xBC, 0x9B, 0xC9,
    0x26, 0x9B, 0xCF, 0xA6, 0xF2, 0xAF, 0x21, 0xA0, 0xB7, 0x68, 0x22, 0x5B, 0xA6, 0xF3, 0xA5, 0x79,
    0x92, 0x6F, 0x31, 0x82, 0x33, 0x15, 0x28, 0x69, 0xBC, 0xA0, 0x64, 0x24, 0x65, 0xFA, 0x51, 0x53,
    0x79, 0xF3, 0x31, 0x51, 0x37, 0x9F, 0x87, 0x58, 0x70, 0x42, 0x1F, 0xB1, 0x33, 0xA4, 0x0D, 0x1A,
    0x60, 0x4C, 0xC3, 0xA1, 0xD8, 0x4D, 0x37, 0x9B, 0x10, 0xDC, 0x93, 0x79, 0xAB, 0xF1, 0x97, 0x2D,
    0x3D, 0x4D, 0xDE, 0xAF, 0xA9, 0xBB, 0xF9, 0x97, 0x66, 0x9B, 0xBB, 0x60, 0x08, 0x79, 0x82, 0x66,
    0xCD, 0x37, 0x7F, 0xC0, 0x88, 0x57, 0x14, 0x14, 0x68, 0xE3, 0x04, 0x65, 0xED, 0x13, 0x42, 0x69,
    0xBA, 0xCE, 0x11, 0x14, 0xD6, 0x26, 0x84, 0xCE, 0x21, 0x24, 0xDD, 0x7D, 0x37, 0x54, 0xC2, 0x05,
    0x8A, 0x85, 0x9F, 0x91, 0x0E, 0xE9, 0x43, 0x4D, 0xD6, 0x30, 0x26, 0x5C, 0xB0, 0xEA, 0xE6, 0x9B,
    0xAE, 0xBF, 0xD2, 0x62, 0x1C, 0xA9, 0x34, 0xE4, 0x91, 0x59, 0xA6, 0xE7, 0xC0, 0x78, 0x99, 0x11,
    0xEA, 0x07, 0x99, 0xA6, 0xE6, 0xA6, 0x5F, 0xBA, 0x6E, 0x7E, 0x65, 0xDE, 0x01, 0xBA, 0x42, 0x16,
    0x9D, 0x05, 0x37, 0x1A, 0x06, 0xFC, 0x80, 0xE1, 0x43, 0x2C, 0x54, 0x7D, 0x33, 0x4D, 0xC5, 0x70,
    0x84, 0x3E, 0xB1, 0x33, 0xA6, 0x9B, 0x8F, 0xA6, 0xE3, 0x26, 0x57, 0xD1, 0x32, 0x29, 0x82, 0x0A,
    0x5C, 0xC0, 0x55, 0x22, 0x1D, 0xCC, 0x0E, 0x92, 0x4C, 0x4D, 0x01, 0x51, 0x31, 0x08, 0x4C, 0x14,
    0xF2, 0x4D, 0xC7, 0x30, 0x08, 0xA0, 0xA4, 0xFD, 0x36, 0xF6, 0x10, 0x84, 0x88, 0x77, 0x40, 0x34,
    0x48, 0xEE, 0xD6, 0x1B, 0xEC, 0xCE, 0xED, 0xF8, 0x75, 0x87, 0x00, 0x21, 0x0B, 0x13, 0x12, 0x41,
    0x12, 0xB0, 0x83, 0x6E, 0x11, 0x29, 0xA6, 0xDB, 0xE2, 0x0D, 0x91, 0xDC, 0xEE, 0x03, 0x2A, 0x61,
    0x11, 0x33, 0x60, 0xA5, 0x51, 0x36, 0xD8, 0xC2, 0xA6, 0xDB, 0x08, 0x93, 0xBE, 0x09, 0x12, 0x78,
    0x25, 0xF4, 0xD3, 0x6D, 0x70, 0x86, 0xD4, 0x07, 0xD3, 0x03, 0x2D, 0x53, 0x6D, 0x5C, 0x02, 0x24,
    0x34, 0x4C, 0x09, 0xA6, 0xD7, 0x37, 0xE4, 0x48, 0x58, 0x98, 0x13, 0x4D, 0xAF, 0xD3, 0x6B, 0x94,
    0x49, 0x57, 0x00, 0x66, 0xCB, 0x4F, 0xCE, 0xD9, 0x80, 0x87, 0xCC, 0x1A, 0xD4, 0x3B, 0x5E, 0x81,
    0xA7, 0x34, 0x48, 0x54, 0x1A, 0x93, 0x3B, 0x5E, 0xC0, 0xD9, 0x33, 0x37, 0xD4, 0x0D, 0xB5, 0x26,
    0x15, 0xD1, 0x1D, 0x73, 0xB5, 0xFD, 0x11, 0xDC, 0x4D, 0xA6, 0x30, 0x21, 0x48, 0xA9, 0xDA, 0xF2,
    0x24, 0x6A, 0x43, 0xAA, 0xD6, 0x31, 0x23, 0x48, 0x8A, 0x12, 0x3B, 0x75, 0x02, 0x9D, 0x34, 0x4A,
    0x4C, 0x29, 0xB2, 0x2A, 0xA5, 0xAF, 0xC6, 0x75, 0xB4, 0xF6, 0x29, 0x13, 0x3B, 0x5F, 0x06, 0x4F,
    0x44, 0x46, 0xFC, 0x1F, 0x72, 0x33, 0x5D, 0xE7, 0xED, 0x21, 0xA0, 0xC8, 0xA6, 0x11, 0x1A, 0xE0,
    0xA7, 0x54, 0x11, 0x90, 0x6C, 0x44, 0xF7, 0x4D, 0x86, 0x04, 0x53, 0x84, 0xD7, 0x70, 0x44, 0xF3,
    0xB2, 0x84, 0x4F, 0x35, 0x6B, 0x50, 0x45, 0x2C, 0x22, 0x8C, 0x8C, 0x8E, 0xA2, 0x28, 0xF1, 0x52,
    0x78, 0x22, 0x89, 0xD9, 0xD9, 0x25, 0x44, 0x43, 0x54, 0x45, 0x39, 0xB1, 0x8C, 0x87, 0x22, 0x2A,
    0x95, 0x84, 0x64, 0x15, 0xAB, 0x57, 0xCD, 0x37, 0x27, 0x44, 0x60, 0x45, 0xB3, 0xAB, 0x57, 0x02,
    0xD3, 0x51, 0x16, 0xED, 0xAD, 0x38, 0x11, 0x4E, 0x86, 0x35, 0x71, 0x14, 0xFE, 0xAD, 0x61, 0x4D,
    0x5E, 0x04, 0x53, 0xBB, 0x18, 0xC8, 0x28, 0x11, 0x99, 0x55, 0xAC, 0xE5, 0x55, 0xD6, 0x12, 0xAD,
    0x6A, 0x12, 0x5D, 0x44, 0x53, 0x74, 0xD5, 0xD8, 0x45, 0x1A, 0x4D, 0x4E, 0x04, 0x4B, 0xCA, 0xB5,
    0x9C, 0xAB, 0xB3, 0x08, 0xC5, 0x44, 0xED, 0x41, 0x12, 0x6C, 0x06, 0xB3, 0x37, 0xD5, 0x44, 0x4B,
    0x70, 0x24, 0xCC, 0xAC, 0xD9, 0xAE, 0x15, 0x9B, 0x06, 0x1F, 0x90, 0x89, 0xFA, 0x78, 0x6D, 0x60,
    0xAA, 0xD5, 0xF0, 0x89, 0x50, 0x45, 0x1B, 0xB0, 0xA6, 0x9E, 0xC2, 0x29, 0xDD, 0x8D, 0x34, 0xDF,
    0x08, 0xC4, 0xC0, 0xE5, 0x20, 0x8C, 0xE4, 0x45, 0xB4, 0xAB, 0x5A, 0x82, 0x35, 0x61, 0x16, 0x50,
    0x45, 0x75, 0x08, 0xD5, 0x01, 0xD1, 0x41, 0x16, 0x5C, 0x23, 0x5C, 0x11, 0x5D, 0xEC, 0xA7, 0x8A,
    0xB0, 0x8B, 0x33, 0x63, 0x4D, 0x26, 0x04, 0x5B, 0x3B, 0x08, 0x46, 0x75, 0x5C, 0x11, 0x77, 0xC1,
    0x0B, 0x30, 0x9C, 0xD0, 0x46, 0x1E, 0x4D, 0x1F, 0xC4, 0x5F, 0x6A, 0xF8, 0x47, 0x30, 0x23, 0x0C,
    0x84, 0x72, 0x65, 0x63, 0xBE, 0x14, 0x08, 0xD2, 0x3C, 0x2D, 0x6C, 0xE4, 0x07, 0x90, 0x8C, 0xE8,
    0x0E, 0x19, 0x08, 0xD3, 0xF1, 0x37, 0xD0, 0xE0, 0x46, 0x9A, 0x08, 0xC6, 0x04, 0x67, 0xFB, 0x2A,
    0x68, 0x3C, 0x23, 0x6A, 0x1E, 0x1A, 0x80, 0xE5, 0xAA, 0x68, 0x28, 0x04, 0xC9, 0x19, 0xC7, 0x41,
    0x52, 0x90, 0x8D, 0x78, 0x23, 0x4F, 0x84, 0x6E, 0xA2, 0x33, 0xF8, 0x3A, 0x24, 0x23, 0x3F, 0x88,
    0xCE, 0xA0, 0x32, 0x98, 0x8C, 0xBA, 0x04, 0x99, 0x88, 0xCB, 0x00, 0xDD, 0x90, 0x46, 0x27, 0x00,
    0x13, 0xD5, 0x04, 0x6B, 0x30, 0x8D, 0x58, 0x76, 0x76, 0x0A, 0xA5, 0x0F, 0x03, 0xAC, 0x00, 0x53,
    0xA4, 0x22, 0xFF, 0x02, 0x6A, 0x42, 0x30, 0xF8, 0x47, 0x26, 0x23, 0x1D, 0x02, 0xF2, 0x62, 0x32,
    0xE8, 0x54, 0xE4, 0x23, 0x3F, 0x88, 0xCF, 0x09, 0x9B, 0xA8, 0x8D, 0xAE, 0x11, 0xAC, 0xA6, 0x6E,
    0xE2, 0x38, 0xA8, 0x55, 0xE4, 0x4B, 0x7A, 0x09, 0xF6, 0xD4, 0x1A, 0xBC, 0xB8, 0x0F, 0x53, 0x34,
    0x34, 0x9F, 0x4B, 0x7C, 0x28, 0x47, 0x2E, 0x23, 0x4E, 0xA0, 0x36, 0xC2, 0x33, 0xD0, 0x8C, 0x7E,
    0xBD, 0xED, 0x08, 0xC2, 0xC9, 0xA4, 0xC8, 0x13, 0x65, 0x63, 0x4F, 0x4C, 0xAF, 0xA9, 0xA7, 0xD8,
    0x8B, 0x67, 0x56, 0xA1, 0x88, 0xB3, 0xB5, 0x6A, 0x38, 0x8A, 0xFE, 0x9A, 0xBC, 0x88, 0xAB, 0x62,
    0x27, 0xFD, 0x58, 0x44, 0xF2, 0x5E, 0x8D, 0xEA, 0xD4, 0x15, 0x56, 0x6E, 0xAD, 0x3F, 0x02, 0x44,
    0xE7, 0x71, 0x62, 0xD0, 0xC8, 0x11, 0xD3, 0x0D, 0xA4, 0x83, 0xC5, 0x29, 0xEA, 0x6B, 0xF6, 0x22,
    0xCB, 0xD5, 0xA7, 0x61, 0x0F, 0xB0, 0x8A, 0xB0, 0x9A, 0xFC, 0x08, 0x93, 0x09, 0x1D, 0xC0, 0x88,
    0xA9, 0x56, 0x9F, 0x88, 0x87, 0x94, 0x12, 0x24, 0xE6, 0xAD, 0x45, 0x22, 0x57, 0x40, 0xD7, 0x34,
    0x43, 0xF4, 0x11, 0x12, 0x81, 0x01, 0x1E, 0x62, 0x24, 0xAA, 0x6B, 0x30, 0x22, 0x2B, 0x55, 0x86,
    0x05, 0x24, 0xD5, 0x64, 0x20, 0xB4, 0x01, 0x74, 0xC4, 0x3D, 0xA0, 0x1E, 0xCC, 0x43, 0xBD, 0x15,
    0x44, 0xA7, 0x60, 0xD2, 0xBA, 0x21, 0x3E, 0x21, 0xCB, 0x88, 0x6B, 0xA0, 0x83, 0x90, 0x86, 0x70,
    0x09, 0x39, 0x01, 0x3E, 0x41, 0x21, 0xA8, 0x3F, 0xA7, 0x56, 0xA0, 0x81, 0xF6, 0x61, 0x1D, 0x94,
    0x38, 0x99, 0x54, 0x10, 0xED, 0x80, 0xD7, 0x25, 0x17, 0xD4, 0x43, 0x9A, 0xAB, 0x51, 0xD3, 0x3D,
    0xC4, 0x40, 0x70, 0x43, 0x17, 0x5D, 0xCE, 0xB0, 0xB5, 0x6A, 0x18, 0x85, 0xAD, 0x41, 0x10, 0xB5,
    0x40, 0x79, 0x21, 0x0A, 0xF0, 0x18, 0x72, 0x10, 0xA5, 0x82, 0x35, 0x51, 0x0B, 0xE5, 0x33, 0x59,
    0x10, 0xBE, 0xD3, 0x35, 0xC1, 0x09, 0xE2, 0xAD, 0x3D, 0x5D, 0x9D, 0xC2, 0x0F, 0xC0, 0x9C, 0x4C,
    0x42, 0x5A, 0x05, 0x9C, 0x84, 0x25, 0xC0, 0x69, 0xC8, 0x42, 0x3E, 0x4C, 0x9E, 0x04, 0x1B, 0x80,
    0x58, 0xD4, 0x12, 0x96, 0x10, 0x75, 0xAA, 0xD4, 0x34, 0xC8, 0xFC, 0x20, 0xF3, 0x4C, 0x8D, 0xD1,
    0x23, 0x49, 0xE8, 0x42, 0x34, 0x13, 0x6A, 0x88, 0x3B, 0x42, 0x0D, 0xD8, 0x82, 0xBA, 0x0D, 0x19,
    0x88, 0x23, 0x41, 0x02, 0xD8, 0x54, 0x24, 0x03, 0xB9, 0x81, 0x5E, 0x61, 0x26, 0xB0, 0x82, 0xA5,
    0xFE, 0x80, 0x19, 0x92, 0xD4, 0x74, 0xC5, 0x5C, 0x41, 0x18, 0x4C, 0x5F, 0x84, 0x0F, 0x54, 0xC6,
    0x58, 0x87, 0xD6, 0x09, 0xDC, 0xC4, 0x07, 0x70, 0x4A, 0x48, 0x40, 0x96, 0x08, 0x2D, 0x44, 0x0B,
    0x90, 0x56, 0xD0, 0x40, 0xDE, 0x09, 0xEC, 0x84, 0x0F, 0xF0, 0x81, 0x60, 0x49, 0x96, 0x10, 0x57,
    0x92, 0xFF, 0x80, 0x9E, 0xC8, 0x87, 0x96, 0x08, 0x45, 0x44, 0x15, 0xF1, 0x05, 0x7C, 0x41, 0x5F,
    0x10, 0x57, 0xC4, 0x15, 0xF1, 0x05, 0x7C, 0x08, 0xF3, 0xE5, 0x4E, 0xE6, 0xA2, 0x0D, 0xA8, 0x49,
    0xA8, 0x43, 0x5B, 0x08, 0x2E, 0xA4, 0xBD, 0xA8, 0x82, 0xBE, 0x20, 0xAF, 0x88, 0x2B, 0xE2, 0x0A,
    0xF8, 0x82, 0xBE, 0x20, 0xAF, 0x88, 0x2B, 0x73, 0xB8, 0xA8, 0x93, 0xA4, 0xA0, 0xF9, 0xA1, 0xB2,
    0x49, 0x91, 0xC8, 0x83, 0x76, 0x20, 0xCF, 0x84, 0x1F, 0xE2, 0x0A, 0xF8, 0x82, 0xBE, 0x20, 0xAF,
    0x88, 0x2B, 0xE2, 0x0A, 0xF8, 0x38, 0xE6, 0x7E, 0x79, 0x02, 0x4A, 0x42, 0x0D, 0xB8, 0x49, 0x26,
    0x10, 0x5D, 0x84, 0x82, 0x82, 0x0A, 0xF8, 0x82, 0xBE, 0x20, 0xAF, 0x88, 0x2B, 0xE2, 0x0A, 0xF8,
    0x82, 0xBE, 0x04, 0x19, 0x8B, 0x6A, 0x82, 0x0D, 0xC8, 0x08, 0x64, 0x20, 0xEA, 0x26, 0x03, 0x02,
    0x0E, 0xF0, 0x83, 0x7E, 0x65, 0x6E, 0xD5, 0x8C, 0xAD, 0x21, 0x05, 0xFC, 0x41, 0x7F, 0x10, 0x5F,
    0xC4, 0x17, 0xF1, 0x05, 0xF5, 0x5D, 0x95, 0x10, 0x77, 0x4E, 0x41, 0x41, 0x06, 0x78, 0x95, 0x55,
    0x10, 0x5F, 0xC4, 0x17, 0xF1, 0x05, 0xFC, 0x41, 0x7F, 0x10, 0x5F, 0xC2, 0x07, 0xF0, 0x4B, 0xCB,
    0x02, 0x0D, 0x99, 0x08, 0x3B, 0x81, 0x27, 0xC1, 0x06, 0x68, 0x75, 0xFA, 0x88, 0x3A, 0xA2, 0x0D,
    0xF9, 0x93, 0x36, 0x20, 0xBF, 0x88, 0x2F, 0xE2, 0x0B, 0xF8, 0x82, 0xFE, 0x20, 0xBF, 0x81, 0x36,
    0x81, 0x71, 0xA4, 0x1C, 0x20, 0x72, 0x10, 0x7D, 0x52, 0xCF, 0x71, 0x06, 0x7D, 0x2D, 0x16, 0x10,
    0x5F, 0xC4, 0x17, 0xF1, 0x05, 0xFC, 0x41, 0x7F, 0x10, 0x5F, 0xC4, 0x17, 0xF1, 0x05, 0xC9, 0x2B,
    0x3D, 0x08, 0x44, 0xD2, 0xB5, 0xE0, 0xA1, 0xC8, 0x41, 0xFB, 0x32, 0x26, 0xEA, 0xD3, 0xB0, 0x8C,
    0x54, 0x41, 0x77, 0x4A, 0xED, 0x44, 0x15, 0xB0, 0x49, 0xD0, 0x41, 0x5A, 0x10, 0x46, 0x92, 0xC3,
    0x51, 0x04, 0x55, 0x1D, 0x54, 0x1B, 0xAE, 0x02, 0x6D, 0x44, 0xB3, 0xE8, 0x27, 0x74, 0x41, 0xFD,
    0x44, 0x0F, 0x51, 0x02, 0xED, 0x2D, 0x5B, 0x11, 0xA5, 0x84, 0x0B, 0xD5, 0x12, 0x4C, 0x40, 0xBE,
    0x04, 0x25, 0x04, 0x0B, 0x84, 0xB7, 0x58, 0x40, 0x74, 0x24, 0x9E, 0x80, 0xC5, 0x21, 0x02, 0x4D,
    0x2D, 0xBC, 0x10, 0x1C, 0xC4, 0x05, 0x84, 0xB6, 0x58, 0x40, 0x1A, 0x4B, 0x66, 0x04, 0x01, 0xA0,
    0xFF, 0x74, 0x1B, 0xD4, 0x0F, 0xEE, 0x12, 0xCD, 0x60, 0x93, 0xCC, 0x1A, 0xF2, 0x0C, 0x54, 0xC5,
    0x0D, 0x61, 0xB2, 0xD0, 0x40, 0x35, 0x4B, 0x55, 0x83, 0xFF, 0xA0, 0xEC, 0x58, 0x47, 0xF5, 0x0F,
    0xEE, 0x81, 0x8B, 0x60, 0xFE, 0x6C, 0x3C, 0x15, 0x0F, 0xE7, 0x52, 0xC1, 0x60, 0x7A, 0x4D, 0x2C,
    0x38, 0x09, 0x5C, 0x82, 0xB5, 0x40, 0xFE, 0xE5, 0x2C, 0x39, 0x06, 0x35, 0x46, 0xC3, 0x84, 0xB0,
    0xD8, 0x40, 0x54, 0x06, 0x6C, 0x81, 0x65, 0x24, 0xAF, 0x78, 0x40, 0x7A, 0x10, 0x0F, 0x46, 0x0F,
    0xF0, 0xFE, 0xFC, 0x25, 0x16, 0x0F, 0xE6, 0x03, 0xF7, 0x90, 0xFD, 0x74, 0x91, 0x98, 0x16, 0x6C,
    0x83, 0xF9, 0x94, 0xAC, 0xE0, 0x81, 0x3A, 0x08, 0xCD, 0x03, 0xF3, 0xE0, 0xFC, 0x6C, 0x3E, 0xFD,
    0x0F, 0xB7, 0x43, 0xEB, 0xF0, 0xFA, 0xFC, 0x3E, 0xB5, 0x0F, 0x4D, 0xC3, 0xEF, 0xF4, 0xA9, 0x78,
    0x65, 0x72, 0x46, 0x55, 0x83, 0xE9, 0xA4, 0x1D, 0x62, 0x7E, 0x1F, 0x0F, 0x87, 0xC3, 0xA1, 0xEF,
    0xFA, 0x52, 0xEC, 0x1E, 0xEE, 0x8E, 0x8A, 0xC0, 0x89, 0x98, 0x7C, 0x66, 0x48, 0x19, 0x87, 0xCA,
    0x69, 0x4A, 0xC8, 0xBD, 0x76, 0x94, 0xBA, 0x18, 0x2E, 0xC3, 0xFC, 0xD0, 0xBD, 0xF2, 0x3F, 0xAF,
    0x8F, 0xEA, 0xA5, 0x03, 0xB8, 0xFE, 0xB6, 0x70, 0xFA, 0x8F, 0xEB, 0x27, 0x0E, 0xC8, 0x3C, 0xAC,
    0x22, 0xFA, 0x8F, 0xF7, 0x69, 0x46, 0xD0, 0xCA, 0xEA, 0xE9, 0x3F, 0x0F, 0xEB, 0x02, 0xF6, 0xA8,
    0xFE, 0xB2, 0x2F, 0x6F, 0x8F, 0xEB, 0xE3, 0xFA, 0xF8, 0xFE, 0xA6, 0x2F, 0x0C, 0x8F, 0xEB, 0x82,
    0x35, 0xB0, 0xFF, 0x6A, 0x93, 0xFB, 0x8F, 0xFB, 0x29, 0x3F, 0xD9, 0x82, 0xEC, 0x10, 0x0E, 0x0F,
    0xEB, 0x62, 0xF6, 0xB8, 0xFE, 0xB6, 0xE8, 0x6F, 0x8F, 0xEB, 0xE2, 0xF2, 0xC0, 0xFE, 0xA8, 0x2F,
    0x0A, 0x08, 0xEE, 0xF5, 0x6A, 0x0A, 0x4F, 0x34, 0x60, 0xCF, 0x98, 0x32, 0x62, 0xF7, 0xE8, 0xFE,
    0xBE, 0xE8, 0x7F, 0x07, 0xF7, 0xC5, 0x03, 0xF8, 0xFE, 0xBE, 0x1F, 0xC9, 0x93, 0xFE, 0x85, 0xA6,
    0xB0, 0xFF, 0x78, 0x24, 0x3B, 0x0F, 0xFA, 0xE5, 0x01, 0xB0, 0x90, 0xA8, 0x3F, 0xDD, 0x94, 0x0E,
    0xA3, 0xFC, 0xC9, 0x40, 0xFE, 0x1F, 0xBF, 0x8F, 0xE6, 0xE7, 0x0E, 0xC8, 0xFE, 0x7A, 0x4F, 0xDA,
    0x16, 0x7E, 0xE3, 0xFC, 0xC0, 0x35, 0x64, 0x48, 0x1D, 0x84, 0x27, 0xE2, 0x02, 0xDA, 0x05, 0x32,
    0x10, 0x99, 0x0F, 0xEA, 0x65, 0x04, 0xC8, 0xFE, 0xBE, 0x3F, 0xA9, 0x88, 0x0F, 0xC7, 0x0F, 0xC0,
    0x81, 0x3E, 0x47, 0xCC, 0x8F, 0xF7, 0x69, 0x2A, 0xC8, 0xFF, 0xB6, 0x92, 0x9E, 0x88, 0x1A, 0xC8,
    0x14, 0xFB, 0xA2, 0xB2, 0x2F, 0xA9, 0x14, 0x13, 0x62, 0x09, 0xF8, 0xFE, 0xA6, 0x92, 0x4E, 0x8F,
    0xEB, 0x41, 0xB7, 0x91, 0xEA, 0xAA, 0x20, 0xEF, 0x12, 0x07, 0x04, 0x00, 0xA1, 0xC3, 0xE8, 0x20,
    0xEA, 0x04, 0x23, 0xE2, 0x0B, 0xF8, 0x82, 0xFE, 0x20, 0xBF, 0x88, 0x2F, 0xE2, 0x0B, 0xF8, 0x82,
    0xF6, 0x1B, 0xAA, 0xB9, 0xEE, 0xA1, 0x06, 0xAA, 0x47, 0x6C, 0x60, 0xBD, 0x0D, 0xAA, 0xC2, 0x0C,
    0xF8, 0x83, 0x3E, 0x20, 0xCF, 0x88, 0x33, 0xE2, 0x0C, 0xF8, 0x83, 0x3E, 0x15, 0x3A, 0x24, 0x5F,
    0x82, 0x0F, 0xD2, 0x45, 0xF0, 0x20, 0xFC, 0x08, 0x3B, 0xE8, 0x18, 0xD8, 0x83, 0x3E, 0x20, 0xCF,
    0x88, 0x33, 0xE2, 0x0C, 0xF8, 0x83, 0x3E, 0x91, 0x7E, 0x08, 0x3E, 0xC4, 0x85, 0x98, 0x41, 0xA6,
    0x91, 0xAB, 0x08, 0x2F, 0xE2, 0x0B, 0xF8, 0x82, 0xFE, 0x20, 0xBF, 0x88, 0x2F, 0xE2, 0x0B, 0xF8,
    0x82, 0xF0, 0x48, 0x6C, 0x06, 0x86, 0x42, 0x0E, 0xBA, 0x46, 0xB8, 0x60, 0xCF, 0x88, 0x37, 0x82,
    0x0B, 0xF8, 0x82, 0xFE, 0x20, 0xBF, 0x88, 0x2F, 0xE2, 0x0B, 0xFA, 0x46, 0xB4, 0x20, 0xED, 0x16,
    0x7E, 0xA2, 0x0C, 0xCA, 0x46, 0xBE, 0x20, 0xAF, 0x88, 0x2B, 0xE2, 0x0A, 0xF8, 0x82, 0xBE, 0x20,
    0xAF, 0x88, 0x2B, 0xE9, 0x1A, 0xFA, 0x46, 0xB8, 0x20, 0xDE, 0x08, 0x33, 0xE7, 0x0F, 0xE2, 0x87,
    0xFE, 0x20, 0xAF, 0x88, 0x2B, 0xE2, 0x0A, 0xF8, 0x82, 0xB4, 0x91, 0xAE, 0x08, 0x37, 0x07, 0xF3,
    0xA8, 0x82, 0xFE, 0x49, 0x2B, 0x08, 0x2B, 0xE1, 0x07, 0xF8, 0x82, 0xBE, 0x20, 0xAF, 0x88, 0x2B,
    0xE2, 0x0A, 0xF8, 0x82, 0xB0, 0x91, 0xAC, 0x08, 0x37, 0x89, 0x1A, 0xF9, 0xC3, 0xB0, 0x81, 0x8F,
    0x88, 0x2B, 0xE2, 0x0A, 0xF8, 0x82, 0xBE, 0x20, 0xAF, 0x88, 0x2B, 0xCA, 0x41, 0xBD, 0x44, 0x1D,
    0x92, 0x48, 0xD5, 0x84, 0x1B, 0x44, 0x8D, 0x68, 0x83, 0x7C, 0x3F, 0xCD, 0x44, 0x15, 0xF1, 0x05,
    0x7C, 0x41, 0x5F, 0x10, 0x57, 0xC4, 0x15, 0xF1, 0x05, 0x7D, 0x23, 0x5E, 0x10, 0x6F, 0x92, 0x35,
    0x82, 0x0E, 0xE1, 0x44, 0x7F, 0x10, 0x57, 0xC4, 0x15, 0xF1, 0x05, 0x7C, 0x41, 0x5F, 0x10, 0x57,
    0xD2, 0x35, 0xE1, 0x06, 0xD1, 0x48, 0x35, 0x20, 0xD7, 0x52, 0x35, 0x81, 0x05, 0x7C, 0x41, 0x5F,
    0x10, 0x57, 0xC4, 0x15, 0xF1, 0x05, 0x7C, 0x41, 0x5F, 0x10, 0x55, 0x92, 0x35, 0xA1, 0x06, 0xC8,
    0xFE, 0x59, 0x20, 0xE6, 0xC4, 0x19, 0xF0, 0x83, 0xFC, 0x41, 0x5F, 0x10, 0x57, 0xC4, 0x15, 0xF1,
    0x05, 0x7C, 0x41, 0x5F, 0x48, 0xD6, 0x84, 0x1B, 0x44, 0x8D, 0x7D, 0x47, 0x75, 0x10, 0x57, 0xC4,
    0x15, 0xF1, 0x05, 0x7C, 0x41, 0x5F, 0x10, 0x57, 0xC4, 0x15, 0xF4, 0x8D, 0x58, 0x41, 0xBA, 0x48,
    0xD7, 0xC4, 0x1D, 0xF1, 0x06, 0xFD, 0x23, 0x56, 0x40, 0xBF, 0x44, 0x17, 0xF1, 0x05, 0xFC, 0x41,
    0x7F, 0x10, 0x5F, 0xC4, 0x17, 0xA2, 0x4E, 0xD8, 0x41, 0xDC, 0x48, 0xD5, 0x88, 0x35, 0xE4, 0x8D,
    0x7C, 0x41, 0x7F, 0x10, 0x5F, 0xC4, 0x17, 0xF1, 0x05, 0xFC, 0x41, 0x7F, 0x48, 0xD7, 0x84, 0x1D,
    0x85, 0x21, 0x64, 0x2A, 0xF3, 0x39, 0x05, 0x8C, 0x53, 0xF5, 0x12, 0x7C, 0x41, 0x7F, 0x10, 0x5F,
    0xC4, 0x17, 0xF1, 0x05, 0xFC, 0x41, 0x7F, 0x48, 0xD7, 0xC4, 0x1F, 0x44, 0x8D, 0x60, 0x83, 0x5F,
    0x48, 0xD5, 0x44, 0x17, 0xF1, 0x05, 0xFC, 0x41, 0x7F, 0x10, 0x5F, 0xC4, 0x17, 0xF1, 0x05, 0xFC,
    0x41, 0x72, 0xB1, 0x46, 0x6C, 0x35, 0x7B, 0x14, 0xE5, 0x23, 0xBF, 0x48, 0xEF, 0xC2, 0x8D, 0x3F,
    0xF4, 0x36, 0xAF, 0x0E, 0x0D, 0x2C, 0xA0, 0x55, 0x79, 0x70, 0x85, 0x26, 0x0E, 0x79, 0x83, 0x5A,
    0x68, 0x7B, 0xA0, 0x82, 0xA8, 0x91, 0x9A, 0x88, 0x23, 0x20, 0xE1, 0xA0, 0x81, 0xE8, 0x91, 0x6B,
    0xA4, 0x57, 0x0D, 0xE8, 0x92, 0x45, 0x36, 0x12, 0xF9, 0xA4, 0x4B, 0x58, 0x03, 0xFC, 0x5C, 0x3F,
    0xB3, 0xAB, 0x41, 0x03, 0x1B, 0x30, 0x3A, 0x4A, 0x0E, 0x90, 0xFD, 0x84, 0x7A, 0xC1, 0xF8, 0xA2,
    0x43, 0x2A, 0x1F, 0x6B, 0xD5, 0xA0, 0xC0, 0x6C, 0x98, 0x47, 0xEA, 0x1F, 0x59, 0xD5, 0xA0, 0x49,
    0x0B, 0xC5, 0x61, 0xC3, 0x34, 0x80, 0x12, 0x17, 0x55, 0x90, 0xFB, 0x53, 0xFD, 0x57, 0x96, 0xA4,
    0x37, 0x98, 0x5A, 0xB7, 0xF1, 0x21, 0xB7, 0x48, 0x65, 0xAB, 0x0E, 0x1B, 0xB8, 0x60, 0x29, 0x57,
    0x0F, 0x8E, 0xA0, 0x15, 0x79, 0x72, 0x43, 0x30, 0x1F, 0x09, 0x55, 0xA0, 0x41, 0x6C, 0xA0, 0x34,
    0x67, 0xA9, 0xB1, 0x4D, 0x83, 0xE3, 0x5A, 0xB4, 0x19, 0x21, 0xF8, 0xBE, 0xD5, 0xA0, 0xE0, 0xCC,
    0x9D, 0x1C, 0x46, 0x72, 0x48, 0x77, 0x2F, 0xC9, 0x0D, 0xB6, 0xAC, 0x3E, 0x58, 0x83, 0x24, 0x37,
    0x80, 0xD0, 0x90, 0x7C, 0x6E, 0x06, 0x79, 0x20, 0xFA, 0xB5, 0x80, 0xF8, 0xE6, 0xAD, 0x00, 0x48,
    0x86, 0x2B, 0x21, 0xF2, 0xB7, 0xF1, 0xD1, 0x12, 0x96, 0xA4, 0x47, 0x29, 0x10, 0xD6, 0x10, 0x29,
    0xF4, 0xAC, 0x07, 0xCA, 0xDF, 0xE4, 0x87, 0xDA, 0xAE, 0x1F, 0x2B, 0x01, 0x9E, 0x49, 0x10, 0xFD,
    0x87, 0x57, 0x62, 0x02, 0x8C, 0x80, 0x2F, 0x20, 0xFD, 0x52, 0xAD, 0x02, 0x48, 0x97, 0xB5, 0x21,
    0xFB, 0xB8, 0x1C, 0xE4, 0x91, 0x3A, 0x87, 0xEA, 0xB0, 0x74, 0x89, 0xE5, 0x83, 0x59, 0x0F, 0xA6,
    0x00, 0xD1, 0x30, 0xFA, 0xCE, 0x08, 0x1F, 0x4C, 0x82, 0x76, 0x40, 0x6A, 0x98, 0x7D, 0x29, 0x56,
    0x80, 0x00, 0x4A, 0x95, 0x90, 0xFA, 0x5B, 0xF9, 0x57, 0x96, 0x92, 0x1F, 0x61, 0x00, 0xB2, 0x45,
    0x32, 0x13, 0xE9, 0x24, 0x4F, 0x55, 0x80, 0xF9, 0x6B, 0xFC, 0x91, 0x3A, 0x55, 0xC3, 0xE3, 0x50,
    0xAE, 0xCD, 0x22, 0xBA, 0x03, 0x5C, 0x83, 0xE7, 0x30, 0x20, 0xC8, 0x14, 0xF3, 0xD4, 0x87, 0xCE,
    0xD0, 0x60, 0xF9, 0x62, 0x0E, 0xF1, 0xEF, 0x6A, 0xC3, 0xE3, 0x54, 0x8A, 0xD0, 0x7C, 0xF5, 0x03,
    0x14, 0x83, 0xE7, 0xA8, 0x22, 0x45, 0xBF, 0x44, 0x07, 0x9C, 0x82, 0x13, 0x30, 0x6C, 0x58, 0x26,
    0xD2, 0x0F, 0x8C, 0xC2, 0x6F, 0x34, 0x8C, 0xE0, 0x26, 0xB3, 0x87, 0xFF, 0xA3, 0x81, 0xED, 0x98,
    0x12, 0x69, 0x58, 0x0F, 0x66, 0x3F, 0xC1, 0xEB, 0xB0, 0x17, 0x66, 0x1E, 0xBA, 0x01, 0x7A, 0x89,
    0x18, 0xA8, 0x32, 0x26, 0x1E, 0xDC, 0x00, 0xEE, 0x6A, 0x36, 0xD8, 0x32, 0x25, 0x7D, 0x48, 0xD5,
    0xA0, 0xE9, 0x1A, 0xCA, 0x46, 0x7D, 0x7E, 0x02, 0x45, 0x35, 0x63, 0xFA, 0xB4, 0x18, 0x23, 0xD6,
    0x03, 0x3C, 0xC7, 0xF3, 0x58, 0x20, 0xBD, 0xAC, 0x0C, 0x79, 0x87, 0xBA, 0x95, 0x68, 0x11, 0x40,
    0xF0, 0x06, 0x39, 0x87, 0xC6, 0x80, 0x64, 0xA1, 0xC4, 0x2E, 0x3F, 0xCA, 0xFF, 0x12, 0x39, 0xB4,
    0x8D, 0xD8, 0x12, 0xB4, 0x0F, 0xD5, 0x92, 0x35, 0xBA, 0xB8, 0x4E, 0x2E, 0xC1, 0x2D, 0x80, 0xCE,
    0x42, 0xF8, 0x98, 0x4E, 0x68, 0x1F, 0xFA, 0x8B, 0xEA, 0xDA, 0x91, 0xFF, 0x5A, 0x0E, 0x2F, 0xAD,
    0x8F, 0xF7, 0xA3, 0xFC, 0xB6, 0xAC, 0x7F, 0x9A, 0x0A, 0x4C, 0x85, 0xE5, 0x40, 0xD0, 0x54, 0x40,
    0xF6, 0x48, 0xF7, 0x13, 0x67, 0x31, 0x06, 0x59, 0x23, 0xF8, 0xAC, 0x90, 0x0E, 0xC0, 0x6F, 0x92,
    0x48, 0x38, 0x0D, 0x69, 0x84, 0x27, 0xA2, 0x0C, 0xC0, 0x6A, 0xA8, 0x20, 0xCF, 0xB8, 0x8B, 0xC2,
    0x0E, 0xA9, 0x00, 0x2C, 0x20, 0xFE, 0x24, 0x8B, 0x01, 0x3A, 0x92, 0x48, 0xAC, 0x48, 0x8B, 0x24,
    0x87, 0x57, 0xE0, 0xAD, 0x54, 0x42, 0x39, 0x17, 0xEE, 0x04, 0x1F, 0xE1, 0x7F, 0xD8, 0x42, 0x1F,
    0x18, 0x05, 0x44, 0x21, 0xF2, 0x86, 0xD0, 0x80, 0x7B, 0x11, 0x75, 0x44, 0x1F, 0x84, 0x91, 0x55,
    0x48, 0xF5, 0x10, 0x96, 0x92, 0x47, 0x80, 0x6A, 0x54, 0x41, 0xB6, 0x28, 0x64, 0xD1, 0xCF, 0x21,
    0x19, 0xC8, 0x4B, 0x74, 0x10, 0x6F, 0x1C, 0x57, 0xC1, 0x07, 0x48, 0xA2, 0x19, 0x10, 0x7F, 0xC4,
    0x1F, 0xB3, 0x8D, 0x68, 0x1B, 0xB2, 0x08, 0x6D, 0x04, 0x23, 0x84, 0x94, 0x58, 0x92, 0x15, 0x10,
    0xAE, 0x89, 0x21, 0x22, 0x88, 0x51, 0x25, 0x3B, 0x30, 0xD7, 0x42, 0x29, 0x61, 0x0A, 0x50, 0x22,
    0x96, 0x10, 0xA4, 0x81, 0xC3, 0x51, 0x0A, 0xEC, 0x81, 0x3A, 0x10, 0xB6, 0x0A, 0x2B, 0x61, 0x0B,
    0xE0, 0xE4, 0x18, 0x10, 0xC7, 0xC9, 0x19, 0x71, 0x0D, 0xE1, 0x25, 0x36, 0x10, 0xD7, 0xD2, 0x55,
    0xF1, 0x0D, 0x60, 0x22, 0x96, 0x10, 0xDF, 0x1C, 0x65, 0xAF, 0xE1, 0x45, 0xE8, 0x21, 0xDF, 0x88,
    0x76, 0x89, 0x2A, 0xC0, 0x87, 0xBC, 0x92, 0xCC, 0x12, 0x46, 0x42, 0x22, 0xFA, 0x4B, 0xBC, 0x22,
    0x29, 0x1C, 0x8E, 0xC2, 0x22, 0xA0, 0x44, 0xBC, 0x21, 0xFF, 0x88, 0x7F, 0xE2, 0x1F, 0xF8, 0x87,
    0xFE, 0x21, 0xFF, 0x88, 0x7F, 0xE4, 0x95, 0xB2, 0x4C, 0x2A, 0x92, 0xFD, 0x08, 0x86, 0xC1, 0x2F,
    0xB0, 0x88, 0x3E, 0x22, 0x0F, 0x88, 0x83, 0xE2, 0x20, 0xF8, 0x88, 0x3E, 0x22, 0x0F, 0x88, 0x83,
    0x56, 0x28, 0xB5, 0x87, 0x94, 0x49, 0x3B, 0x88, 0x93, 0xE9, 0x33, 0xC8, 0x88, 0xF2, 0x49, 0x6B,
    0x72, 0xAA, 0xF2, 0xD1, 0x12, 0x4C, 0x44, 0x55, 0xA8, 0xE1, 0x40, 0xA5, 0x30, 0x87, 0x5C, 0x43,
    0x9B, 0x10, 0xD5, 0xC4, 0x31, 0xF3, 0x0C, 0x65, 0xC5, 0x5F, 0x24, 0xE5, 0xAF, 0xA9, 0x29, 0xB4,
    0x70, 0x6F, 0x93, 0x0A, 0x74, 0xB9, 0x61, 0x0D, 0xA0, 0x83, 0xEB, 0xCF, 0x10, 0x7D, 0xCC, 0x1F,
    0xF7, 0x12, 0xFC, 0x41, 0x16, 0xE6, 0x8D, 0xB2, 0x41, 0x9C, 0x91, 0x83, 0x29, 0xCA, 0x07, 0xAE,
    0x6C, 0x3C, 0xB0, 0x34, 0xCB, 0x90, 0x92, 0x1E, 0x73, 0x44, 0x1B, 0x4E, 0x32, 0x48, 0x76, 0x20,
    0xCB, 0x71, 0x41, 0xF7, 0x53, 0x08, 0xE0, 0xE2, 0x97, 0xE5, 0x98, 0x3B, 0x42, 0xC7, 0x9F, 0x28,
    0x40, 0x98, 0xE4, 0x1C, 0x57, 0x9C, 0xA1, 0x02, 0xD6, 0xC3, 0xC6, 0x30, 0x65, 0x39, 0xA0, 0xF6,
    0xB8, 0x4A, 0x68, 0x06, 0x79, 0x18, 0x2F, 0xA4, 0x9F, 0xB9, 0x83, 0x68, 0x91, 0xFB, 0xF2, 0x04,
    0x07, 0x6E, 0x6A, 0x47, 0xF7, 0x61, 0xE5, 0x18, 0x46, 0x80, 0x2E, 0x98, 0x65, 0x27, 0xCB, 0x30,
    0x7E, 0x00, 0x7D, 0x20, 0x7C, 0x50, 0x0D, 0x12, 0x07, 0xC6, 0x38, 0xA0, 0xC9, 0xB1, 0x82, 0xFE,
    0x04, 0x29, 0xDF, 0x83, 0xFD, 0x6E, 0x58, 0x7F, 0xAD, 0xC6, 0x0F, 0xF5, 0x40, 0xCF, 0x20, 0xFF,
    0xCF, 0x90, 0x92, 0x0C, 0x81, 0x0E, 0x46, 0x0F, 0x9F, 0x28, 0x0F, 0xF4, 0x80, 0x04, 0x3E, 0xD3,
    0x50, 0x35, 0xC8, 0xC2, 0x75, 0x05, 0xAC, 0x85, 0x0F, 0x61, 0x01, 0xDF, 0x9E, 0x71, 0x6E, 0x20,
    0x7B, 0x86, 0x0D, 0xC0, 0x7F, 0x6D, 0x61, 0xE5, 0x07, 0xFA, 0x5C, 0xB3, 0x8B, 0x5B, 0x94, 0x0A,
    0xE9, 0x98, 0x36, 0x9C, 0x80, 0x06, 0xD3, 0x9A, 0x20, 0x2C, 0x71, 0x52, 0x45, 0xD3, 0x07, 0xF4,
    0x93, 0xB5, 0x30, 0x7E, 0x92, 0x41, 0x9E, 0x58, 0x7F, 0x31, 0xC6, 0x0F, 0xE5, 0x41, 0x3D, 0x20,
    0x84, 0x77, 0x90, 0x13, 0x4A, 0x02, 0x0E, 0x7C, 0x61, 0x00, 0x5B, 0x9A, 0x20, 0x0A, 0x87, 0xFA,
    0xDC, 0xF0, 0x81, 0x69, 0x02, 0xF3, 0x0F, 0xE5, 0xF9, 0x08, 0x17, 0xD2, 0x48, 0x30, 0x10, 0x5A,
    0x07, 0xFA, 0xBC, 0xB4, 0x90, 0xFC, 0x21, 0x13, 0x38, 0xAD, 0xEC, 0x3C, 0xD4, 0x10, 0x53, 0x8C,
    0x10, 0x9C, 0x04, 0xDE, 0xA1, 0xFC, 0xD0, 0x42, 0x66, 0x81, 0x8B, 0x07, 0xE2, 0xBC, 0xB0, 0xFC,
    0x58, 0x1A, 0x52, 0x14, 0x3D, 0x82, 0x07, 0xDE, 0x42, 0x06, 0xB0, 0x03, 0xC9, 0x24, 0x8B, 0x5C,
    0x6A, 0x89, 0xBE, 0xA4, 0x62, 0x7B, 0x73, 0xD2, 0x45, 0x74, 0x0E, 0xFC, 0xDA, 0x36, 0x40, 0xF4,
    0xCE, 0x29, 0x5E, 0x41, 0x06, 0xAC, 0x13, 0xC9, 0x04, 0x27, 0x00, 0xD3, 0x90, 0xEE, 0xA8, 0x0D,
    0x09, 0x04, 0x1B, 0x10, 0xE0, 0x32, 0x49, 0x03, 0x55, 0x05, 0x7C, 0xC4, 0xFD, 0x52, 0x0D, 0x5F,
    0x8A, 0x20, 0x0F, 0xA4, 0x87, 0xE2, 0x03, 0xE9, 0x29, 0x71, 0xCA, 0x09, 0xF4, 0xCE, 0x2B, 0x60,
    0x84, 0x4C, 0x27, 0xD2, 0x10, 0x35, 0xEC, 0x3C, 0x62, 0x0C, 0x60, 0x41, 0x1F, 0x10, 0x46, 0x10,
    0x2F, 0xC2, 0x09, 0xD7, 0x90, 0x20, 0xAB, 0x9C, 0x52, 0xE1, 0x02, 0xF9, 0x27, 0x6C, 0x20, 0xEB,
    0x0D, 0xB2, 0x80, 0x15, 0x90, 0x83, 0x32, 0x49, 0xAC, 0x08, 0x2F, 0xE2, 0x0B, 0xF8, 0x82, 0xFE,
    0x20, 0xBF, 0x88, 0x2F, 0xE2, 0x0B, 0xF8, 0x82, 0xEC, 0x92, 0x1D, 0x08, 0x3A, 0x44, 0x9B, 0xC8,
    0x83, 0xAE, 0x20, 0xDF, 0x84, 0x1F, 0xE2, 0x0B, 0xF8, 0x82, 0xFE, 0x20, 0xBF, 0x88, 0x2F, 0xE2,
    0x0B, 0xFA, 0x48, 0x32, 0x20, 0xEC, 0x89, 0x42, 0xC1, 0x05, 0xD0, 0x93, 0xA8, 0x20, 0xAF, 0x88,
    0x2B, 0xE2, 0x0A, 0xF8, 0x82, 0xBE, 0x20, 0xAF, 0x88, 0x2B, 0xE4, 0x91, 0xB8, 0x83, 0x74, 0x92,
    0x2F, 0xA0, 0x7B, 0xE2, 0x0D, 0xF8, 0x1B, 0x66, 0x81, 0xDB, 0x07, 0xE6, 0x42, 0x0B, 0xF8, 0x82,
    0xFE, 0x20, 0xBF, 0x88, 0x2F, 0xE2, 0x0B, 0xE9, 0x24, 0xEC, 0x20, 0xEE, 0x04, 0x9E, 0x82, 0x0C,
    0xFA, 0x48, 0x76, 0x20, 0xBF, 0x88, 0x2F, 0xE2, 0x0B, 0xF8, 0x82, 0xFE, 0x20, 0xBF, 0x84, 0x0F,
    0x44, 0x8F, 0xB0, 0x83, 0xBC, 0x48, 0xCC, 0x08, 0x3A, 0x47, 0x2F, 0xC0, 0x83, 0xA8, 0x20, 0xDF,
    0x84, 0x26, 0x82, 0x0B, 0xF8, 0x82, 0xFE, 0x20, 0xBF, 0x88, 0x2F, 0xE2, 0x0B, 0xFA, 0x48, 0x7E,
    0x92, 0x19, 0x88, 0x3E, 0x89, 0x21, 0xB9, 0x04, 0x3E, 0x37, 0xBA, 0x88, 0x2F, 0xE2, 0x0B, 0xF8,
    0x82, 0xFE, 0x20, 0xBF, 0x88, 0x2F, 0xE2, 0x0B, 0xFA, 0x48, 0x29, 0x02, 0xB1, 0x4E, 0x92, 0x41,
    0xE0, 0x85, 0x49, 0x24, 0x1E, 0x0A, 0x24, 0x89, 0x13, 0x28, 0x68, 0x68, 0xE5, 0xB0, 0x24, 0x4D,
    0x30, 0x49, 0x20, 0xA2, 0x3F, 0x26, 0x92, 0x0A, 0x82, 0xCE, 0x49, 0x20, 0xB0, 0x82, 0x30, 0x0E,
    0x0A, 0x08, 0x1A, 0x89, 0x20, 0xF9, 0x85, 0x28, 0x92, 0x0D, 0xA5, 0x12, 0x69, 0x20, 0xC8, 0x4C,
    0xA8, 0x92, 0x0A, 0x18, 0x4E, 0x7B, 0x22, 0x38, 0x4C, 0x0E, 0x52, 0xDA, 0xA4, 0x83, 0xE9, 0x20,
    0xA1, 0x81, 0xAA, 0x1B, 0x09, 0x87, 0xD2, 0xD5, 0x6D, 0x9A, 0x48, 0x39, 0x80, 0xAB, 0x6C, 0x12,
    0x41, 0x88, 0x21, 0x80, 0x29, 0xAE, 0x03, 0xCC, 0xA3, 0x5F, 0xE8, 0x05, 0x87, 0x60, 0x50, 0x79,
    0x0B, 0x26, 0xC1, 0xF8, 0x96, 0xB4, 0xFF, 0xBA, 0xBE, 0xD5, 0xB5, 0x60, 0x2E, 0x9A, 0x47, 0xEE,
    0x5F, 0xFB, 0x81, 0x2A, 0x61, 0xEC, 0xC6, 0xB9, 0x23, 0x78, 0x0F, 0x54, 0xAA, 0xDB, 0x04, 0x8D,
    0xDC, 0xBE, 0xB6, 0xD9, 0xA4, 0x67, 0x18, 0x5A, 0xB6, 0xD5, 0x23, 0x3F, 0x9D, 0xCD, 0x82, 0x5B,
    0x23, 0xF5, 0xD0, 0x3C, 0xD6, 0xD9, 0xA4, 0x5B, 0x65, 0xF8, 0xC6, 0xC0, 0x0E, 0x35, 0x2F, 0x86,
    0x00, 0x71, 0x20, 0xE3, 0x54, 0x3C, 0x76, 0xD5, 0x93, 0xDE, 0x89, 0x10, 0xF9, 0x7B, 0x64, 0x27,
    0x2A, 0x0E, 0x02, 0x40, 0x7D, 0x96, 0xB5, 0x21, 0xF6, 0xD9, 0x07, 0x7E, 0x9A, 0xE0, 0x13, 0xCC,
    0x1E, 0xF2, 0xC0, 0x81, 0xF2, 0xE9, 0x10, 0xAA, 0x43, 0x68, 0x29, 0xA9, 0xEC, 0x12, 0x1B, 0xD2,
    0xF9, 0xE3, 0x66, 0x89, 0x99, 0x87, 0x92, 0xDB, 0x54, 0x85, 0xFC, 0xBD, 0x5B, 0x0E, 0xED, 0x36,
    0x45, 0xE5, 0xD6, 0xC0, 0x55, 0xD4, 0xBE, 0x80, 0xF2, 0x40, 0x0E, 0x98, 0x76, 0x67, 0xAB, 0x48,
    0x27, 0xD2, 0x09, 0x72, 0xF0, 0x6C, 0x1F, 0xB4, 0x2F, 0x0D, 0x08, 0xC7, 0x4D, 0x68, 0x0F, 0xE8,
    0x5D, 0xAA, 0x83, 0x9A, 0x61, 0xD1, 0xD0, 0x0D, 0xA4, 0x0A, 0x3A, 0x00, 0xDA, 0x40, 0xBA, 0x91,
    0x74, 0xAA, 0x0B, 0x89, 0x17, 0x4F, 0x4B, 0xF1, 0xB8, 0x08, 0x66, 0x07, 0xD9, 0x03, 0xEB, 0x21,
    0xCD, 0xBE, 0xC9, 0x1F, 0x7F, 0xA2, 0x02, 0x76, 0x40, 0xE9, 0x98, 0x2F, 0xEC, 0x7F, 0x2A, 0xEB,
    0x51, 0xF3, 0x80, 0x87, 0x4C, 0xDB, 0x72, 0x3F, 0x3D, 0x43, 0x81, 0x6D, 0x68, 0x6F, 0xFA, 0x01,
    0xDA, 0x17, 0x53, 0x40, 0x31, 0x9A, 0x3C, 0x76, 0xDF, 0x1C, 0x6D, 0x51, 0xE1, 0xF4, 0x78, 0x60,
    0x68, 0xF4, 0x03, 0x5D, 0x30, 0x55, 0x6D, 0x98, 0x3E, 0xEC, 0x0A, 0xEA, 0x03, 0xE2, 0xA7, 0xD8,
    0xB6, 0xC0, 0x58, 0x37, 0x3E, 0xA6, 0x01, 0x2B, 0x20, 0x7F, 0xD0, 0x78, 0x55, 0xD5, 0x8A, 0xEE,
    0xF6, 0x1D, 0x90, 0x36, 0x32, 0x1F, 0x8B, 0x23, 0xAE, 0xE7, 0xDA, 0xB3, 0x59, 0xB0, 0x11, 0x4A,
    0x08, 0x5A, 0xB1, 0x91, 0xCD, 0xCA, 0xAF, 0x0D, 0xAB, 0x55, 0xC3, 0xF1, 0x21, 0xE5, 0x50, 0x08,
    0x34, 0x5F, 0x1D, 0x83, 0x93, 0x33, 0x62, 0x72, 0x48, 0x08, 0x79, 0x9F, 0x3F, 0x61, 0xC8, 0xB8,
    0xDE, 0x68, 0x2B, 0x2B, 0x80, 0xDA, 0x48, 0xDF, 0xFA, 0xF5, 0xAE, 0x10, 0x29, 0x85, 0x6E, 0x97,
    0xD4, 0x6D, 0x64, 0x16, 0xD2, 0xAC, 0x03, 0x9A, 0xB5, 0x6A, 0xD9, 0xAE, 0xF0, 0x37, 0x3A, 0x81,
    0xCA, 0x61, 0xC6, 0xB3, 0x77, 0x3F, 0x56, 0x48, 0x04, 0x95, 0x3D, 0x41, 0xD9, 0xE2, 0xAD, 0x57,
    0x0C, 0x84, 0x85, 0x59, 0x61, 0x01, 0xCB, 0x0B, 0x56, 0xD5, 0xD5, 0xE5, 0x48, 0xD4, 0xED, 0x86,
    0x0D, 0x56, 0xD4, 0x90, 0xEB, 0x11, 0xB0, 0x96, 0x4B, 0x4C, 0x72, 0xCA, 0x47, 0x03, 0xA3, 0x54,
    0x6A, 0xE2, 0x08, 0x3B, 0x4C, 0x00, 0xBE, 0x63, 0x46, 0x9C, 0x08, 0x7E, 0xF6, 0x0E, 0x8C, 0xC1,
    0x6F, 0x31, 0xAE, 0x54, 0x3A, 0x35, 0x04, 0xE4, 0x92, 0x33, 0x42, 0x5F, 0xCF, 0xFD, 0x62, 0x9C,
    0x8A, 0xB2, 0x55, 0x98, 0xCC, 0x9D, 0xFD, 0xBA, 0xAD, 0x84, 0xC2, 0xA3, 0x72, 0xA2, 0x35, 0x34,
    0x37, 0x6A, 0x60, 0x51, 0xA3, 0x88, 0x05, 0x8A, 0x74, 0x2F, 0x59, 0x07, 0x46, 0xB5, 0x94, 0x68,
    0xFA, 0x04, 0x1D, 0x2C, 0x55, 0xC0, 0x67, 0x22, 0x60, 0xCE, 0x08, 0x2F, 0xA9, 0x07, 0x56, 0xA0,
    0x71, 0x91, 0x30, 0xAF, 0x61, 0x83, 0x0E, 0xEA, 0x9A, 0x61, 0x0C, 0xCD, 0x9B, 0x96, 0x1B, 0xBC,
    0x83, 0xB5, 0x92, 0x08, 0xDA, 0x08, 0x20, 0x5A, 0x60, 0x2A, 0xDA, 0x93, 0xE0, 0xD2, 0x04, 0x3F,
    0xBA, 0x05, 0xDE, 0x44, 0xBF, 0xAC, 0x0A, 0x35, 0x62, 0x8D, 0x30, 0xDB, 0x21, 0xE6, 0x98, 0xC1,
    0xA4, 0x07, 0x09, 0x23, 0x5B, 0xE0, 0x45, 0x95, 0x64, 0x20, 0xD8, 0x0A, 0x94, 0xEB, 0x61, 0x07,
    0xB1, 0xF2, 0xAC, 0x10, 0x7A, 0x13, 0x12, 0xE2, 0x1D, 0x90, 0xEE, 0xBB, 0x56, 0xAC, 0x13, 0x16,
    0xA1, 0xE9, 0xB5, 0x5C, 0x98, 0x95, 0x06, 0xC5, 0x42, 0x09, 0x6D, 0x31, 0x0E, 0xF6, 0x1E, 0xEB,
    0x01, 0xF6, 0x41, 0x1F, 0xA1, 0xF1, 0x32, 0x8C, 0xAE, 0x87, 0xA6, 0xBA, 0x90, 0x85, 0x60, 0x3D,
    0x55, 0x02, 0xF4, 0x82, 0x17, 0x26, 0xF0, 0xE6, 0xB0, 0x4B, 0xFB, 0x56, 0x7F, 0xD0, 0xE0, 0x67,
    0x50, 0x3E, 0x18, 0x46, 0x46, 0x2B, 0x03, 0xB1, 0xC0, 0x3F, 0xEC, 0x43, 0x6B, 0x56, 0x43, 0xEB,
    0x8A, 0xC2, 0x31, 0x3A, 0x41, 0x69, 0x87, 0xDA, 0xC0, 0xD0, 0x99, 0x2E, 0xE5, 0x02, 0x8E, 0x04,
    0x0E, 0x5A, 0x90, 0x66, 0xC8, 0x20, 0x98, 0xB0, 0xD6, 0x02, 0x6F, 0x40, 0x7A, 0xCE, 0xAF, 0xFE,
    0x80, 0x04, 0x9E, 0x43, 0xAF, 0x90, 0x7E, 0x72, 0x8C, 0x5B, 0x28, 0xE2, 0x61, 0xFA, 0xAE, 0xA4,
    0x3F, 0x5F, 0x03, 0x1D, 0x03, 0x11, 0x50, 0xFD, 0xD4, 0x08, 0x33, 0x46, 0x1E, 0x80, 0x71, 0x20,
    0x5C, 0xC8, 0x0F, 0xF2, 0xAD, 0x83, 0x2E, 0x4D, 0x58, 0xAA, 0x90, 0xE4, 0x1F, 0xDA, 0x04, 0x06,
    0xCC, 0x53, 0xC0, 0x4E, 0xE6, 0x41, 0x4A, 0xA8, 0x86, 0x41, 0x24, 0x90, 0x7E, 0xE4, 0x13, 0x99,
    0x04, 0x1A, 0x60, 0x70, 0x90, 0x31, 0xE5, 0x58, 0x0F, 0xF6, 0x41, 0x9B, 0x36, 0xF0, 0x68, 0x0D,
    0x13, 0x07, 0xD5, 0x15, 0x55, 0x22, 0xE1, 0x57, 0x4C, 0x5C, 0x2B, 0x28, 0xEE, 0x62, 0x05, 0xA0,
    0x20, 0xA6, 0x15, 0x2A, 0x84, 0x96, 0x51, 0x9B, 0x0D, 0x04, 0x87, 0x74, 0x10, 0x04, 0xC4, 0x19,
    0xF4, 0x63, 0x54, 0x7A, 0xD3, 0xD5, 0x93, 0x0A, 0xA2, 0x44, 0xA4, 0x2A, 0xAD, 0x81, 0xAB, 0xCB,
    0x6B, 0x32, 0x09, 0x8C, 0x76, 0x67, 0x73, 0x9A, 0xC6, 0x6C, 0x70, 0x2A, 0xD5, 0x8E, 0x65, 0x13,
    0x9A, 0x5C, 0xE6, 0xD2, 0x9A, 0xDC, 0x3A, 0xBB, 0x12, 0x1C, 0xDC, 0x87, 0xC5, 0x24, 0x69, 0xDA,
    0xFA, 0x8D, 0x3F, 0x07, 0x5A, 0xA2, 0x17, 0xF9, 0x72, 0xBE, 0x5C, 0xAE, 0xAB, 0xA2, 0xF8, 0x54,
    0x68, 0x5C, 0x1A, 0x12, 0xC1, 0x0F, 0xC2, 0xA2, 0xF8, 0xA6, 0x14, 0x97, 0x3C, 0x2D, 0xE6, 0x9B,
    0xB3, 0xF1, 0x02, 0x5B, 0x08, 0x8C, 0xED, 0x60, 0x4B, 0x73, 0xAA, 0x1D, 0x12, 0xFD, 0x3A, 0xE5,
    0xD5, 0xB0, 0x00, 0xFD, 0xA3, 0xBB, 0x64, 0x5B, 0xA9, 0xCE, 0xB9, 0xB5, 0x61, 0xF0, 0xC8, 0x1B,
    0xD3, 0x08, 0xFD, 0x81, 0x93, 0x28, 0xA4, 0x4E, 0xAD, 0x7D, 0x2D, 0xF7, 0x62, 0x91, 0x43, 0x61,
    0x62, 0x86, 0x20, 0x1B, 0xCE, 0xB9, 0x66, 0xC3, 0xB5, 0x04, 0xB7, 0x97, 0x9D, 0x72, 0xA2, 0x91,
    0x5A, 0xB6, 0x00, 0xD8, 0xBC, 0xC0, 0x9B, 0x16, 0xD3, 0xD1, 0x00, 0xCE, 0x75, 0xC6, 0x02, 0x64,
    0x87, 0xBD, 0xB0, 0x35, 0xC8, 0xB7, 0x9F, 0x10, 0x0C, 0xC0, 0x6D, 0x24, 0x68, 0x5E, 0x7E, 0x5B,
    0xEA, 0xCE, 0xB9, 0x00, 0x49, 0x96, 0x10, 0x3F, 0xB3, 0x11, 0x45, 0x6C, 0x34, 0x10, 0x81, 0x4E,
    0x75, 0xCA, 0x01, 0x7D, 0x02, 0x05, 0x3A, 0x19, 0x6F, 0xEF, 0x3A, 0xE5, 0xC5, 0x22, 0x40, 0x41,
    0x98, 0x41, 0x69, 0x45, 0x4E, 0x6E, 0x40, 0xE7, 0x2B, 0xE9, 0xB2, 0x74, 0x5B, 0xFF, 0xBF, 0xAA,
    0xF4, 0x32, 0xDF, 0xD4, 0x12, 0x52, 0x6D, 0x9C, 0x8B, 0x81, 0x4A, 0x08, 0x6A, 0x66, 0x06, 0xC9,
    0x44, 0xC1, 0x37, 0x20, 0xAA, 0x4E, 0x7E, 0x5C, 0x29, 0x81, 0x1E, 0x51, 0x4A, 0xB0, 0x62, 0xEC,
    0x8D, 0x5A, 0x4F, 0x44, 0x19, 0x50, 0x38, 0x50, 0xD9, 0x77, 0x10, 0x75, 0x81, 0x13, 0x2C, 0x2B,
    0xFB, 0xBE, 0x9D, 0x5F, 0x9B, 0x33, 0x54, 0x1A, 0x8D, 0xF4, 0x0D, 0x72, 0xC1, 0x08, 0x36, 0xD8,
    0x10, 0x5C, 0x4C, 0xB8, 0x73, 0x03, 0x5C, 0xA2, 0x80, 0x40, 0x90, 0x04, 0x27, 0x45, 0x2E, 0x2D,
    0xE7, 0x5C, 0xD0, 0x6A, 0x50, 0x5A, 0x13, 0x27, 0xFD, 0x4B, 0x91, 0xC4, 0x6D, 0x58, 0x42, 0x96,
    0x8A, 0x44, 0x8D, 0x9B, 0x8A, 0x19, 0x72, 0xAB, 0x3A, 0x39, 0xFC, 0xAA, 0xD7, 0xE3, 0x67, 0x5A,
    0x83, 0x07, 0x91, 0x82, 0x9A, 0x81, 0x15, 0xCC, 0xFE, 0x89, 0x84, 0x9D, 0x72, 0x02, 0x85, 0x20,
    0x45, 0x4D, 0xE0, 0x12, 0x10, 0x94, 0xC0, 0xDD, 0x33, 0x68, 0xE0, 0x1B, 0xF2, 0x01, 0xF4, 0xB0,
    0xA1, 0x13, 0x9D, 0x72, 0x8A, 0x7D, 0x6C, 0x83, 0x76, 0x40, 0x8B, 0xA5, 0x72, 0x8E, 0x05, 0xC9,
    0x4F, 0xC4, 0x33, 0x79, 0xD7, 0x21, 0x73, 0x16, 0x08, 0xAC, 0xC4, 0x35, 0x40, 0x8A, 0xD3, 0x04,
    0x21, 0xCB, 0xA3, 0x83, 0x00, 0x65, 0x90, 0x46, 0x27, 0x5C, 0x79, 0x04, 0xAC, 0x34, 0x51, 0x0C,
    0xCC, 0x29, 0xF3, 0x08, 0xCD, 0x6B, 0x94, 0x13, 0xF0, 0xD8, 0x0F, 0x12, 0x93, 0x45, 0x6B, 0x93,
    0xD4, 0xF7, 0x66, 0xB9, 0x3B, 0x01, 0xFD, 0x04, 0x31, 0x20, 0x1F, 0x48, 0xDB, 0x55, 0xA1, 0x9F,
    0x7A, 0xA0, 0x9A, 0x94, 0x4C, 0x1C, 0x93, 0x08, 0xDF, 0xC2, 0x37, 0x5A, 0xE4, 0xFC, 0x1C, 0xF4,
    0x3F, 0x1D, 0x81, 0xD3, 0x28, 0x90, 0x12, 0x26, 0x06, 0x79, 0x00, 0xD2, 0x56, 0x19, 0xE9, 0xF9,
    0xB2, 0x07, 0xB9, 0x61, 0x51, 0xD9, 0x50, 0x3A, 0x4C, 0xFD, 0x3F, 0x03, 0xA4, 0x8F, 0xD5, 0x53,
    0x70, 0x56, 0x7E, 0x7E, 0xAA, 0x82, 0x76, 0x41, 0x57, 0x94, 0x9A, 0x26, 0x01, 0x89, 0x84, 0x86,
    0x80, 0xEA, 0x90, 0x11, 0x65, 0x82, 0x02, 0xE4, 0x80, 0x5D, 0x30, 0x74, 0xC8, 0x2A, 0xB4, 0x09,
    0x15, 0x80, 0x89, 0x28, 0x70, 0x1D, 0xE4, 0x21, 0xEA, 0x01, 0xE2, 0x80, 0x96, 0x90, 0x1C, 0x26,
    0x7E, 0xEC, 0x82, 0x5A, 0x57, 0xD1, 0x12, 0x54, 0x0E, 0xD3, 0x11, 0x2F, 0xC4, 0x4B, 0xF0, 0x0E,
    0xCD, 0x1E, 0xB4, 0xA0, 0x85, 0x76, 0x75, 0x6C, 0x00, 0x8A, 0xE6, 0x03, 0xB9, 0x82, 0xBE, 0x60,
    0xAD, 0xA0, 0x58, 0xA4, 0x0E, 0xF9, 0x80, 0xFE, 0x42, 0x33, 0x90, 0x18, 0x27, 0x61, 0x9E, 0x9F,
    0xDE, 0xF3, 0xAE, 0x30, 0x3A, 0xE8, 0x38, 0x89, 0x04, 0xAB, 0x47, 0xF6, 0xF8, 0x8E, 0xA8, 0x12,
    0x9A, 0x03, 0x16, 0x60, 0x71, 0x9C, 0xFC, 0x47, 0xB5, 0x9D, 0x1D, 0x82, 0x41, 0x81, 0xA5, 0xF8,
    0x0E, 0x74, 0x09, 0x5F, 0x81, 0x71, 0x41, 0x21, 0x62, 0x9B, 0x15, 0x03, 0x2C, 0xC4, 0x89, 0xF4,
    0x00, 0x5C, 0x48, 0x5F, 0x12, 0x16, 0x41, 0x2D, 0x41, 0x21, 0xF8, 0x06, 0xD5, 0x12, 0x27, 0xC4,
    0x89, 0x30, 0x27, 0x4C, 0x48, 0xBA, 0x80, 0x01, 0xDA, 0xA2, 0x47, 0xF8, 0x91, 0xFE, 0x24, 0x79,
    0x82, 0x52, 0x69, 0x0B, 0xB0, 0x92, 0xB0, 0x03, 0x3A, 0x09, 0x2B, 0xE1, 0x2E, 0xA0, 0x2E, 0x66,
    0x12, 0xFF, 0x01, 0xBA, 0x62, 0x4C, 0xF8, 0x93, 0x3E, 0x24, 0xCC, 0x05, 0xA2, 0xA2, 0x4D, 0xE8,
    0x25, 0xE6, 0x24, 0xEB, 0x84, 0x6E, 0xA2, 0x4F, 0xE8, 0x4B, 0xB0, 0x25, 0x0C, 0x05, 0x46, 0x40,
    0x6F, 0x98, 0x94, 0xBE, 0x2C, 0x09, 0x89, 0x43, 0x81, 0xD9, 0xA0, 0x94, 0x7E, 0x25, 0x19, 0x06,
    0xCA, 0x82, 0x52, 0xF0, 0x10, 0xA8, 0x25, 0x3E, 0x01, 0xB2, 0x82, 0x54, 0xF8, 0x95, 0x3C, 0x08,
    0x7A, 0x09, 0x57, 0xE2, 0x55, 0xB0, 0x0C, 0xA6, 0x92, 0x4C, 0x09, 0x63, 0x00, 0xB7, 0x98, 0x96,
    0x3E, 0x12, 0xE9, 0x01, 0x9E, 0x62, 0x59, 0xF8, 0x96, 0x7E, 0x25, 0x9F, 0x02, 0x2E, 0x82, 0x5A,
    0xF0, 0x0E, 0x66, 0x25, 0xBF, 0x06, 0xC2, 0x62, 0x5B, 0xFC, 0xEC, 0x4B, 0x7F, 0x49, 0x7D, 0x84,
    0xB9, 0xF7, 0xAE, 0xE8, 0x25, 0x98, 0x0B, 0x74, 0xC4, 0xB5, 0xF1, 0x2D, 0x74, 0x43, 0xF4, 0x12,
    0xD5, 0x80, 0xD7, 0x21, 0x2D, 0x7C, 0x4B, 0x5F, 0x12, 0xD7, 0xC2, 0x55, 0x40, 0xEF, 0xD4, 0x4B,
    0x5F, 0x0F, 0x7D, 0x12, 0x73, 0x41, 0x2E, 0x51, 0x27, 0x35, 0x12, 0xE5, 0xC2, 0x5B, 0x81, 0x2D,
    0xEC, 0x44, 0x73, 0x12, 0xDF, 0xC4, 0xB7, 0x90, 0xB3, 0x50, 0x4B, 0x7F, 0x12, 0xDF, 0xC0, 0x8B,
    0x21, 0x2D, 0xFF, 0x00, 0x12, 0xCB, 0x09, 0x6F, 0xF1, 0x31, 0x49, 0xD0, 0x4B, 0x7E, 0x42, 0x5D,
    0x44, 0xB9, 0xC0, 0xB4, 0x50, 0x4B, 0x5F, 0x05, 0x6D, 0x84, 0xB5, 0xD0, 0xA0, 0xCC, 0x4B, 0x5F,
    0x12, 0xD7, 0xC4, 0xB5, 0xF1, 0x2D, 0x6C, 0x0E, 0x13, 0x12, 0xD7, 0xC4, 0xB5, 0x42, 0x89, 0xCA,
    0xAF, 0x3B, 0x9C, 0xA5, 0x3E, 0xA1, 0x32, 0x98, 0x4C, 0x66, 0x0B, 0xA9, 0xA5, 0x43, 0x22, 0x61,
    0x9D, 0x5B, 0x00, 0x06, 0x89, 0xA5, 0x4A, 0x94, 0x1A, 0xBC, 0xBA, 0xBB, 0x12, 0x2F, 0xF4, 0xC3,
    0xD7, 0x3A, 0x20, 0x98, 0x74, 0x04, 0x49, 0x89, 0x7A, 0xE9, 0x58, 0xA8, 0x96, 0xF2, 0x91, 0xBA,
    0x89, 0x67, 0x29, 0x5B, 0xE8, 0x94, 0x2A, 0x8E, 0xCC, 0x25, 0xF6, 0x69, 0x59, 0xCE, 0x00, 0x51,
    0x56, 0x34, 0xBC, 0xC2, 0x0D, 0x55, 0x28, 0xD6, 0x8E, 0x95, 0xAB, 0x84, 0x62, 0xAA, 0x79, 0xB0,
    0x90, 0x30, 0x95, 0xDA, 0x88, 0xF7, 0x75, 0x6A, 0x2A, 0x57, 0xB5, 0x82, 0xAB, 0x50, 0x52, 0xBD,
    0x71, 0x1C, 0xCE, 0x75, 0x58, 0xAB, 0x0B, 0x5A, 0x82, 0x38, 0xB5, 0x66, 0xAD, 0x3D, 0x00, 0xF4,
    0xC2, 0x61, 0x41, 0x1C, 0x50, 0x16, 0xF2, 0x9D, 0x84, 0x72, 0xA1, 0x09, 0x9C, 0x52, 0x28, 0x95,
    0xFA, 0x88, 0xCF, 0x15, 0x84, 0xB0, 0xD4, 0x46, 0x39, 0x9D, 0x55, 0xC2, 0x0B, 0x29, 0xFA, 0x59,
    0x30, 0x22, 0xF9, 0x55, 0xA8, 0x29, 0x64, 0xC0, 0x8B, 0xA9, 0x3A, 0xD4, 0xCE, 0xE6, 0xC0, 0x48,
    0x90, 0x1E, 0x6C, 0x22, 0xF9, 0xD5, 0xA8, 0xE9, 0x67, 0xD8, 0x8B, 0xEA, 0x19, 0x69, 0x21, 0x8A,
    0x82, 0x2D, 0xD6, 0xAC, 0x08, 0xB2, 0xA2, 0xCF, 0xC0, 0x4D, 0x21, 0x01, 0xD4, 0x45, 0x57, 0x07,
    0x14, 0xC0, 0xD3, 0x20, 0x41, 0x50, 0x45, 0x79, 0x9D, 0x56, 0x03, 0x31, 0x20, 0x21, 0xC9, 0xE8,
    0x76, 0x11, 0x65, 0xCF, 0xC5, 0x2A, 0xB4, 0xEC, 0xD6, 0x74, 0x16, 0x7C, 0xC1, 0xF5, 0x24, 0xB9,
    0x64, 0x45, 0x73, 0x22, 0xF5, 0x04, 0x51, 0x7A, 0xC5, 0x5A, 0x7A, 0x1F, 0xEA, 0x88, 0x9E, 0xA0,
    0x6C, 0x94, 0x4E, 0xAD, 0x3F, 0x01, 0x94, 0xD2, 0xE3, 0x51, 0x14, 0xDE, 0x75, 0xAB, 0x9D, 0xCD,
    0xBF, 0xD0, 0x00, 0xAB, 0x48, 0x25, 0x32, 0x4B, 0xA6, 0x44, 0x5D, 0xAD, 0x48, 0x2F, 0xE6, 0x22,
    0xDD, 0x82, 0x42, 0x54, 0x74, 0xBC, 0xFC, 0x45, 0x15, 0x63, 0x16, 0xC0, 0xD7, 0x4A, 0x1B, 0x9B,
    0xF2, 0x02, 0xF9, 0x88, 0x92, 0xA0, 0x6D, 0x94, 0x50, 0x08, 0x92, 0x11, 0x2E, 0xEB, 0x20, 0xD3,
    0x99, 0xC9, 0xEC, 0x10, 0xAB, 0xA6, 0x06, 0x82, 0x21, 0xC8, 0x62, 0x26, 0x07, 0xAA, 0x11, 0xE7,
    0x60, 0x71, 0x92, 0x61, 0x31, 0x80, 0x9D, 0x55, 0xC2, 0x1B, 0x46, 0x30, 0xE8, 0x0D, 0xB3, 0x02,
    0x0C, 0x84, 0x39, 0xB0, 0x33, 0x48, 0xB3, 0x18, 0xBE, 0x80, 0xEA, 0x54, 0x70, 0xD8, 0xCB, 0x66,
    0x21, 0x9B, 0xC5, 0x22, 0x82, 0x17, 0xA6, 0xD4, 0x42, 0xFA, 0x51, 0x4C, 0xC4, 0x29, 0xA0, 0x35,
    0x4C, 0x0F, 0xF2, 0xA1, 0x85, 0x4A, 0xA9, 0x8F, 0xC0, 0x3F, 0x64, 0x11, 0x49, 0x94, 0x2A, 0x8A,
    0xCE, 0x98, 0x85, 0xA8, 0x14, 0x69, 0xA6, 0x46, 0xB5, 0xC4, 0xFD, 0x48, 0x42, 0xF3, 0x0A, 0x2C,
    0xA1, 0xF5, 0xCD, 0x69, 0xCB, 0x65, 0xAB, 0x16, 0xFC, 0xC4, 0x27, 0x38, 0xA4, 0x50, 0xB2, 0xD4,
    0x10, 0x86, 0x6B, 0x00, 0x49, 0x94, 0xF4, 0x55, 0x37, 0x10, 0x7D, 0xC0, 0xD9, 0x40, 0xDC, 0x4A,
    0xB8, 0xAD, 0x49, 0x08, 0x47, 0x20, 0x6E, 0x98, 0x44, 0xA4, 0x04, 0x59, 0x0D, 0x02, 0x80, 0x31,
    0x98, 0x85, 0x2F, 0xA9, 0x08, 0x9C, 0xA8, 0xE9, 0xA4, 0xA8, 0x1B, 0xA8, 0x11, 0x4A, 0x11, 0xBA,
    0xDB, 0x52, 0x37, 0x54, 0xD5, 0xFC, 0xD5, 0xD5, 0xA8, 0xA3, 0x3E, 0xA0, 0x05, 0x64, 0x20, 0x9A,
    0x81, 0xCE, 0x91, 0x3A, 0xB5, 0x0C, 0x68, 0x14, 0x01, 0x64, 0x84, 0x1F, 0x70, 0x6E, 0xD2, 0x82,
    0x13, 0x99, 0xA2, 0xE2, 0x60, 0x47, 0x99, 0x1C, 0x74, 0x07, 0x79, 0x8A, 0xB6, 0x60, 0x70, 0x90,
    0x86, 0x32, 0x09, 0x69, 0x4E, 0xC6, 0x87, 0x50, 0x3D, 0x48, 0x23, 0x1B, 0x10, 0xED, 0xC6, 0x7F,
    0x30, 0x0C, 0x49, 0x36, 0x94, 0x0A, 0x9D, 0x2A, 0xD3, 0xF1, 0x3E, 0x51, 0x52, 0x93, 0x54, 0xCD,
    0x68, 0x23, 0x43, 0x90, 0x2A, 0xA4, 0x22, 0x5A, 0x81, 0xEA, 0x91, 0x40, 0x26, 0x48, 0x68, 0xD2,
    0x03, 0x2D, 0x08, 0xE7, 0x7D, 0x48, 0x39, 0xA6, 0x34, 0x7F, 0x9A, 0xF3, 0xE1, 0x22, 0xA8, 0x22,
    0x68, 0x46, 0xED, 0x81, 0xFE, 0x43, 0x40, 0xA0, 0x0E, 0x68, 0x23, 0x29, 0x87, 0x2A, 0xC3, 0x43,
    0xC8, 0x1D, 0x24, 0x23, 0x7B, 0xA7, 0x32, 0xA0, 0x66, 0x98, 0x8E, 0xF6, 0xC8, 0x5B, 0x08, 0xEB,
    0x26, 0xC3, 0xC0, 0x4A, 0xAD, 0xAE, 0x11, 0xDF, 0x41, 0x27, 0x20, 0x55, 0xCC, 0x47, 0x9F, 0x1A,
    0x15, 0x40, 0x9F, 0x21, 0x1F, 0xF4, 0x8E, 0x14, 0x03, 0xB4, 0x84, 0x83, 0xD4, 0xEF, 0xE0, 0x48,
    0x54, 0x4E, 0xF5, 0x41, 0x29, 0x28, 0x70, 0x9F, 0xE8, 0x24, 0x3B, 0x04, 0xFA, 0xC2, 0x43, 0xF0,
    0xD0, 0x6E, 0x0B, 0xC9, 0x89, 0x13, 0xE4, 0x72, 0xA0, 0x1B, 0xA4, 0x24, 0x6F, 0xB2, 0x63, 0x02,
    0x46, 0xFD, 0xF8, 0x1F, 0x15, 0x09, 0x8E, 0x82, 0x17, 0x31, 0x23, 0xC8, 0x05, 0xF2, 0x01, 0xEC,
    0xC4, 0x91, 0xB1, 0x9D, 0xC8, 0x26, 0x56, 0x12, 0x4E, 0x13, 0xD5, 0x50, 0x37, 0x4C, 0x49, 0x3B,
    0x09, 0x9D, 0x00, 0xA5, 0x21, 0x37, 0x5C, 0x48, 0xFD, 0x06, 0xAC, 0x82, 0xD7, 0x41, 0x24, 0xF4,
    0xB4, 0x94, 0x01, 0xC4, 0x82, 0x65, 0x70, 0x5C, 0xD0, 0x49, 0x9A, 0x03, 0x54, 0xC4, 0x9B, 0x92,
    0xD1, 0xE8, 0x49, 0xD2, 0x3F, 0x65, 0x84, 0x9F, 0x82, 0xD1, 0xD0, 0x0D, 0x73, 0x12, 0x8F, 0x0B,
    0x47, 0x80, 0x19, 0x48, 0xA1, 0xB3, 0x09, 0x96, 0x42, 0xA1, 0x31, 0x2B, 0x7C, 0x29, 0xF4, 0x12,
    0xBF, 0xDD, 0x73, 0xA1, 0x2C, 0x55, 0xD7, 0x7D, 0x12, 0xCD, 0x4B, 0x4B, 0x40, 0x38, 0x4C, 0x4B,
    0x7A, 0x2D, 0x2D, 0x04, 0x49, 0x41, 0x2E, 0xE8, 0x0A, 0x15, 0x09, 0x96, 0x44, 0x59, 0x31, 0x2E,
    0xE9, 0x40, 0x35, 0x12, 0xFF, 0xC4, 0x33, 0x65, 0x87, 0xEC, 0x26, 0x59, 0x0B, 0xA4, 0xC4, 0xBF,
    0xA2, 0xD2, 0xD8, 0x4C, 0x18, 0x2D, 0x24, 0xC0, 0x99, 0x31, 0x49, 0x50, 0x4C, 0x3F, 0x13, 0x0E,
    0x8F, 0xF1, 0xE1, 0x31, 0x60, 0x25, 0xD4, 0x0F, 0x34, 0xC4, 0xC7, 0xF1, 0x31, 0xE8, 0x2B, 0xF4,
    0x13, 0x2D, 0x13, 0x1F, 0x30, 0x3E, 0xC8, 0x4C, 0xB4, 0x09, 0x97, 0xC3, 0x81, 0x51, 0x32, 0x7C,
    0x4C, 0x96, 0x00, 0xAC, 0x84, 0xC9, 0xF1, 0x32, 0x7C, 0x4C, 0x9C, 0x06, 0xF4, 0xC4, 0xC9, 0xFC,
    0x00, 0x4C, 0x70, 0x26, 0x4F, 0x83, 0xAE, 0x41, 0x31, 0xB8, 0xFC, 0xA4, 0x26, 0x5E, 0x87, 0x76,
    0x62, 0x63, 0xF8, 0x98, 0xF2, 0x2E, 0x09, 0x89, 0x8F, 0xE0, 0x64, 0xA8, 0x98, 0xFE, 0x26, 0x3F,
    0x89, 0x8F, 0xE1, 0x2F, 0x98, 0x22, 0x26, 0x26, 0x3F, 0x89, 0x8E, 0xCC, 0xAB, 0xB1, 0x26, 0x70,
    0x26, 0x4C, 0x01, 0xD2, 0x4A, 0x25, 0xA2, 0xCB, 0x26, 0x26, 0x5A, 0x01, 0x9A, 0x6A, 0xCD, 0x94,
    0x02, 0xB9, 0x57, 0x28, 0x6C, 0x81, 0x03, 0x25, 0x34, 0xC8, 0x4C, 0xDC, 0x13, 0x2E, 0xCD, 0xA7,
    0xD7, 0x75, 0x7C, 0x4B, 0xF7, 0x12, 0xF7, 0xD6, 0x61, 0xC1, 0x2D, 0xFC, 0x4B, 0x74, 0x51, 0x3C,
    0xC4, 0xB1, 0x54, 0x8F, 0x74, 0x4A, 0x93, 0x69, 0x27, 0x82, 0x43, 0x61, 0x27, 0xEC, 0x49, 0xBF,
    0x51, 0x74, 0xA7, 0x6E, 0xE6, 0xB8, 0x46, 0x36, 0x6B, 0xEB, 0x41, 0x12, 0x2F, 0xC8, 0x30, 0x92,
    0xAA, 0xA2, 0xDC, 0x1A, 0xF6, 0xA2, 0x4A, 0xA1, 0xAF, 0x36, 0x24, 0x69, 0x81, 0xFA, 0xC2, 0x45,
    0xCC, 0x10, 0x16, 0xF5, 0x35, 0xE7, 0x20, 0x42, 0x45, 0xC9, 0x24, 0x3E, 0x14, 0xF9, 0x7F, 0xA7,
    0x73, 0x52, 0x49, 0x6C, 0x48, 0x5F, 0x12, 0x16, 0x44, 0x83, 0x72, 0x91, 0x50, 0x48, 0x37, 0x80,
    0x04, 0x66, 0x42, 0x42, 0xA0, 0x6B, 0x6E, 0x6B, 0xAB, 0x40, 0x82, 0x1F, 0x63, 0x5C, 0x66, 0x08,
    0x49, 0x7F, 0x84, 0x3E, 0x80, 0x75, 0x90, 0x8F, 0xF6, 0x23, 0xEF, 0x98, 0x5E, 0x42, 0x3C, 0xA0,
    0x8E, 0xF4, 0x07, 0x09, 0x28, 0xC7, 0x57, 0xD0, 0x37, 0x48, 0x47, 0x74, 0x35, 0x96, 0x0A, 0x39,
    0x25, 0x18, 0x68, 0x47, 0x97, 0x03, 0x94, 0xD4, 0x61, 0x73, 0x58, 0xE4, 0x47, 0x5F, 0x08, 0x77,
    0x5A, 0x95, 0x51, 0x1C, 0x60, 0xD6, 0x16, 0x0B, 0x0C, 0x84, 0x73, 0x50, 0x87, 0xC8, 0xD5, 0x95,
    0x82, 0x08, 0xDF, 0xF3, 0xA8, 0x30, 0x8D, 0xFE, 0xF1, 0x7B, 0x04, 0x52, 0xCA, 0x31, 0xB1, 0xAB,
    0x30, 0x23, 0x4B, 0x92, 0x5F, 0x4C, 0xF2, 0x90, 0x8C, 0x6A, 0x7D, 0x8B, 0x40, 0x96, 0x8F, 0xE0,
    0xE2, 0x54, 0x46, 0x37, 0x03, 0x74, 0x84, 0x65, 0x54, 0x81, 0x68, 0x45, 0xF5, 0xAC, 0xA4, 0x0F,
    0x62, 0x2E, 0xAB, 0xC9, 0xA7, 0x5C, 0xAD, 0x88, 0xBB, 0x80, 0xE2, 0x90, 0x30, 0xEE, 0x90, 0x6D,
    0x04, 0x6E, 0x62, 0x2F, 0xB2, 0x8D, 0x72, 0x74, 0x19, 0x87, 0x42, 0x55, 0x84, 0x83, 0x62, 0x0C,
    0x23, 0x2B, 0x55, 0xD2, 0x0D, 0x61, 0x18, 0xD7, 0x53, 0x5D, 0x99, 0x08, 0xCB, 0x9A, 0x65, 0xA9,
    0x64, 0x46, 0x15, 0x11, 0x7E, 0xA0, 0x82, 0x2F, 0xF8, 0x48, 0x32, 0x2A, 0x8A, 0xA4, 0x17, 0x10,
    0x01, 0x19, 0x58, 0x41, 0x72, 0x11, 0x9F, 0x81, 0x01, 0x45, 0x1B, 0x58, 0x0F, 0x32, 0x11, 0x97,
    0xC0, 0x49, 0x20, 0x3C, 0x48, 0x46, 0x19, 0x24, 0xA6, 0x80, 0xFB, 0x43, 0xEE, 0xD0, 0x03, 0x72,
    0x48, 0x55, 0x82, 0x53, 0x31, 0x18, 0xC8, 0x0D, 0x33, 0x48, 0x4D, 0x81, 0xE3, 0x21, 0xB3, 0x54,
    0x0D, 0x72, 0x24, 0xD6, 0x60, 0xC2, 0xC9, 0xA6, 0xA5, 0x21, 0x3E, 0x24, 0xCD, 0xC0, 0xF3, 0x21,
    0x1D, 0x7C, 0x47, 0x5F, 0x1B, 0x25, 0x00, 0x3F, 0x25, 0x1D, 0x58, 0x2C, 0xD2, 0x11, 0xF5, 0x40,
    0xE1, 0x50, 0x59, 0x49, 0x21, 0xD7, 0x0B, 0x54, 0x80, 0xC3, 0x52, 0x4D, 0xE8, 0x0F, 0x32, 0x24,
    0xE4, 0xD0, 0x13, 0x21, 0x24, 0x54, 0x93, 0x78, 0x12, 0x47, 0xD2, 0x17, 0x51, 0x24, 0xDC, 0x0E,
    0x74, 0x24, 0xC5, 0xE0, 0x1F, 0xE0, 0x3F, 0xCC, 0x93, 0x35, 0x03, 0xB4, 0xC2, 0x6B, 0xC0, 0x3B,
    0x50, 0x4A, 0x18, 0x29, 0x84, 0x80, 0xD1, 0x21, 0x29, 0x7D, 0x21, 0xDA, 0x12, 0x87, 0xC4, 0xA1,
    0x98, 0x00, 0xC9, 0xEA, 0x25, 0x2F, 0x83, 0x8E, 0xC2, 0x54, 0xF9, 0x26, 0xAA, 0x05, 0x29, 0x12,
    0x6B, 0x15, 0xB1, 0x2B, 0x7C, 0x4A, 0xDF, 0x12, 0xB6, 0x42, 0x99, 0x35, 0x1F, 0x58, 0x4B, 0x3A,
    0x03, 0x6D, 0x04, 0xB3, 0xF1, 0x2C, 0xD8, 0x2A, 0xB5, 0x09, 0xD7, 0x00, 0xE7, 0x31, 0x2E, 0x7C,
    0x4B, 0x9F, 0x12, 0xE5, 0x81, 0xBD, 0x31, 0x2E, 0xFC, 0x2B, 0x75, 0x12, 0xF6, 0x40, 0xE7, 0x61,
    0x30, 0x78, 0x26, 0xF8, 0x13, 0x0E, 0x02, 0xBB, 0x20, 0xE5, 0xD0, 0x4C, 0x7D, 0x13, 0x0F, 0xC3,
    0xD3, 0x41, 0x31, 0x7D, 0x48, 0x33, 0x0E, 0x04, 0xC4, 0xC7, 0xF8, 0x90, 0x38, 0x6A, 0x26, 0x5F,
    0x81, 0xC2, 0x82, 0x66, 0xF8, 0x99, 0xB4, 0x06, 0xA9, 0x89, 0x9F, 0xEA, 0x42, 0xC0, 0x19, 0xA8,
    0xA4, 0x3C, 0x09, 0xAF, 0x40, 0xBD, 0x98, 0x9A, 0xFE, 0x4A, 0x0A, 0x01, 0xAA, 0x62, 0x6C, 0xF8,
    0x9B, 0x3E, 0x26, 0xCD, 0x02, 0x32, 0x82, 0x6D, 0xFC, 0x44, 0x0D, 0xF3, 0x13, 0x77, 0x81, 0xB9,
    0x41, 0x37, 0xFC, 0x26, 0xF4, 0x03, 0x7C, 0xC4, 0xDF, 0xF5, 0x24, 0xEC, 0x4E, 0x1F, 0x1C, 0x66,
    0x8A, 0xB1, 0x41, 0x36, 0xF8, 0x0F, 0x13, 0x13, 0x76, 0x84, 0x61, 0x41, 0x36, 0xE0, 0x0D, 0xD2,
    0x13, 0x6F, 0xC4, 0xDB, 0xF1, 0x36, 0xFC, 0x26, 0x54, 0x15, 0x0C, 0xC4, 0xDB, 0xF0, 0xFE, 0x48,
    0xA6, 0xD6, 0x13, 0x75, 0x14, 0x8F, 0x61, 0x37, 0x60, 0x55, 0x77, 0x13, 0x77, 0xC4, 0x6B, 0x41,
    0x37, 0x7C, 0x4D, 0xDD, 0x07, 0x44, 0xC4, 0xDD, 0xE0, 0xA5, 0x54, 0x4D, 0xFC, 0x11, 0xC4, 0xC4,
    0xDD, 0xD0, 0x9B, 0x54, 0x4D, 0xDF, 0x89, 0x8A, 0x9E, 0x82, 0x6E, 0xFA, 0x93, 0x2A, 0x26, 0xFF,
    0x85, 0xCE, 0x82, 0x6D, 0xDA, 0x0D, 0xE9, 0x00, 0x0D, 0xD5, 0x04, 0xDD, 0xB0, 0x6C, 0xCC, 0x4D,
    0xDF, 0x13, 0x77, 0xC4, 0xDD, 0xF1, 0x37, 0x7C, 0x67, 0x92, 0x13, 0x77, 0xC4, 0xDD, 0x70, 0x3B,
    0x4E, 0xC5, 0x1A, 0xB0, 0xE0, 0x6C, 0x53, 0x92, 0xA2, 0x49, 0xED, 0x12, 0x52, 0xA5, 0x49, 0x8B,
    0x30, 0x62, 0x4D, 0x4A, 0x59, 0xA2, 0x61, 0x00, 0xDB, 0x32, 0x9F, 0xD1, 0xF7, 0x12, 0x13, 0xAC,
    0xD3, 0xC3, 0x27, 0xF9, 0xD9, 0x2A, 0xF5, 0x7F, 0x8D, 0xA8, 0x2A, 0x4D, 0xAB, 0xFC, 0x30, 0xA0,
    0xAB, 0xBF, 0xBE, 0xA2, 0x63, 0x92, 0x93, 0x36, 0x6F, 0x9B, 0x01, 0x92, 0xA2, 0x5C, 0xA2, 0x93,
    0x34, 0x0E, 0x59, 0x08, 0xBE, 0x6F, 0xDE, 0xA3, 0x06, 0xA6, 0xFD, 0xC9, 0xCE, 0xD4, 0x95, 0x75,
    0x24, 0xE4, 0x48, 0xF5, 0x47, 0xA5, 0x44, 0x89, 0x7A, 0xB0, 0xB1, 0xE4, 0xA4, 0x6D, 0x09, 0x0A,
    0x87, 0x50, 0xB6, 0x08, 0xDB, 0xD4, 0xE5, 0xA9, 0xD6, 0x87, 0x5B, 0x90, 0x8F, 0x69, 0xCD, 0x49,
    0xB5, 0x4A, 0x59, 0x63, 0x6C, 0xD5, 0x56, 0xD4, 0x52, 0x2E, 0xB0, 0x42, 0x37, 0xB3, 0x44, 0x24,
    0x27, 0xAA, 0x60, 0x4D, 0xAD, 0xA5, 0xF1, 0x4C, 0x3D, 0x52, 0x11, 0xA7, 0xC8, 0xFF, 0x4B, 0xF1,
    0xB4, 0xAD, 0xC6, 0x49, 0x95, 0x00, 0xE9, 0x52, 0xEA, 0xCD, 0x48, 0xBA, 0x36, 0x75, 0x54, 0x89,
    0x6C, 0x00, 0x8B, 0xF0, 0xD0, 0x89, 0xCF, 0x54, 0x89, 0x9B, 0x0E, 0x04, 0xDA, 0x18, 0xE5, 0x29,
    0x12, 0xF6, 0x1C, 0x11, 0xB3, 0xF4, 0xD0, 0x99, 0x88, 0xB6, 0x6A, 0x45, 0xAE, 0x10, 0x45, 0x96,
    0xE6, 0x88, 0xB2, 0xC3, 0x42, 0xA2, 0x91, 0x36, 0xBD, 0x69, 0x11, 0xB2, 0x78, 0x21, 0x14, 0x5B,
    0x96, 0x22, 0x79, 0x07, 0xE2, 0x80, 0x6C, 0x91, 0xB2, 0x2A, 0xBD, 0x59, 0xA7, 0x2A, 0x8A, 0x44,
    0xA8, 0x13, 0x24, 0x6C, 0x9B, 0xAD, 0xC2, 0x4A, 0x44, 0xF8, 0x1C, 0xE8, 0x22, 0xBA, 0x81, 0xD2,
    0x69, 0xC6, 0xA9, 0xB1, 0xF4, 0x5B, 0x2E, 0x9B, 0x0F, 0x20, 0x6B, 0xA1, 0xB0, 0xE7, 0xCA, 0x09,
    0x14, 0x9B, 0x2F, 0x80, 0x16, 0xCC, 0x0D, 0xB2, 0x36, 0x05, 0x58, 0x21, 0x3A, 0x18, 0x05, 0x29,
    0x84, 0x10, 0xFD, 0x99, 0xFF, 0x3A, 0x39, 0x8D, 0xEA, 0xA4, 0x2D, 0x9A, 0xEB, 0xA0, 0xF5, 0xA1,
    0x21, 0x72, 0x06, 0xF9, 0x2A, 0x3E, 0x80, 0xA2, 0x9A, 0x47, 0x26, 0x0A, 0x19, 0xA9, 0x0B, 0x16,
    0x1C, 0x02, 0x46, 0xA9, 0xC8, 0x0B, 0x25, 0x6C, 0x23, 0x81, 0x90, 0x84, 0xE8, 0x06, 0x49, 0x04,
    0x2E, 0x69, 0x15, 0xCB, 0xD3, 0xAA, 0x7E, 0x2C, 0x3D, 0x2E, 0x78, 0x01, 0x05, 0xD9, 0x9D, 0xD2,
    0x08, 0x55, 0x92, 0x29, 0x70, 0x85, 0x4C, 0x37, 0xF2, 0x52, 0x07, 0x00, 0x59, 0x25, 0x20, 0x60,
    0x28, 0x14, 0x48, 0xA5, 0x82, 0x81, 0x25, 0x20, 0xD9, 0x9E, 0x33, 0x5A, 0xAC, 0xDA, 0x51, 0x46,
    0x90, 0x4D, 0x21, 0xF7, 0x04, 0x45, 0x04, 0x07, 0x76, 0x75, 0x4E, 0x8A, 0x29, 0xFC, 0x04, 0x32,
    0xA0, 0x42, 0x98, 0x43, 0x2A, 0xE8, 0xDA, 0xE0, 0x12, 0x19, 0xA6, 0x76, 0x4C, 0x40, 0xB3, 0x19,
    0xDC, 0xC1, 0x5B, 0x3B, 0xF0, 0x81, 0x6D, 0xC6, 0x48, 0x6D, 0x94, 0x81, 0x37, 0x36, 0xCC, 0xFB,
    0x59, 0x62, 0x3C, 0x92, 0x19, 0x30, 0x11, 0xCC, 0x8D, 0xB6, 0xE4, 0x0A, 0x66, 0x43, 0x38, 0x9B,
    0x2A, 0xA6, 0x11, 0x19, 0x83, 0x6A, 0x84, 0x70, 0xB8, 0x0A, 0xA8, 0x0D, 0x89, 0xA4, 0x32, 0xA0,
    0xD9, 0x98, 0xCE, 0xE4, 0x90, 0xBA, 0x81, 0x1A, 0x80, 0x74, 0x99, 0x1C, 0xEA, 0x07, 0x59, 0xBD,
    0x27, 0x29, 0x0B, 0xD9, 0xF6, 0x66, 0xCC, 0x49, 0x04, 0x4F, 0x31, 0x48, 0x93, 0x27, 0xE5, 0xB0,
    0x9D, 0xCD, 0x52, 0x1B, 0xA7, 0xA3, 0x5F, 0x02, 0x47, 0x4B, 0x09, 0xBA, 0x60, 0x3D, 0x95, 0x75,
    0xB3, 0x33, 0x81, 0x09, 0x32, 0x58, 0x13, 0x67, 0xDC, 0x2A, 0xF4, 0x10, 0xED, 0x06, 0x7D, 0x6B,
    0xF1, 0x1D, 0x2A, 0x3E, 0xC9, 0x0C, 0xF2, 0x41, 0x1D, 0xD8, 0x47, 0x2C, 0x22, 0x2A, 0x84, 0x6E,
    0x78, 0x02, 0x34, 0x64, 0x72, 0x14, 0x38, 0xE4, 0xC2, 0x37, 0x53, 0x62, 0xF8, 0x44, 0xD5, 0x02,
    0x15, 0x0A, 0x09, 0x21, 0x14, 0x64, 0x34, 0xB4, 0x08, 0xE5, 0x41, 0xCB, 0x30, 0xF8, 0xD0, 0xF9,
    0x58, 0x11, 0x25, 0x8C, 0x59, 0x61, 0x11, 0xE8, 0x3B, 0xD4, 0x3E, 0x5E, 0x4D, 0x79, 0xE1, 0x12,
    0x5C, 0x8A, 0xF4, 0x3E, 0x65, 0x86, 0xB7, 0x2D, 0x90, 0x19, 0xE6, 0x05, 0xA9, 0xCE, 0xB6, 0x6A,
    0x28, 0xA8, 0x89, 0xA9, 0x13, 0x0B, 0x55, 0x44, 0x4B, 0x70, 0x63, 0x4A, 0x7A, 0x31, 0x89, 0x84,
    0x5F, 0x82, 0x24, 0x9E, 0xC8, 0x63, 0x79, 0x11, 0x2F, 0x36, 0x04, 0xA0, 0xB1, 0xF5, 0xAA, 0x22,
    0x5B, 0x55, 0xA8, 0xE7, 0xD6, 0xB9, 0x14, 0x25, 0xAD, 0x22, 0x86, 0x51, 0xDB, 0x61, 0x12, 0x58,
    0x0F, 0xB2, 0x2C, 0x05, 0x04, 0x47, 0x71, 0xFF, 0xD1, 0x43, 0xB4, 0x06, 0x4D, 0x84, 0x43, 0x5D,
    0x70, 0x47, 0x24, 0xA1, 0xCD, 0x88, 0x7F, 0x3B, 0x00, 0x5C, 0xDC, 0x89, 0x18, 0xD9, 0x05, 0x7A,
    0x44, 0x48, 0x99, 0xF5, 0x71, 0x3A, 0xD9, 0x88, 0x8F, 0xE2, 0x23, 0xB8, 0x3D, 0xA4, 0xFB, 0xBD,
    0x01, 0xBE, 0x61, 0x05, 0xA0, 0x89, 0x6F, 0xB0, 0x24, 0x95, 0x0A, 0xFB, 0x21, 0x13, 0x6B, 0x5C,
    0x05, 0x09, 0x51, 0xD4, 0x31, 0x72, 0x70, 0xD4, 0x88, 0xF4, 0xD6, 0x84, 0x37, 0x42, 0x2A, 0x9C,
    0x54, 0x45, 0x5F, 0x6B, 0xCD, 0x41, 0xC5, 0x52, 0x1F, 0x7C, 0x45, 0x5A, 0xD8, 0x01, 0x26, 0x82,
    0x2B, 0xD0, 0x31, 0x64, 0x7D, 0x5A, 0x10, 0xEE, 0x9B, 0x20, 0x1F, 0x49, 0x1B, 0x94, 0x21, 0xC5,
    0x36, 0x71, 0x48, 0x98, 0x44, 0xAC, 0x22, 0xBB, 0x28, 0x36, 0xE2, 0x2C, 0xD8, 0x79, 0x70, 0x8E,
    0x0D, 0x4E, 0xB6, 0x4E, 0x1D, 0x98, 0x45, 0x70, 0x22, 0xBB, 0xEC, 0x08, 0x71, 0x43, 0xEA, 0x58,
    0x86, 0xD2, 0xD7, 0x01, 0xD2, 0x61, 0x16, 0xA6, 0xB4, 0x45, 0x96, 0x08, 0xA4, 0xAB, 0x90, 0x61,
    0x16, 0xEC, 0x08, 0xF2, 0xA2, 0xD1, 0xF0, 0x2A, 0x9F, 0xB4, 0x1C, 0x45, 0xDC, 0xD7, 0x04, 0x5B,
    0x42, 0x2E, 0xD8, 0x45, 0xA6, 0x22, 0xEB, 0x13, 0x4E, 0xC2, 0x2F, 0xA2, 0x82, 0xA6, 0x22, 0xEA,
    0xD7, 0x20, 0x81, 0x19, 0xA6, 0xCC, 0x45, 0xD8, 0x81, 0x08, 0xBA, 0xB5, 0xCF, 0xF5, 0x76, 0x62,
    0x23, 0x0C, 0x88, 0xBE, 0xDF, 0xC1, 0x17, 0xE4, 0xCA, 0x94, 0x6D, 0x15, 0x44, 0x5B, 0x9D, 0x90,
    0x47, 0x28, 0x22, 0xDB, 0x08, 0xB3, 0x80, 0x76, 0x98, 0x8B, 0x26, 0x4A, 0x2A, 0x1A, 0x7F, 0x1A,
    0xE0, 0x4B, 0xC8, 0x45, 0xD7, 0x01, 0xDC, 0x82, 0x3F, 0x40, 0x76, 0xCC, 0x43, 0x12, 0x13, 0xD4,
    0x80, 0xFB, 0x21, 0x17, 0x68, 0x0E, 0xF5, 0x11, 0x66, 0x08, 0x89, 0x70, 0x3E, 0x4C, 0xAD, 0x32,
    0x04, 0x9C, 0xC4, 0x55, 0x60, 0x92, 0x50, 0x45, 0x94, 0x01, 0x4C, 0xC4, 0x5B, 0x70, 0x73, 0x54,
    0xAD, 0x97, 0xAE, 0x40, 0x00, 0x6D, 0x49, 0x28, 0x55, 0xA9, 0x10, 0x03, 0xAD, 0x56, 0x79, 0x80,
    0x93, 0x50, 0x0E, 0xB4, 0x11, 0xB7, 0xC2, 0xF9, 0x21, 0x3D, 0xD2, 0xAF, 0x3B, 0x13, 0x94, 0xC4,
    0x75, 0xF0, 0x11, 0xC9, 0x41, 0x95, 0x11, 0xEE, 0xC4, 0xF9, 0x31, 0x40, 0xDB, 0x95, 0x5D, 0x98,
    0x82, 0x22, 0x62, 0x41, 0xF8, 0x90, 0x7E, 0x24, 0x1F, 0x89, 0x07, 0xE2, 0x41, 0xF8, 0x90, 0x7E,
    0x24, 0x1D, 0x89, 0x02, 0xAA, 0x0D, 0x98, 0x8F, 0x66, 0x23, 0xCE, 0x88, 0xEE, 0xA9, 0xAC, 0xA0,
    0x8E, 0xB0, 0x23, 0x9F, 0x88, 0xE6, 0xA2, 0x37, 0xF8, 0x8D, 0xFA, 0x23, 0x6D, 0xCE, 0xAB, 0x02,
    0x37, 0xDA, 0xC0, 0xA4, 0x23, 0x8B, 0x04, 0xF2, 0x82, 0x3A, 0xB9, 0xA1, 0xAC, 0x23, 0x9D, 0x9E,
    0xF6, 0xEB, 0x24, 0x98, 0x8E, 0x38, 0xBF, 0x7A, 0x88, 0xE3, 0x6C, 0xF2, 0x98, 0x8E, 0x38, 0x23,
    0x7C, 0xB3, 0xAA, 0x53, 0x21, 0x1C, 0xFC, 0x47, 0x3B, 0x11, 0xC7, 0x44, 0xFD, 0x45, 0x07, 0xDC,
    0x47, 0x17, 0x67, 0x6C, 0xC4, 0x71, 0xA0, 0x88, 0xD0, 0x1E, 0xD2, 0x11, 0xBF, 0x59, 0xCD, 0x31,
    0x1C, 0x7C, 0x8C, 0x72, 0x03, 0xB4, 0x84, 0x73, 0xF1, 0x1C, 0xFC, 0xCF, 0x14, 0x11, 0xC7, 0x19,
    0xD3, 0x41, 0x1C, 0xE5, 0x9C, 0xF3, 0x11, 0xCE, 0x75, 0x73, 0xB9, 0x92, 0x83, 0xB8, 0x46, 0x8B,
    0xEA, 0x46, 0xF9, 0x73, 0x3A, 0x7C, 0x47, 0x9D, 0x08, 0x7F, 0x04, 0x77, 0x61, 0x1D, 0x78, 0x0D,
    0xB2, 0x11, 0xDD, 0x82, 0x21, 0x30, 0x6F, 0xC8, 0x8C, 0xFF, 0x66, 0xD5, 0x04, 0x75, 0x25, 0x4B,
    0xE0, 0x47, 0x38, 0x50, 0x76, 0xC4, 0x73, 0xB2, 0x33, 0xE4, 0x8C, 0xDA, 0xAC, 0x11, 0x9A, 0xE2,
    0x36, 0xA5, 0x5C, 0x23, 0x3A, 0xC2, 0x01, 0xCA, 0x64, 0x66, 0xE6, 0xA4, 0x46, 0xD5, 0x11, 0xAE,
    0x88, 0xC9, 0x7E, 0x68, 0x8D, 0xB6, 0xC3, 0xEE, 0x73, 0xC4, 0x6D, 0xC5, 0xF1, 0x55, 0x75, 0x95,
    0x11, 0xA5, 0x40, 0xE7, 0x22, 0x32, 0x65, 0x41, 0xDF, 0xAE, 0x72, 0xC4, 0x69, 0x59, 0xD5, 0x64,
    0x46, 0xB6, 0xE5, 0x08, 0xD7, 0xB5, 0xCE, 0x32, 0x36, 0x39, 0xC5, 0x11, 0xAE, 0x45, 0x05, 0x42,
    0x30, 0xF1, 0x9B, 0xB4, 0x11, 0x9E, 0x02, 0x41, 0x71, 0x19, 0x53, 0x90, 0x23, 0x1C, 0x83, 0xB2,
    0x87, 0x9F, 0xA8, 0x0D, 0x66, 0x23, 0x3D, 0x01, 0xFA, 0x6A, 0x0B, 0xB0, 0x1D, 0xA6, 0x23, 0x2F,
    0x88, 0xCA, 0x60, 0x75, 0x98, 0x8C, 0x34, 0x69, 0x6D, 0x33, 0x76, 0x67, 0x9D, 0x98, 0x07, 0x24,
    0x8D, 0x3A, 0x01, 0xEA, 0x6D, 0x72, 0xA8, 0x0C, 0xA4, 0x12, 0x8A, 0x03, 0xBE, 0x44, 0xFB, 0xA7,
    0x20, 0xD3, 0x7A, 0xAC, 0x8B, 0x32, 0x80, 0x71, 0x90, 0x8D, 0xB6, 0x43, 0x2C, 0x44, 0xC0, 0xEF,
    0x31, 0x1C, 0x7C, 0x07, 0x53, 0x14, 0x25, 0x30, 0x22, 0x84, 0x90, 0x8F, 0x3F, 0x10, 0x01, 0x2C,
    0xDE, 0x8D, 0x41, 0x1F, 0xD8, 0x07, 0xD3, 0x05, 0x8C, 0x86, 0xD5, 0x31, 0x20, 0xC8, 0x0B, 0xF4,
    0x12, 0x17, 0xC4, 0x85, 0xF1, 0x21, 0x7C, 0x48, 0x5A, 0x04, 0x5D, 0x04, 0x87, 0xE0, 0x18, 0x4C,
    0xB2, 0x1A, 0x05, 0xA4, 0x85, 0xA5, 0x52, 0x3F, 0xCD, 0x40, 0x72, 0x06, 0xC4, 0xC9, 0x03, 0xF1,
    0x23, 0x58, 0x48, 0xBF, 0x3C, 0x9C, 0xD4, 0x05, 0x80, 0x11, 0xC8, 0x48, 0xB9, 0x06, 0x5D, 0x41,
    0x49, 0x41, 0x22, 0xD8, 0x48, 0x77, 0x02, 0x44, 0xD1, 0x8D, 0x8E, 0x79, 0x1F, 0x7E, 0x24, 0x3D,
    0xCE, 0xCF, 0xA5, 0x20, 0x4C, 0xCC, 0x06, 0x92, 0x46, 0x2D, 0x42, 0x79, 0x21, 0x46, 0xD0, 0x49,
    0x36, 0x12, 0x45, 0x42, 0x13, 0x41, 0x24, 0x58, 0x48, 0xD5, 0x01, 0x5C, 0xB8, 0xC5, 0x8A, 0xC8,
    0x19, 0xE6, 0x24, 0x5B, 0x89, 0x0F, 0xE4, 0x7C, 0xB8, 0x39, 0xEA, 0x24, 0x3F, 0x85, 0x0A, 0xA2,
    0x44, 0xD8, 0x0D, 0x68, 0x47, 0xEE, 0x01, 0x9A, 0x60, 0x9E, 0x92, 0x6D, 0x24, 0xD5, 0xDB, 0x85,
    0x16, 0x40, 0xD9, 0x90, 0xD4, 0x74, 0x48, 0x0D, 0x05, 0x4A, 0xAD, 0x60, 0xF2, 0x7B, 0xA6, 0x02,
    0xB9, 0x09, 0x0F, 0xE0, 0x36, 0x90, 0x0F, 0xA6, 0x24, 0x4F, 0x81, 0x9E, 0x8D, 0x63, 0xA0, 0x90,
    0xF0, 0x12, 0x1A, 0xA1, 0xEE, 0x46, 0x30, 0x90, 0x91, 0x72, 0x8A, 0xEA, 0x11, 0xFE, 0x40, 0x5A,
    0xAB, 0xC7, 0xA8, 0x24, 0x6F, 0xC5, 0x01, 0x51, 0x3A, 0xEB, 0xD8, 0x64, 0x3B, 0x59, 0x09, 0x27,
    0x42, 0x48, 0xFB, 0x5B, 0xF0, 0x24, 0x7A, 0x09, 0x1B, 0x62, 0x44, 0xD8, 0x90, 0xFE, 0x47, 0x8F,
    0x84, 0x56, 0x87, 0xD9, 0xAC, 0x38, 0x47, 0xD9, 0x05, 0xFD, 0x5E, 0x35, 0x64, 0x56, 0xE1, 0x3B,
    0x3D, 0x45, 0x7E, 0x02, 0x23, 0x72, 0x35, 0xFC, 0xD2, 0x9F, 0x34, 0xA7, 0xCD, 0x29, 0xC9, 0xD6,
    0xC8, 0xD2, 0xBD, 0x23, 0x54, 0x82, 0x15, 0x40, 0x96, 0x50, 0x45, 0xB4, 0x4E, 0x5D, 0x50, 0xB5,
    0x33, 0x4C, 0xF4, 0x54, 0x33, 0x34, 0xD7, 0xC6, 0x05, 0x2D, 0x90, 0x8B, 0x3E, 0x52, 0x3A, 0x11,
    0x6B, 0xE2, 0x28, 0xAE, 0xB4, 0x8B, 0x7F, 0x22, 0xDF, 0xC8, 0xB7, 0xF8, 0x6C, 0x9E, 0x29, 0x14,
    0x2C, 0x46, 0x47, 0x7D, 0x44, 0x62, 0x5C, 0xC7, 0x93, 0x35, 0x0F, 0x76, 0x06, 0xA1, 0xC1, 0x68,
    0xA5, 0x14, 0x47, 0xE5, 0x06, 0x31, 0x2D, 0x99, 0x19, 0x3E, 0x22, 0x1F, 0x88, 0x87, 0xE6, 0x9E,
    0xC0, 0x1B, 0x24, 0x46, 0x5F, 0xCE, 0xB6, 0x00, 0x2C, 0x90, 0xA4, 0xA4, 0x46, 0x7A, 0xA6, 0xCA,
    0xE6, 0x3D, 0x9C, 0x66, 0x46, 0x9B, 0x3E, 0x5F, 0x8B, 0x99, 0x20, 0x96, 0xC8, 0xEC, 0xD5, 0x0D,
    0xC4, 0xC1, 0x3F, 0x20, 0x45, 0x48, 0x44, 0xDD, 0x08, 0xFD, 0x44, 0x4B, 0x94, 0xDC, 0xD4, 0xD4,
    0x3F, 0x04, 0xF5, 0x04, 0x45, 0xA2, 0xBE, 0xD8, 0xAA, 0x32, 0x1A, 0x45, 0x00, 0xB5, 0x22, 0x33,
    0xD0, 0xC7, 0x32, 0x4A, 0x65, 0xC4, 0x47, 0x74, 0xE1, 0x6B, 0x00, 0x3B, 0x49, 0x27, 0x0E, 0x86,
    0xA1, 0xC0, 0x1B, 0xA4, 0x46, 0x5D, 0x6C, 0x2A, 0xD4, 0x74, 0xE4, 0xEE, 0x75, 0xAE, 0x4A, 0x65,
    0x48, 0xC5, 0x8D, 0x6A, 0x20, 0x2A, 0x21, 0xDD, 0x8F, 0xD6, 0x60, 0x4E, 0xA8, 0x87, 0x6E, 0x11,
    0x0A, 0x97, 0x9E, 0xC6, 0x9A, 0xAE, 0xB9, 0x3F, 0x33, 0x22, 0xFE, 0x02, 0x19, 0x34, 0x62, 0xD1,
    0x3A, 0x36, 0x10, 0xC4, 0xD3, 0xA1, 0x69, 0xD6, 0xCD, 0x3A, 0x16, 0x10, 0xBE, 0x13, 0x9F, 0x81,
    0x0B, 0x68, 0x42, 0x79, 0x08, 0x5D, 0xC1, 0xDD, 0x43, 0x49, 0xDC, 0xC5, 0x33, 0x46, 0x04, 0xD3,
    0x9F, 0x53, 0x4D, 0xCE, 0x8E, 0x08, 0xF9, 0xCE, 0xB5, 0xC1, 0x07, 0x98, 0x7A, 0x6A, 0x45, 0xCA,
    0x6B, 0x53, 0xA5, 0x61, 0x0B, 0x68, 0x3D, 0x56, 0x08, 0x55, 0xC4, 0x25, 0x60, 0x68, 0x58, 0xD2,
    0x39, 0x03, 0x3C, 0x93, 0x9B, 0x82, 0x2B, 0xDC, 0x21, 0x35, 0x22, 0xC4, 0xD3, 0x9D, 0x60, 0x66,
    0xD1, 0x3A, 0x19, 0x0A, 0x0C, 0x82, 0xE7, 0x41, 0x0A, 0x58, 0x10, 0x33, 0x4E, 0x8E, 0x95, 0x79,
    0x84, 0xE7, 0xD8, 0x42, 0xFA, 0xFF, 0x43, 0x93, 0x99, 0xA3, 0x47, 0xF8, 0x43, 0x1D, 0x3D, 0x46,
    0x02, 0x89, 0x32, 0x29, 0xD0, 0x8A, 0x56, 0xD6, 0x84, 0x2A, 0x82, 0x1C, 0xE0, 0x86, 0xF2, 0x10,
    0x99, 0x9A, 0x17, 0x40, 0x6D, 0x91, 0x13, 0xB8, 0x1A, 0x79, 0x08, 0x6F, 0xE9, 0xCF, 0xC0, 0x87,
    0x34, 0x44, 0x8D, 0x88, 0x6A, 0xA2, 0x19, 0xF8, 0x86, 0x3E, 0x17, 0xCB, 0x08, 0x5F, 0x82, 0x16,
    0xD9, 0xB4, 0x26, 0x21, 0x7C, 0x9B, 0x9A, 0x42, 0x18, 0xD0, 0x85, 0xFE, 0x9C, 0xCF, 0x00, 0xA6,
    0x41, 0x0D, 0x9A, 0x73, 0x6C, 0x75, 0x79, 0x08, 0x5F, 0xE3, 0x21, 0xA1, 0xBD, 0x64, 0x21, 0x7A,
    0x90, 0xDE, 0x46, 0xE7, 0xA0, 0x86, 0x2A, 0x6E, 0x39, 0x88, 0x67, 0xE2, 0x19, 0xA8, 0x86, 0x3E,
    0x9C, 0xFB, 0x2F, 0xCE, 0xA2, 0x19, 0xFA, 0x73, 0xEA, 0x72, 0x79, 0x88, 0x6B, 0xE9, 0xD0, 0xA9,
    0xD5, 0x66, 0x21, 0x9B, 0x11, 0x06, 0xC7, 0x57, 0x90, 0x52, 0xA6, 0x68, 0x7D, 0x8A, 0x86, 0x87,
    0xA3, 0x99, 0xD5, 0xA6, 0x43, 0xFE, 0x00, 0xB2, 0x84, 0x40, 0xDB, 0x42, 0xEE, 0x75, 0x39, 0x08,
    0x77, 0xE3, 0xED, 0x91, 0xD5, 0xEA, 0x44, 0x2D, 0x9E, 0x82, 0x60, 0x74, 0x90, 0x88, 0xB8, 0x11,
    0x7A, 0x88, 0x8A, 0xE5, 0x6B, 0x99, 0xD3, 0xE6, 0x9D, 0x0A, 0xB4, 0x37, 0x27, 0x4F, 0xA0, 0x89,
    0xF2, 0x44, 0x99, 0x02, 0xC2, 0x62, 0x28, 0xD1, 0xE9, 0x28, 0x7B, 0xE9, 0x88, 0xAF, 0x43, 0x3E,
    0xE0, 0x8A, 0xE6, 0x68, 0xED, 0x88, 0xAE, 0x70, 0xF4, 0x2E, 0x54, 0x45, 0x9F, 0x20, 0xBC, 0x80,
    0xE9, 0x31, 0x16, 0xF0, 0x89, 0x98, 0x03, 0xAC, 0xC4, 0x61, 0x84, 0xED, 0xD6, 0xB9, 0xFC, 0x42,
    0x15, 0x04, 0x6B, 0xC1, 0xA1, 0x60, 0x89, 0xB4, 0x11, 0xA5, 0xC2, 0x55, 0x40, 0x6E, 0xCC, 0x89,
    0xDB, 0xC0, 0x00, 0xDA, 0xA4, 0x4E, 0xF1, 0x5A, 0x66, 0x04, 0xE9, 0x08, 0xEB, 0xE4, 0x4F, 0xA0,
    0x1C, 0xE8, 0x23, 0xCE, 0x8D, 0x1B, 0x02, 0x3D, 0xA0, 0xD1, 0xAC, 0x23, 0xEA, 0x02, 0x52, 0x69,
    0xEB, 0xB0, 0x3D, 0x26, 0x14, 0x1A, 0x08, 0xFF, 0x63, 0x4A, 0xB4, 0x01, 0x14, 0xB6, 0x22, 0xAF,
    0xE2, 0x88, 0x31, 0xA8, 0x91, 0x3E, 0x34, 0xEB, 0x09, 0x13, 0xE5, 0x72, 0x98, 0x37, 0xE4, 0x24,
    0x4B, 0x84, 0xCA, 0xC1, 0x56, 0xA0, 0x5B, 0xA8, 0x83, 0x49, 0x09, 0x1F, 0xC5, 0x73, 0x90, 0x4D,
    0x30, 0x45, 0xEC, 0x05, 0x56, 0x40, 0x71, 0x99, 0x18, 0x36, 0x57, 0x6A, 0x91, 0x83, 0x48, 0xD6,
    0xB6, 0x14, 0x3B, 0x34, 0x23, 0x0E, 0xCA, 0xEB, 0x34, 0x69, 0xDC, 0x49, 0x58, 0x45, 0x2D, 0x04,
    0x97, 0xC0, 0x6D, 0x58, 0x8D, 0x57, 0x7B, 0xC6, 0x82, 0x61, 0x51, 0x27, 0xF4, 0xAF, 0x14, 0x03,
    0x64, 0x84, 0xA3, 0xB2, 0xBC, 0xD4, 0x76, 0x95, 0x4F, 0xDE, 0x84, 0xAF, 0x40, 0x5D, 0x4C, 0x4A,
    0xFD, 0x03, 0x45, 0x04, 0xB1, 0xF3, 0xE2, 0x6C, 0x8E, 0x7F, 0x23, 0x9E, 0xCB, 0x03, 0x30, 0x49,
    0x4C, 0x8E, 0x9D, 0x2C, 0x1C, 0xC0, 0xE9, 0x21, 0x2F, 0x60, 0x37, 0x15, 0x12, 0xFE, 0x7F, 0x84,
    0x78, 0xE2, 0x80, 0xF2, 0x47, 0x9D, 0x9F, 0x17, 0x24, 0x79, 0xF0, 0x8C, 0x6C, 0x47, 0xAF, 0x96,
    0x16, 0xA2, 0x63, 0xC1, 0x61, 0xA6, 0x04, 0xC9, 0x89, 0x8E, 0xC0, 0x71, 0x90, 0x98, 0xFE, 0x47,
    0xDB, 0x16, 0x22, 0x82, 0x64, 0xF8, 0x4B, 0xE8, 0x09, 0x49, 0x1B, 0x46, 0xC6, 0xA3, 0xF8, 0x99,
    0xAC, 0x51, 0x0A, 0x09, 0xA2, 0x8A, 0x08, 0xA0, 0x99, 0xA8, 0x07, 0x5A, 0x9A, 0x9B, 0x41, 0x52,
    0x92, 0xC8, 0xFE, 0x26, 0x2A, 0x03, 0x66, 0x62, 0x62, 0xF0, 0x1A, 0xE8, 0x26, 0x3F, 0x89, 0x8E,
    0x62, 0xDA, 0xB9, 0xA9, 0x33, 0x80, 0x09, 0x75, 0x84, 0xC3, 0xD0, 0x39, 0x48, 0xDB, 0x95, 0x09,
    0x8C, 0xDB, 0xA9, 0x42, 0x88, 0x50, 0xD5, 0x19, 0x0B, 0x45, 0x44, 0xBF, 0xB7, 0xB6, 0xF0, 0x44,
    0x33, 0x35, 0x2E, 0x44, 0xB9, 0x30, 0xA2, 0xD4, 0xD4, 0xD9, 0x61, 0x87, 0xCD, 0x49, 0xC0, 0x34,
    0xD0, 0xD4, 0xBF, 0x12, 0xCC, 0x80, 0xD7, 0x30, 0x25, 0xCA, 0x83, 0x3B, 0x9B, 0x1A, 0xA7, 0xE2,
    0x5C, 0xA0, 0x1B, 0xA5, 0x49, 0xA0, 0xCA, 0xE4, 0x72, 0xDF, 0x84, 0xBF, 0xE5, 0x4A, 0x80, 0xCB,
    0x22, 0x12, 0xEA, 0x84, 0xC3, 0xEB, 0x4B, 0x81, 0x57, 0xA0, 0x14, 0xCC, 0x12, 0x81, 0x64, 0x1C,
    0x89, 0xBD, 0xD3, 0x00, 0x6F, 0x94, 0x31, 0x40, 0xB4, 0xC0, 0x99, 0x3E, 0x40, 0x87, 0x91, 0xAE,
    0x68, 0x26, 0x7F, 0x9A, 0xCE, 0xD2, 0xB9, 0x20, 0x99, 0x7B, 0x2B, 0x24, 0xA4, 0x84, 0xCB, 0xF1,
    0x32, 0xCE, 0x57, 0x26, 0x35, 0xA7, 0xC2, 0x63, 0x39, 0x5C, 0x9C, 0xD6, 0x9E, 0x13, 0x16, 0x04,
    0xC3, 0x7A, 0x66, 0x13, 0xFD, 0x0E, 0x34, 0xA5, 0x4D, 0x71, 0x5A, 0x61, 0xA1, 0x64, 0x25, 0xEF,
    0x87, 0x06, 0x60, 0x2F, 0x98, 0x97, 0x7F, 0x26, 0x8A, 0x01, 0x1A, 0x86, 0xB0, 0xF8, 0x31, 0xE5,
    0x4C, 0xC2, 0x81, 0x6E, 0x46, 0xB2, 0xFD, 0xFA, 0x99, 0x82, 0x95, 0x96, 0x96, 0x41, 0x29, 0xCD,
    0x33, 0x02, 0x25, 0xAA, 0x10, 0x66, 0x54, 0xC2, 0x51, 0x6A, 0x75, 0x45, 0x12, 0xD5, 0x69, 0x85,
    0xC3, 0x92, 0x3F, 0x7E, 0x6E, 0xAA, 0x2A, 0x82, 0x68, 0xFF, 0xD0, 0x6A, 0x26, 0x25, 0xEA, 0x80,
    0xE6, 0x82, 0x5F, 0xCD, 0x0C, 0x1B, 0x75, 0xA6, 0x60, 0x40, 0xA5, 0x34, 0x80, 0xE2, 0x82, 0x90,
    0x0B, 0x09, 0x8A, 0x40, 0x47, 0x90, 0x1A, 0xA4, 0x6C, 0x6B, 0xD3, 0x30, 0xA0, 0x72, 0x90, 0x25,
    0xE4, 0x26, 0x2A, 0x10, 0x9E, 0xB1, 0x40, 0x43, 0x50, 0x4C, 0x1F, 0x36, 0x5F, 0xD1, 0xFF, 0x51,
    0x2F, 0xC8, 0x04, 0x12, 0x12, 0xFE, 0x67, 0xE9, 0x00, 0xA2, 0x88, 0x6C, 0x03, 0x4A, 0x81, 0x76,
    0x40, 0xF8, 0x90, 0x98, 0x68, 0x56, 0xFA, 0x01, 0x32, 0xC2, 0x62, 0xBD, 0x0D, 0x20, 0xB5, 0xA6,
    0x5F, 0x80, 0xC7, 0x44, 0x83, 0x6C, 0x11, 0x12, 0x07, 0xED, 0x01, 0x3D, 0x24, 0x82, 0xFD, 0xAE,
    0x7E, 0x13, 0x1C, 0x81, 0x4B, 0x41, 0x31, 0xDC, 0x10, 0x32, 0x13, 0x14, 0xC1, 0x69, 0x34, 0x82,
    0xD2, 0x82, 0x90, 0x4A, 0xD3, 0x00, 0xBD, 0x21, 0x31, 0xD2, 0x7E, 0x90, 0x4A, 0x83, 0x5E, 0x89,
    0x05, 0xC9, 0xC3, 0xE9, 0x4C, 0xC3, 0x81, 0x3A, 0x60, 0x59, 0x95, 0x04, 0xCE, 0x72, 0x48, 0x4F,
    0xC4, 0xD7, 0x40, 0x9C, 0xE1, 0x21, 0x3C, 0x09, 0xCD, 0x12, 0x0D, 0xB1, 0x34, 0x50, 0x26, 0x72,
    0x13, 0x44, 0xE8, 0x22, 0x68, 0xA8, 0x0F, 0xE6, 0x04, 0x99, 0x24, 0x16, 0x80, 0x7B, 0x92, 0x8D,
    0xA4, 0x0F, 0x6A, 0x3E, 0xB7, 0x34, 0x51, 0x43, 0x4D, 0x46, 0xF7, 0x09, 0xEE, 0x84, 0xD7, 0xA0,
    0x9E, 0xD0, 0x4D, 0x1A, 0x7D, 0x75, 0x81, 0xA5, 0x2A, 0x66, 0x00, 0x14, 0x13, 0xAE, 0xAE, 0xEA,
    0x82, 0x6B, 0x9F, 0xFA, 0x00, 0x3A, 0x1A, 0x50, 0xC4, 0xD9, 0x50, 0xA1, 0x5C, 0x18, 0x32, 0x0A,
    0x1D, 0xC0, 0x9B, 0x21, 0x81, 0xC8, 0xBA, 0xB2, 0x07, 0x05, 0x16, 0xB7, 0x79, 0xE8, 0x9C, 0x2A,
    0x10, 0x1A, 0xAD, 0x6B, 0xEB, 0x5A, 0xF2, 0x90, 0x2C, 0x17, 0xAB, 0x13, 0x52, 0xF3, 0xF0, 0x6D,
    0xD6, 0x99, 0x84, 0x0A, 0x05, 0x96, 0xBB, 0x50, 0xA0, 0x4C, 0x4E, 0x96, 0x0A, 0x07, 0x83, 0x01,
    0x20, 0x4F, 0x4C, 0x0B, 0x92, 0x05, 0xCC, 0x89, 0xB5, 0x47, 0x9D, 0x56, 0x28, 0x18, 0x5A, 0x89,
    0xDF, 0x2B, 0x65, 0xFA, 0xD9, 0x74, 0x27, 0x69, 0x04, 0x02, 0xA4, 0xD3, 0xB5, 0x0D, 0x6C, 0xB4,
    0x52, 0x25, 0x80, 0x6F, 0x80, 0xA0, 0x5C, 0x09, 0x95, 0x26, 0xCD, 0xE7, 0xE1, 0x40, 0xB6, 0x1C,
    0x0C, 0x74, 0x5B, 0x56, 0xC1, 0x0B, 0x20, 0x84, 0xCC, 0x28, 0x1A, 0x5B, 0x5F, 0x81, 0x6D, 0x64,
    0x94, 0xDC, 0x4E, 0x52, 0x0C, 0x35, 0x49, 0xB3, 0x60, 0x42, 0x48, 0x4E, 0x13, 0x05, 0xA4, 0xD6,
    0xE1, 0x40, 0xA1, 0xCC, 0x4E, 0x72, 0x0A, 0x1E, 0x02, 0x03, 0x20, 0xA1, 0xD0, 0x1B, 0x93, 0x7E,
    0xCE, 0x51, 0x43, 0x40, 0xC3, 0xC8, 0x4F, 0x3E, 0x5B, 0x95, 0x84, 0xF5, 0xF1, 0x3D, 0x7C, 0x4F,
    0x5E, 0x0C, 0x0C, 0xC3, 0x01, 0x31, 0x3E, 0x54, 0x07, 0x93, 0x16, 0x0D, 0x01, 0x69, 0x20, 0x25,
    0x50, 0x9B, 0xD3, 0x0C, 0x34, 0x85, 0x01, 0xF9, 0xD4, 0xF5, 0x6F, 0x94, 0x0D, 0x3C, 0x82, 0x89,
    0xE1, 0x41, 0x7D, 0x6F, 0xBF, 0x14, 0x1F, 0xC2, 0x81, 0x39, 0xFA, 0xDF, 0xEC, 0x28, 0x4C, 0x05,
    0x07, 0x42, 0x85, 0xF8, 0xA1, 0x7E, 0x0B, 0x09, 0xD8, 0xC3, 0x89, 0x41, 0x44, 0x79, 0x70, 0xBE,
    0x64, 0xFD, 0x85, 0x0B, 0xF1, 0x42, 0xFC, 0x50, 0xBF, 0x14, 0x2F, 0xC5, 0x0B, 0xF1, 0x42, 0xFC,
    0x50, 0xBF, 0x14, 0x2F, 0xC1, 0xFD, 0x30, 0xB1, 0xD4, 0x51, 0x1B, 0x03, 0xFC, 0xC9, 0xD5, 0x50,
    0xA2, 0x7C, 0x50, 0xBF, 0x14, 0x2F, 0xC5, 0x0B, 0xF1, 0x42, 0xFC, 0x50, 0xBF, 0x14, 0x2F, 0xC5,
    0x0B, 0xF1, 0x42, 0xFC, 0x50, 0xBF, 0x0B, 0x3D, 0x85, 0x11, 0xF0, 0xA2, 0x5C, 0x50, 0xBF, 0x14,
    0x2F, 0xC5, 0x0B, 0xF1, 0x42, 0xFC, 0x50, 0xBF, 0x14, 0x2F, 0xC5, 0x0B, 0xF1, 0x42, 0xFC, 0x50,
    0xBF, 0x16, 0xA4, 0xD5, 0x0F, 0x21, 0xC6, 0x50, 0x51, 0x1F, 0x14, 0x46, 0x0E, 0xB5, 0x8A, 0x18,
    0x30, 0xE4, 0x28, 0x5F, 0x8A, 0x17, 0xE2, 0x85, 0xF8, 0xA1, 0x7E, 0x28, 0x5F, 0x8A, 0x17, 0xE2,
    0x85, 0xF8, 0xA1, 0x7E, 0x28, 0x5F, 0x85, 0x02, 0xC3, 0x37, 0xA9, 0x3E, 0xF2, 0x05, 0xC9, 0x05,
    0x0E, 0xA2, 0x85, 0xF8, 0xA1, 0x7E, 0x28, 0x5F, 0x8A, 0x17, 0xE2, 0x85, 0xF8, 0x50, 0x3E, 0x28,
    0x5F, 0x8A, 0x17, 0xE2, 0x85, 0xF8, 0xA1, 0x68, 0x0B, 0x99, 0x2C, 0xC6, 0x62, 0x88, 0xFB, 0x7D,
    0x3A, 0x28, 0x5F, 0x8A, 0x17, 0xE2, 0x85, 0xF8, 0xA1, 0x7E, 0x28, 0x5F, 0x8A, 0x17, 0xE2, 0x85,
    0xF8, 0xA1, 0x7E, 0x28, 0x5F, 0x8A, 0x16, 0xC0, 0xB4, 0xA8, 0xA2, 0x3A, 0x50, 0x69, 0x8A, 0x13,
    0xE2, 0x84, 0xF8, 0x50, 0xFE, 0x28, 0x4F, 0x8A, 0x13, 0xE2, 0x84, 0xF8, 0xA1, 0x3E, 0x0A, 0x39,
    0xAA, 0xDF, 0x00, 0xA0, 0x90, 0x13, 0x66, 0x98, 0xEA, 0x86, 0x1E, 0x60, 0xDF, 0x98, 0xB4, 0xE8,
    0x27, 0xD9, 0x88, 0x0E, 0x42, 0x89, 0xA9, 0x43, 0xBE, 0x9B, 0x3A, 0x8A, 0x13, 0xA9, 0x8D, 0xA4,
    0x00, 0x50, 0x7F, 0x53, 0x65, 0x45, 0x07, 0xF1, 0x41, 0xD4, 0x50, 0x3C, 0x13, 0x04, 0xC5, 0x03,
    0xD1, 0x2D, 0x4C, 0x50, 0x3A, 0x2D, 0x1D, 0x05, 0x01, 0x60, 0xC1, 0x60, 0x50, 0x16, 0x28, 0x27,
    0xEA, 0xD3, 0xB0, 0x85, 0x4C, 0x27, 0x52, 0x88, 0x04, 0xEB, 0xD1, 0x21, 0x3D, 0xFC, 0x27, 0x54,
    0x89, 0x89, 0xEF, 0xE2, 0x7B, 0xBC, 0x9A, 0x2A, 0x27, 0xBF, 0xAB, 0x26, 0xC2, 0x79, 0xB0, 0x9D,
    0xFE, 0x27, 0x6F, 0x85, 0xEA, 0x62, 0x76, 0xC8, 0x41, 0x28, 0x4F, 0xCF, 0xAB, 0x3A, 0x42, 0x73,
    0xF8, 0x9C, 0xEE, 0x27, 0x1F, 0x86, 0x6A, 0x62, 0x70, 0xF8, 0x24, 0xA8, 0x26, 0xFC, 0x02, 0x8A,
    0x40, 0x37, 0x90, 0x46, 0x66, 0x0B, 0x99, 0x9D, 0x76, 0xC1, 0x6F, 0x90, 0x8F, 0x24, 0x27, 0x1F,
    0x89, 0xC6, 0x53, 0xF0, 0x14, 0xC8, 0x48, 0x33, 0x13, 0x8F, 0xC1, 0x27, 0x32, 0x7B, 0x7C, 0x4D,
    0xB6, 0x12, 0x4C, 0xC4, 0xDB, 0xF1, 0x36, 0xD4, 0x49, 0x92, 0x13, 0x76, 0xCE, 0x83, 0x51, 0x37,
    0x5C, 0x34, 0x92, 0x13, 0x77, 0xC4, 0x81, 0x31, 0x37, 0x79, 0x5B, 0xBA, 0x13, 0x86, 0x8C, 0x6F,
    0x30, 0x1C, 0x4C, 0x2A, 0x35, 0x13, 0x87, 0xC4, 0xDF, 0xF1, 0x37, 0xD4, 0x75, 0xFF, 0x27, 0xA5,
    0xC4, 0xD7, 0xF5, 0xF7, 0xE0, 0x4D, 0x5A, 0x13, 0x4F, 0x44, 0xD1, 0xF0, 0x75, 0x4C, 0xDA, 0x15,
    0x13, 0x3F, 0xC4, 0xCF, 0xF1, 0x33, 0xFC, 0x4C, 0xFD, 0x27, 0x67, 0xC4, 0xC5, 0xF1, 0x30, 0xFD,
    0x7E, 0xD3, 0x13, 0x07, 0xE9, 0x98, 0x2A, 0xE5, 0x9C, 0x4C, 0x3F, 0x95, 0xC9, 0x2B, 0x96, 0xA1,
    0x31, 0x74, 0x4C, 0x3F, 0x13, 0x0D, 0xC4, 0xC1, 0xF1, 0x7F, 0xD6, 0x57, 0x27, 0xAE, 0x59, 0x48,
    0x49, 0x81, 0x31, 0xE8, 0x9D, 0x1D, 0x12, 0xF7, 0xC4, 0xBD, 0xF1, 0x2F, 0x5C, 0x5F, 0x95, 0x12,
    0xEF, 0xC3, 0xED, 0x31, 0x2E, 0x7C, 0x4B, 0x96, 0x1C, 0xEC, 0xC4, 0xB9, 0xF1, 0x2E, 0x54, 0x73,
    0xBF, 0x27, 0x0D, 0x88, 0x37, 0x52, 0x72, 0x7C, 0x9C, 0x96, 0x0A, 0xB4, 0xCE, 0xD5, 0xF2, 0x70,
    0xFC, 0x74, 0x1F, 0x27, 0x0F, 0xF0, 0x02, 0x5D, 0xF9, 0x38, 0x6C, 0x62, 0x6F, 0x93, 0x87, 0xE4,
    0xE1, 0xFB, 0x8C, 0xEC, 0x58, 0x1B, 0x80, 0xFA, 0x44, 0xE4, 0xF9, 0x39, 0x26, 0x3A, 0x09, 0x89,
    0x97, 0xEE, 0x3A, 0xA0, 0xE8, 0x3E, 0x4E, 0x1F, 0x93, 0x87, 0xE2, 0x65, 0xF9, 0x89, 0xBC, 0x4E,
    0x1F, 0x93, 0x86, 0xE3, 0x9D, 0x99, 0x38, 0x7E, 0x39, 0xD9, 0x93, 0x87, 0xE4, 0xE1, 0xF8, 0x9A,
    0xBE, 0x09, 0xB9, 0x89, 0xAB, 0xE4, 0xDE, 0xB8, 0xE7, 0x76, 0x4D, 0xEF, 0x93, 0x7B, 0xA3, 0x9D,
    0xA9, 0x37, 0xB2, 0x39, 0xAA, 0xC3, 0x84, 0xD9, 0xB2, 0x6F, 0x7C, 0x9B, 0xD6, 0x1C, 0xD7, 0xC9,
    0xBD, 0xF1, 0x36, 0xFD, 0xC9, 0xF6, 0x13, 0x6F, 0xC4, 0xDB, 0x63, 0x0F, 0xFC, 0x9B, 0x7F, 0x13,
    0x67, 0x4C, 0x3F, 0x32, 0x6D, 0xFC, 0x9B, 0x7F, 0x30, 0xE7, 0xC9, 0xB7, 0xFC, 0x28, 0x9A, 0xFE,
    0x4D, 0xBB, 0x18, 0x73, 0xE2, 0x6C, 0xF8, 0x9B, 0x3F, 0x3F, 0x30, 0xE6, 0x89, 0xB1, 0xF2, 0x6C,
    0x4C, 0xC3, 0x93, 0x13, 0x7F, 0xE8, 0xE8, 0xA2, 0xE8, 0x9C, 0x3E, 0x27, 0x0F, 0x89, 0xC3, 0xE4,
    0xD8, 0xC1, 0x86, 0x76, 0x4D, 0x5F, 0x93, 0x56, 0xE6, 0x19, 0x99, 0x35, 0x7E, 0x61, 0x99, 0x89,
    0xD3, 0xE4, 0xD5, 0xF9, 0x35, 0x7E, 0x09, 0x89, 0x89, 0xCF, 0xE4, 0xD5, 0xB9, 0x85, 0xB6, 0x4D,
    0x5F, 0x93, 0x57, 0xA6, 0x16, 0xA9, 0xD6, 0xF2, 0x61, 0x6B, 0x89, 0xCF, 0xD5, 0xCA, 0x28, 0x9D,
    0x3E, 0x0F, 0xA9, 0x18, 0x5F, 0x15, 0xCA, 0x38, 0x9D, 0xBE, 0x4D, 0x4F, 0x89, 0xDF, 0xE2, 0x77,
    0xF8, 0x9D, 0xF3, 0x5C, 0x79, 0x64, 0x84, 0xE1, 0x51, 0x3D, 0xFC, 0x4F, 0x1F, 0x13, 0xC7, 0xC4,
    0xF1, 0xF1, 0x3C, 0x7C, 0x4F, 0x1F, 0x13, 0xC7, 0xC4, 0xF1, 0xF1, 0x3C, 0x7C, 0x4F, 0x1F, 0x13,
    0xC6, 0xCD, 0x19, 0x61, 0x3D, 0xF0, 0xEB, 0xBF, 0x13, 0xC7, 0xC4, 0xF1, 0xF0, 0xA0, 0x7C, 0x4F,
    0x1F, 0x13, 0xC7, 0xC4, 0xF1, 0xF1, 0x3C, 0x7C, 0x4F, 0x1F, 0x13, 0xC7, 0xEB, 0xB1, 0x11, 0x65,
    0xC8, 0xC5, 0xB3, 0x04, 0x34, 0x84, 0xF7, 0xF1, 0x3D, 0xFC, 0x4F, 0x7F, 0x13, 0xDF, 0xC4, 0xF7,
    0xF1, 0x3D, 0xFC, 0x4F, 0x7F, 0x13, 0xDF, 0xC4, 0xF7, 0xF3, 0x0B, 0x60, 0xEB, 0x5F, 0x13, 0xDF,
    0xC4, 0xF7, 0xF1, 0x3D, 0xFC, 0x4F, 0x7F, 0x13, 0xDF, 0xC4, 0xF7, 0xF1, 0x3D, 0xFC, 0x4F, 0x7F,
    0x13, 0xDF, 0xC4, 0xF7, 0xF1, 0x3D, 0xFC, 0x4F, 0x7F, 0x13, 0xDF, 0xC4, 0xF7, 0xF1, 0x3D, 0xFC,
    0x4F, 0x7F, 0x13, 0xDF, 0xC4, 0xF7, 0xF1, 0x3D, 0xFC, 0x4F, 0x7F, 0x13, 0xDF, 0xC4, 0xF7, 0xF1,
    0x3D, 0xFC, 0x4F, 0x7F, 0x13, 0xDF, 0xC4, 0xF7, 0xF1, 0x3D, 0xFC, 0x4F, 0x7F, 0x13, 0xDF, 0xC4,
    0xF7, 0xF1, 0x3D, 0xFC, 0x4F, 0x7F, 0x13, 0xDF, 0xC4, 0xF7, 0xF1, 0x3D, 0xFC, 0x4F, 0x7F, 0x13,
    0xDF, 0xC4, 0xF7, 0xF2, 0x77, 0xFC, 0x4F, 0x5F, 0x13, 0xD6, 0x84, 0xF3, 0xF1, 0x3C, 0xFC, 0x4F,
    0x3F, 0x13, 0xCF, 0xC9, 0xE3, 0xF1, 0x3A, 0xFC, 0x4E, 0xBF, 0x13, 0xAF, 0xC4, 0xEB, 0x9A, 0xE6,
    0xCC, 0x4E, 0xDF, 0x13, 0xB6, 0x6B, 0x9B, 0x51, 0x3B, 0xFC, 0x4E, 0xFF, 0x13, 0xBF, 0xC4, 0xEF,
    0xF2, 0xC7, 0xCB, 0x64, 0x27, 0x8F, 0xD7, 0x36, 0x04, 0xF2, 0xED, 0x73, 0x5A, 0x27, 0x7D, 0xD7,
    0x35, 0x62, 0x78, 0xF8, 0x9E, 0x3E, 0x27, 0x8F, 0x89, 0xE3, 0xF5, 0xCD, 0x70, 0x9E, 0x7E, 0x27,
    0x9A, 0x80, 0xEE, 0x82, 0x7A, 0xF8, 0x9E, 0xA8, 0x08, 0x1A, 0x09, 0xEF, 0xED, 0x99, 0x98, 0x1F,
    0xE4, 0x84, 0x39, 0x26, 0xD2, 0x84, 0xF8, 0xF9, 0x3E, 0x3E, 0x27, 0xCF, 0x89, 0xF3, 0xE2, 0x7C,
    0xF8, 0x9F, 0x3E, 0x27, 0xCF, 0x89, 0xF3, 0xE2, 0x7C, 0xF8, 0x9F, 0x3E, 0x27, 0xCD, 0x96, 0x6A,
    0x95, 0x7A, 0xEC, 0xC4, 0x9F, 0x9F, 0x14, 0x07, 0xC5, 0x01, 0xF1, 0x40, 0x7C, 0x50, 0x1F, 0x14,
    0x07, 0xC5, 0x01, 0xF1, 0x40, 0x7C, 0x50, 0x1F, 0x14, 0x07, 0xC5, 0x01, 0xF1, 0x40, 0x7C, 0x50,
    0x1F, 0x14, 0x07, 0xC5, 0x01, 0xF1, 0x40, 0x7C, 0x50, 0x1F, 0x14, 0x07, 0xC5, 0x01, 0xF1, 0x40,
    0x7C, 0x50, 0x1F, 0x14, 0x07, 0xC5, 0x01, 0xF1, 0x40, 0x7C, 0x50, 0x1F, 0x14, 0x07, 0xC5, 0x01,
    0xF1, 0x40, 0x7C, 0x50, 0x1F, 0x14, 0x07, 0xC5, 0x01, 0xF1, 0x40, 0x7C, 0x50, 0x1F, 0x14, 0x07,
    0xC5, 0x01, 0xF1, 0x40, 0x7C, 0x50, 0x1F, 0x14, 0x07, 0xC5, 0x01, 0xE8, 0x73, 0x15, 0x3E, 0x28,
    0x0F, 0x8A, 0x03, 0xE2, 0x80, 0xF8, 0xA0, 0x3E, 0x28, 0x0F, 0x8A, 0x03, 0xE2, 0x80, 0xF8, 0xA0,
    0x3E, 0x28, 0x0F, 0x8A, 0x03, 0xE4, 0xF6, 0xF8, 0x9F, 0xFE, 0x27, 0xEF, 0x89, 0xFB, 0xE2, 0x7E,
    0xF8, 0x9F, 0xBE, 0x4F, 0x6F, 0x9D, 0xBF, 0xE4, 0xF3, 0xF8, 0x9E, 0xBF, 0x5C, 0xAC, 0x89, 0xEF,
    0xE2, 0x7B, 0xDD, 0x72, 0xB6, 0x27, 0xCF, 0x89, 0xEF, 0xE4, 0xF5, 0xF8, 0x9E, 0xBD, 0x58, 0x13,
    0xD7, 0xC4, 0xF5, 0x6A, 0xB9, 0x3D, 0xFF, 0x5C, 0xD4, 0xD7, 0x65, 0xC2, 0x79, 0xF8, 0x9E, 0x67,
    0x5C, 0xD3, 0x09, 0xEB, 0xE2, 0x7A, 0xF8, 0x9E, 0xBE, 0x27, 0xAA, 0x8B, 0xC6, 0x82, 0x7B, 0xF8,
    0x9E, 0xEC, 0x25, 0xB9, 0x89, 0xF7, 0xE1, 0x41, 0xA8, 0x21, 0xAA, 0x27, 0xEF, 0xD3, 0x30, 0x80,
    0x83, 0x98, 0xB4, 0xA4, 0x54, 0x69, 0x1D, 0xEF, 0xE2, 0x7E, 0xF8, 0x9F, 0xBE, 0x27, 0xEF, 0x89,
    0xFB, 0xE2, 0x7E, 0xF8, 0x9F, 0xBE, 0x27, 0xEF, 0xAC, 0x5B, 0xEB, 0x16, 0x90, 0x62, 0x24, 0xB1,
    0x6B, 0x06, 0x2A, 0x4D, 0x3A, 0xA1, 0x67, 0x26, 0xFB, 0x39, 0x08, 0x0E, 0x62, 0x83, 0xA8, 0xA0,
    0xBE, 0x9E, 0xCA, 0x8A, 0x07, 0xAB, 0x16, 0xD0, 0xA0, 0x3C, 0x04, 0x69, 0x0A, 0x03, 0xE2, 0x80,
    0xA2, 0xC5, 0xBC, 0x27, 0xEF, 0xAA, 0x0E, 0x69, 0xE8, 0xDA, 0xC5, 0xAE, 0x10, 0x49, 0x06, 0x22,
    0x6F, 0xAB, 0xB0, 0xA0, 0x34, 0x27, 0xEF, 0xD5, 0xA8, 0xEB, 0x19, 0xFA, 0xC6, 0x70, 0x27, 0xEF,
    0xAC, 0x66, 0xA2, 0x7E, 0xF8, 0x9F, 0xAC, 0xB1, 0x9E, 0x27, 0xB6, 0xAB, 0x19, 0xA8, 0x9F, 0x2C,
    0x27, 0xAF, 0x89, 0xE7, 0xEB, 0x19, 0xA9, 0xA8, 0x64, 0x0A, 0x99, 0x09, 0xF2, 0xE1, 0x0B, 0x9A,
    0x8E, 0x24, 0x0D, 0x2A, 0x89, 0xF7, 0x41, 0x87, 0xA0, 0x9F, 0x7E, 0x27, 0xDA, 0x09, 0xEF, 0xEB,
    0x1D, 0xC2, 0x7A, 0x76, 0x09, 0x99, 0xA7, 0xA7, 0x2B, 0x1D, 0xD8, 0x9E, 0xF4, 0x24, 0x99, 0x09,
    0xEF, 0xE2, 0x7B, 0x92, 0xC7, 0x7E, 0x9E, 0xDD, 0x2C, 0x76, 0xA2, 0x7A, 0xFA, 0xC7, 0x6A, 0x27,
    0xAF, 0x89, 0xEA, 0xAB, 0x1D, 0xFA, 0xC7, 0x6A, 0x27, 0xBB, 0x06, 0xC2, 0x42, 0x7B, 0xF8, 0x93,
    0x66, 0xC4, 0x7F, 0xAC, 0x77, 0x22, 0x7D, 0xD2, 0xC7, 0x7C, 0x27, 0xDF, 0x09, 0xF3, 0xE2, 0x7C,
    0xA8, 0x9E, 0xFE, 0x27, 0xBF, 0x89, 0xEF, 0xE2, 0x7A, 0xD8, 0x9E, 0x7A, 0x4F, 0x3F, 0x83, 0xBA,
    0x6B, 0x1D, 0xF8, 0x9D, 0x7E, 0x27, 0x5F, 0x89, 0xD7, 0xE1, 0x90, 0x99, 0xDA, 0xBE, 0x76, 0x9F,
    0x93, 0xA3, 0xEC, 0x4B, 0xF8, 0x9B, 0x3E, 0x26, 0xCF, 0x89, 0xB2, 0xA4, 0xE6, 0xF8, 0x9A, 0xAE,
    0x4E, 0x5F, 0xAC, 0x6E, 0xEC, 0x4B, 0xF1, 0x38, 0xF8, 0x25, 0xFF, 0x89, 0x7F, 0xE2, 0x5F, 0xBA,
    0xC5, 0xFE, 0xC4, 0x7C, 0x09, 0x77, 0xEE, 0xB5, 0xF8, 0x97, 0x7E, 0x3A, 0x4F, 0x93, 0x73, 0xE4,
    0xDC, 0xFB, 0xAD, 0x7E, 0x4D, 0xCF, 0xBA, 0xD7, 0xE2, 0x5B, 0xFB, 0xAD, 0x71, 0x5C, 0x0C, 0xE4,
    0xC9, 0xBB, 0xF1, 0xD2, 0xDA, 0xB8, 0x03, 0xA9, 0x13, 0x7B, 0xE4, 0xDE, 0xFB, 0xAD, 0x37, 0x5C,
    0x06, 0x8C, 0x89, 0xBF, 0x9A, 0xE0, 0x27, 0xA4, 0xEB, 0x6F, 0x8D, 0x92, 0x40, 0x19, 0x9B, 0xAD,
    0xFE, 0x3A, 0x8C, 0xDF, 0x49, 0xC5, 0xF1, 0x31, 0xFC, 0x9C, 0x5F, 0x75, 0xC7, 0x6B, 0x81, 0x23,
    0x99, 0x38, 0xFE, 0x3A, 0x89, 0x81, 0x16, 0x6E, 0xB7, 0xE0, 0x1E, 0xE6, 0xEB, 0x8F, 0x8D, 0x92,
    0x40, 0x78, 0x91, 0x39, 0xBE, 0x4E, 0x6F, 0x80, 0x72, 0x4E, 0xBA, 0xF8, 0x9A, 0x64, 0x03, 0x0A,
    0x09, 0xAB, 0xE3, 0xA8, 0xB8, 0x12, 0xA4, 0x4E, 0x9F, 0x8E, 0x9E, 0x80, 0x85, 0xA3, 0xAF, 0x7E,
    0x3E, 0xA9, 0x02, 0x0A, 0x4E, 0xBB, 0xE1, 0x3A, 0xE4, 0x01, 0x59, 0xA7, 0xA7, 0x80, 0xAE, 0xAB,
    0xAF, 0x7E, 0x9E, 0x9B, 0x91, 0x9A, 0x64, 0xEE, 0xF8, 0x52, 0x64, 0x06, 0xF9, 0x89, 0xD3, 0xEE,
    0xBF, 0xFB, 0xAF, 0xFE, 0x14, 0xAF, 0x81, 0x3E, 0x41, 0x4B, 0x99, 0x3C, 0x2C, 0x0A, 0xCA, 0x89,
    0xD7, 0x46, 0x29, 0x9D, 0xF8, 0x18, 0x75, 0x3B, 0x9F, 0x80, 0xD5, 0x22, 0x79, 0xF8, 0xC5, 0x7B,
    0x27, 0x9F, 0xF0, 0xA2, 0x76, 0xF9, 0x3C, 0xEC, 0x62, 0xBB, 0x00, 0xC2, 0x67, 0x73, 0xF0, 0x11,
    0x24, 0x77, 0x3F, 0x03, 0xC6, 0x64, 0xF6, 0xB8, 0x6F, 0x24, 0x07, 0xE9, 0x93, 0xDF, 0xE4, 0xF7,
    0xC1, 0x8B, 0xE6, 0x27, 0xEF, 0xCE, 0xCC, 0x5F, 0xB0, 0x54, 0xCC, 0xEE, 0x7E, 0x10, 0x7C, 0xC5,
    0x03, 0xF3, 0xB9, 0xCC, 0x42, 0x94, 0x14, 0x17, 0xCC, 0x65, 0x30, 0x40, 0xD0, 0x9F, 0x1F, 0x4F,
    0x7F, 0x4C, 0x67, 0x30, 0xC9, 0x58, 0x9E, 0xDA, 0x31, 0xA4, 0xF0, 0x20, 0x79, 0x98, 0xA2, 0x7A,
    0x04, 0x0A, 0x0A, 0x2B, 0xC1, 0x4F, 0xA1, 0x3E, 0x37, 0x85, 0x27, 0xC5, 0x00, 0xDB, 0x31, 0x46,
    0xFC, 0xC7, 0x1D, 0x27, 0xB7, 0xC3, 0x21, 0x42, 0x7B, 0x68, 0xC7, 0x35, 0xC2, 0x00, 0xE6, 0x64,
    0xF3, 0xB1, 0x8E, 0xA8, 0x04, 0xA9, 0x0A, 0x52, 0x40, 0x6C, 0x98, 0xA5, 0x7E, 0x4F, 0x5F, 0x18,
    0xF3, 0xE4, 0xF5, 0xF0, 0x1E, 0x68, 0x29, 0x8F, 0x8A, 0x63, 0x01, 0x33, 0xA0, 0xA6, 0x7E, 0xB3,
    0x9A, 0x83, 0x2E, 0x62, 0x9A, 0xE0, 0x1D, 0x66, 0x29, 0xBF, 0x8A, 0x6F, 0xE2, 0x9B, 0xE8, 0x1D,
    0x68, 0x29, 0xCF, 0xA3, 0x06, 0xE0, 0x3C, 0x98, 0xA7, 0x7E, 0x29, 0xDA, 0x87, 0x26, 0x62, 0x9D,
    0xF8, 0xA7, 0x6E, 0x26, 0x4A, 0x8A, 0x77, 0xE2, 0x9D, 0xF8, 0xA7, 0x72, 0x21, 0x1A, 0x0A, 0x77,
    0xE2, 0x9D, 0xF0, 0x14, 0xA6, 0x29, 0xDF, 0x85, 0x3F, 0x22, 0xD6, 0xA8, 0xA7, 0x7E, 0x29, 0xDF,
    0x8A, 0x77, 0xE2, 0x9D, 0xC8, 0x86, 0x6E, 0x29, 0xD9, 0x4E, 0xE2, 0xC2, 0x9E, 0xF8, 0xA7, 0xBC,
    0x05, 0xE9, 0x8A, 0x7B, 0xF8, 0x40, 0x80, 0xD0, 0x53, 0xDF, 0x14, 0xF7, 0xEF, 0xC2, 0x9E, 0xF8,
    0xA7, 0xBE, 0x29, 0xEF, 0x8C, 0xAA, 0xA2, 0x9E, 0xF8, 0x53, 0xEC, 0x29, 0xEF, 0x8A, 0x7A, 0x61,
    0xF2, 0x98, 0xA7, 0xBE, 0x78, 0xBF, 0x0A, 0x7B, 0xE2, 0x9E, 0xF0, 0xC8, 0xAE, 0x29, 0xEF, 0x87,
    0x7A, 0x62, 0x9E, 0xF8, 0xA7, 0xBE, 0x29, 0xEF, 0x8A, 0x7B, 0xF8, 0x10, 0x4E, 0xCC, 0x53, 0xDF,
    0x14, 0xF7, 0x81, 0x89, 0x41, 0x4F, 0x78, 0x2C, 0x94, 0x14, 0xF7, 0xC5, 0x3D, 0xF1, 0x4F, 0x7C,
    0x53, 0xDF, 0x14, 0xF6, 0x04, 0xCB, 0x51, 0x4F, 0x7C, 0x53, 0xDD, 0x0A, 0x85, 0x45, 0x3D, 0x91,
    0xA5, 0x4C, 0x53, 0xDF, 0x14, 0xF7, 0xC5, 0x3D, 0xF0, 0xA7, 0x64, 0x5A, 0xF5, 0x14, 0xF7, 0xC5,
    0x3D, 0xF1, 0x4F, 0x4C, 0x38, 0xB4, 0x14, 0xF7, 0xC5, 0x3D, 0x41, 0x30, 0xD0, 0x53, 0xDF, 0x14,
    0xF7, 0xC3, 0x27, 0x71, 0x4F, 0x7C, 0x0F, 0x33, 0x14, 0xF7, 0xC5, 0x3D, 0xF0, 0xA7, 0xD8, 0x53,
    0xDF, 0x07, 0xE5, 0x45, 0x3D, 0xF1, 0x4F, 0x7C, 0x7D, 0xBF, 0x14, 0xF7, 0xC5, 0x3D, 0xF1, 0x4F,
    0x54, 0xA6, 0x74, 0x21, 0xDD, 0x05, 0x3D, 0xF1, 0x4F, 0x7C, 0x53, 0xDF, 0x14, 0xF7, 0x40, 0xF3,
    0x31, 0x4F, 0x7C, 0x53, 0xDF, 0x14, 0xF7, 0xC5, 0x3D, 0x30, 0x65, 0xCC, 0x53, 0xDD, 0x03, 0xAC,
    0x85, 0x3D, 0xF1, 0x4F, 0x7C, 0x53, 0xDE, 0x02, 0xBD, 0x45, 0x3D, 0xF1, 0x4F, 0x7C, 0x53, 0xDF,
    0x29, 0xE7, 0xCA, 0x79, 0xF1, 0x4F, 0x7C, 0x53, 0xDF, 0x29, 0xE7, 0xC5, 0x3D, 0xF1, 0x4F, 0x7C,
    0xA7, 0x9F, 0x29, 0xE7, 0xC5, 0x3D, 0xF1, 0x4F, 0x7C, 0x53, 0xDF, 0x29, 0xE7, 0xCA, 0x79, 0xF1,
    0x4E, 0xFC, 0xA7, 0x9F, 0x29, 0xE7, 0xC5, 0x3B, 0xF1, 0x4E, 0xFC, 0xA7, 0x9F, 0x14, 0xEF, 0xC5,
    0x3B, 0xF2, 0x9E, 0x7C, 0x29, 0xDF, 0x14, 0xEF, 0xCA, 0x79, 0xF2, 0x9E, 0x7C, 0x53, 0xBF, 0x14,
    0xEF, 0xCA, 0x79, 0xF2, 0x9E, 0x7C, 0x53, 0xBF, 0x14, 0xEF, 0xC5, 0x3B, 0xF1, 0x4E, 0xFC, 0xA7,
    0x9F, 0x14, 0xEF, 0xCA, 0x79, 0xF2, 0x9E, 0x7C, 0x53, 0xBF, 0x14, 0xEF, 0xC5, 0x3B, 0xF1, 0x4E,
    0xFC, 0xA7, 0x9F, 0x14, 0xEF, 0xCA, 0x79, 0xF2, 0x9E, 0x7C, 0x53, 0xBF, 0x14, 0xEF, 0xC5, 0x3B,
    0xF2, 0x9E, 0x7C, 0x53, 0xBF, 0x14, 0xEF, 0xCA, 0x79, 0xF2, 0x9E, 0x7C, 0x53, 0xBF, 0x14, 0xEF,
    0xCA, 0x79, 0xF2, 0x9E, 0x7C, 0x53, 0xBF, 0x14, 0xEF, 0xCA, 0x79, 0xF2, 0x9E, 0x7C, 0x53, 0xBF,
    0x14, 0xEF, 0xCA, 0x79, 0xF1, 0x4E, 0xFC, 0x53, 0xBF, 0x29, 0xE4, 0xDE, 0x63, 0x38, 0x01, 0x4F,
    0x7E, 0x29, 0xEF, 0x8A, 0x7B, 0xE2, 0x9E, 0xF9, 0x4F, 0x7E, 0x29, 0xEF, 0x8A, 0x7B, 0xE5, 0x3D,
    0xF9, 0x4F, 0x7E, 0x29, 0xEF, 0x8A, 0x7B, 0xE5, 0x3D, 0xF8, 0xA7, 0xBE, 0x29, 0xEF, 0x8A, 0x7B,
    0xE5, 0x3D, 0xF8, 0xA7, 0xBE, 0x53, 0xDF, 0x8A, 0x7B, 0xE2, 0x9E, 0xF9, 0x4F, 0x7E, 0x29, 0xEF,
    0x94, 0xF7, 0xE2, 0x9E, 0xF9, 0x4F, 0x7E, 0x29, 0xEF, 0x8A, 0x7B, 0xE2, 0x9E, 0xF9, 0x4F, 0x7A,
    0x29, 0xEF, 0x94, 0xF3, 0xE2, 0x9E, 0xF9, 0x4F, 0x3E, 0x29, 0xEF, 0x94, 0xF3, 0xE2, 0x9E, 0xF8,
    0xA7, 0xBE, 0x53, 0xCF, 0x8A, 0x7B, 0xE5, 0x3C, 0xF9, 0x4F, 0x3E, 0x29, 0xED, 0x3D, 0x22, 0x70,
    0x02, 0x9E, 0xFC, 0x53, 0xFF, 0x29, 0xEF, 0xC5, 0x3F, 0xF2, 0x9E, 0xFC, 0x53, 0xFF, 0x14, 0xFF,
    0xC5, 0x3F, 0xD9, 0xBD, 0x1E, 0x27, 0x19, 0x8A, 0xFC, 0xE2, 0xFF, 0x39, 0xC4, 0x0A, 0x29, 0x15,
    0x8B, 0x7C, 0xE3, 0x1F, 0x3A, 0xC4, 0x22, 0x75, 0x43, 0x9D, 0xCD, 0xA0, 0xF2, 0x31, 0x54, 0xE5,
    0x66, 0x92, 0x2A, 0x45, 0x05, 0x53, 0xF2, 0xA3, 0x7C, 0x22, 0xF6, 0x2A, 0x2F, 0xE4, 0x82, 0xA6,
    0xAA, 0xC6, 0x24, 0xB8, 0xEA, 0x8A, 0x9B, 0x02, 0xA5, 0xF8, 0x55, 0x26, 0x54, 0x1F, 0x8A, 0x8F,
    0xE2, 0xA3, 0xA9, 0x50, 0x37, 0x3B, 0x8B, 0x4E, 0xA4, 0x53, 0xB9, 0xB1, 0x50, 0xFE, 0x2A, 0x5D,
    0xD6, 0x68, 0xF3, 0x18, 0xCC, 0xCF, 0xE7, 0x35, 0xF9, 0xD8, 0xE0, 0x15, 0xA8, 0x14, 0xCA, 0x25,
    0x34, 0xF9, 0xCD, 0xBE, 0x75, 0xB8, 0x45, 0x72, 0x87, 0x5D, 0x9B, 0x0A, 0xC6, 0xE2, 0xB0, 0xF8,
    0x10, 0xA4, 0x2A, 0xEA, 0x2D, 0x6E, 0x90, 0x05, 0x35, 0xDD, 0x4D, 0x5F, 0x86, 0xC9, 0x14, 0xD1,
    0xF0, 0xAC, 0xD4, 0x54, 0xF7, 0x15, 0x37, 0xC5, 0x4D, 0xF1, 0x53, 0x54, 0x0B, 0xF3, 0xFF, 0x40,
    0x00, 0xBF, 0x20, 0x45, 0x48, 0x22, 0xB3, 0x15, 0x35, 0x45, 0x4B, 0x55, 0x35, 0x5E, 0xBB, 0x16,
    0xAE, 0x48, 0xAB, 0xB3, 0x60, 0xAB, 0x4D, 0x4D, 0x7F, 0x02, 0x54, 0x85, 0x43, 0x61, 0x50, 0x74,
    0x53, 0xFF, 0x14, 0xFF, 0xC5, 0x3D, 0xF5, 0x36, 0xE4, 0x53, 0x97, 0x53, 0x6D, 0x62, 0x91, 0x80,
    0x57, 0x48, 0x20, 0xD2, 0x14, 0xEC, 0xC5, 0x37, 0xF1, 0x4C, 0xCD, 0x5F, 0xB5, 0x01, 0x94, 0xEB,
    0xB1, 0x60, 0x53, 0xC8, 0x53, 0x7F, 0x53, 0x8F, 0xE4, 0x8A, 0x70, 0xF8, 0xA6, 0x2B, 0x56, 0xA3,
    0x81, 0x32, 0x4A, 0x6F, 0xD2, 0x9B, 0xBA, 0x29, 0x3E, 0x8A, 0x4B, 0xE0, 0xF9, 0xA2, 0x9A, 0xE8,
    0x10, 0x3B, 0x0A, 0x4F, 0x00, 0x77, 0x9A, 0xEE, 0xEA, 0xA6, 0xDE, 0x8A, 0x43, 0x22, 0x8F, 0xC8,
    0xA3, 0x76, 0x28, 0xCF, 0x8A, 0x32, 0xA2, 0x8B, 0xF8, 0xA2, 0xEB, 0x32, 0x89, 0xBD, 0x1F, 0xE2,
    0x8A, 0xA8, 0xA2, 0x6E, 0x28, 0x8C, 0x8A, 0x1A, 0xA1, 0x28, 0xBC, 0xCA, 0x28, 0x05, 0x79, 0x86,
    0xCA, 0x41, 0x2B, 0xB8, 0xA1, 0xF8, 0x28, 0x5F, 0x84, 0xAE, 0xC2, 0x84, 0xB0, 0xA0, 0xFE, 0x12,
    0xBA, 0xCC, 0x97, 0xB3, 0x21, 0x41, 0xF4, 0x50, 0x59, 0x14, 0x0D, 0xC5, 0x01, 0x51, 0x3F, 0x6D,
    0xE7, 0xFF, 0x09, 0x3D, 0x04, 0xF5, 0x40, 0x7E, 0xCA, 0x38, 0x0F, 0xDA, 0x89, 0xF7, 0x62, 0x7C,
    0xC8, 0x9E, 0xFE, 0xF4, 0x1F, 0x89, 0xEB, 0x62, 0x79, 0x99, 0x45, 0xF6, 0x27, 0x6A, 0xBC, 0xFB,
    0xE2, 0x71, 0x98, 0x49, 0xF2, 0x27, 0x0F, 0xBC, 0xF3, 0xE0, 0xEF, 0x90, 0x9B, 0xB4, 0x0A, 0x7A,
    0x83, 0xFE, 0x82, 0x72, 0x97, 0xFA, 0x00, 0x12, 0xAA, 0x14, 0x47, 0x8F, 0x3D, 0xE8, 0x3B, 0x66,
    0x0D, 0xD9, 0x89, 0x93, 0xE2, 0x63, 0xF8, 0x98, 0xBE, 0x26, 0x2F, 0x89, 0x8B, 0xB3, 0x26, 0x6C,
    0x48, 0x4C, 0x7F, 0x65, 0xE7, 0xC2, 0x51, 0x50, 0x7E, 0xD0, 0x4C, 0x7A, 0x28, 0x2F, 0x4A, 0x09,
    0xF1, 0x29, 0x7C, 0x4A, 0x5F, 0x12, 0x97, 0xC4, 0xA5, 0xF1, 0x29, 0x7C, 0x4A, 0x5F, 0x12, 0x97,
    0xC4, 0xA5, 0x38, 0xA4, 0x7C, 0x1F, 0xD6, 0x12, 0xB7, 0x89, 0xF9, 0x71, 0x2A, 0x7C, 0x25, 0x33,
    0x05, 0x44, 0xC4, 0xA5, 0xF1, 0x29, 0x7C, 0x4A, 0x5F, 0x12, 0x97, 0xC2, 0x4D, 0xB0, 0x75, 0x4C,
    0x4A, 0x7F, 0x12, 0x9F, 0xC5, 0x3F, 0x50, 0x7E, 0x4E, 0x99, 0x81, 0x0C, 0x0C, 0xC4, 0xA9, 0xF1,
    0x2A, 0x7C, 0x9D, 0xDF, 0x12, 0x97, 0xC4, 0xA5, 0xF1, 0x29, 0x7C, 0x4A, 0x5F, 0x12, 0x97, 0xC4,
    0xA5, 0xF0, 0x7A, 0x4C, 0x4A, 0x9F, 0x12, 0x8E, 0xC4, 0xA1, 0x57, 0x8D, 0xFC, 0x4A, 0x3F, 0x12,
    0x8F, 0xC4, 0xA3, 0xF1, 0x28, 0xFC, 0x4A, 0x3C, 0x05, 0x14, 0x84, 0xA3, 0xF1, 0x28, 0xF6, 0x29,
    0x21, 0x07, 0xAD, 0x84, 0xAB, 0x81, 0x4E, 0x48, 0x4A, 0xD6, 0x12, 0xAC, 0x81, 0xD5, 0x21, 0x29,
    0xFC, 0x4A, 0x7F, 0x12, 0x9F, 0xC4, 0xA7, 0xF1, 0x29, 0xE9, 0xF3, 0x74, 0x12, 0x9F, 0xC4, 0xA7,
    0xF1, 0x29, 0xFC, 0x4A, 0x79, 0x17, 0x95, 0xC4, 0xAD, 0xF1, 0x29, 0x7C, 0x4A, 0x5F, 0x12, 0x97,
    0xC4, 0xA5, 0xF1, 0x29, 0x7C, 0x4A, 0x5F, 0x12, 0x97, 0xC4, 0xA5, 0xF0, 0x92, 0xEC, 0x1F, 0x34,
    0x12, 0xA7, 0xC4, 0xA9, 0x71, 0x1D, 0x4C, 0x98, 0x96, 0xAB, 0x4E, 0xC2, 0x51, 0x41, 0x28, 0xFC,
    0x4A, 0x3B, 0x0C, 0x04, 0xC4, 0xA3, 0xF1, 0x28, 0xFC, 0x4A, 0x3F, 0x12, 0x8F, 0xC4, 0xA3, 0xD0,
    0xC8, 0xCC, 0x4A, 0x3F, 0x09, 0x45, 0x22, 0x92, 0x40, 0x81, 0x56, 0x0F, 0x26, 0xFF, 0x40, 0x04,
    0xAD, 0x77, 0x89, 0x5C, 0x4A, 0x7F, 0x12, 0x9F, 0xC4, 0xA7, 0xF1, 0x29, 0xFC, 0x4A, 0x7F, 0x12,
    0x9F, 0xC4, 0xA7, 0xF1, 0x29, 0xFC, 0x11, 0xF3, 0x27, 0x9E, 0x04, 0xAD, 0xF2, 0x54, 0xFC, 0x4A,
    0x5F, 0x12, 0x97, 0xC1, 0x53, 0x21, 0x29, 0x7C, 0x4A, 0x5F, 0x12, 0x97, 0xC4, 0xA5, 0xF1, 0x29,
    0x70, 0x1D, 0x15, 0x12, 0x97, 0xC2, 0x3F, 0x20, 0x81, 0xCC, 0x95, 0x1D, 0x18, 0x85, 0x04, 0xA1,
    0xF1, 0x28, 0x7C, 0x4A, 0x1F, 0x12, 0x87, 0xC4, 0xA1, 0xF1, 0x28, 0x7C, 0x4A, 0x1F, 0x12, 0x87,
    0x22, 0x92, 0x72, 0x9B, 0x48, 0x5D, 0x97, 0x25, 0x3F, 0xC4, 0xA5, 0xF1, 0x29, 0x7C, 0x4A, 0x5F,
    0x12, 0x97, 0xC4, 0xA5, 0xF1, 0x29, 0x7C, 0x4A, 0x5F, 0x25, 0x27, 0xC4, 0xA5, 0xA0, 0x7B, 0x58,
    0x4A, 0xBF, 0x25, 0x3F, 0xC9, 0x4F, 0xA1, 0x28, 0xFC, 0x4A, 0x3F, 0x12, 0x8F, 0xC4, 0xA3, 0xF2,
    0x52, 0xFC, 0x4A, 0x3F, 0x12, 0x8F, 0xC4, 0xA3, 0xB0, 0x7A, 0x4C, 0x94, 0xFF, 0x12, 0x87, 0xC4,
    0xA1, 0xF1, 0x28, 0x7C, 0x4A, 0x1F, 0x12, 0x87, 0xC4, 0xA1, 0xF1, 0x28, 0x7C, 0x4A, 0x1F, 0x09,
    0x2D, 0x62, 0x92, 0xB2, 0x71, 0x5C, 0x4A, 0x9F, 0x25, 0x3F, 0xC9, 0x4F, 0xF1, 0x29, 0x7C, 0x25,
    0x5F, 0x25, 0x27, 0xC4, 0xA5, 0xF1, 0x29, 0x7C, 0x4A, 0x5F, 0x12, 0x97, 0xC9, 0x49, 0xF0, 0x80,
    0x54, 0x4A, 0xBF, 0x25, 0x3F, 0xC2, 0x57, 0x81, 0x28, 0xFC, 0x4A, 0x3F, 0x12, 0x8F, 0xC4, 0xA3,
    0xF1, 0x28, 0xFC, 0x4A, 0x3F, 0x12, 0x8F, 0x85, 0xE3, 0x50, 0xC2, 0x4C, 0x05, 0xD2, 0x09, 0x4C,
    0x89, 0x4F, 0xF1, 0x28, 0x7C, 0x4A, 0x1F, 0x12, 0x87, 0xC9, 0x47, 0xF1, 0x28, 0x7C, 0x4A, 0x1F,
    0x12, 0x87, 0xC4, 0xA1, 0xF2, 0x51, 0xFE, 0x29, 0x2E, 0x08, 0x1D, 0x84, 0xA9, 0xF2, 0x53, 0xFD,
    0x32, 0xF4, 0x25, 0x27, 0xC4, 0xA7, 0xF1, 0x29, 0xFC, 0x4A, 0x7F, 0x12, 0x9F, 0xC4, 0xA7, 0xF1,
    0x29, 0xFC, 0x4A, 0x79, 0x07, 0xD5, 0x49, 0x4F, 0xF1, 0x29, 0x7C, 0x4A, 0x5F, 0x12, 0x97, 0xC4,
    0xA5, 0xF1, 0x29, 0x7C, 0x4A, 0x5F, 0x12, 0x97, 0xC4, 0xA5, 0xF2, 0x52, 0xEC, 0xFA, 0xF5, 0x01,
    0xCC, 0x89, 0x4F, 0xF1, 0x28, 0xFC, 0x4A, 0x3F, 0x25, 0x1F, 0xC4, 0xA3, 0xF1, 0x28, 0xFC, 0x4A,
    0x3F, 0x25, 0x1F, 0xC4, 0xA3, 0xF1, 0x28, 0xFC, 0x14, 0xD2, 0x8A, 0x4C, 0xCF, 0xBF, 0x62, 0x53,
    0xFC, 0x4A, 0x7F, 0x12, 0x9F, 0xC4, 0xA7, 0xF1, 0x29, 0xFC, 0x4A, 0x7F, 0x12, 0x9F, 0xC4, 0xA7,
    0x94, 0xB8, 0x4E, 0x1C, 0x25, 0x3C, 0x8B, 0xAF, 0x02, 0x56, 0xC1, 0x4D, 0x64, 0x25, 0x7A, 0x12,
    0x9F, 0xE2, 0x52, 0xF8, 0x94, 0xBE, 0x4A, 0x5F, 0x89, 0x4B, 0xE2, 0x52, 0xF9, 0x29, 0x7E, 0x25,
    0x2F, 0x89, 0x4B, 0xE2, 0x52, 0xE8, 0x7D, 0xE8, 0x25, 0x4F, 0x92, 0x9F, 0xE2, 0x51, 0xF8, 0x94,
    0x7E, 0x25, 0x1F, 0x89, 0x47, 0xE2, 0x51, 0xF8, 0x94, 0x7E, 0x25, 0x1F, 0x89, 0x47, 0x91, 0x49,
    0xD0, 0x3D, 0x6C, 0x25, 0x5F, 0x92, 0x9F, 0xE2, 0x53, 0xF8, 0x94, 0xFE, 0x25, 0x3F, 0x89, 0x4F,
    0xE4, 0xA4, 0xF8, 0x94, 0xFE, 0x25, 0x3F, 0x89, 0x4F, 0xE1, 0x26, 0xA0, 0x40, 0xEA, 0x0F, 0x69,
    0x81, 0xF2, 0x42, 0x57, 0xA1, 0x29, 0xFE, 0x25, 0x2F, 0xA5, 0x3B, 0xE4, 0xA5, 0xF8, 0x94, 0x7E,
    0x25, 0x1F, 0x89, 0x47, 0xE2, 0x51, 0xF8, 0x94, 0x7E, 0x25, 0x1D, 0xC9, 0xA1, 0xF4, 0x08, 0x4D,
    0x02, 0x5B, 0x62, 0x8C, 0xC1, 0xE4, 0x73, 0xB8, 0xB4, 0x66, 0x47, 0x4D, 0x88, 0xD3, 0x30, 0x95,
    0xD8, 0xB7, 0xFA, 0x1B, 0x45, 0x84, 0xD1, 0x30, 0x34, 0x59, 0x4D, 0x22, 0x13, 0x47, 0xC1, 0x52,
    0x25, 0x20, 0xD3, 0x9D, 0x4A, 0x22, 0x09, 0x59, 0x60, 0x6A, 0x53, 0x1A, 0xBC, 0x3A, 0xAD, 0x41,
    0xAB, 0xCB, 0xAC, 0x38, 0x21, 0x2C, 0x66, 0x29, 0x3B, 0x02, 0x3C, 0x81, 0xD9, 0x48, 0x6C, 0x90,
    0x20, 0x13, 0x04, 0xAD, 0x02, 0x4B, 0x20, 0x4A, 0x4C, 0x07, 0x92, 0x12, 0x6D, 0x82, 0x43, 0x38,
    0xA4, 0xF2, 0x33, 0x25, 0x08, 0xFF, 0x04, 0x51, 0x30, 0x8F, 0xD8, 0x23, 0xD2, 0x07, 0xF4, 0xC2,
    0xB5, 0x41, 0x00, 0x48, 0x12, 0x72, 0xA2, 0x04, 0x12, 0x51, 0x49, 0xE8, 0x56, 0xF0, 0x11, 0xA9,
    0xD0, 0xC4, 0x81, 0x80, 0x8C, 0x4E, 0x8E, 0x0E, 0xBA, 0x92, 0x4B, 0xE0, 0x22, 0x90, 0x90, 0x32,
    0x11, 0x5A, 0xC4, 0xC4, 0x81, 0x80, 0x8A, 0xE4, 0x2E, 0x52, 0x93, 0x45, 0x42, 0x2B, 0xF0, 0x7B,
    0x4C, 0x92, 0x16, 0x08, 0xA4, 0xE7, 0xE2, 0x3C, 0xC0, 0x44, 0xA7, 0x3D, 0x24, 0x6E, 0x2F, 0xA2,
    0x37, 0x90, 0x55, 0x26, 0x11, 0x0A, 0x03, 0x82, 0x82, 0x37, 0xC8, 0x44, 0x28, 0x14, 0xEA, 0x04,
    0x43, 0xE1, 0xEE, 0x90, 0xD8, 0xBE, 0x17, 0x09, 0x88, 0xD2, 0xC1, 0x09, 0xA4, 0x52, 0x78, 0x23,
    0x59, 0x82, 0x12, 0x8C, 0xF6, 0xA0, 0x51, 0x65, 0x14, 0x08, 0x44, 0xC1, 0xC3, 0x42, 0x44, 0xD7,
    0x09, 0x14, 0x9D, 0x83, 0x72, 0x44, 0x8A, 0xB8, 0x42, 0xAB, 0x45, 0x10, 0x3D, 0x42, 0x15, 0xF0,
    0x85, 0x4C, 0x27, 0x52, 0x11, 0x95, 0xC2, 0x13, 0x71, 0x19, 0x4C, 0x67, 0x13, 0x24, 0x2E, 0x42,
    0x15, 0x48, 0xA4, 0xE9, 0x73, 0xB6, 0x10, 0xAC, 0x84, 0x69, 0x91, 0x9D, 0xD4, 0x46, 0x94, 0xBF,
    0x0A, 0x8A, 0x44, 0x87, 0xC8, 0xD7, 0x26, 0x2C, 0x59, 0x88, 0xD3, 0x21, 0xF9, 0x9B, 0x3F, 0x24,
    0x12, 0x8A, 0x43, 0x68, 0x12, 0xD1, 0x1B, 0x59, 0x4A, 0xD6, 0x05, 0xFC, 0xC2, 0x4D, 0x50, 0x3A,
    0xD0, 0x6B, 0xD5, 0x06, 0x0C, 0x92, 0x5B, 0xA1, 0xAF, 0x54, 0x46, 0x72, 0x11, 0x97, 0xC4, 0x65,
    0xA1, 0xAE, 0xDC, 0x46, 0x55, 0x13, 0x6C, 0xE8, 0x62, 0x31, 0xC0, 0x38, 0x24, 0x23, 0x0B, 0x0D,
    0x62, 0x73, 0xF1, 0x17, 0xE8, 0x6A, 0xF3, 0x9D, 0x9F, 0xE6, 0xFF, 0xE8, 0x70, 0x44, 0xE7, 0x14,
    0x9D, 0x92, 0x03, 0xC3, 0x55, 0xB8, 0x8A, 0xAE, 0x35, 0x5C, 0x88, 0xAA, 0x43, 0x54, 0xF8, 0x8A,
    0x34, 0x35, 0x29, 0x03, 0x6A, 0x4E, 0xC9, 0xA0, 0x8A, 0x2C, 0x35, 0x29, 0xD1, 0x44, 0x4F, 0x80,
    0x70, 0xCC, 0x8F, 0x7A, 0x8A, 0x4F, 0x44, 0x51, 0xE1, 0xA7, 0xD0, 0x44, 0xFA, 0x1A, 0x75, 0xC3,
    0xB9, 0x21, 0xA6, 0xFC, 0x22, 0xF4, 0x48, 0xEE, 0x46, 0x9B, 0x57, 0x5D, 0x54, 0x44, 0x35, 0x0A,
    0x5C, 0xC4, 0x41, 0x72, 0x39, 0x54, 0x69, 0x93, 0x11, 0x05, 0xC6, 0x93, 0x59, 0xE8, 0xD1, 0xED,
    0x0E, 0x1A, 0x3F, 0x44, 0x3B, 0xA1, 0xA3, 0x5C, 0x43, 0xBF, 0x1A, 0x2D, 0x48, 0xDF, 0xF3, 0x61,
    0xEC, 0x55, 0x73, 0x23, 0x65, 0xC6, 0x89, 0x32, 0x36, 0x75, 0xE9, 0x33, 0x04, 0xA4, 0x88, 0xDB,
    0xC1, 0xA2, 0xD4, 0x8D, 0xBD, 0x1A, 0x1D, 0xC8, 0xDB, 0xD1, 0xA1, 0x52, 0x29, 0x3B, 0x23, 0x77,
    0xC8, 0xDD, 0xF1, 0xA1, 0xE0, 0x8D, 0xD5, 0x0A, 0x4D, 0x12, 0x29, 0xCC, 0x14, 0x52, 0x74, 0x46,
    0xDD, 0x08, 0xAA, 0x84, 0x6D, 0xE0, 0x8B, 0x28, 0x46, 0xDF, 0x91, 0xB7, 0xE3, 0x42, 0xD0, 0x8B,
    0x3E, 0x46, 0xDF, 0x8D, 0x0B, 0xC4, 0x6D, 0xB0, 0x8B, 0xA8, 0x46, 0xDE, 0x08, 0xC2, 0x86, 0xBF,
    0xD0, 0x39, 0x66, 0x46, 0x9F, 0x88, 0xC7, 0x84, 0x69, 0xE0, 0x8C, 0x74, 0x46, 0x9E, 0x32, 0x37,
    0xE2, 0x34, 0xCC, 0xEC, 0x8D, 0x5E, 0x0A, 0x9C, 0x8D, 0x7D, 0xE0, 0xB5, 0xC8, 0xD7, 0xFA, 0x11,
    0xA5, 0x88, 0xCF, 0x37, 0x3D, 0xCC, 0x46, 0x9F, 0x23, 0x47, 0x84, 0x6B, 0xB2, 0x34, 0x74, 0x46,
    0xB4, 0x17, 0x64, 0xD6, 0xC3, 0xF2, 0x34, 0xE8, 0xB2, 0x13, 0x23, 0x4C, 0xC0, 0xED, 0x21, 0x19,
    0xD8, 0x8D, 0x1B, 0x07, 0x4D, 0x48, 0xD1, 0xB2, 0xC8, 0x54, 0x8D, 0x12, 0x78, 0xDD, 0x40, 0xE5,
    0x61, 0x18, 0xE0, 0x8C, 0xDC, 0x11, 0x96, 0x08, 0xCD, 0xF1, 0xD5, 0x4D, 0x21, 0x58, 0x11, 0x9F,
    0xC8, 0xCD, 0x78, 0x71, 0x63, 0x74, 0x23, 0x4C, 0x11, 0x97, 0x82, 0x35, 0xA1, 0x19, 0x6A, 0x02,
    0x79, 0x00, 0xBE, 0xF2, 0x51, 0xBE, 0xC8, 0x46, 0xFF, 0x11, 0xBF, 0xC2, 0x3F, 0x24, 0xA7, 0x48,
    0xD6, 0xDF, 0x2C, 0x6F, 0x84, 0x73, 0x89, 0xD9, 0x18, 0xFC, 0x23, 0xAA, 0x11, 0x8F, 0x42, 0x3B,
    0xB9, 0x18, 0xED, 0x14, 0x9D, 0x08, 0xEF, 0xE4, 0x64, 0xF8, 0x8F, 0x36, 0x6B, 0x8E, 0x08, 0xF6,
    0x41, 0x6A, 0x91, 0x18, 0x7E, 0x23, 0xEC, 0x11, 0x87, 0x41, 0x59, 0x91, 0x18, 0x7E, 0x24, 0x0F,
    0x91, 0x86, 0xE1, 0x21, 0xF1, 0x62, 0xBE, 0x24, 0x3F, 0x89, 0x0F, 0xE1, 0xB3, 0x9D, 0x1C, 0x48,
    0x7F, 0x12, 0x1F, 0x80, 0xE7, 0x21, 0x21, 0x7C, 0x48, 0x56, 0x04, 0xEC, 0xC4, 0x85, 0xF1, 0x21,
    0x50, 0x23, 0xF8, 0x12, 0x17, 0xC4, 0x85, 0xD9, 0xE0, 0x90, 0xBE, 0x11, 0xFC, 0x60, 0x04, 0x85,
    0xF1, 0x21, 0x7A, 0x26, 0x12, 0x0A, 0x60, 0x82, 0xFD, 0x21, 0x20, 0xFC, 0x48, 0x3F, 0x12, 0x0D,
    0x82, 0x43, 0x54, 0x80, 0xFC, 0x48, 0x3F, 0x12, 0x0E, 0xC2, 0x43, 0x41, 0x20, 0xFC, 0x48, 0x3D,
    0x23, 0x86, 0x84, 0x83, 0x62, 0x6C, 0x48, 0x48, 0x1F, 0x12, 0x07, 0xC4, 0x81, 0xF1, 0x20, 0x7C,
    0x48, 0x1F, 0x12, 0x06, 0x42, 0x3D, 0xB2, 0x3A, 0xFC, 0x48, 0x1F, 0x12, 0x07, 0xA7, 0x62, 0x40,
    0xF8, 0x90, 0x3E, 0x24, 0x0F, 0x89, 0x03, 0xE8, 0xFC, 0xF8, 0x90, 0x35, 0x3A, 0x12, 0x07, 0xC4,
    0x81, 0xF0, 0x6B, 0x4C, 0x48, 0x1F, 0x12, 0x07, 0xC4, 0x81, 0xF1, 0x20, 0x7D, 0x1F, 0x9F, 0x12,
    0x07, 0xC2, 0x41, 0xF1, 0x20, 0x7C, 0x48, 0x1F, 0x12, 0x07, 0xC4, 0x81, 0xF1, 0x20, 0x7C, 0x48,
    0x1A, 0x23, 0xC7, 0xC4, 0x81, 0xF1, 0x20, 0x7C, 0x48, 0x1F, 0x12, 0x07, 0xC7, 0xCB, 0x31, 0x20,
    0x56, 0x1C, 0x07, 0x69, 0x88, 0xFF, 0xE4, 0x7B, 0xF8, 0x8F, 0xFE, 0x23, 0xFF, 0x88, 0xFF, 0xE2,
    0x3F, 0xFB, 0x67, 0x3C, 0x23, 0xFF, 0x88, 0xFF, 0xE4, 0x80, 0xF8, 0x8F, 0xFE, 0x23, 0xFF, 0x88,
    0xFF, 0xE2, 0x3F, 0xF8, 0x8F, 0xFE, 0x23, 0xFF, 0x88, 0xFF, 0xE4, 0x83, 0xF9, 0x20, 0xFE, 0x24,
    0x0F, 0x89, 0x03, 0xE2, 0x40, 0xF9, 0x20, 0xFE, 0x24, 0x0F, 0x89, 0x03, 0xE2, 0x40, 0xF9, 0x20,
    0xF2, 0x24, 0x0A, 0x92, 0x0B, 0xE2, 0x40, 0xF8, 0x90, 0x3E, 0x48, 0x2F, 0x89, 0x03, 0xE2, 0x40,
    0xF8, 0x90, 0x3E, 0x48, 0x2F, 0x89, 0x03, 0xE2, 0x40, 0xF8, 0x90, 0x3E, 0x24, 0x0F, 0x89, 0x03,
    0xE2, 0x40, 0xF8, 0x90, 0x3E, 0x24, 0x0F, 0x92, 0x07, 0xE2, 0x40, 0xF9, 0x20, 0x7E, 0x24, 0x0F,
    0x89, 0x03, 0xE2, 0x40, 0xF8, 0x90, 0x3E, 0x48, 0x1F, 0x92, 0x07, 0xE2, 0x40, 0xF9, 0x20, 0x7E,
    0x24, 0x0F, 0x89, 0x03, 0xE2, 0x40, 0xF8, 0x90, 0x3E, 0x48, 0x1F, 0x89, 0x03, 0xE2, 0x40, 0xF8,
    0x90, 0x3E, 0x24, 0x0F, 0x89, 0x03, 0xE2, 0x40, 0xF8, 0x90, 0x3E, 0x48, 0x1F, 0x89, 0x03, 0xE2,
    0x40, 0xF8, 0x90, 0x3E, 0x24, 0x0F, 0x92, 0x07, 0xA2, 0x40, 0xF9, 0x20, 0x3E, 0x48, 0x0F, 0x89,
    0x03, 0xE2, 0x40, 0xF8, 0x90, 0x3E, 0x48, 0x0F, 0x89, 0x03, 0xE2, 0x40, 0xF9, 0x20, 0x3E, 0x24,
    0x0F, 0x89, 0x03, 0xE2, 0x40, 0xF8, 0x90, 0x3E, 0x24, 0x0F, 0x89, 0x03, 0xE2, 0x40, 0xF9, 0x20,
    0x3E, 0x23, 0xFF, 0x92, 0x03, 0xE2, 0x3F, 0xF8, 0x8F, 0xFE, 0x23, 0xFF, 0x92, 0x03, 0xE2, 0x3F,
    0xF8, 0x8F, 0xFE, 0x48, 0x0F, 0x92, 0x03, 0xE2, 0x3F, 0xF8, 0x8F, 0xFE, 0x48, 0x0F, 0x88, 0xFF,
    0xE2, 0x3F, 0xF8, 0x8F, 0xFE, 0x23, 0xFF, 0x92, 0x03, 0xE2, 0x3F, 0xF8, 0x8F, 0xFE, 0x23, 0xFF,
    0x88, 0xFF, 0xE2, 0x3F, 0xF8, 0x8F, 0xFE, 0x23, 0xFF, 0x92, 0x03, 0xE2, 0x3F, 0xF9, 0x20, 0x3E,
    0x23, 0xFF, 0x84, 0x7B, 0xE2, 0x3F, 0xF8, 0x8F, 0xFE, 0x48, 0x0F, 0x92, 0x03, 0xEA, 0x03, 0xC0,
    0x48, 0xE6, 0x04, 0x59, 0xA3, 0x56, 0xB4, 0x4B, 0xF1, 0x20, 0xBA, 0x24, 0x0F, 0xA7, 0xF2, 0x82,
    0x3F, 0xD0, 0x3E, 0x26, 0xD7, 0xCC, 0x08, 0xFB, 0x40, 0x3E, 0x91, 0x1F, 0xFE, 0x23, 0xE9, 0x28,
    0x17, 0xA2, 0x3C, 0xF1, 0xEF, 0xE6, 0x8F, 0x2D, 0xC4, 0x04, 0x77, 0x70, 0xAD, 0x60, 0x47, 0x74,
    0x11, 0xCF, 0x44, 0x1F, 0x62, 0x3D, 0x7D, 0x34, 0xD2, 0x11, 0xCF, 0xA2, 0x62, 0x39, 0xF8, 0x8E,
    0x6A, 0xA0, 0x8E, 0x23, 0xD2, 0xA8, 0x4C, 0x99, 0x1E, 0x34, 0x23, 0x5D, 0x88, 0xD3, 0x88, 0x16,
    0x91, 0x1D, 0x72, 0x0E, 0x8A, 0x08, 0xD3, 0xC1, 0x52, 0xA0, 0x8D, 0x3E, 0x1E, 0xC9, 0x08, 0xCB,
    0xEA, 0x09, 0xA9, 0x1C, 0xBE, 0x08, 0x7A, 0x23, 0xC6, 0xEA, 0x09, 0xC9, 0x1C, 0xB0, 0x20, 0x39,
    0x08, 0xC7, 0xC0, 0x85, 0x98, 0x44, 0xA5, 0x14, 0x11, 0x8F, 0xD4, 0x13, 0x81, 0x18, 0x7C, 0x42,
    0x33, 0x11, 0x87, 0xC4, 0x61, 0x35, 0x03, 0xFC, 0x30, 0x73, 0x11, 0x8D, 0x02, 0xFD, 0x21, 0x18,
    0xEC, 0x40, 0xD3, 0x23, 0x8F, 0x94, 0x0D, 0xA1, 0x19, 0xE0, 0x0E, 0x33, 0x50, 0x36, 0x84, 0x67,
    0xC2, 0x39, 0x7C, 0x46, 0x53, 0x11, 0x8F, 0xC4, 0x63, 0xF1, 0x18, 0xF4, 0x8E, 0x1D, 0x11, 0x7E,
    0xC4, 0x5D, 0xF4, 0x78, 0x7C, 0x45, 0xBF, 0x11, 0x6F, 0xC4, 0x5B, 0xD1, 0x16, 0x7C, 0x8D, 0x7F,
    0x0C, 0x6C, 0xC4, 0x55, 0xB1, 0x14, 0xFC, 0x45, 0x3F, 0x11, 0x4E, 0x44, 0x51, 0xF1, 0x14, 0x54,
    0x44, 0xFF, 0x07, 0x1D, 0x88, 0xCD, 0xF5, 0x02, 0xD5, 0x63, 0xB7, 0x23, 0x27, 0xC4, 0x49, 0xFA,
    0x2B, 0x09, 0x7E, 0xB1, 0xAC, 0x08, 0x8B, 0xE2, 0x22, 0xA8, 0x4E, 0x26, 0x46, 0x2F, 0x91, 0x8A,
    0xE3, 0x43, 0xF9, 0x18, 0xBE, 0x46, 0x2B, 0x84, 0xCA, 0x64, 0x62, 0xF9, 0x18, 0xBE, 0x34, 0x3D,
    0x91, 0x8B, 0xB8, 0x02, 0x31, 0x7C, 0x8C, 0x54, 0x1A, 0x1F, 0xC8, 0xC5, 0xF2, 0x31, 0x7C, 0x50,
    0xD2, 0x23, 0x17, 0xC8, 0xC5, 0x61, 0xA0, 0xCC, 0x8C, 0x5D, 0x1A, 0x0E, 0x88, 0xC5, 0xF2, 0x31,
    0x7C, 0x45, 0x1F, 0x1C, 0xE5, 0x1C, 0xE5, 0xF2, 0x31, 0x7C, 0x8C, 0x55, 0x1A, 0x0C, 0xC8, 0xC5,
    0xB1, 0xA0, 0xCC, 0x8C, 0x5F, 0x23, 0x17, 0xC8, 0xC5, 0xBC, 0x00, 0x8B, 0x7E, 0x46, 0x2B, 0x39,
    0xBF, 0xC4, 0x62, 0xF9, 0x18, 0xB8, 0x34, 0x3A, 0x91, 0x8A, 0xE3, 0x43, 0xB9, 0x18, 0xBE, 0x46,
    0x2D, 0x8D, 0x0F, 0xE4, 0x62, 0xF8, 0x8C, 0x7E, 0x34, 0x3A, 0x88, 0xC7, 0xE2, 0x31, 0x99, 0x60,
    0x7E, 0x46, 0x2F, 0x88, 0xC2, 0xA5, 0x80, 0x99, 0x18, 0xBE, 0x46, 0x2F, 0x96, 0x07, 0xA4, 0x62,
    0xEE, 0x14, 0x8C, 0x5F, 0x23, 0x15, 0x0B, 0x03, 0xF1, 0x18, 0x7C, 0x8C, 0x5F, 0x0C, 0x14, 0x88,
    0xC5, 0xF2, 0x31, 0x68, 0xB0, 0x73, 0x23, 0x17, 0x4B, 0x07, 0xA2, 0x31, 0x7C, 0x46, 0x9F, 0x11,
    0xA7, 0xC2, 0xF3, 0x51, 0x1A, 0xFC, 0x8C, 0x5F, 0x23, 0x15, 0x01, 0x2B, 0x72, 0x31, 0x5C, 0xB0,
    0x73, 0x11, 0xC7, 0xC4, 0x71, 0xF7, 0x33, 0xE4, 0x47, 0x3F, 0x23, 0x15, 0x4B, 0x03, 0xB2, 0x31,
    0x7C, 0x8C, 0x5F, 0x2C, 0x0D, 0x48, 0xC5, 0x72, 0xC0, 0xDC, 0x8C, 0x5F, 0x23, 0x16, 0xCB, 0x03,
    0xF2, 0x31, 0x7C, 0x47, 0xFF, 0x11, 0xFE, 0x48, 0xC5, 0xF1, 0x1F, 0xFC, 0x47, 0xFF, 0x47, 0x1E,
    0xC4, 0x7F, 0xF1, 0x1F, 0xFC, 0x47, 0xFF, 0x11, 0xFF, 0xC8, 0xC7, 0xF1, 0x1F, 0xFC, 0x47, 0xFF,
    0x11, 0xFF, 0xC4, 0x7F, 0xF1, 0x1F, 0xFC, 0x47, 0xFF, 0x11, 0xFF, 0xD1, 0xC7, 0xF1, 0x1F, 0xFC,
    0x47, 0xFF, 0x11, 0xFD, 0x22, 0x93, 0xA7, 0xCF, 0x4C, 0x48, 0x5F, 0x12, 0x16, 0xC4, 0x83, 0x97,
    0x78, 0x4B, 0x95, 0x57, 0x96, 0x89, 0x12, 0xA2, 0x43, 0xDA, 0x39, 0xB6, 0x24, 0x1F, 0x89, 0x07,
    0xE2, 0x41, 0xB8, 0x90, 0x3E, 0x12, 0x19, 0xA3, 0x8F, 0xE2, 0x3F, 0x98, 0x8F, 0xB6, 0xF9, 0xEB,
    0x5F, 0x44, 0x81, 0xA0, 0xB9, 0xCA, 0x65, 0x36, 0xAE, 0x50, 0xEB, 0xB3, 0x61, 0x21, 0xCE, 0xAD,
    0xCB, 0x12, 0x27, 0xEA, 0xDC, 0xF1, 0x22, 0x7C, 0x48, 0x95, 0x12, 0x1F, 0xC4, 0x87, 0x51, 0x21,
    0x7C, 0x48, 0x56, 0xE6, 0x89, 0x0B, 0x75, 0x6E, 0x50, 0x90, 0xFB, 0x56, 0xE4, 0x06, 0xBA, 0xB3,
    0xB8, 0xB0, 0x28, 0xA4, 0x24, 0x6A, 0xF1, 0x84, 0x8D, 0xFA, 0xB7, 0x14, 0x24, 0x95, 0xAE, 0xC5,
    0xAB, 0x92, 0x2A, 0xEC, 0xD8, 0x8E, 0xFB, 0x12, 0x44, 0xC4, 0x8F, 0xF1, 0x23, 0x7C, 0x0C, 0x52,
    0xE4, 0x09, 0x17, 0xE0, 0x42, 0x94, 0x98, 0x0D, 0x53, 0x12, 0x36, 0x40, 0xA5, 0x21, 0x23, 0xFC,
    0x0F, 0xB2, 0x09, 0x35, 0xB0, 0x41, 0x25, 0x9C, 0x52, 0x30, 0x09, 0xF9, 0x03, 0xD6, 0x62, 0x48,
    0xB0, 0x91, 0xFF, 0x56, 0xE6, 0x9F, 0x2F, 0xB5, 0xD8, 0xB5, 0x76, 0x6C, 0x12, 0xA9, 0x80, 0xD6,
    0x62, 0x49, 0xF8, 0x12, 0x26, 0x24, 0xAF, 0x84, 0xAE, 0x9C, 0x51, 0x25, 0x7C, 0x24, 0xFC, 0x12,
    0x45, 0x04, 0x8F, 0xEE, 0x30, 0x91, 0xF9, 0xC8, 0x12, 0x3D, 0x41, 0xE9, 0x50, 0x93, 0xCE, 0xAD,
    0xCA, 0x70, 0x05, 0x41, 0x95, 0x61, 0x26, 0x58, 0x19, 0x34, 0x12, 0x6F, 0xC1, 0xEF, 0x41, 0x26,
    0xFC, 0x25, 0x7B, 0x12, 0x66, 0x44, 0x95, 0xEE, 0x58, 0x92, 0xAB, 0x32, 0x9B, 0xFF, 0x82, 0xE1,
    0x21, 0x26, 0x5C, 0x08, 0xB2, 0x12, 0x67, 0xF8, 0xA2, 0x4C, 0xCC, 0xCA, 0x70, 0x05, 0x29, 0x86,
    0x72, 0xC2, 0x4F, 0xA0, 0x93, 0xBE, 0x24, 0xEA, 0x89, 0x37, 0x22, 0x4C, 0xDD, 0x5B, 0x8C, 0x24,
    0xBD, 0x84, 0xA7, 0x58, 0x19, 0x94, 0xE4, 0x49, 0xB3, 0x0B, 0x24, 0x87, 0xF5, 0x51, 0x26, 0xD7,
    0x9A, 0x24, 0xDF, 0x83, 0xB6, 0x42, 0x4D, 0xF3, 0xA5, 0x38, 0x24, 0xCC, 0x09, 0x2E, 0xE0, 0xFE,
    0x94, 0x7C, 0x1F, 0xD5, 0x12, 0x76, 0x39, 0x62, 0x4E, 0xF8, 0x4A, 0x70, 0x24, 0xFC, 0x01, 0x4A,
    0x42, 0x50, 0xF8, 0x20, 0x24, 0x25, 0x0B, 0x89, 0x3F, 0x62, 0x4E, 0xF8, 0x3A, 0xA6, 0x24, 0xEF,
    0x84, 0x8E, 0xC2, 0x4E, 0xE0, 0x10, 0xA6, 0x24, 0xFA, 0x82, 0x9E, 0xA0, 0xFA, 0x9D, 0x85, 0xDB,
    0x12, 0x7D, 0x8D, 0xC1, 0xCF, 0x22, 0x49, 0xF8, 0x49, 0xFF, 0x31, 0xAC, 0x84, 0x9D, 0x40, 0x6E,
    0xCC, 0x92, 0x36, 0x0B, 0x1C, 0x89, 0x23, 0xAE, 0x58, 0xDC, 0x32, 0x12, 0x5A, 0x89, 0x3B, 0xA0,
    0xC4, 0xA0, 0x93, 0xE9, 0x32, 0x9B, 0x12, 0x4B, 0xDC, 0x51, 0x28, 0xFC, 0x24, 0xBD, 0x07, 0xF5,
    0x04, 0xA5, 0xF2, 0x48, 0xD7, 0x90, 0x25, 0x0B, 0x84, 0x9A, 0x40, 0x43, 0x98, 0x93, 0x7E, 0x24,
    0xDF, 0x89, 0x37, 0xE2, 0x4D, 0xF8, 0x93, 0x7E, 0x24, 0xDF, 0x84, 0x8F, 0xE2, 0x4D, 0xA4, 0x52,
    0x48, 0x0F, 0x8A, 0x89, 0x47, 0x22, 0x4F, 0xF8, 0x93, 0xFA, 0x0A, 0x09, 0x12, 0x5B, 0x42, 0x4C,
    0xAB, 0xEF, 0x3E, 0x24, 0xDF, 0x89, 0x37, 0xE2, 0x4D, 0xF8, 0x3A, 0xA6, 0x24, 0xEF, 0x89, 0x3B,
    0xA2, 0xE9, 0xB0, 0x94, 0x68, 0x17, 0xD9, 0x89, 0x3B, 0xE2, 0x4E, 0xF8, 0x4A, 0x3E, 0x24, 0xCF,
    0x89, 0x33, 0xE2, 0x4C, 0xF8, 0x93, 0x3E, 0x24, 0xCF, 0x89, 0x33, 0xE3, 0x3B, 0xA8, 0x66, 0xE4,
    0x24, 0xED, 0x04, 0x97, 0x44, 0x97, 0xE0, 0x92, 0xBE, 0x24, 0xAF, 0x89, 0x2B, 0xE2, 0x4A, 0xF8,
    0x92, 0xBE, 0x24, 0xAB, 0x4E, 0x04, 0x95, 0xF0, 0x6E, 0xCE, 0x29, 0x2B, 0x17, 0x36, 0x04, 0x9D,
    0x40, 0x38, 0xC8, 0x49, 0xF6, 0x12, 0x75, 0x01, 0xCB, 0x31, 0x26, 0x7C, 0x49, 0x9F, 0x12, 0x67,
    0xC2, 0x51, 0x2A, 0xB7, 0x18, 0x09, 0x72, 0x12, 0x67, 0xC4, 0x99, 0x70, 0xC7, 0xC8, 0x49, 0x98,
    0x01, 0x24, 0x83, 0xA5, 0x31, 0x26, 0xFC, 0x49, 0xBF, 0x12, 0x6E, 0xC1, 0x29, 0x30, 0xF8, 0x58,
    0x49, 0xFF, 0x09, 0x3D, 0x44, 0x97, 0xF0, 0x93, 0xE8, 0x93, 0x7D, 0x12, 0x5F, 0xC4, 0x97, 0x80,
    0x57, 0x4B, 0xFD, 0x00, 0x12, 0x67, 0xC4, 0x99, 0xF1, 0x26, 0x54, 0xFD, 0xF5, 0x12, 0x67, 0xC1,
    0xEB, 0x61, 0x27, 0x7E, 0x48, 0x18, 0xDA, 0x89, 0x2A, 0xE1, 0xBB, 0x90, 0x92, 0xFE, 0x24, 0xBF,
    0x89, 0x2F, 0x21, 0x80, 0x93, 0xF0, 0xB0, 0x24, 0xCF, 0x84, 0x9B, 0xE2, 0x4C, 0xF8, 0x93, 0x2E,
    0x18, 0xB9, 0x89, 0x33, 0xE2, 0x4C, 0xB0, 0x40, 0xAA, 0x0F, 0x49, 0x81, 0xF2, 0x42, 0x50, 0x90,
    0x4A, 0xB4, 0x24, 0xDF, 0x89, 0x37, 0xB0, 0xDA, 0xB7, 0x28, 0x15, 0x32, 0x12, 0x77, 0xC4, 0x9D,
    0xE4, 0x00, 0xF8, 0x49, 0xDF, 0x12, 0x77, 0xC4, 0x9D, 0xCA, 0xB7, 0x34, 0x24, 0xB4, 0x12, 0x75,
    0x81, 0xF9, 0x51, 0x28, 0xFC, 0x49, 0xB8, 0x6C, 0x46, 0x44, 0x9D, 0xF1, 0x27, 0x5C, 0x14, 0x73,
    0x12, 0x77, 0x81, 0x2D, 0x41, 0x26, 0xFC, 0x49, 0xBF, 0x12, 0x6F, 0xCD, 0xC5, 0x80, 0x74, 0xCC,
    0x49, 0xBF, 0x1F, 0x45, 0x84, 0x9F, 0x90, 0x94, 0x54, 0x49, 0xB3, 0x18, 0x74, 0xC4, 0x9B, 0xF1,
    0x26, 0xF8, 0x25, 0x3F, 0x12, 0x6F, 0xC4, 0x9B, 0xF0, 0x93, 0x60, 0x49, 0xBF, 0x12, 0x6F, 0xC4,
    0x9B, 0x90, 0x75, 0x48, 0x37, 0x74, 0xBE, 0xCE, 0xE2, 0xC4, 0x9C, 0xF8, 0x49, 0xBE, 0x24, 0xDE,
    0xC5, 0x25, 0x82, 0x4E, 0xF8, 0x93, 0xBE, 0x24, 0xED, 0x8B, 0x82, 0x62, 0x4E, 0xFC, 0x52, 0x5A,
    0x24, 0xFF, 0x92, 0x6B, 0xE2, 0x4F, 0xCD, 0x76, 0x2C, 0x49, 0xBD, 0xC5, 0x25, 0xC4, 0x9C, 0xF8,
    0x93, 0x7E, 0x24, 0xDF, 0x89, 0x37, 0xE2, 0x4D, 0xF8, 0x93, 0x7E, 0x49, 0xAE, 0x09, 0x37, 0xE2,
    0x4D, 0xF8, 0x93, 0x7E, 0x12, 0x4B, 0x89, 0x2B, 0xE2, 0x4A, 0xF8, 0x92, 0xBE, 0x49, 0x6F, 0x89,
    0x2B, 0xE2, 0x4A, 0xF4, 0x52, 0x5A, 0x24, 0xBF, 0x89, 0x2F, 0xE1, 0x21, 0xF8, 0x36, 0x64, 0x49,
    0x9F, 0x92, 0x67, 0xE2, 0x4A, 0xF8, 0x92, 0xBE, 0x24, 0xAF, 0xE1, 0x22, 0x92, 0xB2, 0x4B, 0xE0,
    0x49, 0x7F, 0x12, 0x5F, 0xC4, 0x97, 0xF1, 0x25, 0xFC, 0x93, 0x1F, 0x24, 0xC7, 0xC9, 0x31, 0x40,
    0x92, 0x70, 0x49, 0x1F, 0x24, 0xB7, 0xC9, 0x2D, 0xF1, 0x23, 0xFC, 0x48, 0xFF, 0x12, 0x3F, 0xC4,
    0x8F, 0xF1, 0x23, 0xF2, 0x29, 0x2C, 0x24, 0xBF, 0xC4, 0x8B, 0xF1, 0x22, 0xFC, 0x48, 0xBF, 0x49,
    0x5C, 0xA5, 0xA4, 0x95, 0xF8, 0x91, 0xBE, 0x24, 0x6F, 0xA4, 0xA7, 0x52, 0xE1, 0x23, 0xFC, 0x92,
    0xBF, 0x12, 0x3F, 0xC9, 0x2B, 0xE1, 0x22, 0xE4, 0x92, 0x7F, 0x12, 0x2F, 0xC4, 0x8B, 0xF1, 0x22,
    0xFC, 0x48, 0xBF, 0x12, 0x2F, 0xC4, 0x8B, 0xF1, 0x22, 0xFC, 0x48, 0xBE, 0x12, 0x27, 0xC2, 0x3F,
    0xF1, 0x22, 0x7A, 0x5A, 0x24, 0x4F, 0x89, 0x13, 0xE2, 0x44, 0xF8, 0x91, 0x3F, 0x14, 0x96, 0x09,
    0x13, 0xE4, 0x94, 0xF9, 0xB7, 0xFE, 0x24, 0x3B, 0x4A, 0xC4, 0x87, 0xC2, 0x48, 0xFC, 0x48, 0x7F,
    0x12, 0x1F, 0xC4, 0x87, 0xF0, 0x91, 0x7C, 0x92, 0x3F, 0x12, 0x1F, 0xC4, 0x87, 0xF1, 0x21, 0xFC,
    0x48, 0x7F, 0x12, 0x1F, 0xC4, 0x87, 0xF1, 0x21, 0xFC, 0x48, 0x7F, 0x12, 0x1F, 0xCD, 0xB5, 0x48,
    0xA4, 0xB0, 0x48, 0x5F, 0x12, 0x17, 0xC2, 0x3D, 0xF0, 0x6B, 0xC8, 0x48, 0x5F, 0x24, 0x6F, 0xC4,
    0x85, 0xF1, 0x21, 0x7C, 0x48, 0x5F, 0xC2, 0x45, 0x25, 0xC4, 0x8E, 0xF8, 0x90, 0xBE, 0x24, 0x2F,
    0x89, 0x0B, 0xE4, 0x8E, 0xF8, 0x90, 0xBE, 0x24, 0x2F, 0x89, 0x0B, 0xE2, 0x42, 0xF8, 0x90, 0xBE,
    0x24, 0x2F, 0x89, 0x0B, 0xE2, 0x42, 0xF8, 0x90, 0xBE, 0x24, 0x2F, 0x89, 0x0B, 0x06, 0xA9, 0x90,
    0x90, 0xBE, 0x24, 0x2F, 0x89, 0x0B, 0xE2, 0x42, 0xF8, 0xC2, 0xE4, 0x48, 0x9F, 0x89, 0x0B, 0xE2,
    0x42, 0xF8, 0x90, 0xB3, 0x2B, 0x12, 0x17, 0xC4, 0x85, 0xE2, 0x45, 0x7C, 0x48, 0x5F, 0x49, 0x3D,
    0x89, 0x0F, 0xF1, 0x20, 0xFC, 0x24, 0x5F, 0x12, 0x0F, 0xC4, 0x83, 0xF1, 0x20, 0xFC, 0x48, 0x35,
    0x79, 0xDC, 0xC4, 0x87, 0xB7, 0x06, 0xCE, 0x91, 0x29, 0xA4, 0xC0, 0x25, 0x70, 0x19, 0x6F, 0x7A,
    0x5F, 0x48, 0xA5, 0x40, 0x25, 0x94, 0x69, 0x76, 0x96, 0x61, 0xF8, 0xA5, 0xC0, 0x2B, 0xD0, 0x60,
    0x6C, 0xCA, 0x01, 0x4D, 0x98, 0x89, 0x3E, 0xBF, 0xE8, 0x60, 0x93, 0x33, 0x26, 0x88, 0x89, 0x2B,
    0x0C, 0x56, 0xA0, 0x49, 0xA6, 0xF4, 0x5A, 0x12, 0x33, 0xC2, 0xAF, 0x98, 0x91, 0x7E, 0x24, 0x2E,
    0x80, 0x66, 0x44, 0x85, 0xE0, 0x40, 0xE8, 0x23, 0xEA, 0x49, 0xA2, 0x14, 0xD8, 0x89, 0x20, 0xAA,
    0x1E, 0x99, 0xD6, 0x60, 0x13, 0x18, 0x0C, 0xCF, 0xBD, 0x35, 0xA4, 0x56, 0xA0, 0x13, 0x2A, 0x34,
    0xD3, 0x4B, 0x36, 0xFC, 0x56, 0xE0, 0xD5, 0xCC, 0x0D, 0x76, 0x62, 0x24, 0x8A, 0x92, 0x2B, 0xEE,
    0xC4, 0xB0, 0x62, 0xE6, 0x24, 0x4D, 0x3E, 0x76, 0x82, 0x42, 0xE4, 0x99, 0xB5, 0x7A, 0x11, 0xFD,
    0x40, 0xAF, 0x30, 0x8E, 0xD9, 0xE8, 0x74, 0x0A, 0xB4, 0xD2, 0x2F, 0x99, 0x34, 0x4E, 0xBA, 0x07,
    0xB9, 0x53, 0x28, 0x34, 0xD9, 0x90, 0x8E, 0x32, 0xFC, 0x8E, 0x85, 0xF2, 0x62, 0x35, 0xE8, 0x17,
    0x66, 0x23, 0x3D, 0x84, 0x37, 0x80, 0x50, 0x90, 0x8B, 0x70, 0x07, 0xBA, 0x08, 0xB2, 0xE0, 0xA4,
    0x98, 0x8A, 0xE9, 0x2D, 0x1A, 0x8D, 0x44, 0x59, 0x8C, 0x3D, 0x34, 0x02, 0x53, 0x11, 0x5E, 0x02,
    0xE1, 0x5F, 0xF4, 0x3A, 0xB9, 0x41, 0xAE, 0xCC, 0x88, 0xDB, 0xA0, 0x64, 0xCC, 0x45, 0x1A, 0x14,
    0x9C, 0xC4, 0x4D, 0xF7, 0x99, 0xD4, 0x44, 0xDC, 0x4B, 0xAD, 0x48, 0xD1, 0x90, 0x9E, 0xD0, 0x44,
    0x5A, 0x07, 0xCD, 0x41, 0x99, 0x37, 0x99, 0x60, 0x1F, 0x95, 0xAE, 0xC4, 0xBF, 0xD0, 0xE7, 0x97,
    0x56, 0x99, 0x81, 0xA6, 0xCD, 0x44, 0x4B, 0xB1, 0x10, 0xFD, 0xE5, 0xD3, 0x10, 0xFF, 0x40, 0xF5,
    0x41, 0x0E, 0xE0, 0x24, 0x34, 0x10, 0xDD, 0x03, 0x13, 0x33, 0x52, 0xC8, 0x43, 0x17, 0x08, 0x94,
    0xC4, 0x2F, 0xA0, 0x4B, 0x52, 0x1C, 0x21, 0x4D, 0x84, 0x5A, 0x40, 0x93, 0x98, 0x84, 0xF8, 0x06,
    0xF9, 0x84, 0x4A, 0x62, 0x12, 0xAA, 0x15, 0xE6, 0x14, 0xAA, 0x88, 0x3F, 0x80, 0xC1, 0x90, 0x83,
    0xAA, 0x20, 0xDD, 0x84, 0x32, 0x84, 0x4E, 0xD0, 0x30, 0x70, 0x20, 0x9A, 0x02, 0x4E, 0x82, 0x07,
    0xE1, 0x11, 0xFE, 0x11, 0x4C, 0x83, 0xDA, 0x60, 0xB7, 0x90, 0x32, 0xAC, 0x20, 0x1D, 0x05, 0x3A,
    0xA1, 0x21, 0xAC, 0x3C, 0x3F, 0xF5, 0x0F, 0xEE, 0x40, 0x1D, 0x40, 0xFD, 0xE0, 0x0E, 0xD5, 0x0F,
    0xBE, 0x1C, 0x99, 0x30, 0xFA, 0xE8, 0x22, 0x16, 0x0F, 0xA7, 0xC2, 0x29, 0x50, 0xF9, 0x60, 0x22,
    0x96, 0x86, 0x84, 0x52, 0x61, 0xE7, 0xA8, 0x2F, 0x2A, 0x43, 0x5C, 0x04, 0x46, 0x81, 0xE9, 0xA8,
    0x43, 0x2A, 0x0E, 0xDA, 0x84, 0x2A, 0xC4, 0x33, 0xF8, 0x43, 0x66, 0x43, 0x1F, 0x84, 0x42, 0x81,
    0xED, 0xE0, 0x0C, 0x26, 0x42, 0xED, 0x03, 0xBA, 0x61, 0x15, 0x94, 0x36, 0x99, 0xCA, 0xA6, 0xCD,
    0x48, 0x5F, 0x41, 0xCF, 0xD0, 0x06, 0x32, 0x1A, 0x45, 0x01, 0x85, 0x31, 0xCE, 0x4C, 0x85, 0xBF,
    0x1C, 0xEC, 0xC0, 0x4B, 0x60, 0xF3, 0x6C, 0x93, 0x74, 0x0F, 0x37, 0x02, 0xCD, 0x32, 0x13, 0x74,
    0x5E, 0xF2, 0x07, 0xA5, 0x47, 0x29, 0x90, 0x93, 0x4C, 0x72, 0x53, 0x08, 0xB5, 0x08, 0x49, 0x91,
    0xC8, 0xC8, 0x11, 0xB2, 0xE5, 0x57, 0x66, 0xA1, 0xEC, 0xD0, 0x49, 0xEA, 0x1E, 0xCB, 0x02, 0x0A,
    0xC4, 0x22, 0xE1, 0x08, 0x3C, 0x38, 0xE9, 0x07, 0xBB, 0x63, 0x8C, 0x98, 0x7B, 0xF2, 0x38, 0xAA,
    0x90, 0x77, 0x43, 0x8B, 0x91, 0x07, 0x6F, 0x5D, 0x01, 0xA4, 0x84, 0x55, 0x40, 0xF9, 0x58, 0x02,
    0x74, 0x20, 0xEE, 0x47, 0x1B, 0x50, 0x7F, 0xD0, 0x83, 0x55, 0x1C, 0x54, 0xC3, 0xE1, 0xE3, 0x44,
    0x50, 0x3E, 0x1F, 0xA3, 0x8C, 0xCA, 0xA1, 0xEF, 0xB0, 0x40, 0x2E, 0x41, 0x5B, 0x83, 0x3A, 0xA1,
    0xEF, 0xC0, 0xE1, 0xA4, 0x1E, 0xFB, 0x83, 0xFE, 0x61, 0x1E, 0x98, 0x40, 0x2C, 0xA5, 0x9A, 0x88,
    0xC6, 0x84, 0x13, 0xE0, 0xE9, 0xA6, 0x41, 0x0F, 0x8E, 0x02, 0x41, 0xEF, 0xF8, 0x7B, 0xFE, 0x40,
    0xBB, 0x0D, 0xEA, 0x80, 0xFD, 0xC0, 0x32, 0xA6, 0x37, 0x79, 0x10, 0x2B, 0xCA, 0x4D, 0xB0, 0x46,
    0x69, 0xB0, 0x11, 0x64, 0x83, 0xEF, 0xC0, 0xFB, 0x7C, 0x1F, 0xF4, 0x20, 0x3F, 0xC1, 0xA3, 0x20,
    0x80, 0x7C, 0x26, 0x74, 0x2D, 0xAC, 0x88, 0x0B, 0xC2, 0xDA, 0x48, 0x80, 0x9D, 0x0F, 0xC7, 0xC3,
    0xF1, 0xFA, 0x3E, 0x14, 0x24, 0x13, 0x1F, 0xFF, 0x8B, 0x65, 0x20, 0x91, 0x4B, 0x61, 0x5D, 0x9A,
    0x87, 0xEB, 0x21, 0x02, 0xC0, 0x7E, 0xE8, 0x5A, 0xFA, 0x8F, 0xF7, 0x45, 0xB0, 0x90, 0x7F, 0x7E,
    0x1F, 0xDE, 0xA8, 0xF6, 0xA1, 0xFE, 0xC8, 0x3F, 0x74, 0x1F, 0xFD, 0x04, 0x83, 0x02, 0x02, 0xA1,
    0x99, 0xE4, 0xBF, 0x29, 0x88, 0x0A, 0x82, 0x01, 0xF8, 0x2C, 0x6A, 0x1F, 0xFF, 0x87, 0xFF, 0xE1,
    0xFF, 0xF8, 0xFA, 0xFE, 0x1F, 0xFF, 0x87, 0xFF, 0xEA, 0xC4, 0xA8, 0x6C, 0xA4, 0x20, 0x0D, 0x8F,
    0xBA, 0x60, 0xFF, 0xA0, 0x49, 0x26, 0x1F, 0xFF, 0x87, 0xFF, 0xE8, 0x71, 0xD0, 0x7F, 0xFE, 0x1F,
    0xFF, 0x87, 0xFF, 0xE1, 0xFF, 0xE0,
};

#endif
