/* Auto-generated by tools/dro2hdr --hs=13l4 from C:\silixcon-devel\opl\songs\40 Medal Ceremony - Purple Heart (Golden Sun).dro.
 * heatshrink-packed (codemap + opcode stream).
 * Register writes : 13955
 * Total length    : 24344 ms (24.3 s)
 * Plain payload   : 28028 bytes (codemap=118 + stream=27910)
 * Packed size     : 17142 bytes (61.2%)
 * Decoder RAM     : 8192 bytes (window) + ~40 bytes state
 * Do not edit.
 */
#ifndef s_40_medal_ceremony___purple_heart__golden_sun__H
#define s_40_medal_ceremony___purple_heart__golden_sun__H

#include "opl_song_hs.h"

static const uint8_t s_40_medal_ceremony___purple_heart__golden_sun__hs_data[];   /* defined below */

static const opl_song_hs s_40_medal_ceremony___purple_heart__golden_sun_ = {
    .hs_data      = s_40_medal_ceremony___purple_heart__golden_sun__hs_data,
    .hs_len       = 17142u,
    .total_ms     = 24344u,
    .codemap_len  = 118,
    .short_code   = 0xFE,
    .long_code    = 0xFF,
    .hs_window    = 13,
    .hs_lookahead = 4,
};

static const uint8_t s_40_medal_ceremony___purple_heart__golden_sun__hs_data[] = {
    0x80, 0xC8, 0x64, 0x52, 0x59, 0x44, 0xA6, 0x55, 0x2B, 0x96, 0x4B, 0x66, 0x13, 0x19, 0x94, 0xCE,
    0x69, 0x35, 0xA0, 0x50, 0x68, 0x54, 0x3A, 0x25, 0x16, 0x91, 0x49, 0xA5, 0x52, 0xE9, 0x94, 0xDA,
    0x85, 0x4A, 0xA7, 0x54, 0xAA, 0xD8, 0x2C, 0x36, 0x2B, 0x1D, 0x92, 0xCB, 0x68, 0xB4, 0xDA, 0xAD,
    0x76, 0xCB, 0x6D, 0xC2, 0xE3, 0x72, 0xB9, 0xDD, 0x2E, 0xB8, 0x0C, 0x0E, 0x0B, 0x07, 0x84, 0xC2,
    0xE2, 0x31, 0x38, 0xAC, 0x5E, 0x33, 0x1B, 0x90, 0xC8, 0xE4, 0xB2, 0x79, 0x4C, 0xAE, 0x83, 0x43,
    0xA2, 0xD1, 0xE9, 0x34, 0xBA, 0x6D, 0x3E, 0xA3, 0x61, 0xB1, 0xD9, 0x6C, 0xF6, 0x9B, 0x5D, 0xB6,
    0xDF, 0x71, 0xC1, 0xE1, 0x70, 0xF8, 0x9C, 0x5E, 0x37, 0x1F, 0x91, 0xE1, 0xF2, 0x7A, 0x7E, 0x5F,
    0x3F, 0xA4, 0x83, 0xC1, 0x23, 0xE0, 0x49, 0x3C, 0x5E, 0x5F, 0x47, 0xAF, 0xD9, 0xEA, 0xF8, 0x54,
    0x7E, 0x3E, 0x3F, 0xAF, 0xB6, 0x01, 0x20, 0x80, 0xC0, 0x60, 0x56, 0x18, 0x1C, 0x86, 0x09, 0x61,
    0x82, 0xCC, 0x60, 0xD3, 0x28, 0x3C, 0x86, 0x11, 0x61, 0x84, 0xCC, 0x61, 0x58, 0x68, 0x5E, 0x16,
    0x19, 0x31, 0x86, 0xC2, 0xA1, 0xD0, 0x68, 0x7D, 0x86, 0x21, 0x0B, 0x88, 0xD1, 0xA2, 0x51, 0xE8,
    0x9C, 0x06, 0x29, 0x03, 0x8A, 0xC3, 0xE2, 0xD1, 0xE8, 0xBD, 0x42, 0x31, 0x94, 0x8C, 0xC3, 0xE3,
    0x58, 0x78, 0xDC, 0x2E, 0x39, 0x0D, 0x8E, 0xD4, 0xE3, 0xD0, 0x98, 0xFC, 0x42, 0x41, 0x8E, 0x90,
    0xEA, 0x24, 0x5A, 0x69, 0x1D, 0x8E, 0x49, 0xF4, 0x92, 0xF6, 0xA4, 0xD7, 0x49, 0x3D, 0x8E, 0x51,
    0x41, 0x94, 0xD8, 0xA5, 0x57, 0x49, 0x5E, 0x4A, 0x59, 0x57, 0x96, 0xE8, 0xA5, 0xD7, 0xB9, 0x7D,
    0x06, 0x61, 0xBA, 0x98, 0xEB, 0x26, 0x59, 0x29, 0x9D, 0x32, 0x69, 0x24, 0x9A, 0xD5, 0xE6, 0xD4,
    0xC9, 0xBC, 0x4A, 0x71, 0x26, 0x9C, 0xD5, 0xE7, 0x50, 0x79, 0xDC, 0xD2, 0x79, 0x26, 0x9E, 0xC1,
    0xA7, 0xD3, 0x59, 0xFD, 0x02, 0x81, 0x20, 0xA0, 0xC1, 0xE8, 0x55, 0x5A, 0x1C, 0x96, 0x89, 0x06,
    0xA2, 0xE7, 0xE8, 0xD9, 0xFA, 0x3E, 0x7E, 0x91, 0x9F, 0xA4, 0xE7, 0xE9, 0x59, 0xFA, 0x5E, 0x7E,
    0x99, 0x9F, 0xA6, 0xE7, 0xE9, 0xD0, 0x2A, 0x7C, 0x0A, 0xA1, 0x02, 0xA8, 0xC0, 0xAA, 0x50, 0x2A,
    0x9C, 0x0A, 0xA9, 0x02, 0xAA, 0xC0, 0xAA, 0xD0, 0x2A, 0xBC, 0x22, 0xB1, 0x0E, 0xAC, 0xC3, 0xAB,
    0x50, 0xAA, 0xDC, 0x1A, 0xB9, 0x0E, 0xAE, 0xC3, 0xAB, 0xD0, 0xAA, 0xFC, 0x06, 0xC1, 0x01, 0xB0,
    0xC0, 0x6C, 0x50, 0x1B, 0x1C, 0x0E, 0xC9, 0x02, 0xB2, 0xCC, 0x62, 0x15, 0x29, 0x0D, 0x06, 0x67,
    0x07, 0xB3, 0x40, 0x6C, 0xF6, 0x18, 0x9E, 0x02, 0x49, 0x92, 0x9B, 0x41, 0xAD, 0x10, 0xA8, 0x9E,
    0x32, 0x21, 0x53, 0xA2, 0xE4, 0xE9, 0xD2, 0xF8, 0x0F, 0xC6, 0x23, 0x93, 0x91, 0x58, 0xE6, 0x92,
    0x3B, 0x4D, 0x82, 0x29, 0x08, 0x92, 0xE1, 0xE6, 0xF0, 0x5B, 0x04, 0x0A, 0x29, 0x11, 0x88, 0xE5,
    0x28, 0xD3, 0x6A, 0x7C, 0xBA, 0x05, 0xF1, 0x89, 0x64, 0xE6, 0xB2, 0x3B, 0x54, 0x06, 0x07, 0x60,
    0x8A, 0xC2, 0x24, 0xD8, 0x79, 0xC4, 0x16, 0xD7, 0x02, 0xAC, 0x42, 0x22, 0xB1, 0x18, 0x96, 0x52,
    0x8F, 0xA1, 0xA8, 0x4B, 0xA0, 0x9F, 0x18, 0xB6, 0x4E, 0x73, 0x23, 0xB6, 0x40, 0x60, 0xF6, 0x08,
    0xCC, 0x22, 0x55, 0x87, 0x9E, 0x41, 0x6D, 0xB0, 0x2A, 0xCC, 0x22, 0x33, 0x14, 0x8B, 0x65, 0xA9,
    0x18, 0x3A, 0x8C, 0xAE, 0x0B, 0x01, 0x8B, 0xD2, 0x25, 0x1A, 0x69, 0xD4, 0x92, 0x11, 0x00, 0x8D,
    0x42, 0x25, 0x7D, 0xA9, 0xEC, 0x4A, 0xDD, 0x01, 0xAD, 0x42, 0x23, 0x51, 0x1A, 0x4E, 0x4E, 0xA5,
    0x27, 0xFF, 0x44, 0x28, 0xB9, 0x4A, 0x34, 0xEE, 0x8F, 0xA7, 0xA4, 0x62, 0x80, 0x09, 0x2C, 0xAD,
    0x1A, 0x7F, 0x47, 0xD6, 0x52, 0x32, 0x20, 0x04, 0x96, 0x5A, 0x8D, 0x42, 0xA3, 0xEC, 0x29, 0x19,
    0x5F, 0xF4, 0x42, 0x8D, 0x43, 0xA4, 0x65, 0x80, 0x23, 0x3A, 0x3E, 0xC6, 0x91, 0x97, 0x00, 0x1C,
    0xB2, 0x74, 0x6A, 0x25, 0x1F, 0x65, 0x48, 0xCC, 0x00, 0x12, 0x59, 0x2A, 0x46, 0x64, 0x00, 0x52,
    0xC8, 0xD1, 0xA8, 0xD4, 0x7D, 0xA5, 0x23, 0x36, 0x00, 0x49, 0x63, 0xE8, 0xD4, 0x5A, 0x3E, 0xCE,
    0x91, 0x9A, 0xFF, 0x44, 0x00, 0x1F, 0x20, 0x06, 0x4F, 0x21, 0x46, 0xA2, 0x00, 0x4E, 0xA0, 0x1A,
    0xA0, 0x03, 0x6C, 0x03, 0x59, 0x50, 0xC0, 0x49, 0x6C, 0xAD, 0x1A, 0x83, 0x47, 0xD7, 0x52, 0x32,
    0x80, 0x04, 0x96, 0x5C, 0x07, 0x58, 0xCA, 0xD1, 0xA7, 0xB4, 0x7D, 0x55, 0x23, 0x1A, 0x04, 0x9B,
    0x6A, 0x29, 0x18, 0xB0, 0x0E, 0xD0, 0x01, 0x33, 0xC7, 0x00, 0x92, 0x60, 0x13, 0xC6, 0x40, 0x09,
    0xD2, 0xD7, 0x80, 0x76, 0x98, 0xF0, 0x23, 0xC8, 0x04, 0xF4, 0x02, 0x1E, 0x32, 0x20, 0x50, 0xC8,
    0x04, 0xB1, 0x93, 0xA3, 0x50, 0x00, 0x39, 0x6C, 0xA5, 0x1A, 0x7C, 0x02, 0x6B, 0x65, 0xA8, 0xD3,
    0xC0, 0x18, 0x54, 0x05, 0xF2, 0xD4, 0x80, 0xE6, 0x80, 0x7E, 0xAE, 0x40, 0x02, 0x54, 0x02, 0x6C,
    0xF2, 0x60, 0x1C, 0xA0, 0x15, 0xEF, 0x91, 0x03, 0x0E, 0x00, 0xD9, 0x20, 0x38, 0xCE, 0x9D, 0x0F,
    0x83, 0x4C, 0x63, 0x15, 0x29, 0x4D, 0x06, 0x77, 0x07, 0xB7, 0xC0, 0x61, 0x36, 0x18, 0xDE, 0x02,
    0x59, 0x92, 0x9F, 0x41, 0xAB, 0x70, 0xA8, 0xDE, 0x2E, 0x31, 0x53, 0xA5, 0x6B, 0xAA, 0x72, 0xE0,
    0x26, 0xD0, 0x14, 0x36, 0x00, 0xC4, 0xA8, 0x14, 0x7D, 0x6D, 0x23, 0x25, 0x4A, 0xD7, 0x80, 0x8E,
    0x93, 0xEA, 0x3E, 0xAE, 0x91, 0x8F, 0xA5, 0x6C, 0x00, 0xA1, 0x40, 0x20, 0xCF, 0x18, 0x07, 0x2B,
    0x6A, 0x40, 0x1F, 0x40, 0x21, 0x4F, 0x57, 0x48, 0xC8, 0x52, 0xB5, 0xC0, 0x51, 0xA0, 0x10, 0xE9,
    0x4A, 0xD6, 0x83, 0x0E, 0x60, 0x25, 0x96, 0x5A, 0x95, 0xAC, 0x00, 0x85, 0x28, 0xA0, 0x3F, 0x9D,
    0x2B, 0x56, 0x0C, 0xBA, 0x6C, 0xC0, 0x47, 0x40, 0x07, 0x67, 0x22, 0x01, 0x9C, 0x80, 0xEE, 0x40,
    0x25, 0xCE, 0x3C, 0x0E, 0x75, 0x01, 0x8D, 0x32, 0x00, 0x3B, 0xA8, 0x10, 0x68, 0x04, 0x7B, 0xEC,
    0x40, 0x47, 0x40, 0x29, 0xD4, 0x01, 0x73, 0xCA, 0x02, 0x7A, 0x99, 0x50, 0x24, 0xD8, 0x0F, 0x14,
    0x02, 0x4D, 0x81, 0x07, 0x40, 0x24, 0xD8, 0x11, 0xB2, 0x02, 0x4D, 0x81, 0xCD, 0x40, 0x24, 0xD3,
    0x26, 0x0A, 0x3C, 0x64, 0x80, 0x73, 0x60, 0x25, 0xD4, 0x1D, 0x14, 0x02, 0x5D, 0x81, 0x85, 0x40,
    0x25, 0xD8, 0x19, 0xB4, 0x02, 0x5D, 0x81, 0xB1, 0x40, 0x25, 0xD8, 0x1D, 0x93, 0x07, 0x1C, 0xF2,
    0x60, 0xED, 0xA8, 0x04, 0x29, 0x94, 0x00, 0x55, 0x40, 0x39, 0x4C, 0xA8, 0x3B, 0xF1, 0x96, 0x01,
    0x0D, 0x80, 0x67, 0x20, 0x77, 0xE0, 0x24, 0x16, 0xA5, 0x6A, 0xEA, 0x70, 0xE0, 0x57, 0xDE, 0x91,
    0x8D, 0x85, 0x4C, 0x63, 0x95, 0x29, 0x6D, 0x06, 0x7F, 0x07, 0xB8, 0x40, 0x61, 0xB6, 0x18, 0xF6,
    0x02, 0x61, 0x92, 0xA1, 0x41, 0xAC, 0x70, 0x0A, 0xE4, 0x2A, 0x3D, 0x8A, 0xA5, 0xE4, 0xEA, 0x92,
    0xF8, 0x5F, 0xC6, 0xE3, 0x93, 0x97, 0x58, 0xE8, 0x12, 0x3B, 0x94, 0x06, 0x1D, 0x60, 0x8F, 0xC2,
    0x26, 0x38, 0x7A, 0x1C, 0x16, 0xBB, 0x08, 0x8F, 0xC3, 0xE9, 0x98, 0x3A, 0xA8, 0x64, 0x66, 0x13,
    0xDA, 0xE4, 0x29, 0x5A, 0xCA, 0x5E, 0x52, 0x98, 0x19, 0x49, 0x82, 0xCA, 0xB9, 0x4A, 0x56, 0xB6,
    0x97, 0x95, 0xA6, 0x04, 0xAE, 0x78, 0xF0, 0x42, 0xDB, 0x5D, 0x4B, 0xCB, 0x53, 0x03, 0x35, 0x30,
    0x48, 0xD7, 0x5F, 0x4C, 0x0C, 0xEC, 0xC2, 0x2F, 0x6A, 0x56, 0xC0, 0x03, 0xB2, 0x09, 0x24, 0xC2,
    0x97, 0x5C, 0xAD, 0x2F, 0x27, 0x4C, 0x03, 0x75, 0x42, 0x1B, 0x6A, 0x5E, 0x4A, 0x98, 0x19, 0xB9,
    0x85, 0x42, 0x60, 0xC7, 0x9E, 0xBA, 0x97, 0x91, 0xA6, 0x05, 0x9E, 0x79, 0x50, 0x6A, 0xDB, 0x5B,
    0x4B, 0xC7, 0xD3, 0x02, 0x7D, 0x3C, 0xB8, 0x2A, 0x6E, 0x01, 0x6A, 0x04, 0x5A, 0xFA, 0xBA, 0x5E,
    0x40, 0x04, 0xD4, 0x0A, 0xE5, 0xA9, 0x5A, 0xAA, 0x58, 0x6E, 0xEA, 0x10, 0xBA, 0xEA, 0xC0, 0x6B,
    0x2C, 0xD5, 0x4A, 0x0E, 0x03, 0xDA, 0x01, 0x32, 0x79, 0x90, 0x31, 0xD0, 0x08, 0xB3, 0xC8, 0x51,
    0xF6, 0x40, 0x61, 0xA0, 0x69, 0x6A, 0x01, 0x6A, 0xEB, 0xA9, 0x79, 0x70, 0x34, 0xCC, 0x04, 0x96,
    0xD7, 0x80, 0x3A, 0x41, 0x8E, 0x9E, 0x44, 0x06, 0x96, 0x03, 0x14, 0xC3, 0x97, 0x30, 0x76, 0xD7,
    0x18, 0x02, 0xC9, 0x02, 0xDA, 0x79, 0x30, 0x29, 0x4C, 0x0C, 0x34, 0x0D, 0x95, 0xC0, 0xC3, 0x5C,
    0x80, 0x0B, 0x28, 0x0C, 0xF9, 0x81, 0xC6, 0x60, 0x61, 0x98, 0x75, 0x66, 0x18, 0xBA, 0x01, 0x82,
    0x40, 0x6F, 0xA8, 0x23, 0xAB, 0xAB, 0x03, 0xBC, 0x80, 0xC1, 0x50, 0x4E, 0xD0, 0x04, 0x92, 0x0E,
    0xE5, 0x42, 0x63, 0x60, 0x19, 0xC8, 0x05, 0x93, 0x0B, 0x75, 0x80, 0x83, 0x20, 0x1D, 0x4C, 0x2D,
    0xF3, 0x06, 0x54, 0xC1, 0x75, 0x30, 0x24, 0xCC, 0x2E, 0x36, 0x02, 0xBD, 0x02, 0xE3, 0x5C, 0x58,
    0x17, 0xE8, 0x14, 0x59, 0x85, 0xCE, 0x61, 0x39, 0x98, 0x17, 0xE6, 0x1E, 0xC9, 0x85, 0xD6, 0x61,
    0x19, 0x90, 0x0A, 0xE4, 0x26, 0xBA, 0x84, 0xF2, 0xBA, 0xF0, 0x21, 0x48, 0x16, 0x53, 0x02, 0x55,
    0x42, 0x67, 0x20, 0x30, 0x48, 0x16, 0x73, 0xCB, 0x05, 0x06, 0xC0, 0x60, 0x9E, 0x56, 0xA9, 0x0F,
    0x8E, 0xD4, 0xA4, 0x18, 0x09, 0x06, 0x26, 0x9B, 0x02, 0xAB, 0x4C, 0xAC, 0xB0, 0x18, 0x85, 0x22,
    0x43, 0xA6, 0x99, 0xC9, 0x2C, 0xF0, 0x08, 0x9C, 0x22, 0x49, 0xDA, 0x9B, 0x44, 0xAE, 0x70, 0x1B,
    0x44, 0x22, 0x27, 0x0E, 0x88, 0x51, 0xC5, 0xC7, 0x20, 0x8D, 0xC8, 0x49, 0xD5, 0x02, 0xF4, 0xB2,
    0x14, 0xCC, 0x94, 0x1A, 0xC3, 0x18, 0x8F, 0xCA, 0x6C, 0x73, 0xBA, 0xBD, 0xBE, 0x01, 0x09, 0x90,
    0xC6, 0xE0, 0xB2, 0xCB, 0xA4, 0xFA, 0x4D, 0x5B, 0x87, 0x46, 0xE1, 0x71, 0x88, 0xF0, 0x85, 0xA5,
    0x32, 0x82, 0xD8, 0x62, 0xF1, 0xF9, 0x45, 0x8E, 0x75, 0x57, 0xB0, 0xC0, 0x21, 0x12, 0x18, 0xD4,
    0x16, 0x57, 0x74, 0x9E, 0xC9, 0xAD, 0xD0, 0x0A, 0xD4, 0x3A, 0x35, 0x0B, 0x8B, 0xC7, 0xAA, 0x53,
    0x30, 0x4B, 0xD0, 0x09, 0xB2, 0xA4, 0xE5, 0x00, 0x9B, 0x2C, 0x7D, 0x36, 0x06, 0x00, 0x79, 0x0A,
    0x0E, 0x94, 0x90, 0xE6, 0xC8, 0x12, 0x52, 0xC6, 0x53, 0x60, 0x82, 0x61, 0xA0, 0x1B, 0x65, 0x49,
    0xCB, 0x01, 0xBA, 0x59, 0x30, 0x08, 0x50, 0x2F, 0xB4, 0x03, 0xE4, 0xE9, 0xB0, 0x20, 0x07, 0x5B,
    0x1B, 0x49, 0x03, 0x74, 0xF2, 0xC0, 0x7D, 0x98, 0x07, 0xED, 0x93, 0xA5, 0x6B, 0xA9, 0x99, 0x6A,
    0x6C, 0x04, 0x1E, 0x96, 0xCA, 0x52, 0x41, 0x9F, 0x3C, 0xAD, 0x33, 0x33, 0x4D, 0x80, 0x07, 0xB2,
    0xF4, 0x90, 0xD4, 0x4A, 0x97, 0x94, 0xA9, 0xC4, 0xAA, 0x51, 0x38, 0x55, 0x86, 0x39, 0x1F, 0x96,
    0xD8, 0xE7, 0xF5, 0x7B, 0x84, 0x02, 0x1B, 0x21, 0x8F, 0x41, 0x66, 0x17, 0x4A, 0x14, 0x9A, 0xB9,
    0x0E, 0x8F, 0x42, 0xE3, 0x91, 0xEA, 0x5D, 0x06, 0xA9, 0x32, 0x0B, 0xB5, 0xE9, 0x38, 0xFA, 0x56,
    0xAC, 0x04, 0xF2, 0xFF, 0xD5, 0xA6, 0x20, 0x7B, 0xA0, 0x27, 0xA5, 0x4B, 0xA1, 0x53, 0x32, 0x74,
    0xD8, 0x05, 0x58, 0x02, 0x13, 0x0B, 0xC5, 0x29, 0x21, 0x9F, 0x9D, 0x0C, 0x09, 0x32, 0x01, 0xCC,
    0xC2, 0x11, 0x40, 0x1C, 0xD2, 0x85, 0x4C, 0xC6, 0x81, 0x4A, 0x80, 0xCF, 0x9E, 0x3C, 0x09, 0x54,
    0x14, 0x44, 0x82, 0xF5, 0x50, 0x2C, 0xD2, 0x82, 0x07, 0xAB, 0x03, 0xB6, 0x80, 0x7A, 0x96, 0xC2,
    0x97, 0x40, 0xA6, 0x64, 0x80, 0xF5, 0x40, 0xA4, 0x52, 0x93, 0x97, 0xA5, 0x6C, 0x69, 0x73, 0xFA,
    0x66, 0x54, 0x02, 0x34, 0x08, 0x75, 0x00, 0x23, 0x49, 0xF0, 0x19, 0x25, 0x02, 0xAB, 0x44, 0xAA,
    0x91, 0x21, 0x69, 0x7C, 0x5A, 0x54, 0xC5, 0x02, 0xEA, 0x71, 0xA8, 0x64, 0x5E, 0x3F, 0x49, 0xA0,
    0xD4, 0x80, 0x9F, 0x30, 0xBE, 0x50, 0x1F, 0x93, 0x03, 0x2D, 0xA8, 0x40, 0x3B, 0x94, 0xFE, 0x99,
    0x97, 0x02, 0xA4, 0xC2, 0x9D, 0x3A, 0x4D, 0x0C, 0x07, 0x54, 0xCA, 0x02, 0x36, 0x81, 0x5E, 0x9E,
    0x5A, 0x93, 0x42, 0x02, 0x5C, 0xB2, 0x00, 0x76, 0x94, 0x44, 0x32, 0x99, 0x03, 0x1C, 0xA0, 0x15,
    0x68, 0x90, 0x19, 0x28, 0x17, 0xE9, 0x52, 0x68, 0x21, 0x1E, 0x95, 0x08, 0x29, 0x73, 0x03, 0x2C,
    0x83, 0x29, 0x2A, 0x4D, 0x00, 0x0E, 0xB2, 0xA1, 0xD3, 0x31, 0xC0, 0x29, 0xA6, 0xA2, 0x93, 0x3F,
    0x04, 0x2C, 0xA8, 0x54, 0xCC, 0x8D, 0x36, 0x05, 0x4E, 0x0E, 0x5C, 0x80, 0x31, 0x69, 0xF0, 0x60,
    0xA5, 0x41, 0xA6, 0x65, 0x2A, 0x51, 0x28, 0x65, 0x86, 0x3B, 0x1F, 0x97, 0xD8, 0xE8, 0x35, 0x7B,
    0x14, 0x02, 0x1F, 0x21, 0x90, 0x41, 0x66, 0x57, 0x4A, 0x24, 0x9A, 0xBD, 0x0E, 0x90, 0x43, 0x29,
    0xBA, 0xEA, 0xB4, 0xCA, 0x3D, 0x0C, 0x8E, 0x47, 0xC4, 0xAD, 0x20, 0x85, 0x4C, 0x14, 0x14, 0x0B,
    0x34, 0x83, 0x35, 0x20, 0xD4, 0x54, 0x05, 0x34, 0xCA, 0xD3, 0x33, 0x74, 0xD1, 0x4A, 0x48, 0x35,
    0x55, 0x01, 0xCD, 0x32, 0xD4, 0xCC, 0xC5, 0x34, 0x55, 0x12, 0x03, 0x65, 0x80, 0x95, 0x20, 0xD6,
    0x4C, 0x35, 0x76, 0xD7, 0x80, 0x7E, 0x59, 0x10, 0x0B, 0xD0, 0x13, 0x95, 0xA1, 0x04, 0x82, 0x60,
    0x51, 0x90, 0xAB, 0xE4, 0x1A, 0xDA, 0x81, 0xF2, 0x5B, 0x10, 0x99, 0x4B, 0x17, 0x4D, 0x17, 0xBC,
    0xC1, 0x81, 0x50, 0x08, 0xCF, 0x22, 0x07, 0x59, 0x0A, 0xDA, 0x61, 0xB1, 0xA0, 0x0A, 0x65, 0xAF,
    0x0C, 0x5C, 0xB2, 0x14, 0xDD, 0x5D, 0x4E, 0x24, 0x0B, 0x89, 0x44, 0xC8, 0xDB, 0x72, 0x36, 0x5E,
    0xE7, 0x00, 0x23, 0x6C, 0xB1, 0x34, 0x5A, 0x0D, 0x3A, 0x64, 0x44, 0x3B, 0xD8, 0x60, 0x24, 0x44,
    0xE4, 0x36, 0x2F, 0x47, 0x22, 0x2D, 0x46, 0x17, 0x7A, 0x66, 0x50, 0x32, 0xDF, 0x0C, 0xB5, 0x21,
    0xB4, 0xAA, 0x0D, 0x4C, 0x1A, 0xD2, 0xA2, 0xD0, 0x80, 0xFB, 0x4C, 0x88, 0x6A, 0xA5, 0x97, 0x02,
    0x14, 0xE8, 0xB4, 0x31, 0xAA, 0xDA, 0x84, 0x05, 0x49, 0x66, 0x80, 0xA9, 0x30, 0x08, 0x48, 0x3B,
    0xF5, 0xA1, 0x81, 0x9A, 0x59, 0x90, 0x33, 0x50, 0x3B, 0xF5, 0xA1, 0x01, 0xDE, 0x59, 0x50, 0x3B,
    0xCE, 0x8B, 0x41, 0x0E, 0x6D, 0x41, 0x2F, 0x2C, 0x90, 0x23, 0xA7, 0x45, 0xA0, 0x02, 0x02, 0x42,
    0x00, 0x9D, 0x04, 0x4F, 0xD2, 0xC7, 0xD3, 0x47, 0x0D, 0x39, 0xF8, 0x64, 0xEB, 0x4A, 0xA0, 0x00,
    0x46, 0x58, 0xC0, 0x08, 0xD2, 0x7C, 0x1B, 0x3A, 0xD2, 0xA7, 0xE0, 0x22, 0x96, 0x36, 0x9B, 0xAF,
    0xA9, 0xC4, 0xA4, 0x10, 0xDA, 0x6D, 0x04, 0x2D, 0xF4, 0x25, 0x04, 0xF1, 0x74, 0xA9, 0xF0, 0x0D,
    0xA4, 0x23, 0x59, 0xCF, 0xC0, 0x27, 0x50, 0x23, 0x4B, 0x27, 0x4D, 0xA1, 0x00, 0xB6, 0x80, 0x24,
    0xAC, 0xFC, 0x0B, 0x12, 0xCB, 0x53, 0x68, 0x60, 0x3E, 0xA0, 0xC7, 0xEB, 0x40, 0x04, 0xDC, 0xB3,
    0x20, 0x11, 0x98, 0x31, 0xED, 0x41, 0x02, 0xED, 0x05, 0x01, 0x5C, 0x88, 0x05, 0x64, 0x00, 0x79,
    0xD0, 0xC0, 0xCB, 0x60, 0x37, 0x4F, 0x27, 0x4D, 0xA0, 0x00, 0x42, 0x80, 0x77, 0xA8, 0x1B, 0xA7,
    0x90, 0xA6, 0xCF, 0xC0, 0x4F, 0x41, 0x58, 0x54, 0x0D, 0xF3, 0xC6, 0x53, 0x67, 0xD5, 0x68, 0x94,
    0x7A, 0x1D, 0x1C, 0x90, 0x52, 0xF5, 0xD5, 0x49, 0x94, 0x6E, 0x1D, 0x18, 0x90, 0x52, 0xB2, 0x75,
    0x30, 0x8B, 0xCC, 0x35, 0xF4, 0xA5, 0x0A, 0xAA, 0x74, 0x01, 0x46, 0xDB, 0x2B, 0x4B, 0xD7, 0x81,
    0xD6, 0x40, 0x1F, 0x98, 0x16, 0x26, 0x32, 0xA9, 0xE5, 0xA9, 0x7B, 0x00, 0x43, 0xC8, 0x06, 0x33,
    0x9F, 0x06, 0xBA, 0xA0, 0x96, 0x90, 0x10, 0x64, 0x17, 0x0B, 0x65, 0x00, 0x2F, 0x21, 0x43, 0x4E,
    0x7E, 0x31, 0x4B, 0x64, 0xE9, 0x7A, 0xE0, 0x5B, 0xC8, 0x0E, 0x15, 0x1B, 0xC5, 0x72, 0x54, 0xBD,
    0x68, 0x32, 0x64, 0x07, 0x0A, 0x8B, 0xAE, 0xB9, 0x1A, 0x5E, 0xB0, 0x10, 0x56, 0x02, 0xD4, 0xC0,
    0x35, 0x3C, 0x7D, 0x2F, 0x56, 0x05, 0xA9, 0x50, 0x6A, 0x91, 0x2A, 0x9C, 0x4E, 0x41, 0x0E, 0x8E,
    0xC8, 0x01, 0x3F, 0x40, 0x2F, 0x50, 0x5B, 0x74, 0xA1, 0x8C, 0x76, 0xD9, 0x00, 0x0D, 0xCB, 0x16,
    0x01, 0xBB, 0x06, 0x7E, 0x80, 0x2D, 0xA6, 0x38, 0x05, 0xB5, 0x19, 0xAC, 0x80, 0x7B, 0x3C, 0x88,
    0x27, 0x28, 0x01, 0x7A, 0x81, 0x36, 0x60, 0x6D, 0xA8, 0x21, 0x2B, 0x95, 0x03, 0x24, 0xB3, 0x00,
    0x9F, 0xA4, 0xFC, 0x07, 0x76, 0xCB, 0xD2, 0xF6, 0x21, 0x8D, 0x90, 0x1B, 0x6A, 0x04, 0xDA, 0x80,
    0x46, 0x79, 0x70, 0x3F, 0xD8, 0x0B, 0xF5, 0x01, 0x15, 0x29, 0xB3, 0xEA, 0x74, 0x48, 0x82, 0x9F,
    0xA1, 0x41, 0x88, 0x27, 0x2C, 0x3C, 0x72, 0xA3, 0x4B, 0x81, 0x55, 0x26, 0x55, 0x68, 0x94, 0x1A,
    0x05, 0x18, 0x82, 0x4A, 0x70, 0x13, 0xB8, 0x2D, 0xBE, 0x05, 0x09, 0x80, 0x05, 0x3A, 0x5A, 0xC9,
    0xF4, 0xDE, 0xB7, 0x0C, 0x17, 0x2C, 0xA0, 0x62, 0x2A, 0x94, 0xAA, 0xCB, 0x61, 0x88, 0x47, 0xE4,
    0x36, 0x39, 0x9D, 0x5E, 0xCD, 0x00, 0xB3, 0xC8, 0x62, 0x70, 0x59, 0x25, 0xD2, 0x6D, 0x26, 0xB4,
    0x43, 0xA2, 0x70, 0xF8, 0x84, 0x80, 0x2F, 0xF3, 0x11, 0xA6, 0x06, 0xCB, 0x3A, 0x10, 0xD9, 0x6D,
    0x03, 0x03, 0x54, 0x80, 0x83, 0x3A, 0x18, 0x6E, 0x2B, 0x4B, 0x82, 0x01, 0xEE, 0x40, 0xF2, 0xA8,
    0x32, 0x68, 0x00, 0xF9, 0x63, 0x41, 0x83, 0x40, 0x6C, 0xD2, 0x97, 0x02, 0x00, 0xED, 0x28, 0x21,
    0x94, 0xA8, 0x15, 0x65, 0x42, 0xA9, 0xC2, 0x80, 0xF5, 0xAD, 0x8D, 0x2E, 0x02, 0x0B, 0xFB, 0x01,
    0xEA, 0x61, 0x11, 0x9E, 0xD2, 0x97, 0x00, 0x06, 0x8D, 0x80, 0xF5, 0x5C, 0xC5, 0x2B, 0x6E, 0x08,
    0xB9, 0xD3, 0xA2, 0x52, 0x08, 0x78, 0x89, 0xE6, 0x1B, 0x3F, 0x86, 0xCE, 0x90, 0xF0, 0x8C, 0xD6,
    0xCB, 0x02, 0x88, 0x41, 0x24, 0x38, 0x09, 0x9C, 0x16, 0xCD, 0x02, 0x1B, 0x74, 0xA0, 0xB2, 0x4D,
    0x64, 0xDA, 0x6F, 0x68, 0x86, 0x44, 0xE0, 0xF1, 0x08, 0x15, 0x17, 0x5D, 0x4E, 0x95, 0x06, 0xA3,
    0x19, 0x4A, 0x5F, 0xFE, 0xA9, 0x31, 0x23, 0xCD, 0x02, 0xC1, 0x5C, 0xAD, 0x2E, 0x01, 0x54, 0x99,
    0x04, 0x86, 0x42, 0x29, 0xBE, 0x50, 0x25, 0x32, 0x80, 0x84, 0xCA, 0x42, 0x40, 0x98, 0x60, 0xA8,
    0x06, 0x09, 0x63, 0x29, 0xC0, 0x59, 0x9E, 0xC4, 0x34, 0xD6, 0x0D, 0x2D, 0x00, 0x0F, 0x2D, 0xA0,
    0x68, 0xAC, 0x08, 0x89, 0xE4, 0x03, 0xB3, 0x3A, 0x2E, 0xDC, 0x02, 0x16, 0xC9, 0x02, 0x26, 0x59,
    0x30, 0xF5, 0xD3, 0x74, 0x1A, 0x4B, 0x64, 0x40, 0x23, 0x2C, 0xB0, 0x7F, 0x69, 0xBE, 0x01, 0x95,
    0xB1, 0xE0, 0x2B, 0x96, 0x6A, 0x9B, 0xAB, 0xAA, 0x44, 0x8D, 0x59, 0xF3, 0x56, 0x53, 0x13, 0x45,
    0x81, 0x53, 0xA6, 0x75, 0x60, 0x9C, 0x48, 0x6C, 0x9F, 0x1B, 0x25, 0x22, 0x11, 0xC9, 0x08, 0xD9,
    0x2B, 0x45, 0x81, 0x81, 0x8A, 0xA1, 0x72, 0xA4, 0x10, 0x0E, 0x16, 0xC8, 0x0B, 0x4E, 0x40, 0x35,
    0xAC, 0x14, 0x14, 0x16, 0xC9, 0x0B, 0x8E, 0x40, 0x47, 0xAC, 0x10, 0x16, 0x56, 0xC9, 0x80, 0x46,
    0x58, 0xF0, 0x2C, 0xD2, 0x06, 0x0C, 0x4B, 0x07, 0x0E, 0x60, 0x6A, 0x9C, 0x08, 0x4D, 0x36, 0xCA,
    0xD2, 0xE8, 0x22, 0x21, 0xA4, 0x04, 0x37, 0xB6, 0xCB, 0x8C, 0x9E, 0x42, 0x33, 0xAC, 0x00, 0x37,
    0xB6, 0xCA, 0x8C, 0xE2, 0x42, 0x45, 0xAF, 0xFE, 0x9D, 0x32, 0x23, 0x65, 0xB2, 0x83, 0x63, 0x90,
    0x95, 0xE5, 0x0C, 0x81, 0x47, 0x60, 0x92, 0xFC, 0x05, 0x06, 0x0B, 0x62, 0x81, 0x43, 0xE0, 0x03,
    0x07, 0x96, 0xB2, 0x89, 0x37, 0xAF, 0x43, 0x24, 0x10, 0x88, 0xEC, 0x08, 0x1C, 0x12, 0x95, 0x55,
    0x06, 0x71, 0x2A, 0x2F, 0xF8, 0x3A, 0x16, 0x13, 0xB4, 0xAA, 0xA4, 0xF3, 0x9F, 0xFC, 0x3A, 0x16,
    0xC9, 0x00, 0xA6, 0x44, 0x67, 0x9C, 0x06, 0x9D, 0x33, 0x0B, 0x85, 0xB2, 0x00, 0x3B, 0x91, 0x1E,
    0x27, 0x02, 0x0C, 0x0D, 0xB1, 0xE3, 0x38, 0x96, 0x4E, 0xAC, 0x0C, 0x79, 0xC0, 0xC3, 0x27, 0x50,
    0x5E, 0xC8, 0x09, 0x53, 0x82, 0x01, 0x8E, 0xD9, 0x11, 0xE7, 0xD3, 0x68, 0x07, 0xEA, 0x06, 0xD2,
    0xA0, 0x7E, 0x9E, 0x2E, 0x9B, 0xB7, 0x00, 0x8D, 0x0A, 0x9B, 0x50, 0x3F, 0x4F, 0x1D, 0x4D, 0xDD,
    0x00, 0x86, 0x66, 0x62, 0x96, 0x50, 0x05, 0x12, 0xC8, 0xD3, 0x77, 0xD4, 0xE8, 0x98, 0xEF, 0x3E,
    0x3B, 0xCA, 0x61, 0xE3, 0x15, 0x11, 0xDE, 0xCE, 0x15, 0x02, 0x8E, 0x41, 0x25, 0xB8, 0x09, 0xFC,
    0x16, 0xE1, 0x02, 0x86, 0xC0, 0x01, 0x87, 0x2D, 0x65, 0x0A, 0x6F, 0x5C, 0x86, 0x47, 0xA0, 0xD1,
    0xC8, 0x10, 0x96, 0x65, 0x2A, 0x8F, 0xC3, 0xAE, 0x39, 0x22, 0xDD, 0xD8, 0x13, 0xD3, 0x01, 0xCC,
    0xA9, 0x98, 0xAA, 0x6F, 0x04, 0x13, 0xB4, 0x2C, 0xAD, 0x80, 0x5F, 0x2E, 0x20, 0x24, 0xE9, 0x12,
    0x0F, 0x6D, 0xB6, 0x00, 0x92, 0x97, 0x1C, 0x10, 0x74, 0x03, 0x55, 0x01, 0xAF, 0x2E, 0x55, 0x50,
    0x0D, 0x33, 0xFF, 0x97, 0x12, 0xE1, 0xFD, 0x96, 0x5E, 0x9B, 0xCE, 0x05, 0xB4, 0xE9, 0xD1, 0x32,
    0xB9, 0xE3, 0x68, 0x18, 0x49, 0x74, 0x40, 0x57, 0x43, 0x4C, 0xDA, 0x97, 0xB7, 0x16, 0x34, 0xBA,
    0x80, 0x3B, 0xA1, 0x5D, 0xAB, 0xAC, 0xA5, 0xEE, 0x84, 0x33, 0x2E, 0xB8, 0x23, 0xA8, 0x0D, 0x2A,
    0xEA, 0xE9, 0x7B, 0xE0, 0x99, 0xCB, 0xB6, 0x07, 0xEC, 0x62, 0xE9, 0x7C, 0x10, 0x0C, 0xCB, 0xBC,
    0x08, 0xFB, 0x0A, 0xC2, 0x7A, 0xCA, 0x5F, 0x10, 0x05, 0x72, 0xF0, 0x82, 0x87, 0x5A, 0xDA, 0x5F,
    0x1E, 0x9B, 0xE5, 0x05, 0x85, 0x82, 0x2D, 0x3D, 0x75, 0x2F, 0x94, 0x02, 0x19, 0x7A, 0x01, 0x85,
    0x8C, 0xC0, 0x13, 0xE5, 0xCE, 0x02, 0x7C, 0xBD, 0x61, 0x06, 0xA0, 0x16, 0x2B, 0xB0, 0xA5, 0xF4,
    0x43, 0xDD, 0x2F, 0x79, 0x76, 0xA8, 0x07, 0x39, 0x86, 0xBA, 0xBB, 0x1A, 0x5F, 0x50, 0x0F, 0xB2,
    0xF9, 0x03, 0xE3, 0x06, 0x95, 0x95, 0x2F, 0xAE, 0x0C, 0xF9, 0x7D, 0x40, 0xEB, 0x40, 0xC6, 0xD7,
    0x5F, 0x4B, 0xED, 0x83, 0x3E, 0x5F, 0x90, 0x86, 0xCC, 0x0E, 0xF6, 0x0D, 0x15, 0x75, 0xD4, 0xBE,
    0xF1, 0x66, 0xA9, 0x01, 0x0D, 0x9D, 0xB5, 0xB4, 0xBF, 0x08, 0x89, 0x69, 0x02, 0x00, 0x7D, 0xB5,
    0x94, 0xBF, 0x28, 0xA8, 0x29, 0x03, 0x01, 0x1D, 0xB5, 0x74, 0xBF, 0x45, 0x33, 0x2E, 0x10, 0xCA,
    0x41, 0x07, 0x1B, 0x5A, 0x5F, 0xAC, 0x10, 0xB2, 0x08, 0x6C, 0xC3, 0x07, 0x32, 0xB5, 0xD7, 0xDE,
    0x07, 0x49, 0x04, 0x36, 0x70, 0x32, 0xC7, 0xE3, 0xE4, 0x05, 0xA9, 0x04, 0x36, 0x60, 0x6C, 0xBE,
    0xBA, 0x97, 0xF5, 0x02, 0xC4, 0x82, 0x1B, 0x38, 0x09, 0xCA, 0x2F, 0x4B, 0xFC, 0x84, 0x5A, 0x5B,
    0xE1, 0x17, 0x7C, 0x45, 0xDE, 0x1F, 0x85, 0x00, 0xDD, 0x2F, 0xE0, 0x19, 0x64, 0x0F, 0xD9, 0x06,
    0x8A, 0xB4, 0xBF, 0xF8, 0x1D, 0x64, 0x0F, 0xC9, 0x17, 0xB7, 0x10, 0x3A, 0xA4, 0x2C, 0x2A, 0xF2,
    0x07, 0xE4, 0x81, 0x9D, 0x6D, 0x75, 0x2E, 0x0E, 0x1C, 0xC9, 0x72, 0x84, 0x5F, 0x61, 0x53, 0xD6,
    0x14, 0x0F, 0xCB, 0x6D, 0x01, 0xE5, 0x6D, 0x65, 0x2E, 0x1C, 0x0B, 0xE9, 0x03, 0xEE, 0x7B, 0x70,
    0x55, 0x56, 0x97, 0x11, 0x07, 0xD5, 0xB7, 0x40, 0xBD, 0xB6, 0xAE, 0x97, 0x15, 0x09, 0x3C, 0x81,
    0xF5, 0x3D, 0xF0, 0x49, 0xEB, 0x4B, 0x8C, 0x87, 0x32, 0x5D, 0xBA, 0x98, 0xC2, 0xBE, 0x30, 0xAC,
    0x9C, 0x7E, 0x50, 0x58, 0x14, 0x5E, 0x09, 0x28, 0xC0, 0x4E, 0xA0, 0xB6, 0x18, 0x11, 0x78, 0x25,
    0xAC, 0x9E, 0xCD, 0xCB, 0xC1, 0x28, 0x64, 0x6A, 0x13, 0x17, 0x81, 0xD2, 0x75, 0xD5, 0x29, 0x54,
    0x32, 0x03, 0x1D, 0xA4, 0x4B, 0xF4, 0xD4, 0x19, 0x25, 0x8A, 0x03, 0x32, 0xED, 0x51, 0x22, 0x57,
    0x48, 0x0D, 0x7A, 0x11, 0x20, 0x84, 0xC7, 0x68, 0xF4, 0xDC, 0x9D, 0x58, 0x2E, 0x33, 0xE0, 0x9A,
    0x1E, 0xE3, 0xDD, 0x96, 0x3C, 0x00, 0xF2, 0xE2, 0x04, 0x6B, 0x04, 0x3B, 0x90, 0x01, 0xE5, 0xC7,
    0x35, 0x36, 0x0E, 0x4D, 0x3E, 0x50, 0x6E, 0x6D, 0xAF, 0x21, 0xA5, 0x39, 0xC1, 0xB7, 0x91, 0x9A,
    0x2F, 0xD1, 0x00, 0x9D, 0x48, 0x13, 0x2C, 0xB5, 0x48, 0x0F, 0xF3, 0xEA, 0x13, 0xA6, 0xDB, 0x13,
    0x96, 0xE3, 0xAE, 0x55, 0xDB, 0x6D, 0x0E, 0x5D, 0x30, 0x59, 0xD9, 0x04, 0xB4, 0xA4, 0xED, 0xCC,
    0xD9, 0x40, 0x17, 0xC8, 0xA2, 0x34, 0xDD, 0x1B, 0x36, 0x46, 0x13, 0x98, 0x64, 0xE9, 0x49, 0xDF,
    0x1C, 0xBA, 0x80, 0x36, 0x90, 0x09, 0xED, 0xC1, 0x39, 0x74, 0xC7, 0xAB, 0x32, 0xDF, 0xDB, 0x88,
    0x72, 0xFA, 0x0B, 0xA7, 0x25, 0x11, 0x9F, 0x1C, 0x0C, 0xD8, 0xDA, 0x17, 0x92, 0xDC, 0xA0, 0x33,
    0xD0, 0xE9, 0x53, 0xDB, 0x97, 0xD2, 0xDC, 0xE3, 0x9A, 0x51, 0x11, 0xF3, 0xDD, 0x18, 0x1A, 0xDD,
    0x13, 0x6B, 0x50, 0x0A, 0x93, 0xDF, 0x18, 0x62, 0xDD, 0x40, 0x37, 0x53, 0x34, 0x3B, 0x7F, 0x8E,
    0xDE, 0x90, 0x91, 0xDB, 0xD4, 0x14, 0x14, 0x09, 0xAD, 0x29, 0x3D, 0x73, 0x73, 0x5B, 0x88, 0x57,
    0x5B, 0x76, 0xCE, 0x45, 0x31, 0xC7, 0xD3, 0x8E, 0x66, 0x8B, 0x77, 0x83, 0x41, 0x20, 0x32, 0xD0,
    0x14, 0x72, 0x33, 0xD5, 0x7C, 0x23, 0x90, 0x96, 0x3E, 0x99, 0x8D, 0xA7, 0xA0, 0x4A, 0x7C, 0xE3,
    0x46, 0x5B, 0xCA, 0x39, 0x19, 0x62, 0xEA, 0xC1, 0xBC, 0x9F, 0x44, 0xD3, 0xB6, 0xF4, 0x52, 0xB7,
    0x44, 0xC7, 0x90, 0x67, 0xA7, 0xD4, 0x35, 0x6D, 0x69, 0x3E, 0xBA, 0x56, 0xF8, 0xEE, 0xD6, 0xEB,
    0x9A, 0xFA, 0xDE, 0xFA, 0x57, 0x04, 0x07, 0xF2, 0xCA, 0x54, 0x00, 0x49, 0x3E, 0xD8, 0x09, 0x2D,
    0xF2, 0xA5, 0x71, 0x0B, 0xA1, 0x5A, 0x2F, 0x78, 0xDC, 0x56, 0xFA, 0xD2, 0xB8, 0xE5, 0xC8, 0x96,
    0x6C, 0x5A, 0x54, 0xF0, 0x86, 0x8E, 0xB4, 0x9F, 0xCD, 0x2B, 0x94, 0x01, 0x1A, 0x79, 0x43, 0x45,
    0x5A, 0x4F, 0xF2, 0x95, 0xCE, 0x3E, 0x4D, 0xBD, 0x00, 0x6C, 0xB7, 0xFE, 0x95, 0xD1, 0x2E, 0xA4,
    0xC0, 0x11, 0x2F, 0x58, 0x08, 0xED, 0x03, 0xA9, 0x42, 0xE9, 0x5D, 0x43, 0xDF, 0x5B, 0xDE, 0x76,
    0x5A, 0xD2, 0x60, 0xF4, 0xAE, 0xB8, 0x14, 0xA4, 0x78, 0x49, 0xFC, 0x83, 0x2F, 0x5A, 0x4C, 0x2A,
    0x95, 0xDB, 0x03, 0xBC, 0x89, 0x57, 0x3F, 0xA9, 0x75, 0x6D, 0x0E, 0xA5, 0x77, 0x8B, 0xAB, 0x3A,
    0xA4, 0x3E, 0x0B, 0x31, 0x8B, 0xD4, 0xA5, 0x14, 0x19, 0xD4, 0x1C, 0xB8, 0xB2, 0xB0, 0xC6, 0xB0,
    0x12, 0xBC, 0x94, 0xF6, 0x0D, 0x5A, 0x85, 0x46, 0xB1, 0x34, 0x98, 0x11, 0xA1, 0xE7, 0x45, 0xFC,
    0x86, 0x9E, 0xDE, 0x13, 0xF0, 0x4E, 0xCB, 0xF1, 0x88, 0x64, 0xC8, 0xD1, 0x29, 0x18, 0xEA, 0x25,
    0x60, 0x3B, 0x94, 0xB0, 0xF3, 0x68, 0x2D, 0xCE, 0x04, 0x77, 0x29, 0x44, 0xE2, 0x19, 0x5A, 0x2D,
    0x62, 0x9D, 0x2A, 0x83, 0x7C, 0x63, 0x19, 0x32, 0x10, 0x4A, 0x46, 0x2F, 0x29, 0x58, 0x23, 0x70,
    0x89, 0x66, 0x1E, 0x7D, 0x05, 0xBA, 0xC0, 0xAB, 0x70, 0x88, 0xDC, 0x4E, 0x31, 0x95, 0xA5, 0x56,
    0x2A, 0x72, 0xEA, 0x37, 0xD2, 0x9F, 0x2E, 0x90, 0x42, 0xCD, 0x89, 0x20, 0xBA, 0x4E, 0xBB, 0x46,
    0xFD, 0x18, 0xA6, 0x90, 0x3A, 0x55, 0x74, 0x0A, 0x72, 0x06, 0xA4, 0xEC, 0x34, 0x68, 0x05, 0x3E,
    0x5E, 0x12, 0xAA, 0x41, 0x29, 0x56, 0x12, 0xEF, 0x4C, 0x01, 0x32, 0xB2, 0x51, 0xA0, 0x80, 0x8A,
    0xA4, 0x0E, 0x95, 0x64, 0x2E, 0xF4, 0xC0, 0x11, 0x2B, 0x2D, 0x1A, 0x0A, 0x0E, 0x7A, 0x40, 0xA9,
    0x56, 0x50, 0x45, 0xC8, 0x23, 0x12, 0x0E, 0x4D, 0x32, 0xC1, 0x26, 0xA5, 0x9A, 0x8D, 0x06, 0x33,
    0xED, 0x20, 0x34, 0xAB, 0x30, 0x4D, 0xE9, 0x67, 0xA3, 0x41, 0xC2, 0x4B, 0x48, 0x05, 0x2A, 0xCE,
    0x19, 0xFB, 0x5A, 0x28, 0xD0, 0x90, 0xCF, 0xD2, 0xD0, 0x5D, 0xA9, 0x80, 0x42, 0x90, 0x80, 0xA4,
    0x53, 0xFF, 0x52, 0x98, 0x80, 0x46, 0x59, 0x20, 0xB6, 0x52, 0x0F, 0x47, 0xD4, 0xD2, 0x60, 0x15,
    0x29, 0x90, 0x12, 0xA4, 0x1A, 0x49, 0x80, 0xA6, 0x61, 0x6C, 0x98, 0x0A, 0x64, 0x5D, 0x89, 0x80,
    0xDE, 0x40, 0x50, 0x9C, 0x08, 0xBA, 0xB3, 0x01, 0x3D, 0x21, 0x03, 0x1F, 0xA5, 0xA2, 0x96, 0x12,
    0x39, 0x81, 0x36, 0x61, 0xA0, 0x9C, 0x0C, 0x09, 0xB2, 0x2E, 0xC4, 0x80, 0x11, 0x2B, 0x1D, 0x1A,
    0x05, 0x47, 0xD9, 0x81, 0x9E, 0x56, 0x32, 0xEB, 0xCC, 0x0E, 0x35, 0x0D, 0x1D, 0x20, 0x60, 0x70,
    0x96, 0x50, 0x27, 0xB4, 0xAF, 0xD1, 0xBF, 0xB4, 0xF9, 0x70, 0x0A, 0x6B, 0x4A, 0xAF, 0x81, 0x4A,
    0xD5, 0xDA, 0x37, 0xEC, 0x67, 0x14, 0xAE, 0x87, 0xCA, 0x80, 0x10, 0x90, 0x68, 0xE9, 0x01, 0xA5,
    0x57, 0xC0, 0xD5, 0x40, 0x49, 0xD4, 0x0B, 0x53, 0x80, 0x00, 0x8A, 0x41, 0xA3, 0xAD, 0x92, 0x8D,
    0x03, 0x38, 0xD5, 0x00, 0xC7, 0x30, 0x4A, 0x4C, 0x34, 0x93, 0x02, 0xE4, 0xC0, 0xFD, 0x4A, 0x94,
    0xC8, 0x0B, 0xB2, 0x0F, 0xD5, 0x40, 0xFF, 0x31, 0x5D, 0xCE, 0xD0, 0x86, 0xDB, 0x00, 0x46, 0x60,
    0x58, 0x98, 0x1B, 0xAA, 0x0C, 0x29, 0x80, 0x92, 0x60, 0xAF, 0xAD, 0x90, 0x0E, 0x32, 0x02, 0xCC,
    0xEC, 0x40, 0x59, 0x90, 0xBC, 0x27, 0x62, 0x0C, 0xB5, 0xAC, 0x14, 0x6F, 0xF0, 0x16, 0x28, 0x13,
    0xB9, 0x52, 0xAC, 0x06, 0xFE, 0x98, 0x16, 0x2C, 0x0E, 0x69, 0xC1, 0x00, 0xB3, 0x2C, 0x98, 0x4E,
    0xA8, 0x05, 0xAB, 0xC0, 0xC0, 0xD5, 0x24, 0x68, 0x56, 0xC3, 0x46, 0xFF, 0x84, 0xEA, 0x90, 0x20,
    0x2D, 0x50, 0x2B, 0xF3, 0x04, 0x74, 0x80, 0xC9, 0x21, 0x9B, 0xCE, 0xC6, 0x0E, 0x09, 0x05, 0xC6,
    0x60, 0xA0, 0x98, 0x57, 0xA7, 0x01, 0xA5, 0x59, 0x43, 0x05, 0x40, 0x67, 0xCC, 0x2E, 0x13, 0x07,
    0x04, 0xF2, 0x89, 0x11, 0xA5, 0x98, 0x19, 0xF2, 0x4F, 0xD4, 0x80, 0xE9, 0x4B, 0x30, 0x7C, 0x6C,
    0x11, 0x29, 0x86, 0x56, 0x60, 0x74, 0x9D, 0x91, 0x22, 0xD6, 0xB1, 0x51, 0xA0, 0x2A, 0x0E, 0xA5,
    0x88, 0x0A, 0x12, 0x01, 0xAC, 0xC0, 0xB5, 0x50, 0x12, 0xCE, 0x02, 0x05, 0xA9, 0x63, 0xC0, 0x91,
    0x4A, 0xF5, 0x1B, 0xF8, 0x03, 0x6A, 0x40, 0xA9, 0x55, 0xE0, 0x2C, 0xCC, 0x32, 0x54, 0x81, 0x86,
    0x46, 0xC0, 0x56, 0xB0, 0x51, 0x28, 0x05, 0x5C, 0x86, 0x0E, 0x76, 0x30, 0xF6, 0x4C, 0x0A, 0xB4,
    0x82, 0x13, 0x2E, 0x96, 0x54, 0xCF, 0xD8, 0x26, 0xD3, 0x04, 0x54, 0xE0, 0x41, 0x36, 0xA2, 0xDF,
    0xA6, 0x15, 0xC9, 0xC0, 0x44, 0xD7, 0x20, 0x32, 0x4C, 0x02, 0xD3, 0x19, 0x3C, 0xC2, 0xB5, 0x60,
    0x86, 0x50, 0x17, 0x93, 0x80, 0x00, 0x9E, 0x59, 0x40, 0x70, 0xD0, 0x07, 0x12, 0x02, 0x85, 0x32,
    0xA0, 0x6D, 0xA5, 0x84, 0x06, 0x52, 0x07, 0xB4, 0xEB, 0xE0, 0x51, 0x90, 0x38, 0xAF, 0x5F, 0x47,
    0x8C, 0xC0, 0xB7, 0x30, 0x7A, 0xD2, 0x03, 0x4A, 0xAF, 0x01, 0x56, 0xC0, 0x6D, 0x90, 0xC0, 0xE8,
    0x06, 0xB9, 0x83, 0x42, 0x60, 0x7D, 0x90, 0x15, 0x6A, 0x04, 0x59, 0x58, 0x81, 0xC3, 0x40, 0x48,
    0x4C, 0x2C, 0x53, 0x0D, 0x1C, 0xC2, 0x99, 0x50, 0x51, 0xCC, 0x70, 0x13, 0x08, 0x64, 0xC2, 0x09,
    0x30, 0xB2, 0x64, 0x36, 0x7B, 0xCC, 0x81, 0xBA, 0x81, 0x64, 0xBE, 0xC8, 0x04, 0xF2, 0x06, 0xA4,
    0xC2, 0xC9, 0xB8, 0x0D, 0x2A, 0xC2, 0x05, 0x3B, 0x05, 0x8E, 0xF0, 0x00, 0xB1, 0xFC, 0x21, 0x32,
    0x04, 0xBC, 0xEB, 0xE0, 0x52, 0x92, 0x1F, 0x66, 0x06, 0xE9, 0xD7, 0xC0, 0xDD, 0x60, 0x96, 0xC8,
    0x2C, 0xB3, 0x03, 0x75, 0x01, 0xA9, 0x30, 0xB2, 0xEE, 0x02, 0x05, 0x59, 0x1C, 0xE6, 0x41, 0x64,
    0xD4, 0x08, 0x0A, 0xD2, 0x0D, 0xDD, 0xE1, 0x23, 0x93, 0xA0, 0x6E, 0xE4, 0x16, 0x3E, 0x40, 0xC0,
    0x21, 0x21, 0x13, 0x54, 0x2C, 0x77, 0x82, 0x04, 0x22, 0x81, 0x63, 0xD0, 0x04, 0x65, 0x62, 0x3E,
    0x6D, 0x80, 0x91, 0x20, 0xDE, 0xF0, 0x2C, 0x9A, 0x0D, 0xEC, 0xC2, 0xC7, 0xC0, 0xDF, 0x4C, 0x2C,
    0x55, 0x0D, 0xF5, 0x71, 0x61, 0xBE, 0xB0, 0x43, 0x6C, 0x16, 0x2B, 0x20, 0xA2, 0x41, 0x62, 0xD0,
    0x1D, 0x27, 0x65, 0x01, 0xF4, 0x81, 0xFF, 0x30, 0x57, 0xCC, 0x2C, 0x94, 0x03, 0xA4, 0x83, 0x7D,
    0x30, 0xB2, 0xDC, 0x5D, 0x13, 0x0D, 0xF6, 0xC2, 0xC9, 0x50, 0xDF, 0x54, 0x2C, 0x79, 0x0D, 0xF5,
    0x42, 0xC7, 0xD0, 0xDF, 0x54, 0x2C, 0x7B, 0x82, 0x04, 0x22, 0x48, 0xCF, 0x90, 0x16, 0xA6, 0x16,
    0x5A, 0x86, 0xF7, 0xE1, 0xBD, 0xF8, 0xD9, 0xE6, 0x1B, 0xDD, 0x05, 0x9E, 0x61, 0xBD, 0xA8, 0x59,
    0xF6, 0x29, 0xEA, 0x85, 0x9E, 0xE0, 0x69, 0x92, 0xD5, 0xAC, 0x16, 0x8B, 0x01, 0xA2, 0x80, 0x72,
    0x98, 0x5A, 0xB3, 0x98, 0x01, 0x4C, 0x81, 0xCB, 0x50, 0xB4, 0xE4, 0x22, 0x72, 0x03, 0x04, 0x81,
    0xF3, 0x30, 0x2B, 0x4C, 0x1C, 0xD5, 0xAF, 0x01, 0xC6, 0x41, 0xBB, 0xAE, 0x3C, 0x2C, 0x9D, 0x03,
    0x6D, 0x82, 0xCB, 0xD8, 0x20, 0x36, 0xE9, 0x93, 0x1E, 0x2D, 0x02, 0xCF, 0xB0, 0xA7, 0xD4, 0x2C,
    0xF6, 0x08, 0x8D, 0x00, 0xAD, 0x41, 0x0E, 0xD0, 0x2D, 0x13, 0xB3, 0x81, 0xBE, 0x43, 0x1C, 0xD8,
    0x1B, 0xE6, 0x16, 0x8C, 0x07, 0x03, 0xE0, 0x56, 0x90, 0x5A, 0xA6, 0x1C, 0x0E, 0xFF, 0x42, 0xD7,
    0x50, 0xE0, 0x68, 0x2D, 0x95, 0xC7, 0x8D, 0x76, 0x60, 0x5A, 0xB0, 0x5B, 0x26, 0x22, 0xCA, 0x85,
    0xAF, 0x61, 0xBF, 0x98, 0x5A, 0x76, 0x05, 0x79, 0x8C, 0x8A, 0x81, 0x69, 0xB8, 0xB3, 0x38, 0x16,
    0x8A, 0xAF, 0x3E, 0x41, 0x68, 0xC8, 0x03, 0xE4, 0x06, 0xFA, 0x8B, 0x2F, 0x79, 0x5A, 0x66, 0x4E,
    0xA5, 0x12, 0x81, 0x4C, 0x62, 0x55, 0x29, 0x1D, 0x06, 0x6B, 0x07, 0x81, 0xD8, 0x62, 0xB8, 0x09,
    0x36, 0x4A, 0x71, 0x06, 0xB5, 0xC0, 0x2B, 0x10, 0xA8, 0xAE, 0x2E, 0x25, 0x53, 0xA3, 0xD0, 0x6A,
    0x13, 0x2A, 0x74, 0x2A, 0x17, 0x01, 0xB8, 0xD2, 0x25, 0xDA, 0x6A, 0x04, 0x92, 0x1D, 0x00, 0x62,
    0xFC, 0xBB, 0x54, 0x38, 0x95, 0x92, 0x03, 0x1F, 0x84, 0xDC, 0x68, 0xF4, 0xCA, 0x0D, 0x56, 0x55,
    0x0A, 0xF8, 0xC7, 0x32, 0x67, 0x7A, 0x94, 0x8E, 0x1B, 0x60, 0x8F, 0x42, 0x26, 0x18, 0x7A, 0x14,
    0x16, 0xC7, 0x02, 0xAE, 0x42, 0x23, 0xD1, 0x0A, 0x5C, 0xDA, 0xA8, 0x49, 0xE9, 0x85, 0xBA, 0x42,
    0x59, 0x98, 0x1F, 0x65, 0x3B, 0x0F, 0x4E, 0x28, 0x42, 0x12, 0x95, 0x7E, 0x96, 0x84, 0xA9, 0x81,
    0xEA, 0x74, 0x30, 0x5D, 0x4A, 0x00, 0x07, 0xB9, 0x20, 0x8A, 0x60, 0x8C, 0x9D, 0x08, 0x19, 0x92,
    0xFF, 0xD4, 0xA2, 0x20, 0x10, 0x92, 0x0D, 0x26, 0x18, 0xEA, 0x06, 0x36, 0x75, 0x28, 0x95, 0x2A,
    0xC2, 0x0B, 0x1B, 0x50, 0x42, 0x89, 0x28, 0x08, 0x2C, 0x65, 0x44, 0x06, 0x0D, 0xA8, 0x05, 0xE5,
    0x95, 0x94, 0x31, 0x16, 0x9F, 0x84, 0x32, 0x50, 0x20, 0x3C, 0xCA, 0x8C, 0x07, 0x8B, 0x4F, 0x83,
    0x0D, 0x20, 0xF0, 0xCE, 0x8A, 0x07, 0x8A, 0x98, 0x8A, 0x56, 0x40, 0xC0, 0xDA, 0x7E, 0x18, 0x1A,
    0x00, 0x86, 0x61, 0x80, 0xAD, 0x00, 0xCE, 0xF2, 0xB0, 0x04, 0x9A, 0xD4, 0x11, 0x70, 0xD4, 0x03,
    0x54, 0xAF, 0x80, 0xDA, 0x80, 0x46, 0xBF, 0xFC, 0x09, 0xF2, 0x0E, 0xA5, 0x51, 0xFD, 0x30, 0xBC,
    0xD6, 0x86, 0x1D, 0x4A, 0x01, 0x9E, 0x60, 0x46, 0x9D, 0x08, 0x3A, 0x74, 0x88, 0x85, 0x82, 0x53,
    0xD0, 0xBC, 0xDA, 0x82, 0x1D, 0x2A, 0x44, 0x82, 0x37, 0x20, 0x40, 0xC8, 0x5C, 0x14, 0x00, 0x64,
    0xC2, 0xED, 0x3A, 0x01, 0x0E, 0xEC, 0x01, 0xD9, 0x81, 0xB2, 0x73, 0xF0, 0xBA, 0x50, 0x10, 0x93,
    0xB0, 0x04, 0x72, 0x93, 0xE0, 0x33, 0x48, 0x2B, 0x93, 0x02, 0x94, 0xC0, 0x97, 0x20, 0xB8, 0xC8,
    0x39, 0x13, 0x03, 0x6C, 0x80, 0x29, 0x20, 0x7E, 0xC8, 0x0B, 0xD7, 0x01, 0x1C, 0x83, 0x89, 0x3B,
    0x00, 0x07, 0x28, 0x16, 0xFA, 0xD0, 0x43, 0x87, 0x2B, 0x15, 0x2D, 0x1E, 0x93, 0x0B, 0x64, 0xE8,
    0x44, 0x37, 0xA5, 0x92, 0x97, 0x3E, 0x02, 0x45, 0x45, 0x53, 0x4B, 0x3D, 0x2E, 0x78, 0x44, 0xD9,
    0x42, 0x00, 0xBD, 0x2C, 0xB0, 0x11, 0xEC, 0x05, 0xD9, 0xE6, 0x80, 0xBB, 0x60, 0x24, 0x5E, 0x82,
    0x16, 0x79, 0x81, 0x76, 0x56, 0x30, 0x3B, 0xD0, 0x2C, 0xF4, 0x16, 0x8D, 0x41, 0x0F, 0x40, 0x6B,
    0xCE, 0x80, 0x1B, 0xCA, 0x57, 0xE9, 0x74, 0x5A, 0xA9, 0x61, 0x67, 0x5E, 0x07, 0x44, 0x80, 0x9B,
    0x20, 0x29, 0x48, 0x09, 0xB7, 0x9F, 0x06, 0xFA, 0xC0, 0x4D, 0xA8, 0x58, 0xA7, 0x3F, 0x0D, 0xE5,
    0x28, 0x15, 0x08, 0x94, 0x32, 0x63, 0x1D, 0xA9, 0x4B, 0xE8, 0x34, 0x18, 0x3C, 0x3E, 0xC3, 0x20,
    0xC0, 0x4C, 0xB2, 0x54, 0x48, 0x35, 0xD2, 0x01, 0x5E, 0x85, 0x48, 0x31, 0x71, 0xDA, 0x9D, 0x36,
    0xC7, 0x56, 0x99, 0x55, 0x21, 0x4F, 0x2B, 0xFA, 0xB9, 0xA9, 0x15, 0x29, 0x0C, 0xA5, 0x51, 0x38,
    0x6C, 0x43, 0x25, 0x45, 0xFC, 0x53, 0xA5, 0x20, 0x28, 0x97, 0xF0, 0x1D, 0x32, 0xC7, 0x81, 0xB2,
    0xD0, 0x0A, 0x74, 0xA8, 0x1F, 0x12, 0x02, 0x3C, 0x81, 0xEF, 0x29, 0xE5, 0x34, 0x1E, 0x73, 0x81,
    0x81, 0xBE, 0x54, 0x11, 0xA0, 0xD2, 0x7B, 0x4D, 0x08, 0x84, 0x80, 0x1D, 0x2A, 0x10, 0x60, 0x28,
    0x06, 0xE9, 0xC1, 0x02, 0xFF, 0x2A, 0x18, 0xE7, 0xE4, 0x06, 0xC9, 0x00, 0x56, 0x90, 0x50, 0xAA,
    0x4B, 0x2C, 0x06, 0xB9, 0xD3, 0x6C, 0x60, 0x14, 0x90, 0x54, 0xF3, 0x45, 0xA6, 0xD8, 0x80, 0x1D,
    0x28, 0x30, 0x1A, 0xE5, 0x41, 0x17, 0x14, 0xE9, 0xA1, 0x42, 0x90, 0x1E, 0xA9, 0x8D, 0x08, 0x4C,
    0xE9, 0xA1, 0x18, 0x98, 0x07, 0x24, 0x06, 0xA9, 0x8F, 0xB6, 0x89, 0xA5, 0x9C, 0x0C, 0x20, 0xF5,
    0x00, 0xA5, 0x20, 0xA0, 0x7F, 0x96, 0x48, 0x20, 0xB3, 0x01, 0x15, 0x82, 0xA1, 0x40, 0x23, 0xCA,
    0x78, 0x03, 0x29, 0x81, 0x06, 0x50, 0x60, 0x7C, 0x4A, 0xCC, 0x05, 0xEA, 0x40, 0x80, 0x8F, 0x2A,
    0x00, 0x53, 0xE7, 0x4B, 0xA0, 0x01, 0x1E, 0x90, 0x00, 0xA8, 0xCA, 0x82, 0x15, 0x1A, 0x50, 0x80,
    0xBB, 0x33, 0xE9, 0xCA, 0x52, 0x15, 0x3A, 0x50, 0x82, 0xA7, 0x3A, 0x5D, 0x10, 0x02, 0x34, 0xFE,
    0x86, 0x7E, 0x99, 0x10, 0xAA, 0x4C, 0x04, 0xF4, 0xFF, 0xD1, 0xBF, 0xA0, 0x3D, 0x90, 0x55, 0x6B,
    0x01, 0x04, 0x34, 0x82, 0xAD, 0x40, 0x25, 0x4C, 0x07, 0xD4, 0x81, 0x05, 0x5A, 0x81, 0x9E, 0x90,
    0x13, 0xAE, 0x03, 0xF9, 0x06, 0x7A, 0xC0, 0x4F, 0x90, 0x19, 0x27, 0x06, 0x0A, 0xB4, 0xA7, 0xE0,
    0x2F, 0x90, 0x55, 0x29, 0x45, 0x82, 0x1D, 0x7A, 0x53, 0xE0, 0x09, 0xD2, 0x06, 0x12, 0x19, 0x4F,
    0x80, 0x9B, 0x2B, 0x28, 0x13, 0x64, 0x02, 0x49, 0xC0, 0x43, 0x3F, 0x42, 0x42, 0xCE, 0x84, 0x03,
    0xBA, 0x81, 0x36, 0x41, 0x57, 0x9D, 0x00, 0x0D, 0xB2, 0x02, 0x6E, 0x43, 0x47, 0x3C, 0x90, 0x55,
    0xE6, 0x05, 0xFA, 0x7F, 0x8F, 0x61, 0x20, 0x84, 0xCC, 0x1A, 0x53, 0x02, 0x5D, 0x42, 0x13, 0x20,
    0x0A, 0x52, 0x04, 0x15, 0x8A, 0x50, 0xC2, 0xB1, 0x50, 0x45, 0xD8, 0x2B, 0x34, 0x07, 0x5D, 0x80,
    0x95, 0x20, 0x62, 0x48, 0x09, 0x32, 0x01, 0xED, 0x20, 0xA0, 0xE9, 0xA8, 0x16, 0x24, 0x04, 0xCA,
    0x81, 0x82, 0x64, 0x82, 0x9C, 0xFC, 0x0C, 0x14, 0x80, 0x86, 0x8A, 0x99, 0x90, 0x75, 0x50, 0x01,
    0xF3, 0x02, 0x65, 0xE7, 0xC0, 0xED, 0xAA, 0x1B, 0x69, 0xFD, 0x02, 0x54, 0x81, 0xD7, 0x60, 0xAB,
    0x64, 0x07, 0x74, 0x02, 0x6C, 0xC3, 0x4D, 0x32, 0x3E, 0x4C, 0x09, 0xBB, 0xA0, 0x81, 0x32, 0x80,
    0x62, 0x9C, 0x0C, 0x26, 0xFA, 0x82, 0x84, 0x9E, 0x81, 0x36, 0xC0, 0x69, 0x6A, 0x13, 0x5A, 0x00,
    0x96, 0x60, 0x4C, 0x98, 0x4D, 0xAC, 0x0B, 0xEB, 0x40, 0xC0, 0xB7, 0x20, 0x9B, 0xD4, 0x09, 0x93,
    0x80, 0x04, 0xDE, 0xE0, 0x49, 0x98, 0x14, 0xA4, 0x13, 0x89, 0xD0, 0x02, 0x71, 0x60, 0x32, 0x48,
    0x09, 0x94, 0x09, 0xBD, 0x81, 0xD7, 0x30, 0x30, 0x48, 0x27, 0x14, 0x07, 0x65, 0x85, 0x15, 0x40,
    0x76, 0x60, 0x09, 0x52, 0x03, 0x1D, 0x01, 0xD7, 0x30, 0x1E, 0xCE, 0x0A, 0x08, 0xAA, 0x01, 0x32,
    0x73, 0xD0, 0x31, 0x50, 0x27, 0x73, 0xA0, 0x84, 0xEE, 0xC0, 0x62, 0x98, 0x4E, 0xE4, 0x04, 0xD9,
    0x04, 0xF3, 0x40, 0x4B, 0x90, 0x4E, 0xF7, 0x43, 0x09, 0xDD, 0x80, 0x4B, 0x30, 0x26, 0xCC, 0x27,
    0x7B, 0x01, 0xBC, 0xC2, 0x77, 0x31, 0x48, 0xC8, 0x27, 0x74, 0x02, 0x7D, 0x82, 0x77, 0xE1, 0x24,
    0x48, 0x09, 0xD4, 0x06, 0x4C, 0xC2, 0x77, 0x59, 0xF8, 0x4E, 0xFD, 0x3E, 0x09, 0xDD, 0x83, 0x17,
    0x90, 0x9D, 0xCC, 0x31, 0x77, 0x83, 0x84, 0xF6, 0x60, 0x1D, 0xA0, 0xA4, 0xA6, 0x18, 0xAC, 0x84,
    0xF2, 0x74, 0x10, 0x9E, 0x58, 0x31, 0x57, 0x07, 0x7C, 0xE8, 0x41, 0x3C, 0xA8, 0x4E, 0xEC, 0x18,
    0x9A, 0xD1, 0x80, 0x31, 0x40, 0x9D, 0xD0, 0x1D, 0xD8, 0x09, 0xE6, 0x41, 0x93, 0x51, 0x4A, 0xE4,
    0x09, 0x97, 0x01, 0xBC, 0xCB, 0x83, 0x30, 0xC4, 0x6C, 0x27, 0xD4, 0x05, 0x5C, 0xC0, 0x95, 0x20,
    0x9D, 0xE6, 0x7C, 0x13, 0xBB, 0x58, 0x91, 0x11, 0x40, 0x9E, 0x6C, 0x31, 0x3A, 0x02, 0x5C, 0x82,
    0x77, 0x80, 0x64, 0xD0, 0x1D, 0xF3, 0x08, 0xB4, 0xC1, 0x41, 0x30, 0x9E, 0x54, 0x0C, 0x73, 0x09,
    0xE5, 0x68, 0x41, 0x3C, 0xFD, 0x1E, 0x86, 0x18, 0x9C, 0x04, 0xF3, 0xE2, 0x4E, 0x98, 0x4F, 0x26,
    0x16, 0x29, 0x89, 0xCB, 0x21, 0x89, 0xC9, 0x6D, 0x26, 0x18, 0x9A, 0x84, 0xF2, 0x73, 0xF0, 0x9E,
    0x54, 0x27, 0x7B, 0x00, 0xAD, 0x02, 0x79, 0x79, 0xF0, 0x9D, 0x6F, 0x0B, 0x81, 0x5C, 0x60, 0x92,
    0xEC, 0x05, 0x02, 0x0B, 0x72, 0x81, 0x47, 0xE0, 0xB3, 0x1D, 0x65, 0x0E, 0x6F, 0x64, 0x80, 0x57,
    0x61, 0x91, 0xF8, 0x65, 0x33, 0x5D, 0x55, 0x47, 0x3C, 0xC2, 0x93, 0x71, 0x1A, 0xD8, 0x50, 0x56,
    0x02, 0xBD, 0x42, 0x95, 0x60, 0x22, 0x4B, 0x18, 0x0F, 0xCA, 0x06, 0x5B, 0x36, 0x30, 0xCB, 0x7C,
    0x29, 0x38, 0xA1, 0x85, 0x26, 0x74, 0xDB, 0x18, 0xC7, 0x28, 0x14, 0x9D, 0x53, 0x14, 0x07, 0x30,
    0xA5, 0x62, 0x99, 0xB4, 0x06, 0xAD, 0x00, 0xB7, 0x21, 0x43, 0xDE, 0x99, 0xB7, 0xA6, 0xD8, 0x60,
    0x50, 0x28, 0x94, 0x12, 0x47, 0x80, 0x9A, 0xC1, 0x6D, 0x50, 0x28, 0x1C, 0x02, 0x2B, 0x05, 0x93,
    0x6B, 0x27, 0x13, 0x7A, 0xC4, 0x32, 0x2B, 0x07, 0x89, 0x40, 0xA8, 0xFA, 0xEA, 0x81, 0x0E, 0xE6,
    0x15, 0xAB, 0x05, 0x66, 0xB4, 0xCD, 0xD0, 0x20, 0xE8, 0x15, 0xA9, 0x05, 0x66, 0xB4, 0xCD, 0xF0,
    0x56, 0xB0, 0x1A, 0x9A, 0x53, 0x15, 0xFF, 0x40, 0x87, 0x4C, 0x2B, 0x55, 0xA6, 0x71, 0x03, 0x55,
    0x60, 0xAD, 0xC8, 0x2B, 0x55, 0xA6, 0x71, 0xC2, 0x97, 0x68, 0x28, 0x56, 0xAB, 0x4C, 0xE5, 0x01,
    0x86, 0xE1, 0x5A, 0xAD, 0x33, 0x9C, 0x1A, 0xBB, 0x05, 0x6E, 0x94, 0xCE, 0x8D, 0x40, 0x0D, 0x13,
    0x0A, 0xEC, 0xF6, 0x21, 0x5D, 0xAD, 0x33, 0xA9, 0x4D, 0xB2, 0x2D, 0x2B, 0xF4, 0x29, 0xBD, 0x8E,
    0x01, 0x5C, 0x86, 0x2D, 0x2A, 0xAF, 0x16, 0x95, 0x1D, 0x3C, 0xB2, 0x93, 0x05, 0xC2, 0xDB, 0x40,
    0xB8, 0x4E, 0x99, 0xD7, 0x09, 0x1E, 0x03, 0x7F, 0x3D, 0xB8, 0x19, 0x67, 0x4C, 0xED, 0x86, 0xFE,
    0xDF, 0xCA, 0x3E, 0xE8, 0x0C, 0xB3, 0xA6, 0x77, 0x80, 0xC9, 0x5A, 0x3E, 0xF9, 0x9A, 0xF2, 0x58,
    0x54, 0xC2, 0xE3, 0x5E, 0x08, 0x5C, 0x67, 0x4C, 0xF2, 0xD3, 0x6C, 0x0B, 0x53, 0xA0, 0x6F, 0xEB,
    0xC4, 0x2E, 0x65, 0x36, 0x34, 0xCF, 0x40, 0x5C, 0xF1, 0xC7, 0x0B, 0x9D, 0x36, 0x94, 0xC5, 0x86,
    0x4C, 0x2E, 0x73, 0xE5, 0x05, 0xCE, 0x9B, 0x7A, 0x67, 0xBC, 0x56, 0x75, 0xA3, 0xF3, 0x80, 0xCB,
    0x2D, 0xD5, 0x33, 0xE4, 0x26, 0x6C, 0x74, 0x42, 0xEF, 0x4D, 0xF5, 0x33, 0xEA, 0x1C, 0x4B, 0x40,
    0xA8, 0xFD, 0x40, 0xBB, 0xD3, 0x83, 0x4C, 0xFC, 0x87, 0x17, 0x9D, 0x70, 0xBC, 0xD3, 0x89, 0x4C,
    0xFE, 0x05, 0xEA, 0x9F, 0xCA, 0x3F, 0x6C, 0x2F, 0x54, 0xE3, 0xD3, 0x3F, 0xE0, 0x1B, 0x9D, 0x1F,
    0xBC, 0x17, 0xAA, 0x72, 0xA9, 0x90, 0x3A, 0xAC, 0x2C, 0x57, 0x3A, 0xF0, 0x85, 0xF2, 0x9C, 0xEA,
    0x64, 0x1C, 0x39, 0x7A, 0xF2, 0x83, 0xD6, 0x5D, 0x1A, 0x64, 0x28, 0x2D, 0x36, 0x81, 0xD1, 0xFD,
    0x03, 0x08, 0xA7, 0x52, 0x98, 0x98, 0x19, 0x84, 0x9A, 0x7E, 0xB0, 0xC0, 0x53, 0xAF, 0x4C, 0x88,
    0xD3, 0x6C, 0x11, 0xF8, 0x3D, 0xC6, 0x04, 0x15, 0x1B, 0x42, 0x28, 0xFE, 0xF0, 0xC2, 0xD3, 0xB6,
    0x18, 0x5C, 0x7C, 0x83, 0x0B, 0x4E, 0xF0, 0xE0, 0x6F, 0x47, 0xFA, 0x81, 0x66, 0x5E, 0x10, 0x9D,
    0x58, 0x25, 0x53, 0xFC, 0x86, 0x1E, 0x9E, 0x50, 0x9D, 0x50, 0x30, 0xF7, 0xFE, 0x06, 0x1E, 0x9E,
    0x80, 0x9E, 0xC8, 0x3A, 0xB5, 0xFF, 0x9B, 0x82, 0x9E, 0xB0, 0x9E, 0x4A, 0xCB, 0x52, 0x83, 0x05,
    0xFA, 0xD0, 0x3A, 0x84, 0x2C, 0x23, 0xF4, 0xF7, 0xD3, 0x16, 0x81, 0x40, 0xBF, 0xDA, 0x0E, 0x17,
    0xFA, 0x7C, 0x82, 0x63, 0x2B, 0x25, 0x3E, 0x1E, 0xA5, 0xBA, 0x01, 0x76, 0x70, 0xA0, 0xEE, 0xD3,
    0xEB, 0x4C, 0xE0, 0xD3, 0x6C, 0x75, 0x38, 0x75, 0x46, 0x17, 0x15, 0x82, 0x44, 0xA0, 0x21, 0x54,
    0xB0, 0x19, 0x24, 0x18, 0xAA, 0x7E, 0x42, 0x75, 0x68, 0x35, 0x1A, 0x12, 0x2D, 0x4A, 0x7F, 0x02,
    0x73, 0x20, 0x6A, 0x56, 0x0C, 0x32, 0x2A, 0x7F, 0xC2, 0x73, 0x20, 0xF3, 0x58, 0x31, 0x74, 0x5A,
    0x74, 0xD8, 0x73, 0x42, 0xD8, 0x4C, 0x12, 0x92, 0x83, 0xD3, 0x3A, 0x21, 0xE8, 0xB4, 0x24, 0x22,
    0xF2, 0x87, 0x05, 0xF2, 0x90, 0xA0, 0x9D, 0xCA, 0xC4, 0x14, 0x5A, 0x0B, 0x62, 0x7B, 0x10, 0x30,
    0xD2, 0x1C, 0x12, 0xBB, 0x81, 0x82, 0x5B, 0x40, 0x2F, 0xD2, 0x23, 0x4C, 0x61, 0xC4, 0xE0, 0x34,
    0xE8, 0x50, 0x47, 0x25, 0xB7, 0x0C, 0x05, 0x22, 0xA1, 0x2B, 0x95, 0x92, 0xAC, 0xB4, 0x8F, 0xAD,
    0x22, 0xB8, 0xB8, 0xE5, 0x4D, 0x69, 0x13, 0x85, 0xFC, 0x6E, 0x39, 0x39, 0x75, 0x8E, 0x81, 0x23,
    0xB9, 0x40, 0x61, 0xD6, 0x03, 0x04, 0x4B, 0x0F, 0x43, 0x82, 0xD9, 0x20, 0x55, 0xD8, 0x44, 0x7E,
    0x25, 0x71, 0xCA, 0xD3, 0x34, 0x35, 0x59, 0x74, 0x17, 0xE3, 0x17, 0xC9, 0xCA, 0x2C, 0x73, 0xA9,
    0x1C, 0x22, 0xC0, 0x4D, 0xD9, 0x61, 0xE7, 0xB0, 0x5B, 0x74, 0x0A, 0x35, 0x11, 0x8B, 0xE5, 0x29,
    0x38, 0x3A, 0x94, 0x9E, 0x29, 0x14, 0x88, 0xE5, 0xA8, 0xD8, 0x3A, 0x7C, 0xAE, 0x27, 0x14, 0x88,
    0x65, 0xA8, 0xB3, 0x6A, 0x74, 0xB8, 0x07, 0x92, 0x9D, 0xD1, 0xB1, 0x41, 0x66, 0x96, 0x3A, 0x93,
    0x8A, 0x34, 0xDD, 0x34, 0xF4, 0xDB, 0x2B, 0x86, 0xE6, 0xE1, 0xAD, 0xDD, 0x60, 0x0E, 0x1B, 0x94,
    0x2E, 0x31, 0x1E, 0x67, 0x6C, 0xE0, 0x96, 0x18, 0xB4, 0x7E, 0x73, 0x57, 0xB6, 0x40, 0x20, 0xF2,
    0x18, 0xCC, 0x16, 0x55, 0x74, 0x9E, 0x49, 0xAD, 0xB0, 0x0A, 0xCC, 0x3A, 0x33, 0x0B, 0x8B, 0x47,
    0xA9, 0x19, 0x3A, 0x8C, 0xCE, 0x05, 0x01, 0x89, 0x52, 0x24, 0x7A, 0x69, 0xAC, 0x92, 0xD5, 0x01,
    0x8A, 0xC2, 0x24, 0xDD, 0xA9, 0xC4, 0x4A, 0xD7, 0x01, 0xAC, 0x42, 0x22, 0xB0, 0xB8, 0x95, 0x1E,
    0x8F, 0x93, 0xA8, 0x49, 0xDA, 0xE5, 0xF6, 0xB9, 0x52, 0x09, 0x1D, 0x80, 0xB1, 0x92, 0xD3, 0xFA,
    0x36, 0x44, 0xBA, 0x52, 0xC8, 0x9A, 0x12, 0x4D, 0xC5, 0x9D, 0x0A, 0x8D, 0x95, 0x2D, 0xE4, 0x98,
    0x4D, 0x3C, 0xB5, 0x31, 0xB3, 0x33, 0xA1, 0xD1, 0xB2, 0xC5, 0x7A, 0x93, 0x41, 0x24, 0x10, 0x59,
    0x65, 0xE9, 0x39, 0x70, 0x29, 0x48, 0x22, 0xB3, 0xA2, 0x51, 0xB3, 0x00, 0x19, 0x93, 0x2B, 0xE7,
    0x93, 0xA6, 0x6C, 0x98, 0xCB, 0x3A, 0x36, 0x64, 0xB5, 0x92, 0xCC, 0xAC, 0xF2, 0x59, 0x26, 0x32,
    0x52, 0x8D, 0x46, 0xCD, 0x96, 0x36, 0x4C, 0x5B, 0x9E, 0x44, 0x24, 0x72, 0x63, 0x24, 0xE8, 0xB4,
    0x6C, 0xD1, 0x83, 0xA5, 0x9A, 0x5A, 0xFC, 0xB1, 0xF4, 0xCD, 0x9D, 0x37, 0x6F, 0x53, 0x89, 0x54,
    0x62, 0x70, 0xCB, 0x0C, 0x76, 0x3F, 0x2F, 0xB1, 0xD0, 0x6A, 0xF6, 0x28, 0x04, 0x3E, 0x42, 0x04,
    0xB9, 0x5D, 0x28, 0x92, 0x6A, 0xF4, 0x3A, 0x41, 0x0B, 0x8E, 0xC7, 0x9F, 0xFB, 0x6C, 0xC9, 0x7C,
    0xE5, 0x99, 0xA5, 0x6A, 0xE9, 0x9B, 0x20, 0x1B, 0xD6, 0x93, 0x98, 0xA5, 0xE4, 0x1D, 0x6F, 0x36,
    0x8F, 0x53, 0x24, 0xEC, 0x5A, 0x00, 0xA6, 0x79, 0x20, 0x14, 0xCB, 0x5A, 0x04, 0x29, 0x6C, 0xDD,
    0x8B, 0x4A, 0x1D, 0x1B, 0x2E, 0x04, 0x39, 0x65, 0xC0, 0x87, 0x20, 0x29, 0xD6, 0x83, 0x46, 0xCA,
    0x01, 0x4E, 0x59, 0x45, 0xBF, 0xD3, 0x5C, 0xF5, 0xAB, 0x64, 0x40, 0xDF, 0x26, 0x40, 0x4F, 0x2F,
    0x4C, 0xD6, 0x3C, 0x1E, 0x93, 0xDA, 0x36, 0x34, 0xC9, 0x92, 0xC6, 0xAD, 0x82, 0x59, 0x5A, 0x66,
    0xA9, 0xE3, 0x14, 0x9D, 0xD1, 0xB1, 0x60, 0x11, 0x96, 0x2D, 0x72, 0x34, 0xD4, 0x3F, 0xEA, 0x71,
    0xB8, 0x64, 0x62, 0x3F, 0x4A, 0xA0, 0xD4, 0xD5, 0xC1, 0x39, 0xED, 0x1B, 0x1C, 0x02, 0x89, 0x63,
    0x80, 0x71, 0x2D, 0x50, 0x09, 0xAD, 0x93, 0x01, 0x34, 0xA8, 0x47, 0x3C, 0x96, 0xB0, 0x03, 0xB4,
    0xA1, 0x00, 0xE2, 0x59, 0x20, 0x1C, 0x4A, 0x86, 0x74, 0xD9, 0x6B, 0xC0, 0x5F, 0x4A, 0x20, 0x12,
    0x65, 0x90, 0x02, 0x4C, 0xA8, 0x40, 0x7C, 0x96, 0xC4, 0x08, 0x34, 0x04, 0x74, 0xF1, 0xF4, 0x9C,
    0xDD, 0x30, 0x11, 0x73, 0x03, 0x65, 0x29, 0x54, 0x10, 0x49, 0xCB, 0x64, 0xFC, 0xAB, 0x65, 0x01,
    0x27, 0x2C, 0xA5, 0x2A, 0x80, 0x02, 0x89, 0x6B, 0xC0, 0xE5, 0x4A, 0x00, 0x0C, 0x65, 0x92, 0x01,
    0x8C, 0xA7, 0xE0, 0x39, 0x96, 0xB1, 0xE7, 0x16, 0xC7, 0x00, 0xEA, 0x58, 0xEA, 0x54, 0xF8, 0x09,
    0xF2, 0xD5, 0x53, 0x68, 0x35, 0x38, 0x94, 0x66, 0x19, 0x16, 0x8F, 0xD2, 0x35, 0xD5, 0x19, 0x94,
    0x82, 0x19, 0x1D, 0x8F, 0xB1, 0xFA, 0x53, 0x30, 0x08, 0xCA, 0x79, 0x46, 0xC5, 0xD2, 0x71, 0x60,
    0xE1, 0x96, 0xA2, 0x9A, 0x84, 0x79, 0x81, 0xC6, 0x7A, 0xF0, 0x38, 0xCA, 0x7F, 0x4C, 0xD4, 0xD3,
    0x50, 0x5B, 0x39, 0xFD, 0x1B, 0x21, 0x48, 0xD8, 0x52, 0x72, 0x00, 0x32, 0x90, 0x3E, 0xA5, 0x4D,
    0x3C, 0x4C, 0xE8, 0x34, 0x6C, 0x9D, 0x27, 0x26, 0x04, 0x39, 0x65, 0x29, 0x8E, 0xB6, 0x98, 0x28,
    0xE7, 0xAF, 0x07, 0xB4, 0xB2, 0x60, 0x58, 0x90, 0x07, 0xE6, 0x0B, 0x49, 0xEB, 0x81, 0x69, 0x2A,
    0x10, 0x14, 0xE5, 0xB3, 0xA6, 0xA4, 0x02, 0x74, 0x40, 0x67, 0xCB, 0x5A, 0x0C, 0xF9, 0x01, 0xCE,
    0x7B, 0x2A, 0x69, 0xF2, 0xE6, 0x11, 0xC9, 0xEB, 0x02, 0x39, 0x20, 0x39, 0xCF, 0x61, 0x4D, 0x3F,
    0x2C, 0xE8, 0x14, 0x6C, 0x95, 0x23, 0x57, 0x49, 0xC9, 0x00, 0xAA, 0x59, 0x0A, 0x66, 0xB6, 0x9B,
    0x8F, 0xAA, 0x43, 0xEA, 0x31, 0x2A, 0xB3, 0x97, 0xBE, 0xE5, 0xEA, 0xE3, 0x63, 0x15, 0x30, 0xB8,
    0x4A, 0x5C, 0xF2, 0x2F, 0xBC, 0x8A, 0x90, 0xD7, 0x90, 0xCE, 0x09, 0x02, 0x8B, 0x41, 0x24, 0xF8,
    0x09, 0xCC, 0x16, 0xD9, 0x02, 0x83, 0xC0, 0x02, 0xFD, 0x2D, 0x64, 0xF2, 0x6F, 0x59, 0x86, 0x46,
    0x60, 0xF1, 0x68, 0x10, 0x1E, 0xA4, 0x16, 0x19, 0xCF, 0xA8, 0xD8, 0xFA, 0x4E, 0x3E, 0x99, 0xAB,
    0x03, 0xDD, 0x31, 0x94, 0x96, 0x71, 0x48, 0x72, 0x92, 0xD4, 0x53, 0x50, 0xF3, 0x39, 0xE8, 0x38,
    0xA5, 0x43, 0x03, 0xD4, 0x80, 0xA1, 0x30, 0x3D, 0x4A, 0x92, 0xF3, 0xA9, 0xEA, 0xC0, 0xC1, 0x40,
    0x3C, 0x57, 0x5E, 0x10, 0xB9, 0x01, 0xC2, 0x61, 0x73, 0x90, 0x5C, 0xA5, 0xAE, 0x1C, 0x04, 0xB6,
    0x14, 0xDC, 0xAD, 0x44, 0x43, 0x73, 0xA2, 0x81, 0xC2, 0x5B, 0x10, 0x38, 0x4B, 0x5A, 0x36, 0x19,
    0x6C, 0xA9, 0xA8, 0xE2, 0x95, 0x23, 0x68, 0x13, 0xC9, 0x4F, 0xC0, 0xFF, 0x20, 0x50, 0x4C, 0x31,
    0x73, 0xDB, 0x80, 0x62, 0x5A, 0xB1, 0xBC, 0xCB, 0x61, 0x4D, 0xCA, 0x06, 0xC7, 0xE1, 0xB1, 0xDD,
    0x52, 0x24, 0x1D, 0xC9, 0xC9, 0xEC, 0x61, 0xDD, 0xD8, 0x77, 0x25, 0x0D, 0xA4, 0x50, 0x6A, 0x21,
    0x28, 0x98, 0x10, 0xE8, 0x0B, 0xAA, 0x03, 0x2A, 0x74, 0x20, 0x65, 0x48, 0x06, 0x53, 0x03, 0x2C,
    0xC1, 0xB5, 0x3A, 0x18, 0x36, 0xA4, 0x04, 0x09, 0xEA, 0x5C, 0x31, 0x40, 0x37, 0x48, 0x02, 0x12,
    0xC6, 0x01, 0x4E, 0x9A, 0x80, 0xDA, 0x50, 0x0F, 0x94, 0x03, 0x14, 0xB5, 0x61, 0xB2, 0xA0, 0x2E,
    0x27, 0x41, 0x05, 0xC4, 0xB6, 0x00, 0x72, 0x96, 0xB5, 0xC2, 0xF4, 0x06, 0x54, 0xE8, 0x00, 0xCA,
    0x96, 0xC4, 0x10, 0x52, 0xD7, 0xB8, 0x5E, 0x80, 0xDC, 0x9C, 0xFC, 0x0D, 0x72, 0x00, 0x8C, 0xF6,
    0x54, 0xDD, 0xF0, 0x3B, 0xAD, 0x3E, 0x07, 0x74, 0xB5, 0xE0, 0x2A, 0x96, 0xCE, 0x9B, 0xC1, 0xA8,
    0xC4, 0x87, 0x97, 0x20, 0x26, 0x4C, 0x20, 0x52, 0x0D, 0x2C, 0xC2, 0x03, 0x2E, 0x23, 0xA5, 0xE8,
    0x1A, 0x69, 0xCF, 0xC2, 0x9B, 0x2D, 0x6D, 0x2C, 0x13, 0x53, 0x78, 0x5C, 0xC0, 0xB1, 0x3A, 0x00,
    0x16, 0x29, 0xB0, 0x09, 0x1C, 0xB9, 0x40, 0x59, 0xB5, 0x04, 0x0B, 0x32, 0xD5, 0x82, 0xE6, 0x42,
    0xD1, 0x98, 0x69, 0x64, 0x14, 0x39, 0x6B, 0xC0, 0xAD, 0x27, 0x06, 0x4C, 0x2B, 0x93, 0xA1, 0x05,
    0x72, 0x5A, 0xCA, 0x5E, 0xB8, 0x2B, 0x92, 0x70, 0x6C, 0xC2, 0xDD, 0x3A, 0x18, 0x5B, 0xA5, 0xAD,
    0xA5, 0xEB, 0x40, 0x41, 0x27, 0x06, 0xCC, 0x30, 0x13, 0xA1, 0x00, 0xCA, 0x5A, 0xEA, 0x5E, 0xB0,
    0x0B, 0x12, 0x16, 0x7C, 0xC4, 0x6D, 0x3A, 0x08, 0x8D, 0xA9, 0xAB, 0x02, 0x2C, 0xBB, 0xD5, 0x48,
    0x94, 0x82, 0x0A, 0xFD, 0x1A, 0x86, 0x96, 0xA2, 0x33, 0x96, 0xC0, 0x34, 0xB7, 0x02, 0x34, 0xB3,
    0x00, 0x1B, 0x90, 0x23, 0x26, 0x02, 0x39, 0x81, 0x5A, 0x7A, 0xF0, 0x16, 0x4B, 0x5E, 0x03, 0x4B,
    0x4F, 0x80, 0x69, 0x2D, 0x70, 0x0F, 0x65, 0xAC, 0x05, 0x35, 0x00, 0x8D, 0x20, 0xF2, 0x4B, 0x5E,
    0x04, 0x49, 0x00, 0x5E, 0x61, 0xFA, 0x9C, 0xFC, 0x3F, 0x52, 0x03, 0x2C, 0xF5, 0x00, 0xA6, 0xA0,
    0x19, 0x67, 0x40, 0xA4, 0xE3, 0x48, 0x39, 0x2D, 0x48, 0x29, 0x68, 0x07, 0x69, 0xD0, 0x40, 0xED,
    0x2D, 0x58, 0x1D, 0xA8, 0x0A, 0x59, 0x82, 0x22, 0x60, 0x55, 0x90, 0x21, 0xE9, 0xBE, 0xA9, 0xC3,
    0xA0, 0x93, 0x18, 0xB5, 0x4A, 0x4F, 0x41, 0x9C, 0xC1, 0xED, 0x90, 0x18, 0x3D, 0x86, 0x33, 0x80,
    0x95, 0x64, 0xA7, 0x90, 0x6A, 0xCC, 0x2A, 0x33, 0x89, 0x16, 0x7C, 0xA5, 0xF0, 0x5B, 0x0C, 0x5E,
    0x3F, 0x3A, 0xAB, 0xD8, 0x60, 0x10, 0x89, 0x0B, 0x98, 0xA5, 0x74, 0x9E, 0xC9, 0x9C, 0xC5, 0x28,
    0x74, 0x6A, 0x1D, 0x17, 0x90, 0x52, 0x68, 0x35, 0x29, 0x92, 0x48, 0xA7, 0x3F, 0x91, 0x8C, 0xD2,
    0x49, 0x22, 0xDC, 0x3A, 0x39, 0x92, 0xA5, 0xE0, 0xEA, 0x92, 0x71, 0x69, 0xE8, 0x39, 0x33, 0xCA,
    0x01, 0x3A, 0x58, 0xAA, 0x66, 0xC6, 0xA0, 0x0C, 0x69, 0x83, 0x6A, 0x79, 0x5A, 0x4D, 0x08, 0x56,
    0x34, 0xD9, 0x83, 0xAE, 0xD9, 0x6A, 0x4D, 0x0C, 0x0D, 0xF2, 0xCA, 0x8A, 0x66, 0x80, 0xFC, 0x90,
    0x03, 0xA4, 0x2E, 0x39, 0xEB, 0xC0, 0xED, 0x40, 0x86, 0xCD, 0xED, 0x73, 0xCB, 0x84, 0x32, 0x41,
    0x1C, 0xB0, 0x88, 0xA5, 0x41, 0xA5, 0xE6, 0x02, 0x3B, 0x60, 0x96, 0xCF, 0x25, 0x49, 0xA0, 0x00,
    0x62, 0x59, 0x90, 0x3F, 0xC8, 0x0E, 0xF3, 0x03, 0xFC, 0xF2, 0x34, 0x99, 0xF8, 0x0A, 0x25, 0x9B,
    0x04, 0x04, 0x80, 0xEF, 0x30, 0x40, 0x4F, 0x1F, 0x49, 0x9F, 0x00, 0xE6, 0x59, 0xA0, 0x0D, 0x4B,
    0x7D, 0x52, 0x89, 0x0D, 0x5E, 0x6D, 0x52, 0x90, 0xD6, 0x34, 0x35, 0x79, 0x43, 0xE3, 0x12, 0x01,
    0xAB, 0xCE, 0x05, 0x61, 0x89, 0x47, 0xE4, 0x76, 0x39, 0xAD, 0x5E, 0xD5, 0x00, 0x81, 0xC8, 0x4A,
    0xA7, 0x2B, 0xA4, 0xE2, 0x4C, 0x9A, 0xB9, 0x43, 0xA2, 0xB0, 0xF8, 0x94, 0x82, 0xA0, 0x25, 0x09,
    0x85, 0xEE, 0x54, 0x7C, 0xA0, 0x0D, 0x65, 0xAE, 0x7A, 0x1C, 0xC3, 0x4F, 0x3A, 0x3E, 0x54, 0x52,
    0x72, 0x9F, 0x80, 0xFE, 0x59, 0x80, 0xD4, 0x49, 0xE8, 0xD2, 0x0E, 0x04, 0xE8, 0xF9, 0x60, 0x24,
    0xD3, 0x60, 0x14, 0xB9, 0x04, 0xDE, 0x40, 0x57, 0xA6, 0x68, 0x2B, 0x52, 0x09, 0xA4, 0xC0, 0x31,
    0x31, 0x77, 0x48, 0x02, 0xF2, 0xCB, 0x80, 0x5E, 0x41, 0x35, 0x98, 0x0A, 0x27, 0x93, 0x04, 0x4D,
    0x05, 0xFF, 0x3D, 0x70, 0x4E, 0x28, 0x05, 0x89, 0x51, 0xF2, 0x42, 0xEF, 0x95, 0x0C, 0x12, 0x74,
    0xD5, 0x84, 0xE6, 0x93, 0xDA, 0x36, 0x32, 0x8E, 0x30, 0x29, 0xD0, 0x81, 0x4D, 0x2C, 0x68, 0x1B,
    0x24, 0x13, 0xA9, 0xCF, 0x28, 0xF8, 0xF1, 0x75, 0xCA, 0x82, 0x0E, 0xD9, 0x62, 0xC0, 0xFD, 0x27,
    0xA4, 0xCA, 0xA1, 0x13, 0x04, 0x8D, 0xE9, 0x78, 0xE0, 0x0D, 0xCB, 0xBC, 0x0A, 0x0A, 0xD1, 0xF2,
    0x00, 0x47, 0xA6, 0xB0, 0x04, 0xB2, 0xD6, 0xD3, 0x4A, 0x75, 0x30, 0x59, 0x48, 0x05, 0xF2, 0x02,
    0xDC, 0xF5, 0xA0, 0x39, 0x96, 0xC2, 0x9B, 0xE5, 0x06, 0x25, 0x40, 0x87, 0x20, 0x49, 0xCD, 0xD8,
    0x93, 0xD9, 0x53, 0x7D, 0x00, 0xD6, 0xAD, 0x1C, 0x0A, 0xB3, 0xCD, 0x81, 0x92, 0x45, 0x3A, 0x98,
    0x39, 0xA4, 0x07, 0x79, 0x02, 0xBA, 0x7B, 0x00, 0x3B, 0xCB, 0x63, 0x4D, 0xF7, 0x81, 0x7E, 0xD9,
    0x70, 0x17, 0xD3, 0x62, 0x05, 0xFA, 0x7C, 0x80, 0xBF, 0x6C, 0xA8, 0x1E, 0xE6, 0x01, 0x39, 0x64,
    0x42, 0x75, 0x2F, 0xA8, 0x32, 0xEA, 0x07, 0xC9, 0x83, 0xBA, 0x98, 0xE0, 0x2F, 0xCB, 0xF2, 0x3A,
    0x4F, 0x8E, 0x92, 0x91, 0x08, 0xEC, 0x84, 0x74, 0x95, 0x18, 0x2C, 0xC0, 0x8F, 0x21, 0x37, 0x4C,
    0x0D, 0xB2, 0x0B, 0xDD, 0x68, 0xF9, 0x20, 0x44, 0x53, 0x1A, 0x17, 0xD9, 0x0C, 0xA2, 0x61, 0x8D,
    0x90, 0x1B, 0x24, 0x08, 0x8A, 0xE4, 0x00, 0x65, 0x21, 0x9D, 0xCC, 0x33, 0xF2, 0x04, 0x4E, 0x32,
    0x61, 0xC4, 0x90, 0x04, 0xE6, 0x1B, 0x09, 0xE4, 0xC0, 0xD3, 0x30, 0xDE, 0x54, 0x14, 0x52, 0xC8,
    0x82, 0x1A, 0x99, 0xA1, 0xF9, 0x48, 0x6D, 0x93, 0x1B, 0xAC, 0x81, 0x0D, 0x8C, 0xC8, 0x1A, 0xA4,
    0x37, 0xF9, 0x80, 0x8E, 0x60, 0x86, 0xBE, 0x54, 0x04, 0x72, 0x1C, 0x94, 0xC7, 0x37, 0x20, 0x30,
    0x48, 0x1E, 0xD5, 0x1C, 0xE4, 0xE7, 0xD5, 0x18, 0x7D, 0x5A, 0x24, 0xE9, 0xCF, 0xBA, 0x72, 0x98,
    0x87, 0x4E, 0x4E, 0x0D, 0x01, 0x8C, 0x52, 0x25, 0x3A, 0x69, 0xDC, 0x90, 0x63, 0x32, 0x80, 0x3A,
    0x16, 0x5D, 0xA9, 0xF4, 0x4A, 0xEB, 0x01, 0x74, 0x2C, 0xA1, 0xD1, 0x8A, 0x3D, 0x2B, 0x27, 0x53,
    0x93, 0xC5, 0x62, 0x11, 0x29, 0x09, 0x4A, 0x24, 0x48, 0xFA, 0x0A, 0xCB, 0xF1, 0x98, 0x84, 0x5A,
    0x42, 0x48, 0xF9, 0x8F, 0x72, 0xE3, 0x4D, 0x90, 0xF6, 0xE6, 0x1F, 0x59, 0x2E, 0x92, 0x90, 0x3A,
    0x5E, 0x30, 0x1E, 0xD2, 0x02, 0x44, 0xC1, 0x53, 0x35, 0xAB, 0x4E, 0x08, 0x08, 0x89, 0x01, 0x6A,
    0x60, 0x50, 0x93, 0x57, 0xE9, 0xAC, 0x03, 0x5D, 0x03, 0xE7, 0x26, 0x09, 0xD2, 0x04, 0x08, 0x49,
    0x0E, 0x3E, 0xCB, 0x63, 0x98, 0x6B, 0x65, 0xB1, 0x04, 0x5D, 0x01, 0xDD, 0x35, 0xE1, 0xCE, 0x02,
    0x07, 0xA9, 0x6C, 0xC1, 0x3D, 0x40, 0x4A, 0x49, 0x80, 0x14, 0x80, 0x0F, 0xAF, 0x19, 0x55, 0xAD,
    0x4C, 0x38, 0xD3, 0xA6, 0xD0, 0x6A, 0x04, 0x7E, 0x94, 0x82, 0x22, 0x0C, 0xDA, 0x04, 0xA6, 0x4C,
    0x03, 0xB6, 0xB4, 0x26, 0xF5, 0x6F, 0xED, 0x1D, 0x33, 0x3C, 0x80, 0x33, 0x6C, 0x1C, 0xB9, 0x00,
    0xB6, 0xD8, 0xD0, 0x2A, 0xC8, 0x05, 0xB3, 0x02, 0xAC, 0xDD, 0x39, 0x5C, 0x60, 0x3F, 0xA4, 0x01,
    0x19, 0x84, 0x4A, 0x60, 0x4F, 0x90, 0x1B, 0xA4, 0x31, 0xB9, 0x84, 0x8E, 0x6E, 0xDD, 0x9C, 0x0C,
    0x15, 0xB2, 0x23, 0xD5, 0x43, 0x2B, 0x36, 0x1C, 0x4E, 0x08, 0x0C, 0x09, 0x6C, 0x00, 0xDF, 0x40,
    0x2C, 0x4C, 0x02, 0x35, 0x02, 0xC4, 0xC1, 0x01, 0x20, 0xAC, 0xC8, 0x0E, 0x15, 0x0D, 0x7C, 0xE7,
    0xCB, 0x89, 0xCD, 0xAA, 0x02, 0xB8, 0xAB, 0xAE, 0x26, 0x58, 0x90, 0x59, 0xCC, 0x0C, 0xD4, 0xCB,
    0x04, 0x0E, 0x85, 0x10, 0x98, 0x0D, 0xA7, 0xAF, 0x02, 0x7D, 0x02, 0xB3, 0x30, 0x52, 0xCC, 0x0C,
    0x53, 0xD8, 0x01, 0x8A, 0x60, 0x61, 0x96, 0xAC, 0x06, 0xD4, 0x11, 0x6C, 0xDD, 0x51, 0x38, 0x88,
    0x6D, 0xE8, 0x04, 0x89, 0x51, 0xF5, 0xEA, 0xAD, 0x98, 0x51, 0xF1, 0x8F, 0x03, 0x3C, 0xB2, 0x21,
    0xB3, 0xA0, 0x51, 0xAB, 0x92, 0x03, 0xC5, 0x83, 0x65, 0x3A, 0x1D, 0x4C, 0x4E, 0xD3, 0x04, 0xFC,
    0xF5, 0x80, 0x79, 0xA0, 0x6C, 0xA6, 0x14, 0x5A, 0xE6, 0x41, 0x51, 0x2C, 0xA0, 0x67, 0xA5, 0xB2,
    0x0B, 0x9C, 0xA2, 0x55, 0x41, 0x44, 0xDD, 0xE1, 0x12, 0x0D, 0x94, 0xC1, 0xA5, 0x6D, 0x60, 0x1E,
    0x64, 0x1A, 0xF9, 0x81, 0x0A, 0x60, 0x54, 0x9E, 0xB4, 0x0F, 0x34, 0x02, 0xA5, 0xC1, 0x37, 0x37,
    0x19, 0xD0, 0x35, 0xB4, 0x3E, 0xAC, 0xC1, 0x5B, 0x3D, 0x78, 0x7E, 0x69, 0xA9, 0x0C, 0xE5, 0xB6,
    0x0C, 0xE3, 0x98, 0x82, 0xA8, 0x06, 0xDA, 0xE3, 0x8C, 0x4D, 0x30, 0x36, 0xC8, 0x33, 0xB3, 0x01,
    0x54, 0xC3, 0x3B, 0x3D, 0x80, 0x1B, 0xAC, 0x47, 0x39, 0x83, 0xBA, 0x40, 0x57, 0xB6, 0xBC, 0x1C,
    0x94, 0x89, 0x00, 0xDA, 0x41, 0x9E, 0x90, 0xC3, 0x7E, 0x30, 0xDB, 0x10, 0x06, 0x46, 0x18, 0xFD,
    0xBA, 0x04, 0xAF, 0x69, 0x43, 0x62, 0xF9, 0x23, 0x0C, 0xCE, 0x37, 0x0C, 0xA9, 0xBF, 0xC2, 0x61,
    0x26, 0x9E, 0xBA, 0x93, 0x8A, 0x0D, 0xE6, 0xB5, 0xA3, 0x3B, 0x96, 0x44, 0x37, 0x74, 0x09, 0xB5,
    0x40, 0xE9, 0x21, 0xD1, 0xCB, 0x2A, 0x1B, 0xAA, 0x02, 0x3A, 0x61, 0x58, 0x9E, 0xAC, 0x02, 0x32,
    0xCB, 0x06, 0xE6, 0x85, 0x7C, 0xB1, 0x3A, 0x24, 0x1B, 0x69, 0x06, 0x16, 0xA0, 0x17, 0x90, 0xEA,
    0x64, 0x18, 0x79, 0x81, 0x8A, 0x81, 0x88, 0x9E, 0xB4, 0x6E, 0xD2, 0xCC, 0x84, 0xA6, 0x5A, 0x70,
    0xC4, 0x5B, 0x1C, 0x08, 0xD9, 0x4F, 0xE9, 0x39, 0xB0, 0x3A, 0x50, 0x11, 0xB3, 0x0E, 0xD4, 0xF5,
    0xE4, 0x14, 0x98, 0x62, 0xE8, 0x01, 0x19, 0x80, 0xCA, 0x7B, 0x00, 0x0C, 0xC8, 0x31, 0x58, 0x00,
    0xBC, 0xB3, 0x01, 0x8A, 0xA0, 0x4C, 0x6F, 0xAF, 0xA4, 0x50, 0x02, 0x61, 0x41, 0x07, 0x54, 0x0C,
    0x52, 0x01, 0xD4, 0x82, 0x61, 0x30, 0xC4, 0xD8, 0x09, 0x12, 0x0C, 0x44, 0xCA, 0xE7, 0x5C, 0x90,
    0x12, 0x64, 0x3A, 0x69, 0x86, 0x17, 0x04, 0x0C, 0x98, 0x60, 0xF5, 0x8B, 0x03, 0x45, 0x31, 0xA1,
    0xD9, 0xA5, 0x04, 0x97, 0x1F, 0x25, 0xC5, 0x21, 0x04, 0x0B, 0xC1, 0x10, 0xEB, 0x8B, 0x07, 0x15,
    0x01, 0xE5, 0x3D, 0x60, 0xFD, 0x24, 0x18, 0xEC, 0x81, 0xD2, 0x79, 0x10, 0xC7, 0x4C, 0x31, 0xB6,
    0x03, 0x9C, 0xF2, 0x81, 0x8D, 0x98, 0x16, 0xB1, 0x3E, 0x02, 0x64, 0x80, 0xB7, 0x20, 0x99, 0xDB,
    0x60, 0x08, 0x29, 0x01, 0x6A, 0x43, 0xA3, 0xA0, 0x5F, 0x66, 0x07, 0x29, 0x8C, 0xEA, 0x63, 0xA3,
    0x98, 0x16, 0xE6, 0x07, 0x29, 0x01, 0x6E, 0xA3, 0xA4, 0xA0, 0x59, 0xEB, 0x41, 0x02, 0xED, 0x35,
    0x74, 0xDD, 0xBA, 0x1F, 0xBE, 0x87, 0xEA, 0xC7, 0xA1, 0x08, 0x7F, 0xA8, 0x7C, 0x30, 0x48, 0xB9,
    0x0E, 0xCA, 0xA0, 0x55, 0x90, 0x4D, 0xA6, 0x4C, 0xC9, 0x80, 0x92, 0x7A, 0xB2, 0x80, 0xCC, 0x04,
    0x72, 0xE0, 0xA1, 0xA2, 0x80, 0x36, 0x9E, 0xA8, 0xA2, 0x53, 0x22, 0x54, 0xB5, 0xA3, 0x92, 0xA0,
    0x11, 0xE4, 0x01, 0x19, 0x50, 0x69, 0x39, 0x34, 0x33, 0xCB, 0x60, 0x4C, 0xAA, 0x01, 0x62, 0x7A,
    0xC0, 0x2F, 0xCB, 0x6E, 0x39, 0x4B, 0x09, 0x3A, 0xB4, 0x00, 0x6D, 0xCB, 0x74, 0x0C, 0x49, 0x0E,
    0x52, 0x60, 0x79, 0xBE, 0x65, 0x0D, 0x32, 0xD8, 0x0E, 0x4E, 0x81, 0xE2, 0xAC, 0xF8, 0x24, 0x12,
    0xE0, 0x86, 0x36, 0x5D, 0x4A, 0x8C, 0x49, 0x26, 0x5F, 0x49, 0x94, 0xD2, 0x63, 0x56, 0x2E, 0xDE,
    0xC5, 0x01, 0x62, 0xF5, 0xD8, 0xBB, 0x2C, 0x34, 0x76, 0xA3, 0x4D, 0x81, 0x09, 0xA2, 0x84, 0x11,
    0x9C, 0xFE, 0x93, 0x92, 0x44, 0x14, 0x82, 0x69, 0x5C, 0x6D, 0x27, 0x1E, 0x88, 0x09, 0x6A, 0x69,
    0xB0, 0x30, 0x70, 0xD4, 0x08, 0x72, 0xC6, 0x22, 0x06, 0x5A, 0x8A, 0x6C, 0x10, 0xA0, 0xF6, 0xA0,
    0xA1, 0xF6, 0x5A, 0xA0, 0x07, 0x50, 0x8A, 0x13, 0x03, 0x64, 0xFA, 0x20, 0x6C, 0x94, 0x08, 0xFB,
    0xB4, 0x0D, 0x14, 0xF6, 0x20, 0x7F, 0x96, 0x4D, 0x0F, 0xB2, 0x27, 0x0C, 0xC2, 0x41, 0x3D, 0xA0,
    0x5A, 0x65, 0xD7, 0x03, 0x64, 0xA0, 0x21, 0x84, 0xB6, 0xDC, 0x03, 0x32, 0xCC, 0xD2, 0xFB, 0x61,
    0x84, 0x94, 0x00, 0x3F, 0x36, 0xDD, 0x00, 0xA6, 0x5D, 0xEA, 0x66, 0xC4, 0x15, 0xD6, 0x0A, 0x8C,
    0xF7, 0xC0, 0x3A, 0x96, 0x58, 0x0D, 0x72, 0xFF, 0xD5, 0xA6, 0x21, 0x63, 0xB7, 0x04, 0x0A, 0x32,
    0x35, 0x3C, 0xE0, 0x00, 0x59, 0xA0, 0x5D, 0x67, 0xC4, 0xA4, 0x84, 0xD2, 0x70, 0x10, 0x59, 0x50,
    0x30, 0xD3, 0xE3, 0x82, 0x1A, 0x44, 0xFD, 0x9E, 0x9E, 0x9B, 0x02, 0x00, 0x85, 0xB9, 0x40, 0x19,
    0x96, 0x30, 0x16, 0x52, 0x37, 0xE5, 0xA8, 0xFC, 0xE0, 0x36, 0x4B, 0x6E, 0x02, 0x19, 0x01, 0x76,
    0x60, 0x32, 0x9F, 0x44, 0x06, 0x52, 0xC9, 0x02, 0xC6, 0x5A, 0xE0, 0x36, 0xD0, 0x08, 0x93, 0xEA,
    0x03, 0x2E, 0x59, 0x50, 0x58, 0xCB, 0x62, 0x01, 0x1A, 0x01, 0x5A, 0x7D, 0x70, 0x2B, 0x53, 0x82,
    0x05, 0x69, 0x40, 0xAA, 0xD1, 0x28, 0xCE, 0x22, 0x91, 0x02, 0x1A, 0x6D, 0x00, 0xD7, 0x3E, 0xDD,
    0x22, 0x06, 0x0D, 0x09, 0x71, 0x09, 0xBB, 0x74, 0x8B, 0x4A, 0x08, 0x0E, 0x19, 0x71, 0xC3, 0x1D,
    0x20, 0x3A, 0x4C, 0x1F, 0x73, 0xF0, 0xD2, 0x20, 0xA1, 0x32, 0x97, 0x28, 0x11, 0xD2, 0x03, 0xA4,
    0xC4, 0x89, 0x3F, 0x28, 0x04, 0x65, 0x90, 0x04, 0xFD, 0x3F, 0xF5, 0x68, 0x88, 0x64, 0x6D, 0xE8,
    0x01, 0x1C, 0xB1, 0xA0, 0xA1, 0x96, 0xA0, 0x0D, 0xB2, 0x89, 0x17, 0x6E, 0x82, 0x69, 0x9F, 0xAE,
    0x91, 0x02, 0x2E, 0x1C, 0xBA, 0x81, 0x87, 0xC7, 0xBE, 0x91, 0x01, 0x0C, 0x44, 0xBA, 0xE0, 0x5E,
    0x90, 0x0B, 0xA6, 0x0F, 0xE9, 0xFC, 0xA9, 0x10, 0x00, 0xAC, 0x4B, 0xB6, 0x05, 0xE9, 0x01, 0xDE,
    0x61, 0x10, 0x9F, 0xD6, 0x91, 0xFF, 0xA8, 0xCC, 0x80, 0x71, 0x2E, 0xF5, 0x33, 0x61, 0x15, 0x78,
    0x44, 0x91, 0xB3, 0x41, 0x58, 0x4F, 0xFC, 0x17, 0xE9, 0x78, 0x42, 0x49, 0x20, 0x34, 0xCC, 0xA7,
    0x53, 0xFF, 0x86, 0x3A, 0x5E, 0x50, 0x64, 0x48, 0x0F, 0x53, 0x0C, 0x74, 0xE0, 0x35, 0x19, 0x98,
    0x04, 0x25, 0xE8, 0x09, 0x64, 0x81, 0xD5, 0x78, 0x10, 0x08, 0xA5, 0xEB, 0x07, 0x54, 0xC3, 0xD7,
    0x68, 0x18, 0x0D, 0x25, 0xEF, 0xA6, 0x6A, 0xC1, 0xE3, 0x40, 0xBF, 0x4F, 0x62, 0x06, 0x39, 0x63,
    0x92, 0x39, 0x2D, 0x40, 0x11, 0xA6, 0x8C, 0xD9, 0x41, 0x40, 0xAB, 0x2F, 0xA8, 0x46, 0x64, 0x07,
    0x3A, 0xE3, 0xC1, 0xE3, 0x28, 0x20, 0x1A, 0x65, 0xF9, 0x0C, 0x14, 0x80, 0xE7, 0x50, 0x43, 0x4F,
    0x74, 0x02, 0x29, 0x64, 0x12, 0x2B, 0x20, 0x43, 0x4A, 0xAC, 0x3A, 0x79, 0x23, 0x63, 0xE8, 0xD8,
    0xA6, 0x1E, 0x39, 0x51, 0x33, 0x2C, 0xC4, 0x2B, 0xF1, 0x0A, 0xD2, 0x04, 0x5A, 0xCA, 0xC6, 0xA1,
    0xC2, 0xB3, 0x98, 0x68, 0xED, 0xBE, 0x02, 0xA4, 0xB1, 0x42, 0x02, 0xA0, 0x68, 0x67, 0xC1, 0x04,
    0x8C, 0xB2, 0x25, 0xED, 0x90, 0x32, 0x26, 0x1A, 0x19, 0xF1, 0x01, 0x0F, 0x28, 0x90, 0x39, 0xE4,
    0x54, 0x69, 0x02, 0x42, 0xDC, 0x70, 0x42, 0xC9, 0x12, 0x75, 0x05, 0x04, 0xF9, 0x40, 0x84, 0x96,
    0x5C, 0xC0, 0xB3, 0x10, 0x9D, 0x01, 0x65, 0x3E, 0x75, 0x22, 0x01, 0x51, 0x89, 0x82, 0x16, 0x5A,
    0xE0, 0x2E, 0x48, 0x42, 0xB3, 0x06, 0x24, 0xFA, 0x20, 0x2A, 0x96, 0x64, 0xC9, 0x32, 0xD4, 0x96,
    0xEA, 0xD8, 0xB0, 0x89, 0x4A, 0x04, 0x0A, 0x09, 0x6B, 0x0B, 0x75, 0x60, 0x3B, 0xCF, 0xAE, 0x10,
    0x5A, 0x6A, 0xC1, 0xD7, 0x22, 0xDD, 0x4C, 0x0E, 0xD3, 0xED, 0x82, 0x02, 0x59, 0x90, 0x3A, 0xC8,
    0x41, 0x53, 0x08, 0x75, 0x60, 0xA6, 0x74, 0xA6, 0xBC, 0xB3, 0xD4, 0x08, 0xFC, 0xFC, 0x34, 0x88,
    0x20, 0x0A, 0xA5, 0xB2, 0x2C, 0xE5, 0xB3, 0x41, 0x0D, 0x90, 0x08, 0x67, 0xAE, 0x2C, 0xE5, 0x42,
    0x8D, 0x4F, 0x40, 0x0C, 0xE4, 0x04, 0xF9, 0xEC, 0x44, 0x15, 0x40, 0xAC, 0x4F, 0xD6, 0x0F, 0x99,
    0x65, 0x00, 0xCF, 0x2D, 0x75, 0x37, 0x9C, 0x3B, 0x2A, 0x05, 0xAA, 0x7E, 0xF0, 0x39, 0x53, 0x22,
    0x17, 0xC9, 0x6B, 0x04, 0x19, 0x40, 0xBE, 0x4F, 0xE4, 0x07, 0x39, 0x63, 0x40, 0x27, 0x23, 0x6C,
    0xD4, 0x31, 0xD3, 0x08, 0x6C, 0x8D, 0xD7, 0x4D, 0x39, 0x67, 0xA8, 0x01, 0x19, 0xFE, 0x40, 0xEB,
    0x4C, 0x71, 0xBB, 0x28, 0x6D, 0xA9, 0x80, 0x96, 0x7F, 0xC0, 0x50, 0x50, 0xDD, 0x93, 0x2C, 0xFC,
    0xC0, 0x71, 0x3F, 0xF8, 0x41, 0x68, 0x05, 0xB9, 0x96, 0x7A, 0x63, 0x5B, 0x9A, 0x89, 0x67, 0x03,
    0x02, 0x5C, 0x8D, 0xDB, 0x32, 0xCF, 0x4C, 0x32, 0x53, 0x83, 0x81, 0xDA, 0x48, 0x8F, 0x91, 0x67,
    0x28, 0x06, 0xD9, 0xC2, 0x80, 0xED, 0x6D, 0x95, 0x37, 0xD6, 0x16, 0x8A, 0x02, 0x02, 0x70, 0xE0,
    0x0D, 0x4B, 0x28, 0x6E, 0xD9, 0x96, 0x76, 0x83, 0xC2, 0x9C, 0x44, 0x05, 0xB2, 0xC8, 0x80, 0xFE,
    0x5A, 0xD2, 0xCE, 0x50, 0x31, 0xF3, 0x8A, 0x85, 0xCA, 0x86, 0xF0, 0x99, 0x66, 0xE6, 0x0B, 0x59,
    0xC6, 0x40, 0xF1, 0x2C, 0x59, 0xBC, 0x29, 0xF9, 0x06, 0x3D, 0xA3, 0x80, 0x77, 0xA1, 0x12, 0xE6,
    0xAD, 0xA9, 0x83, 0x6A, 0x72, 0x00, 0x3B, 0x4B, 0x20, 0x01, 0xA9, 0x6B, 0x29, 0xBF, 0xF0, 0x76,
    0x5A, 0x46, 0x07, 0x69, 0x64, 0xC0, 0x59, 0x2D, 0x75, 0x36, 0x07, 0x56, 0x85, 0x82, 0x9A, 0xD2,
    0x70, 0x3B, 0xD3, 0x2E, 0x05, 0xA9, 0x10, 0xF2, 0xD4, 0x79, 0x50, 0x0D, 0xA5, 0x9A, 0x02, 0x94,
    0xB6, 0x74, 0xD0, 0x7F, 0xCC, 0x24, 0x13, 0x97, 0x01, 0x22, 0x59, 0x90, 0x2D, 0x49, 0x5B, 0x73,
    0x02, 0xCC, 0xE6, 0x40, 0x59, 0x96, 0x54, 0x0E, 0x92, 0xD8, 0x53, 0x42, 0xC5, 0x79, 0xB0, 0x1B,
    0x25, 0x92, 0x02, 0xC4, 0xA2, 0xB5, 0x42, 0x5C, 0x7C, 0x97, 0x15, 0xC3, 0xC4, 0xAA, 0x29, 0xE1,
    0x94, 0xBE, 0x09, 0xF1, 0x8B, 0x64, 0xCA, 0xDB, 0x29, 0x1C, 0x1E, 0xC1, 0x19, 0x84, 0x4A, 0xB0,
    0xF3, 0xC8, 0x2D, 0xB6, 0x05, 0x59, 0x84, 0x27, 0xF6, 0x59, 0x1A, 0x46, 0x0E, 0xA3, 0x27, 0x86,
    0x40, 0x63, 0xB4, 0x89, 0x7E, 0x9A, 0x83, 0x24, 0xB1, 0x40, 0x64, 0x10, 0x89, 0x97, 0x6A, 0x89,
    0x12, 0xBA, 0x40, 0x6B, 0xD0, 0x84, 0xD1, 0xCA, 0x8E, 0x90, 0x49, 0x05, 0xAE, 0x61, 0x27, 0x9E,
    0x52, 0x91, 0x8A, 0x12, 0xAC, 0xB5, 0x88, 0x90, 0xB9, 0x8F, 0x29, 0x8C, 0x04, 0xEC, 0x89, 0x7D,
    0x23, 0x58, 0x4B, 0x2A, 0x06, 0xC9, 0x08, 0x2E, 0x61, 0xCC, 0x9E, 0x58, 0x0F, 0x94, 0x1C, 0x9D,
    0xF2, 0x85, 0x19, 0x96, 0x4C, 0x21, 0xF3, 0x0C, 0x7D, 0xB2, 0x74, 0x8C, 0xC0, 0x5D, 0xEC, 0x6C,
    0xD9, 0xE4, 0x9F, 0x21, 0x2C, 0xC8, 0x63, 0xEA, 0x07, 0xE9, 0x64, 0x69, 0x19, 0xB0, 0x9B, 0x4C,
    0x31, 0x96, 0xC7, 0xBE, 0x9E, 0x59, 0x60, 0x18, 0x48, 0x31, 0xB6, 0x00, 0xA4, 0xB2, 0x60, 0x3F,
    0x92, 0x1C, 0xAC, 0x63, 0x59, 0x66, 0x00, 0x67, 0x2D, 0x5A, 0x1C, 0xAE, 0x64, 0x69, 0x63, 0x69,
    0x7A, 0xA2, 0x5C, 0x5B, 0x18, 0x03, 0x29, 0x66, 0x80, 0x9D, 0x2D, 0x5D, 0x33, 0x51, 0x4E, 0x04,
    0xDC, 0xC0, 0xBF, 0x5C, 0xB8, 0x17, 0xE8, 0x2B, 0xC9, 0x82, 0x6A, 0x79, 0x52, 0x6C, 0xCB, 0x24,
    0x02, 0xE9, 0x6B, 0x69, 0xE0, 0xC6, 0x98, 0x2B, 0x27, 0x97, 0x03, 0x44, 0x80, 0xC7, 0x31, 0x89,
    0x5F, 0x2B, 0x48, 0xC6, 0x81, 0x36, 0xE6, 0xBD, 0xAD, 0x23, 0x16, 0x0C, 0xD9, 0x07, 0x72, 0xF9,
    0x70, 0x18, 0xCB, 0x1C, 0x0D, 0xD9, 0xD5, 0x40, 0x61, 0x30, 0xA5, 0xCF, 0x24, 0x9B, 0xA9, 0x87,
    0x76, 0x61, 0x5C, 0xB6, 0x40, 0x06, 0x12, 0xC8, 0x20, 0x52, 0x60, 0x50, 0xB6, 0x3D, 0x42, 0x33,
    0x01, 0xC4, 0x8C, 0x3D, 0x6A, 0x46, 0x6C, 0x24, 0x52, 0x0E, 0xC4, 0x82, 0xFB, 0x6C, 0x88, 0x19,
    0xE5, 0x8E, 0x0E, 0xBC, 0xC0, 0x3D, 0x63, 0xDA, 0x4A, 0x92, 0x52, 0x89, 0x55, 0x82, 0xAB, 0x53,
    0x3F, 0xCC, 0x05, 0xD3, 0x0B, 0xD4, 0x82, 0xF3, 0x6C, 0xA0, 0x0F, 0xA4, 0x54, 0xA9, 0x05, 0xDA,
    0xD9, 0x60, 0x26, 0xC8, 0x13, 0xB3, 0xDA, 0x54, 0x40, 0x2F, 0x33, 0x58, 0xCF, 0x1A, 0x00, 0xE9,
    0x0C, 0x0E, 0xB9, 0x43, 0xC5, 0x50, 0x09, 0x93, 0x43, 0x0D, 0x80, 0x3B, 0x25, 0x1C, 0x49, 0x08,
    0x13, 0x0B, 0x8D, 0xB2, 0x60, 0x4C, 0x96, 0x38, 0x07, 0x94, 0x0B, 0x7C, 0xF2, 0x20, 0x9D, 0x92,
    0x2D, 0xE8, 0x05, 0xBB, 0x64, 0x01, 0x79, 0x2C, 0x68, 0x3B, 0xEC, 0x0B, 0xC9, 0xE3, 0xCA, 0xFF,
    0x2C, 0x80, 0x72, 0x26, 0x0F, 0x0B, 0x1D, 0x9E, 0x60, 0x4C, 0x9E, 0xBA, 0xA1, 0x0F, 0x4E, 0x65,
    0xD3, 0x97, 0x75, 0x9E, 0xCA, 0x15, 0x1B, 0xC4, 0xD2, 0xAC, 0x15, 0x39, 0x9C, 0x6A, 0x1F, 0x17,
    0xC9, 0xD2, 0x6A, 0x35, 0x29, 0x5A, 0x15, 0x26, 0x9C, 0xF9, 0x48, 0xD0, 0xA9, 0xC8, 0x8C, 0x73,
    0x29, 0x4B, 0xD0, 0xD5, 0x25, 0x51, 0x38, 0x74, 0x43, 0x25, 0x45, 0xD0, 0xD3, 0xA4, 0xD1, 0x48,
    0x94, 0x47, 0x2B, 0x46, 0xFC, 0x53, 0xE5, 0xB1, 0xF8, 0x75, 0xC7, 0x25, 0x4C, 0xFA, 0x55, 0x64,
    0xC7, 0x4D, 0xFD, 0x12, 0x4D, 0x74, 0x80, 0x2B, 0xCE, 0xC4, 0x17, 0x94, 0x12, 0x03, 0x16, 0xA4,
    0x49, 0xF4, 0xD3, 0x99, 0x22, 0x7A, 0xA5, 0x08, 0x95, 0x76, 0xA7, 0x91, 0x2B, 0x6C, 0x06, 0x33,
    0x09, 0x8B, 0x51, 0xD3, 0xD5, 0x29, 0x32, 0x07, 0xBF, 0x38, 0x93, 0x20, 0x76, 0x50, 0xB8, 0x94,
    0x78, 0x68, 0x72, 0x5C, 0xE4, 0xF4, 0xF4, 0x6F, 0xE5, 0x26, 0xAE, 0xBD, 0x79, 0x69, 0xE9, 0x9F,
    0xA0, 0x03, 0x4B, 0x58, 0xC3, 0xF9, 0x4B, 0x8C, 0x53, 0x2A, 0xF3, 0x01, 0xA5, 0xAC, 0xA6, 0x40,
    0x2A, 0xB2, 0x71, 0x9E, 0x53, 0x60, 0xC3, 0xE9, 0x6C, 0x29, 0x36, 0x25, 0xD6, 0xCB, 0x61, 0x4C,
    0x82, 0x0D, 0x3A, 0x74, 0x9B, 0x1B, 0x4B, 0x65, 0x05, 0x00, 0x6D, 0x36, 0x2D, 0x02, 0x96, 0xBE,
    0x93, 0x64, 0x01, 0x04, 0xB6, 0x23, 0x4A, 0xA6, 0xC9, 0x92, 0xD2, 0xD7, 0x52, 0x6C, 0xAC, 0x1C,
    0x96, 0xCA, 0x99, 0x06, 0xAA, 0x83, 0x0E, 0x54, 0x7D, 0x6D, 0x2A, 0xBF, 0x4C, 0x80, 0x0E, 0x3A,
    0x9B, 0x46, 0x5C, 0x4B, 0x59, 0x49, 0xB3, 0xB3, 0x76, 0x5B, 0x4A, 0x67, 0xF2, 0xAB, 0x06, 0x1A,
    0x55, 0x36, 0x74, 0x7D, 0x5D, 0x26, 0xCD, 0x4A, 0xAE, 0x52, 0xF6, 0x74, 0xCF, 0xF0, 0x07, 0xAA,
    0x01, 0xB9, 0x40, 0x6A, 0xB0, 0x72, 0x18, 0x54, 0x02, 0xD2, 0xB2, 0xD2, 0xAB, 0xB4, 0xC8, 0x19,
    0x0B, 0xAA, 0x02, 0x4A, 0x41, 0x80, 0x49, 0x4D, 0x98, 0x09, 0x25, 0xAE, 0x01, 0x24, 0xAC, 0x00,
    0x1B, 0x94, 0x20, 0x07, 0x74, 0x02, 0x1E, 0xA9, 0x90, 0x50, 0x03, 0xCB, 0x5C, 0xCD, 0x29, 0x6C,
    0x29, 0x36, 0x00, 0x31, 0xCB, 0x5D, 0x4C, 0x81, 0x01, 0x52, 0x80, 0x6D, 0x95, 0x1F, 0x62, 0x06,
    0xC9, 0x58, 0xC0, 0xD9, 0x31, 0xD8, 0xD3, 0x54, 0xD3, 0x59, 0x4B, 0x40, 0x25, 0x2A, 0xD8, 0x04,
    0xA5, 0xAA, 0xA6, 0x7F, 0x40, 0x91, 0x20, 0x09, 0xCF, 0x50, 0xC6, 0xA9, 0x6B, 0xE9, 0x35, 0x80,
    0x12, 0x4B, 0x51, 0x4C, 0xFD, 0x80, 0xB6, 0x80, 0x13, 0x90, 0x0D, 0xA5, 0x5B, 0x01, 0xB4, 0x80,
    0x25, 0x20, 0x12, 0x52, 0x02, 0x09, 0x29, 0x6B, 0x40, 0x4B, 0x2A, 0xF8, 0x24, 0xA9, 0x07, 0x02,
    0x4D, 0x35, 0xE0, 0x38, 0x96, 0xB2, 0x93, 0x61, 0x64, 0x7C, 0xB5, 0xE0, 0x58, 0x98, 0x12, 0x6D,
    0xAB, 0x02, 0x4C, 0xAB, 0x80, 0x49, 0x94, 0x18, 0x93, 0x36, 0x04, 0x0C, 0xA9, 0x36, 0x70, 0x3F,
    0xCA, 0x12, 0x49, 0x8B, 0x6C, 0x80, 0x23, 0x2D, 0x60, 0x04, 0x65, 0x5E, 0x04, 0xBC, 0xC0, 0x45,
    0x48, 0x18, 0x0B, 0x25, 0x61, 0x01, 0x64, 0x80, 0x45, 0x30, 0x15, 0xCC, 0x06, 0xD2, 0x01, 0xF4,
    0xAB, 0xC0, 0x3E, 0x90, 0x16, 0xE6, 0x04, 0x7B, 0x01, 0x6E, 0x5A, 0xF0, 0x24, 0x4A, 0xC2, 0x04,
    0x89, 0x7F, 0xAA, 0xA0, 0x1B, 0x98, 0x16, 0xA7, 0xB0, 0x02, 0xD4, 0xAC, 0x40, 0x5A, 0xA0, 0x18,
    0xE7, 0xA9, 0xA3, 0x7F, 0xA9, 0x35, 0xA0, 0x3B, 0x4B, 0x53, 0x4C, 0xFE, 0x81, 0xDA, 0x80, 0xED,
    0xBD, 0x74, 0x1D, 0xB4, 0xFF, 0x80, 0x46, 0x80, 0x92, 0x9E, 0xB8, 0x12, 0x52, 0xB0, 0x82, 0x4A,
    0x60, 0x63, 0x90, 0x29, 0x2C, 0x0E, 0xF9, 0x58, 0x01, 0x47, 0x60, 0x5A, 0x4F, 0x58, 0x0D, 0x09,
    0x57, 0x81, 0x69, 0x40, 0x23, 0xCC, 0x1A, 0x32, 0x06, 0x54, 0xC0, 0xAF, 0x28, 0x38, 0x1C, 0xA8,
    0x10, 0xE9, 0xEA, 0xC2, 0x1D, 0x2A, 0xE0, 0x43, 0xA8, 0x07, 0x2A, 0xEB, 0x68, 0xD0, 0x1A, 0x4D,
    0x7C, 0x02, 0x32, 0xD6, 0xD3, 0x20, 0x20, 0x73, 0x9B, 0xC2, 0x33, 0x0E, 0x80, 0x3C, 0x27, 0x50,
    0x66, 0xDC, 0x5E, 0x8B, 0xAB, 0x03, 0x45, 0x35, 0x94, 0x9A, 0xE0, 0x0C, 0xE4, 0x26, 0x59, 0xEA,
    0x1B, 0xCF, 0x2D, 0x6D, 0x26, 0xB2, 0x08, 0x29, 0x11, 0x92, 0x94, 0x5D, 0x48, 0x14, 0xA5, 0x5A,
    0x02, 0x4C, 0xB5, 0x20, 0x50, 0xA6, 0xAC, 0x0C, 0x98, 0xB0, 0xD2, 0xF5, 0x74, 0xD8, 0x1B, 0x70,
    0xA8, 0x0F, 0x7B, 0xD8, 0xC0, 0xC9, 0x21, 0x03, 0xCC, 0x09, 0x52, 0xA4, 0x85, 0x5E, 0x64, 0x0D,
    0x98, 0x52, 0x67, 0xAF, 0x03, 0x0C, 0xAC, 0x40, 0x59, 0x91, 0x03, 0x27, 0xB3, 0xA3, 0xEB, 0x82,
    0x39, 0x4D, 0xD0, 0x09, 0xA8, 0x05, 0xF9, 0xEB, 0x40, 0xF1, 0x2A, 0xF8, 0x05, 0xA5, 0xBE, 0xA6,
    0xC0, 0x63, 0xF0, 0x50, 0x24, 0xD8, 0x05, 0x13, 0xD6, 0x00, 0xA2, 0x55, 0xEA, 0x58, 0x99, 0x66,
    0x03, 0x99, 0x01, 0xCA, 0x55, 0xD0, 0x34, 0xCB, 0x56, 0x07, 0xAA, 0x02, 0xBA, 0x40, 0x58, 0x96,
    0xA8, 0x09, 0x52, 0xAE, 0x01, 0x2A, 0x40, 0x7A, 0xAE, 0xA0, 0x02, 0x12, 0xAC, 0x80, 0x42, 0x45,
    0x18, 0x9C, 0xC8, 0x09, 0x54, 0x03, 0x5C, 0x80, 0xD5, 0x71, 0xB7, 0xC8, 0x0C, 0x93, 0x04, 0x64,
    0x82, 0x3B, 0x4A, 0xF8, 0x0D, 0xE5, 0xAD, 0x02, 0x75, 0x01, 0xF1, 0x3D, 0x70, 0x27, 0xE5, 0x60,
    0x07, 0xC4, 0xB6, 0xE1, 0xA1, 0xC6, 0xBC, 0x16, 0x32, 0x02, 0xBC, 0xF7, 0x40, 0xD3, 0xA0, 0x30,
    0xA7, 0xB0, 0x0B, 0xBC, 0xAC, 0x60, 0x5A, 0x96, 0xFA, 0x3F, 0x06, 0x02, 0x85, 0x81, 0xA9, 0x4A,
    0x58, 0x1D, 0xA6, 0x05, 0x59, 0xEB, 0xC1, 0xC7, 0x50, 0xBA, 0x5B, 0x5C, 0x05, 0x59, 0x04, 0x62,
    0x40, 0x27, 0xA0, 0x15, 0x6B, 0xAD, 0x02, 0xAC, 0xAB, 0xE0, 0x55, 0x94, 0x04, 0x09, 0x94, 0x08,
    0xBC, 0xF5, 0x81, 0x17, 0x95, 0x78, 0x22, 0xF2, 0xD8, 0x81, 0xA2, 0x81, 0x72, 0x9E, 0xAC, 0x25,
    0x32, 0xAE, 0x84, 0xA6, 0x40, 0x4B, 0x98, 0x5C, 0xA8, 0x13, 0xB9, 0x57, 0x02, 0x2D, 0x2D, 0xB8,
    0x1C, 0x2C, 0x17, 0x1D, 0xEE, 0x80, 0xE5, 0x38, 0xFC, 0x0A, 0xE3, 0x01, 0x02, 0x36, 0x82, 0xC7,
    0x30, 0x39, 0xD4, 0x3E, 0xB3, 0x0E, 0x85, 0x4B, 0xA1, 0x20, 0x07, 0x60, 0x39, 0xD2, 0x01, 0x15,
    0xB5, 0xE0, 0x22, 0x95, 0x8A, 0x97, 0xAF, 0x0E, 0x65, 0xA0, 0x20, 0x6E, 0x90, 0x73, 0x29, 0x4D,
    0x82, 0x01, 0x3A, 0x81, 0x70, 0xA0, 0x72, 0xEC, 0x5F, 0x9A, 0x87, 0x2B, 0x60, 0x28, 0xA8, 0x1A,
    0xA4, 0x10, 0xAB, 0x83, 0xAA, 0x81, 0x6F, 0xAE, 0xB4, 0x0F, 0x72, 0x0E, 0x54, 0xF7, 0x54, 0xD0,
    0x25, 0xDC, 0x1C, 0x7A, 0x0E, 0x56, 0xAC, 0x61, 0xCA, 0x98, 0x2B, 0x2A, 0x1C, 0x79, 0x6C, 0xC0,
    0xDF, 0x60, 0x5E, 0x4C, 0x47, 0x34, 0xA5, 0xEC, 0x83, 0x9F, 0x60, 0xE3, 0xD6, 0xC4, 0x1C, 0x79,
    0x82, 0x72, 0xC0, 0xE0, 0x90, 0x0E, 0xE5, 0x5F, 0x01, 0xDC, 0xB5, 0xA0, 0x4D, 0x90, 0x51, 0xEA,
    0x1C, 0x7A, 0xD7, 0x02, 0x8F, 0x30, 0x4E, 0xD0, 0x2B, 0xF3, 0xD8, 0x04, 0x16, 0x41, 0xC6, 0x9E,
    0xDC, 0x38, 0xD5, 0x11, 0xEC, 0x83, 0x8D, 0x5D, 0xD0, 0x71, 0xA8, 0x16, 0x1A, 0xEC, 0x03, 0x8D,
    0x4D, 0x58, 0x4E, 0xE4, 0x1C, 0x6B, 0x83, 0x8A, 0xCE, 0xF2, 0x90, 0x53, 0x6F, 0xAE, 0x0E, 0x35,
    0x36, 0x14, 0xC2, 0xA3, 0xCF, 0x66, 0x04, 0xF9, 0x6B, 0x42, 0xC9, 0x2A, 0xF8, 0x40, 0xE5, 0xC7,
    0x0E, 0x35, 0x68, 0xFA, 0xC0, 0xE2, 0xD3, 0x94, 0x1C, 0x5D, 0x01, 0xB6, 0x7B, 0x0A, 0x67, 0x38,
    0x0D, 0x36, 0x01, 0x54, 0xA9, 0x36, 0x00, 0x14, 0x4B, 0xA2, 0x06, 0x8B, 0x05, 0x92, 0x7A, 0xC0,
    0x1D, 0xC8, 0x29, 0x33, 0x2A, 0x14, 0xC2, 0x1D, 0xC7, 0x76, 0x48, 0x05, 0x53, 0xD4, 0x00, 0xEA,
    0x55, 0x90, 0x1D, 0x4B, 0x51, 0x4C, 0xED, 0x81, 0xC2, 0xE0, 0x6F, 0xC7, 0x7A, 0xA2, 0x23, 0x79,
    0x85, 0x8E, 0xBB, 0x00, 0x41, 0xCA, 0xC4, 0x08, 0x39, 0x78, 0x46, 0x27, 0x71, 0x89, 0x5B, 0xCA,
    0x07, 0x1A, 0x05, 0x8F, 0x7E, 0x80, 0xB1, 0xE3, 0x5C, 0x05, 0xF9, 0x58, 0x40, 0xBF, 0x2F, 0x58,
    0x8D, 0xBC, 0x53, 0xE9, 0x83, 0x57, 0x54, 0xCF, 0x90, 0x9F, 0xAD, 0x00, 0x0D, 0xD5, 0x35, 0x94,
    0xCF, 0xA8, 0x6E, 0xF5, 0xAB, 0x0D, 0xDD, 0x69, 0x9F, 0x90, 0xDE, 0x5E, 0x8D, 0xFD, 0x08, 0x6C,
    0x83, 0x79, 0x2A, 0x67, 0xF0, 0x0E, 0x56, 0x0B, 0x34, 0xF5, 0x81, 0x20, 0x95, 0x78, 0x24, 0x12,
    0x29, 0xF4, 0xC5, 0xB3, 0xD8, 0x1D, 0x56, 0x16, 0x2D, 0x9B, 0x02, 0xBE, 0x76, 0x10, 0xDE, 0xD0,
    0x4F, 0xD5, 0x16, 0x3C, 0xC6, 0x47, 0x5D, 0x95, 0x32, 0x14, 0x05, 0x9A, 0x05, 0x92, 0x61, 0xBD,
    0xAE, 0xD2, 0x98, 0x47, 0x29, 0x85, 0x92, 0x80, 0x57, 0x91, 0x4F, 0x26, 0x16, 0x4D, 0x53, 0x22,
    0xB0, 0xB8, 0x0D, 0xC6, 0x91, 0x2E, 0xD3, 0x50, 0x24, 0x97, 0x28, 0x0B, 0xD9, 0xA5, 0xDA, 0xA1,
    0xC4, 0xAC, 0x90, 0x17, 0xB3, 0x4A, 0x19, 0x71, 0xA3, 0x85, 0x0E, 0x52, 0x66, 0xDD, 0xE5, 0xB7,
    0x55, 0x79, 0xCC, 0xA1, 0x91, 0x98, 0x14, 0x5A, 0x02, 0xDB, 0xAA, 0x0B, 0xC3, 0x42, 0xEF, 0xD6,
    0xB4, 0x0B, 0xD2, 0xAF, 0xD2, 0xCF, 0x49, 0x20, 0xEB, 0x74, 0x3A, 0x9D, 0x04, 0x4D, 0x02, 0xF9,
    0x5D, 0x50, 0x75, 0x6A, 0x08, 0x89, 0xB6, 0xEE, 0x80, 0xA5, 0x9E, 0xAD, 0xB7, 0x92, 0xB0, 0x00,
    0x4E, 0x41, 0x7C, 0x90, 0x22, 0xA8, 0x17, 0xD9, 0xEB, 0x29, 0x1B, 0x40, 0xE9, 0xE8, 0x19, 0x13,
    0xD6, 0xB7, 0x02, 0x56, 0x70, 0x94, 0xCC, 0x7B, 0xF7, 0xA4, 0x6E, 0x87, 0xC1, 0x50, 0x23, 0x50,
    0x12, 0x33, 0xD7, 0xD2, 0x37, 0xC0, 0xEC, 0x90, 0x75, 0xEE, 0x18, 0x09, 0xEC, 0x29, 0x1C, 0x10,
    0x7E, 0xCA, 0xC7, 0x4B, 0x49, 0x84, 0xC0, 0xAF, 0x4A, 0x47, 0x12, 0x93, 0x5C, 0xA5, 0x92, 0x7A,
    0x61, 0x7D, 0x9E, 0xBE, 0x91, 0xC7, 0x08, 0xFC, 0x83, 0xAB, 0x21, 0x6E, 0xD6, 0x91, 0xCA, 0x16,
    0xF7, 0xC0, 0x73, 0x2E, 0x70, 0x75, 0x29, 0xAB, 0xA6, 0xC0, 0x69, 0xC1, 0x27, 0x98, 0x3F, 0x29,
    0x48, 0xE8, 0x87, 0x4F, 0x41, 0x65, 0xA5, 0x23, 0xA8, 0x10, 0xE9, 0x57, 0x69, 0x65, 0x7E, 0x98,
    0x5F, 0x65, 0x48, 0xEB, 0x90, 0x56, 0xA0, 0x71, 0x99, 0x79, 0x2E, 0xA0, 0x39, 0x17, 0x97, 0x70,
    0x98, 0xB6, 0x42, 0x91, 0xA1, 0xA8, 0xC9, 0x83, 0x19, 0x5A, 0x46, 0x9C, 0x3C, 0x9A, 0x01, 0x3C,
    0x9D, 0x57, 0x2B, 0x10, 0x0B, 0xE5, 0xB0, 0x03, 0xE5, 0x06, 0xFB, 0x47, 0x6F, 0x4A, 0xC0, 0x04,
    0xC9, 0x1F, 0x56, 0xA0, 0x4C, 0x90, 0xCA, 0x6A, 0x13, 0x3C, 0x6B, 0xC1, 0x3F, 0x2A, 0xD0, 0x1E,
    0xE4, 0x8B, 0xAA, 0xEA, 0x00, 0xF5, 0x2D, 0x90, 0x1A, 0xE5, 0x63, 0x17, 0x84, 0x83, 0xC3, 0x5F,
    0xF8, 0x62, 0x64, 0x1D, 0xF9, 0x02, 0x2A, 0xE3, 0x4A, 0x98, 0x2B, 0xA5, 0x5F, 0x01, 0x0C, 0x8F,
    0xA3, 0x20, 0xC9, 0xD0, 0x3C, 0x14, 0xA4, 0x6C, 0xC5, 0xDF, 0x40, 0x31, 0x4C, 0x15, 0xF3, 0xD6,
    0x80, 0x8A, 0x56, 0x50, 0x3E, 0xC9, 0x17, 0xB5, 0x1D, 0x86, 0xA9, 0xB0, 0x0A, 0x7C, 0x38, 0x7C,
    0xD4, 0x12, 0x8F, 0x40, 0xA9, 0x20, 0x10, 0x48, 0x0A, 0x53, 0x0B, 0xB5, 0x45, 0xDF, 0x3D, 0x60,
    0x13, 0x24, 0x18, 0xBA, 0x01, 0xBA, 0x75, 0x28, 0x5A, 0x2D, 0xA8, 0x05, 0x99, 0xC3, 0x40, 0x5D,
    0x21, 0x45, 0x4C, 0x5E, 0x94, 0x08, 0xE5, 0xB5, 0xC0, 0x7B, 0x90, 0x79, 0xA8, 0x46, 0x6C, 0x6B,
    0xE9, 0x1A, 0xA2, 0x0F, 0x54, 0x0B, 0x76, 0x87, 0x01, 0xB2, 0x5A, 0x82, 0x7D, 0x53, 0x5B, 0x4D,
    0x81, 0xD4, 0xE2, 0x76, 0x59, 0x8C, 0x42, 0xA5, 0x21, 0xA0, 0xCC, 0xE0, 0xF6, 0x7B, 0x0C, 0x4F,
    0x01, 0x24, 0xC9, 0x4D, 0xA0, 0xD7, 0x38, 0x05, 0xA2, 0x15, 0x13, 0xC6, 0x44, 0x2A, 0x74, 0x5C,
    0x9D, 0x3A, 0x67, 0x19, 0x87, 0x45, 0xB2, 0x46, 0x96, 0x94, 0xAE, 0x29, 0x0B, 0x88, 0xE4, 0x68,
    0xDF, 0x4A, 0x7C, 0x9A, 0x17, 0xF1, 0xB8, 0xE4, 0xE5, 0xD6, 0x3A, 0x04, 0x8E, 0x1D, 0x60, 0x0B,
    0xD4, 0xB0, 0xF4, 0x38, 0x2D, 0x92, 0x05, 0x1F, 0x87, 0x95, 0x5E, 0x41, 0x6B, 0x9E, 0x52, 0x8D,
    0xFA, 0x42, 0x44, 0xB1, 0x41, 0x8F, 0x95, 0x8C, 0x31, 0xF2, 0xFD, 0x53, 0x60, 0x90, 0x58, 0x14,
    0x5E, 0x09, 0x28, 0xC0, 0x4E, 0xA0, 0xB6, 0x18, 0x14, 0x22, 0x00, 0xDD, 0xF9, 0x6B, 0x27, 0xB3,
    0x76, 0xEF, 0xCA, 0x19, 0x1A, 0x82, 0x45, 0xE0, 0x34, 0x9D, 0x75, 0x4A, 0x55, 0x0A, 0x80, 0xC7,
    0x29, 0x12, 0xDD, 0x34, 0xFE, 0x48, 0x9E, 0xE9, 0x42, 0x26, 0x1D, 0xAA, 0x14, 0x4A, 0xC7, 0x01,
    0x6E, 0xF4, 0xA8, 0xF4, 0xB8, 0x15, 0x52, 0x4F, 0x06, 0xF8, 0xC6, 0x32, 0x6D, 0x8E, 0x94, 0x8E,
    0x13, 0x60, 0x62, 0xD4, 0xB0, 0xF3, 0xE8, 0x2D, 0xD6, 0x04, 0xC5, 0xA9, 0x44, 0x29, 0x53, 0x6A,
    0x9C, 0xB8, 0x0F, 0xD2, 0x80, 0x48, 0x21, 0x31, 0xD8, 0xE9, 0x60, 0x65, 0x2F, 0xA3, 0xC0, 0x2A,
    0x10, 0x08, 0xAC, 0x26, 0x25, 0x1D, 0xA3, 0xD0, 0x57, 0x5B, 0x4C, 0xA8, 0x4C, 0xE5, 0x27, 0xA4,
    0x64, 0x69, 0x53, 0xB2, 0x68, 0x4A, 0x56, 0x0D, 0x0A, 0x65, 0x81, 0x55, 0x2A, 0x15, 0x23, 0x2A,
    0xFD, 0xE9, 0x15, 0x8A, 0x55, 0x20, 0x4C, 0x48, 0x18, 0xB2, 0xA1, 0x9B, 0x52, 0x5B, 0x1A, 0x55,
    0x08, 0xAC, 0xD2, 0x23, 0xB4, 0xF2, 0x80, 0x0F, 0x96, 0x5E, 0x93, 0xB4, 0xA5, 0x50, 0xC1, 0xDF,
    0x4C, 0x9D, 0x1A, 0x0C, 0x64, 0x79, 0x6D, 0xC9, 0xBB, 0x20, 0x0F, 0x4F, 0x25, 0x46, 0x83, 0xD1,
    0xE8, 0x26, 0x02, 0x96, 0xEA, 0x95, 0x44, 0x10, 0xAD, 0xB2, 0x34, 0x68, 0x4D, 0x1E, 0x80, 0x66,
    0x09, 0x6F, 0x89, 0xCD, 0x20, 0x5A, 0xCF, 0x1F, 0x46, 0x84, 0x51, 0xE7, 0xE6, 0x1B, 0x97, 0x06,
    0x95, 0x46, 0x24, 0xAC, 0x82, 0xC3, 0x20, 0x0C, 0x4A, 0x7C, 0x01, 0x89, 0x71, 0x29, 0x54, 0x50,
    0x0C, 0x4B, 0xFF, 0x56, 0x2D, 0xBC, 0xF2, 0x00, 0x29, 0xA7, 0x1C, 0x05, 0x32, 0x2B, 0xBC, 0xF2,
    0x54, 0x79, 0xFD, 0x27, 0x95, 0x4A, 0xA2, 0x1E, 0x3E, 0x99, 0x30, 0x0F, 0x4A, 0x80, 0x01, 0xE9,
    0x73, 0x89, 0x67, 0x3A, 0xB4, 0xBC, 0x13, 0xF4, 0x82, 0x80, 0xE2, 0x59, 0x7A, 0x4F, 0x44, 0x03,
    0xF2, 0x82, 0x80, 0xE2, 0x99, 0x50, 0x82, 0x4B, 0x29, 0x49, 0xEA, 0x52, 0xA8, 0x65, 0x69, 0xB6,
    0x5C, 0x20, 0x92, 0xA1, 0x1A, 0x26, 0x5D, 0x7A, 0x55, 0x04, 0xAD, 0x36, 0xCA, 0xD1, 0xBF, 0xB4,
    0xF9, 0x30, 0x1A, 0xA5, 0x8D, 0xA4, 0xF6, 0xC0, 0xE7, 0x2F, 0xED, 0x56, 0x54, 0x06, 0xBA, 0xD1,
    0xBF, 0x60, 0x13, 0x96, 0x2E, 0x93, 0xDE, 0xA5, 0x4F, 0x4A, 0x1D, 0x20, 0x36, 0xD7, 0xFA, 0x02,
    0xD9, 0x63, 0xA9, 0x3E, 0x10, 0x47, 0xCB, 0xFA, 0x06, 0xFB, 0x02, 0x5E, 0x94, 0x9F, 0x28, 0x04,
    0x64, 0x09, 0x89, 0x80, 0xDE, 0x79, 0x00, 0xAF, 0x4A, 0x80, 0x03, 0x89, 0x7A, 0x00, 0x4B, 0x22,
    0xA3, 0x57, 0x1E, 0x15, 0x69, 0x4F, 0xC0, 0x93, 0x2F, 0x58, 0x26, 0x64, 0x56, 0x99, 0x81, 0xA6,
    0x40, 0x82, 0x94, 0xF8, 0x10, 0x52, 0xF7, 0x82, 0x2E, 0x50, 0x90, 0x35, 0x53, 0x22, 0x07, 0x1A,
    0x7C, 0x81, 0x05, 0x20, 0x08, 0x48, 0x05, 0x94, 0x81, 0x80, 0x66, 0x59, 0x4A, 0x4F, 0xD4, 0x02,
    0x12, 0x2F, 0x2C, 0xC0, 0xDB, 0x3C, 0x98, 0x17, 0x25, 0x40, 0x01, 0xB4, 0xBF, 0x20, 0x23, 0x91,
    0x83, 0xAB, 0x94, 0x0A, 0xF4, 0xA4, 0xC0, 0x49, 0xA7, 0xF2, 0x95, 0x40, 0x2B, 0x54, 0xA5, 0x40,
    0x40, 0xA6, 0x58, 0x0B, 0x96, 0xFF, 0xD2, 0xA7, 0xC5, 0x6B, 0xAD, 0x1B, 0xFA, 0x06, 0xD9, 0x40,
    0xEA, 0x50, 0xBA, 0x54, 0xF0, 0xAD, 0x76, 0xCA, 0x85, 0x9E, 0x54, 0x33, 0x76, 0xCA, 0x0E, 0x05,
    0xB9, 0x7F, 0xC0, 0xED, 0x68, 0x15, 0x3E, 0x4E, 0x01, 0xA9, 0x64, 0xE9, 0x30, 0xA0, 0x2D, 0xCA,
    0x04, 0x06, 0x59, 0x01, 0xE2, 0xA0, 0xA6, 0xAC, 0x38, 0x12, 0xB2, 0x32, 0xED, 0x72, 0x34, 0x68,
    0x40, 0x2D, 0xE5, 0x11, 0x05, 0x34, 0x8C, 0x43, 0x5C, 0x80, 0x35, 0xE5, 0x40, 0x06, 0xBC, 0xA2,
    0xA0, 0xD7, 0xA0, 0x90, 0x67, 0x8F, 0x08, 0xC4, 0xA7, 0xE6, 0xF4, 0x94, 0x64, 0x0B, 0x92, 0x2B,
    0x6C, 0xC1, 0xC1, 0x58, 0x08, 0x1D, 0xE5, 0x92, 0xA4, 0xC7, 0x00, 0xB9, 0x28, 0x0D, 0x37, 0xFD,
    0x1A, 0x81, 0x05, 0x76, 0x60, 0x26, 0xA0, 0x17, 0xE7, 0x3F, 0xA4, 0x63, 0xC0, 0xBD, 0x60, 0x3E,
    0x57, 0xF9, 0x48, 0xC6, 0x01, 0x72, 0x43, 0x4A, 0x98, 0x1E, 0xA9, 0x47, 0xA0, 0x52, 0xA7, 0x80,
    0x76, 0xA0, 0x16, 0xA7, 0x41, 0xA4, 0x64, 0x00, 0xB3, 0x48, 0x10, 0x51, 0x66, 0x07, 0x49, 0x01,
    0x6A, 0xFB, 0x10, 0x2D, 0x58, 0x0E, 0xD3, 0x82, 0x05, 0x42, 0x9B, 0x40, 0x2C, 0xC8, 0xD7, 0x94,
    0x00, 0xDC, 0xA0, 0xE0, 0x50, 0x96, 0xDC, 0x0B, 0x32, 0x83, 0x85, 0x62, 0xE1, 0x48, 0x95, 0x14,
    0x1C, 0x16, 0x82, 0x00, 0xA6, 0x59, 0x60, 0xA3, 0xCA, 0x09, 0x4D, 0x81, 0x46, 0xA0, 0x31, 0x78,
    0x00, 0x13, 0x31, 0x02, 0x03, 0x5C, 0xB2, 0x61, 0x1A, 0xA0, 0x0F, 0x67, 0x90, 0x16, 0xBC, 0x80,
    0xA9, 0x3C, 0x80, 0x0A, 0xA5, 0xFF, 0x02, 0xA4, 0x80, 0xE9, 0x5F, 0xE5, 0x23, 0x1A, 0x03, 0xB9,
    0x7F, 0x00, 0xE5, 0x70, 0x38, 0xCB, 0x19, 0x4A, 0x9E, 0xD3, 0x7F, 0xC0, 0x4D, 0xA0, 0x1B, 0x64,
    0x06, 0xC9, 0x81, 0x32, 0x53, 0xCA, 0x67, 0xF8, 0x0D, 0x96, 0x80, 0x84, 0x5A, 0x59, 0x20, 0x26,
    0x4A, 0x7C, 0x6D, 0x79, 0x4A, 0xC0, 0xDF, 0x6C, 0xA0, 0x10, 0x25, 0x40, 0x04, 0xBC, 0xB6, 0xE0,
    0x81, 0x94, 0x10, 0x0E, 0x76, 0x0C, 0xD5, 0xE8, 0x41, 0x9A, 0xB6, 0x58, 0x2E, 0x72, 0xA1, 0x02,
    0xEE, 0x5B, 0xE0, 0x54, 0xCA, 0x11, 0x4D, 0x81, 0xC6, 0xA0, 0xF1, 0x70, 0x50, 0x58, 0x38, 0xD4,
    0xCB, 0x85, 0xD6, 0x80, 0x6C, 0x98, 0x5D, 0x68, 0x05, 0x9A, 0x03, 0x7A, 0xA1, 0x74, 0x98, 0x16,
    0x27, 0x00, 0x03, 0xAD, 0x82, 0xE7, 0x3A, 0x08, 0x16, 0x68, 0x17, 0x29, 0x82, 0x86, 0xB9, 0x10,
    0x8B, 0x4A, 0x80, 0x11, 0x69, 0x6C, 0x42, 0xE7, 0x40, 0x3A, 0xD4, 0x0B, 0x93, 0xC7, 0x01, 0x4E,
    0x53, 0xB0, 0x2E, 0x48, 0x0E, 0x95, 0x0B, 0x9D, 0x76, 0xE0, 0x5C, 0x90, 0x5C, 0xE6, 0x0E, 0xAB,
    0xC0, 0xC0, 0xF1, 0x2C, 0xA0, 0x14, 0xE5, 0x40, 0x0A, 0x8C, 0x82, 0xC5, 0x60, 0x0E, 0x4B, 0x30,
    0x05, 0x39, 0x05, 0xD2, 0x91, 0xA8, 0x28, 0x29, 0xAD, 0x93, 0x0F, 0xD5, 0x42, 0xED, 0x40, 0x3D,
    0x5E, 0x0C, 0x04, 0x49, 0x66, 0x02, 0xEF, 0x40, 0xE9, 0x56, 0x06, 0x05, 0xC9, 0x05, 0xD6, 0x62,
    0x3A, 0xA8, 0x74, 0x68, 0x17, 0x3A, 0x01, 0x92, 0x41, 0x12, 0xA5, 0x0E, 0x91, 0x8E, 0x08, 0x95,
    0x83, 0x9D, 0xA0, 0xB8, 0x50, 0x39, 0xB6, 0x03, 0x5C, 0x83, 0x97, 0x40, 0x35, 0x50, 0x39, 0x94,
    0x08, 0xB4, 0xC0, 0xD7, 0x40, 0xE6, 0xDC, 0x1D, 0x55, 0xCA, 0x01, 0xB2, 0x41, 0x16, 0x95, 0x36,
    0x02, 0x0F, 0x7D, 0x63, 0xC1, 0x49, 0x20, 0xE8, 0xC8, 0x2E, 0x74, 0x12, 0x14, 0xE1, 0x00, 0x6C,
    0x96, 0x68, 0x2E, 0x54, 0x03, 0xAD, 0xC2, 0x43, 0x20, 0xB8, 0xD0, 0x48, 0x34, 0x0B, 0x8D, 0x42,
    0xE1, 0x50, 0x1B, 0xD3, 0x26, 0x17, 0x09, 0x50, 0x01, 0xDB, 0x21, 0x45, 0xCE, 0x02, 0x24, 0x5C,
    0x07, 0x3A, 0xB8, 0xF0, 0x1B, 0xC8, 0x39, 0xD9, 0xCA, 0x85, 0xBE, 0x60, 0xA4, 0xA7, 0xF0, 0x48,
    0xF5, 0x03, 0x1C, 0xB1, 0xA0, 0xA1, 0x94, 0xF0, 0x39, 0x9C, 0xDF, 0x07, 0x33, 0xE1, 0x71, 0x97,
    0x04, 0x39, 0x9C, 0x0A, 0xDD, 0x78, 0x81, 0x72, 0xA0, 0xAD, 0x6C, 0x11, 0x99, 0x71, 0xC2, 0xE5,
    0x40, 0xE6, 0x52, 0x8F, 0x40, 0x14, 0x9C, 0xA8, 0xA2, 0x40, 0xB0, 0x15, 0xE7, 0x96, 0x14, 0x9C,
    0x83, 0x91, 0x60, 0x41, 0xCA, 0x7C, 0x02, 0x89, 0x74, 0x42, 0x2B, 0x40, 0x6E, 0x54, 0x2D, 0xF2,
    0x01, 0xDC, 0xBA, 0x81, 0x6F, 0xB7, 0xFD, 0xCD, 0x34, 0x0E, 0x2C, 0x80, 0x37, 0x2C, 0x60, 0xA5,
    0x64, 0x17, 0x29, 0x87, 0x1F, 0x02, 0x93, 0x94, 0xF4, 0x47, 0xF7, 0x03, 0x7D, 0x3B, 0xC1, 0x71,
    0xA4, 0x0A, 0x9E, 0x3C, 0x39, 0xE5, 0x82, 0xE5, 0x28, 0x38, 0x15, 0xE5, 0x92, 0x14, 0x9C, 0x82,
    0xE7, 0x50, 0xE4, 0xD0, 0x2E, 0x12, 0xF2, 0x85, 0xC2, 0x81, 0xC8, 0xB0, 0x1C, 0xA5, 0x99, 0x14,
    0x8C, 0x82, 0xE1, 0x30, 0x39, 0x54, 0x2E, 0x15, 0xF5, 0x85, 0xC2, 0x82, 0x3D, 0xDF, 0xBC, 0x2D,
    0xD4, 0x11, 0xED, 0x60, 0x40, 0x59, 0x97, 0xC8, 0x0B, 0x34, 0x11, 0xED, 0x7F, 0xF4, 0xF8, 0x30,
    0x2E, 0xA5, 0x90, 0x14, 0x94, 0x83, 0x95, 0xBF, 0xE8, 0x16, 0x65, 0x8D, 0x14, 0x94, 0x82, 0xE5,
    0x20, 0x6F, 0x63, 0xF6, 0x07, 0x79, 0x62, 0xC5, 0x25, 0x20, 0xB8, 0xCF, 0xFC, 0xE9, 0x2A, 0x07,
    0x3E, 0xB8, 0xE1, 0x49, 0x48, 0x39, 0xF9, 0x80, 0x53, 0xE0, 0xE1, 0x72, 0x90, 0xA5, 0x26, 0x17,
    0x3A, 0x81, 0xE2, 0x55, 0x68, 0x78, 0x11, 0x68, 0x2E, 0x9A, 0xC1, 0xC2, 0xE9, 0x40, 0xE8, 0xD4,
    0x2B, 0xF4, 0x14, 0xB4, 0x82, 0xE9, 0x30, 0xE8, 0xD6, 0x12, 0x06, 0x09, 0x66, 0xC5, 0x2B, 0x20,
    0xB9, 0x4C, 0x0F, 0x33, 0x83, 0x07, 0x36, 0x62, 0x95, 0x90, 0x5C, 0x66, 0x07, 0xAA, 0x85, 0xC6,
    0x42, 0x94, 0x90, 0x5C, 0xA6, 0x07, 0x9A, 0x8D, 0x12, 0xB1, 0x90, 0xB9, 0xD2, 0x07, 0x4E, 0x89,
    0xC1, 0x66, 0x31, 0x7A, 0x94, 0xA2, 0x83, 0x3A, 0x83, 0xD8, 0x60, 0x30, 0x8B, 0x0C, 0x6B, 0x01,
    0x2B, 0xC9, 0x4F, 0x60, 0xD5, 0xA8, 0x54, 0x6B, 0x17, 0x17, 0xA9, 0xD2, 0x6C, 0x15, 0x29, 0x9A,
    0x5F, 0xFF, 0x63, 0x81, 0x47, 0xA1, 0x31, 0xCC, 0x85, 0x2F, 0xE9, 0x54, 0x93, 0x40, 0x60, 0x51,
    0x18, 0x24, 0x8B, 0x01, 0x34, 0x82, 0xD7, 0xE0, 0x56, 0x98, 0x04, 0x52, 0x0B, 0x25, 0xD6, 0x4D,
    0xE6, 0xF6, 0x08, 0x05, 0x5E, 0x19, 0x14, 0x80, 0xC4, 0x60, 0x14, 0x6D, 0x75, 0x3E, 0x55, 0x02,
    0x80, 0xC4, 0xA9, 0x12, 0x3D, 0x34, 0xD6, 0x48, 0xAE, 0xC9, 0x40, 0x22, 0xB0, 0x89, 0x37, 0x6A,
    0x71, 0x12, 0xB5, 0xC0, 0x6B, 0x10, 0x84, 0xB3, 0x4A, 0x8F, 0x47, 0x81, 0x54, 0x24, 0xEF, 0x5E,
    0x94, 0xCA, 0xCB, 0x61, 0x88, 0x47, 0xE4, 0x36, 0x39, 0x9D, 0x5E, 0xCD, 0x00, 0xB3, 0xC8, 0x62,
    0x70, 0x59, 0x25, 0xD2, 0x6D, 0x26, 0xB4, 0x43, 0xA2, 0x70, 0xA8, 0x84, 0x7A, 0x8B, 0x02, 0xA7,
    0x03, 0xDE, 0x70, 0x30, 0x48, 0xCA, 0xC3, 0x4A, 0x9F, 0xD2, 0xFF, 0x42, 0x19, 0x98, 0x01, 0xE5,
    0x04, 0x05, 0x1C, 0xAC, 0x54, 0xA9, 0xED, 0x2E, 0x01, 0x54, 0x93, 0x82, 0x96, 0x4E, 0x8E, 0x9C,
    0x14, 0x16, 0xD2, 0xB1, 0xD2, 0xA7, 0x74, 0xB8, 0x20, 0x2D, 0xE4, 0xEA, 0x69, 0xC1, 0x00, 0xD3,
    0x20, 0x08, 0x4E, 0x0A, 0x0A, 0x1A, 0x00, 0x42, 0x60, 0x7B, 0x98, 0x08, 0x65, 0x4C, 0x04, 0x9C,
    0xE0, 0x40, 0x89, 0x95, 0x82, 0x95, 0x41, 0xA5, 0xC1, 0x81, 0xD5, 0x27, 0x66, 0x4E, 0x02, 0x0F,
    0xA9, 0x57, 0xE9, 0x54, 0x3A, 0x5C, 0x1C, 0x1F, 0x72, 0x76, 0xE4, 0xE0, 0x00, 0xAA, 0x95, 0x7A,
    0x95, 0x45, 0xA5, 0xC2, 0x41, 0x35, 0x27, 0x79, 0xCF, 0xFF, 0x4E, 0x97, 0x04, 0x76, 0x55, 0xCA,
    0x55, 0x12, 0x97, 0x08, 0x04, 0xDC, 0x9E, 0x0B, 0x3F, 0xF5, 0x23, 0x25, 0x4A, 0xA1, 0x00, 0x5E,
    0x40, 0xC3, 0x9F, 0xFC, 0x27, 0xD2, 0xAE, 0xD2, 0xA8, 0x00, 0x26, 0x90, 0x6B, 0xE6, 0x01, 0x79,
    0xC0, 0x69, 0xD2, 0xF0, 0xAC, 0x4A, 0xBE, 0x1A, 0xFA, 0x00, 0x9E, 0x70, 0x20, 0x27, 0x4A, 0xC1,
    0x4A, 0x9E, 0x52, 0xE1, 0x14, 0xDA, 0x0D, 0x3C, 0x3A, 0x93, 0x81, 0xD1, 0x9F, 0x43, 0x3B, 0x08,
    0x13, 0xE8, 0x0F, 0xA9, 0xC1, 0x28, 0xDB, 0x40, 0x95, 0x4A, 0xC4, 0x07, 0x09, 0x40, 0x83, 0x5D,
    0x40, 0x34, 0x52, 0x8D, 0xB7, 0x0C, 0xB4, 0xAC, 0x60, 0x52, 0x94, 0x00, 0x0A, 0x52, 0x03, 0x4D,
    0x28, 0xDB, 0xA0, 0x29, 0xCA, 0xC4, 0x05, 0x39, 0x7F, 0x6A, 0x92, 0x60, 0xAC, 0xC8, 0x0D, 0x54,
    0xA3, 0x6F, 0x82, 0xC3, 0x2B, 0x08, 0x15, 0x65, 0xFB, 0xA6, 0xD0, 0x6A, 0x66, 0x73, 0x9C, 0x0A,
    0x8D, 0xC1, 0x00, 0xDC, 0xAC, 0x14, 0xBF, 0xED, 0x30, 0x1E, 0xF3, 0x80, 0xD1, 0xB8, 0x80, 0x2C,
    0x95, 0x7C, 0x0A, 0xB2, 0x04, 0xAC, 0xE0, 0x40, 0x46, 0xA0, 0x19, 0xA5, 0x46, 0xE3, 0x81, 0x66,
    0x94, 0x1A, 0x5C, 0x0C, 0x2B, 0x34, 0x02, 0xCC, 0xFF, 0xD4, 0x6E, 0x50, 0x16, 0x65, 0x5C, 0xA5,
    0x4F, 0x80, 0xC7, 0x2F, 0xE0, 0x1C, 0x69, 0xFF, 0xA3, 0x73, 0x80, 0xB3, 0x28, 0x48, 0x21, 0xE7,
    0x4E, 0x97, 0xD1, 0xBA, 0x20, 0x18, 0x95, 0x78, 0x0E, 0x33, 0x03, 0x85, 0x68, 0xDD, 0x40, 0xD7,
    0x48, 0x0E, 0x12, 0x01, 0x04, 0x83, 0x5F, 0x3A, 0x05, 0x42, 0x0F, 0x55, 0x85, 0xD5, 0x82, 0xD3,
    0x38, 0x15, 0x1B, 0xAE, 0x09, 0x59, 0x58, 0x01, 0x0F, 0x28, 0x00, 0x6D, 0x24, 0x0A, 0xE9, 0xC0,
    0xE8, 0xDD, 0xB0, 0x28, 0xD2, 0x85, 0x4B, 0xFF, 0x01, 0x6F, 0x10, 0x4A, 0x37, 0x78, 0x0C, 0xB4,
    0xA2, 0x52, 0xFF, 0x74, 0xC8, 0x45, 0x3A, 0x1F, 0x51, 0x5B, 0x1C, 0xE0, 0xB4, 0x6F, 0x08, 0x32,
    0xE5, 0x63, 0x03, 0x2C, 0xBF, 0xA0, 0x78, 0xC7, 0x94, 0x11, 0x74, 0xA1, 0xD2, 0xFF, 0xE0, 0x5D,
    0x95, 0x0A, 0xA8, 0x1E, 0xD9, 0xC0, 0xE8, 0xDE, 0x80, 0x4E, 0xD2, 0x82, 0x53, 0x09, 0x41, 0xC0,
    0xBD, 0x28, 0x50, 0x0C, 0x69, 0x02, 0xA3, 0x7A, 0xC1, 0x63, 0x49, 0xF8, 0x2A, 0x24, 0x9F, 0x59,
    0xC0, 0x28, 0xDE, 0xF0, 0x88, 0xCA, 0xBC, 0x0B, 0x09, 0x42, 0x02, 0x21, 0x20, 0x3D, 0x56, 0x1D,
    0x46, 0xF9, 0x04, 0x8E, 0x55, 0xD0, 0x34, 0xCA, 0x0E, 0x06, 0x2B, 0x7F, 0xA8, 0xDF, 0x50, 0x89,
    0xC8, 0x0F, 0x33, 0x82, 0x04, 0x4E, 0x50, 0xB0, 0x3D, 0x5B, 0xF2, 0x05, 0xF9, 0x03, 0x9E, 0x70,
    0x10, 0x7A, 0xCA, 0x7F, 0x52, 0x89, 0xC0, 0x66, 0x31, 0x1A, 0x94, 0x8A, 0x83, 0x34, 0x83, 0xD7,
    0xE0, 0x36, 0x9B, 0x0C, 0x53, 0x01, 0x25, 0xC9, 0x4D, 0xE0, 0xD5, 0x78, 0x54, 0x53, 0x19, 0x11,
    0xA9, 0x8A, 0x26, 0x53, 0x38, 0xDC, 0x46, 0x31, 0x94, 0xA5, 0x60, 0xEA, 0x72, 0xB8, 0x17, 0xC6,
    0x25, 0x93, 0x56, 0xB4, 0xA4, 0x70, 0x3B, 0x00, 0x5B, 0xE5, 0x87, 0x9C, 0x41, 0x6D, 0x70, 0x28,
    0xAC, 0x4E, 0x25, 0x95, 0xA3, 0xD6, 0x2A, 0x12, 0xE8, 0xFC, 0x35, 0x60, 0x74, 0x95, 0x43, 0x3E,
    0x31, 0xDC, 0x9D, 0x06, 0x46, 0xF1, 0x99, 0x58, 0x18, 0xA5, 0x2C, 0x3D, 0x12, 0x0B, 0x74, 0x81,
    0x31, 0x4A, 0x50, 0xE8, 0xEE, 0x4A, 0x9B, 0xF4, 0xAB, 0x49, 0xAC, 0xB0, 0x28, 0x84, 0x12, 0x43,
    0x80, 0x99, 0xC1, 0x6C, 0xD0, 0x2B, 0x3C, 0x00, 0x2F, 0xD2, 0xD6, 0x4D, 0xA6, 0xF6, 0x88, 0x64,
    0x4E, 0x09, 0x10, 0x80, 0xD1, 0x75, 0xD4, 0xE9, 0x52, 0xC4, 0x3E, 0xB1, 0x09, 0x43, 0x56, 0x21,
    0x28, 0x15, 0x46, 0x55, 0x0A, 0xB0, 0xC7, 0x23, 0xF3, 0xFA, 0xBD, 0xC2, 0x01, 0x0D, 0x90, 0xBE,
    0xAA, 0x57, 0x4A, 0x14, 0x99, 0xF5, 0x52, 0x87, 0x47, 0xA1, 0x51, 0xC8, 0xF5, 0x2E, 0xC7, 0x54,
    0x99, 0x41, 0x6C, 0x31, 0x78, 0xFC, 0xA2, 0xC7, 0x3A, 0xAB, 0xD8, 0x60, 0x10, 0x89, 0x09, 0x76,
    0x25, 0x74, 0x9E, 0xC9, 0xAB, 0x50, 0xE8, 0xD4, 0x2A, 0x2F, 0x1E, 0xA4, 0xE4, 0xEA, 0x41, 0xA7,
    0x90, 0x89, 0x25, 0x5D, 0xA4, 0xE5, 0x29, 0x58, 0xA2, 0xF6, 0xC9, 0x63, 0xD2, 0x16, 0x5C, 0xAC,
    0x34, 0x9C, 0xAD, 0x2B, 0x23, 0x4B, 0xB2, 0x08, 0xDE, 0xCC, 0x9A, 0x90, 0x9E, 0xE5, 0x64, 0xA4,
    0xE5, 0xA9, 0x59, 0x5A, 0x5D, 0x94, 0x52, 0xD3, 0xA7, 0x05, 0x66, 0x66, 0x6D, 0x9D, 0x96, 0x95,
    0x96, 0x1F, 0x95, 0xB6, 0x88, 0x19, 0x96, 0x52, 0x95, 0x97, 0xA5, 0xD9, 0x00, 0x0B, 0x2D, 0xB8,
    0xB9, 0x25, 0x66, 0xA4, 0xE4, 0xE9, 0x59, 0x8A, 0x5D, 0x8C, 0x32, 0xF2, 0x06, 0x8C, 0xF7, 0x43,
    0x44, 0x95, 0x9E, 0x93, 0x92, 0xA5, 0x66, 0x69, 0x76, 0x20, 0x7B, 0xC8, 0x5C, 0x53, 0xDF, 0x08,
    0xCE, 0x56, 0x8A, 0x4E, 0x46, 0x95, 0x9B, 0xA5, 0xD8, 0x44, 0x99, 0x20, 0x94, 0xCF, 0x82, 0x29,
    0xC9, 0x4C, 0x80, 0x25, 0x2C, 0x7D, 0x2B, 0x35, 0x4B, 0xB0, 0x06, 0xEE, 0x50, 0x80, 0x04, 0xCB,
    0x89, 0x46, 0xFF, 0x52, 0xB3, 0x20, 0x18, 0xB7, 0x1C, 0x68, 0x52, 0xB3, 0x52, 0x72, 0x00, 0x2A,
    0x95, 0x84, 0x05, 0x56, 0xE5, 0x0B, 0xAA, 0x53, 0x36, 0x3D, 0xCA, 0xC4, 0x00, 0x59, 0x73, 0x80,
    0x73, 0x2B, 0x40, 0x0E, 0x65, 0x9A, 0x01, 0xCC, 0x80, 0x3B, 0x5E, 0x88, 0x1A, 0xA5, 0x65, 0x02,
    0x4C, 0xC0, 0xA1, 0x6E, 0xA0, 0x15, 0xE5, 0x63, 0x03, 0x5C, 0xB2, 0x80, 0x6B, 0x90, 0xB5, 0x6B,
    0xD7, 0x03, 0x54, 0xAC, 0x34, 0x9C, 0xB8, 0x1D, 0x25, 0x65, 0x13, 0xAC, 0x85, 0xA7, 0x3E, 0xD8,
    0x04, 0x65, 0x5F, 0x00, 0x8C, 0xB1, 0xA0, 0x11, 0x91, 0x11, 0xA7, 0xFD, 0xAB, 0x49, 0xA2, 0x70,
    0x98, 0x84, 0x0C, 0x17, 0x73, 0x04, 0x96, 0x31, 0x60, 0x30, 0x97, 0xEE, 0x9B, 0xFB, 0x1A, 0xBD,
    0x2B, 0xE0, 0x38, 0x96, 0x38, 0x46, 0x12, 0x09, 0x84, 0x80, 0xE1, 0x2B, 0x08, 0x1C, 0x25, 0x91,
    0x03, 0x84, 0x81, 0x35, 0x60, 0x49, 0x58, 0x0D, 0x53, 0xB2, 0x01, 0x6E, 0x59, 0x40, 0x2D, 0xC8,
    0x84, 0x95, 0xDA, 0x0B, 0xCA, 0x56, 0x60, 0x39, 0xCB, 0x2E, 0x07, 0x39, 0x01, 0x92, 0xBB, 0x70,
    0x36, 0xCA, 0xD1, 0x4A, 0xCD, 0x82, 0x12, 0xDB, 0xA1, 0x7C, 0xCA, 0x66, 0x01, 0x09, 0x64, 0x40,
    0xEB, 0xAD, 0xF0, 0x0B, 0xE5, 0x64, 0x01, 0x7C, 0xB2, 0x80, 0x2F, 0x90, 0x08, 0xAB, 0xC1, 0x01,
    0xFC, 0xAC, 0x40, 0x3F, 0x96, 0x44, 0x08, 0xF2, 0x02, 0xF4, 0xA2, 0x70, 0x68, 0x84, 0x08, 0x0A,
    0x78, 0xB0, 0x01, 0x4E, 0x58, 0xE0, 0x30, 0xC8, 0x47, 0xF3, 0xFF, 0x55, 0x8F, 0x45, 0x20, 0x35,
    0xCA, 0xBA, 0x0D, 0xF9, 0x62, 0xC0, 0xE9, 0x20, 0x2E, 0xD6, 0x0B, 0x47, 0xAF, 0xD2, 0xB1, 0xA0,
    0x5C, 0xB0, 0x3D, 0xEB, 0x90, 0x00, 0xBC, 0xBF, 0xE3, 0x39, 0x98, 0x07, 0xE5, 0x63, 0x00, 0xFC,
    0xB2, 0x60, 0x2B, 0x90, 0x8F, 0x67, 0x02, 0x07, 0xFD, 0x20, 0x40, 0xA5, 0x96, 0x4C, 0x14, 0xB5,
    0x03, 0x5D, 0xA0, 0x00, 0xD5, 0x96, 0x44, 0x16, 0xF2, 0xB1, 0x02, 0xDE, 0xDB, 0x40, 0x3A, 0x50,
    0x1A, 0x13, 0xCC, 0x81, 0x6A, 0x40, 0xD9, 0xAE, 0xDC, 0x0E, 0x92, 0xB2, 0x01, 0xD2, 0x59, 0x50,
    0x3A, 0x48, 0x23, 0x72, 0x0B, 0x0D, 0xC0, 0x4F, 0x2F, 0xF8, 0x17, 0x65, 0x90, 0xA5, 0x64, 0x80,
    0x29, 0x22, 0x26, 0x48, 0x00, 0xF2, 0x03, 0xC4, 0xEC, 0x00, 0x27, 0x96, 0x3C, 0x0B, 0x3A, 0x80,
    0xD1, 0xEB, 0xC0, 0x78, 0x96, 0x30, 0x06, 0x12, 0xFE, 0x53, 0x7F, 0x80, 0x3A, 0xB4, 0x09, 0xB3,
    0x72, 0xB1, 0x84, 0xDE, 0xA0, 0x5A, 0xE8, 0x0D, 0x64, 0x0E, 0xF9, 0xE5, 0x80, 0xB7, 0x2B, 0x28,
    0x16, 0xF2, 0x0A, 0x59, 0x41, 0x42, 0xA5, 0x41, 0xF8, 0xD7, 0x7C, 0x01, 0xA9, 0x59, 0xC0, 0x35,
    0x2C, 0xC8, 0x06, 0xA4, 0x05, 0x0A, 0x82, 0x8A, 0x4C, 0xF7, 0x90, 0x0A, 0x27, 0xC4, 0x01, 0xBC,
    0xAC, 0xA0, 0x37, 0x96, 0x58, 0x06, 0xF2, 0x00, 0xB5, 0x78, 0xE0, 0x71, 0x95, 0x8C, 0x09, 0x32,
    0xC9, 0x81, 0x4A, 0x41, 0x18, 0xAF, 0x28, 0x0E, 0x34, 0xB0, 0x81, 0x72, 0x59, 0x02, 0x24, 0x54,
    0x0A, 0x73, 0x09, 0xEC, 0xBF, 0xC1, 0x04, 0x96, 0x3C, 0x23, 0x52, 0xB0, 0x01, 0x52, 0x61, 0x3D,
    0xA7, 0xFC, 0x0B, 0xB2, 0xC8, 0x01, 0x76, 0x56, 0x10, 0x9E, 0x50, 0x0D, 0xDA, 0x23, 0x65, 0x3A,
    0xE0, 0x35, 0x95, 0x88, 0x06, 0xB2, 0x0A, 0xEC, 0x85, 0x2D, 0x48, 0x08, 0x15, 0x69, 0xDB, 0x05,
    0x94, 0xAC, 0x80, 0xBC, 0x96, 0x54, 0x17, 0x92, 0x02, 0x05, 0x7B, 0xC0, 0x57, 0x95, 0x98, 0x0A,
    0xF9, 0x89, 0x83, 0xC2, 0xF0, 0x50, 0xBA, 0xCB, 0x2C, 0x0B, 0xD9, 0x59, 0x41, 0x7B, 0x50, 0xE2,
    0x50, 0x2E, 0x76, 0x06, 0xF5, 0x02, 0xE5, 0xA0, 0x14, 0xCA, 0xC2, 0x0D, 0xC9, 0x64, 0x02, 0x25,
    0x50, 0x55, 0x52, 0xBE, 0x03, 0xC9, 0x63, 0x40, 0x79, 0x20, 0xB8, 0x58, 0x17, 0xD3, 0x08, 0x74,
    0xB2, 0x21, 0x0E, 0x95, 0x84, 0x21, 0xD3, 0x0A, 0xDE, 0xAB, 0xE0, 0x61, 0x96, 0x38, 0x0B, 0x36,
    0x0A, 0xD4, 0xEC, 0x40, 0x72, 0x96, 0x44, 0x0E, 0x52, 0x0B, 0x85, 0xAA, 0x44, 0x43, 0x98, 0x57,
    0x66, 0x16, 0xFD, 0x55, 0x22, 0x4D, 0xF2, 0xA0, 0x58, 0x77, 0x62, 0x0B, 0x0E, 0x03, 0xA3, 0x5C,
    0xD8, 0x11, 0x64, 0x1F, 0x9B, 0x81, 0xBE, 0x79, 0x4A, 0x56, 0x60, 0x02, 0x16, 0xE2, 0x01, 0x92,
    0x56, 0x40, 0x2F, 0x58, 0x2E, 0x55, 0xE3, 0x81, 0xD6, 0x56, 0x20, 0x3A, 0xC8, 0x3A, 0x39, 0xE5,
    0x07, 0x46, 0x60, 0x4A, 0x98, 0x44, 0xE8, 0x01, 0xA9, 0xF3, 0x83, 0x99, 0x8B, 0x20, 0x5B, 0xAA,
    0x0B, 0xF9, 0x07, 0x36, 0xB8, 0xD0, 0x1A, 0x48, 0x2E, 0x34, 0x06, 0x0C, 0x83, 0x9F, 0x5C, 0x80,
    0x73, 0xF1, 0x07, 0x89, 0xC1, 0x01, 0x4D, 0x38, 0x2F, 0xC6, 0x2F, 0x93, 0x9D, 0x48, 0xC8, 0xDD,
    0x2B, 0x04, 0x6A, 0x11, 0x2B, 0xC3, 0xCF, 0x60, 0xB6, 0xE8, 0x15, 0x6A, 0x11, 0x1A, 0x86, 0x45,
    0xF2, 0x34, 0x9F, 0xA5, 0x4A, 0x4D, 0x4B, 0xC9, 0xD5, 0x25, 0xED, 0xD7, 0x9B, 0x75, 0xBE, 0x85,
    0x4A, 0x58, 0xD2, 0x8D, 0x30, 0x88, 0x53, 0xF4, 0x05, 0x79, 0x65, 0x08, 0x47, 0x30, 0x4C, 0xD2,
    0xCB, 0x49, 0x80, 0x54, 0xA4, 0xE1, 0xED, 0x96, 0x54, 0x18, 0xF2, 0x14, 0x34, 0x81, 0x35, 0x2B,
    0x45, 0x26, 0x08, 0x0D, 0x59, 0x65, 0x81, 0xAB, 0x2B, 0x28, 0x2B, 0x6E, 0x07, 0xA9, 0x41, 0x44,
    0xD9, 0x30, 0x55, 0xD0, 0x4C, 0x52, 0xA3, 0xD9, 0x01, 0xF5, 0x2C, 0xA0, 0x3E, 0xA4, 0x29, 0xFB,
    0xD8, 0xA9, 0x30, 0x60, 0x87, 0x4B, 0x26, 0x18, 0xE9, 0x05, 0x36, 0x7B, 0xA0, 0xF4, 0xD2, 0x0F,
    0x4A, 0xC7, 0xD2, 0xF2, 0x40, 0x7B, 0xA0, 0x9E, 0x27, 0xBE, 0x04, 0x1C, 0xAB, 0xD4, 0x98, 0x48,
    0x4C, 0x65, 0x91, 0x09, 0xD4, 0x82, 0x67, 0x3E, 0x08, 0x7A, 0xA7, 0x49, 0x84, 0x01, 0xEA, 0x58,
    0xFA, 0x6D, 0x80, 0x14, 0xD6, 0xB0, 0x80, 0x6A, 0x41, 0x55, 0x90, 0x29, 0x28, 0x10, 0xC9, 0xC1,
    0x82, 0xCD, 0x2C, 0x80, 0x63, 0xE8, 0x01, 0x89, 0xF2, 0x83, 0xD7, 0x30, 0xBC, 0x4B, 0x24, 0x03,
    0xC9, 0x0A, 0x8A, 0xA2, 0xD3, 0x9C, 0x20, 0x26, 0xF2, 0xC9, 0x84, 0xDE, 0x40, 0x3C, 0x98, 0x59,
    0x25, 0x4F, 0x99, 0x52, 0x60, 0xB4, 0xBC, 0xA0, 0x28, 0x69, 0xFE, 0x03, 0x74, 0xA0, 0x40, 0x17,
    0x96, 0x54, 0x0A, 0x96, 0xEB, 0x81, 0x92, 0x56, 0x3A, 0x4C, 0x00, 0x05, 0x32, 0xCB, 0x84, 0xDA,
    0x56, 0x50, 0xB0, 0xD0, 0x1F, 0x73, 0xB0, 0xD2, 0x7F, 0xB5, 0x29, 0x30, 0x2D, 0x65, 0x95, 0x0C,
    0x95, 0x00, 0x29, 0x3E, 0xF0, 0x79, 0xA9, 0xFB, 0x02, 0xB4, 0xB2, 0x80, 0x56, 0x95, 0x8C, 0x55,
    0x5A, 0x81, 0x52, 0x7F, 0xB4, 0xBC, 0x98, 0x96, 0xAC, 0x09, 0xC9, 0x81, 0xC6, 0x80, 0x46, 0x98,
    0x17, 0xA5, 0x62, 0xA4, 0xC0, 0xC1, 0x05, 0x2C, 0x80, 0x64, 0x68, 0x05, 0x79, 0x0D, 0x0A, 0x90,
    0x60, 0x4A, 0x4B, 0x1E, 0x03, 0xF9, 0x58, 0x15, 0x1D, 0x30, 0x08, 0xCA, 0xCC, 0x08, 0x19, 0x02,
    0x92, 0x40, 0xAC, 0xB0, 0x7B, 0xE7, 0x06, 0x05, 0xB4, 0xB2, 0x20, 0xB6, 0x90, 0x1C, 0x27, 0xB4,
    0x12, 0xE5, 0x20, 0x60, 0xC7, 0x96, 0x48, 0x18, 0xF2, 0x03, 0x8C, 0xF6, 0xE0, 0xD9, 0xA0, 0x16,
    0x67, 0x93, 0x02, 0xCC, 0x81, 0x5D, 0x50, 0xF5, 0x57, 0xFC, 0x05, 0x9A, 0x65, 0x00, 0xB3, 0x55,
    0x7A, 0x7D, 0x5E, 0x94, 0x85, 0xC5, 0xA0, 0x6E, 0xC5, 0x91, 0x4E, 0x27, 0xBE, 0x0F, 0xCD, 0x3F,
    0x60, 0xB5, 0x96, 0x58, 0x26, 0x12, 0x03, 0xE4, 0xC6, 0xBF, 0x20, 0xA1, 0x4B, 0xFB, 0x4A, 0xC5,
    0xD3, 0x02, 0x81, 0x3E, 0x20, 0x7E, 0x6D, 0xFF, 0x16, 0x1C, 0xB2, 0xA0, 0x67, 0x90, 0x20, 0x67,
    0xC7, 0x0F, 0xD5, 0x20, 0x40, 0x71, 0x96, 0x44, 0x06, 0x52, 0x0A, 0x14, 0xC0, 0x7D, 0x30, 0x60,
    0xCE, 0xC8, 0x10, 0x69, 0x65, 0x00, 0x8F, 0x20, 0xBC, 0x4C, 0x2C, 0xD3, 0xB3, 0x03, 0x06, 0x59,
    0x80, 0x30, 0xCA, 0x0D, 0x4D, 0xB1, 0x2C, 0x06, 0x9D, 0x10, 0x39, 0xCA, 0xD0, 0xA1, 0x49, 0x41,
    0xC3, 0x3B, 0x2C, 0x80, 0x67, 0x64, 0x22, 0xAA, 0xC1, 0x68, 0xF6, 0x65, 0x29, 0x4A, 0x08, 0x06,
    0xD9, 0x63, 0xC0, 0x29, 0x20, 0x7C, 0x4F, 0xAE, 0x01, 0xD9, 0x59, 0x16, 0x05, 0x28, 0x08, 0x09,
    0xA5, 0x90, 0x0D, 0x04, 0xAC, 0x24, 0x1A, 0xFD, 0xB2, 0x02, 0x41, 0xAB, 0xAA, 0xC6, 0x51, 0x22,
    0x0D, 0x4C, 0x42, 0x16, 0x03, 0xEC, 0xF2, 0x20, 0x38, 0x90, 0x84, 0x2F, 0xFC, 0x02, 0xDC, 0xB2,
    0x42, 0x10, 0xA0, 0x31, 0x26, 0x20, 0xF9, 0x06, 0xBA, 0x59, 0x30, 0xD7, 0x48, 0x0B, 0x12, 0x10,
    0x65, 0xBF, 0xE0, 0x7D, 0x96, 0x54, 0x0F, 0xB2, 0x0B, 0x8D, 0x6C, 0x20, 0x6B, 0xB6, 0x58, 0x0D,
    0x74, 0x04, 0x3C, 0x82, 0x19, 0x48, 0x25, 0x28, 0x31, 0x72, 0x18, 0xBD, 0xC1, 0x0F, 0x2B, 0x28,
    0x18, 0x24, 0x18, 0xCC, 0x05, 0xF2, 0x63, 0x7A, 0x96, 0x68, 0x10, 0xB2, 0x84, 0x02, 0x12, 0x84,
    0x1B, 0xAC, 0x10, 0x0F, 0x92, 0xC9, 0x01, 0xF2, 0x61, 0x7B, 0xB5, 0x90, 0x27, 0x12, 0xCA, 0x81,
    0x32, 0x40, 0x66, 0x90, 0x2E, 0xE8, 0x20, 0x79, 0xFF, 0xC0, 0xAD, 0x20, 0x85, 0xD0, 0x17, 0x74,
    0x82, 0x02, 0xCE, 0x5F, 0xC0, 0x8D, 0xC8, 0x63, 0xB5, 0x0B, 0xE5, 0x60, 0x74, 0x7A, 0xF0, 0x4D,
    0x65, 0x90, 0x0C, 0x65, 0xB8, 0xE2, 0x07, 0xA7, 0xF8, 0x0B, 0x12, 0xC8, 0x90, 0x6E, 0xA0, 0x57,
    0x94, 0x04, 0x0A, 0xF2, 0xC8, 0x00, 0xD2, 0x5F, 0xF0, 0xBE, 0x58, 0x21, 0x53, 0x82, 0x04, 0x2A,
    0x40, 0x58, 0x90, 0x33, 0x27, 0x50, 0x2C, 0xEC, 0xC2, 0xFD, 0x40, 0x2D, 0x50, 0x2F, 0x33, 0x02,
    0xD5, 0x43, 0x05, 0x30, 0xC8, 0xCC, 0x3D, 0x13, 0x83, 0xD3, 0x6C, 0xB5, 0x38, 0x5C, 0x4E, 0x03,
    0x10, 0x80, 0x02, 0xC6, 0x75, 0x52, 0xAC, 0xC9, 0x64, 0x92, 0x0F, 0x5C, 0x82, 0x99, 0x40, 0x3B,
    0xD4, 0x32, 0xDA, 0x02, 0x0C, 0x82, 0x77, 0xAA, 0xA4, 0x3C, 0xB1, 0xD3, 0x0B, 0xD5, 0x03, 0x2B,
    0x30, 0xBD, 0x4C, 0xAB, 0xB3, 0xB1, 0x54, 0x84, 0xD1, 0x20, 0xF6, 0x50, 0x32, 0xB3, 0x0F, 0x65,
    0x9D, 0xA9, 0x2F, 0xF5, 0x2F, 0x20, 0x4B, 0xAC, 0x06, 0x4E, 0x62, 0x05, 0x98, 0xC9, 0xA6, 0x07,
    0x69, 0x8E, 0x16, 0x61, 0x94, 0xCC, 0x2C, 0x0F, 0x14, 0x05, 0x2C, 0xC3, 0x2B, 0x5C, 0x88, 0x7B,
    0x6C, 0x4C, 0x1A, 0x86, 0x56, 0x41, 0xED, 0xC1, 0x30, 0x64, 0x19, 0x5A, 0x02, 0xFE, 0x44, 0xBF,
    0xC0, 0x65, 0x6A, 0x07, 0x5B, 0x92, 0xFE, 0x40, 0x59, 0xB6, 0x58, 0x3D, 0xF6, 0x26, 0x14, 0xC2,
    0x2D, 0x38, 0x30, 0xE0, 0x28, 0x04, 0x89, 0x93, 0x0A, 0x81, 0x85, 0xB6, 0x50, 0x20, 0xF5, 0x26,
    0x35, 0x2B, 0xC1, 0x85, 0x98, 0x46, 0x6E, 0x4C, 0x6A, 0x01, 0x6E, 0xA1, 0x2B, 0x98, 0x7B, 0xE8,
    0x4C, 0x8A, 0x06, 0x1E, 0x41, 0x3B, 0xA8, 0x16, 0xE7, 0x4F, 0x89, 0xC0, 0xA6, 0x31, 0x2A, 0x94,
    0x8E, 0x83, 0x35, 0x83, 0xC0, 0xEC, 0x31, 0x5C, 0x04, 0x9B, 0x25, 0x38, 0x83, 0x5A, 0xE0, 0x15,
    0x88, 0x54, 0x57, 0x13, 0x47, 0xD7, 0x54, 0x26, 0x54, 0xAD, 0x0D, 0x4E, 0x55, 0x1F, 0x87, 0xDC,
    0x72, 0x74, 0xCD, 0x0B, 0x30, 0xA4, 0xC1, 0x9B, 0x30, 0x63, 0x31, 0x98, 0x94, 0x5B, 0x2B, 0x48,
    0xA8, 0xD4, 0x65, 0x67, 0x48, 0x9C, 0xFE, 0x47, 0x70, 0x80, 0x9D, 0x23, 0x35, 0xC8, 0x44, 0x7A,
    0x25, 0x1C, 0xCA, 0xD2, 0xFF, 0x15, 0x49, 0x6C, 0x32, 0x05, 0x1D, 0x82, 0x4B, 0xF0, 0x14, 0x18,
    0x2D, 0x8A, 0x05, 0x0F, 0x80, 0x0B, 0x96, 0x5A, 0xCA, 0x24, 0xDE, 0xBD, 0x0C, 0x90, 0x40, 0xA3,
    0xB0, 0x1A, 0x6E, 0xBA, 0xAD, 0x2A, 0x82, 0xC0, 0x62, 0xF4, 0x89, 0x46, 0x9A, 0x75, 0x24, 0x5B,
    0x3C, 0xA1, 0x12, 0xBE, 0xD4, 0xF6, 0x25, 0x6E, 0x80, 0xC6, 0xA1, 0x71, 0x7A, 0x3A, 0x30, 0xE5,
    0x26, 0x3A, 0x27, 0xCE, 0x89, 0x48, 0x3C, 0x42, 0x38, 0x74, 0x49, 0x4C, 0xA0, 0x36, 0x18, 0x8C,
    0x7E, 0x45, 0x63, 0x9A, 0x55, 0xEB, 0xF0, 0x0B, 0x4C, 0x84, 0xEE, 0x52, 0xBA, 0x4D, 0xE4, 0xD5,
    0x78, 0x74, 0x52, 0x0F, 0x11, 0x8E, 0x51, 0xAC, 0x14, 0xF5, 0xB1, 0x52, 0x05, 0x61, 0x89, 0x47,
    0xCC, 0x05, 0x2A, 0xBD, 0xAA, 0x01, 0x03, 0x90, 0xC5, 0x60, 0xB2, 0x6B, 0xA4, 0xE2, 0x4D, 0x58,
    0x87, 0x45, 0x60, 0xD1, 0x28, 0xD8, 0x19, 0xE4, 0x87, 0x79, 0xD8, 0x69, 0x15, 0x7A, 0x56, 0x9E,
    0x97, 0xFC, 0xA6, 0x69, 0xCC, 0xC5, 0x4B, 0x12, 0xF9, 0xA5, 0x5E, 0xA5, 0x6B, 0x0D, 0x97, 0x29,
    0x75, 0x33, 0x58, 0x67, 0x5A, 0x58, 0xD7, 0xCD, 0x2B, 0x15, 0x2B, 0x60, 0x6A, 0x89, 0x30, 0xE2,
    0x60, 0x10, 0x95, 0x22, 0xC7, 0x56, 0x05, 0xC4, 0xE0, 0x54, 0x6B, 0x08, 0x05, 0x65, 0x64, 0xA5,
    0x6C, 0x4C, 0xA5, 0x2D, 0x8D, 0x35, 0x85, 0x92, 0xA3, 0x58, 0x18, 0x1B, 0x2B, 0x2D, 0x2B, 0x64,
    0x67, 0x59, 0x6C, 0xA9, 0xAE, 0x5B, 0x9C, 0x06, 0x8D, 0x5F, 0xA3, 0xEB, 0x69, 0xAE, 0xA6, 0x9C,
    0x02, 0x8D, 0x5E, 0x61, 0x8C, 0xAC, 0xF4, 0xAD, 0xA1, 0xB5, 0x25, 0xB4, 0xA6, 0xEE, 0x80, 0x2B,
    0x2A, 0xE3, 0x31, 0xA5, 0x66, 0xA5, 0x6C, 0xE9, 0x9B, 0x3A, 0x6E, 0xF8, 0xD0, 0x54, 0x98, 0x80,
    0x6E, 0xDC, 0x13, 0x75, 0xD2, 0x65, 0x46, 0xAE, 0x80, 0x5E, 0x56, 0x5A, 0x6B, 0x94, 0xA6, 0x02,
    0x2A, 0xF1, 0xC0, 0x71, 0x40, 0x18, 0x4E, 0xCF, 0x4A, 0xD9, 0x80, 0x8A, 0x5B, 0x3A, 0x6F, 0x28,
    0x0B, 0xB3, 0x02, 0x06, 0xB9, 0xC0, 0x5F, 0xB6, 0xC2, 0x91, 0x60, 0xA5, 0x6B, 0x8E, 0xB1, 0x2D,
    0x75, 0x37, 0xA2, 0x05, 0xFB, 0x6C, 0x40, 0xD1, 0x5A, 0x66, 0xB2, 0x9A, 0xE5, 0x09, 0x80, 0x46,
    0xB5, 0xBA, 0x56, 0xAA, 0x97, 0xFF, 0xAA, 0x4B, 0x69, 0x9A, 0xAA, 0x6F, 0x5C, 0x0C, 0xB8, 0xAC,
    0x52, 0xB5, 0x06, 0xF1, 0x96, 0xA2, 0x9B, 0xDB, 0x03, 0x2D, 0x80, 0x23, 0x40, 0x08, 0x4B, 0xBC,
    0x04, 0x2B, 0x80, 0x8E, 0x90, 0x10, 0x46, 0x4E, 0x9B, 0xE1, 0x03, 0x55, 0x00, 0xA5, 0x3B, 0x0D,
    0x2B, 0x5E, 0x03, 0x69, 0x6B, 0xE9, 0xBE, 0x50, 0x31, 0xD4, 0x0D, 0x94, 0x02, 0x4D, 0xFD, 0x00,
    0x66, 0xA8, 0x1F, 0x31, 0xEB, 0x01, 0x64, 0x81, 0x09, 0x3B, 0x20, 0x1D, 0xA5, 0x04, 0x03, 0xB4,
    0x9C, 0xA5, 0x30, 0x16, 0x54, 0x04, 0x53, 0x81, 0x80, 0x8A, 0x5F, 0x20, 0x39, 0xE0, 0x06, 0xB4,
    0x01, 0xA4, 0xBE, 0xA0, 0x73, 0xB0, 0x16, 0x33, 0xF9, 0x03, 0x16, 0x00, 0xB1, 0x72, 0x7B, 0x4C,
    0x0E, 0x92, 0xA4, 0x56, 0xA9, 0x5A, 0x9A, 0x5F, 0xFA, 0x99, 0xA9, 0x2A, 0x25, 0x01, 0xCB, 0x5A,
    0xE8, 0x39, 0x6F, 0x4D, 0x81, 0xD5, 0x8E, 0xCD, 0x30, 0x3A, 0x4F, 0x5C, 0x09, 0x0C, 0x0F, 0xF2,
    0x54, 0x6B, 0x05, 0x22, 0xC6, 0x05, 0x6B, 0x03, 0xAA, 0x70, 0x10, 0x27, 0xD0, 0x19, 0x92, 0x05,
    0x8D, 0x04, 0x7D, 0x30, 0x39, 0x48, 0x1D, 0x58, 0x72, 0x94, 0xC0, 0xE3, 0x70, 0x84, 0xDA, 0x9B,
    0x15, 0x06, 0xC5, 0xE9, 0x15, 0xFA, 0x56, 0xB4, 0x0B, 0x12, 0xD6, 0xD3, 0x63, 0x27, 0x20, 0x94,
    0x10, 0x2C, 0xF3, 0x03, 0xB5, 0xAB, 0x94, 0xAD, 0x58, 0x17, 0x28, 0xD8, 0x49, 0x81, 0xDA, 0xB5,
    0x90, 0x2D, 0xCB, 0xFD, 0x4C, 0x6F, 0x3C, 0xC0, 0xEB, 0x50, 0x2D, 0xCA, 0x99, 0xA9, 0x02, 0xCD,
    0x00, 0xE9, 0x3A, 0xE8, 0x05, 0xE4, 0x05, 0x99, 0x80, 0x5E, 0x41, 0x3E, 0xA0, 0x15, 0xAD, 0xFE,
    0x88, 0x01, 0x52, 0x40, 0x39, 0xA0, 0x4F, 0xE6, 0x06, 0xEA, 0x59, 0x80, 0x97, 0x66, 0xB5, 0xCC,
    0x04, 0x94, 0x09, 0x45, 0x02, 0x7B, 0x80, 0x0B, 0xDE, 0x9B, 0xB7, 0x02, 0x36, 0x80, 0x4D, 0x80,
    0x6F, 0xD3, 0x56, 0x03, 0x6A, 0x81, 0x36, 0x80, 0x6C, 0xAE, 0xA8, 0x14, 0x55, 0x02, 0xBC, 0x80,
    0x91, 0x30, 0xA2, 0xD7, 0x56, 0x05, 0x89, 0x81, 0x5E, 0x80, 0x8F, 0xA8, 0x1A, 0x28, 0x04, 0xFA,
    0x00, 0xCA, 0x60, 0x7B, 0xA0, 0x15, 0xE5, 0xAD, 0x0C, 0x5D, 0x80, 0xD1, 0x3B, 0x10, 0x39, 0xEC,
    0x04, 0xC9, 0x83, 0x12, 0xA1, 0x8C, 0xD0, 0x1A, 0xA8, 0x16, 0x3B, 0xED, 0xE4, 0x10, 0x78, 0xEC,
    0x08, 0x09, 0xF3, 0x15, 0xCC, 0xC1, 0x8B, 0x70, 0x7C, 0xD8, 0x0A, 0xB9, 0x01, 0x55, 0x41, 0xCD,
    0x40, 0xE5, 0xD0, 0x0D, 0xF5, 0x02, 0xA6, 0x00, 0x79, 0x40, 0xD9, 0x54, 0x21, 0x37, 0x01, 0x0C,
    0xC0, 0xB9, 0x30, 0xB1, 0x5C, 0x11, 0x53, 0x03, 0x85, 0x02, 0xC5, 0xAD, 0xBD, 0x3A, 0x23, 0x50,
    0x87, 0x53, 0xCB, 0x3F, 0x38, 0x05, 0x3A, 0x24, 0x16, 0x6E, 0x07, 0x46, 0x40, 0x75, 0x98, 0x59,
    0x31, 0xBE, 0x6D, 0xB6, 0x5B, 0x6B, 0xA8, 0x14, 0x5E, 0x02, 0xB1, 0x1A, 0x07, 0x32, 0xE1, 0x72,
    0xA8, 0x78, 0x64, 0x22, 0xA9, 0x00, 0x72, 0xE1, 0xE1, 0x98, 0x20, 0x2A, 0x02, 0xDB, 0x87, 0x96,
    0x62, 0x2B, 0xA8, 0x5C, 0x6F, 0xCA, 0x58, 0xA5, 0x04, 0x5B, 0x3A, 0xDA, 0xC4, 0xE4, 0x17, 0x3B,
    0x87, 0xA2, 0x61, 0xCC, 0xB2, 0xC4, 0xE4, 0x06, 0xAA, 0x87, 0xA6, 0x41, 0x18, 0xAA, 0xC4, 0xE4,
    0x17, 0x5A, 0x87, 0xA6, 0x60, 0x86, 0xAD, 0x75, 0x62, 0xB2, 0x0B, 0xB5, 0xFA, 0xF0, 0xC8, 0x0C,
    0x76, 0x91, 0x2F, 0xD3, 0x50, 0x64, 0x96, 0x28, 0x0A, 0x1B, 0x25, 0xDA, 0xA2, 0x44, 0xAE, 0x90,
    0x14, 0x36, 0x4A, 0x13, 0x1D, 0xA3, 0x82, 0xD2, 0x46, 0x96, 0x98, 0x25, 0x6B, 0x60, 0x59, 0x34,
    0x81, 0x61, 0x44, 0x3A, 0xFD, 0x0E, 0xB4, 0x81, 0x11, 0x6A, 0xAA, 0x08, 0x94, 0x79, 0x41, 0x12,
    0x99, 0x45, 0x21, 0x91, 0x18, 0xF8, 0xAA, 0x66, 0x86, 0x2F, 0xA1, 0x8B, 0x1A, 0xEA, 0x90, 0xA9,
    0xEA, 0x0E, 0x1C, 0xD8, 0xA8, 0xF0, 0x3A, 0x45, 0x9E, 0x93, 0xAF, 0x07, 0xA5, 0x47, 0x39, 0x6B,
    0x1D, 0x1E, 0x09, 0x48, 0xB2, 0xD2, 0x76, 0x01, 0x06, 0xA8, 0xE6, 0xE8, 0x01, 0x29, 0x84, 0x5E,
    0xC3, 0x99, 0xA5, 0x86, 0x8F, 0x02, 0xA4, 0x57, 0xC0, 0x35, 0x20, 0xD3, 0x50, 0x73, 0x34, 0xB0,
    0x52, 0x2B, 0x94, 0x9D, 0x70, 0x68, 0xB5, 0xBE, 0x03, 0xBC, 0xA0, 0x34, 0x8A, 0xCD, 0x27, 0x5A,
    0x1A, 0x3C, 0x70, 0x40, 0xCF, 0x28, 0x00, 0x22, 0xA5, 0xAC, 0x0D, 0x24, 0xCA, 0xD3, 0x6A, 0xE0,
    0x22, 0x25, 0xAB, 0x0D, 0x2E, 0x68, 0xFF, 0xFA, 0x84, 0xC4, 0x25, 0x19, 0x07, 0xB4, 0xA0, 0x15,
    0x09, 0x95, 0x22, 0xC6, 0x01, 0x89, 0x0B, 0xB6, 0xC0, 0x29, 0xA5, 0x98, 0x05, 0x32, 0xD9, 0x81,
    0x32, 0x4F, 0xDE, 0x90, 0x2C, 0xE4, 0xCA, 0x59, 0x52, 0xB6, 0x54, 0xCD, 0x90, 0x17, 0x2C, 0x06,
    0xC9, 0x01, 0x2A, 0x43, 0x04, 0xB8, 0x16, 0xEB, 0x60, 0x03, 0x24, 0x82, 0xA3, 0x7D, 0xB8, 0x1B,
    0x69, 0x5D, 0x07, 0x04, 0x83, 0x51, 0x7D, 0xD0, 0x04, 0x69, 0x5A, 0x00, 0x8C, 0x82, 0xA7, 0x68,
    0x9C, 0x00, 0x8A, 0x55, 0x0B, 0x7D, 0x20, 0x40, 0x60, 0x96, 0xBC, 0x35, 0x75, 0x03, 0x86, 0x43,
    0x55, 0x68, 0x08, 0x20, 0x25, 0xAD, 0x0D, 0x5D, 0xC0, 0xAD, 0x5A, 0x45, 0x88, 0x0A, 0xBA, 0xAE,
    0x01, 0x9A, 0x96, 0x50, 0x37, 0xC8, 0x14, 0x74, 0xA7, 0x42, 0x82, 0xC5, 0x4D, 0x88, 0x1A, 0x68,
    0x25, 0xEB, 0x54, 0xA1, 0xCB, 0x66, 0xA6, 0xD0, 0x2C, 0x52, 0x03, 0x94, 0xC1, 0x93, 0x60, 0x29,
    0x48, 0x05, 0xD3, 0xB0, 0x00, 0xBA, 0x40, 0x5B, 0xA1, 0xB7, 0x68, 0x0B, 0x09, 0x01, 0x1A, 0x55,
    0xD0, 0x20, 0x48, 0x35, 0xF4, 0x02, 0x85, 0xC0, 0xB9, 0x2D, 0x78, 0x81, 0x72, 0x06, 0x5A, 0x56,
    0x00, 0xCB, 0x20, 0xA2, 0x50, 0x3C, 0x54, 0x82, 0x06, 0xBA, 0xE0, 0x0E, 0xB5, 0x78, 0x02, 0xF2,
    0x0D, 0x6D, 0x80, 0xE1, 0x6B, 0x08, 0x0A, 0x64, 0x0E, 0xCA, 0x02, 0x86, 0xD6, 0x01, 0x7E, 0xDC,
    0x09, 0x95, 0x02, 0x24, 0xAC, 0xE0, 0x4D, 0x90, 0x66, 0xE8, 0x04, 0xDA, 0x01, 0xCE, 0x61, 0x9C,
    0xB0, 0x12, 0xE8, 0x07, 0x39, 0xC4, 0x40, 0x45, 0x2D, 0x58, 0x67, 0x6B, 0x01, 0x80, 0xC4, 0x69,
    0x12, 0x2D, 0x34, 0xD2, 0x48, 0x9F, 0xA9, 0x40, 0x22, 0x90, 0x89, 0x2F, 0x6A, 0x6F, 0x12, 0xB0,
    0x40, 0x6A, 0xF0, 0x87, 0xCF, 0x4A, 0x8E, 0xB6, 0x89, 0x49, 0x9F, 0x11, 0xF9, 0xEC, 0xDC, 0x3A,
    0x32, 0x80, 0x33, 0x92, 0xB1, 0x58, 0x28, 0xFE, 0x2F, 0x45, 0xDF, 0x06, 0xEE, 0xE7, 0x2A, 0x9C,
    0xBE, 0xC6, 0x72, 0xBF, 0xC8, 0x20, 0xD1, 0xD8, 0xDD, 0x36, 0xC1, 0x56, 0x97, 0x90, 0xE7, 0xE4,
    0x39, 0xA4, 0x1A, 0x21, 0x1B, 0x21, 0xCC, 0xC2, 0x4D, 0x21, 0xA4, 0x6C, 0x9E, 0xB3, 0x81, 0x8D,
    0x1F, 0x56, 0x20, 0xF3, 0xD0, 0x11, 0xD2, 0x0F, 0x35, 0x40, 0x21, 0x22, 0x5F, 0x4E, 0x06, 0x42,
    0xD9, 0x87, 0x92, 0x41, 0xD1, 0xB9, 0x2F, 0xA7, 0x02, 0x1A, 0x34, 0xC3, 0xCB, 0x21, 0xA3, 0xD4,
    0x04, 0x72, 0x0F, 0x1C, 0xAC, 0x81, 0xE3, 0x90, 0x87, 0x6A, 0x52, 0xB9, 0xC0, 0x48, 0x39, 0x30,
    0xE9, 0xC8, 0x52, 0xD5, 0xAF, 0x87, 0x76, 0x62, 0x6A, 0x95, 0x95, 0x9F, 0x32, 0x15, 0x3D, 0x6B,
    0xC2, 0x9A, 0x95, 0x89, 0x9E, 0xD2, 0x15, 0xBD, 0x6B, 0x82, 0x72, 0xA8, 0x06, 0x65, 0x5F, 0x67,
    0xC4, 0x83, 0x41, 0x71, 0x71, 0x48, 0x05, 0x72, 0xAE, 0x33, 0xEA, 0x40, 0x58, 0xBD, 0x74, 0x05,
    0x94, 0xD7, 0x05, 0x02, 0x5C, 0xE0, 0xD0, 0xD4, 0x05, 0x94, 0x81, 0x01, 0x42, 0x55, 0xA6, 0x7E,
    0xC8, 0x34, 0x32, 0x01, 0xEC, 0xC0, 0xD1, 0x2A, 0xEB, 0x3E, 0xE4, 0x1A, 0x0B, 0x01, 0xCA, 0xDB,
    0x10, 0x2B, 0xCB, 0xAE, 0x05, 0x7B, 0x01, 0x82, 0x70, 0x40, 0x09, 0x4A, 0xC6, 0xCF, 0xB9, 0x0C,
    0xD2, 0xA0, 0x73, 0xBD, 0x99, 0x9F, 0x92, 0x0D, 0x1D, 0x29, 0xB6, 0x26, 0xD1, 0xD8, 0x0E, 0x92,
    0x0D, 0x2C, 0xC0, 0xE3, 0x61, 0xCF, 0x5C, 0x0E, 0x17, 0x1E, 0x45, 0xEB, 0xED, 0x14, 0xA0, 0x1C,
    0x26, 0x34, 0xBB, 0x01, 0x52, 0x80, 0x68, 0x90, 0xBD, 0x73, 0x4D, 0xAE, 0x02, 0xBA, 0x80, 0x69,
    0x9E, 0xB0, 0x0B, 0xF2, 0xD8, 0x86, 0x82, 0x74, 0xE0, 0xBA, 0x48, 0x0E, 0x14, 0xDA, 0x06, 0x86,
    0xA0, 0x8A, 0x98, 0x1B, 0xE9, 0x5F, 0x05, 0x6C, 0x83, 0x45, 0x6A, 0x6D, 0x7E, 0xA1, 0x0E, 0x66,
    0xCD, 0x00, 0xE5, 0x3B, 0x10, 0x2C, 0x64, 0x04, 0x0C, 0x01, 0x82, 0x56, 0x50, 0x58, 0x48, 0x14,
    0xF5, 0x03, 0x95, 0x00, 0xBF, 0x2E, 0x08, 0x2E, 0x2C, 0x07, 0x1A, 0xEB, 0xC0, 0xE3, 0x2E, 0x20,
    0x32, 0xAC, 0x07, 0x1A, 0x83, 0x6E, 0x7C, 0x70, 0x41, 0xE8, 0x33, 0xF3, 0xE5, 0x12, 0xCE, 0xC0,
    0x71, 0x9E, 0xB0, 0x14, 0x92, 0xE7, 0x01, 0x67, 0x00, 0x73, 0xA0, 0x15, 0xA5, 0xD1, 0x08, 0x85,
    0x80, 0x9F, 0x30, 0x39, 0x4E, 0xB6, 0x0A, 0xF9, 0x04, 0x42, 0xA0, 0x73, 0xAC, 0x44, 0x22, 0x12,
    0xEB, 0x81, 0x63, 0x00, 0xE6, 0x90,
};

#endif
