/* Auto-generated by tools/dro2hdr --hs=13l4 from C:\silixcon-devel\opl\songs\Technix_MoonWalk.dro.
 * heatshrink-packed DRO v2 payload.
 * Register writes : 41903
 * Total length    : 67392 ms (67.4 s)
 * Plain DRO size  : 83954 bytes
 * Packed size     : 16217 bytes (19.3%)
 * Decoder RAM     : 8192 bytes (window) + ~40 bytes state
 * Do not edit.
 */
#ifndef technix_moonwalk_H
#define technix_moonwalk_H

#include "opl_song_hs.h"

static const uint8_t technix_moonwalk_hs_data[];   /* defined below */

static const opl_song_hs technix_moonwalk = {
    .hs_data      = technix_moonwalk_hs_data,
    .hs_len       = 16217u,
    .total_ms     = 67392u,
    .codemap_len  = 122,
    .short_code   = 0xFE,
    .long_code    = 0xFF,
    .hs_window    = 13,
    .hs_lookahead = 4,
};

static const uint8_t technix_moonwalk_hs_data[] = {
    0xA2, 0x50, 0xAA, 0x54, 0x1A, 0xBD, 0x3E, 0xA1, 0x4C, 0x81, 0x00, 0x16, 0x5A, 0xFD, 0x1C, 0x02,
    0x01, 0x40, 0x83, 0xC0, 0x60, 0x10, 0x18, 0x04, 0x03, 0xFD, 0xFF, 0xBD, 0x40, 0x68, 0x14, 0x3A,
    0x0D, 0x12, 0x85, 0x45, 0xA4, 0x52, 0xE9, 0x34, 0xCA, 0x55, 0x36, 0xA1, 0x53, 0xA8, 0xD5, 0x2A,
    0x55, 0x5A, 0x35, 0x1E, 0x9D, 0x4F, 0xAB, 0x55, 0xEB, 0x15, 0x9A, 0xD5, 0x6E, 0xB9, 0x5D, 0xAF,
    0x57, 0xE4, 0x12, 0x3B, 0x05, 0x8F, 0x01, 0x83, 0xE0, 0x68, 0x36, 0x12, 0x19, 0x25, 0x86, 0xC9,
    0x81, 0xC2, 0x78, 0x78, 0x3A, 0x1D, 0x8C, 0x8A, 0x4B, 0x62, 0xB2, 0xE0, 0xB0, 0xBC, 0x2D, 0x16,
    0xCA, 0x51, 0x2B, 0xB4, 0x5A, 0xF1, 0x18, 0xBE, 0x1E, 0x8F, 0x67, 0x31, 0x9A, 0x5C, 0x6E, 0x99,
    0x1C, 0xA7, 0x1F, 0x4F, 0xB7, 0x99, 0x4D, 0x6E, 0x57, 0x5C, 0x96, 0x57, 0x91, 0xA8, 0xDC, 0x4A,
    0xA5, 0xB6, 0xAB, 0x6E, 0x2B, 0x1B, 0xC5, 0xD2, 0xED, 0x7C, 0xB2, 0x99, 0x65, 0xA6, 0xD9, 0x89,
    0xC6, 0x71, 0x34, 0x9B, 0x49, 0x84, 0xCE, 0xE1, 0x73, 0xC8, 0x64, 0xFE, 0x7C, 0x6D, 0x36, 0xDB,
    0xC5, 0xF4, 0xF0, 0x7B, 0x7D, 0x10, 0x09, 0x04, 0x06, 0x7F, 0x02, 0x9F, 0xC0, 0xE7, 0xF0, 0x49,
    0xFC, 0x16, 0x7F, 0x06, 0x9F, 0xC1, 0xE7, 0xF0, 0x89, 0xFC, 0x26, 0x7F, 0x0A, 0x9F, 0xC2, 0xE7,
    0xF0, 0xC9, 0xFC, 0x36, 0x7F, 0x0E, 0x9F, 0xC3, 0xE7, 0xF1, 0x09, 0xFC, 0x46, 0x7F, 0x12, 0x9F,
    0xC0, 0x20, 0x11, 0x39, 0xFC, 0x52, 0x7F, 0x15, 0x9F, 0xC5, 0xA7, 0xF1, 0x79, 0xFC, 0x62, 0x7F,
    0x19, 0x9F, 0xC6, 0xA7, 0xF1, 0xB9, 0xFC, 0x72, 0x7F, 0x1D, 0x9F, 0xC7, 0xA7, 0xF1, 0xF9, 0xFC,
    0x82, 0x7F, 0x00, 0x90, 0x7F, 0xA3, 0xF2, 0x1F, 0x04, 0x8B, 0x81, 0x23, 0xD4, 0x49, 0x3E, 0xD2,
    0x5A, 0xC4, 0x9B, 0xF1, 0x27, 0x84, 0x4A, 0x30, 0x32, 0x98, 0x0C, 0xA6, 0x4B, 0x02, 0x03, 0x74,
    0xA5, 0x5D, 0x49, 0x5F, 0x92, 0x59, 0x60, 0x96, 0xFC, 0x25, 0xDF, 0x09, 0x7F, 0xD2, 0x61, 0x01,
    0x98, 0xC2, 0x26, 0x55, 0x79, 0x9C, 0x06, 0x67, 0x2D, 0x82, 0x40, 0x20, 0x70, 0xC9, 0xA4, 0x4A,
    0x6B, 0x10, 0x9B, 0x7D, 0xE6, 0xFF, 0x39, 0xC4, 0x26, 0x73, 0xF7, 0x9D, 0x43, 0x27, 0x75, 0x79,
    0xE4, 0x06, 0x79, 0x2D, 0x83, 0x40, 0x20, 0xB0, 0x09, 0xEC, 0x4A, 0x7D, 0x10, 0x9F, 0xFD, 0xE8,
    0x1F, 0x3A, 0x0C, 0x26, 0x85, 0xF7, 0xA1, 0xC3, 0x28, 0x90, 0x2A, 0x2C, 0x0A, 0x8B, 0x2E, 0x84,
    0x40, 0x20, 0xF0, 0x0A, 0x37, 0x82, 0x8F, 0xC0, 0xA4, 0x6A, 0x29, 0x3F, 0x6A, 0x55, 0x62, 0x97,
    0xF8, 0xA6, 0x42, 0x29, 0xB8, 0x1A, 0x74, 0x06, 0x9D, 0x25, 0x88, 0x40, 0x21, 0xF0, 0x0A, 0x7F,
    0x82, 0xA1, 0xC0, 0xA8, 0xEA, 0x2A, 0x5F, 0x6A, 0x9D, 0x62, 0xA9, 0xF8, 0xAA, 0xC2, 0x2A, 0xD8,
    0x1A, 0xBC, 0x06, 0xAF, 0x25, 0x89, 0x40, 0x22, 0x30, 0x0F, 0xF4, 0x92, 0x65, 0xCA, 0xFF, 0x44,
    0xE6, 0x52, 0x09, 0x9C, 0xB8, 0x00, 0x52, 0xAB, 0xCC, 0xE5, 0xA0, 0x6F, 0x98, 0x0C, 0x6F, 0xFE,
    0x93, 0x00, 0x37, 0x32, 0x1E, 0x7C, 0x8B, 0xC0, 0x08, 0x19, 0x7F, 0xE4, 0x7F, 0x09, 0x27, 0xDE,
    0x4B, 0x84, 0x93, 0x7D, 0x24, 0xF0, 0xE9, 0x46, 0xC0, 0x0B, 0xD2, 0x96, 0xC0, 0xB8, 0x10, 0x18,
    0x00, 0x22, 0xE6, 0x05, 0x8B, 0x43, 0x20, 0x70, 0xCA, 0x37, 0x3E, 0x8F, 0xE0, 0x04, 0x44, 0xBF,
    0xF4, 0x8F, 0x85, 0x27, 0xEF, 0x4A, 0xC2, 0x52, 0xFE, 0x94, 0xC8, 0x75, 0x37, 0x60, 0x04, 0x29,
    0x4B, 0x62, 0x1C, 0x00, 0x21, 0x4B, 0x9F, 0x50, 0xF0, 0x02, 0x52, 0x5F, 0xFA, 0x8F, 0xC2, 0xA5,
    0xF7, 0xA9, 0xE1, 0x2A, 0x9F, 0x4A, 0xAC, 0x3A, 0xAD, 0xB0, 0x02, 0x24, 0xA5, 0xB1, 0x2E, 0x00,
    0x11, 0x25, 0x25, 0x02, 0x27, 0xC0, 0x89, 0x9A, 0xC4, 0x4A, 0xB3, 0x10, 0xAD, 0x7D, 0xEB, 0x7F,
    0x3A, 0xE4, 0x26, 0xBB, 0xF7, 0xAF, 0x43, 0x2B, 0xF0, 0x2B, 0x04, 0x0A, 0xC1, 0x2E, 0x86, 0x43,
    0x21, 0x60, 0x50, 0xE8, 0x2B, 0x64, 0x0D, 0x29, 0x82, 0xBF, 0xE0, 0xAF, 0x98, 0x14, 0x34, 0x0A,
    0x99, 0x00, 0xB3, 0x60, 0xE1, 0x98, 0x09, 0xAE, 0x09, 0xD9, 0x83, 0x96, 0x60, 0x9F, 0xF8, 0x27,
    0xEE, 0x0F, 0x19, 0x82, 0x87, 0xE0, 0xA1, 0xF8, 0x17, 0x27, 0xFE, 0x93, 0x82, 0x6F, 0xE0, 0x9B,
    0xF8, 0x26, 0xFE, 0x09, 0xB9, 0x81, 0x2A, 0x73, 0xBB, 0x1C, 0xF2, 0x05, 0x3C, 0x95, 0x01, 0x2E,
    0x61, 0x31, 0x9D, 0x13, 0x61, 0x45, 0x80, 0xD1, 0x65, 0xA0, 0xEA, 0x98, 0x14, 0xB8, 0x0A, 0xFF,
    0x82, 0xBF, 0xE0, 0xAF, 0xF8, 0x2B, 0xEE, 0x0F, 0x4F, 0x82, 0x0A, 0x60, 0x36, 0xB0, 0x0B, 0xF6,
    0x0A, 0x9F, 0x82, 0xA7, 0xE0, 0xA9, 0xF8, 0x2A, 0x6A, 0x09, 0xDF, 0x82, 0x77, 0xE0, 0x9D, 0xF8,
    0x27, 0x70, 0x0F, 0xAF, 0x81, 0x2A, 0xF1, 0x10, 0x25, 0x56, 0xBF, 0xCA, 0xB0, 0x40, 0x6C, 0x12,
    0xD0, 0x25, 0xFC, 0x15, 0x5F, 0x05, 0x57, 0xC1, 0x55, 0xD0, 0x13, 0xEC, 0x04, 0xD7, 0x05, 0x17,
    0xC1, 0x45, 0xF0, 0x51, 0x7C, 0x14, 0x5F, 0x07, 0xAF, 0xC1, 0x2D, 0xF0, 0x4B, 0x7C, 0x0D, 0xBC,
    0x90, 0x81, 0x17, 0x51, 0xA0, 0x9D, 0xFC, 0x13, 0xBF, 0x04, 0xEF, 0xC2, 0x77, 0xF0, 0x4E, 0xFC,
    0x05, 0xFF, 0x04, 0xE7, 0xC1, 0x39, 0xF0, 0x4E, 0x76, 0x67, 0x02, 0x99, 0xCA, 0x81, 0xCF, 0x40,
    0x47, 0xFC, 0x11, 0xFF, 0x04, 0x7F, 0xC3, 0xC5, 0x9B, 0x5C, 0xCE, 0x52, 0x03, 0x69, 0x00, 0xE2,
    0xB2, 0xA0, 0x24, 0xE2, 0x64, 0x04, 0x9D, 0x48, 0x40, 0x93, 0x40, 0x09, 0xE0, 0x13, 0x7F, 0x09,
    0x97, 0xC0, 0x47, 0x20, 0x25, 0x4C, 0x1C, 0xDB, 0x01, 0x37, 0x81, 0x41, 0xF0, 0x50, 0x7C, 0x14,
    0x1F, 0x05, 0x06, 0x80, 0xAD, 0xC0, 0x73, 0x48, 0x09, 0x59, 0x04, 0xA7, 0xC2, 0x63, 0xF0, 0x25,
    0x54, 0x44, 0xF7, 0x02, 0x54, 0xE7, 0x80, 0x4A, 0xD4, 0xC8, 0x26, 0x3F, 0x05, 0x0F, 0xC1, 0x43,
    0xF0, 0x98, 0xF0, 0x14, 0x3F, 0x01, 0x7F, 0xC0, 0x5F, 0x40, 0x50, 0xFC, 0x14, 0x3F, 0x05, 0x0F,
    0xC1, 0x43, 0x50, 0x4A, 0xFC, 0x12, 0xBF, 0x04, 0xAF, 0xC3, 0xA9, 0xA0, 0x25, 0x70, 0x08, 0x98,
    0x9E, 0x01, 0x13, 0xC0, 0x9B, 0xF8, 0x26, 0xFE, 0x09, 0xBC, 0x00, 0x83, 0x60, 0x95, 0xF8, 0x25,
    0x7E, 0x09, 0x5F, 0x84, 0xDF, 0xE0, 0xE0, 0xF8, 0x22, 0x7E, 0x08, 0x9F, 0x82, 0x27, 0xE0, 0x89,
    0xF8, 0x22, 0x7E, 0x08, 0x9F, 0x82, 0x27, 0xE0, 0x3E, 0xF8, 0x20, 0xFE, 0x08, 0x3F, 0x82, 0x0F,
    0x7F, 0xE0, 0x3F, 0x7C, 0x0F, 0xDF, 0x03, 0xF7, 0xC0, 0xFD, 0xF0, 0x1F, 0xFC, 0x0F, 0xDF, 0x03,
    0xF7, 0xC0, 0xFD, 0xF0, 0x3F, 0x7C, 0x0F, 0xDF, 0x03, 0xF7, 0xC0, 0xFD, 0xF0, 0x1F, 0x7C, 0x00,
    0xF2, 0x01, 0xE4, 0xC4, 0xFB, 0x80, 0x06, 0xCA, 0x69, 0x62, 0x9A, 0xC8, 0x82, 0xC7, 0x39, 0xB7,
    0xCE, 0x6F, 0x74, 0x9C, 0x4E, 0x27, 0x33, 0x5B, 0x0C, 0x0E, 0x75, 0x09, 0x9D, 0xE6, 0x07, 0x85,
    0x29, 0x4C, 0x1A, 0x31, 0x05, 0x85, 0x80, 0xFA, 0x60, 0x38, 0xB8, 0x0D, 0xA6, 0x03, 0x0F, 0x80,
    0xC3, 0xE0, 0x30, 0xF8, 0x19, 0xE9, 0x63, 0x05, 0x3D, 0xE7, 0xB6, 0x29, 0xF5, 0xC8, 0x73, 0xF3,
    0x9F, 0xF8, 0xE8, 0x1E, 0xFA, 0x0D, 0x52, 0x85, 0x04, 0xA1, 0xC2, 0xA8, 0x99, 0x81, 0xD2, 0x4A,
    0x4B, 0x08, 0x81, 0xC1, 0xE1, 0x76, 0x2A, 0x95, 0x8E, 0x45, 0x64, 0xF9, 0xD9, 0x6E, 0x96, 0x69,
    0xC5, 0x9E, 0x6B, 0x68, 0x84, 0xDA, 0x73, 0x16, 0xA8, 0x0D, 0xAA, 0x4B, 0x0A, 0x8F, 0x42, 0x60,
    0x16, 0xBB, 0x15, 0xB2, 0x45, 0x6D, 0xF9, 0xDB, 0xAE, 0x96, 0xF9, 0xC5, 0xC2, 0x6B, 0x71, 0x81,
    0xDC, 0xA1, 0x37, 0x3C, 0xC5, 0xD2, 0x03, 0x74, 0x92, 0xC3, 0xA1, 0x10, 0xD8, 0x00, 0x13, 0x7E,
    0x04, 0xDC, 0x44, 0x21, 0x10, 0x48, 0x54, 0x7E, 0x13, 0x01, 0x87, 0x42, 0x61, 0xB0, 0x10, 0x24,
    0x4B, 0x31, 0x33, 0x94, 0xC2, 0x20, 0xB0, 0xA9, 0x04, 0x26, 0x05, 0x0E, 0x85, 0x43, 0x60, 0x40,
    0x50, 0x9C, 0x22, 0x0D, 0x0A, 0x90, 0xC2, 0x60, 0x70, 0xE8, 0x5C, 0x36, 0x06, 0x00, 0x69, 0x58,
    0xC3, 0xC5, 0x68, 0x0C, 0xF2, 0x4B, 0x06, 0x89, 0x41, 0x60, 0xB0, 0x88, 0xA4, 0x2A, 0x5F, 0x09,
    0x88, 0xC3, 0xA3, 0x30, 0xD8, 0x8F, 0xFA, 0x25, 0x06, 0x89, 0xC1, 0x60, 0xC0, 0x1F, 0xAC, 0x1A,
    0x29, 0x05, 0x83, 0x80, 0x72, 0x70, 0x68, 0xAC, 0x16, 0x10, 0x11, 0xFF, 0x84, 0x7F, 0xE0, 0x77,
    0xC0, 0x37, 0xE5, 0x06, 0x91, 0xC1, 0x62, 0xC0, 0x77, 0x98, 0x1C, 0x6E, 0x54, 0xD9, 0x81, 0xAE,
    0xE5, 0x4F, 0x98, 0x19, 0x2E, 0x13, 0x2F, 0x84, 0xCB, 0xE1, 0x32, 0xF8, 0x4C, 0xB0, 0x07, 0x4F,
    0x81, 0xD3, 0xE0, 0x74, 0xF8, 0x1D, 0x3E, 0x07, 0x4F, 0x81, 0xD3, 0xC0, 0x72, 0x9C, 0xA2, 0xAE,
    0x06, 0xD9, 0x48, 0x40, 0xDB, 0xE0, 0x72, 0xC8, 0x0D, 0xBA, 0x94, 0x81, 0xB7, 0x52, 0x90, 0x36,
    0xEA, 0x52, 0x0D, 0x2B, 0x7F, 0xE9, 0xB5, 0x70, 0x33, 0x4A, 0x42, 0x06, 0x69, 0x81, 0x92, 0x75,
    0x6A, 0xB8, 0x17, 0xE5, 0x21, 0x02, 0xFF, 0xC0, 0xBF, 0xF0, 0x2F, 0xFC, 0x0B, 0xFA, 0x94, 0x81,
    0x7F, 0xE0, 0x5F, 0xF8, 0x17, 0xF8, 0x0C, 0xDF, 0x83, 0x37, 0xD4, 0x4B, 0x19, 0x74, 0x25, 0x26,
    0x03, 0x05, 0xED, 0x36, 0x3B, 0x54, 0x0A, 0xD5, 0x26, 0x03, 0x0D, 0xEE, 0x76, 0x3B, 0xA4, 0x0A,
    0xE9, 0x26, 0x03, 0x16, 0x01, 0x93, 0x80, 0x31, 0x50, 0x18, 0x5F, 0x03, 0x17, 0xC0, 0xC5, 0xF0,
    0x31, 0x70, 0xA4, 0xF4, 0x93, 0x01, 0x8F, 0xE0, 0x63, 0xF8, 0x4E, 0x30, 0x21, 0x8F, 0x88, 0x63,
    0xE0, 0xCA, 0xFC, 0xFC, 0x35, 0x79, 0x03, 0x55, 0x03, 0x4D, 0x80, 0x35, 0x50, 0x34, 0x18, 0x11,
    0x7F, 0xC4, 0x5F, 0xF1, 0x17, 0xFC, 0x36, 0x18, 0x87, 0x81, 0xE3, 0xE0, 0x78, 0xF8, 0x1E, 0x3E,
    0x07, 0x89, 0x08, 0xA6, 0x61, 0x3C, 0xF8, 0x1E, 0x3E, 0x1B, 0x1F, 0x86, 0xC7, 0xE0, 0xE3, 0xF8,
    0x6C, 0x7E, 0x1B, 0x1F, 0x86, 0xC7, 0xE1, 0xB1, 0xF8, 0x6C, 0x7E, 0x1B, 0x1F, 0x83, 0xBA, 0x60,
    0x75, 0xF8, 0x1D, 0x7E, 0x07, 0x5F, 0x86, 0xC7, 0xE0, 0x74, 0xF8, 0x54, 0x7E, 0x1B, 0x1E, 0x00,
    0x82, 0x61, 0xAC, 0xF8, 0x6B, 0x3E, 0x1A, 0xCF, 0x86, 0xB3, 0xE1, 0x49, 0xF8, 0x16, 0xBE, 0x05,
    0xAF, 0x86, 0xB3, 0xE0, 0x5A, 0xF8, 0x16, 0xBE, 0x1A, 0xCF, 0x85, 0x07, 0xE0, 0xC8, 0xF8, 0x32,
    0x3E, 0x2D, 0xFD, 0x06, 0xA7, 0xE0, 0xBA, 0xF8, 0x17, 0xFE, 0x05, 0xFB, 0x80, 0xD2, 0x40, 0x60,
    0xE8, 0x2E, 0xBE, 0x05, 0xFF, 0x81, 0x7F, 0x00, 0x1C, 0x90, 0x6A, 0x7E, 0x1A, 0x9F, 0x84, 0xC3,
    0xE0, 0x67, 0xF8, 0x19, 0xF7, 0x58, 0xE7, 0xD6, 0x7C, 0x04, 0x96, 0x97, 0xFE, 0xB5, 0xF0, 0xAD,
    0xFD, 0xEB, 0x98, 0x4A, 0xEF, 0xD2, 0xBD, 0x0E, 0xAF, 0xD5, 0xC9, 0x39, 0x29, 0x0C, 0x33, 0xEB,
    0x0B, 0x09, 0xF7, 0x43, 0x69, 0xF0, 0xDA, 0x7C, 0x36, 0x9F, 0x0D, 0xA7, 0xC1, 0x07, 0xF0, 0x41,
    0xFC, 0x10, 0x7F, 0x04, 0x1E, 0x00, 0x9D, 0x30, 0x24, 0x53, 0xDB, 0x0B, 0x80, 0x02, 0x26, 0x91,
    0x10, 0x44, 0xFC, 0x11, 0x3A, 0x0D, 0xD7, 0xC3, 0x75, 0xF0, 0x78, 0xFC, 0x11, 0x3F, 0x04, 0x4D,
    0x00, 0x71, 0x8F, 0x30, 0x20, 0x7C, 0x1C, 0x0F, 0x87, 0x03, 0xE1, 0xC0, 0xF8, 0x41, 0x7E, 0x08,
    0x1F, 0x82, 0x07, 0xE0, 0x81, 0xF8, 0x20, 0x7F, 0x21, 0x86, 0x78, 0x41, 0x03, 0xF0, 0x40, 0xFC,
    0x38, 0xFF, 0x08, 0x27, 0xC3, 0x99, 0xF0, 0xE6, 0x64, 0x06, 0x38, 0xEE, 0x01, 0xEB, 0x01, 0xD2,
    0xA0, 0x3F, 0x3E, 0x0F, 0xCD, 0x87, 0x67, 0xC0, 0x73, 0xF8, 0x1C, 0xFE, 0x07, 0x3F, 0x87, 0x67,
    0xE0, 0x73, 0xCF, 0x60, 0x0E, 0x76, 0x0B, 0xFF, 0xC0, 0xE7, 0xF0, 0x77, 0x7C, 0x64, 0x5F, 0x1C,
    0x6F, 0xC7, 0x1B, 0x60, 0x19, 0xE3, 0xA8, 0x07, 0x5A, 0x8E, 0x4F, 0x20, 0xF1, 0xF8, 0x3C, 0x76,
    0x1F, 0x0F, 0x81, 0xDB, 0xE0, 0x76, 0xF8, 0x1D, 0xBE, 0x39, 0xAF, 0x81, 0xDF, 0x5D, 0x30, 0x3B,
    0xFC, 0x0E, 0xFF, 0x0F, 0xBF, 0xC3, 0xEF, 0xF0, 0x79, 0x7C, 0x74, 0x3F, 0x1D, 0x0E, 0xC0, 0x75,
    0x8E, 0x88, 0x1F, 0xAC, 0x3A, 0x7F, 0x83, 0xD7, 0xE1, 0xF2, 0xF8, 0x7C, 0xBE, 0x08, 0x5F, 0x82,
    0x17, 0xE0, 0x85, 0xF8, 0x21, 0x6A, 0x3A, 0x7F, 0x01, 0x2B, 0x1C, 0xE0, 0xB8, 0xFC, 0x10, 0xBF,
    0x0F, 0x9F, 0xC3, 0xE7, 0xF0, 0x82, 0x7C, 0x3E, 0x7F, 0x04, 0x1F, 0xE1, 0x9C, 0xC0, 0xF9, 0xFC,
    0x20, 0x3F, 0x0F, 0x9F, 0xC3, 0xE7, 0xF0, 0x84, 0x7C, 0x10, 0x5F, 0x04, 0x17, 0xC3, 0xE7, 0xF0,
    0x40, 0xFE, 0x19, 0xC9, 0x08, 0x3F, 0xC1, 0x03, 0xF0, 0xF9, 0xFC, 0x20, 0x1F, 0x0F, 0x9F, 0xC3,
    0xE7, 0xF0, 0x18, 0xCB, 0x8E, 0x1F, 0x3F, 0x83, 0xF7, 0xE1, 0xF3, 0xF8, 0x7C, 0xFE, 0x07, 0x3F,
    0x81, 0xCF, 0xE1, 0xF3, 0xF8, 0x1C, 0xFE, 0x04, 0x19, 0x71, 0x40, 0xE7, 0xF0, 0x39, 0xFC, 0x0E,
    0x75, 0x21, 0x76, 0x41, 0xCF, 0xF0, 0x73, 0xFC, 0x05, 0x54, 0xE1, 0x83, 0x9F, 0xE0, 0xE7, 0xF9,
    0x0E, 0xBA, 0x43, 0x9F, 0x81, 0xAF, 0xE0, 0x6B, 0xF8, 0x37, 0xFE, 0x06, 0xBF, 0x81, 0x02, 0x5C,
    0x10, 0x35, 0xFC, 0x0D, 0x7F, 0xFF, 0x44, 0xD4, 0x4D, 0xA8, 0x2A, 0xF1, 0xA5, 0xD4, 0x9A, 0xF9,
    0x0E, 0xC5, 0x4B, 0x04, 0xDF, 0xE1, 0x38, 0xF8, 0x4E, 0x7E, 0x97, 0x58, 0x0D, 0x86, 0x01, 0x3A,
    0x84, 0x4E, 0xF9, 0x40, 0x2F, 0xA4, 0x02, 0x0B, 0x0C, 0x9E, 0xF8, 0x27, 0xDC, 0x03, 0x9E, 0x53,
    0x51, 0x40, 0xFB, 0x50, 0x6B, 0x14, 0x2F, 0xC5, 0x0E, 0x11, 0x44, 0xC0, 0x82, 0x06, 0x8A, 0xE1,
    0x95, 0x8B, 0xC1, 0x63, 0xE0, 0x02, 0x0E, 0x76, 0x4D, 0x45, 0x97, 0xED, 0x66, 0xAC, 0x59, 0xFF,
    0x16, 0x88, 0x45, 0xA7, 0x02, 0x08, 0x9A, 0x40, 0x07, 0xDF, 0x2F, 0x05, 0x67, 0x80, 0x88, 0x69,
    0xD6, 0xB5, 0x15, 0xBF, 0xB5, 0x72, 0xB1, 0x5D, 0xFC, 0x57, 0xA1, 0x15, 0xFC, 0x08, 0x14, 0x25,
    0x25, 0x86, 0x40, 0x21, 0x70, 0x0B, 0x5D, 0x48, 0x12, 0x53, 0xB8, 0xC0, 0x2E, 0x7C, 0xA0, 0x4A,
    0x52, 0x3C, 0x09, 0x49, 0x58, 0xA8, 0xF2, 0x20, 0x80, 0xD3, 0xE7, 0x49, 0xBA, 0x52, 0xA7, 0x14,
    0xB9, 0xAD, 0xDA, 0x07, 0x4C, 0x84, 0xD3, 0x79, 0x41, 0x02, 0xA4, 0x20, 0x2F, 0xB2, 0xB1, 0x54,
    0x2E, 0x42, 0x00, 0xA7, 0x8E, 0xA5, 0xEF, 0xA9, 0xD5, 0x2A, 0x90, 0x4A, 0xAC, 0x2A, 0xAD, 0xCA,
    0x10, 0x05, 0x20, 0x71, 0x18, 0x5F, 0xFA, 0x1F, 0x0E, 0x8F, 0xC3, 0x60, 0x31, 0x08, 0x4C, 0x3E,
    0x03, 0x12, 0x82, 0x12, 0xCA, 0x70, 0xE9, 0x04, 0x36, 0x05, 0x10, 0x85, 0x43, 0xE0, 0x51, 0x28,
    0x2A, 0x83, 0xEB, 0x0E, 0x90, 0xC3, 0x60, 0x71, 0x08, 0x5C, 0x3E, 0x07, 0x12, 0x04, 0x34, 0xD7,
    0x83, 0x99, 0x2A, 0x8A, 0x25, 0x0C, 0x87, 0x4B, 0xE1, 0xB1, 0x18, 0x84, 0x66, 0x1F, 0x11, 0x89,
    0x45, 0x14, 0x4F, 0xB5, 0x5B, 0x7C, 0x43, 0x12, 0x90, 0x0A, 0x7A, 0x80, 0x86, 0x9F, 0x3E, 0x7D,
    0xE0, 0x04, 0x34, 0xBF, 0xF3, 0xFF, 0x85, 0x03, 0xEF, 0x41, 0xC2, 0x50, 0xBE, 0x94, 0x38, 0x75,
    0x13, 0x94, 0xB6, 0x8A, 0x70, 0x01, 0x0D, 0x2E, 0x7D, 0x8F, 0xC0, 0x08, 0x69, 0x7F, 0xEC, 0x9F,
    0x0B, 0x2F, 0xDE, 0xCD, 0x84, 0xB3, 0xFD, 0x2D, 0x10, 0xEB, 0x4F, 0x28, 0x10, 0xD2, 0x96, 0xC2,
    0xB8, 0x04, 0x76, 0xF9, 0x1D, 0xA8, 0xB0, 0x2A, 0xF0, 0x02, 0x31, 0xA0, 0x41, 0xC8, 0xF9, 0x98,
    0x03, 0xD4, 0x8F, 0x99, 0x80, 0x39, 0x7C, 0x0E, 0x5F, 0x03, 0x97, 0xA4, 0x3D, 0x49, 0x17, 0x90,
    0x5A, 0xF4, 0xB0, 0x49, 0x3E, 0x12, 0x5F, 0x85, 0xDE, 0x02, 0x2D, 0x79, 0x72, 0x85, 0xAF, 0x48,
    0x54, 0x06, 0x18, 0x08, 0x0B, 0x83, 0xBE, 0xC0, 0x81, 0xEA, 0xD6, 0xF4, 0x84, 0x4C, 0x4A, 0xE0,
    0x30, 0xC0, 0x8B, 0xF4, 0x03, 0xD4, 0x66, 0xCC, 0xE5, 0x20, 0x87, 0x98, 0x21, 0x67, 0x44, 0xAB,
    0x82, 0x02, 0x52, 0x10, 0x40, 0x50, 0x20, 0xFF, 0x08, 0x3E, 0x80, 0xFD, 0x32, 0x78, 0x58, 0x0F,
    0x39, 0x94, 0x81, 0xE7, 0x52, 0x90, 0x3C, 0xEA, 0x52, 0x07, 0x9F, 0x81, 0xE7, 0xE0, 0x79, 0xF8,
    0x15, 0xE7, 0x28, 0x90, 0x4A, 0x60, 0x52, 0x99, 0x30, 0x1C, 0xB8, 0x0D, 0xBA, 0x81, 0xCB, 0xE0,
    0x72, 0xE0, 0x23, 0x6C, 0x07, 0x3E, 0xAB, 0x2F, 0x20, 0xFA, 0xA0, 0x1C, 0xA8, 0x0F, 0x3F, 0x83,
    0xCF, 0xE0, 0xF3, 0xA0, 0x1C, 0xA8, 0x0E, 0xCE, 0x5C, 0xEA, 0xE0, 0x73, 0xD8, 0x7F, 0xE8, 0x07,
    0x4C, 0x09, 0xB2, 0x80, 0x75, 0xF8, 0x1D, 0x7E, 0x07, 0x5F, 0x81, 0x6A, 0xA2, 0xBF, 0x9C, 0xA4,
    0x0E, 0xBB, 0x03, 0xA5, 0xFF, 0xD0, 0x00, 0x3A, 0xFC, 0x0E, 0xBA, 0x04, 0x85, 0x41, 0xD3, 0xF0,
    0x74, 0xF8, 0x3F, 0x1F, 0x0F, 0xC7, 0xC1, 0xE1, 0xF0, 0xFC, 0x7C, 0x3F, 0x1F, 0x0F, 0xC4, 0xC1,
    0x09, 0x40, 0xFB, 0x60, 0x10, 0x94, 0x0F, 0x76, 0x01, 0x09, 0x40, 0xF3, 0xFC, 0x10, 0x9F, 0x04,
    0x27, 0xC1, 0x09, 0x80, 0x7C, 0xFC, 0x0C, 0x54, 0x07, 0xC7, 0xC2, 0xD7, 0xD0, 0x40, 0xFC, 0x3E,
    0x79, 0x0C, 0x54, 0xC1, 0x03, 0x50, 0xF9, 0xFC, 0x3E, 0x7F, 0x07, 0xFF, 0xC3, 0xE7, 0xF0, 0xF9,
    0xFC, 0x3E, 0x7F, 0x0F, 0x9F, 0xC0, 0xFD, 0xF0, 0x3F, 0x7C, 0x0F, 0xDF, 0x08, 0x1F, 0xC2, 0xF3,
    0x90, 0x71, 0xD4, 0x10, 0x1F, 0x0F, 0x67, 0xE5, 0x20, 0x80, 0x98, 0x26, 0x7E, 0x1E, 0x6F, 0x83,
    0xD7, 0xE1, 0xE6, 0xF8, 0x79, 0xBE, 0x1E, 0x6F, 0x87, 0x9B, 0xE0, 0x6C, 0xF8, 0x1B, 0x3E, 0x06,
    0xCE, 0x07, 0x2E, 0x60, 0x6C, 0xE8, 0x33, 0xAA, 0x17, 0x1F, 0x85, 0xC7, 0xE0, 0x88, 0xA8, 0x3B,
    0xEC, 0x44, 0xBA, 0x05, 0xC2, 0xC2, 0x59, 0xE0, 0x39, 0xBE, 0x0E, 0x6F, 0x87, 0x9B, 0xE0, 0xDF,
    0xF8, 0x37, 0xFE, 0x0D, 0xFF, 0x81, 0xCA, 0xAA, 0xEC, 0x90, 0x1C, 0xF9, 0xCA, 0x03, 0x97, 0xC1,
    0x89, 0x86, 0x44, 0xDC, 0x0E, 0x1F, 0x03, 0x85, 0x56, 0x21, 0xC0, 0x46, 0x58, 0x2C, 0x17, 0x69,
    0x27, 0x04, 0xF1, 0x47, 0x3F, 0xCC, 0x3C, 0x5F, 0x0F, 0x17, 0xC1, 0xD9, 0xF0, 0xF1, 0x7C, 0x3C,
    0x5F, 0x0F, 0x16, 0x6D, 0x61, 0xE2, 0xE5, 0xAC, 0x3C, 0x5C, 0xB5, 0x82, 0x0F, 0xE0, 0x83, 0xF8,
    0x20, 0xFE, 0x08, 0x3E, 0x03, 0xD6, 0x60, 0x83, 0xB0, 0x3D, 0x72, 0x08, 0x3F, 0xAE, 0x53, 0x80,
    0x82, 0xF8, 0x3D, 0x3C, 0x1E, 0x2F, 0x87, 0x8B, 0xE0, 0xFB, 0xF8, 0x78, 0xBE, 0x1E, 0x2F, 0x84,
    0x0B, 0xE1, 0x02, 0xF8, 0x1F, 0xBE, 0x07, 0xEF, 0x81, 0xFB, 0xE3, 0x5C, 0xE4, 0xA8, 0x0F, 0xFB,
    0x03, 0xF7, 0xC0, 0xFD, 0xF0, 0x81, 0x7C, 0x20, 0x5F, 0x08, 0x15, 0xC3, 0xD1, 0xF0, 0x7D, 0xFC,
    0x3D, 0x1F, 0x0F, 0x47, 0xC3, 0xD1, 0xF0, 0xF4, 0x7C, 0x0E, 0x5F, 0x03, 0x97, 0xC1, 0xE3, 0xF0,
    0x78, 0xFC, 0x2E, 0xDF, 0x03, 0x9F, 0xC1, 0xE5, 0xF0, 0x79, 0x6C, 0x4E, 0x94, 0x96, 0x87, 0xA3,
    0xE0, 0xEC, 0xF8, 0x7A, 0x3E, 0x1E, 0x8F, 0xDC, 0xE4, 0x07, 0xC0, 0xA0, 0x59, 0xEF, 0x20, 0xA7,
    0x40, 0xA9, 0xD2, 0x60, 0xB3, 0xE2, 0x41, 0x57, 0x81, 0x55, 0xE4, 0xC0, 0x75, 0xF8, 0x1D, 0x7E,
    0x07, 0x5F, 0x83, 0xA3, 0xE0, 0x76, 0xF8, 0x1D, 0xBE, 0x0E, 0xAF, 0x81, 0xDF, 0xE0, 0xEA, 0xF8,
    0x7B, 0x7E, 0x1E, 0xDF, 0x83, 0xC7, 0xE1, 0xED, 0xF8, 0x7B, 0x7E, 0x1E, 0xDF, 0x87, 0xB7, 0xE1,
    0xED, 0xF8, 0x21, 0x7E, 0x08, 0x5F, 0x82, 0x17, 0xE2, 0xC8, 0xA4, 0xB4, 0x2D, 0xDC, 0x7F, 0x45,
    0x42, 0xDD, 0xF0, 0x41, 0xFC, 0x10, 0x7F, 0x07, 0xDF, 0xC3, 0xDF, 0xF0, 0xF7, 0xFC, 0x20, 0x5F,
    0x0F, 0x7F, 0xC3, 0xDF, 0xF0, 0xF7, 0xFC, 0x3D, 0xFF, 0x0F, 0x7F, 0xC1, 0x01, 0xF0, 0x40, 0x7C,
    0x20, 0xDF, 0x08, 0x36, 0xC1, 0xCB, 0x50, 0x40, 0xFC, 0x2F, 0x9D, 0x00, 0xCC, 0xC2, 0x09, 0xF2,
    0x29, 0xE4, 0x2F, 0x99, 0x0F, 0x7F, 0xC1, 0xFB, 0xF0, 0xF7, 0xFC, 0x3D, 0xFF, 0x0F, 0x7F, 0xC3,
    0xDF, 0xF0, 0x39, 0x7C, 0x0E, 0x5F, 0x07, 0x9F, 0xC4, 0xC5, 0xB9, 0x68, 0x1C, 0x7E, 0x0F, 0x3F,
    0x02, 0x32, 0xA3, 0x80, 0xD0, 0x3B, 0xAC, 0x44, 0x6B, 0x01, 0xB3, 0x00, 0xE6, 0xFC, 0x3A, 0xD3,
    0x57, 0x03, 0x64, 0xA4, 0x21, 0xE9, 0xB8, 0x1A, 0xFC, 0x0D, 0xEF, 0x83, 0x7B, 0xE0, 0x6B, 0xF8,
    0x1A, 0xFE, 0x44, 0x4F, 0x81, 0xAF, 0xC3, 0x4E, 0xF8, 0x1B, 0x3E, 0x25, 0xBB, 0x4B, 0x41, 0xBD,
    0x84, 0x47, 0xD4, 0x2B, 0xF7, 0x49, 0xFC, 0xC2, 0xBF, 0x50, 0xF1, 0xFC, 0x3C, 0x7F, 0x07, 0x2F,
    0xC3, 0xC7, 0xF0, 0xF1, 0xFC, 0x3C, 0x77, 0x4D, 0x5D, 0x43, 0xC7, 0x7C, 0xC0, 0x78, 0xF9, 0x98,
    0x04, 0x1F, 0xC1, 0x07, 0x64, 0x0A, 0x48, 0x10, 0x7F, 0x07, 0x7F, 0xC0, 0xD3, 0x76, 0xA6, 0x60,
    0x1A, 0xB8, 0x04, 0x1F, 0x00, 0x49, 0x20, 0xF2, 0x7C, 0x10, 0x9E, 0x0B, 0x1D, 0xD4, 0x95, 0x31,
    0x34, 0x54, 0x3C, 0x9F, 0x0F, 0x27, 0xC3, 0xC9, 0xF0, 0xF2, 0x7C, 0x3C, 0x9F, 0x08, 0x2F, 0xC2,
    0x0B, 0xF0, 0x40, 0xFC, 0x10, 0x3F, 0x04, 0x0F, 0xC1, 0x03, 0x7C, 0xC0, 0x41, 0x70, 0xDC, 0xED,
    0x82, 0x06, 0x82, 0xEB, 0xF0, 0x20, 0xBA, 0x09, 0xDC, 0x04, 0x1F, 0xE0, 0x20, 0x94, 0x08, 0x7A,
    0xDF, 0x0F, 0x37, 0xC2, 0x01, 0xF0, 0xF3, 0x7C, 0x3C, 0xDF, 0x0F, 0x37, 0xC0, 0xE9, 0xF0, 0x3A,
    0x7C, 0x0E, 0x9F, 0x02, 0xC5, 0x2C, 0x62, 0x59, 0xC0, 0x1D, 0x3E, 0x0F, 0x6F, 0x81, 0xCF, 0x60,
    0x8F, 0xA8, 0x3D, 0xBE, 0x0F, 0x6F, 0x0F, 0x5F, 0xE0, 0xEF, 0xF8, 0xF5, 0xFE, 0x3D, 0x7E, 0x2E,
    0x62, 0xA1, 0x6D, 0xBD, 0x8C, 0x7A, 0xFC, 0xB1, 0x8F, 0x5F, 0xE0, 0x76, 0xF8, 0x1D, 0xBE, 0x07,
    0x6C, 0x40, 0x80, 0xED, 0xF1, 0x67, 0xFC, 0x0E, 0xBF, 0x03, 0xAF, 0xC1, 0xD3, 0xF1, 0xEA, 0xFC,
    0x3E, 0x3F, 0x0F, 0x8F, 0xC1, 0xE1, 0xF0, 0xF8, 0xFC, 0x3E, 0x3F, 0x0F, 0x8F, 0xC3, 0xE3, 0xF0,
    0xB7, 0xFC, 0x10, 0x7F, 0x04, 0x1F, 0xC1, 0xF5, 0xF7, 0xDB, 0xF0, 0x10, 0x94, 0x0B, 0x7F, 0xC6,
    0xAB, 0xF0, 0x7D, 0x7C, 0x4E, 0xDA, 0x2E, 0x37, 0xC3, 0xE3, 0xF0, 0x80, 0xFC, 0x3E, 0x3F, 0x0F,
    0x8F, 0xC3, 0xE3, 0xF0, 0xF8, 0xFC, 0x3E, 0x3F, 0x04, 0x0F, 0xC1, 0x03, 0xF0, 0x82, 0xFC, 0x10,
    0x3F, 0x04, 0x0E, 0x01, 0x01, 0xF0, 0x83, 0x68, 0x13, 0x95, 0x14, 0x76, 0xC2, 0x03, 0x53, 0xD5,
    0xFC, 0x1F, 0x5F, 0x0F, 0x5F, 0xC3, 0xD7, 0xF0, 0xF5, 0xFC, 0x3D, 0x7F, 0x03, 0x77, 0xC0, 0xDD,
    0xF0, 0x37, 0x7C, 0x2B, 0x53, 0x2E, 0x1D, 0x42, 0xE9, 0xE0, 0x77, 0xFC, 0x0D, 0xDF, 0x07, 0x87,
    0xC6, 0xCF, 0xC3, 0xD6, 0x7C, 0x1D, 0x3F, 0x0F, 0x5F, 0xC3, 0xD7, 0xF0, 0x71, 0x7C, 0x1C, 0x5F,
    0x03, 0x9F, 0xC0, 0xE7, 0xF0, 0x23, 0xC8, 0x0E, 0x9F, 0x07, 0x1D, 0x81, 0x91, 0x43, 0xD6, 0xFC,
    0x0E, 0x7F, 0x00, 0xFC, 0xC2, 0xC9, 0xF0, 0xB2, 0x7D, 0xB4, 0x36, 0x0F, 0x4F, 0xC3, 0xD3, 0xF0,
    0x77, 0x7C, 0x3D, 0x3F, 0x0F, 0x4F, 0xC3, 0xD3, 0xA0, 0x40, 0xFC, 0x10, 0x3F, 0x04, 0x0F, 0xC1,
    0x03, 0xF0, 0x40, 0xFC, 0x1E, 0xDD, 0x06, 0xAE, 0x82, 0xC9, 0xF0, 0x40, 0xFC, 0x7B, 0x1F, 0x3D,
    0x67, 0xC3, 0xCB, 0xF0, 0xF2, 0xFC, 0x1F, 0x7F, 0x0F, 0x2F, 0xC3, 0xCB, 0xF0, 0x81, 0x7C, 0x10,
    0x1F, 0x04, 0x07, 0xC1, 0x01, 0xF0, 0x40, 0x7C, 0x4D, 0x1F, 0x50, 0x85, 0x5D, 0x09, 0xB0, 0x81,
    0xFC, 0x10, 0x3F, 0x04, 0xE5, 0xC2, 0x09, 0xF5, 0x85, 0xFC, 0x3D, 0x7F, 0x07, 0xE7, 0xC3, 0xD7,
    0xF0, 0xF5, 0xFC, 0x3D, 0x7F, 0x0F, 0x5F, 0xC0, 0xE9, 0xF0, 0x3A, 0x7C, 0xF5, 0xFF, 0x03, 0x9E,
    0x44, 0x7D, 0x35, 0xBE, 0xFC, 0x0E, 0x5F, 0x04, 0x75, 0xC1, 0xEB, 0xF0, 0x39, 0x7C, 0x3D, 0x5F,
    0x07, 0x77, 0xC3, 0xD5, 0xF1, 0xEB, 0x7C, 0x7A, 0xDF, 0x1E, 0xB7, 0xC0, 0xEB, 0xF0, 0x3A, 0xFC,
    0x0E, 0xBF, 0x57, 0xD6, 0x41, 0xD3, 0xE0, 0x3A, 0xFC, 0x0E, 0xBC, 0x10, 0x3C, 0xC0, 0xEB, 0xF0,
    0x74, 0x78, 0x3D, 0x9F, 0x0F, 0x67, 0xC1, 0xDF, 0xF0, 0xF6, 0x7C, 0x3D, 0x9F, 0x1E, 0xB7, 0xC7,
    0xAD, 0xF1, 0xEB, 0x7C, 0x10, 0x7F, 0x04, 0x1F, 0xC1, 0x07, 0xF0, 0x41, 0xF4, 0x10, 0x5F, 0x04,
    0x17, 0xC1, 0xF1, 0xF0, 0x7C, 0x7C, 0x23, 0x36, 0x0F, 0x7F, 0xC3, 0xDF, 0xF0, 0x80, 0x7C, 0x3D,
    0xFF, 0x0F, 0x7F, 0xC3, 0xDF, 0xF0, 0xF7, 0xFC, 0x3D, 0xFF, 0x04, 0x07, 0xC1, 0x01, 0xF0, 0x40,
    0x7C, 0x10, 0x1F, 0x04, 0x07, 0xC4, 0xDD, 0xF0, 0x3F, 0xFC, 0x8A, 0xBD, 0x73, 0xD5, 0x03, 0xD9,
    0xF0, 0x7E, 0x7C, 0x3D, 0x9F, 0x0F, 0x67, 0xC3, 0xD9, 0xF0, 0xF6, 0x7C, 0x0E, 0x3F, 0x03, 0x8F,
    0xC6, 0xC9, 0xF0, 0xBB, 0xF8, 0x3D, 0xBF, 0x03, 0x9F, 0xC0, 0xE7, 0xC0, 0x46, 0x74, 0xF5, 0x5F,
    0x3D, 0x57, 0xCF, 0x55, 0xF0, 0x6E, 0x7C, 0x1B, 0x9F, 0x06, 0xE7, 0xC0, 0xD5, 0xF0, 0x35, 0x7C,
    0x69, 0xBE, 0x72, 0x55, 0x46, 0x9B, 0x97, 0x24, 0xDE, 0x00, 0x06, 0xA9, 0x40, 0x00, 0xD5, 0xF6,
    0xAD, 0x7D, 0xCC, 0x78, 0x0E, 0xE7, 0xC3, 0xB9, 0xF0, 0x6F, 0xFC, 0x3B, 0x9F, 0x0E, 0xE7, 0xDA,
    0xB5, 0xF6, 0xAD, 0x7D, 0xAB, 0x5F, 0x03, 0xF7, 0xD8, 0xDD, 0xF7, 0xA1, 0x7D, 0xE8, 0x5F, 0x7A,
    0x17, 0xDE, 0x85, 0xF7, 0xA1, 0x7C, 0x39, 0xDF, 0x0E, 0x77, 0xC3, 0x9D, 0xF0, 0xE7, 0x7C, 0x39,
    0xDF, 0x07, 0x8F, 0xC1, 0xE3, 0xF0, 0x39, 0x7C, 0x0E, 0x5F, 0x03, 0x97, 0xD1, 0x39, 0xB7, 0x9D,
    0xFC, 0x0F, 0x5F, 0x67, 0x07, 0xDE, 0x77, 0xF7, 0x28, 0xFD, 0xE7, 0x7F, 0x0E, 0x7F, 0xC3, 0x9F,
    0xF0, 0xE7, 0xFC, 0x39, 0xFF, 0x0E, 0x7F, 0xC0, 0xE5, 0xF0, 0x39, 0x7C, 0x0E, 0x5F, 0x79, 0xDF,
    0xDE, 0x77, 0xF0, 0x39, 0x7D, 0xE7, 0x7F, 0x72, 0x1F, 0xC7, 0x79, 0xF0, 0x76, 0x7C, 0x1D, 0x9F,
    0x1D, 0xE7, 0xDE, 0x77, 0xF7, 0x9D, 0xFD, 0xE7, 0x7F, 0x03, 0xAF, 0xC0, 0xEB, 0xF4, 0x80, 0xFD,
    0xE7, 0x7F, 0x03, 0xA7, 0xC0, 0xE9, 0xF7, 0x9D, 0x7C, 0x1D, 0x1F, 0x79, 0xD7, 0xC3, 0xBF, 0xF0,
    0xEF, 0xFC, 0x3B, 0xFF, 0x0E, 0xFF, 0xC3, 0xBF, 0xF0, 0xEF, 0xFC, 0x3B, 0xFF, 0x0B, 0x67, 0xC1,
    0x07, 0xF0, 0x41, 0xFD, 0xE7, 0x5F, 0x79, 0xD7, 0xC1, 0x05, 0xF7, 0x9D, 0x7C, 0x1E, 0xDF, 0x79,
    0xD7, 0xC3, 0xD7, 0xF0, 0x7F, 0x7C, 0x1F, 0xDF, 0x0F, 0x5F, 0xC3, 0xD7, 0xF0, 0xF5, 0xFC, 0x3D,
    0x7F, 0x03, 0xF7, 0xC0, 0xFD, 0xF0, 0x3F, 0x7C, 0x20, 0x5F, 0x79, 0xD7, 0xC1, 0x01, 0xF7, 0x9D,
    0x7C, 0x13, 0x3F, 0x0F, 0x2F, 0xC1, 0xEB, 0xF0, 0xF2, 0xFC, 0x3C, 0xBF, 0x0F, 0x2F, 0xC3, 0xCB,
    0xF0, 0x36, 0x7C, 0x0D, 0x9F, 0x12, 0xC7, 0xC0, 0xD9, 0xF6, 0x6D, 0xFC, 0x0D, 0xBF, 0x79, 0xD7,
    0xDE, 0x75, 0xF3, 0xC6, 0xFC, 0x1C, 0xDF, 0x07, 0x37, 0xC3, 0xCB, 0xF0, 0x6F, 0xFC, 0x1B, 0xFF,
    0x03, 0x97, 0xD6, 0xD1, 0xF4, 0x00, 0xFD, 0xE7, 0x5F, 0x0A, 0xF7, 0xD6, 0xCD, 0xF5, 0x71, 0x7D,
    0x88, 0xDF, 0x6A, 0x5F, 0xC3, 0xC3, 0xF0, 0xF0, 0xFC, 0x1D, 0x7F, 0x0F, 0x0F, 0xC3, 0xC3, 0xF6,
    0xA5, 0xFD, 0xA9, 0x7F, 0x6A, 0x5F, 0xC1, 0x05, 0xF0, 0x41, 0x7C, 0xD2, 0xFF, 0x5F, 0x57, 0xC1,
    0x07, 0xF5, 0xF5, 0x7C, 0x10, 0x5F, 0x3C, 0x67, 0xC3, 0xC3, 0xF0, 0xF0, 0xFC, 0x1F, 0x5F, 0x0F,
    0x0F, 0xC3, 0xC3, 0xF0, 0x80, 0xFC, 0x20, 0x3F, 0x03, 0xF7, 0xC0, 0xFD, 0xF0, 0x3F, 0x7D, 0xA9,
    0x3F, 0x08, 0x17, 0xC2, 0xE7, 0xD9, 0x30, 0x40, 0xFE, 0x08, 0x0F, 0x84, 0x0F, 0xE3, 0xCE, 0xF8,
    0x3F, 0x3E, 0x1E, 0x8F, 0x87, 0xA3, 0xE1, 0xE8, 0xF8, 0x7A, 0x3E, 0x07, 0x3F, 0x81, 0xCF, 0xE0,
    0x73, 0xF8, 0x3C, 0xBE, 0x0F, 0x2F, 0x83, 0xCB, 0xE0, 0xF2, 0xFB, 0x8F, 0x7E, 0xF3, 0x9F, 0x83,
    0xB3, 0xE0, 0xEC, 0xF8, 0x79, 0xFE, 0xF3, 0x9F, 0xBC, 0xE7, 0xEF, 0x39, 0xF8, 0x1D, 0x3E, 0x07,
    0x4F, 0x83, 0xA3, 0xE0, 0x75, 0xF8, 0x1D, 0x7E, 0x07, 0x5F, 0x83, 0xA3, 0xE0, 0xE8, 0xF8, 0x7B,
    0x3E, 0x1E, 0xCF, 0x83, 0xBF, 0xE1, 0xEC, 0xF8, 0x7B, 0x3E, 0x1E, 0xCF, 0x87, 0xB3, 0xE1, 0xEC,
    0xF8, 0x21, 0x3E, 0x08, 0x4F, 0x82, 0x13, 0xEE, 0x44, 0xFA, 0xF9, 0xBE, 0x08, 0x3F, 0x82, 0x0F,
    0xE0, 0xFA, 0xFB, 0xCE, 0x3E, 0x1E, 0xEF, 0x84, 0x07, 0xE1, 0x01, 0xF8, 0x7B, 0xBE, 0x1E, 0xEF,
    0x87, 0xBB, 0xE1, 0xEE, 0xF8, 0x20, 0x3E, 0x08, 0x0F, 0x82, 0x03, 0xE1, 0x05, 0xFB, 0xCE, 0x3E,
    0x08, 0x1F, 0xAF, 0x8B, 0xE1, 0x04, 0xFB, 0xCE, 0x3E, 0x1E, 0xDF, 0x83, 0xF7, 0xE1, 0xED, 0xF8,
    0x7B, 0x7E, 0x1E, 0xDF, 0x87, 0xB7, 0xE0, 0x72, 0xF8, 0x1C, 0xBE, 0x0F, 0x3F, 0xBC, 0xE3, 0xED,
    0x50, 0xF8, 0x1C, 0x7E, 0xF3, 0x8F, 0xBC, 0xE3, 0xE7, 0x8D, 0xF9, 0xE3, 0x7E, 0x78, 0xDF, 0x83,
    0x7B, 0xE0, 0xDE, 0xF8, 0x1A, 0xFE, 0x06, 0xBF, 0x81, 0xAF, 0xEF, 0x38, 0xF8, 0x79, 0x3E, 0x06,
    0xCF, 0xBC, 0xE3, 0xE8, 0xEB, 0xFB, 0xCE, 0x3E, 0x1E, 0x3F, 0x87, 0x8F, 0xE0, 0xE5, 0xF8, 0x78,
    0xFE, 0x1E, 0x3F, 0xA5, 0xBF, 0xE9, 0x6F, 0xFA, 0x5B, 0xFE, 0x81, 0x1F, 0x82, 0x0F, 0xE0, 0xEF,
    0xFB, 0xCE, 0x3E, 0x0F, 0x0F, 0xB1, 0x57, 0xE1, 0xE4, 0xFA, 0xF8, 0x7E, 0xF3, 0x8F, 0x87, 0x93,
    0xE0, 0xFD, 0xF8, 0x79, 0x3E, 0x1E, 0x4F, 0x87, 0x93, 0xE1, 0x05, 0xF8, 0x41, 0x7E, 0x08, 0x1F,
    0x82, 0x07, 0xE0, 0x81, 0xFB, 0xCE, 0x3E, 0xEC, 0x3F, 0x82, 0x07, 0xE0, 0x9C, 0xF8, 0x41, 0xBE,
    0xF3, 0x7F, 0x87, 0x97, 0xE0, 0xFF, 0xF8, 0x79, 0x7E, 0x1E, 0x5F, 0x87, 0x97, 0xE1, 0xE5, 0xF8,
    0x1C, 0xFE, 0x07, 0x3F, 0xB8, 0xF3, 0xE0, 0x73, 0xF8, 0x1C, 0xFE, 0xEC, 0x1F, 0x81, 0xCF, 0xE0,
    0xF5, 0xF8, 0xF5, 0x7E, 0x0E, 0xEF, 0x8F, 0x57, 0xE3, 0xD5, 0xFA, 0xD8, 0x3E, 0xB6, 0x0F, 0x8F,
    0x57, 0xE0, 0x76, 0xF8, 0x1D, 0xBE, 0xE3, 0x1F, 0xB7, 0x0B, 0xE0, 0x75, 0xF8, 0x1D, 0x7E, 0x0E,
    0x9F, 0x83, 0xA7, 0xE1, 0xF0, 0xF8, 0x7C, 0x3E, 0x0F, 0x0F, 0x87, 0xC3, 0xE1, 0xF0, 0xF8, 0x7C,
    0x3E, 0x1F, 0x0F, 0x87, 0xC3, 0xE0, 0x83, 0xF8, 0x20, 0xFE, 0x0F, 0xAF, 0x82, 0x0F, 0xEE, 0xB5,
    0xF8, 0x21, 0x3E, 0x35, 0x3F, 0xAB, 0x83, 0xE5, 0xC3, 0xF8, 0x7B, 0xFE, 0x10, 0x0F, 0x84, 0x03,
    0xE1, 0xEF, 0xF8, 0x7B, 0xFE, 0x1E, 0xFF, 0x87, 0xBF, 0xE0, 0x80, 0xF8, 0x20, 0x3E, 0x08, 0x0F,
    0x84, 0x13, 0xEF, 0xB8, 0xF8, 0x20, 0x7E, 0xEC, 0x8F, 0xBC, 0xDF, 0xE7, 0xA8, 0xF8, 0x3E, 0xBE,
    0x1E, 0xBF, 0x87, 0xAF, 0xE1, 0xEB, 0xF8, 0x7A, 0xFE, 0x06, 0xFF, 0x81, 0xBF, 0xE0, 0x6F, 0xFB,
    0xCD, 0xFE, 0x17, 0x4F, 0x81, 0xB7, 0xEF, 0x36, 0xF8, 0x5D, 0x3E, 0xF3, 0x6F, 0x83, 0xA7, 0xE0,
    0xE9, 0xF8, 0x7A, 0xBE, 0x0E, 0x2F, 0x83, 0x8B, 0xE0, 0xE2, 0xF8, 0x1C, 0xBE, 0xB6, 0x6F, 0xBC,
    0xDB, 0xEF, 0x36, 0xF8, 0x1C, 0xBE, 0xF3, 0x5F, 0x85, 0x8F, 0xEF, 0x35, 0xF8, 0x79, 0xFE, 0x1E,
    0x7F, 0x83, 0xB3, 0xE1, 0xE7, 0xF8, 0x79, 0xFE, 0xF3, 0x5F, 0x82, 0x03, 0xE0, 0x80, 0xF8, 0x20,
    0x3E, 0x08, 0x0F, 0x83, 0xD3, 0xEF, 0x35, 0xF8, 0x20, 0x7E, 0x08, 0x1F, 0x8F, 0x57, 0xE7, 0xA8,
    0xF8, 0x79, 0x3E, 0x1E, 0x4F, 0x83, 0xEB, 0xE1, 0xE4, 0xF8, 0x79, 0x3E, 0x10, 0x1F, 0x82, 0x03,
    0xE0, 0x80, 0xF8, 0x20, 0x3E, 0x08, 0x0F, 0x89, 0x9B, 0xEE, 0x4B, 0xFB, 0xCD, 0x7E, 0x08, 0x1F,
    0xBC, 0xD7, 0xE1, 0x04, 0xFB, 0xCD, 0x7E, 0x1E, 0x9F, 0x83, 0xF3, 0xE1, 0xE9, 0xF8, 0x7A, 0x7E,
    0x1E, 0x9F, 0x81, 0xD3, 0xE0, 0x74, 0xF8, 0x1D, 0x3E, 0xF3, 0x5F, 0xB5, 0x1F, 0xE0, 0x72, 0xFB,
    0x8F, 0x3E, 0x0F, 0x5F, 0x81, 0xCB, 0xE1, 0xE9, 0xF8, 0x3B, 0xBE, 0x1E, 0x9F, 0x8F, 0x53, 0xE3,
    0xD4, 0xF8, 0xF5, 0x3E, 0x07, 0x5F, 0x81, 0xD7, 0xE0, 0x75, 0xFB, 0x8C, 0x3E, 0x0E, 0x9F, 0x81,
    0xDB, 0xEF, 0x36, 0xF8, 0x3A, 0x7E, 0xF3, 0x6F, 0x87, 0xB7, 0xE1, 0xED, 0xF8, 0x3C, 0x3E, 0x1E,
    0xDF, 0x87, 0xB7, 0xE3, 0xD5, 0xF8, 0xF5, 0x7E, 0x3D, 0x5F, 0x82, 0x13, 0xE0, 0x84, 0xF8, 0x21,
    0x3E, 0xEB, 0x5F, 0x83, 0xE7, 0xE0, 0xF9, 0xF8, 0x20, 0xBE, 0xF3, 0x6F, 0x87, 0xC3, 0xE1, 0xF0,
    0xF8, 0x40, 0x7E, 0x1F, 0x0F, 0x87, 0xC3, 0xE1, 0xF0, 0xF8, 0x7C, 0x3E, 0x1F, 0x0F, 0x82, 0x03,
    0xE0, 0x80, 0xF8, 0x20, 0x3E, 0x08, 0x0F, 0x82, 0x03, 0xE0, 0x80, 0xF8, 0x1F, 0xFE, 0xF3, 0x6F,
    0x87, 0xB7, 0xE0, 0xFC, 0xF8, 0x7B, 0x7E, 0x1E, 0xDF, 0x87, 0xB7, 0xE1, 0xED, 0xF8, 0x1C, 0x7E,
    0x07, 0x1F, 0x81, 0xC7, 0xEF, 0x36, 0xF8, 0x7B, 0xB6, 0x17, 0x8F, 0x81, 0xD3, 0xEF, 0x37, 0xF9,
    0xEA, 0x7E, 0x0E, 0x5F, 0x9E, 0xA7, 0xE7, 0xA9, 0xF8, 0x37, 0x7E, 0x0D, 0xDF, 0x81, 0xAF, 0xE0,
    0x6B, 0xF8, 0xD3, 0xFE, 0xF3, 0x7F, 0xBC, 0xDF, 0xE0, 0x6A, 0xFB, 0x35, 0x75, 0x00, 0x48, 0x27,
    0xC3, 0xBB, 0xF0, 0xEE, 0xFC, 0x1C, 0x1F, 0x0E, 0xEF, 0xC3, 0xBB, 0xF6, 0xAB, 0xFD, 0xAA, 0xFF,
    0x6A, 0xBF, 0xD8, 0xD7, 0xF6, 0x35, 0xFD, 0xE6, 0xFD, 0x57, 0x4F, 0x9E, 0x65, 0xF6, 0xA3, 0x5A,
    0x77, 0x58, 0x0E, 0x27, 0xC3, 0x89, 0xF0, 0xE2, 0x7C, 0x38, 0x9F, 0x0E, 0x27, 0xC1, 0xCD, 0xF0,
    0x73, 0x7C, 0x0C, 0xF8, 0x88, 0x4E, 0xEB, 0x20, 0x68, 0xEC, 0xEE, 0xB4, 0x06, 0x9F, 0xCE, 0xEB,
    0x60, 0xE8, 0xFA, 0x3F, 0xF4, 0x07, 0x19, 0x4E, 0xEB, 0x40, 0x72, 0xE4, 0x4A, 0x77, 0x59, 0x01,
    0x1D, 0x2B, 0x00, 0x1E, 0xB5, 0x5C, 0x1C, 0xFF, 0x9D, 0xD6, 0x03, 0x77, 0xF0, 0x6D, 0x7C, 0x37,
    0x7F, 0x0D, 0xDF, 0xC3, 0x77, 0xF0, 0xDD, 0xF0, 0x0D, 0x1F, 0x03, 0x47, 0xC0, 0xD1, 0xF8, 0x9C,
    0xA2, 0xB0, 0x06, 0x2A, 0x81, 0x87, 0x72, 0x8A, 0xC8, 0x18, 0xA7, 0x28, 0xAD, 0x01, 0x8E, 0xB2,
    0x8A, 0xD8, 0x19, 0x2F, 0x28, 0xAD, 0x03, 0x73, 0xE3, 0x9C, 0xF8, 0x35, 0x7E, 0x39, 0xCF, 0xBC,
    0x57, 0xEF, 0x15, 0xFB, 0xC5, 0x7E, 0x13, 0x99, 0x81, 0x1A, 0x60, 0x69, 0xD8, 0x16, 0x24, 0x06,
    0xAF, 0x4A, 0x2A, 0xE0, 0x6B, 0xF8, 0x1A, 0xFE, 0x06, 0xBF, 0x81, 0xAF, 0xE1, 0xB9, 0xFA, 0x7A,
    0x6C, 0x1B, 0x8F, 0x86, 0xE3, 0xE0, 0xDD, 0xF8, 0x6E, 0x3E, 0x1B, 0x8F, 0x86, 0xE3, 0xE1, 0xB8,
    0xF8, 0x6E, 0x3E, 0x07, 0xEA, 0x01, 0xF7, 0xE0, 0x7C, 0xF8, 0x6E, 0xFA, 0x07, 0xBA, 0xC1, 0xA4,
    0x20, 0x7B, 0xE8, 0x1E, 0xAA, 0x07, 0x9B, 0x83, 0x93, 0xE0, 0x78, 0xF0, 0x71, 0xBE, 0x1C, 0x6F,
    0x83, 0xC3, 0xE1, 0xC6, 0xF8, 0x71, 0xBE, 0x1C, 0x6F, 0x87, 0x1B, 0xE0, 0x75, 0xF8, 0x1D, 0x7E,
    0x07, 0x5F, 0x94, 0x27, 0xE1, 0xC5, 0xC0, 0x1E, 0xB8, 0x23, 0x7D, 0x40, 0xA5, 0x6E, 0xAB, 0xC2,
    0x33, 0xBA, 0x1C, 0x2F, 0x83, 0x93, 0xE1, 0xC2, 0xF8, 0x70, 0xBE, 0x1C, 0x2F, 0x87, 0x0B, 0x02,
    0x93, 0xF8, 0xA4, 0xFE, 0x06, 0x1F, 0x81, 0x87, 0xE0, 0x61, 0xF8, 0x18, 0x66, 0xEF, 0x1C, 0x0C,
    0x2B, 0xE5, 0x5F, 0xF8, 0x34, 0x7E, 0x1C, 0x2F, 0x83, 0x2B, 0xE0, 0xCA, 0xF8, 0xDE, 0x3E, 0xB2,
    0x2F, 0x9E, 0xF3, 0xE6, 0x46, 0xFB, 0x00, 0x74, 0xDE, 0x9F, 0x9E, 0xDA, 0xA0, 0x65, 0xAA, 0xFD,
    0x73, 0x06, 0x90, 0x86, 0xCB, 0xE1, 0xB2, 0xF8, 0x33, 0x7E, 0x1B, 0x2F, 0x86, 0xCB, 0xEC, 0xF4,
    0xFB, 0x3D, 0x3E, 0xCF, 0x4F, 0x03, 0x5F, 0xA0, 0x71, 0xF8, 0x1C, 0x7E, 0xC0, 0x0F, 0x41, 0xA2,
    0x20, 0x72, 0xF8, 0x1C, 0xAA, 0x07, 0x1D, 0x03, 0x62, 0xEB, 0xA7, 0xA8, 0x6C, 0x7E, 0x1B, 0x1F,
    0x83, 0x7F, 0xE1, 0xB1, 0xF8, 0x6C, 0x7E, 0x0E, 0x6F, 0x83, 0x9B, 0xE0, 0xE6, 0xF8, 0x1D, 0x3E,
    0x07, 0x4F, 0x81, 0xD2, 0xC1, 0x9A, 0x90, 0x1B, 0xA7, 0x21, 0x76, 0x67, 0xC1, 0xC5, 0x88, 0xDB,
    0x36, 0x3E, 0x79, 0xEC, 0x86, 0xBB, 0xE0, 0xE0, 0xF8, 0x6B, 0xBE, 0x1A, 0xEF, 0x86, 0xBB, 0xE5,
    0x2D, 0xF8, 0x18, 0x7E, 0x06, 0x1F, 0xB1, 0xAF, 0xEE, 0xC6, 0xC8, 0x19, 0xFE, 0x14, 0xAF, 0x83,
    0x63, 0xA8, 0xFA, 0xF8, 0x34, 0x3E, 0x0D, 0x0F, 0x86, 0xC3, 0xEE, 0xBB, 0xFB, 0xAE, 0xFE, 0xEB,
    0xBF, 0x81, 0xAB, 0xE0, 0x6A, 0xF9, 0xE1, 0x7E, 0x06, 0x9A, 0x81, 0xA3, 0xE0, 0x68, 0xF8, 0x34,
    0x2E, 0x1B, 0x2F, 0x86, 0xCB, 0xE0, 0xD1, 0xF8, 0x6C, 0xBE, 0x1B, 0x2F, 0x86, 0xCB, 0xE1, 0xB2,
    0xF8, 0x6C, 0xBE, 0x07, 0x0F, 0x81, 0xC3, 0xE0, 0x70, 0xF8, 0x1C, 0x3E, 0x07, 0x0F, 0x86, 0xC7,
    0xE9, 0x80, 0xD8, 0x6C, 0x3E, 0x1B, 0x0F, 0x83, 0x7F, 0xE1, 0xB0, 0xF8, 0x6C, 0x3E, 0x1B, 0x0F,
    0x86, 0xC3, 0xE1, 0xB0, 0xF8, 0x1C, 0xBE, 0x07, 0x2F, 0x96, 0x46, 0x80, 0x6C, 0xF8, 0x1B, 0x3E,
    0x1A, 0xDF, 0x86, 0xB7, 0xE1, 0xAD, 0xF8, 0x6B, 0x7E, 0x1A, 0xDF, 0x86, 0xB7, 0xE1, 0xAD, 0xF8,
    0x17, 0xBE, 0x05, 0xEF, 0x83, 0x47, 0xE9, 0xA3, 0xC0, 0x6B, 0x3E, 0x06, 0x5E, 0xB8, 0x9F, 0x0D,
    0x01, 0xE1, 0xB3, 0xFE, 0x6C, 0xFF, 0x9B, 0x3F, 0xE0, 0xBE, 0xF8, 0x2F, 0xBE, 0x13, 0x1F, 0x81,
    0x7F, 0xE0, 0x5F, 0xF8, 0x4C, 0x7E, 0x3B, 0xCF, 0x06, 0x8B, 0xE7, 0xA2, 0xA9, 0x78, 0x27, 0x20,
    0x83, 0x40, 0x03, 0x49, 0xF0, 0xD2, 0x7C, 0x19, 0x1F, 0x0D, 0x27, 0xC3, 0x49, 0xF4, 0x50, 0xFD,
    0x14, 0x3F, 0x45, 0x0F, 0x80, 0xE5, 0xD3, 0xA1, 0x7C, 0x0E, 0x5F, 0x5F, 0xB7, 0x81, 0xA5, 0xE5,
    0xC0, 0xE0, 0x0E, 0x7C, 0x2F, 0x74, 0xE4, 0x21, 0xA1, 0xF8, 0x68, 0x7E, 0x1A, 0x1F, 0x86, 0x87,
    0xE1, 0xA1, 0xF8, 0x38, 0xBE, 0x0E, 0x2F, 0x9B, 0x2F, 0x52, 0x20, 0x38, 0x7E, 0x77, 0x23, 0x03,
    0x8F, 0x67, 0x72, 0x42, 0xBD, 0x72, 0x41, 0x02, 0x85, 0x01, 0xB6, 0x73, 0xB9, 0x19, 0xB1, 0xBD,
    0x22, 0x00, 0xF5, 0xA4, 0x20, 0x19, 0xA4, 0x80, 0x35, 0x76, 0x07, 0x2E, 0x64, 0x21, 0xA6, 0xF8,
    0x37, 0x7E, 0x1A, 0x6F, 0x86, 0x9B, 0xE1, 0xA6, 0xF9, 0xB1, 0xBC, 0x06, 0x3F, 0x81, 0x8F, 0xE0,
    0x63, 0xFC, 0x84, 0x0C, 0x55, 0x2E, 0xF7, 0x24, 0x40, 0x62, 0x9C, 0xA2, 0x46, 0x06, 0x3B, 0xCA,
    0x24, 0x80, 0x64, 0xAC, 0xA2, 0x46, 0x0D, 0x7F, 0x8D, 0x4B, 0xE0, 0xD0, 0xF8, 0xD4, 0xBE, 0xA6,
    0x3F, 0xA9, 0x8F, 0xEA, 0x63, 0xF9, 0x74, 0x68, 0x04, 0x69, 0x17, 0x4B, 0x92, 0x10, 0x35, 0x7C,
    0x18, 0xD3, 0x03, 0x5F, 0xC0, 0xD7, 0x70, 0x67, 0x74, 0x0D, 0x9F, 0x03, 0x67, 0xC5, 0xD7, 0xC7,
    0x1A, 0x7C, 0x37, 0x9F, 0x0D, 0xE7, 0xC3, 0x79, 0xF0, 0xDE, 0x7C, 0x37, 0x9F, 0x0D, 0xE7, 0xC3,
    0x79, 0xF3, 0x28, 0xDC, 0x0F, 0xDF, 0x0D, 0xF7, 0x80, 0xFB, 0x30, 0x3E, 0x7C, 0x45, 0xBE, 0x03,
    0xDC, 0x80, 0xF5, 0x70, 0x3C, 0xD4, 0x1C, 0xBF, 0x75, 0x77, 0xC3, 0x87, 0xF0, 0xE1, 0xFC, 0x1E,
    0x5F, 0x0E, 0x1F, 0xC3, 0x87, 0xF0, 0xE1, 0xFC, 0x38, 0x7F, 0x03, 0xB7, 0xC0, 0xED, 0xF0, 0x3B,
    0x7D, 0x4A, 0xDF, 0x11, 0xAE, 0x45, 0x53, 0xE1, 0x1A, 0xE9, 0xC3, 0xF8, 0x2C, 0x4E, 0x03, 0x89,
    0xF0, 0x72, 0xFC, 0x38, 0x9F, 0x0E, 0x27, 0xC3, 0x89, 0xF3, 0x64, 0x7C, 0x53, 0x1F, 0x14, 0xC7,
    0xC5, 0x31, 0xF0, 0x31, 0x7C, 0x0C, 0x5F, 0x18, 0x67, 0xC3, 0x81, 0x2F, 0x4C, 0x1A, 0x00, 0x1C,
    0x1F, 0x83, 0x3B, 0xE1, 0xC1, 0xF8, 0x31, 0xFE, 0x0C, 0x7F, 0x8A, 0x2F, 0xC1, 0x08, 0x90, 0x19,
    0x3E, 0xA4, 0x0F, 0x81, 0x97, 0xE5, 0x7F, 0xD5, 0x8C, 0x5F, 0xBF, 0x51, 0xD6, 0x45, 0xFD, 0xF0,
    0xD9, 0xFC, 0x36, 0x7F, 0x06, 0x6F, 0xC3, 0x67, 0xF0, 0xD9, 0xFD, 0xC0, 0x1F, 0x03, 0x8F, 0xC6,
    0xDB, 0xF0, 0x37, 0xFC, 0x0D, 0xFF, 0x0D, 0x75, 0xBD, 0x22, 0xFB, 0x98, 0x8A, 0xBC, 0x0D, 0xC9,
    0x00, 0x72, 0xAA, 0xA8, 0xE0, 0x34, 0xB3, 0x03, 0x0D, 0x3F, 0xC3, 0x4F, 0xF0, 0x6C, 0x7C, 0x34,
    0xFF, 0x0D, 0x3F, 0xC1, 0xBF, 0xF0, 0x36, 0xFC, 0x1B, 0xFA, 0x82, 0x01, 0xBB, 0xF3, 0xB8, 0x28,
    0x1B, 0xFF, 0x3B, 0x83, 0x14, 0x47, 0x96, 0x39, 0xDC, 0x14, 0x6D, 0x3E, 0x00, 0xE5, 0xE0, 0x60,
    0x17, 0xB4, 0x08, 0x0E, 0x1C, 0x18, 0x24, 0xE0, 0x61, 0xA5, 0xF8, 0x35, 0xFE, 0x1A, 0x5F, 0x86,
    0x97, 0xE1, 0xA5, 0xF8, 0xDA, 0xBC, 0x06, 0x2F, 0x81, 0x8B, 0xE0, 0x62, 0xFC, 0x4E, 0x51, 0x03,
    0x03, 0x1F, 0xC1, 0xA7, 0x28, 0x20, 0x19, 0x27, 0x28, 0x82, 0x81, 0x96, 0xF2, 0x88, 0x30, 0x19,
    0xAF, 0x28, 0x82, 0x83, 0x63, 0xE1, 0xAA, 0xF8, 0x34, 0x7E, 0x1A, 0xAF, 0x8D, 0xB3, 0xE3, 0x6C,
    0xF8, 0xDB, 0x3E, 0x27, 0x5A, 0x01, 0x1E, 0x42, 0x76, 0xE4, 0x0C, 0x0D, 0x9F, 0x00, 0x4C, 0xA0,
    0x40, 0x6D, 0xF8, 0x1B, 0x7E, 0x06, 0xDF, 0x81, 0xB7, 0xE0, 0x6D, 0xE0, 0x35, 0x68, 0x1B, 0x4F,
    0x86, 0xD3, 0xE0, 0xDC, 0xF8, 0x6D, 0x3E, 0x1B, 0x4F, 0x8D, 0xA3, 0xE3, 0x68, 0xF9, 0x49, 0x7E,
    0x07, 0xBF, 0x81, 0xEF, 0xE0, 0x7B, 0xF8, 0x1E, 0xFE, 0x07, 0xBF, 0x81, 0xEF, 0xE0, 0x7B, 0xF8,
    0xFA, 0x7E, 0x36, 0xFF, 0x87, 0x1F, 0xE0, 0xF5, 0xF8, 0x71, 0xFE, 0x1C, 0x7F, 0x87, 0x1F, 0xE1,
    0xC7, 0xF8, 0xDB, 0xF8, 0x07, 0xCF, 0x8D, 0xBF, 0xE0, 0x7B, 0xA0, 0x1E, 0xBE, 0x67, 0x4F, 0x01,
    0xEA, 0x40, 0x79, 0xB8, 0x1E, 0x2E, 0x0F, 0x3F, 0x8F, 0xA2, 0xD2, 0x05, 0x1F, 0x7C, 0x39, 0xFF,
    0x07, 0x97, 0xC3, 0x9F, 0xF0, 0xE7, 0xFC, 0x39, 0xFF, 0x03, 0x57, 0xC0, 0xD5, 0xF0, 0x35, 0x7C,
    0x7B, 0x7F, 0x18, 0x95, 0x46, 0xEF, 0xF1, 0x89, 0x6D, 0xE8, 0xFA, 0x37, 0x27, 0xC1, 0xAB, 0xF3,
    0x72, 0x7C, 0xDC, 0x9F, 0x06, 0x6F, 0xC6, 0x07, 0xF1, 0x81, 0xFC, 0x60, 0x7F, 0x1B, 0x9F, 0xE4,
    0x00, 0x60, 0xD8, 0x34, 0x28, 0xDA, 0xFB, 0x81, 0x87, 0x8B, 0xF5, 0xFB, 0x6B, 0xFE, 0x1C, 0x5F,
    0x87, 0x17, 0xE0, 0xD2, 0xF8, 0x71, 0x7E, 0x1C, 0x5F, 0xAF, 0xDB, 0xEB, 0xF6, 0xFB, 0x6B, 0xFE,
    0xB1, 0xBF, 0xAC, 0x6F, 0xED, 0xAF, 0xFA, 0xC5, 0x7E, 0xDA, 0xFF, 0xB6, 0xBF, 0xE1, 0xAF, 0xF8,
    0x36, 0x7E, 0x1A, 0xFF, 0x86, 0xBF, 0xE1, 0xAF, 0xF8, 0x38, 0x7E, 0xDA, 0xFF, 0xB5, 0x1B, 0xED,
    0x46, 0xF8, 0x38, 0xFE, 0xDA, 0xFF, 0xB6, 0xBB, 0xED, 0xAE, 0xFB, 0x6B, 0xBE, 0x1A, 0xCF, 0x83,
    0x67, 0xE1, 0xAC, 0xF8, 0x6B, 0x3E, 0x1A, 0xCF, 0xB6, 0xBB, 0xE0, 0x67, 0xF8, 0x19, 0xFE, 0xCC,
    0x6F, 0xB8, 0x47, 0xED, 0x43, 0xFB, 0x50, 0xFE, 0xDA, 0xFF, 0x83, 0x57, 0xE0, 0xD5, 0xF8, 0xDE,
    0xFE, 0xDA, 0xFF, 0xB6, 0xBF, 0xED, 0xAF, 0xFB, 0x6B, 0xFE, 0xDA, 0xFF, 0xB6, 0xBF, 0xE0, 0x6C,
    0xF8, 0x1B, 0x3E, 0x06, 0xCF, 0x81, 0xB3, 0xED, 0xB0, 0xF8, 0x6E, 0x7E, 0x1B, 0x9F, 0x83, 0x7F,
    0xE1, 0xB9, 0xF8, 0x6E, 0x7E, 0x1B, 0x9F, 0x86, 0xE7, 0xE1, 0xB9, 0xFB, 0x4E, 0xBE, 0xD3, 0xAF,
    0x86, 0xF3, 0xED, 0xB0, 0xB8, 0x1F, 0x3E, 0xDB, 0x1F, 0x83, 0x9B, 0xED, 0xB1, 0xF8, 0x72, 0x3E,
    0x0F, 0x2F, 0x83, 0xCB, 0xE1, 0xC8, 0xF8, 0x72, 0x3E, 0x1C, 0x8F, 0x87, 0x23, 0xE0, 0x76, 0xF8,
    0x1D, 0xBE, 0x07, 0x6F, 0xB5, 0x3F, 0xED, 0x4F, 0xB8, 0x8E, 0xBE, 0xDB, 0x2F, 0x8C, 0x3B, 0xE1,
    0xC6, 0xF8, 0x39, 0xBE, 0x1C, 0x6F, 0x87, 0x1B, 0xE1, 0xC6, 0xF9, 0xBA, 0x7E, 0x29, 0x6F, 0x8A,
    0x5B, 0xE0, 0x62, 0xFB, 0x6C, 0xBE, 0xDB, 0x2F, 0xB6, 0xCB, 0xED, 0xB2, 0xF8, 0x34, 0xBE, 0x0D,
    0x2F, 0x87, 0x17, 0xE0, 0xCB, 0xF8, 0x32, 0xFE, 0x2F, 0xCF, 0xA9, 0x6F, 0xE7, 0x4F, 0xFB, 0x6C,
    0xBE, 0x9E, 0x8F, 0xA9, 0x73, 0xED, 0xB3, 0xF8, 0x6D, 0x7E, 0x1B, 0x5F, 0x83, 0x3B, 0xE1, 0xB5,
    0xF8, 0x6D, 0x7E, 0xC0, 0x0F, 0xB0, 0x03, 0xEC, 0x00, 0xF8, 0x1C, 0xBE, 0x07, 0x2F, 0x8C, 0x13,
    0xED, 0xB3, 0xC8, 0x1C, 0xFE, 0xB9, 0x5F, 0xB6, 0xD3, 0xE1, 0xB4, 0xF8, 0x6D, 0x3E, 0x0E, 0x1F,
    0x86, 0xD3, 0xE1, 0xB4, 0xF8, 0x3A, 0x3E, 0x0E, 0x8F, 0x83, 0xA3, 0xE0, 0x75, 0xF8, 0x1D, 0x7E,
    0xDB, 0x4F, 0x81, 0xBF, 0xED, 0xB4, 0xFB, 0x01, 0xBE, 0x1B, 0x0F, 0x83, 0x87, 0xE1, 0xB0, 0xF8,
    0x6C, 0x3E, 0x1B, 0x0F, 0x86, 0xC3, 0xE0, 0x61, 0xF8, 0x18, 0x7E, 0x0D, 0x7F, 0xB6, 0xD3, 0xE0,
    0x66, 0xF8, 0x52, 0xBE, 0xDB, 0x3F, 0x86, 0xC7, 0xE0, 0xCF, 0xF8, 0x6C, 0x7E, 0xDB, 0x3F, 0xB6,
    0xCF, 0xED, 0xB3, 0xF8, 0x1A, 0x7E, 0x06, 0x9F, 0x81, 0xA7, 0xEC, 0x10, 0xF8, 0x19, 0xFE, 0x06,
    0x7F, 0xA2, 0x73, 0xE1, 0xB1, 0xF8, 0x33, 0xFE, 0x1B, 0x1F, 0x86, 0xC7, 0xE1, 0xB1, 0xF8, 0x6C,
    0x7E, 0x1B, 0x1F, 0x86, 0xC7, 0xE0, 0x6F, 0xF8, 0x1B, 0xFE, 0x06, 0xFF, 0x84, 0xFF, 0xE1, 0xAF,
    0xFB, 0x6C, 0xBE, 0x1A, 0xEF, 0x86, 0xBB, 0xE0, 0xDE, 0xF8, 0x6B, 0xBE, 0x1A, 0xEF, 0x86, 0xBB,
    0xE1, 0xAE, 0xF8, 0x6B, 0xBE, 0x07, 0x2F, 0x81, 0xCB, 0xED, 0xB2, 0xF8, 0x1B, 0x3E, 0xDB, 0x2F,
    0x85, 0x13, 0xE1, 0xAB, 0xF8, 0x36, 0xFE, 0x1A, 0xBF, 0x86, 0xAF, 0xE1, 0xAB, 0xF8, 0x6A, 0xFE,
    0x05, 0xEF, 0x81, 0x7B, 0xED, 0xB2, 0xF8, 0x84, 0xBE, 0xDB, 0x2F, 0xB6, 0xCB, 0xE6, 0xCD, 0xF9,
    0xB3, 0x7E, 0x6C, 0xDF, 0x82, 0xFB, 0xE0, 0xBE, 0xF8, 0x4C, 0x7E, 0x05, 0xFF, 0x81, 0x7F, 0xE1,
    0x31, 0xF8, 0x82, 0xBE, 0x1A, 0x2F, 0xB6, 0xCB, 0xE1, 0xA4, 0xF8, 0x69, 0x3E, 0x0C, 0x8F, 0x86,
    0x93, 0xE1, 0xA4, 0xFA, 0x23, 0x3E, 0x88, 0xCF, 0xA2, 0x33, 0xE7, 0x40, 0xF8, 0x1C, 0xBE, 0xB1,
    0x9F, 0xB6, 0xCB, 0xE7, 0xA1, 0xF8, 0x1C, 0xFE, 0xDB, 0x2F, 0x86, 0x87, 0xE0, 0xDA, 0xF8, 0x68,
    0x7E, 0x1A, 0x1F, 0x86, 0x87, 0xE0, 0xE2, 0xF8, 0x38, 0xBE, 0xD4, 0xEF, 0xB3, 0x8F, 0xEC, 0xE2,
    0xFB, 0x6C, 0xBE, 0xDB, 0x2F, 0xB6, 0xCB, 0xED, 0xB2, 0xF8, 0x69, 0xBE, 0x0D, 0xDF, 0x86, 0x9B,
    0xE1, 0xA6, 0xF8, 0x69, 0xBE, 0xDB, 0x2F, 0x81, 0x8F, 0xE0, 0x63, 0xFB, 0x51, 0xBE, 0xD4, 0x6F,
    0xB5, 0x1B, 0xED, 0x46, 0xFB, 0x6C, 0xFE, 0x0D, 0x1F, 0x83, 0x47, 0xE3, 0x52, 0xFA, 0x91, 0xBE,
    0xA4, 0x6F, 0xB6, 0xCF, 0xEC, 0xBD, 0xF8, 0x1A, 0xFE, 0xDB, 0x3F, 0x81, 0xB3, 0xE0, 0x6C, 0xF8,
    0x1B, 0x3E, 0xDB, 0x3F, 0xB6, 0xCF, 0xE1, 0xBD, 0xF8, 0x6F, 0x7E, 0x0D, 0xFF, 0x86, 0xF7, 0xE1,
    0xBD, 0xF8, 0x6F, 0x7E, 0x1B, 0xDF, 0xB6, 0xCF, 0xE0, 0x7E, 0xF8, 0x1F, 0x7E, 0x07, 0xCF, 0xB6,
    0xCF, 0xED, 0xB3, 0xF8, 0x39, 0x7E, 0xDB, 0x3F, 0x87, 0x13, 0xE1, 0xC4, 0xF8, 0x3C, 0xBE, 0x1C,
    0x4F, 0x87, 0x13, 0xE1, 0xC4, 0xF8, 0x71, 0x3E, 0x07, 0x6F, 0x81, 0xDB, 0xE0, 0x76, 0xFA, 0x75,
    0xFE, 0xD5, 0x0F, 0x88, 0xDB, 0xED, 0xB3, 0xF8, 0xDB, 0x3E, 0x1C, 0x5F, 0x83, 0x97, 0xE1, 0xC5,
    0xF8, 0x71, 0x7E, 0x1C, 0x5F, 0x8A, 0x67, 0xE0, 0x62, 0xF8, 0x18, 0x7E, 0x29, 0x9F, 0x81, 0x8B,
    0xE2, 0x99, 0xFB, 0x6C, 0xFE, 0x0C, 0xEF, 0x83, 0x3B, 0xE1, 0xC1, 0xF8, 0x31, 0xFE, 0x0C, 0x7F,
    0xB6, 0xCF, 0xE0, 0x64, 0xFA, 0x8F, 0xFE, 0x57, 0xEF, 0xB6, 0xCF, 0xEA, 0xA0, 0xFB, 0x6C, 0xFE,
    0x51, 0x6F, 0x86, 0xCF, 0xE0, 0xCD, 0xF8, 0x6C, 0xFE, 0x1B, 0x3F, 0xB6, 0xCF, 0xE0, 0x71, 0xF8,
    0xF8, 0x7E, 0x06, 0xFF, 0x81, 0xBF, 0xED, 0xB3, 0xFB, 0x6C, 0xFE, 0xDB, 0x3F, 0xB3, 0x6B, 0xE1,
    0xA7, 0xF8, 0x69, 0xFE, 0x0D, 0x8F, 0x86, 0x9F, 0xE1, 0xA7, 0xF8, 0x37, 0xFE, 0x06, 0xDF, 0xB6,
    0xCF, 0xED, 0x50, 0xFB, 0x54, 0x3E, 0xDB, 0x3F, 0xB6, 0xCF, 0xED, 0xB3, 0xFB, 0x6C, 0xFE, 0xDB,
    0x3F, 0x83, 0x5F, 0xE1, 0xA5, 0xF8, 0x69, 0x7E, 0x1A, 0x5F, 0x86, 0x97, 0xE0, 0x62, 0xF8, 0x18,
    0xBE, 0x06, 0x2F, 0xB3, 0x26, 0xEC, 0xC8, 0xFB, 0x32, 0x3E, 0xCC, 0x8F, 0xB6, 0xCB, 0xE0, 0xD0,
    0xF8, 0x34, 0x3E, 0x1A, 0x9F, 0x8D, 0xAF, 0xE3, 0x6B, 0xFB, 0x6C, 0xBE, 0xC4, 0xEF, 0x81, 0xAF,
    0xED, 0x36, 0xFB, 0x4D, 0xBE, 0x06, 0xDF, 0x81, 0xB7, 0xEC, 0xBE, 0xFB, 0x6C, 0xBE, 0x1B, 0x3F,
    0x83, 0x6F, 0xE1, 0xB3, 0xF8, 0x6C, 0xFE, 0x36, 0x7F, 0x8D, 0x9F, 0xE3, 0x67, 0xF8, 0x1E, 0xFE,
    0x07, 0xBF, 0x81, 0xEF, 0xE0, 0x7B, 0xF8, 0x1E, 0xFE, 0x07, 0xBF, 0x81, 0xEF, 0xE3, 0xE8, 0xF8,
    0xDB, 0xBE, 0x1C, 0x6F, 0x83, 0xD7, 0xE1, 0xC6, 0xF8, 0x71, 0xBE, 0x1C, 0x6F, 0x87, 0x1B, 0xE3,
    0x6E, 0xFB, 0x51, 0xFE, 0x23, 0x6F, 0xB5, 0x1F, 0xED, 0xB2, 0xBB, 0x6C, 0x7E, 0xDB, 0x1F, 0x83,
    0xCB, 0xED, 0xB1, 0xF8, 0x73, 0x7E, 0x0F, 0x1F, 0x87, 0x37, 0xE1, 0xCD, 0xF8, 0x73, 0x7E, 0xDB,
    0x1F, 0x81, 0xA7, 0xE0, 0x69, 0xF8, 0xC4, 0x7E, 0xDB, 0x1E, 0x8C, 0x47, 0xED, 0xB2, 0xFA, 0xA8,
    0xFE, 0x6E, 0x4F, 0x9B, 0x93, 0xE6, 0xE4, 0xF8, 0x33, 0x7E, 0x0C, 0xDF, 0x8C, 0x0B, 0xE3, 0x02,
    0xF8, 0xC0, 0xBE, 0xDB, 0x2F, 0x83, 0x42, 0xCD, 0xB1, 0xF8, 0xC1, 0x30, 0x9C, 0x7E, 0x66, 0x17,
    0xED, 0xF0, 0xE1, 0xFC, 0x38, 0x7F, 0x06, 0x8F, 0xC3, 0x87, 0xF0, 0xE1, 0xFD, 0x8E, 0xD4, 0x0E,
    0x1E, 0x58, 0xED, 0x30, 0xE1, 0xE5, 0x8E, 0xD3, 0x40, 0xDF, 0xC0, 0xEF, 0x3A, 0xB8, 0x1D, 0xFD,
    0x98, 0x18, 0x47, 0x00, 0xC9, 0x30, 0x68, 0xF4, 0x02, 0xF2, 0x00, 0x94, 0xC6, 0x07, 0x68, 0x10,
    0xF8, 0x70, 0x1A, 0xCF, 0x86, 0xB3, 0xE1, 0xAC, 0xF8, 0x6B, 0x3E, 0x1A, 0xCF, 0x83, 0x7B, 0xE0,
    0xDE, 0xF8, 0x37, 0xBE, 0x06, 0x6F, 0x81, 0x9B, 0xE0, 0xDD, 0xBE, 0x61, 0x54, 0xF8, 0x03, 0x6F,
    0xC0, 0xDB, 0xF0, 0x36, 0xD5, 0x9A, 0x9E, 0x0D, 0x47, 0xC1, 0xAD, 0xF0, 0xD4, 0x7C, 0x35, 0x1F,
    0x0D, 0x47, 0xD1, 0x13, 0xF0, 0x32, 0xFC, 0x0C, 0xBF, 0x06, 0x66, 0xCA, 0x2B, 0xE0, 0x2F, 0x7D,
    0x1D, 0x1D, 0x5E, 0xFF, 0xC1, 0x97, 0xF1, 0xB7, 0x7C, 0x6D, 0xDF, 0x9F, 0xDC, 0xE0, 0x43, 0x6E,
    0x94, 0xA8, 0x25, 0xD8, 0x81, 0x0D, 0xBA, 0x52, 0xA0, 0x97, 0x62, 0x04, 0x36, 0xE9, 0x4A, 0x80,
    0xC3, 0xF0, 0x30, 0xFC, 0x0C, 0x3F, 0x62, 0x47, 0x00, 0xCF, 0x40, 0x63, 0xFC, 0x0D, 0x17, 0x28,
    0xC5, 0x81, 0x91, 0xC7, 0xAC, 0x7C, 0x34, 0xFF, 0x0D, 0x3F, 0xC1, 0xA1, 0xF0, 0xD3, 0xFC, 0x34,
    0xFF, 0x0D, 0x3F, 0xC3, 0x4F, 0xF0, 0xD3, 0xFC, 0x0F, 0x1F, 0x03, 0xC7, 0xC0, 0xF1, 0xF0, 0x9F,
    0xFC, 0x0E, 0xFF, 0x07, 0x0E, 0xD8, 0xB5, 0x20, 0xD7, 0xFC, 0x35, 0xFF, 0x07, 0x1F, 0xC3, 0x5F,
    0xF0, 0xD7, 0xFC, 0x35, 0xFF, 0x0D, 0x7F, 0xC3, 0x5F, 0xF0, 0x37, 0x7C, 0x0D, 0xDF, 0x62, 0xBF,
    0xC1, 0xD1, 0x58, 0x88, 0x1B, 0xFE, 0x06, 0xFA, 0x8F, 0x56, 0x97, 0x63, 0x30, 0x58, 0x34, 0xDF,
    0x06, 0xAF, 0xC3, 0x4D, 0xF0, 0xD3, 0x7C, 0x34, 0xDF, 0x28, 0xEE, 0x72, 0xA0, 0x5D, 0xFC, 0xEF,
    0x30, 0x05, 0xEF, 0xB1, 0x03, 0x81, 0x41, 0xF8, 0x32, 0x7A, 0xC4, 0x0D, 0x85, 0x06, 0xE3, 0xB4,
    0xE8, 0x32, 0x3E, 0x0C, 0x8F, 0x86, 0xB3, 0xE0, 0xC1, 0xF8, 0x30, 0x7E, 0x13, 0x0F, 0xA8, 0xD7,
    0xE7, 0x28, 0xF9, 0x06, 0xA7, 0x76, 0x32, 0x94, 0x95, 0xED, 0xF8, 0x94, 0xA3, 0x2A, 0x00, 0xC9,
    0x66, 0x14, 0x69, 0xF5, 0x7D, 0x65, 0x38, 0x12, 0x0D, 0x0F, 0xC3, 0x43, 0xF0, 0x65, 0xFC, 0x34,
    0x3F, 0x0D, 0x0F, 0xD7, 0xB1, 0xF5, 0xEC, 0x7D, 0x7B, 0x1E, 0x4A, 0xFF, 0x80, 0xA9, 0x24, 0xAF,
    0xFD, 0x1E, 0x5D, 0x1E, 0x1F, 0x80, 0xF1, 0x24, 0x7C, 0x7D, 0x39, 0x14, 0x01, 0x1C, 0xD3, 0x91,
    0xD0, 0x6F, 0xE1, 0x47, 0x5F, 0x0D, 0x4F, 0xC1, 0xC1, 0xF0, 0xD4, 0xFC, 0x35, 0x3F, 0x07, 0x3F,
    0xC1, 0xCF, 0xF5, 0x1D, 0x7C, 0x0E, 0xDF, 0x03, 0xB7, 0xD1, 0xD9, 0xE0, 0x38, 0x7D, 0x2D, 0x3B,
    0x03, 0x95, 0x92, 0xD3, 0xE0, 0x77, 0x68, 0x36, 0x7F, 0x07, 0x3F, 0xC3, 0x67, 0xF0, 0xD9, 0xFC,
    0x36, 0x7F, 0x28, 0x1F, 0x93, 0xA7, 0xF9, 0x08, 0x1A, 0x3E, 0x9D, 0x3F, 0x81, 0xA7, 0x60, 0x68,
    0xF8, 0x1A, 0x3E, 0x06, 0x8F, 0x83, 0x76, 0x93, 0x00, 0xDB, 0xFC, 0x1A, 0xDF, 0x0D, 0xBF, 0xDB,
    0x25, 0xF6, 0xC9, 0x7D, 0xB2, 0x5F, 0x03, 0x5D, 0xA8, 0x00, 0x6B, 0xF8, 0x12, 0xE5, 0x50, 0x03,
    0x5F, 0xE7, 0x76, 0x00, 0x35, 0xFC, 0x37, 0xFF, 0x01, 0x24, 0xAC, 0x60, 0x6B, 0xBA, 0x70, 0xFC,
    0xD9, 0x9F, 0x87, 0x03, 0xE1, 0xC0, 0xF8, 0x36, 0x3E, 0x1C, 0x0F, 0x87, 0x03, 0xE1, 0xC0, 0xF8,
    0x70, 0x3E, 0x9B, 0xFF, 0x81, 0xD7, 0x80, 0x74, 0xF8, 0x1C, 0xF9, 0x30, 0x70, 0x3F, 0xA2, 0x52,
    0x8A, 0x00, 0x02, 0xA5, 0x50, 0x03, 0x8D, 0xAC, 0x0D, 0x9A, 0xF8, 0x36, 0xA5, 0x64, 0x0D, 0xC7,
    0xC3, 0x71, 0xF0, 0x70, 0xFC, 0x37, 0x1F, 0x0D, 0xC7, 0xC3, 0x71, 0xF0, 0xDC, 0x7C, 0x0D, 0xDA,
    0xB1, 0xCE, 0xEC, 0xA1, 0xB9, 0xFC, 0xEE, 0xCC, 0x1B, 0x9F, 0x59, 0xDB, 0x33, 0xF9, 0xDD, 0x98,
    0x45, 0x3E, 0xB2, 0x80, 0x72, 0xD6, 0x40, 0x0B, 0xD0, 0x1D, 0x32, 0x0D, 0xA7, 0xAC, 0x81, 0xB4,
    0xF8, 0x36, 0xFE, 0x1B, 0x4F, 0x86, 0xD3, 0xE1, 0xB4, 0xF8, 0xDA, 0x3C, 0x06, 0x1F, 0x81, 0x87,
    0xE0, 0x61, 0xF4, 0xA2, 0xC8, 0x06, 0x2F, 0x83, 0x4E, 0x96, 0x50, 0x31, 0xCE, 0x51, 0x66, 0x03,
    0x25, 0xE5, 0x16, 0x70, 0x32, 0xD4, 0x01, 0x12, 0x00, 0xB4, 0xC0, 0xC3, 0x43, 0x5A, 0x7C, 0xD6,
    0x9F, 0x35, 0xA7, 0xC1, 0x85, 0xF0, 0x61, 0x7C, 0x0B, 0xF5, 0x01, 0xE4, 0xC2, 0x65, 0xCB, 0x20,
    0x18, 0x7E, 0x00, 0x99, 0x58, 0xC0, 0xC5, 0xF0, 0x31, 0x7C, 0x0C, 0x5F, 0x03, 0x17, 0xCA, 0x2B,
    0xF3, 0x5E, 0xFC, 0x36, 0x5F, 0x0D, 0x97, 0xC1, 0xAD, 0xF0, 0xD9, 0x7C, 0x36, 0x5F, 0x28, 0xAF,
    0xCA, 0x2B, 0xF2, 0x8A, 0xEE, 0x50, 0x07, 0xFF, 0x92, 0xA3, 0xC0, 0x7E, 0x91, 0x12, 0xB8, 0x01,
    0x09, 0x14, 0x4F, 0xE0, 0x7C, 0x90, 0x1E, 0xE8, 0x44, 0xCA, 0x01, 0xEA, 0x44, 0x4D, 0x90, 0x1E,
    0x78, 0x51, 0x7F, 0x86, 0xD3, 0xE0, 0xE9, 0xF8, 0x6D, 0x3E, 0x1B, 0x4F, 0x86, 0xD3, 0xE0, 0xF1,
    0xF8, 0x6D, 0x3E, 0x07, 0x0F, 0x81, 0xC3, 0xE0, 0x70, 0xF1, 0xB2, 0xBE, 0x51, 0xAF, 0x99, 0xAF,
    0xE6, 0xCA, 0xF9, 0xB2, 0xBE, 0x0E, 0x3F, 0x86, 0xEB, 0xE1, 0xBA, 0xF8, 0x6E, 0xBE, 0x1B, 0xAF,
    0x97, 0xBF, 0xE5, 0x80, 0xF9, 0x48, 0x7E, 0x6C, 0xBF, 0x94, 0x83, 0xEF, 0xB5, 0xF9, 0xB3, 0x3E,
    0x0D, 0x0F, 0x83, 0x43, 0xE3, 0x67, 0xF9, 0xB3, 0x3E, 0x6C, 0xCF, 0x9B, 0x33, 0xE5, 0x22, 0xF8,
    0x18, 0xED, 0xB0, 0x06, 0x4F, 0xC1, 0x91, 0x87, 0xAC, 0x7D, 0xEB, 0x17, 0xD8, 0x1B, 0x2F, 0xE2,
    0x7F, 0x96, 0xDD, 0xEB, 0x1F, 0x0D, 0x87, 0xC1, 0x99, 0xF0, 0xD8, 0x7C, 0x36, 0x1F, 0x0D, 0x87,
    0xC3, 0x61, 0xF0, 0xD8, 0x7C, 0x52, 0x32, 0xE5, 0x03, 0x5F, 0xE0, 0xD7, 0xF8, 0x1C, 0xFE, 0x6C,
    0x7F, 0x83, 0x73, 0xE6, 0xC7, 0xF8, 0x6B, 0xFE, 0x1A, 0xFF, 0x83, 0x7B, 0xE1, 0xAF, 0xF8, 0x6B,
    0xFE, 0x1A, 0xFF, 0x86, 0xBF, 0xE6, 0xC7, 0xF8, 0x1B, 0xBE, 0x06, 0xEF, 0x88, 0x77, 0x1B, 0x73,
    0x02, 0xC8, 0x34, 0xF4, 0x10, 0xFF, 0x87, 0x99, 0x23, 0x62, 0xF9, 0xA4, 0xD7, 0x0D, 0x0F, 0xC1,
    0xA9, 0xF0, 0xD0, 0xFC, 0x34, 0x3F, 0x0D, 0x0F, 0xC6, 0xB9, 0x98, 0x14, 0xF2, 0x5C, 0x05, 0xCF,
    0x81, 0x73, 0xE1, 0xA3, 0xF8, 0x31, 0xBE, 0x1A, 0x3F, 0x84, 0xEB, 0x12, 0x00, 0xCF, 0x7C, 0x17,
    0xFF, 0x0C, 0xF7, 0xC1, 0x71, 0xF0, 0x5C, 0x7C, 0x17, 0x1F, 0x0C, 0xDF, 0xCD, 0x7D, 0xF6, 0x88,
    0xF0, 0x9F, 0xDF, 0x68, 0x94, 0xE5, 0xC0, 0x1C, 0xA9, 0xAF, 0xAA, 0x5C, 0xEF, 0x86, 0x63, 0xE1,
    0x98, 0xF8, 0x30, 0xFE, 0x19, 0x8F, 0x86, 0x63, 0xE4, 0xFC, 0xF9, 0x3F, 0x3E, 0x6B, 0xDF, 0x99,
    0x1B, 0xE5, 0xDD, 0xF9, 0x77, 0x3E, 0x50, 0x49, 0x19, 0x1B, 0xE6, 0xB7, 0xF9, 0xAD, 0xFE, 0x6B,
    0x7F, 0x86, 0x67, 0xE0, 0xD9, 0xF8, 0x66, 0x7E, 0x19, 0x9F, 0x83, 0x83, 0xE0, 0xE0, 0xF8, 0xD2,
    0x7C, 0x07, 0x0F, 0x81, 0xC3, 0xE0, 0x70, 0xF9, 0x93, 0x7E, 0x64, 0xDF, 0x99, 0x37, 0xE6, 0xB6,
    0xF8, 0x69, 0x3E, 0x0E, 0x0F, 0x86, 0x93, 0xE1, 0xA4, 0xF8, 0x69, 0x3E, 0x6B, 0x6F, 0x97, 0x53,
    0xE0, 0x67, 0xF9, 0xAD, 0xBE, 0x06, 0x8F, 0x81, 0xA3, 0xE0, 0x68, 0xF8, 0x37, 0x3E, 0x1A, 0xFF,
    0x83, 0x57, 0xE1, 0xAF, 0xF9, 0xAD, 0xBE, 0x34, 0xED, 0x1A, 0xDA, 0x63, 0x4E, 0xC9, 0xAD, 0xA6,
    0x34, 0xEB, 0x01, 0xAF, 0xE0, 0x6B, 0xF8, 0x1A, 0xFE, 0x78, 0xCF, 0x81, 0xB3, 0xE0, 0x6C, 0xF8,
    0x1B, 0x3E, 0x1B, 0xDF, 0x86, 0xF7, 0xE0, 0xDC, 0xF8, 0x6F, 0x7E, 0x1B, 0xDF, 0x86, 0xF7, 0xE1,
    0xBD, 0xF8, 0x6F, 0x7E, 0x07, 0xAF, 0x81, 0xEB, 0xE0, 0x7A, 0xF8, 0x1E, 0xBE, 0x07, 0xAF, 0x81,
    0xEB, 0xE0, 0x7A, 0xF8, 0x71, 0x3E, 0x1C, 0x4F, 0x83, 0xBB, 0xE0, 0xEE, 0xF8, 0x71, 0x3E, 0x1C,
    0x4F, 0x87, 0x13, 0xE1, 0xC4, 0xF8, 0x1D, 0xFE, 0x07, 0x7F, 0x81, 0xDF, 0xE0, 0x77, 0xF8, 0x1D,
    0xFE, 0x07, 0x7F, 0x81, 0xDF, 0xE1, 0xC8, 0xF8, 0x72, 0x3E, 0x0E, 0xBF, 0x87, 0x23, 0xE1, 0xC8,
    0xF8, 0x72, 0x3E, 0x1C, 0x8F, 0x81, 0xA7, 0xE0, 0x69, 0xF8, 0x1A, 0x7E, 0x1C, 0x8F, 0x81, 0xA3,
    0xE0, 0x68, 0xE8, 0x05, 0x68, 0x06, 0x3A, 0x1B, 0x33, 0xE6, 0xCC, 0xF9, 0xB3, 0x3E, 0x0C, 0xBF,
    0x83, 0x2F, 0xE6, 0xCC, 0xB0, 0x18, 0x7E, 0x06, 0x1F, 0x81, 0x87, 0xE0, 0x61, 0xFB, 0x60, 0x6E,
    0x06, 0x1F, 0x81, 0x87, 0x12, 0x18, 0x94, 0x8A, 0x20, 0x4B, 0x79, 0xC8, 0xFE, 0xF2, 0x4F, 0x9C,
    0x96, 0x13, 0x26, 0xFB, 0xDD, 0xE0, 0x12, 0x78, 0x62, 0xC5, 0xAD, 0x00, 0x80, 0xC0, 0x1D, 0xB3,
    0xF3, 0x6C, 0xEE, 0x11, 0xFF, 0x85, 0x7F, 0xE1, 0x9F, 0xF7, 0x9A, 0x60, 0x18, 0xD8, 0x79, 0xA5,
    0x01, 0x8F, 0x87, 0x9A, 0x50, 0x86, 0xD6, 0x03, 0x27, 0x36, 0x0D, 0xE9, 0xFC, 0xA2, 0xAE, 0xDE,
    0xAF, 0x94, 0x0F, 0x00, 0x44, 0xE8, 0x47, 0x65, 0x0E, 0x91, 0x43, 0x60, 0x91, 0x08, 0x64, 0x3E,
    0x09, 0x12, 0x83, 0xFF, 0xA2, 0x30, 0xE9, 0x1C, 0x36, 0x0B, 0x10, 0x86, 0xC3, 0xE0, 0xB1, 0x28,
    0x43, 0x84, 0xED, 0x24, 0x86, 0xC1, 0xA2, 0x10, 0xE8, 0x7C, 0x1A, 0x25, 0x09, 0x70, 0x9D, 0xA4,
    0xB0, 0xD8, 0x3C, 0x42, 0x1F, 0x0F, 0x83, 0xC4, 0xA1, 0x40, 0x28, 0xEB, 0x9D, 0x2D, 0x3F, 0x86,
    0xC8, 0x62, 0x12, 0x98, 0x7C, 0x86, 0x25, 0x24, 0x70, 0x9F, 0x66, 0x56, 0x3F, 0xF4, 0x9C, 0x00,
    0xFB, 0x02, 0x2F, 0xDE, 0xC9, 0xE0, 0x44, 0xDA, 0x1A, 0x14, 0xBF, 0x85, 0x2F, 0xE4, 0x5B, 0xFB,
    0x9A, 0xFE, 0x08, 0x0F, 0x01, 0xEB, 0xA0, 0x56, 0x90, 0x1E, 0xF3, 0x12, 0x03, 0xDF, 0xC0, 0xF7,
    0xF0, 0x3D, 0xFC, 0x0B, 0xD4, 0x90, 0x81, 0xEE, 0xA1, 0x3E, 0xB4, 0xB4, 0x0A, 0x9A, 0x96, 0x81,
    0x53, 0x52, 0xD0, 0x2A, 0x52, 0x4A, 0x08, 0x7F, 0x02, 0x57, 0xE0, 0x8D, 0xF8, 0x23, 0x7E, 0x08,
    0xDF, 0x82, 0x37, 0xE0, 0x8D, 0xF8, 0x23, 0x7E, 0x08, 0xDF, 0x82, 0x37, 0xE0, 0x8D, 0xF8, 0x23,
    0x7E, 0x08, 0xDF, 0x82, 0x37, 0xE0, 0x8D, 0xF8, 0x23, 0x6C, 0x07, 0x2F, 0x82, 0x03, 0x20, 0x66,
    0xC4, 0x06, 0x0B, 0x0C, 0xFF, 0x44, 0xA0, 0xD0, 0x20, 0x16, 0xD6, 0x0C, 0x05, 0x59, 0x97, 0x9E,
    0x60, 0x51, 0x91, 0xE6, 0xA9, 0x63, 0x5B, 0xFD, 0x01, 0x0B, 0x76, 0x26, 0x76, 0xD6, 0x01, 0xFB,
    0xC3, 0x46, 0x8B, 0x50, 0xCD, 0x64, 0x68, 0xB3, 0x0C, 0xD6, 0x46, 0x8B, 0x30, 0x44, 0xDA, 0x0D,
    0x02, 0x24, 0x97, 0xE0, 0xD0, 0x42, 0x49, 0x76, 0x0D, 0x05, 0x0C, 0xD7, 0xC3, 0xC1, 0x60, 0x34,
    0x48, 0x57, 0x3D, 0x03, 0x77, 0x24, 0xA5, 0x7D, 0xC8, 0x20, 0x71, 0x11, 0x07, 0x07, 0xE7, 0x78,
    0xA8, 0x34, 0x03, 0xFC, 0x25, 0x69, 0x07, 0xC7, 0xE1, 0xF1, 0xF9, 0x8A, 0x31, 0x98, 0x07, 0x0F,
    0xC1, 0xC3, 0xF0, 0x2A, 0xFC, 0x07, 0x74, 0x83, 0x87, 0xC3, 0xE1, 0xF0, 0xF8, 0x39, 0xBE, 0x0E,
    0x6F, 0x83, 0x9B, 0xE1, 0xF0, 0xB4, 0x78, 0x2B, 0x5F, 0x0F, 0x87, 0xC2, 0xC5, 0xF0, 0x22, 0xD6,
    0x65, 0x63, 0x82, 0x4F, 0xC4, 0x1D, 0x38, 0x6C, 0x8A, 0x21, 0x2A, 0x87, 0xC8, 0xA2, 0x52, 0x5F,
    0xF4, 0x46, 0x0D, 0x23, 0x86, 0xC8, 0xE2, 0x12, 0xB8, 0x7C, 0x8E, 0x25, 0x26, 0xFF, 0x44, 0xE0,
    0xD2, 0x68, 0x6C, 0x96, 0x21, 0x2D, 0x87, 0xC9, 0x62, 0x52, 0x80, 0x02, 0xCA, 0x53, 0x0D, 0x93,
    0x44, 0x25, 0xD0, 0xF9, 0x34, 0x4A, 0x53, 0xFE, 0xB1, 0x82, 0x8B, 0x70, 0x69, 0x68, 0x07, 0xA5,
    0x28, 0x88, 0x4C, 0x21, 0xF2, 0x88, 0x94, 0xAC, 0x03, 0xD2, 0x98, 0x43, 0x65, 0x31, 0x09, 0x8C,
    0x3E, 0x53, 0x12, 0x96, 0x00, 0x62, 0x53, 0x58, 0x6C, 0xAE, 0x21, 0x33, 0x87, 0xCA, 0xE2, 0x46,
    0x3E, 0x94, 0x1A, 0x75, 0x0D, 0x96, 0xC4, 0x26, 0xB0, 0xF9, 0x6C, 0x4A, 0x60, 0x01, 0xED, 0x03,
    0x6A, 0x50, 0x69, 0xF8, 0x07, 0xA5, 0x2E, 0x88, 0x4D, 0xA1, 0xF2, 0xE8, 0x94, 0xC7, 0xFD, 0x12,
    0x86, 0xCC, 0x22, 0x13, 0x88, 0x7C, 0xC2, 0x25, 0x33, 0xFF, 0x44, 0xE1, 0xB3, 0x28, 0x84, 0xEA,
    0x1F, 0x32, 0x89, 0x4D, 0x40, 0x09, 0x29, 0xAC, 0x42, 0x7B, 0x0F, 0x9A, 0xC4, 0xA7, 0x00, 0x1B,
    0xD0, 0x1E, 0x24, 0x01, 0xA9, 0x4D, 0xE2, 0x13, 0xF8, 0x7C, 0xDE, 0x25, 0x3A, 0x00, 0xD4, 0xA7,
    0x50, 0xF9, 0xD4, 0x4A, 0x7A, 0x01, 0x49, 0x4F, 0x21, 0xF3, 0xC8, 0x94, 0xFC, 0x00, 0x72, 0x9F,
    0xC3, 0xE7, 0xE0, 0x16, 0xF6, 0x7C, 0x2A, 0xFA, 0x01, 0xD4, 0xBF, 0xD4, 0xF0, 0x07, 0x50, 0x00,
    0xD3, 0x03, 0x04, 0x80, 0x0D, 0xA0, 0x44, 0x48, 0x02, 0xB6, 0x18, 0x66, 0x82, 0xD7, 0x90, 0xB4,
    0xCA, 0x52, 0x1F, 0x09, 0xFF, 0xA0, 0x01, 0x11, 0xB8, 0x43, 0xB2, 0x1E, 0xDF, 0x84, 0x2F, 0xE1,
    0x0B, 0xF8, 0x7B, 0x7E, 0x1E, 0xDF, 0x87, 0xB7, 0xE1, 0x06, 0xF8, 0x41, 0xBA, 0x1E, 0x7F, 0x83,
    0xFF, 0xE0, 0x07, 0xD8, 0x97, 0x3E, 0x1F, 0x5A, 0x01, 0xAE, 0x82, 0x5C, 0xF8, 0x97, 0x3E, 0x06,
    0xEF, 0x81, 0xBB, 0xE0, 0x6E, 0xF8, 0x5D, 0x3E, 0x06, 0xDF, 0x81, 0xB7, 0xE0, 0x6D, 0xF8, 0x1B,
    0x72, 0x1C, 0xC9, 0x8B, 0x93, 0xE2, 0xE4, 0xF8, 0xB9, 0x3E, 0x2E, 0x4F, 0x82, 0x07, 0xE0, 0x81,
    0xF8, 0x20, 0x7E, 0x08, 0x1F, 0x82, 0x07, 0xE0, 0x81, 0xF8, 0x20, 0x7E, 0x08, 0x1F, 0x83, 0xC3,
    0xE0, 0x82, 0xF8, 0x20, 0xBE, 0x08, 0x2F, 0x83, 0xC3, 0xE0, 0xF0, 0xF8, 0x1B, 0xBC, 0x2C, 0x7E,
    0xD8, 0xDE, 0x29, 0x29, 0x30, 0x1B, 0xEA, 0x2C, 0x7F, 0x8B, 0x1F, 0xE0, 0x72, 0xFA, 0x0E, 0xFE,
    0x83, 0xBF, 0xA0, 0xA3, 0xE0, 0xBA, 0xF2, 0x0E, 0xFA, 0x4B, 0x1F, 0xC0, 0x67, 0x92, 0x50, 0x25,
    0x58, 0x57, 0x7F, 0x15, 0xDF, 0xC0, 0x95, 0xF0, 0x5E, 0xFC, 0x17, 0xBF, 0x05, 0xEF, 0xC1, 0x7B,
    0xF0, 0x5E, 0xFC, 0x17, 0xBF, 0x05, 0xEE, 0xA4, 0x3E, 0x09, 0x17, 0x00, 0xA3, 0xB4, 0xD4, 0x49,
    0x3E, 0xD2, 0x5A, 0xC4, 0x9B, 0xF1, 0x27, 0x84, 0x4A, 0x30, 0x22, 0x0F, 0x94, 0x94, 0x57, 0xB5,
    0x37, 0x0F, 0xCD, 0xC3, 0xF2, 0xFA, 0xFC, 0xBE, 0xB7, 0x04, 0x94, 0x80, 0xE9, 0x28, 0x78, 0x1B,
    0xE4, 0x15, 0xBA, 0xC1, 0xA0, 0x20, 0xE7, 0xC8, 0xEE, 0x64, 0x0E, 0x8A, 0x41, 0xA0, 0x60, 0x09,
    0xBC, 0x87, 0x9F, 0x22, 0xF0, 0x01, 0x06, 0x5F, 0xF9, 0x1F, 0xC2, 0x49, 0xF7, 0x92, 0xE1, 0x24,
    0xDF, 0x49, 0x3C, 0x3A, 0x51, 0xCA, 0x12, 0x8D, 0x38, 0x02, 0xE2, 0xB4, 0x10, 0xD5, 0x5F, 0x35,
    0x57, 0xCD, 0x55, 0xF3, 0x55, 0x5F, 0xFD, 0x25, 0x1F, 0x44, 0xA4, 0xF0, 0x68, 0x30, 0x00, 0x65,
    0x07, 0xFF, 0x49, 0xC0, 0x63, 0x31, 0x3F, 0x52, 0x42, 0x02, 0xC9, 0xC1, 0xA1, 0x06, 0x5D, 0xF8,
    0x19, 0xFE, 0x06, 0x7C, 0x8B, 0xFA, 0x50, 0x90, 0x10, 0xCA, 0x14, 0x00, 0x19, 0x42, 0xC5, 0xF1,
    0x28, 0x60, 0x09, 0x6C, 0x05, 0x2C, 0x41, 0xA1, 0xA7, 0xE3, 0xF8, 0x12, 0x7E, 0x04, 0x9D, 0x44,
    0xA0, 0xD0, 0xE0, 0x11, 0xCA, 0x1E, 0x02, 0x39, 0x44, 0x00, 0x07, 0x28, 0x88, 0x00, 0xE5, 0x12,
    0x06, 0x1F, 0xC1, 0x87, 0xD1, 0x69, 0xE6, 0x0D, 0x13, 0x06, 0x47, 0xC1, 0x91, 0xF0, 0x30, 0x7C,
    0x0C, 0x1A, 0x8A, 0x04, 0x1A, 0xA4, 0x74, 0xB4, 0x54, 0x24, 0x3F, 0x83, 0x45, 0x80, 0x99, 0x28,
    0xB9, 0x21, 0xED, 0x18, 0x00, 0x95, 0xA3, 0x20, 0xCE, 0xF8, 0x33, 0xBF, 0x06, 0x8D, 0x03, 0x37,
    0xE0, 0xCD, 0xF8, 0x20, 0xFE, 0x08, 0x3D, 0x46, 0xC0, 0x6D, 0x68, 0xE0, 0x0D, 0xAD, 0x1D, 0x08,
    0x7D, 0x23, 0xC0, 0x88, 0x94, 0x7C, 0x01, 0x96, 0x4B, 0xC4, 0xC0, 0x19, 0x33, 0x3D, 0xC8, 0x1B,
    0xDD, 0x0D, 0xC7, 0x60, 0xD2, 0x30, 0x72, 0xFC, 0x10, 0x9F, 0x04, 0x27, 0x24, 0xA0, 0x2E, 0xB1,
    0x00, 0xE4, 0x02, 0xEA, 0x10, 0x06, 0x40, 0x85, 0xF4, 0xA4, 0x09, 0xD2, 0x95, 0x80, 0x4A, 0xD2,
    0xD0, 0x09, 0x58, 0x7E, 0xB2, 0x02, 0x0C, 0xC0, 0x81, 0xF0, 0x20, 0x59, 0xF3, 0x74, 0x39, 0x07,
    0xCE, 0x41, 0xF0, 0x3D, 0xD2, 0x23, 0x06, 0x99, 0x00, 0xB2, 0xC4, 0x01, 0x90, 0x0B, 0x29, 0x37,
    0x01, 0xFF, 0xE0, 0xC3, 0xFD, 0x94, 0x1A, 0x78, 0x01, 0x2B, 0x0F, 0xEE, 0x42, 0x7D, 0xD5, 0x5E,
    0x67, 0x01, 0x99, 0xCB, 0x60, 0x90, 0x51, 0x19, 0x4E, 0x77, 0xCA, 0x11, 0x8D, 0xC2, 0x15, 0xF0,
    0x85, 0x7C, 0x10, 0xBF, 0x45, 0xAF, 0xD1, 0x6B, 0xF4, 0x5A, 0xCE, 0xE7, 0xCA, 0x3B, 0x6D, 0xE9,
    0xBC, 0xA3, 0xB6, 0x66, 0xAD, 0xCA, 0x41, 0xC6, 0x44, 0xAF, 0xCE, 0x50, 0x95, 0xB9, 0x20, 0x99,
    0xCB, 0x9D, 0xF1, 0xCA, 0xBC, 0xCE, 0x5A, 0x34, 0x4B, 0x49, 0x60, 0xD2, 0x18, 0x2C, 0x31, 0x67,
    0xDC, 0x5C, 0xCC, 0xC0, 0x2F, 0x20, 0x37, 0xF1, 0x9C, 0x36, 0x9D, 0xC8, 0x05, 0xDB, 0x70, 0x99,
    0x7C, 0x26, 0x5F, 0x09, 0x97, 0xD1, 0x57, 0xF4, 0x55, 0xFC, 0xFB, 0xFF, 0x3E, 0xFF, 0xC0, 0xE5,
    0xF0, 0x39, 0x7C, 0x0E, 0x5F, 0x03, 0x94, 0xE4, 0x3D, 0x49, 0x17, 0x90, 0x3C, 0x34, 0xB0, 0x49,
    0x3E, 0x12, 0x5F, 0x85, 0xDE, 0x02, 0x1E, 0x19, 0x06, 0x52, 0x72, 0x56, 0x40, 0xD0, 0x10, 0x16,
    0x06, 0xCD, 0x81, 0x03, 0xD9, 0x28, 0x20, 0x72, 0x4E, 0xDB, 0x49, 0x60, 0x52, 0xB8, 0x0C, 0x30,
    0x1E, 0xFF, 0x00, 0xF4, 0xAA, 0xE3, 0xE5, 0xB8, 0x5D, 0xFE, 0x0F, 0x1F, 0xA2, 0xEF, 0xE8, 0xBB,
    0xF9, 0x00, 0xBE, 0xDC, 0xBF, 0x81, 0xE7, 0xE0, 0x79, 0xF9, 0x95, 0x39, 0x20, 0x29, 0x84, 0xA4,
    0xC0, 0x72, 0xE0, 0x36, 0xEA, 0x0F, 0x4F, 0x81, 0xCB, 0x80, 0x8D, 0xB0, 0x1C, 0xFA, 0xDD, 0xDB,
    0x83, 0xEA, 0xC2, 0xAA, 0xF8, 0x3C, 0xFE, 0xA8, 0xEF, 0xAA, 0x3B, 0x8D, 0x6A, 0x98, 0xEE, 0xB2,
    0xD6, 0xA9, 0x8E, 0xEB, 0x2D, 0x6A, 0x98, 0x1D, 0x7E, 0x07, 0x5F, 0x81, 0xD7, 0xE6, 0xCA, 0xCC,
    0xA4, 0x0E, 0xBB, 0x03, 0xA7, 0xC1, 0xCF, 0xF0, 0x47, 0xE0, 0x1D, 0x1F, 0x07, 0x47, 0x83, 0xC3,
    0xF0, 0xF0, 0xFC, 0x1D, 0xFF, 0x0F, 0x0F, 0xC3, 0xC3, 0xF5, 0x4B, 0xE0, 0x3C, 0x78, 0x04, 0x1D,
    0x03, 0xCB, 0xA0, 0x41, 0xC8, 0x3C, 0xDF, 0x04, 0x1F, 0xC1, 0x07, 0xF3, 0x7C, 0x64, 0x1F, 0x1E,
    0x03, 0x15, 0x01, 0x05, 0xF0, 0xB5, 0x74, 0x10, 0x3F, 0x0F, 0x96, 0x43, 0x13, 0x30, 0x40, 0xD4,
    0x3E, 0x5F, 0x0F, 0x97, 0xC1, 0xFD, 0xF0, 0xF9, 0x7C, 0x3E, 0x5F, 0x0F, 0x97, 0xC3, 0xE5, 0xF0,
    0x3F, 0x7C, 0x0F, 0xDF, 0x03, 0xF7, 0xC2, 0x05, 0xF0, 0xBC, 0x64, 0x1C, 0x75, 0x04, 0x07, 0xC3,
    0xD7, 0xF9, 0x48, 0x20, 0x26, 0x09, 0x9F, 0x87, 0x97, 0xE0, 0xF5, 0xF8, 0x79, 0x7E, 0x1E, 0x5F,
    0x87, 0x97, 0xE1, 0xE5, 0xF8, 0x1B, 0x3E, 0x06, 0xCF, 0x81, 0xB3, 0x81, 0xCA, 0x98, 0x1B, 0x3A,
    0x0C, 0xEA, 0x81, 0xB3, 0xE1, 0x70, 0xE8, 0x21, 0xEA, 0x0E, 0xEB, 0x0D, 0x8A, 0x81, 0x6F, 0xB0,
    0x95, 0xF8, 0x0E, 0x5F, 0x83, 0x97, 0xE1, 0xE4, 0xF8, 0x37, 0xBE, 0x0D, 0xEF, 0x83, 0x7B, 0xE5,
    0xE7, 0xF9, 0x79, 0xFE, 0x85, 0x6C, 0x83, 0x0E, 0xAA, 0xB0, 0x90, 0x57, 0x7E, 0x06, 0xFC, 0x22,
    0xAF, 0x80, 0x8A, 0xB0, 0x57, 0xAE, 0x60, 0x7C, 0x09, 0xD7, 0x12, 0xA0, 0xF0, 0x7C, 0x3C, 0x1F,
    0x07, 0x57, 0xC3, 0xC1, 0xF0, 0xF0, 0x7D, 0x8F, 0x1F, 0x63, 0xC7, 0xD8, 0xF1, 0xF0, 0x41, 0x7C,
    0x10, 0x5F, 0x04, 0x17, 0xC1, 0x05, 0x60, 0x79, 0xCC, 0x10, 0x56, 0x07, 0x9F, 0xC1, 0x07, 0xF0,
    0x4E, 0x6C, 0x10, 0x5A, 0x07, 0x9F, 0x83, 0xC1, 0xF0, 0xF0, 0x7C, 0x1F, 0x5F, 0x0F, 0x07, 0xC3,
    0xC1, 0xF0, 0x80, 0xFC, 0x20, 0x3F, 0x03, 0xF7, 0xC0, 0xFD, 0xF0, 0x3F, 0x7C, 0x6B, 0x3C, 0x95,
    0x01, 0xFF, 0x60, 0x7E, 0xF8, 0x1F, 0xBE, 0x10, 0x2F, 0x84, 0x0B, 0xE1, 0x02, 0xB8, 0x79, 0xBE,
    0x0F, 0xBF, 0x87, 0x9B, 0xE1, 0xE6, 0xF8, 0x79, 0xBE, 0x1E, 0x6F, 0x81, 0xCB, 0xE0, 0x72, 0xF8,
    0x3C, 0x7E, 0x0F, 0x1F, 0x81, 0xCB, 0xE0, 0x72, 0xF8, 0x1C, 0x7E, 0x0F, 0x1C, 0x89, 0xC6, 0x8B,
    0x03, 0xA0, 0x79, 0xBE, 0x0E, 0xBF, 0x87, 0x9B, 0xEE, 0x5A, 0xFD, 0xD2, 0x4C, 0xE5, 0xAE, 0x49,
    0x9C, 0xB5, 0xC9, 0x30, 0x1D, 0x3E, 0x07, 0x4F, 0x81, 0xD3, 0xE0, 0xE7, 0xF8, 0x1D, 0x7E, 0x07,
    0x5F, 0x83, 0xA3, 0xE0, 0xE8, 0xF8, 0x3A, 0x3E, 0x1E, 0xBF, 0x87, 0xAF, 0xE0, 0xEF, 0xF8, 0x7A,
    0xFE, 0x1E, 0xBF, 0x87, 0xAF, 0xE1, 0xEB, 0xF8, 0x7A, 0xFE, 0x08, 0x4F, 0x82, 0x13, 0xE3, 0x4D,
    0xF9, 0xB3, 0xA8, 0x16, 0xCD, 0x81, 0x8E, 0x60, 0x83, 0x93, 0x7C, 0x78, 0x08, 0x4F, 0x82, 0x13,
    0xE0, 0xFB, 0xF8, 0x3E, 0xE8, 0x1E, 0xEF, 0x87, 0xBB, 0xE1, 0x02, 0xF8, 0x7B, 0xBE, 0x1E, 0xEF,
    0x87, 0xBB, 0xE1, 0xEE, 0xF8, 0x20, 0x7E, 0x08, 0x1F, 0x82, 0x07, 0xE1, 0x06, 0xF8, 0x41, 0xB4,
    0x0E, 0x6A, 0x82, 0x0B, 0xE1, 0x7D, 0xF8, 0x06, 0xA6, 0x10, 0x6F, 0x91, 0x47, 0x21, 0x7D, 0xC8,
    0x7B, 0xFE, 0x0F, 0xFF, 0x87, 0xBF, 0xE1, 0xEF, 0xF8, 0x7B, 0xFE, 0x1E, 0xFF, 0x81, 0xCF, 0xE0,
    0x73, 0xF8, 0x3D, 0x7E, 0x26, 0x2D, 0xCB, 0x40, 0xE5, 0xF0, 0x39, 0x7C, 0x11, 0xD6, 0x1C, 0x06,
    0x81, 0xE1, 0x62, 0x22, 0xD8, 0xEC, 0x5F, 0x3B, 0x17, 0xDD, 0x07, 0xF0, 0x70, 0x7C, 0x1C, 0x1F,
    0x03, 0x67, 0xC0, 0xD9, 0xF0, 0x36, 0x7C, 0x28, 0xF8, 0x03, 0x67, 0x03, 0xCF, 0xF0, 0x36, 0x7D,
    0x71, 0x58, 0x06, 0xFD, 0xCF, 0x4D, 0x50, 0xB0, 0xDD, 0xCF, 0x38, 0x0F, 0x37, 0xC3, 0xCD, 0xF0,
    0x73, 0x7C, 0x3C, 0xDF, 0x0F, 0x37, 0xC3, 0xCD, 0x84, 0xF9, 0x4C, 0x3C, 0xD9, 0x4F, 0x94, 0xC3,
    0xCD, 0x94, 0xF9, 0x4C, 0x10, 0x7F, 0x4F, 0x97, 0xC1, 0x07, 0xF0, 0x78, 0x6C, 0x1A, 0xB3, 0xB1,
    0x83, 0x57, 0xE0, 0x83, 0xE2, 0x3B, 0x2A, 0x1E, 0x6F, 0x82, 0x13, 0x61, 0x64, 0xBA, 0xA5, 0xE6,
    0x26, 0xBA, 0x87, 0x9B, 0xE1, 0xE6, 0xF8, 0x79, 0xBE, 0x1E, 0x6F, 0x87, 0x9B, 0xE1, 0x05, 0xF8,
    0x41, 0x7E, 0x08, 0x1F, 0x82, 0x07, 0xE0, 0x81, 0xF8, 0x20, 0x6F, 0x98, 0x08, 0x2E, 0x01, 0x03,
    0x70, 0x73, 0x54, 0x10, 0x3F, 0x04, 0x0F, 0x41, 0x39, 0x80, 0x83, 0x7C, 0x03, 0xF2, 0x81, 0x0F,
    0x5B, 0xE1, 0xE6, 0xF8, 0x3F, 0xFE, 0x1E, 0x6F, 0x87, 0x9B, 0xE1, 0xE6, 0xF8, 0x1C, 0xFE, 0x07,
    0x3F, 0x81, 0xCF, 0xEC, 0xE2, 0xD0, 0x1C, 0xFE, 0x1E, 0x7F, 0x81, 0xD3, 0xE0, 0x8F, 0xB8, 0x3D,
    0xBE, 0x0F, 0x6F, 0x0F, 0x67, 0xE0, 0xEF, 0xF8, 0xF6, 0x7E, 0x3D, 0x9E, 0x58, 0xC7, 0xB3, 0xCB,
    0x18, 0xF6, 0x79, 0x63, 0x1E, 0xCF, 0xC0, 0xEF, 0xF0, 0x3B, 0xFC, 0x0E, 0xF8, 0x81, 0x01, 0xDF,
    0xE2, 0xD1, 0xF8, 0x1D, 0xBE, 0x07, 0x6F, 0x83, 0xAF, 0xE0, 0xEB, 0xC8, 0x7C, 0xBE, 0x1F, 0x2F,
    0x83, 0xCB, 0xE1, 0xF2, 0xF8, 0x7C, 0xBE, 0x1F, 0x2F, 0x87, 0xCB, 0xE1, 0xF2, 0xF8, 0x21, 0x3E,
    0x08, 0x4F, 0x83, 0xF3, 0xE0, 0x84, 0xF8, 0x36, 0xEC, 0x17, 0x0F, 0x82, 0x13, 0x83, 0x56, 0xE0,
    0x3E, 0xBA, 0x11, 0xB9, 0x97, 0x1F, 0xE1, 0xF1, 0xF8, 0x40, 0x7E, 0x1F, 0x1F, 0x87, 0xC7, 0xE1,
    0xF1, 0xF8, 0x7C, 0x7E, 0x1F, 0x1F, 0x82, 0x03, 0xE0, 0x80, 0xF8, 0x41, 0x7E, 0x08, 0x0F, 0x82,
    0x03, 0x01, 0x06, 0xF8, 0x41, 0xB8, 0x09, 0xCA, 0x8A, 0x3F, 0x61, 0x01, 0xA9, 0xEA, 0xFE, 0x0F,
    0xAF, 0x87, 0xB7, 0xE1, 0xED, 0xF8, 0x7B, 0x7E, 0x1E, 0xDF, 0x81, 0xBF, 0xE0, 0x6F, 0xF8, 0x1B,
    0xFE, 0x15, 0xA9, 0x97, 0x16, 0xA1, 0x75, 0xF0, 0x1B, 0x7E, 0x06, 0xDF, 0x85, 0xD3, 0xE0, 0xF0,
    0xF8, 0x7A, 0xFE, 0x0E, 0x9F, 0x87, 0xAF, 0xE0, 0xE2, 0xF8, 0x38, 0xBE, 0x0E, 0x2F, 0x81, 0xCB,
    0xED, 0x49, 0xF8, 0x38, 0xFE, 0x0C, 0x7C, 0x9A, 0xAB, 0xE0, 0x72, 0xF3, 0xF6, 0x32, 0x07, 0x2F,
    0x89, 0x7B, 0xAA, 0xFF, 0xA8, 0x79, 0xFE, 0x1E, 0x7F, 0x83, 0xB3, 0xE1, 0xE7, 0xF8, 0x79, 0xFE,
    0x1E, 0x7B, 0x02, 0x03, 0xE0, 0x80, 0xF8, 0x20, 0x3E, 0x08, 0x0F, 0x82, 0x03, 0xE0, 0xF4, 0xE8,
    0x35, 0x34, 0x08, 0x1F, 0x82, 0x07, 0xE3, 0xD7, 0xF9, 0xEB, 0x3E, 0x1E, 0x4F, 0x87, 0x93, 0xE0,
    0xFA, 0xF8, 0x79, 0x3E, 0x1E, 0x4F, 0x84, 0x07, 0xE0, 0x80, 0xF8, 0x20, 0x3E, 0x08, 0x0F, 0x82,
    0x03, 0xE2, 0x66, 0xFA, 0x83, 0xAA, 0x08, 0x0A, 0x83, 0x8A, 0xA1, 0xE4, 0xF8, 0x20, 0x7E, 0x09,
    0xCB, 0x84, 0x13, 0xEB, 0x08, 0xF8, 0x7A, 0x7E, 0x0F, 0xCF, 0x87, 0xA7, 0xE1, 0xE9, 0xF8, 0x7A,
    0x7E, 0x1E, 0x9F, 0x81, 0xD3, 0xE0, 0x74, 0xF9, 0xEB, 0xFE, 0x07, 0x3C, 0x88, 0xF2, 0x60, 0x73,
    0xF8, 0x1C, 0xFE, 0x08, 0xFC, 0x83, 0xDB, 0xE0, 0x73, 0xF8, 0x7A, 0xBE, 0x0E, 0xFF, 0x87, 0xAB,
    0xE3, 0xD6, 0xF8, 0xF5, 0xBE, 0x3D, 0x6F, 0x81, 0xDB, 0xE0, 0x76, 0xF8, 0x1D, 0xBE, 0xAF, 0x9C,
    0x83, 0xAB, 0xE0, 0x76, 0xF8, 0x1D, 0xBA, 0x20, 0x89, 0x81, 0xDB, 0xE0, 0xEA, 0xF0, 0x7B, 0xBE,
    0x1E, 0xEF, 0x83, 0xC7, 0xE1, 0xEE, 0xF8, 0x7B, 0xBE, 0x3D, 0x6F, 0x8F, 0x5B, 0xE3, 0xD6, 0xF8,
    0x21, 0x3E, 0x08, 0x4F, 0x82, 0x13, 0xE0, 0x84, 0xEB, 0x00, 0x3E, 0x08, 0x2F, 0x83, 0xE7, 0xE0,
    0xF9, 0xF8, 0x46, 0xEC, 0x1F, 0x1F, 0x87, 0xC7, 0xE1, 0x01, 0xF8, 0x7C, 0x7E, 0x1F, 0x1F, 0x87,
    0xC7, 0xE1, 0xF1, 0xF8, 0x7C, 0x7E, 0x08, 0x0F, 0x82, 0x03, 0xE0, 0x80, 0xF8, 0x20, 0x3E, 0x08,
    0x0F, 0x89, 0xC3, 0xE0, 0x7F, 0xF9, 0x15, 0xBA, 0xE6, 0x3A, 0x07, 0xBB, 0xE0, 0xFC, 0xF8, 0x7B,
    0xBE, 0x1E, 0xEF, 0x87, 0xBB, 0xE1, 0xEE, 0xF8, 0x1C, 0x7E, 0x07, 0x1F, 0x8D, 0x97, 0xE1, 0x78,
    0xF0, 0x7B, 0xF0, 0x07, 0x3F, 0x81, 0xCF, 0xE3, 0x7F, 0xD0, 0x06, 0x2C, 0x7A, 0xBF, 0x9E, 0xAF,
    0xE7, 0xAB, 0xF8, 0x37, 0x3E, 0x0D, 0xCF, 0x83, 0x73, 0xE0, 0x6A, 0xF8, 0x1A, 0xBE, 0x34, 0xFF,
    0x39, 0x26, 0xA3, 0x4F, 0xCB, 0x92, 0x2F, 0x00, 0x03, 0x54, 0xA0, 0x00, 0x6A, 0xFB, 0x56, 0xBE,
    0xE6, 0x2C, 0x07, 0x73, 0xE1, 0xDC, 0xF8, 0x37, 0xFE, 0x1D, 0xCF, 0x87, 0x73, 0xED, 0x5A, 0xFB,
    0x56, 0xBE, 0xD5, 0xAF, 0x81, 0xFB, 0xEC, 0x6E, 0xFB, 0xD0, 0x7E, 0xF4, 0x1F, 0xB9, 0x33, 0xEF,
    0x41, 0xFB, 0xD0, 0x7E, 0x1C, 0xEF, 0x87, 0x3B, 0xE1, 0xCE, 0xF8, 0x73, 0xBE, 0x1C, 0xEF, 0x83,
    0xC7, 0xE0, 0xF1, 0xF8, 0x1C, 0xBE, 0x07, 0x2F, 0x81, 0xCB, 0xE8, 0x9D, 0xDB, 0xCE, 0xBE, 0x07,
    0xAF, 0xB3, 0x87, 0xEF, 0x3A, 0xFB, 0x94, 0x7E, 0xF3, 0xAF, 0x87, 0x3F, 0xE1, 0xCF, 0xF8, 0x73,
    0xFE, 0x1C, 0xFF, 0x87, 0x3F, 0xE0, 0x72, 0xF8, 0x1C, 0xBE, 0x07, 0x2F, 0xBC, 0xEB, 0xEF, 0x3A,
    0xE0, 0xD2, 0x3C, 0xF3, 0xBF, 0x81, 0xD3, 0xEF, 0x3B, 0xF8, 0xEF, 0xBE, 0x0E, 0xDF, 0x8E, 0xFB,
    0xEF, 0x3B, 0xFB, 0xCE, 0xFE, 0xF3, 0xBF, 0x81, 0xDB, 0xE0, 0x76, 0xF8, 0x1D, 0xBE, 0xE3, 0x8F,
    0xBC, 0xEF, 0xE0, 0x74, 0xFB, 0xCE, 0xFE, 0x0E, 0x9F, 0xBC, 0xEF, 0xE1, 0xE0, 0xF8, 0x78, 0x3E,
    0x0F, 0x0F, 0x87, 0x83, 0xE1, 0xE0, 0xF8, 0x78, 0x3E, 0x1E, 0x0F, 0x87, 0x83, 0xE0, 0x83, 0xF8,
    0x20, 0xFE, 0x33, 0xBF, 0xBC, 0xEF, 0xE0, 0xF8, 0xF8, 0x5B, 0x3E, 0x08, 0x2F, 0xBC, 0xF3, 0xE1,
    0xED, 0xF8, 0x7B, 0x7E, 0x0F, 0xFF, 0x87, 0xB7, 0xE1, 0xED, 0xF8, 0x7B, 0x7E, 0x1E, 0xDF, 0x87,
    0xB7, 0xE0, 0x7F, 0xF8, 0x1F, 0xFE, 0x10, 0x3F, 0xBC, 0xF3, 0xE0, 0x81, 0xF8, 0x20, 0x7E, 0xF3,
    0xDF, 0xBC, 0xF7, 0xE1, 0xE8, 0xF8, 0x3D, 0xFE, 0x1E, 0x8F, 0x87, 0xA3, 0xE1, 0xE8, 0xF8, 0x5C,
    0x7E, 0x06, 0xDF, 0x81, 0xB7, 0xEF, 0x3D, 0xFB, 0xCF, 0x7E, 0x17, 0x2F, 0xBC, 0xF7, 0xEF, 0x3D,
    0xFB, 0xCF, 0x7E, 0x1E, 0x6F, 0x83, 0x9B, 0xE1, 0xE6, 0xF8, 0x37, 0xFE, 0x0D, 0xFF, 0x83, 0x7F,
    0xEB, 0x6B, 0xFA, 0x00, 0xFE, 0x61, 0x8F, 0xBC, 0xF7, 0xE0, 0x6F, 0xFB, 0x33, 0x3E, 0xCC, 0xCF,
    0xB5, 0x47, 0xE1, 0xE2, 0xF8, 0x78, 0xBE, 0x0E, 0xAF, 0x87, 0x8B, 0xE1, 0xE2, 0xFB, 0x54, 0x7E,
    0xD5, 0x1F, 0xB5, 0x47, 0xE0, 0x82, 0xF8, 0x20, 0xBE, 0x08, 0x2F, 0xB9, 0x2F, 0xE0, 0xF3, 0xF8,
    0x20, 0xFE, 0x79, 0x0F, 0xBC, 0xF7, 0xE1, 0xE1, 0xF8, 0x78, 0x7E, 0x0F, 0xAF, 0x87, 0x87, 0xE1,
    0xE1, 0xF8, 0x78, 0x7E, 0x10, 0x1F, 0x84, 0x07, 0xE0, 0x7E, 0xF8, 0x1F, 0xBE, 0x17, 0x3F, 0xB5,
    0x3B, 0xE2, 0x62, 0xF8, 0x1F, 0xFE, 0x10, 0x3F, 0x84, 0x0F, 0xEF, 0x3E, 0xF8, 0x79, 0xFE, 0x0F,
    0xCF, 0x87, 0x9F, 0xE1, 0xE7, 0xF8, 0x79, 0xFE, 0x1E, 0x7F, 0x81, 0xCF, 0xE0, 0x73, 0xF8, 0x3C,
    0xBE, 0x0F, 0x2F, 0x83, 0xCB, 0xE0, 0xF2, 0xF8, 0x3C, 0xBE, 0xF3, 0xEF, 0x87, 0x9F, 0xE0, 0xEC,
    0xF8, 0x79, 0xFE, 0xF3, 0xEF, 0xBC, 0xFB, 0xEF, 0x3E, 0xF8, 0x1D, 0x3E, 0x07, 0x4F, 0x81, 0xD3,
    0xE0, 0xE8, 0xF8, 0x1D, 0x78, 0x0E, 0x9F, 0x83, 0xA7, 0xE0, 0x77, 0xF8, 0x3A, 0x7E, 0x1E, 0xDF,
    0x87, 0xB7, 0xE0, 0xF0, 0xF8, 0x7B, 0x7E, 0x1E, 0xDF, 0x87, 0xB7, 0xE1, 0xED, 0xF8, 0x7B, 0x7E,
    0x08, 0x5F, 0x82, 0x17, 0xE0, 0x85, 0xFB, 0x92, 0x7E, 0xA7, 0x4F, 0x82, 0x0F, 0xE0, 0x83, 0xF8,
    0x3E, 0xFE, 0xF3, 0xEF, 0x87, 0xBF, 0xE1, 0x02, 0xF8, 0x40, 0xBE, 0x1E, 0xFF, 0x87, 0xBF, 0xE1,
    0xEF, 0xF8, 0x7B, 0xFE, 0x08, 0x0F, 0x82, 0x03, 0xE0, 0x80, 0xF8, 0x41, 0xBE, 0xF3, 0xEE, 0x82,
    0x07, 0xEB, 0xE6, 0xF8, 0x41, 0x3E, 0xF3, 0xDF, 0x87, 0xBB, 0xE0, 0xFD, 0xF8, 0x7B, 0xBE, 0x1E,
    0xEF, 0x87, 0xBB, 0xE1, 0xEE, 0xF8, 0x1C, 0xBE, 0x07, 0x2F, 0x83, 0xCF, 0xEF, 0x3D, 0xF8, 0x1C,
    0x7E, 0xF3, 0xCF, 0xBC, 0xF3, 0xEF, 0x3C, 0xF9, 0xE4, 0x3E, 0x79, 0x0F, 0x9E, 0x43, 0xE0, 0xDE,
    0xF8, 0x37, 0xBE, 0x06, 0xBF, 0x81, 0xAF, 0xE0, 0x6B, 0xFB, 0xCF, 0x3E, 0x25, 0xBF, 0x81, 0xB3,
    0xEF, 0x3C, 0xFA, 0x3B, 0xBE, 0xF3, 0xCF, 0x87, 0x8F, 0xE1, 0xE3, 0xF8, 0x39, 0x7E, 0x1E, 0x3F,
    0x87, 0x8F, 0xE9, 0x72, 0xFA, 0x5C, 0xBE, 0x97, 0x2F, 0xA0, 0x53, 0xE0, 0x83, 0xF8, 0x3B, 0xFE,
    0xF3, 0xCF, 0xB9, 0x1B, 0xEC, 0x5A, 0xF8, 0x79, 0x7E, 0xBE, 0x7F, 0xBC, 0xF7, 0xE1, 0xE5, 0xF8,
    0x3F, 0xBE, 0x1E, 0x5F, 0x87, 0x97, 0xE1, 0xE5, 0xF8, 0x41, 0xBE, 0x10, 0x6F, 0x82, 0x0B, 0xE0,
    0x82, 0xF8, 0x20, 0xBE, 0xF3, 0xDF, 0xBC, 0xF7, 0xE0, 0x81, 0xF8, 0x27, 0x7E, 0x10, 0x7F, 0xBC,
    0xF7, 0xE1, 0xE6, 0xF8, 0x40, 0x3E, 0x1E, 0x6F, 0x87, 0x9B, 0xE1, 0xE6, 0xF8, 0x79, 0xBE, 0x07,
    0x3F, 0x81, 0xCF, 0xEE, 0x40, 0xF8, 0x1C, 0xFE, 0x07, 0x3F, 0xBB, 0x17, 0xE0, 0x73, 0xF8, 0x3D,
    0x7E, 0x3D, 0x7F, 0x83, 0xBB, 0xE3, 0xD7, 0xF8, 0xF5, 0xFE, 0xB6, 0x5F, 0xAD, 0x97, 0xE3, 0xD7,
    0xF8, 0x1D, 0xBE, 0x07, 0x6F, 0xB8, 0xDB, 0xED, 0xC6, 0xF8, 0x5B, 0x3E, 0x07, 0x6F, 0x81, 0xDB,
    0xE0, 0xEA, 0xF8, 0x7C, 0xBE, 0x1F, 0x2F, 0x83, 0xC7, 0xE1, 0xF2, 0xF8, 0x7C, 0xBE, 0x1F, 0x2F,
    0x87, 0xCB, 0xE1, 0xF2, 0xF8, 0x21, 0x3E, 0x08, 0x4F, 0x82, 0x13, 0xE0, 0xFB, 0xFB, 0xCF, 0x3E,
    0x08, 0x4F, 0x8D, 0x57, 0xE0, 0xFA, 0xFB, 0xCF, 0x3E, 0x1F, 0x0F, 0x84, 0x07, 0xE1, 0x01, 0xF8,
    0x7C, 0x3E, 0x1F, 0x0F, 0x87, 0xC3, 0xE1, 0xF0, 0xF8, 0x20, 0x3E, 0x08, 0x0F, 0x82, 0x03, 0xE1,
    0x05, 0xFB, 0xCF, 0x3E, 0x08, 0x1F, 0xBB, 0x3B, 0xEF, 0x3C, 0xFB, 0xCF, 0x3E, 0x1E, 0xCF, 0x83,
    0xEB, 0xE1, 0xEC, 0xF8, 0x7B, 0x3E, 0x1E, 0xCF, 0x81, 0xBF, 0xE0, 0x6F, 0xF8, 0x1B, 0xFE, 0xF3,
    0xCF, 0x93, 0x1F, 0xE0, 0x6D, 0xF8, 0x1B, 0x7E, 0x17, 0x4F, 0xBC, 0xF3, 0xE0, 0xE9, 0xF8, 0x3A,
    0x7E, 0x1E, 0xBF, 0x83, 0x8B, 0xE0, 0xE2, 0xF8, 0x38, 0xBE, 0x07, 0x2F, 0xAD, 0xAF, 0xE0, 0xE3,
    0xFB, 0xCF, 0x3E, 0x07, 0x2F, 0xAF, 0x57, 0xE0, 0x72, 0xFB, 0xCF, 0x3E, 0x1E, 0x7F, 0x87, 0x9F,
    0xE0, 0xEC, 0xF8, 0x79, 0xFE, 0x1E, 0x7F, 0xBC, 0xF3, 0xE0, 0x80, 0xF8, 0x20, 0x3E, 0x08, 0x0F,
    0x82, 0x03, 0xE0, 0xF4, 0xFB, 0xCF, 0x3E, 0x08, 0x1F, 0x82, 0x07, 0xEF, 0x3C, 0xF9, 0xEA, 0xFE,
    0x1E, 0x4F, 0x87, 0x93, 0xE0, 0xFA, 0xF8, 0x79, 0x3E, 0x1E, 0x4F, 0x84, 0x07, 0xE0, 0x80, 0xF8,
    0x20, 0x3E, 0x08, 0x0F, 0x82, 0x03, 0xE2, 0x66, 0xFB, 0x94, 0x7E, 0xA9, 0x2F, 0x82, 0x03, 0xEF,
    0x3B, 0xF8, 0x40, 0xFE, 0xF3, 0xBF, 0x87, 0xA3, 0xE0, 0xFB, 0xF8, 0x7A, 0x3E, 0x1E, 0x8F, 0x87,
    0xA3, 0xE0, 0x73, 0xF8, 0x1C, 0xFE, 0x07, 0x3F, 0xBC, 0xEF, 0xEF, 0x3B, 0xF8, 0x1C, 0xFE, 0xE4,
    0x1F, 0xB7, 0x07, 0xEF, 0x3B, 0xF8, 0x7A, 0x7E, 0x0E, 0xEF, 0x87, 0xA7, 0xE3, 0xD5, 0xF8, 0xF5,
    0x7E, 0x3D, 0x5F, 0x81, 0xDB, 0xE0, 0x76, 0xF8, 0x1D, 0xBE, 0xE3, 0x5F, 0x83, 0xA7, 0xE0, 0x75,
    0xFB, 0xCE, 0xBE, 0x0E, 0x9F, 0xBC, 0xEB, 0xE1, 0xEC, 0xF8, 0x7B, 0x3E, 0x0F, 0x0F, 0x87, 0xB3,
    0xE1, 0xEC, 0xF8, 0xF5, 0x3E, 0x3D, 0x4F, 0x8F, 0x53, 0xE0, 0x83, 0xF8, 0x20, 0xFE, 0x08, 0x3F,
    0xBA, 0xE7, 0xE0, 0xF9, 0xF8, 0x20, 0xFE, 0x0F, 0x9F, 0x91, 0x67, 0xED, 0x6C, 0xF8, 0x7C, 0x3E,
    0x10, 0x1F, 0x87, 0xC3, 0xE1, 0xF0, 0xF8, 0x7C, 0x3E, 0x1F, 0x0F, 0x87, 0xC3, 0xE0, 0x81, 0xF8,
    0x20, 0x7E, 0x08, 0x1F, 0x82, 0x07, 0xE1, 0x04, 0xF8, 0x20, 0x3E, 0xF3, 0xBF, 0x91, 0x57, 0xEF,
    0x3B, 0xF8, 0x7B, 0xBE, 0x0F, 0xDF, 0x87, 0xBB, 0xE1, 0xEE, 0xF8, 0x7B, 0xBE, 0x07, 0x1F, 0x81,
    0xC7, 0xE0, 0x71, 0xFB, 0xCE, 0xFE, 0x1E, 0xFF, 0x81, 0xD3, 0xE0, 0x74, 0xFB, 0xCF, 0x3E, 0x7A,
    0xBF, 0x83, 0x97, 0xE7, 0xAB, 0xF9, 0xEA, 0xFE, 0x0D, 0xDF, 0x83, 0x77, 0xE0, 0x6B, 0xF8, 0x1A,
    0xFE, 0x34, 0xFF, 0xBC, 0xF3, 0xEF, 0x3C, 0xFB, 0xCF, 0x3E, 0xCD, 0x8C, 0x40, 0x12, 0x0D, 0xF0,
    0xEF, 0x7C, 0x3B, 0xDF, 0x07, 0x07, 0xC3, 0xBD, 0xF0, 0xEF, 0x7D, 0xAB, 0x7F, 0x6A, 0xDF, 0xDA,
    0xB7, 0xF6, 0x36, 0xFD, 0x8D, 0xBF, 0x79, 0xE7, 0x41, 0xB9, 0xC7, 0x9B, 0xFD, 0xA9, 0x38, 0x9D,
    0xD6, 0x03, 0x89, 0xF0, 0xE2, 0x7C, 0x38, 0x9F, 0x0E, 0x27, 0xC3, 0x89, 0xF0, 0x73, 0x7C, 0x1C,
    0xDF, 0x03, 0x3E, 0x67, 0x75, 0x90, 0x34, 0x76, 0x77, 0x5A, 0x03, 0x4F, 0xE7, 0x75, 0xB0, 0x74,
    0x7D, 0x20, 0x3A, 0x03, 0x8C, 0xA7, 0x75, 0xA0, 0x39, 0x72, 0x25, 0x3B, 0xAC, 0x80, 0x8E, 0x95,
    0x80, 0x0F, 0x5A, 0xAE, 0x0E, 0x7F, 0xCE, 0xEB, 0x01, 0xBB, 0xF8, 0x36, 0xBE, 0x1B, 0xBF, 0x86,
    0xEF, 0xE1, 0xBB, 0xF8, 0x6E, 0xF9, 0x10, 0x03, 0x47, 0xC0, 0xD1, 0xF0, 0x34, 0x7E, 0x51, 0x58,
    0x03, 0x17, 0xC0, 0xC5, 0x39, 0x45, 0x64, 0x0C, 0x73, 0x94, 0x56, 0x80, 0xC9, 0x59, 0x45, 0x6C,
    0x0C, 0xB7, 0x94, 0x56, 0x81, 0xBB, 0xF1, 0xCE, 0xFC, 0x1A, 0xDF, 0x1C, 0xEF, 0xDE, 0x35, 0xF7,
    0x8D, 0x7D, 0xE3, 0x5F, 0x06, 0x94, 0xC0, 0x8D, 0x30, 0x35, 0x6C, 0x0B, 0x32, 0x03, 0x5F, 0xA5,
    0x15, 0x70, 0x36, 0x7C, 0x0D, 0x9F, 0x03, 0x67, 0xC0, 0xD9, 0xF0, 0x36, 0x70, 0x37, 0x76, 0x0D,
    0xD7, 0xC3, 0x75, 0xF0, 0xDD, 0x7C, 0x1B, 0xFF, 0x0D, 0xD7, 0xC3, 0x75, 0xF0, 0xDD, 0x7C, 0x37,
    0x5F, 0x0A, 0x95, 0xE5, 0x00, 0x7E, 0xF8, 0x6F, 0x38, 0x07, 0xDA, 0x81, 0xF3, 0xF3, 0x34, 0x31,
    0x48, 0x0F, 0x7D, 0x03, 0xD5, 0x40, 0xF3, 0x70, 0x72, 0xFC, 0x0F, 0x1E, 0x0E, 0x47, 0xC3, 0x91,
    0xF0, 0x78, 0xFC, 0x39, 0x1F, 0x0E, 0x47, 0xC3, 0x91, 0xF0, 0xE4, 0x7C, 0x0E, 0xBF, 0x03, 0xAF,
    0xC0, 0xEB, 0xF2, 0x86, 0x7C, 0x38, 0xF8, 0x03, 0xD7, 0x04, 0x73, 0xA8, 0x14, 0xAD, 0xD5, 0xF8,
    0x46, 0x8F, 0x43, 0x89, 0xF0, 0x72, 0x7C, 0x38, 0x9F, 0x0E, 0x27, 0xC3, 0x89, 0xF0, 0xE2, 0x60,
    0x52, 0xBF, 0x14, 0xAF, 0xC0, 0xC3, 0xF0, 0x30, 0xFC, 0x0C, 0x3F, 0x03, 0x0C, 0xDD, 0xED, 0x81,
    0x86, 0x7C, 0xAC, 0x3F, 0x06, 0x8F, 0xC3, 0x87, 0xF0, 0x65, 0x7C, 0x19, 0x5F, 0x1B, 0xD7, 0xD6,
    0x4D, 0xF3, 0xDF, 0x7C, 0xC9, 0x1F, 0x60, 0x2E, 0x80, 0xCB, 0xC5, 0x8F, 0xE0, 0x0C, 0xB5, 0x5F,
    0xCE, 0x60, 0xD2, 0x10, 0xD9, 0x7C, 0x36, 0x5F, 0x06, 0x6F, 0xC3, 0x65, 0xF0, 0xD9, 0x7D, 0x9F,
    0x1F, 0x67, 0xC7, 0xD9, 0xF1, 0xE0, 0x6B, 0xF4, 0x0E, 0x3F, 0x03, 0x8F, 0xD8, 0x09, 0xE8, 0x34,
    0x44, 0x0E, 0x5F, 0x03, 0x95, 0x40, 0xE3, 0xA0, 0x6C, 0x5D, 0x75, 0x75, 0x0D, 0x8F, 0xC3, 0x63,
    0xF0, 0x6F, 0xFC, 0x36, 0x3F, 0x0D, 0x8F, 0xC1, 0xCD, 0xF0, 0x73, 0x7C, 0x1C, 0xDF, 0x03, 0xA7,
    0xC0, 0xE9, 0xF0, 0x3A, 0x58, 0x33, 0x52, 0x03, 0x74, 0xC2, 0x8F, 0xD0, 0x70, 0xE6, 0x36, 0xCD,
    0xBF, 0x9E, 0x7F, 0x21, 0xAD, 0xF8, 0x37, 0xFE, 0x1A, 0xDF, 0x86, 0xB7, 0xE1, 0xAD, 0xF9, 0x4B,
    0xBE, 0x06, 0x0F, 0x81, 0x83, 0xEC, 0x6E, 0xFB, 0xB2, 0xB3, 0x06, 0x90, 0x91, 0x2F, 0xC1, 0x49,
    0xF8, 0x35, 0xF8, 0x8F, 0xBF, 0x83, 0x3F, 0xE0, 0xCF, 0xF8, 0x6B, 0xFE, 0xEB, 0xFF, 0xBA, 0xFF,
    0xEE, 0xBF, 0xF8, 0x1A, 0xBE, 0x06, 0xAF, 0x9E, 0x1F, 0xE1, 0xB1, 0xF8, 0x19, 0xFE, 0x0C, 0xFD,
    0x86, 0xC3, 0xE1, 0xB0, 0xF8, 0x34, 0x3E, 0x1B, 0x0F, 0x86, 0xC3, 0xE1, 0xB0, 0xF8, 0x6C, 0x3E,
    0x1B, 0x0F, 0x81, 0xBF, 0xE0, 0x6F, 0xF8, 0x1B, 0xFE, 0x06, 0xFC, 0x83, 0x63, 0xE1, 0xAF, 0xF8,
    0x35, 0xFC, 0x5A, 0xE9, 0x06, 0xBB, 0xE1, 0xAE, 0xF8, 0x37, 0xBE, 0x1A, 0xEF, 0x86, 0xBB, 0xE1,
    0xAE, 0xF8, 0x6B, 0xBE, 0x1A, 0xEF, 0x81, 0xCB, 0xE0, 0x72, 0xF9, 0x64, 0x68, 0x06, 0xCF, 0x81,
    0xB3, 0xE1, 0xAC, 0xF8, 0x6B, 0x3E, 0x1A, 0xCF, 0x86, 0xB3, 0xE1, 0xAC, 0xF8, 0x6B, 0x3E, 0x1A,
    0xCF, 0x81, 0x7B, 0xE0, 0x5E, 0xF8, 0x34, 0x7E, 0x9A, 0x3C, 0x08, 0x4B, 0xE0, 0x64, 0xDB, 0x8A,
    0x30, 0xD0, 0x1E, 0x1B, 0x3B, 0xE6, 0xCE, 0xF9, 0xB3, 0xBE, 0x0B, 0xDF, 0x82, 0xF7, 0xE1, 0x30,
    0xF8, 0x17, 0xBE, 0x05, 0xEF, 0x84, 0xC3, 0xE0, 0x5E, 0xF8, 0x68, 0x7C, 0x7A, 0x1A, 0x97, 0x7E,
    0x72, 0x08, 0x34, 0x00, 0x34, 0x7F, 0x0D, 0x1F, 0xC1, 0x8F, 0xF0, 0xD1, 0xFC, 0x34, 0x7F, 0x45,
    0x0F, 0xD1, 0x43, 0xF4, 0x50, 0xF8, 0x0E, 0x5D, 0x3A, 0x0F, 0xC0, 0xE5, 0xF5, 0xFA, 0xF8, 0x26,
    0xFE, 0x5C, 0x06, 0x00, 0xE7, 0xC2, 0xF6, 0x4E, 0x42, 0x1A, 0x0F, 0x86, 0x83, 0xE1, 0xA0, 0xF8,
    0x68, 0x3E, 0x1A, 0x0F, 0x83, 0x8B, 0xE0, 0xE2, 0xF8, 0x1B, 0xF3, 0x3B, 0x91, 0x01, 0xC3, 0xF3,
    0xB9, 0x18, 0x1C, 0x7B, 0x3B, 0x92, 0x15, 0xDF, 0x92, 0x08, 0x14, 0x28, 0x0D, 0xB3, 0x00, 0x94,
    0x8D, 0x89, 0xB9, 0x10, 0x07, 0x6D, 0x21, 0x00, 0xC5, 0x24, 0x01, 0xA9, 0xB0, 0x39, 0x33, 0x21,
    0x0D, 0x27, 0xC1, 0xB9, 0xF0, 0xD2, 0x7C, 0x34, 0x9F, 0x0D, 0x27, 0xC3, 0x49, 0xD0, 0x31, 0x7C,
    0x0C, 0x5F, 0x03, 0x17, 0xE5, 0x12, 0x10, 0x30, 0xFC, 0xBB, 0x52, 0x91, 0x01, 0x8A, 0x72, 0x89,
    0x18, 0x18, 0xEF, 0x28, 0x92, 0x01, 0x92, 0xB2, 0x89, 0x18, 0x35, 0xBE, 0x34, 0xFF, 0x83, 0x3F,
    0xE3, 0x4F, 0xFA, 0x98, 0x7E, 0xA6, 0x1F, 0xA9, 0x87, 0xE0, 0xCB, 0x98, 0x11, 0xA6, 0x5C, 0xEE,
    0x48, 0x40, 0xD5, 0xF0, 0x62, 0xCC, 0x0D, 0x7F, 0x03, 0x5F, 0xC0, 0xD7, 0xF0, 0x35, 0xFC, 0x1A,
    0x3B, 0x66, 0xE6, 0x0D, 0x85, 0xF0, 0xDD, 0x7C, 0x1B, 0xBF, 0x0D, 0xD7, 0xC3, 0x75, 0xF0, 0xDD,
    0x7C, 0x37, 0x5F, 0x0D, 0xD7, 0xCC, 0x99, 0x30, 0x3E, 0xFC, 0x37, 0x9E, 0x03, 0xE4, 0xC0, 0xF7,
    0xF1, 0x15, 0xF8, 0x0F, 0x72, 0x03, 0xD5, 0xC0, 0xF3, 0x50, 0x72, 0x7D, 0xD5, 0x7F, 0x0E, 0x0F,
    0xC3, 0x83, 0xF0, 0x78, 0xFC, 0x38, 0x3F, 0x0E, 0x0F, 0xC3, 0x83, 0xF0, 0xE0, 0xFC, 0x0E, 0xDF,
    0x03, 0xB7, 0xC0, 0xED, 0xF5, 0x29, 0xFC, 0x46, 0x79, 0x25, 0x97, 0xC4, 0x69, 0xB7, 0x0E, 0xE0,
    0xB0, 0xB8, 0x0E, 0x27, 0xC1, 0xCD, 0xF0, 0xE2, 0x7C, 0x38, 0x9F, 0x0E, 0x27, 0xCD, 0x89, 0xF1,
    0x4B, 0xFC, 0x52, 0xFF, 0x14, 0xBF, 0xC0, 0xC7, 0xB0, 0x31, 0x7C, 0x52, 0xFF, 0x11, 0x35, 0xBD,
    0x30, 0x68, 0x00, 0x70, 0x7E, 0x0C, 0xFF, 0x87, 0x07, 0xE0, 0xC8, 0xF8, 0x32, 0x3E, 0x28, 0xAF,
    0x04, 0x26, 0x40, 0x64, 0xFA, 0x8F, 0xBE, 0x06, 0x5F, 0x95, 0xF3, 0x56, 0x30, 0x63, 0xFD, 0x47,
    0x19, 0x17, 0xEF, 0xC3, 0x69, 0xF0, 0xDA, 0x7C, 0x19, 0xBF, 0x0D, 0xA7, 0xC3, 0x69, 0xF6, 0xFF,
    0x7C, 0x0E, 0x3F, 0x24, 0xEF, 0xC0, 0xDF, 0xF0, 0x37, 0xFC, 0x35, 0xF6, 0xF4, 0x8B, 0xEA, 0x68,
    0xEE, 0xF0, 0x37, 0x24, 0x01, 0xCA, 0xAA, 0x9B, 0x80, 0xD2, 0xCC, 0x0C, 0x35, 0x1F, 0x0D, 0x47,
    0xC1, 0xB1, 0xF0, 0xD4, 0x7C, 0x35, 0x1F, 0x06, 0xFF, 0xC0, 0xDB, 0xF5, 0x1A, 0xEA, 0x08, 0x06,
    0xEF, 0xCE, 0xE0, 0xA0, 0x6F, 0xFC, 0xEE, 0x0C, 0x50, 0xFE, 0x58, 0xE7, 0x70, 0x55, 0x17, 0x78,
    0x03, 0x97, 0x81, 0x80, 0x5E, 0xD0, 0x20, 0x38, 0x70, 0x60, 0x93, 0x81, 0x86, 0x97, 0xE0, 0xD7,
    0xF8, 0x69, 0x7E, 0x1A, 0x5F, 0x86, 0x97, 0xE3, 0x6A, 0xF0, 0x18, 0xBE, 0x06, 0x2F, 0x81, 0x8B,
    0xF1, 0x39, 0x44, 0x0C, 0x0C, 0x73, 0x06, 0x97, 0x20, 0x80, 0x63, 0x9C, 0xA2, 0x0A, 0x06, 0x4B,
    0xCA, 0x20, 0xC0, 0x65, 0xBC, 0xA2, 0x0A, 0x0D, 0x7F, 0x86, 0xA7, 0xE0, 0xD0, 0xF8, 0x6A, 0x7E,
    0x36, 0xBF, 0x8D, 0xAF, 0xE3, 0x6B, 0xF8, 0x9D, 0x68, 0x04, 0x79, 0x09, 0xDB, 0x90, 0x30, 0x35,
    0xFC, 0x01, 0x32, 0x81, 0x01, 0xB3, 0xE0, 0x6C, 0xB8, 0x50, 0x3C, 0x06, 0xDF, 0x81, 0xB7, 0xE0,
    0xD4, 0xD0, 0x6C, 0xFE, 0x1B, 0x3F, 0x83, 0x6F, 0xE1, 0xB3, 0xF8, 0x6C, 0xFE, 0x36, 0x8F, 0x8D,
    0xA3, 0xE3, 0x68, 0xF8, 0x1E, 0xFE, 0x07, 0xBF, 0x81, 0xEF, 0xE0, 0x7B, 0xF8, 0x1E, 0xFE, 0x07,
    0xBF, 0x81, 0xEF, 0xE3, 0xE9, 0xF8, 0xDB, 0xFE, 0x1C, 0x6F, 0x83, 0xD7, 0xE1, 0xC6, 0xF8, 0x71,
    0xBE, 0x1C, 0x6F, 0x87, 0x1B, 0xE3, 0x6F, 0xE0, 0x1F, 0x3E, 0x36, 0xFF, 0x81, 0xEE, 0x80, 0x7A,
    0xF8, 0xF9, 0xBC, 0x07, 0x8C, 0x01, 0xDE, 0xE0, 0xF2, 0xF8, 0xF9, 0xED, 0x20, 0x51, 0xC7, 0xC3,
    0x9B, 0xF0, 0x78, 0xFC, 0x39, 0xBF, 0x0E, 0x6F, 0xC3, 0x9B, 0xF0, 0x34, 0xFC, 0x0D, 0x3F, 0x03,
    0x4F, 0xC7, 0xB5, 0xF1, 0x88, 0x54, 0x7B, 0x3F, 0x18, 0x8F, 0x5E, 0x89, 0xA3, 0x71, 0x7C, 0x1A,
    0xBF, 0x37, 0x17, 0xCD, 0xC5, 0xF0, 0x66, 0xFC, 0x60, 0x5F, 0x18, 0x17, 0xC6, 0x05, 0xF1, 0xB9,
    0x7E, 0x40, 0x06, 0x1D, 0xB6, 0xAF, 0x40, 0x60, 0xE2, 0xFB, 0xFE, 0xDA, 0xBF, 0x87, 0x13, 0xE1,
    0xC4, 0xF8, 0x34, 0xBE, 0x1C, 0x4F, 0x87, 0x13, 0xEB, 0xF0, 0xFA, 0xFC, 0x3E, 0xDA, 0xBF, 0xAC,
    0x57, 0xEB, 0x15, 0xFB, 0x6A, 0xFE, 0xB0, 0xFF, 0xB6, 0xAF, 0xED, 0xAB, 0xF8, 0x6B, 0xBE, 0x0D,
    0x8F, 0x86, 0xBB, 0xE1, 0xAE, 0xF8, 0x6B, 0xBE, 0x0E, 0x0F, 0xB6, 0xAF, 0xED, 0x42, 0xFB, 0x50,
    0xBE, 0x0E, 0x2F, 0xB6, 0xAF, 0xED, 0xAB, 0xFB, 0x6A, 0xFE, 0xDA, 0xBF, 0x86, 0xB7, 0xE0, 0xDA,
    0xF8, 0x6B, 0x7E, 0x1A, 0xDF, 0x86, 0xB7, 0xED, 0xAB, 0xF8, 0x1A, 0x3E, 0x06, 0x8F, 0xB4, 0xFB,
    0xE0, 0x62, 0xFB, 0x4F, 0xBE, 0xD3, 0xEF, 0xB6, 0xAF, 0xE3, 0x7B, 0xF8, 0x35, 0xBE, 0x37, 0xBF,
    0xB6, 0xAF, 0xED, 0xAB, 0xFB, 0x6A, 0xFE, 0xDA, 0xBF, 0xB6, 0xAF, 0xED, 0xAB, 0xF8, 0x1B, 0x3E,
    0x06, 0xBF, 0x81, 0xAF, 0xE0, 0x6B, 0xFB, 0x6A, 0xBE, 0x1B, 0x9F, 0x86, 0xE7, 0xE0, 0xDE, 0xF8,
    0x6E, 0x7E, 0x1B, 0x9F, 0x86, 0xE7, 0xE1, 0xB9, 0xF8, 0x6E, 0x7E, 0xD3, 0x4F, 0xB4, 0xD3, 0xE1,
    0xBC, 0xFB, 0x6A, 0xBE, 0xDA, 0xAF, 0xB6, 0xAB, 0xED, 0xAA, 0xF8, 0xDD, 0xBE, 0x1C, 0x7F, 0x83,
    0xC3, 0xE1, 0xC7, 0xF8, 0x71, 0xFE, 0x1C, 0x7F, 0x87, 0x1F, 0xED, 0xAA, 0xF8, 0x1D, 0x7E, 0x07,
    0x5F, 0x87, 0x1F, 0xED, 0x48, 0xE8, 0x8E, 0x7E, 0xDA, 0xBF, 0x8C, 0x33, 0xE1, 0xC4, 0xF8, 0x39,
    0x7E, 0x1C, 0x4F, 0x87, 0x13, 0xE1, 0xC4, 0xFA, 0x94, 0x3E, 0x29, 0x5F, 0x8A, 0x57, 0xE0, 0x62,
    0xF8, 0x37, 0x7E, 0xDA, 0xBF, 0xB6, 0xAF, 0xED, 0xAB, 0xF8, 0x34, 0xBE, 0x0D, 0x2F, 0x87, 0x0F,
    0xE0, 0xCB, 0xF8, 0x32, 0xFE, 0x06, 0x5F, 0xA9, 0x5F, 0xE7, 0x4C, 0xFB, 0x6A, 0xFE, 0x9E, 0x4F,
    0xA9, 0x63, 0xED, 0xAC, 0xF8, 0x6D, 0x3E, 0x1B, 0x4F, 0x83, 0x3B, 0xE1, 0xB4, 0xF8, 0x6D, 0x3E,
    0xBF, 0xBF, 0xAF, 0xEF, 0xEB, 0xFB, 0xF8, 0x1C, 0xBE, 0x07, 0x2F, 0x8C, 0x0F, 0xED, 0xAC, 0xC8,
    0x1C, 0xFE, 0xB9, 0x0F, 0xB6, 0xB7, 0xE1, 0xB4, 0xF8, 0x6D, 0x3E, 0x0E, 0x1F, 0x86, 0xD3, 0xE1,
    0xB4, 0xF8, 0x3A, 0x3E, 0x0E, 0x8F, 0x83, 0xA3, 0xE0, 0x75, 0xF8, 0x1D, 0x7E, 0xDA, 0xDF, 0x81,
    0xBB, 0xED, 0xAD, 0xFB, 0x00, 0x3E, 0x1A, 0xFF, 0x83, 0x83, 0xE1, 0xAF, 0xF8, 0x6B, 0xFE, 0x1A,
    0xFF, 0x86, 0xBF, 0xE0, 0x60, 0xF8, 0x18, 0x3E, 0x83, 0x0F, 0xAE, 0x8B, 0xE0, 0x66, 0xF8, 0x52,
    0x7E, 0xDA, 0xCF, 0x86, 0xC3, 0xE0, 0xCE, 0xF8, 0x6C, 0x3E, 0xDA, 0xCF, 0xB6, 0xB3, 0xED, 0xAC,
    0xF8, 0x1A, 0x7E, 0x06, 0x9F, 0x81, 0xA7, 0xED, 0xAC, 0xF8, 0x19, 0xFE, 0x06, 0x7F, 0xA2, 0x63,
    0xE1, 0xB0, 0xF8, 0x33, 0xFE, 0x1B, 0x0F, 0x86, 0xC3, 0xE1, 0xB0, 0xF8, 0x6C, 0x3E, 0x1B, 0x0F,
    0x86, 0xC3, 0xE0, 0x6F, 0xF8, 0x1B, 0xFE, 0xDA, 0xCF, 0x81, 0xC3, 0xE1, 0xAE, 0xFB, 0x6B, 0x3E,
    0x1A, 0xDF, 0x86, 0xB7, 0xE0, 0xDE, 0xF8, 0x6B, 0x7E, 0x1A, 0xDF, 0x86, 0xB7, 0xE1, 0xAD, 0xF8,
    0x6B, 0x7E, 0x07, 0x2F, 0x81, 0xCB, 0xED, 0xAC, 0xF8, 0x1B, 0x3E, 0x1A, 0xBF, 0x86, 0xAF, 0xE1,
    0xAB, 0xF8, 0x36, 0xFE, 0x1A, 0xBF, 0x86, 0xAF, 0xE1, 0xAB, 0xF8, 0x6A, 0xFE, 0x05, 0xEF, 0x81,
    0x7B, 0xED, 0xAC, 0xFA, 0xA9, 0x7E, 0xDA, 0xDF, 0xB6, 0xB7, 0xE6, 0xCA, 0xF9, 0xB2, 0xBE, 0x6C,
    0xAF, 0x82, 0xFB, 0xE0, 0xBE, 0xF8, 0x4C, 0x7E, 0x05, 0xFF, 0x81, 0x7F, 0xE1, 0x31, 0xF8, 0x82,
    0xBE, 0x1A, 0x2F, 0xB6, 0xB7, 0xE1, 0xA4, 0xF8, 0x69, 0x3E, 0x0C, 0x8F, 0x86, 0x93, 0xE1, 0xA4,
    0xFA, 0x22, 0x7E, 0x88, 0x9F, 0xB6, 0xB7, 0xE7, 0x3D, 0xF8, 0x1C, 0xBE, 0xB1, 0x5F, 0xAC, 0x57,
    0x27, 0x9D, 0xF8, 0x1C, 0xBE, 0xDA, 0xCF, 0x86, 0x83, 0xE0, 0xD9, 0xF8, 0x68, 0x3E, 0x1A, 0x0F,
    0x86, 0x83, 0xE0, 0xE1, 0xF8, 0x38, 0x7E, 0xDA, 0xCF, 0xB3, 0x7B, 0xED, 0x49, 0xFB, 0x6B, 0x36,
    0x6C, 0x6F, 0x36, 0xB7, 0xEA, 0xB3, 0xFB, 0x6B, 0x7E, 0x0D, 0xCF, 0x86, 0x97, 0xE1, 0xA5, 0xF8,
    0x69, 0x7E, 0x6C, 0x6F, 0x81, 0x8F, 0xE0, 0x63, 0xF8, 0x18, 0xFE, 0xD4, 0x1F, 0xB5, 0x07, 0xED,
    0x41, 0xFB, 0x6B, 0x7E, 0x35, 0x0F, 0x83, 0x43, 0xE3, 0x50, 0xFA, 0x90, 0x7E, 0xA4, 0x1F, 0xA9,
    0x07, 0xEC, 0xB7, 0x93, 0x6B, 0x7E, 0x06, 0xAF, 0xB6, 0xB7, 0xE0, 0x6B, 0xD9, 0xCC, 0xBC, 0x06,
    0xCF, 0x81, 0xB3, 0xE9, 0xC4, 0xF9, 0xB1, 0xBE, 0x1B, 0xBF, 0x83, 0x7B, 0xE1, 0xBB, 0xF8, 0x6E,
    0xFE, 0x1B, 0xBF, 0x86, 0xEF, 0xE1, 0xBB, 0xFB, 0x4D, 0xFE, 0xD3, 0x7F, 0xB4, 0xDF, 0xED, 0xAE,
    0xD0, 0x1F, 0x3E, 0xDA, 0xFF, 0x83, 0x9B, 0xED, 0xAF, 0xF8, 0x71, 0x3E, 0x0F, 0x3F, 0x83, 0xCF,
    0xE1, 0xC4, 0xF8, 0x71, 0x3E, 0x1C, 0x4F, 0x87, 0x13, 0xE0, 0x77, 0xF8, 0x1D, 0xFE, 0x07, 0x7F,
    0xA7, 0x53, 0xED, 0xAF, 0xF8, 0x8D, 0xFE, 0xDA, 0xFF, 0x8D, 0xB3, 0xE1, 0xC6, 0xF8, 0x39, 0xFE,
    0x1C, 0x6F, 0x87, 0x1B, 0xE1, 0xC6, 0xF8, 0xA6, 0x7E, 0x06, 0x3F, 0x81, 0x8B, 0xE2, 0x99, 0xFB,
    0x6B, 0xFE, 0x29, 0xAF, 0xB6, 0xBF, 0xE0, 0xCF, 0xF8, 0x33, 0xFE, 0x1C, 0x3F, 0x83, 0x23, 0xE0,
    0xC8, 0xFB, 0x6B, 0xFE, 0x06, 0x4F, 0xA8, 0xF3, 0xE5, 0x7E, 0xFB, 0x6B, 0xFE, 0xA9, 0xDF, 0xB6,
    0xBF, 0xEB, 0xFC, 0xF8, 0x6D, 0xBE, 0x0C, 0xEF, 0x86, 0xDB, 0xE1, 0xB6, 0xFB, 0x6C, 0x3E, 0x07,
    0x2F, 0x81, 0xCB, 0xEC, 0xDF, 0xFA, 0xFD, 0xFE, 0xBF, 0x6F, 0xB6, 0xCE, 0xEC, 0xE0, 0xF0, 0x38,
    0x24, 0xD4, 0x5F, 0xB5, 0x17, 0xCD, 0xB6, 0xF8, 0x6B, 0xFE, 0x0D, 0xFF, 0x86, 0xBF, 0xE1, 0xAF,
    0xF8, 0x39, 0xBE, 0x07, 0x3F, 0x81, 0xCF, 0xE0, 0x73, 0xF8, 0x1C, 0xFE, 0x07, 0x3F, 0xB1, 0xAB,
    0xEC, 0x6A, 0xFB, 0x1A, 0xBE, 0xCE, 0x6F, 0xB6, 0xEF, 0xE0, 0xE2, 0xF8, 0x6C, 0x7E, 0x1B, 0x1F,
    0x86, 0xC7, 0xE1, 0xB1, 0xF3, 0x35, 0x7E, 0xCD, 0x5F, 0xB3, 0x57, 0xE0, 0x6A, 0xF8, 0x1A, 0xBE,
    0x06, 0xAF, 0x81, 0xAB, 0xE0, 0xE0, 0xB7, 0xCA, 0x79, 0x29, 0x0D, 0xD7, 0xC1, 0xB5, 0xF0, 0xDD,
    0x7C, 0x6F, 0xDF, 0x1B, 0xF7, 0xC6, 0xFD, 0xF6, 0xA2, 0x5B, 0xC4, 0x06, 0xEF, 0x81, 0x36, 0x5D,
    0x20, 0x37, 0x7C, 0x0A, 0x52, 0xE1, 0x01, 0xBB, 0xF3, 0xBD, 0x90, 0x1B, 0x7D, 0xA2, 0x03, 0x6E,
    0x32, 0x40, 0x6D, 0xC6, 0x08, 0x1B, 0x1F, 0x18, 0x27, 0x0C, 0xD5, 0x30, 0xE4, 0x7C, 0x39, 0x1F,
    0x07, 0x2F, 0xC3, 0x91, 0xF0, 0xE4, 0x7C, 0x6F, 0xFF, 0x1B, 0xFF, 0xC6, 0xFF, 0xF0, 0x77, 0x7C,
    0x60, 0xFF, 0x66, 0xEF, 0xE2, 0x72, 0x8F, 0x94, 0xA6, 0x52, 0xF7, 0xFF, 0xCA, 0x3C, 0x40, 0x0B,
    0x97, 0x48, 0x6F, 0xF6, 0xE1, 0x35, 0x22, 0xDB, 0x20, 0x74, 0xFE, 0x79, 0x29, 0x0E, 0x5F, 0xC3,
    0x97, 0xF0, 0x78, 0x7C, 0x39, 0x7F, 0x0E, 0x5F, 0xC3, 0x97, 0xF0, 0xE5, 0xFC, 0x0E, 0x7A, 0xD1,
    0x03, 0xD3, 0xD9, 0x20, 0x7A, 0x7C, 0x01, 0x32, 0xC1, 0x03, 0xD3, 0xE3, 0x1C, 0xE1, 0xA2, 0xA6,
    0x0F, 0xAF, 0x03, 0xE6, 0x60, 0xF8, 0xB8, 0x3D, 0xEE, 0x0F, 0x6F, 0x83, 0xDB, 0x13, 0x21, 0xC3,
    0xFC, 0x1D, 0xFF, 0x0E, 0xAF, 0xC3, 0xAB, 0xF0, 0xEA, 0xFC, 0xDE, 0x9F, 0x11, 0xE7, 0xC4, 0x77,
    0xF0, 0x71, 0x7C, 0x1C, 0x5F, 0x07, 0x17, 0xC1, 0xC5, 0x59, 0x95, 0x8C, 0xDD, 0xBF, 0x37, 0x6F,
    0xCD, 0xDB, 0xF0, 0x65, 0x7C, 0x19, 0x5F, 0x14, 0xB6, 0x65, 0x1A, 0x20, 0x64, 0xFC, 0x27, 0xDE,
    0x06, 0x45, 0x01, 0x8F, 0xF0, 0x63, 0xDA, 0x78, 0x37, 0xEC, 0x36, 0xEF, 0xE0, 0x5C, 0xA4, 0x86,
    0xC5, 0x22, 0xB9, 0x00, 0x5A, 0x72, 0x3F, 0x1C, 0x93, 0xDF, 0x25, 0xAA, 0x49, 0xA0, 0x97, 0x78,
    0x04, 0x9E, 0x14, 0x9F, 0x1A, 0x4A, 0x60, 0x52, 0x48, 0x0C, 0x2D, 0x57, 0x9F, 0x9D, 0xE6, 0x15,
    0x79, 0x78, 0x44, 0x7A, 0xC5, 0x52, 0xB1, 0xC8, 0x81, 0x97, 0x4F, 0x9D, 0x96, 0xE9, 0x66, 0x9C,
    0x59, 0xE6, 0xB6, 0x88, 0x48, 0x1C, 0x25, 0x29, 0x85, 0x4A, 0xA1, 0x30, 0xCA, 0xC5, 0x8A, 0xB3,
    0x22, 0x0D, 0xD5, 0x3E, 0x75, 0xBB, 0xA5, 0x72, 0x71, 0x5D, 0x9A, 0xDE, 0x20, 0x75, 0xE8, 0x48,
    0x1E, 0x25, 0x29, 0x86, 0x45, 0x21, 0x70, 0xC8, 0x70, 0x1C, 0xA5, 0x12, 0x9F, 0xFF, 0xA4, 0x8A,
    0xF8, 0x90, 0x10, 0x67, 0x98, 0x1D, 0xFC, 0xA4, 0x43, 0xC3, 0xB1, 0x61, 0x65, 0x02, 0x90, 0x00,
    0x2E, 0xB0, 0x28, 0xF8, 0x03, 0x29, 0x1E, 0x08, 0x95, 0x20, 0x48, 0xE3, 0xC7, 0x52, 0x7D, 0xE4,
    0x10, 0x15, 0x2C, 0x14, 0x0F, 0x85, 0x07, 0xE1, 0x79, 0x80, 0x88, 0x0A, 0x59, 0x80, 0xC5, 0xD2,
    0x3D, 0x07, 0x86, 0x7F, 0xA2, 0x50, 0x28, 0xE8, 0x06, 0x25, 0x1C, 0x00, 0xFD, 0xA3, 0x60, 0x1F,
    0xA4, 0x68, 0x05, 0x96, 0x8C, 0x80, 0x06, 0x51, 0x80, 0x06, 0x5A, 0x2E, 0x00, 0xC9, 0x80, 0xAF,
    0x4C, 0x7B, 0xF0, 0x08, 0xE5, 0x16, 0x00, 0x94, 0xA2, 0xA0, 0x16, 0xB4, 0x50, 0x04, 0x74, 0x04,
    0xAD, 0x09, 0xD3, 0x29, 0x3C, 0x0A, 0x24, 0x00, 0xBB, 0x44, 0x40, 0x45, 0xE6, 0x12, 0xF8, 0x0A,
    0x53, 0x02, 0x66, 0x22, 0x30, 0x28, 0x80, 0x06, 0x25, 0x0F, 0x03, 0xC6, 0xA1, 0xC0, 0x27, 0xB4,
    0x4E, 0x05, 0x0D, 0x70, 0xCD, 0x00, 0x51, 0x38, 0x60, 0x12, 0xFE, 0xB7, 0x5F, 0x80, 0xA7, 0x92,
    0x60, 0x13, 0x64, 0x0E, 0x34, 0x93, 0x80, 0x1F, 0x20, 0x4A, 0xEC, 0x18, 0xD1, 0xF3, 0x9F, 0x86,
    0x9A, 0x80, 0x1C, 0xF8, 0x1A, 0xAB, 0x11, 0x00, 0xEE, 0xC3, 0x9D, 0x4B, 0xB4, 0x1A, 0x01, 0xFE,
    0x89, 0xCE, 0xF2, 0xA0, 0x4C, 0xAC, 0xEC, 0x01, 0x53, 0x00, 0xAD, 0xC1, 0x01, 0x20, 0x19, 0xF9,
    0x5E, 0x1D, 0x7D, 0x26, 0x28, 0x97, 0x6F, 0xF4, 0x4A, 0x88, 0x02, 0x09, 0xA0, 0x9A, 0x54, 0x40,
    0x0F, 0x4D, 0x10, 0xD6, 0x00, 0xFC, 0x90, 0x5F, 0x89, 0x45, 0x76, 0x05, 0x03, 0x47, 0xB7, 0x40,
    0xA9, 0x49, 0x05, 0x16, 0x05, 0x45, 0x95, 0x01, 0x52, 0x61, 0x2D, 0x9D, 0xA6, 0xD6, 0x12, 0x9B,
    0x84, 0x9E, 0x75, 0xFB, 0x58, 0x48, 0xAF, 0xFE, 0x88, 0xCA, 0x2C, 0x60, 0x20, 0x95, 0xA4, 0x04,
    0xD5, 0x94, 0x5A, 0xC0, 0x5F, 0xF4, 0xC8, 0xFE, 0x06, 0x07, 0xB9, 0xA3, 0x2F, 0x80, 0x14, 0xF8,
    0x10, 0xB2, 0x00, 0xCD, 0x80, 0x53, 0xE0, 0x29, 0xEC, 0xEE, 0x60, 0x26, 0xD9, 0x50, 0x00, 0xE5,
    0x59, 0xDD, 0x40, 0xED, 0x74, 0xB0, 0x00, 0x66, 0xD1, 0x39, 0xD8, 0x13, 0xE4, 0x01, 0xBF, 0x80,
    0xC2, 0xF4, 0x49, 0x87, 0xFA, 0x27, 0x44, 0x00, 0xDD, 0xA8, 0x80, 0x1B, 0xA5, 0x10, 0x03, 0x78,
    0xA2, 0x00, 0x6F, 0xE0, 0x61, 0xD8, 0x13, 0x3E, 0x04, 0xCF, 0x81, 0x87, 0xE0, 0x14, 0xF8, 0x01,
    0xFE, 0x00, 0x7F, 0x83, 0x2E, 0xB6, 0x50, 0xA1, 0x7C, 0x3F, 0x7B, 0x06, 0x55, 0x04, 0xCB, 0x30,
    0x65, 0x64, 0x57, 0xF3, 0x06, 0x55, 0xEB, 0xE0, 0x1F, 0x95, 0x64, 0x22, 0x35, 0x6A, 0xDC, 0x82,
    0x9D, 0xF0, 0xA7, 0x7C, 0x29, 0xD7, 0x0F, 0x16, 0x42, 0x9D, 0xF0, 0xA7, 0x70, 0x09, 0x7F, 0x0E,
    0xD6, 0x80, 0x37, 0xF0, 0xAA, 0x7D, 0x45, 0x3F, 0x0D, 0x4F, 0xC0, 0x7B, 0x50, 0x40, 0xD7, 0x60,
    0x08, 0x9A, 0x80, 0x86, 0x80, 0x08, 0xC0, 0x0F, 0x7B, 0x3B, 0xDB, 0x99, 0xDE, 0x80, 0x1D, 0xCC,
    0x4A, 0x76, 0x0A, 0x49, 0x87, 0x27, 0xE0, 0x5C, 0xF8, 0x1E, 0xB1, 0x44, 0xDB, 0x86, 0x3E, 0x40,
    0x18, 0xF8, 0x71, 0x7E, 0x1C, 0x59, 0x9A, 0xAE, 0x41, 0x25, 0x94, 0x0A, 0x78, 0xD8, 0x39, 0x00,
    0xBB, 0xE0, 0x6F, 0xFA, 0x74, 0xF3, 0x44, 0xF4, 0x80, 0xBA, 0x50, 0x2A, 0x28, 0x06, 0x66, 0x0F,
    0x2F, 0x86, 0xFB, 0x41, 0x49, 0xF4, 0x80, 0x36, 0xFF, 0x0D, 0xBF, 0xC3, 0x6F, 0xF0, 0x14, 0x7C,
    0x2A, 0xBF, 0x01, 0xEF, 0xC0, 0x29, 0xF0, 0xAA, 0xFC, 0x02, 0x9F, 0x01, 0x4F, 0xC0, 0x29, 0x28,
    0x94, 0x08, 0x6F, 0xF2, 0x81, 0x41, 0x40, 0x1F, 0x58, 0x14, 0x18, 0x03, 0x1F, 0x3A, 0x65, 0x20,
    0xE0, 0x2E, 0xF4, 0x4A, 0x05, 0x08, 0x00, 0x54, 0xA1, 0x20, 0x19, 0xB4, 0x28, 0x03, 0x3F, 0x00,
    0xCD, 0x21, 0x80, 0x33, 0xF0, 0xB2, 0xE8, 0x2D, 0x29, 0x00, 0x66, 0xB0, 0xF0, 0x0C, 0xFC, 0x03,
    0x34, 0x88, 0x80, 0xCF, 0xF0, 0x28, 0x90, 0xC5, 0x28, 0x01, 0x9A, 0xC5, 0x40, 0x33, 0xF0, 0x0C,
    0xD2, 0x2E, 0x1F, 0x1A, 0xC0, 0xA3, 0x03, 0x4D, 0xA0, 0x05, 0x2B, 0x1C, 0x00, 0xA7, 0xC0, 0x0F,
    0x39, 0x0C, 0x4A, 0x45, 0x10, 0x1E, 0x55, 0x3E, 0xF2, 0x4F, 0x9C, 0x96, 0x13, 0x26, 0xFB, 0xC9,
    0xE1, 0x8D, 0xBB, 0xB4, 0x02, 0x03, 0x00, 0x48, 0x97, 0xC7, 0x95, 0xC0, 0x70, 0xCA, 0x12, 0x0D,
    0xC9, 0x42, 0xE7, 0xF0, 0xD2, 0x42, 0x68, 0x90, 0x79, 0x40, 0x57, 0xC8, 0x51, 0x6D, 0x81, 0x0A,
    0x3E, 0x1D, 0xD9, 0x10, 0xA3, 0xEE, 0xD6, 0xB8, 0x10, 0x3A, 0x07, 0xC9, 0xC0, 0x21, 0xD2, 0x28,
    0x6C, 0x12, 0x21, 0x0C, 0x87, 0xC1, 0x22, 0x50, 0x7F, 0xF4, 0x46, 0x1D, 0x23, 0x86, 0xC1, 0x62,
    0x10, 0xD8, 0x7C, 0x16, 0x24, 0x0B, 0xA9, 0x00, 0xAA, 0x92, 0x48, 0x6C, 0x1A, 0x21, 0x0E, 0x87,
    0xC1, 0xA2, 0x50, 0x92, 0x57, 0x5A, 0x4B, 0x0D, 0x83, 0xC4, 0x21, 0xF0, 0xF8, 0x3C, 0x4A, 0x14,
    0x02, 0x9E, 0xCC, 0xAC, 0x68, 0x35, 0x94, 0xFE, 0x1B, 0x21, 0x88, 0x4A, 0x61, 0xF2, 0x18, 0x94,
    0x90, 0x8A, 0x3D, 0x22, 0xFC, 0xA4, 0xE0, 0x07, 0xD8, 0x11, 0x7E, 0x99, 0x9F, 0x02, 0x16, 0xC0,
    0x80, 0xD9, 0x41, 0x7E, 0x08, 0x2F, 0x94, 0x17, 0xE5, 0x05, 0xF8, 0x20, 0x26, 0x07, 0xAF, 0x81,
    0xEB, 0x51, 0x20, 0x3D, 0x7C, 0x0F, 0x5F, 0x03, 0xD7, 0xC0, 0xBD, 0x49, 0x08, 0x1E, 0xAA, 0x50,
    0x1B, 0x4B, 0x40, 0xA9, 0xA9, 0x68, 0x15, 0x35, 0x2D, 0x02, 0xA5, 0x24, 0xA0, 0x87, 0xF4, 0x00,
    0x12, 0xBF, 0x04, 0x6F, 0xC1, 0x1B, 0xF0, 0x46, 0xFC, 0x11, 0xBF, 0x04, 0x6F, 0xC1, 0x1B, 0xF0,
    0x46, 0xFC, 0x11, 0xBF, 0x04, 0x6E, 0xC1, 0x19, 0xF0, 0x46, 0x7C, 0x11, 0x9F, 0x04, 0x67, 0xC1,
    0x19, 0x70, 0x38, 0xFC, 0x0F, 0xF9, 0x03, 0x2E, 0x20, 0x24, 0xD8, 0x9C, 0x18, 0xF1, 0xB2, 0x00,
    0x7C, 0xE0, 0xC0, 0x54, 0x98, 0xA8, 0xE6, 0x05, 0x09, 0x3F, 0x23, 0x40, 0x84, 0xB9, 0x15, 0x7B,
    0x6B, 0x00, 0xFE, 0x0B, 0x85, 0x26, 0xF2, 0x50, 0x10, 0xF8, 0x6F, 0x25, 0x01, 0x11, 0x86, 0xF2,
    0x50, 0x11, 0x36, 0x83, 0x40, 0x99, 0x67, 0xF8, 0x34, 0x11, 0x34, 0xFD, 0x83, 0x41, 0x43, 0x35,
    0xF0, 0xEE, 0x58, 0x0D, 0x32, 0x7F, 0xE7, 0xC1, 0xC5, 0xC9, 0x28, 0x7F, 0xB2, 0x08, 0x3C, 0x44,
    0x41, 0xC3, 0xF9, 0xDE, 0x28, 0x60, 0xF2, 0x02, 0xBC, 0xCE, 0xB7, 0x30, 0x2B, 0xE4, 0xEB, 0x73,
    0x02, 0xBE, 0x4E, 0xB7, 0x35, 0xE2, 0x5F, 0x30, 0x0E, 0x2F, 0x83, 0x8B, 0xE0, 0x56, 0xF8, 0x0E,
    0xE9, 0x07, 0x0F, 0x8F, 0xC3, 0xE3, 0xF0, 0x74, 0xFC, 0x1D, 0x3F, 0x07, 0x4F, 0xC3, 0xE3, 0x88,
    0xF0, 0x3A, 0x7E, 0x1F, 0x1F, 0x85, 0x8F, 0xE0, 0x45, 0x9C, 0xCA, 0xC7, 0x04, 0x9F, 0x82, 0x5A,
    0x70, 0xD9, 0x14, 0x42, 0x55, 0x0F, 0x91, 0x44, 0xA4, 0xA0, 0xF8, 0x94, 0x8E, 0x1B, 0x23, 0x88,
    0x4A, 0xE1, 0xF2, 0x38, 0x94, 0x9B, 0xFD, 0x13, 0x83, 0x49, 0xA1, 0xB2, 0x58, 0x84, 0xB6, 0x1F,
    0x25, 0x89, 0x4A, 0x00, 0x0B, 0x29, 0x4C, 0x36, 0x4D, 0x10, 0x97, 0x43, 0xE4, 0xD1, 0x29, 0x4F,
    0xFA, 0xC6, 0x0A, 0x2D, 0xC1, 0xA5, 0xA0, 0x1E, 0x94, 0xA2, 0x21, 0x30, 0x87, 0xCA, 0x22, 0x52,
    0xB0, 0x0F, 0x4A, 0x61, 0x0D, 0x94, 0xC4, 0x26, 0x30, 0xF9, 0x4C, 0x4A, 0x58, 0x01, 0x89, 0x4D,
    0x61, 0xB2, 0xB8, 0x84, 0xCE, 0x1F, 0x2B, 0x89, 0x0E, 0x5A, 0x50, 0x69, 0xD4, 0x36, 0x5B, 0x10,
    0x9A, 0xC3, 0xE5, 0xB1, 0x29, 0x80, 0x07, 0xB4, 0x0D, 0xB9, 0x41, 0xA7, 0xE0, 0x1E, 0x94, 0xBA,
    0x21, 0x36, 0x87, 0xCB, 0xA2, 0x53, 0x1F, 0xF4, 0x4A, 0x1B, 0x30, 0x88, 0x4E, 0x21, 0xF3, 0x08,
    0x94, 0xCF, 0xFD, 0x13, 0x86, 0xCC, 0xA2, 0x13, 0xA8, 0x7C, 0xCA, 0x25, 0x35, 0x00, 0x24, 0xA6,
    0xB1, 0x09, 0xEC, 0x3E, 0x6B, 0x12, 0x9C, 0x00, 0x6F, 0x40, 0x77, 0x90, 0x06, 0xA5, 0x37, 0x88,
    0x4F, 0xE1, 0xF3, 0x78, 0x94, 0xE8, 0x03, 0x52, 0x9D, 0x43, 0xE7, 0x51, 0x29, 0xE8, 0x05, 0x25,
    0x3C, 0x87, 0xCF, 0x0C, 0xFF, 0x28, 0x9C, 0x36, 0x7F, 0x0F, 0x9F, 0x80, 0x5B, 0xD9, 0xF0, 0xAC,
    0xE8, 0x07, 0x52, 0xFF, 0x53, 0x96, 0x55, 0x80, 0x30, 0x4B, 0xFD, 0x4F, 0x00, 0x36, 0x01, 0x11,
    0x20, 0x0A, 0xD8, 0x61, 0x3A, 0x0B, 0x6E, 0x56, 0x55, 0x7F, 0xF4, 0x00, 0x22, 0x37, 0x17, 0xFF,
    0xC3, 0xDD, 0xF0, 0x85, 0xFC, 0x21, 0x7F, 0x0F, 0x77, 0xC3, 0xDD, 0xF0, 0x82, 0x7C, 0x20, 0x9F,
    0x08, 0x25, 0x43, 0xD1, 0x31, 0x2D, 0xFC, 0x1F, 0xFF, 0x00, 0x3E, 0x44, 0xBB, 0xF7, 0x81, 0xE4,
    0x4B, 0xBF, 0x12, 0xEF, 0xC0, 0xDD, 0xF0, 0x37, 0x7C, 0x0D, 0xDF, 0x0B, 0xA7, 0xC0, 0xDF, 0xF0,
    0x37, 0xFC, 0x0D, 0xFF, 0x03, 0x7E, 0xC5, 0xCB, 0xF1, 0x72, 0xFC, 0x5C, 0xBF, 0x17, 0x2F, 0xC1,
    0x13, 0xD0, 0x40, 0xFC, 0x10, 0x3F, 0x04, 0x0F, 0xC1, 0x03, 0xF0, 0x40, 0xFC, 0x10, 0x3F, 0x04,
    0x0F, 0xC1, 0xE1, 0xF0, 0x40, 0x7C, 0x10, 0x1F, 0x04, 0x07, 0xC1, 0xE1, 0xF0, 0x78, 0x7C, 0x1E,
    0x1F, 0x16, 0x4F, 0xE7, 0x76, 0x33, 0x8F, 0xCA, 0x4C, 0x06, 0xFA, 0x8B, 0x23, 0xE2, 0xC8, 0xF8,
    0x1C, 0xBE, 0xF7, 0xBF, 0xB1, 0xBB, 0xE5, 0x3A, 0xF8, 0x14, 0xB8, 0x53, 0x7E, 0x92, 0xB7, 0xF0,
    0x19, 0xE4, 0x94, 0x09, 0x36, 0x15, 0xD7, 0xC5, 0x75, 0xF0, 0x24, 0xFC, 0x17, 0x9F, 0x05, 0xE7,
    0xC1, 0x79, 0xF0, 0x5E, 0x7C, 0x17, 0x9F, 0x05, 0xE7, 0xC1, 0x79, 0x89, 0x0F, 0x82, 0x45, 0xC0,
    0x28, 0xBD, 0x35, 0x12, 0x4F, 0xB4, 0x96, 0xB1, 0x26, 0xFC, 0x49, 0xE1, 0x12, 0x8C, 0x08, 0x83,
    0x65, 0x25, 0x15, 0xD5, 0x55, 0x3D, 0x55, 0x4E, 0xDE, 0xF3, 0x00, 0x54, 0xEF, 0x53, 0x57, 0xF4,
    0xD5, 0xCC, 0x11, 0xD2, 0x03, 0x84, 0xA1, 0xE8, 0xD4, 0x98, 0x55, 0xA9, 0x06, 0x80, 0x83, 0x8B,
    0x23, 0xB6, 0x90, 0x38, 0xE9, 0x06, 0x61, 0x65, 0x80, 0x7D, 0x2E, 0x7C, 0x8B, 0xC0, 0x03, 0xE9,
    0x7F, 0xE4, 0x7F, 0x09, 0x27, 0xDE, 0x4B, 0x84, 0x93, 0x7D, 0x24, 0xF0, 0xE6, 0x5E, 0x52, 0x5B,
    0x02, 0xE0, 0x0B, 0x76, 0xD0, 0x45, 0x34, 0x7D, 0x4D, 0x1F, 0x53, 0x47, 0xD4, 0xD1, 0x7F, 0xF4,
    0x94, 0x7C, 0xB2, 0x93, 0xC1, 0xA0, 0xC0, 0x01, 0x94, 0x1F, 0xFD, 0x27, 0x01, 0x8C, 0xC4, 0xF3,
    0x49, 0x08, 0x0B, 0x27, 0x06, 0x84, 0x28, 0x4F, 0xEA, 0x13, 0xF8, 0x19, 0xF3, 0xFE, 0x88, 0xC1,
    0xA1, 0x20, 0x21, 0x94, 0x28, 0x00, 0x32, 0x85, 0x8B, 0xCE, 0x46, 0x39, 0x90, 0x09, 0x68, 0x05,
    0x2C, 0x41, 0xA1, 0xAB, 0xA3, 0xF8, 0x12, 0x7E, 0x04, 0x9D, 0x44, 0x60, 0xD0, 0xE0, 0x11, 0xCA,
    0x1E, 0x02, 0x39, 0x44, 0x00, 0x07, 0x28, 0x88, 0x00, 0xE4, 0x5F, 0xC9, 0x03, 0x03, 0xE0, 0xC0,
    0xD8, 0xB3, 0xB3, 0x06, 0x89, 0xAD, 0x93, 0xEB, 0x64, 0xF8, 0x18, 0x3E, 0x06, 0x0D, 0x45, 0x02,
    0x07, 0x52, 0x38, 0xDA, 0x2A, 0x11, 0xDF, 0xC1, 0x92, 0xB7, 0x28, 0x34, 0x5C, 0x90, 0x96, 0x31,
    0x84, 0x80, 0x25, 0x44, 0xBE, 0x48, 0x19, 0xDF, 0x06, 0x77, 0x60, 0xD1, 0xA0, 0x66, 0xFC, 0x19,
    0xBF, 0x04, 0x1F, 0xC1, 0x07, 0xA8, 0xD8, 0x0D, 0xAD, 0x1C, 0x01, 0xB5, 0x93, 0x81, 0x21, 0xF8,
    0xCC, 0x08, 0x72, 0x8F, 0x80, 0x32, 0xC9, 0x71, 0x90, 0x03, 0x28, 0xEF, 0xC9, 0x03, 0x7B, 0xA1,
    0xB4, 0xEC, 0x1A, 0x46, 0x0E, 0x5F, 0x82, 0x13, 0xE0, 0x84, 0xE4, 0x94, 0x05, 0xD6, 0x1F, 0xF4,
    0x80, 0x5D, 0x41, 0xFE, 0x48, 0x10, 0xBE, 0x94, 0x8F, 0xCA, 0x52, 0xB0, 0x09, 0x5A, 0x5A, 0x01,
    0x2B, 0x0F, 0xC2, 0x40, 0x41, 0x98, 0x10, 0x3E, 0x04, 0x0B, 0x4C, 0x15, 0xBF, 0xF5, 0x6F, 0xFD,
    0x5B, 0xF7, 0x01, 0xFC, 0xA6, 0x40, 0x2C, 0xB0, 0xFF, 0x24, 0x02, 0xCA, 0x4D, 0xC0, 0x7F, 0xF8,
    0x30, 0xFE, 0x25, 0x06, 0x9E, 0x00, 0x4A, 0xC3, 0xF6, 0x90, 0x64, 0xEC, 0x11, 0x1F, 0x84, 0x47,
    0x80, 0x1F, 0x95, 0x5E, 0x67, 0x01, 0x99, 0xCB, 0x40, 0x8D, 0x39, 0xA4, 0x4A, 0x6B, 0x10, 0x82,
    0xCF, 0xE6, 0xDF, 0x79, 0xBF, 0xCE, 0x71, 0x09, 0x9C, 0xFD, 0xEE, 0xB0, 0x09, 0xD4, 0x31, 0x40,
    0x78, 0x80, 0x4F, 0x62, 0x53, 0xE8, 0x80, 0x48, 0x29, 0xF7, 0xA0, 0x7C, 0xE8, 0x30, 0x9A, 0x17,
    0xDE, 0x87, 0x0C, 0x3F, 0xAC, 0x8F, 0xED, 0x20, 0x90, 0x4E, 0x15, 0xFF, 0xA3, 0x78, 0x28, 0xFC,
    0x0A, 0x46, 0xA2, 0x93, 0xF6, 0xA5, 0x56, 0x29, 0x7F, 0x8B, 0xB4, 0x02, 0x99, 0x08, 0xA6, 0xE0,
    0x56, 0x53, 0x48, 0x04, 0x3E, 0x01, 0x4F, 0xF0, 0x54, 0x38, 0x11, 0x19, 0xFD, 0x47, 0x51, 0x52,
    0xFB, 0x54, 0xEB, 0x15, 0x4F, 0xC5, 0x56, 0x11, 0x56, 0xC0, 0xAC, 0xC2, 0x90, 0x08, 0x8C, 0x01,
    0x58, 0xD2, 0x3A, 0x0D, 0x50, 0x65, 0x59, 0x69, 0x85, 0x35, 0x00, 0x14, 0x74, 0x80, 0x1B, 0x80,
    0x92, 0x7C, 0x24, 0x92, 0xD8, 0x04, 0x92, 0xE0, 0x5F, 0xD0, 0xE8, 0xA9, 0x46, 0xE7, 0xD1, 0xFC,
    0x02, 0x92, 0x97, 0xFE, 0x91, 0xF0, 0xA4, 0xFD, 0xE9, 0x58, 0x4A, 0x5F, 0xD2, 0x99, 0x0E, 0xA6,
    0xEC, 0x07, 0x0D, 0x4E, 0x00, 0x11, 0x25, 0xCF, 0xA8, 0x78, 0x05, 0x33, 0x2F, 0xFD, 0x47, 0xE1,
    0x52, 0xFB, 0xD4, 0xF0, 0x95, 0x4F, 0xA5, 0x56, 0x1D, 0x56, 0xD8, 0x0E, 0x3A, 0x9C, 0x00, 0x22,
    0xCA, 0x4A, 0x04, 0x5F, 0x81, 0x17, 0x35, 0x88, 0x95, 0x66, 0x21, 0x5A, 0xFB, 0xD6, 0xFE, 0x75,
    0xC8, 0x4D, 0x77, 0xEF, 0x78, 0x80, 0x57, 0xA1, 0x95, 0xF8, 0x15, 0x82, 0x05, 0x60, 0x97, 0x43,
    0x21, 0x90, 0xB0, 0x29, 0x74, 0x16, 0x5F, 0x05, 0x97, 0xC1, 0x65, 0x80, 0x16, 0xED, 0x0E, 0xF3,
    0x01, 0x35, 0xC1, 0x43, 0x31, 0x78, 0x4C, 0x14, 0x77, 0x05, 0x17, 0xC5, 0xEF, 0x30, 0x51, 0xFC,
    0x14, 0x7F, 0x02, 0xEC, 0xC5, 0x27, 0x20, 0x4E, 0xFC, 0x13, 0xBF, 0x04, 0xEF, 0xD9, 0x0B, 0x71,
    0xC2, 0x4D, 0x54, 0x93, 0x49, 0x95, 0x28, 0x9B, 0x00, 0xE3, 0xD0, 0x1D, 0xF2, 0x02, 0x97, 0x01,
    0x61, 0xF0, 0x58, 0x7C, 0x16, 0x1F, 0x05, 0x85, 0xC1, 0xED, 0xF0, 0x41, 0x4C, 0x06, 0xD6, 0x01,
    0x7E, 0xC1, 0x53, 0xF0, 0x54, 0xFC, 0x15, 0x3F, 0x05, 0x4D, 0x41, 0xF9, 0x20, 0x4F, 0x7C, 0x13,
    0xDF, 0x04, 0xF7, 0xC1, 0x3D, 0x70, 0x7E, 0x7C, 0x09, 0x77, 0x88, 0x81, 0x2E, 0xAD, 0x65, 0xB0,
    0x13, 0x3E, 0x0A, 0xBF, 0x82, 0xAF, 0xE0, 0xAB, 0xE0, 0x09, 0xF6, 0x02, 0x6B, 0x82, 0x8F, 0xE0,
    0xA3, 0xF8, 0x28, 0xFE, 0x0A, 0x3F, 0x83, 0xDB, 0xE0, 0x97, 0xF8, 0x25, 0xFE, 0x06, 0xDE, 0x48,
    0x40, 0x8B, 0xA8, 0xD0, 0x4F, 0x3E, 0x09, 0xDF, 0x82, 0x77, 0xE1, 0x3C, 0xF8, 0x27, 0x7E, 0x02,
    0xFF, 0x82, 0x73, 0xE0, 0x9C, 0xF8, 0x27, 0x3A, 0x28, 0xCB, 0x82, 0x3F, 0xE0, 0x8F, 0xF8, 0x23,
    0xFE, 0x1E, 0x4D, 0x27, 0xAF, 0x80, 0x49, 0xC4, 0xC8, 0x09, 0x3A, 0x90, 0x81, 0x26, 0x89, 0x7B,
    0xC8, 0x26, 0xFE, 0x13, 0x3F, 0xAB, 0x8B, 0xA0, 0x26, 0xF8, 0x09, 0xA4, 0x0A, 0x0F, 0x82, 0x83,
    0xE0, 0xA0, 0xF8, 0x28, 0x34, 0xA4, 0x2F, 0x81, 0x2B, 0x20, 0x94, 0xF8, 0x4C, 0x7E, 0x56, 0x2E,
    0x01, 0x2A, 0x93, 0xC0, 0x25, 0x6A, 0x64, 0x13, 0x1F, 0x82, 0x87, 0xE0, 0xA1, 0xF8, 0x4C, 0x78,
    0x0A, 0x1F, 0x80, 0xBF, 0xE0, 0x2F, 0xA0, 0x28, 0x7E, 0x0A, 0x1F, 0x82, 0x87, 0xE6, 0x75, 0xB8,
    0x25, 0xBE, 0x09, 0x6F, 0x82, 0x5B, 0xE1, 0xD5, 0xD0, 0x12, 0xF8, 0x04, 0x5C, 0x4F, 0x00, 0x8B,
    0xE0, 0x4E, 0x7C, 0x13, 0x9F, 0x04, 0xE6, 0x00, 0x41, 0xB0, 0x4B, 0x7C, 0x12, 0xDF, 0x04, 0xB7,
    0xC1, 0x2D, 0xF0, 0x70, 0xFC, 0x11, 0x5F, 0x04, 0x57, 0xC1, 0x15, 0xF0, 0x45, 0x7C, 0x11, 0x5F,
    0x04, 0x57, 0xC1, 0x15, 0xF0, 0x1F, 0xFC, 0x10, 0x9F, 0x04, 0x27, 0xC1, 0x09, 0xD0, 0x3F, 0x7C,
    0x0F, 0xDF, 0x03, 0xF7, 0xC3, 0x6F, 0xF0, 0x1F, 0x7C, 0x0F, 0xDF, 0x03, 0xF7, 0xC0, 0xFD, 0xD0,
    0x3E, 0xFC, 0x0F, 0xBF, 0x03, 0xEF, 0xC0, 0xFB, 0xF0, 0x1F, 0x7D, 0x2C, 0xFA, 0x13, 0xF5, 0x40,
    0x1B, 0x29, 0xA5, 0x8A, 0x6B, 0x22, 0x0B, 0x24, 0xE6, 0xDF, 0x39, 0xBD, 0xD2, 0x71, 0x38, 0x9C,
    0xCD, 0x6C, 0x30, 0x39, 0xD4, 0x24, 0xD6, 0x74, 0x2A, 0xDC, 0xA0, 0xB0, 0xB7, 0xC1, 0xE0, 0x07,
    0x12, 0x7C, 0x1E, 0x00, 0x61, 0xF0, 0x18, 0x4E, 0x00,
};

#endif
