/* Auto-generated by tools/dro2hdr --hs=13l4 from C:\silixcon-devel\opl\songs\Thunder_Force_IV_Stand_Up_Against_Myself_Staff_Roll.dro.
 * heatshrink-packed (codemap + opcode stream).
 * Register writes : 32909
 * Total length    : 79816 ms (79.8 s)
 * Plain payload   : 65925 bytes (codemap=107 + stream=65818)
 * Packed size     : 21077 bytes (32.0%)
 * Decoder RAM     : 8192 bytes (window) + ~40 bytes state
 * Do not edit.
 */
#ifndef thunder_force_iv_stand_up_against_myself_staff_roll_H
#define thunder_force_iv_stand_up_against_myself_staff_roll_H

#include "opl_song_hs.h"

static const uint8_t thunder_force_iv_stand_up_against_myself_staff_roll_hs_data[];   /* defined below */

static const opl_song_hs thunder_force_iv_stand_up_against_myself_staff_roll = {
    .hs_data      = thunder_force_iv_stand_up_against_myself_staff_roll_hs_data,
    .hs_len       = 21077u,
    .total_ms     = 79816u,
    .codemap_len  = 107,
    .short_code   = 0xFE,
    .long_code    = 0xFF,
    .hs_window    = 13,
    .hs_lookahead = 4,
};

static const uint8_t thunder_force_iv_stand_up_against_myself_staff_roll_hs_data[] = {
    0x82, 0xC8, 0x28, 0x16, 0x0C, 0x07, 0x82, 0x47, 0x43, 0xB1, 0xE0, 0xF8, 0x12, 0x1B, 0x0E, 0x06,
    0x49, 0x44, 0xB2, 0x61, 0x38, 0x32, 0x2B, 0x16, 0x0A, 0x4B, 0x45, 0xB2, 0xE1, 0x7C, 0xBC, 0x29,
    0x45, 0x22, 0xD1, 0x88, 0x95, 0xD2, 0xED, 0x78, 0xBF, 0x5F, 0x0E, 0x53, 0x49, 0xB4, 0xE2, 0x65,
    0x94, 0xCB, 0x66, 0x33, 0x89, 0x6A, 0xC5, 0x5B, 0x71, 0xBC, 0x5D, 0x06, 0xC3, 0x43, 0xB1, 0xD1,
    0x6C, 0xB4, 0x7B, 0x3D, 0x26, 0xD3, 0x4B, 0xB5, 0xA6, 0xCC, 0x2A, 0x17, 0x0C, 0x84, 0xCE, 0xA7,
    0x73, 0xC9, 0xFC, 0xF8, 0xDA, 0x6D, 0xB4, 0xAA, 0x95, 0xEA, 0x96, 0xCC, 0x6A, 0x37, 0x1C, 0x8C,
    0xD2, 0xA9, 0x74, 0xCA, 0x7D, 0x38, 0xFA, 0x7D, 0xBC, 0xCA, 0xA5, 0x72, 0xC9, 0x4D, 0x6A, 0xB7,
    0x5C, 0xAF, 0xD7, 0x91, 0xA8, 0xDC, 0x7A, 0x3E, 0x18, 0x08, 0x0C, 0x06, 0x43, 0x02, 0x83, 0xC0,
    0xFF, 0x10, 0x4A, 0xBC, 0x16, 0x0B, 0x06, 0x90, 0xC1, 0xE0, 0x90, 0x8F, 0x94, 0x26, 0x2F, 0x0A,
    0x83, 0x42, 0xE4, 0x10, 0xCC, 0x1C, 0x36, 0x2D, 0x0E, 0x90, 0xC3, 0xE0, 0x91, 0x0D, 0x04, 0x46,
    0x0D, 0x12, 0x85, 0x44, 0xE4, 0x11, 0x4B, 0x8C, 0x56, 0x2D, 0x16, 0x90, 0xC5, 0xE0, 0x71, 0x8D,
    0x04, 0x66, 0x0D, 0x1A, 0x82, 0x46, 0xE1, 0x51, 0xCB, 0x0C, 0x76, 0x19, 0x1E, 0xFB, 0xC7, 0xE4,
    0xF2, 0x09, 0x0C, 0x86, 0x09, 0x22, 0xF9, 0x48, 0xE2, 0xF2, 0x48, 0x24, 0x96, 0x11, 0x26, 0x97,
    0xC9, 0xE1, 0x52, 0x8F, 0x84, 0xA6, 0x1F, 0x2A, 0x90, 0x4A, 0xE0, 0x52, 0xCF, 0xA4, 0xB7, 0xFF,
    0x2E, 0x87, 0x4B, 0xF7, 0xF3, 0x08, 0x64, 0xC7, 0xE5, 0x32, 0xFF, 0xCC, 0xE0, 0xD3, 0x48, 0x2C,
    0xD6, 0x55, 0x0A, 0x9B, 0x4D, 0xA0, 0x53, 0x79, 0x74, 0x4A, 0x35, 0x38, 0x83, 0xCE, 0x65, 0xD1,
    0xB9, 0x54, 0xEA, 0x0B, 0x3B, 0x99, 0xC8, 0x60, 0xD2, 0x59, 0xC4, 0xF3, 0x65, 0x3D, 0x97, 0x4B,
    0xA7, 0xD3, 0xED, 0xA4, 0xFE, 0x5D, 0x33, 0x9B, 0x7F, 0xA1, 0xF3, 0xEB, 0xD0, 0x00, 0x65, 0x46,
    0x00, 0x0C, 0xA2, 0xA0, 0x01, 0x97, 0x4A, 0x7F, 0x2B, 0x00, 0x14, 0xB0, 0x3F, 0xE8, 0xF4, 0xFA,
    0x6E, 0x00, 0x39, 0x7C, 0xA7, 0xF2, 0xA0, 0x01, 0x4B, 0x68, 0x01, 0x1A, 0xCE, 0xE2, 0x60, 0x12,
    0x9C, 0xD6, 0x15, 0x07, 0x9F, 0xC1, 0xE0, 0x90, 0xA8, 0x34, 0xDE, 0x1D, 0x0F, 0x9F, 0xC3, 0xE0,
    0x91, 0x28, 0x54, 0xE6, 0x1D, 0x17, 0x9F, 0xC5, 0xE0, 0x71, 0xB8, 0x54, 0x86, 0x7F, 0x21, 0x02,
    0x3C, 0xA7, 0xB0, 0xE9, 0x5C, 0xFE, 0x57, 0x02, 0x97, 0x43, 0xA7, 0xF0, 0xAA, 0x04, 0xFE, 0x81,
    0x00, 0x99, 0xC1, 0x80, 0x81, 0x30, 0x1F, 0xCC, 0x07, 0xD4, 0x82, 0x4E, 0xE6, 0x40, 0x3E, 0x98,
    0x0F, 0x7E, 0x03, 0xDF, 0xFF, 0xA1, 0xF4, 0x1B, 0x0D, 0x0A, 0x19, 0x43, 0xFB, 0xD1, 0x24, 0xF4,
    0x59, 0x0D, 0x1A, 0x09, 0x47, 0xF9, 0x52, 0x22, 0xF4, 0x98, 0x25, 0x2A, 0x11, 0x4B, 0x84, 0xD3,
    0x26, 0x74, 0x68, 0x65, 0x2A, 0x70, 0x01, 0x09, 0x01, 0x33, 0xF0, 0xF9, 0xDC, 0x48, 0x09, 0x95,
    0x9B, 0xC3, 0xA7, 0x30, 0xE0, 0x21, 0xD6, 0x75, 0x65, 0x01, 0xAD, 0x40, 0x59, 0x6E, 0x9C, 0xFE,
    0x4E, 0x02, 0xCA, 0x80, 0x76, 0x74, 0xC8, 0x98, 0x07, 0xA5, 0x26, 0xFF, 0x43, 0xE8, 0xD3, 0xFA,
    0x30, 0x0A, 0xE7, 0x07, 0xA6, 0x4C, 0x80, 0x57, 0x60, 0x13, 0x58, 0x08, 0xF7, 0x01, 0x54, 0xBA,
    0x73, 0xF9, 0x1F, 0xFA, 0x1E, 0x02, 0x8B, 0x01, 0x7A, 0xC0, 0x23, 0xCC, 0xFB, 0xE7, 0x3F, 0x91,
    0x00, 0x6A, 0xB4, 0xC8, 0x94, 0xFA, 0xF6, 0x02, 0x7C, 0x5A, 0x40, 0x4F, 0x80, 0x11, 0xCE, 0x2C,
    0x00, 0x19, 0x7A, 0xA7, 0xF2, 0x10, 0x01, 0x4B, 0x82, 0x02, 0x8A, 0x67, 0x00, 0x4F, 0x80, 0x62,
    0xD8, 0x01, 0x92, 0xBC, 0x80, 0x06, 0x55, 0xA0, 0x00, 0xCA, 0x7A, 0x00, 0x19, 0x00, 0xDE, 0x40,
    0x26, 0x94, 0x2C, 0x09, 0xDF, 0x00, 0x64, 0xBE, 0x93, 0xF9, 0x00, 0x00, 0xA5, 0xE0, 0x00, 0x0C,
    0xB9, 0xA0, 0x01, 0x96, 0xF0, 0x18, 0xF4, 0xD6, 0x01, 0x3B, 0xE0, 0x0C, 0x96, 0x78, 0x00, 0x32,
    0xC8, 0x00, 0x06, 0x58, 0x50, 0x16, 0x54, 0x04, 0xD2, 0xB8, 0x00, 0x9B, 0x00, 0xA1, 0xCD, 0x98,
    0x00, 0x32, 0xAF, 0x00, 0x06, 0x55, 0x60, 0x00, 0xCA, 0x9E, 0x04, 0xCA, 0x52, 0x00, 0x4B, 0x80,
    0x4E, 0xE6, 0x84, 0x04, 0xAB, 0x01, 0xDA, 0x73, 0x30, 0x4E, 0x52, 0x5E, 0x04, 0xCF, 0x80, 0x32,
    0x40, 0xDA, 0x9C, 0xA0, 0x00, 0x32, 0x92, 0x00, 0x06, 0x40, 0x74, 0x90, 0x09, 0x65, 0x1E, 0x02,
    0x5F, 0xC0, 0x19, 0x28, 0xE0, 0x00, 0x65, 0x1A, 0x00, 0x0C, 0xA3, 0x00, 0x8A, 0xA8, 0x12, 0xE5,
    0x14, 0x04, 0xCF, 0xC0, 0x19, 0x28, 0x90, 0x00, 0x65, 0x11, 0x00, 0x0C, 0xA2, 0x00, 0x01, 0x94,
    0x3C, 0x04, 0xB4, 0x86, 0x82, 0x63, 0xE0, 0x0C, 0x94, 0x30, 0x00, 0x32, 0x85, 0x85, 0x46, 0x50,
    0xA0, 0x11, 0xD2, 0x12, 0x04, 0x9F, 0x80, 0x32, 0x50, 0x80, 0x08, 0x4A, 0x0F, 0xFE, 0x8F, 0x02,
    0x46, 0x50, 0x60, 0x22, 0xFC, 0x01, 0x92, 0x82, 0x80, 0x42, 0x50, 0x40, 0x01, 0xCA, 0x06, 0x01,
    0xF9, 0x82, 0x3B, 0xE0, 0x0B, 0x94, 0x08, 0x00, 0x32, 0x80, 0xFF, 0xA5, 0xD3, 0xB0, 0x06, 0xC8,
    0x11, 0x3E, 0xA6, 0xD3, 0x22, 0x60, 0x36, 0xFF, 0xFA, 0x9A, 0x01, 0x3D, 0x00, 0xC6, 0xF4, 0xD0,
    0x15, 0xE8, 0x0D, 0xD7, 0x00, 0x9E, 0xC0, 0xCB, 0x70, 0x09, 0xEC, 0x04, 0xF9, 0x01, 0x8C, 0x80,
    0x4F, 0xF0, 0x29, 0xFC, 0x04, 0xFE, 0x02, 0x7F, 0xC0, 0x9F, 0xF0, 0x13, 0xFC, 0x09, 0xFF, 0x00,
    0x9E, 0x03, 0xDD, 0x50, 0xF6, 0xD4, 0x3D, 0x9F, 0x0F, 0x65, 0x20, 0x01, 0xEC, 0xAC, 0xD2, 0x69,
    0x35, 0x93, 0x88, 0xBA, 0x53, 0x19, 0xBC, 0xAC, 0x45, 0xD2, 0x9C, 0x4E, 0x65, 0x62, 0x2E, 0xC8,
    0x7B, 0xFE, 0x1E, 0xFE, 0x83, 0x5E, 0x41, 0x9F, 0x90, 0x48, 0x7E, 0x1E, 0x9F, 0x88, 0xDB, 0x10,
    0x71, 0x1B, 0x5A, 0x16, 0x23, 0x6B, 0x42, 0xC0, 0x93, 0xF1, 0x1B, 0x70, 0x09, 0x12, 0x02, 0x3C,
    0xC0, 0x8D, 0x41, 0x1B, 0x7C, 0x08, 0xDF, 0x02, 0x37, 0xC4, 0x61, 0xF1, 0x18, 0x7C, 0x08, 0xD4,
    0x9B, 0xC2, 0xE7, 0x30, 0xB0, 0xC9, 0x7C, 0x46, 0x1F, 0x11, 0x87, 0xC4, 0x61, 0xF1, 0x18, 0x7C,
    0x19, 0xBF, 0x11, 0x87, 0xC4, 0x61, 0xF1, 0x18, 0x7C, 0x46, 0x1F, 0x09, 0x8F, 0xC4, 0x61, 0xF1,
    0x18, 0x7C, 0x46, 0x1F, 0x11, 0x87, 0xC0, 0x9D, 0xF1, 0x18, 0x7C, 0x46, 0x1F, 0x11, 0x87, 0xC4,
    0x61, 0xF1, 0x18, 0x7C, 0x46, 0x1F, 0x02, 0x67, 0xC4, 0x61, 0xF1, 0x18, 0x7C, 0x46, 0x1F, 0x11,
    0x87, 0xC4, 0x61, 0xF1, 0x18, 0x7C, 0x46, 0x1F, 0x11, 0x87, 0xC4, 0x61, 0xF1, 0x18, 0x7C, 0x46,
    0x1F, 0x11, 0x87, 0xC3, 0xB9, 0xF1, 0x18, 0x7C, 0x3C, 0x1F, 0x0F, 0x07, 0xC3, 0xC1, 0xF0, 0xF0,
    0x7C, 0x3C, 0x1F, 0x11, 0x87, 0xC4, 0x61, 0xF1, 0x18, 0x7C, 0x04, 0xFF, 0x11, 0x87, 0xC4, 0x11,
    0xF0, 0xDF, 0x7C, 0x41, 0x13, 0xA6, 0xC0, 0x69, 0xD0, 0x99, 0x7F, 0xE6, 0x61, 0x05, 0xA7, 0xC0,
    0xEA, 0x10, 0x1A, 0x04, 0x02, 0x63, 0xF1, 0x99, 0x51, 0x66, 0x70, 0xE9, 0xA6, 0x60, 0x42, 0x14,
    0xCA, 0x08, 0x42, 0x99, 0xD0, 0xE4, 0xD0, 0x0E, 0x36, 0x0E, 0x4D, 0x21, 0x13, 0xF9, 0x7C, 0xCC,
    0x1C, 0x52, 0x9F, 0x72, 0x27, 0xF2, 0xE0, 0x01, 0x4B, 0x1A, 0x00, 0x19, 0x55, 0xC0, 0x03, 0x29,
    0x28, 0x40, 0x69, 0xEF, 0x0E, 0x6C, 0xC2, 0x05, 0xF9, 0xF6, 0x6C, 0x24, 0x95, 0x05, 0xE5, 0x39,
    0x01, 0xCE, 0x98, 0x37, 0x64, 0x01, 0xB9, 0x02, 0xF7, 0xE0, 0x23, 0xB8, 0x08, 0xA4, 0x1C, 0x99,
    0x86, 0x1E, 0x40, 0xE0, 0x90, 0x06, 0xE4, 0x10, 0x4F, 0x83, 0xAA, 0x73, 0xEE, 0x48, 0x74, 0xE7,
    0x3E, 0xC7, 0x00, 0x6A, 0xA0, 0x27, 0x90, 0x01, 0xA4, 0x23, 0x9F, 0x88, 0xE7, 0xE0, 0x7A, 0xB4,
    0x18, 0x0F, 0x52, 0x80, 0x53, 0xA0, 0x04, 0xB7, 0x9D, 0x3E, 0x01, 0x50, 0x80, 0x01, 0xEA, 0x44,
    0xBA, 0xF9, 0x2E, 0xBC, 0x24, 0x4F, 0x89, 0x13, 0xE2, 0x8B, 0xF8, 0x91, 0x3E, 0x4C, 0x2F, 0x93,
    0x0B, 0xE0, 0x51, 0xF9, 0x30, 0xBE, 0x4C, 0x2F, 0x81, 0x1B, 0xE0, 0x46, 0xF8, 0x41, 0xBE, 0x04,
    0x6F, 0x92, 0xF3, 0xE0, 0x3D, 0xA8, 0x0E, 0x6E, 0x0F, 0x5B, 0x80, 0xC7, 0xE0, 0x31, 0xD4, 0x4C,
    0x0F, 0x1F, 0x01, 0x8F, 0xC0, 0x63, 0xB0, 0x79, 0x7C, 0x57, 0x5F, 0x02, 0xCD, 0x05, 0x75, 0xB0,
    0x79, 0xE4, 0x57, 0x5F, 0x15, 0xD7, 0x43, 0xF3, 0x91, 0x5D, 0x7C, 0x57, 0x5D, 0x02, 0x86, 0x45,
    0x75, 0xF0, 0x64, 0xCC, 0x57, 0x59, 0x02, 0x86, 0x45, 0x75, 0xF1, 0x5D, 0x6C, 0x15, 0x39, 0x15,
    0xD7, 0xC0, 0x9F, 0x31, 0x5D, 0x60, 0x1C, 0x93, 0x93, 0xC0, 0x25, 0x1F, 0x19, 0x4C, 0xFE, 0x57,
    0x03, 0x96, 0x7D, 0x65, 0xD0, 0xC1, 0xDF, 0x5C, 0x34, 0x9A, 0x9E, 0x02, 0xC3, 0xE0, 0xB0, 0xF8,
    0x17, 0xFE, 0x0B, 0x0F, 0x82, 0xC3, 0xE0, 0xB0, 0xF8, 0x2C, 0x3E, 0x0B, 0x0F, 0x82, 0xC3, 0xE0,
    0xB0, 0xF8, 0x2C, 0x3E, 0x0B, 0x0F, 0x81, 0x43, 0xE0, 0xB0, 0xF8, 0x2C, 0x3E, 0x0B, 0x0F, 0x82,
    0xC3, 0xE0, 0xB0, 0xF8, 0x2C, 0x3E, 0x0B, 0x0F, 0x86, 0x56, 0x50, 0x30, 0x56, 0x7C, 0x15, 0x9F,
    0x05, 0x67, 0xC1, 0x59, 0xF0, 0x56, 0x7C, 0x15, 0x9F, 0x05, 0x67, 0xC1, 0x59, 0xF0, 0x56, 0x7C,
    0x15, 0x9F, 0x05, 0x67, 0xC1, 0x59, 0xF0, 0x56, 0x7C, 0x15, 0x9F, 0x05, 0x67, 0xC1, 0x59, 0xF0,
    0x28, 0x7C, 0x15, 0x9F, 0x05, 0x67, 0xC1, 0x59, 0xF0, 0x56, 0x7C, 0x15, 0x9F, 0x05, 0x67, 0xC1,
    0x59, 0xF0, 0x56, 0x7C, 0x0B, 0x7F, 0x05, 0x67, 0xC1, 0x59, 0x71, 0xA6, 0xFC, 0x50, 0x1B, 0x3C,
    0x65, 0x4F, 0x17, 0x31, 0x42, 0x64, 0xAB, 0x5F, 0x14, 0x3F, 0xC0, 0x95, 0xF1, 0x43, 0xFC, 0x19,
    0xDE, 0x02, 0x57, 0xC1, 0xEF, 0xD0, 0x67, 0x64, 0x1E, 0xFF, 0x07, 0xBF, 0xCA, 0x21, 0xF0, 0x7B,
    0xE6, 0x26, 0x51, 0x0F, 0x83, 0xDF, 0xE0, 0xF7, 0xF8, 0x34, 0x3C, 0x0F, 0x7F, 0x94, 0x43, 0x93,
    0xF8, 0x08, 0xF7, 0x3E, 0x3D, 0xCA, 0x8B, 0x77, 0x10, 0x69, 0xFC, 0xCA, 0x66, 0x3C, 0xE9, 0xED,
    0xA7, 0xE4, 0xCA, 0x94, 0xFA, 0xD0, 0x00, 0x19, 0x47, 0xC0, 0x03, 0x2E, 0xE8, 0xF6, 0x26, 0x0D,
    0x39, 0x68, 0x00, 0x6F, 0x79, 0xFC, 0x38, 0x15, 0xD4, 0x87, 0x01, 0x8E, 0xE0, 0x1B, 0xF8, 0x06,
    0xF6, 0x03, 0xF9, 0x00, 0x6E, 0x40, 0x67, 0xF8, 0x04, 0x69, 0x35, 0x00, 0x0C, 0x89, 0x4B, 0x20,
    0x0D, 0x48, 0x17, 0x15, 0x00, 0x4C, 0x80, 0x5F, 0x68, 0x58, 0x0B, 0xEC, 0x0B, 0xCB, 0x4F, 0xAC,
    0xE4, 0x1D, 0x94, 0xF8, 0x05, 0x5B, 0x01, 0x4C, 0xC0, 0x2F, 0x30, 0x17, 0x48, 0x04, 0x52, 0x03,
    0x75, 0x80, 0x95, 0x60, 0x61, 0xDC, 0x03, 0x5F, 0x00, 0xD6, 0x40, 0x6B, 0x20, 0x0D, 0x48, 0x18,
    0xBF, 0x02, 0x2E, 0x40, 0xC1, 0x70, 0x63, 0x4B, 0xBA, 0x0F, 0x69, 0x8D, 0xD3, 0x90, 0xE0, 0x31,
    0x5C, 0x8D, 0x1F, 0x23, 0x46, 0xA2, 0x44, 0x68, 0xD8, 0x19, 0xB0, 0x0D, 0x2B, 0x00, 0x6F, 0xE0,
    0x1B, 0xC8, 0x19, 0xA4, 0x01, 0xBA, 0x16, 0x6B, 0xE4, 0x84, 0xF8, 0x31, 0xA8, 0x01, 0xB9, 0x00,
    0xBE, 0xC0, 0x4B, 0xB0, 0x31, 0xB0, 0x02, 0xFF, 0x80, 0xBF, 0xE4, 0x78, 0xF9, 0x1E, 0x3E, 0x42,
    0x6B, 0x81, 0x6E, 0x44, 0x78, 0xF9, 0x1E, 0x28, 0x4F, 0x3F, 0x86, 0xA7, 0xE1, 0xA9, 0xF8, 0x6A,
    0x7E, 0x1A, 0x9F, 0x86, 0xA7, 0xE1, 0xA9, 0xF8, 0x6A, 0x7E, 0x1A, 0x9F, 0x83, 0x8F, 0xE1, 0xA9,
    0xF8, 0x6A, 0x7E, 0x1A, 0x9F, 0x86, 0xA7, 0xE1, 0xA9, 0xF8, 0x6A, 0x7E, 0x1A, 0x9F, 0x86, 0xA6,
    0x52, 0xFF, 0x84, 0xC2, 0x0E, 0x1A, 0x8B, 0x7F, 0xE6, 0x50, 0x40, 0xD4, 0x68, 0x10, 0xD3, 0x0A,
    0x0C, 0xC1, 0x0D, 0xF1, 0x3D, 0xF0, 0x22, 0x18, 0x07, 0x05, 0xC0, 0x35, 0xF0, 0x0D, 0x60, 0x07,
    0x92, 0x00, 0xD4, 0x80, 0x79, 0x60, 0x0D, 0x58, 0x28, 0xF8, 0x00, 0xD7, 0xC1, 0x79, 0xF0, 0xD6,
    0xFC, 0x06, 0xBF, 0x01, 0xAF, 0xC0, 0x6B, 0xA0, 0x61, 0xE8, 0x1A, 0xFF, 0x01, 0x74, 0xC0, 0x37,
    0x20, 0xA2, 0xFC, 0x05, 0xDF, 0x01, 0x77, 0xC1, 0x95, 0x20, 0x32, 0x7C, 0x0C, 0x9F, 0x00, 0xD7,
    0xC2, 0x43, 0xF2, 0xA9, 0xFC, 0x24, 0x3F, 0x0E, 0xDF, 0xC1, 0x93, 0xF0, 0x17, 0x7C, 0x19, 0x3F,
    0x03, 0x27, 0xC0, 0x35, 0xF0, 0x49, 0xF0, 0x35, 0x3F, 0x0D, 0x4F, 0x6A, 0x32, 0x1A, 0x94, 0xFE,
    0xA7, 0xFF, 0xAA, 0x7F, 0xEA, 0xB2, 0x1A, 0xB4, 0x2E, 0xAF, 0xF0, 0xAC, 0x42, 0x2B, 0x30, 0x6A,
    0xD4, 0x30, 0x36, 0x7D, 0x0D, 0x97, 0xCC, 0x57, 0x68, 0x1C, 0xDE, 0x5E, 0x1B, 0x29, 0x42, 0xA7,
    0x32, 0xF0, 0xD9, 0x66, 0xB7, 0x22, 0xAE, 0x4D, 0xAB, 0x53, 0xC0, 0xDA, 0xEE, 0xB7, 0x2C, 0x02,
    0x54, 0xEB, 0x73, 0x60, 0x25, 0xCE, 0xB7, 0x40, 0x02, 0x64, 0xEB, 0x74, 0xA0, 0x4B, 0xDE, 0xB7,
    0x55, 0x0D, 0xD7, 0xC1, 0x31, 0x3A, 0xDD, 0x90, 0x13, 0x3F, 0x0D, 0xDF, 0xC3, 0x77, 0xF0, 0xDD,
    0xFC, 0x05, 0x37, 0xAE, 0xC8, 0x6B, 0xD3, 0xFA, 0xFF, 0xFE, 0xC1, 0xFF, 0xB0, 0xC8, 0x6C, 0x50,
    0xBB, 0x1F, 0xC2, 0xC9, 0x08, 0xB2, 0xC1, 0xAC, 0xD0, 0xC0, 0x4C, 0xDE, 0xB7, 0x68, 0xB3, 0xC8,
    0x2D, 0x13, 0x6B, 0x14, 0x4A, 0xCD, 0x3C, 0x01, 0xC4, 0xAD, 0x76, 0x79, 0x50, 0x0D, 0x27, 0x67,
    0x9A, 0x01, 0x56, 0x96, 0x9B, 0x3C, 0xF8, 0x0A, 0xD4, 0xB3, 0x59, 0xE9, 0x01, 0xD1, 0xAD, 0x6E,
    0xC5, 0x67, 0xA9, 0x87, 0x4E, 0xA6, 0x75, 0xC4, 0x3C, 0x14, 0x96, 0x87, 0x82, 0x93, 0x66, 0xB6,
    0xF8, 0x22, 0xB1, 0x5F, 0x01, 0x34, 0xAB, 0xD6, 0x7B, 0x10, 0x14, 0xA7, 0x5B, 0xAF, 0x81, 0x4E,
    0x75, 0xBB, 0x10, 0x7B, 0x2B, 0x5B, 0xB3, 0x07, 0xB6, 0xB5, 0xBB, 0x48, 0x7B, 0xA6, 0x65, 0xC9,
    0x84, 0x7F, 0xB5, 0xBB, 0x58, 0x3A, 0x2B, 0x5B, 0xB4, 0x07, 0xCA, 0x60, 0x8C, 0x90, 0x7C, 0xE9,
    0x5B, 0xB0, 0x87, 0xD2, 0xB5, 0xBA, 0xF0, 0x7D, 0x66, 0x04, 0x9B, 0x90, 0xF3, 0xE5, 0xD8, 0xF9,
    0x1F, 0xA4, 0x20, 0x7F, 0x88, 0x1E, 0x86, 0xC8, 0xE0, 0x50, 0xED, 0x67, 0xB3, 0x12, 0x33, 0x01,
    0x2B, 0x95, 0x6E, 0xC1, 0x67, 0xB4, 0x02, 0x32, 0x96, 0x30, 0x22, 0xD2, 0xCF, 0x67, 0xB3, 0x83,
    0x8E, 0x96, 0x9B, 0x3D, 0x8C, 0x29, 0xB7, 0x05, 0x04, 0xAC, 0x00, 0x6E, 0x98, 0x18, 0x34, 0x0B,
    0x3B, 0xDA, 0x6C, 0xF5, 0xD0, 0x0C, 0xD2, 0xB8, 0x07, 0xBA, 0x58, 0xEC, 0xF5, 0xD0, 0x76, 0x54,
    0x05, 0x32, 0xB0, 0x01, 0xF6, 0x60, 0x8B, 0x95, 0x8C, 0x1E, 0x15, 0x01, 0x54, 0x8E, 0x4D, 0xA0,
    0x33, 0x7C, 0x15, 0xD5, 0x38, 0xE7, 0xEB, 0x76, 0x1B, 0x38, 0xE1, 0xE4, 0x08, 0xB9, 0x01, 0x1E,
    0x76, 0x8B, 0x3D, 0x98, 0x20, 0xD5, 0x02, 0x34, 0x81, 0x6B, 0x4B, 0x38, 0x2D, 0x68, 0x0A, 0xE9,
    0x80, 0xFA, 0x41, 0x0B, 0xA0, 0x13, 0xF4, 0x13, 0x7B, 0x56, 0xEC, 0x80, 0x13, 0x95, 0x78, 0x1F,
    0xD4, 0xB0, 0x81, 0x0E, 0x76, 0x7B, 0x28, 0x10, 0xA7, 0x5C, 0x8B, 0x01, 0xC6, 0xA0, 0x4A, 0x95,
    0xA4, 0x1F, 0x9D, 0x02, 0x5F, 0xE4, 0xB0, 0x8A, 0xB4, 0xFE, 0xAD, 0x0B, 0x0C, 0xC5, 0x8A, 0x61,
    0x38, 0x18, 0x66, 0x3E, 0x19, 0x89, 0x81, 0x77, 0x81, 0x5F, 0xB5, 0x6E, 0x65, 0x5C, 0x9B, 0xD6,
    0xA7, 0x96, 0x7B, 0x39, 0x50, 0x77, 0x5B, 0xA0, 0x00, 0xFE, 0x40, 0xB4, 0x9D, 0x40, 0x08, 0xD2,
    0x05, 0xAC, 0xEB, 0xE0, 0x4D, 0x90, 0x1B, 0x67, 0x6F, 0x03, 0x04, 0x83, 0x35, 0x7B, 0xF8, 0x2D,
    0x3E, 0x06, 0x4A, 0xD9, 0xC2, 0x65, 0x3C, 0xB0, 0x1F, 0x24, 0x07, 0x99, 0x02, 0x12, 0x40, 0xB2,
    0xA0, 0x36, 0xE4, 0x7D, 0x5C, 0x02, 0xBF, 0xE0, 0x63, 0xF8, 0x2B, 0xFE, 0x10, 0x3A, 0x58, 0x83,
    0x65, 0xFB, 0x44, 0x58, 0x36, 0x7B, 0x02, 0x16, 0x6C, 0x53, 0xFB, 0x14, 0x2C, 0x35, 0xD2, 0x0A,
    0xDD, 0xF3, 0x76, 0x79, 0x7D, 0xA2, 0x6E, 0x1A, 0xEB, 0x67, 0xC3, 0x4F, 0x20, 0x57, 0xCE, 0x9A,
    0x06, 0xCA, 0x67, 0x00, 0xC9, 0x20, 0x36, 0x4F, 0x2F, 0x67, 0xB6, 0x02, 0xC2, 0xB5, 0xBC, 0x95,
    0x9E, 0xF8, 0x0B, 0x1F, 0x81, 0x37, 0xE0, 0x2D, 0x98, 0x2C, 0x38, 0x16, 0x2F, 0x85, 0x8B, 0xE1,
    0x0E, 0xAE, 0x38, 0x08, 0x13, 0x0B, 0x27, 0x31, 0x96, 0x7C, 0x98, 0x10, 0xA9, 0x8E, 0x02, 0x0D,
    0x32, 0x40, 0xAD, 0xA6, 0x5C, 0x2C, 0x58, 0xCE, 0x02, 0xB3, 0xE1, 0x11, 0xB6, 0x58, 0x5C, 0x7F,
    0xAE, 0x45, 0xD0, 0x71, 0xB0, 0x2D, 0x7C, 0x21, 0x9D, 0x17, 0x8C, 0xC2, 0x11, 0xF0, 0x84, 0x54,
    0x54, 0x1F, 0x02, 0xCD, 0x35, 0xE2, 0xA0, 0x9D, 0x9F, 0x30, 0x10, 0x8C, 0x6F, 0x2C, 0xF9, 0xC0,
    0x2C, 0x53, 0x92, 0x05, 0x8A, 0x75, 0xAC, 0xF9, 0x90, 0x2C, 0xD3, 0xC7, 0x67, 0xCA, 0x04, 0x1F,
    0x1F, 0x0B, 0x3E, 0x3C, 0x54, 0x7F, 0x08, 0x34, 0xB1, 0x60, 0x12, 0x94, 0x12, 0xB9, 0x37, 0xB3,
    0xE2, 0x42, 0x0F, 0x4C, 0x58, 0x41, 0xED, 0x8F, 0x06, 0x25, 0x32, 0x81, 0xB8, 0xB6, 0x64, 0x55,
    0x59, 0x05, 0x75, 0xC2, 0x9D, 0x7B, 0x3E, 0x4C, 0x13, 0x73, 0x07, 0xF7, 0xED, 0x11, 0x71, 0x59,
    0x7C, 0x1F, 0x98, 0x04, 0xAD, 0xE1, 0x16, 0x7D, 0x68, 0xAA, 0xF1, 0x0B, 0xB3, 0xEE, 0x80, 0x6F,
    0x4E, 0x30, 0x18, 0x29, 0x09, 0xB3, 0xF4, 0xC0, 0xC3, 0x48, 0x2D, 0x9F, 0xC0, 0x2A, 0xBB, 0x40,
    0x6C, 0xFE, 0xE1, 0x55, 0xFC, 0x55, 0x7F, 0x07, 0xF5, 0xC5, 0x5B, 0xF0, 0x4B, 0xE3, 0xFB, 0x5C,
    0x01, 0xB5, 0xFF, 0x76, 0x78, 0x0D, 0xA2, 0x6E, 0x2B, 0x1A, 0x7F, 0x44, 0x6B, 0x48, 0x0D, 0x72,
    0x6E, 0x2B, 0x2B, 0x41, 0x45, 0x65, 0x68, 0x48, 0xAC, 0xBE, 0x15, 0x6B, 0x1C, 0x9E, 0x40, 0x4C,
    0xA4, 0x20, 0x56, 0x54, 0x82, 0x0A, 0xCA, 0xDF, 0xFA, 0xE4, 0xD8, 0x56, 0x76, 0xFE, 0x0A, 0xCF,
    0xE2, 0xB3, 0xF8, 0x53, 0x2C, 0x2A, 0xFF, 0x85, 0x33, 0xE2, 0xAF, 0xCC, 0x14, 0x29, 0x5C, 0xFF,
    0x59, 0xE1, 0x20, 0x90, 0xA4, 0x08, 0x0B, 0x12, 0x02, 0x1C, 0xE0, 0xD6, 0x78, 0x38, 0x3C, 0xA9,
    0x0A, 0xB3, 0xC0, 0x82, 0x9B, 0x88, 0x65, 0x9F, 0xFD, 0x68, 0x9B, 0x05, 0x3F, 0xE0, 0xB9, 0xB4,
    0x2A, 0xCF, 0xFB, 0x00, 0xD5, 0x3F, 0x20, 0x7B, 0xA4, 0x0A, 0xCF, 0xFB, 0x15, 0x8D, 0xBF, 0xD5,
    0xC9, 0xB5, 0x9F, 0xFC, 0x2B, 0x2A, 0x7F, 0x2C, 0xF0, 0x20, 0x46, 0xC8, 0x1F, 0x55, 0x83, 0x85,
    0x6B, 0xE2, 0x03, 0xF8, 0x80, 0xFE, 0x0B, 0x29, 0x7F, 0xEC, 0xEA, 0x50, 0x90, 0x49, 0xE6, 0x04,
    0xBA, 0x42, 0x2C, 0xF0, 0x51, 0x5A, 0x5A, 0x17, 0x67, 0x80, 0x8A, 0xD2, 0x9F, 0xD0, 0x26, 0xC8,
    0x56, 0xB5, 0x84, 0x81, 0x0A, 0x42, 0xB5, 0xF8, 0xAD, 0x6F, 0x05, 0x06, 0x54, 0xEC, 0xFF, 0xC0,
    0x24, 0x50, 0x1B, 0x72, 0xB3, 0xC0, 0x00, 0x93, 0x50, 0x6E, 0x4A, 0x08, 0x07, 0xBA, 0x7F, 0x40,
    0xF7, 0x50, 0x5C, 0x48, 0x1B, 0xB2, 0x04, 0x4C, 0x84, 0x15, 0xF0, 0x5D, 0xFC, 0x57, 0x3F, 0x0D,
    0x87, 0xC3, 0x61, 0xD1, 0x5D, 0xDE, 0x0B, 0x67, 0x83, 0x8A, 0xE7, 0x90, 0x90, 0x1F, 0x48, 0x08,
    0x53, 0x85, 0xD9, 0xE0, 0x00, 0x42, 0x9D, 0x9F, 0xF8, 0x06, 0x59, 0x01, 0xCA, 0xBF, 0x90, 0xD8,
    0xE2, 0x08, 0x80, 0x4F, 0x81, 0x9A, 0x41, 0x0F, 0x95, 0x9F, 0xFA, 0x0A, 0xDA, 0x04, 0xEE, 0x61,
    0xB2, 0x9C, 0x14, 0x17, 0x77, 0x02, 0xEC, 0x80, 0xE3, 0x30, 0x73, 0xCC, 0x57, 0xB4, 0x07, 0x45,
    0x15, 0x2B, 0xB0, 0xB9, 0xFC, 0x0C, 0xF4, 0x32, 0xF5, 0xB5, 0xE1, 0x72, 0xA6, 0xD4, 0x17, 0xFC,
    0x08, 0x24, 0x80, 0x4F, 0x20, 0x80, 0xD4, 0x21, 0x95, 0xFD, 0x83, 0x02, 0xC0, 0xFA, 0x98, 0x5E,
    0x66, 0x0F, 0xA9, 0x83, 0x02, 0xA0, 0xFA, 0xA9, 0x8F, 0xF6, 0x17, 0x3B, 0x84, 0x0A, 0x80, 0x53,
    0x94, 0x1C, 0x09, 0xD4, 0x07, 0x4C, 0x80, 0xF7, 0x40, 0x75, 0x4C, 0x2F, 0xD4, 0x02, 0xFC, 0x81,
    0x7D, 0x50, 0x75, 0x4C, 0x17, 0xB4, 0x57, 0x4F, 0xC1, 0x77, 0xF0, 0xBB, 0xFC, 0x2E, 0xF3, 0x0E,
    0x97, 0x02, 0xEF, 0x70, 0x87, 0xC8, 0x2F, 0x1C, 0x08, 0x94, 0xC0, 0x7B, 0x38, 0x28, 0x0F, 0x28,
    0x10, 0x99, 0x81, 0xAA, 0x61, 0x09, 0xB8, 0x5E, 0x6E, 0x10, 0xB9, 0x85, 0xE3, 0xE0, 0xBD, 0xA8,
    0x45, 0x24, 0x1F, 0x0A, 0x81, 0x86, 0x41, 0x79, 0x98, 0x3A, 0x64, 0x0B, 0xDB, 0x03, 0x9A, 0x60,
    0x6E, 0x98, 0x39, 0xA6, 0x17, 0x7A, 0x83, 0x9E, 0x6D, 0xDF, 0xD0, 0x48, 0xFE, 0x8D, 0x0F, 0xA3,
    0x42, 0xA1, 0x27, 0xFA, 0x35, 0xF1, 0x64, 0x03, 0x75, 0x2D, 0x20, 0xCE, 0xE0, 0x45, 0x24, 0x57,
    0x9E, 0x04, 0x9E, 0xA1, 0x0F, 0xA0, 0x1B, 0xE8, 0x11, 0x0A, 0x81, 0xC2, 0x40, 0xB0, 0x90, 0x4A,
    0x2E, 0x11, 0x19, 0x8B, 0x6B, 0xF3, 0x80, 0x8C, 0x4C, 0x3F, 0xF6, 0x00, 0x1C, 0xC3, 0xFF, 0x30,
    0x35, 0x54, 0x1F, 0x95, 0x03, 0x5C, 0xC1, 0xF9, 0x30, 0x35, 0xD0, 0x1F, 0x94, 0x2C, 0x57, 0xE7,
    0x15, 0xB9, 0x60, 0x81, 0x66, 0x0F, 0xF9, 0x00, 0xDA, 0x61, 0xF9, 0x98, 0x44, 0xA8, 0x02, 0x79,
    0x07, 0x4A, 0x60, 0x95, 0xA1, 0xD3, 0x7E, 0x03, 0xCB, 0x4C, 0xAC, 0xE1, 0xCE, 0x90, 0x3E, 0xE4,
    0x2D, 0x79, 0x87, 0x9A, 0x64, 0x85, 0x98, 0x0B, 0xE8, 0x2D, 0x5A, 0x83, 0x42, 0x41, 0xC6, 0xA9,
    0x89, 0x6E, 0x10, 0xCF, 0x81, 0x0A, 0x95, 0xC8, 0xB8, 0xDE, 0x6A, 0x96, 0xCF, 0x82, 0x52, 0xE4,
    0x78, 0xA0, 0x3C, 0x24, 0x06, 0x39, 0x4A, 0x41, 0xDB, 0x5A, 0xDC, 0x80, 0x0E, 0xB6, 0x8B, 0x81,
    0x3A, 0x42, 0xD6, 0xA8, 0x53, 0xEC, 0x09, 0x19, 0x41, 0x80, 0x23, 0x21, 0x6C, 0x4D, 0xCE, 0x92,
    0x0B, 0x27, 0x6C, 0xF2, 0x93, 0xBE, 0xFC, 0x79, 0x12, 0x3B, 0xF6, 0x01, 0xE9, 0xF1, 0xE4, 0x7C,
    0xB1, 0x7F, 0x16, 0xDF, 0xC5, 0xB7, 0x67, 0x70, 0x6C, 0x85, 0x17, 0x1E, 0x75, 0x65, 0xE1, 0x65,
    0xD9, 0xAE, 0xBE, 0x6D, 0x5B, 0x81, 0x6B, 0x36, 0x88, 0xB8, 0xE4, 0x7A, 0x48, 0xCB, 0xD9, 0xE4,
    0xC2, 0x1A, 0xA4, 0x74, 0x79, 0xB6, 0x8A, 0x90, 0xB2, 0x91, 0x6B, 0x3C, 0x30, 0x2B, 0x76, 0x14,
    0x4D, 0x00, 0xCB, 0xF0, 0x32, 0xFD, 0xE6, 0x7F, 0x02, 0x95, 0x2C, 0x80, 0x52, 0x98, 0xF7, 0x7E,
    0x3D, 0xDE, 0x81, 0x3B, 0x20, 0x4D, 0xB1, 0x06, 0xEE, 0x3D, 0xEC, 0x21, 0x57, 0x75, 0xC8, 0xB2,
    0xBE, 0x36, 0x04, 0x9F, 0x81, 0x27, 0xE2, 0xCB, 0xF8, 0xB2, 0xFC, 0x05, 0x8D, 0x85, 0x6A, 0xE0,
    0xAB, 0xA2, 0xB1, 0xBE, 0x0A, 0xAB, 0x94, 0xE6, 0x47, 0xB0, 0xD0, 0x17, 0x3E, 0x57, 0xFC, 0x58,
    0x80, 0xB9, 0x83, 0x8F, 0xFD, 0xFC, 0x1E, 0x02, 0xDF, 0xC6, 0xF3, 0x20, 0x51, 0x7C, 0xE5, 0xFF,
    0x2B, 0xE7, 0xC0, 0x85, 0xF2, 0xBE, 0x60, 0x13, 0xFF, 0x04, 0xFF, 0xC1, 0x3F, 0xF0, 0x4F, 0xFC,
    0x13, 0xFF, 0x0A, 0x5F, 0xC2, 0x97, 0xF0, 0x7C, 0x5A, 0x84, 0x09, 0xFE, 0x05, 0x2B, 0xE1, 0x4A,
    0xFA, 0x52, 0xBE, 0x56, 0xDE, 0xC5, 0x8A, 0xDB, 0xA0, 0x2A, 0x7C, 0xAD, 0xBF, 0x14, 0xA7, 0xC1,
    0xE1, 0x81, 0x49, 0xFC, 0x0A, 0x54, 0x81, 0x81, 0x4A, 0x62, 0x92, 0xC7, 0xC2, 0xB9, 0x33, 0x14,
    0x9D, 0x3B, 0x42, 0x91, 0xA7, 0x14, 0x1E, 0x95, 0xAD, 0xEC, 0x45, 0x21, 0x82, 0xE3, 0x50, 0x2A,
    0x3F, 0x2E, 0x3D, 0x6C, 0xF4, 0x00, 0x7A, 0xFD, 0x02, 0xBF, 0x2B, 0x57, 0xDC, 0xF7, 0x82, 0x8A,
    0x4F, 0x4C, 0x33, 0x6A, 0x6D, 0xC7, 0x41, 0x6E, 0x48, 0x3B, 0xAA, 0x04, 0x39, 0x0E, 0x7E, 0xBE,
    0xC2, 0xB7, 0x7C, 0x26, 0x3A, 0x80, 0x80, 0xEE, 0xF6, 0x7F, 0x6D, 0xA2, 0x66, 0x29, 0x5A, 0x75,
    0xC5, 0x29, 0x4E, 0x10, 0x3C, 0xA9, 0x13, 0xB3, 0xEB, 0x45, 0x2D, 0x6C, 0xC8, 0xA5, 0xBE, 0x29,
    0x6F, 0x87, 0x83, 0xA2, 0x95, 0xF8, 0x78, 0xB3, 0x67, 0xC9, 0xA8, 0x1B, 0xEA, 0x06, 0xC8, 0xA2,
    0xFE, 0x0E, 0x59, 0xD9, 0xF4, 0x64, 0x61, 0xA6, 0xD0, 0x51, 0x93, 0xB3, 0xF1, 0x45, 0x1B, 0x68,
    0xB0, 0x14, 0xA4, 0x28, 0xEA, 0x59, 0xFD, 0x22, 0x8F, 0xF8, 0x3A, 0xBE, 0x13, 0xFE, 0x0A, 0x2F,
    0xE1, 0x3F, 0xF8, 0x4F, 0xFE, 0x13, 0xFF, 0x87, 0x7E, 0xF1, 0x30, 0xA0, 0x7C, 0x15, 0xBF, 0x0E,
    0xFF, 0xC2, 0x8F, 0xF0, 0xA3, 0xFC, 0x0B, 0x9F, 0x14, 0x37, 0xC1, 0x47, 0xC1, 0x16, 0xD0, 0x3C,
    0xDF, 0x0F, 0x37, 0xC5, 0x0D, 0xF0, 0x24, 0xD8, 0x26, 0x79, 0x0F, 0x37, 0xC3, 0xCD, 0xF0, 0x24,
    0xFC, 0x14, 0xDF, 0x14, 0x37, 0xC3, 0x2B, 0xF0, 0xCA, 0xDC, 0x51, 0x17, 0x07, 0xF5, 0x05, 0x11,
    0xF1, 0x44, 0x7D, 0x47, 0x3B, 0x05, 0x37, 0x84, 0x87, 0x90, 0x53, 0x7C, 0x50, 0xFF, 0x0A, 0x77,
    0xC0, 0xBD, 0xC2, 0xA4, 0xFC, 0x15, 0x7A, 0x28, 0xDC, 0x81, 0x57, 0xF0, 0x55, 0xFC, 0x52, 0x1F,
    0x07, 0x9F, 0x81, 0x53, 0xB8, 0xB8, 0x2A, 0x76, 0x04, 0x8F, 0x82, 0x9F, 0xE2, 0x8E, 0xF9, 0x4F,
    0xB4, 0x1A, 0x4D, 0x8F, 0x6B, 0x81, 0x4E, 0xF8, 0x29, 0x7E, 0x14, 0xEF, 0x87, 0xF3, 0xE3, 0xDA,
    0xB8, 0x29, 0xFE, 0x14, 0xEF, 0x84, 0x13, 0xE4, 0x3B, 0xF1, 0x4C, 0xFE, 0x10, 0x8F, 0xAA, 0xBB,
    0xEA, 0xAE, 0xFA, 0xAB, 0xBE, 0xAA, 0xEF, 0x5A, 0x22, 0xEA, 0xAF, 0xF8, 0x5A, 0xFE, 0x10, 0xEE,
    0xAA, 0xDB, 0xE2, 0xA0, 0xFA, 0xAD, 0xBE, 0x0F, 0x3F, 0x83, 0xCF, 0xEA, 0xB0, 0xFA, 0xAC, 0x3E,
    0xAB, 0x0F, 0xAA, 0xC3, 0xE6, 0x90, 0xFA, 0xAC, 0x3E, 0x80, 0x2F, 0xAA, 0xC3, 0xEA, 0xB0, 0xFA,
    0xAC, 0x3E, 0x7F, 0xDF, 0xAA, 0xC3, 0xEA, 0xB0, 0xF9, 0xFF, 0x3E, 0x61, 0xCF, 0x94, 0x93, 0xE1,
    0x49, 0xFA, 0x00, 0x3E, 0xAB, 0x0F, 0xAA, 0xC3, 0xEA, 0xB0, 0xFA, 0xAC, 0x3E, 0x68, 0x5F, 0xAA,
    0xC3, 0xEA, 0xB0, 0xFA, 0xAC, 0x3E, 0x06, 0x6F, 0x82, 0xBB, 0xE7, 0xFC, 0xFA, 0xAC, 0x3E, 0xAB,
    0x0F, 0xAA, 0xC3, 0xE7, 0xFA, 0xFA, 0xAC, 0x3E, 0xAB, 0x0F, 0xAA, 0xC3, 0xE0, 0x4B, 0xF8, 0x7E,
    0xFE, 0x2A, 0x3F, 0xAA, 0xC3, 0xEA, 0xB0, 0xFA, 0xAC, 0x3E, 0xAB, 0x0F, 0xAA, 0xC3, 0xEA, 0xB0,
    0xFA, 0xAC, 0x3E, 0xAB, 0x0F, 0xAA, 0xC3, 0xE0, 0x63, 0xF8, 0x2B, 0xFE, 0x0A, 0xFF, 0xAA, 0xC3,
    0xE1, 0xAC, 0xFA, 0xAC, 0x3E, 0xAB, 0x0F, 0xAA, 0xC3, 0xEA, 0xB0, 0xFA, 0xAC, 0x3E, 0x04, 0xDF,
    0xAA, 0xC3, 0xE2, 0xAC, 0xF8, 0x58, 0xBE, 0xAB, 0x0F, 0xAA, 0xC3, 0xEA, 0xB0, 0xFA, 0xAC, 0x3E,
    0x0A, 0xCF, 0xAA, 0xC3, 0xEA, 0xB0, 0xF8, 0x2A, 0x3E, 0x10, 0xCF, 0x95, 0x0B, 0xE8, 0xFF, 0xF8,
    0xA8, 0xBE, 0xAB, 0x0F, 0xAA, 0xC3, 0xEA, 0xB0, 0xFA, 0xAC, 0x3E, 0xAB, 0x0F, 0xAA, 0xC3, 0xEA,
    0xB0, 0xF9, 0x51, 0x7E, 0xAB, 0x0F, 0x83, 0xFB, 0xEA, 0xB0, 0xF8, 0xAA, 0xFE, 0xAB, 0x0F, 0xAA,
    0xC3, 0xEA, 0xB0, 0xFA, 0xAC, 0x3E, 0x2A, 0xBF, 0xAA, 0xC3, 0xE2, 0xAD, 0xFA, 0xAC, 0x3E, 0xAB,
    0x0F, 0xAA, 0xC3, 0xE2, 0xB2, 0xFA, 0xAC, 0x3E, 0xAB, 0x0F, 0xAA, 0xC3, 0xE0, 0xF3, 0xFA, 0xAC,
    0x3E, 0x14, 0xCF, 0x85, 0x33, 0xEA, 0xB0, 0xFA, 0xAC, 0x3E, 0xAB, 0x0F, 0xAA, 0xC3, 0xE1, 0x4F,
    0xFA, 0xAC, 0x3E, 0xAB, 0x0F, 0xAA, 0xC3, 0xEA, 0xB0, 0xF8, 0x19, 0xBE, 0x20, 0x3F, 0xAA, 0xC3,
    0xEA, 0xB0, 0xFA, 0xAC, 0x3E, 0xAB, 0x0F, 0xAA, 0xC3, 0xEA, 0xB0, 0xFA, 0xAC, 0x3E, 0xAB, 0x0F,
    0x88, 0x2B, 0xE0, 0xBB, 0xF8, 0xAE, 0x7E, 0x1B, 0x0F, 0xAA, 0xC3, 0xEA, 0xB0, 0xFA, 0xAC, 0x3E,
    0xAB, 0x0F, 0xAA, 0xC3, 0xEA, 0xB0, 0xFA, 0xAC, 0x3E, 0xAB, 0x0F, 0xAA, 0xC3, 0xE1, 0x73, 0xFA,
    0xAC, 0x3E, 0x56, 0x6F, 0xAA, 0xC3, 0xEA, 0xB0, 0xFA, 0xAC, 0x3E, 0xAB, 0x0F, 0xAA, 0xC3, 0xEA,
    0xB0, 0xFA, 0xAC, 0x3E, 0xAB, 0x0F, 0x95, 0xD3, 0xE0, 0xBB, 0xF8, 0x5D, 0xFE, 0xAB, 0x0F, 0xAA,
    0xC3, 0xEA, 0xB0, 0xFA, 0xAC, 0x3E, 0xAB, 0x0F, 0xAA, 0xC3, 0xEA, 0xB0, 0xFA, 0xAC, 0x3E, 0xAB,
    0x0F, 0xAA, 0xC3, 0xE1, 0x23, 0xFA, 0xAC, 0x3E, 0x57, 0xCF, 0xAA, 0xC3, 0xE8, 0x1C, 0xFA, 0xAC,
    0x3E, 0xAB, 0x0F, 0xAA, 0xC3, 0xEA, 0xB0, 0xF8, 0xB6, 0xBE, 0xAB, 0x0F, 0xAA, 0xC3, 0xEA, 0xB0,
    0xF9, 0x61, 0x3E, 0xAB, 0x0F, 0xAA, 0xC3, 0xE2, 0xDE, 0xFA, 0xAC, 0x3E, 0xAB, 0x0F, 0xAA, 0xC3,
    0xE0, 0xA2, 0xCA, 0xAA, 0x3F, 0x0A, 0x9B, 0x2A, 0x8B, 0xEA, 0xA2, 0xFA, 0xA8, 0xBE, 0xAA, 0x2E,
    0x81, 0x1A, 0xA0, 0x27, 0xB8, 0x56, 0x30, 0x49, 0x1A, 0xAA, 0x9F, 0xF0, 0xF5, 0x53, 0x7C, 0x08,
    0xFF, 0x2B, 0xE5, 0x65, 0x70, 0x69, 0x67, 0xD8, 0x1C, 0xD2, 0x16, 0x57, 0xD0, 0x27, 0x82, 0x09,
    0xE3, 0x2C, 0x03, 0x2A, 0x2A, 0x6E, 0x60, 0xE1, 0xAA, 0x54, 0x3E, 0x6C, 0x0D, 0x01, 0x4F, 0xAA,
    0x9D, 0xF8, 0x15, 0xEA, 0xAA, 0x0F, 0xAA, 0x83, 0x6A, 0x9F, 0xF8, 0x17, 0xBE, 0x02, 0xAD, 0x82,
    0xAB, 0x60, 0x51, 0xB9, 0xBC, 0xF0, 0x3C, 0xBE, 0x03, 0xAF, 0xE0, 0x50, 0xFA, 0x53, 0xB5, 0x03,
    0xAE, 0x4E, 0x91, 0xB7, 0x30, 0x11, 0xE0, 0xEE, 0x5A, 0x40, 0xDF, 0xC0, 0x99, 0xA8, 0xD0, 0x09,
    0xBA, 0x20, 0x0A, 0x41, 0x81, 0x5B, 0x21, 0x5E, 0x7D, 0x03, 0x58, 0x0A, 0x3E, 0x00, 0xB7, 0xC0,
    0xC9, 0x6C, 0x16, 0x1F, 0x40, 0xBF, 0x40, 0xBF, 0xF0, 0x58, 0x60, 0x0B, 0xFF, 0x38, 0x7F, 0xD0,
    0x3D, 0xE0, 0x2F, 0xFC, 0x15, 0x9F, 0x48, 0x75, 0x00, 0x51, 0x38, 0x0D, 0xA2, 0x74, 0x0A, 0xCF,
    0x82, 0xB3, 0xE0, 0x4C, 0xB0, 0x09, 0x6F, 0x1A, 0x2B, 0xCF, 0x80, 0x99, 0xF0, 0x56, 0x7C, 0x15,
    0x9F, 0x02, 0x67, 0xC0, 0x4D, 0x41, 0x54, 0xFC, 0x2A, 0xDF, 0x02, 0xBF, 0xC2, 0xAF, 0xF0, 0xAB,
    0xFC, 0x0B, 0x3F, 0x05, 0x37, 0xAC, 0x80, 0x25, 0xA5, 0x00, 0x0F, 0xB8, 0x05, 0x37, 0xD0, 0x3B,
    0xE1, 0x83, 0xFC, 0x0C, 0x3E, 0x01, 0x75, 0x85, 0x4F, 0x51, 0x52, 0xFC, 0x54, 0xBC, 0x1B, 0xA7,
    0xC5, 0x4B, 0x9C, 0x48, 0x1B, 0xB6, 0x2A, 0xAE, 0x64, 0x05, 0x55, 0x4C, 0xB8, 0xAA, 0x29, 0x9E,
    0x18, 0xBD, 0x34, 0xC2, 0xA6, 0xC6, 0xB4, 0x0E, 0xB9, 0x03, 0x96, 0x82, 0xF3, 0x60, 0x38, 0x6E,
    0xB7, 0xAF, 0x03, 0x8F, 0xC0, 0xE3, 0x91, 0x99, 0xCC, 0x0D, 0x15, 0x01, 0x05, 0xCB, 0x0D, 0x8B,
    0x10, 0x43, 0xBE, 0x10, 0xEF, 0x80, 0xFA, 0xE0, 0xB0, 0xFD, 0x6F, 0x67, 0x56, 0x86, 0x59, 0xF0,
    0xE0, 0x3E, 0xC6, 0xDA, 0xCF, 0x8E, 0x10, 0x15, 0x32, 0xA0, 0x65, 0xA6, 0xD0, 0xBD, 0xB2, 0x03,
    0x34, 0xF6, 0x2A, 0x8B, 0x91, 0x62, 0x2B, 0xAD, 0xB3, 0xEA, 0xC2, 0x25, 0x50, 0x21, 0xD4, 0x20,
    0xDF, 0x08, 0x35, 0x41, 0x2B, 0x8D, 0x55, 0x5A, 0x1A, 0x3A, 0x8C, 0x6A, 0x15, 0xDD, 0x20, 0x14,
    0xCF, 0x54, 0x02, 0x8A, 0x2B, 0xD2, 0x8B, 0x56, 0xD6, 0xD0, 0x66, 0xBA, 0x0A, 0xBD, 0xF6, 0xD5,
    0x68, 0x70, 0x18, 0x2B, 0x5B, 0xD9, 0x8C, 0xCA, 0xDA, 0xF1, 0x98, 0x53, 0x58, 0x32, 0xFB, 0x6A,
    0x46, 0x5D, 0x90, 0x71, 0x4E, 0x81, 0x00, 0x01, 0xE4, 0x82, 0x83, 0x6A, 0xB4, 0x42, 0xCF, 0xB1,
    0xB1, 0x44, 0xC0, 0x7B, 0x8D, 0x5A, 0xBA, 0x24, 0x03, 0xD9, 0xEB, 0x80, 0x7B, 0x4D, 0x95, 0x9F,
    0x64, 0x03, 0xEA, 0x6D, 0x6C, 0xFA, 0xE1, 0xF2, 0x63, 0x6E, 0x06, 0xB9, 0x12, 0x83, 0xF3, 0x8A,
    0xDE, 0xD6, 0xAD, 0x11, 0xB3, 0xEA, 0x2C, 0x51, 0x40, 0x0C, 0xD3, 0x4C, 0x04, 0x4A, 0x6B, 0xAC,
    0xFA, 0x80, 0x22, 0xDB, 0x56, 0x01, 0x89, 0x01, 0x1A, 0x7A, 0x90, 0x11, 0x48, 0x53, 0x15, 0xD9,
    0x01, 0x1F, 0xE0, 0x84, 0xD6, 0xB2, 0xAD, 0x13, 0x02, 0x0C, 0x80, 0x8F, 0x7D, 0x78, 0x11, 0xA9,
    0xB3, 0xB3, 0xEC, 0x40, 0x8F, 0x4D, 0xB2, 0xDE, 0xEB, 0x67, 0xD4, 0x82, 0x1B, 0x20, 0x36, 0x90,
    0xEF, 0x7F, 0x38, 0xAD, 0xEC, 0x6A, 0xD1, 0x4B, 0x11, 0x7F, 0xE7, 0xAD, 0x02, 0x0C, 0x80, 0x8B,
    0x3D, 0x55, 0x9F, 0x58, 0x04, 0x5B, 0x6A, 0x2C, 0xFB, 0x00, 0x22, 0xD3, 0x55, 0x67, 0xD9, 0x82,
    0x36, 0xDA, 0xDB, 0x3E, 0xD4, 0x05, 0xB3, 0x0F, 0x26, 0xC0, 0x93, 0x72, 0x09, 0xD4, 0x4F, 0xF8,
    0xD8, 0xD5, 0xA2, 0xF6, 0x7D, 0x9D, 0x8A, 0x30, 0x04, 0xDC, 0x6D, 0x00, 0x4B, 0x20, 0x27, 0x4F,
    0x6C, 0x02, 0xE9, 0x14, 0xDA, 0x7A, 0x80, 0x4A, 0xD3, 0x66, 0x04, 0x89, 0x01, 0x3A, 0xFA, 0xF0,
    0x4A, 0x7C, 0x09, 0xB2, 0xD6, 0x55, 0xA3, 0x36, 0x7D, 0x4D, 0x8A, 0x32, 0x08, 0x7A, 0x6B, 0x46,
    0x55, 0x4D, 0x88, 0x24, 0xF0, 0x07, 0xB9, 0x02, 0xF6, 0x85, 0x34, 0xA8, 0x2F, 0xA6, 0x27, 0xFF,
    0x81, 0x37, 0x21, 0xBB, 0xA0, 0x26, 0xB1, 0xB5, 0xAB, 0x47, 0x2C, 0xFA, 0xEB, 0x14, 0x6C, 0x09,
    0xB8, 0x06, 0x94, 0xC0, 0x9B, 0x3D, 0xA8, 0x12, 0xA4, 0x0E, 0x4A, 0xB1, 0x16, 0xA0, 0xCA, 0x98,
    0x13, 0xAE, 0x0C, 0xB9, 0x84, 0x97, 0xF3, 0x8A, 0xDE, 0xA6, 0xAD, 0x1E, 0x01, 0x24, 0xA3, 0xA0,
    0x4B, 0x96, 0xC8, 0x13, 0xB4, 0xD6, 0x01, 0x2A, 0x41, 0x29, 0xD8, 0x31, 0x66, 0x09, 0xCA, 0x83,
    0x1A, 0x60, 0x4F, 0xF8, 0x13, 0xF3, 0xCF, 0x13, 0xA6, 0xEA, 0xD2, 0x10, 0x3C, 0xCA, 0x40, 0x09,
    0xCD, 0x69, 0x80, 0x9D, 0x40, 0x75, 0x54, 0x1A, 0x53, 0x02, 0x6C, 0xC1, 0xA5, 0x30, 0x99, 0x5C,
    0x1A, 0x73, 0x04, 0xEF, 0xC3, 0x25, 0x39, 0x28, 0x30, 0x24, 0x43, 0xA9, 0x83, 0x6A, 0x60, 0x4E,
    0x9E, 0xC4, 0x1C, 0x72, 0x02, 0x75, 0x41, 0x8D, 0x30, 0x27, 0xCC, 0x18, 0xD3, 0x09, 0x95, 0x40,
    0xF9, 0x42, 0x8A, 0xFC, 0xAF, 0xBE, 0x81, 0x09, 0xAF, 0xEA, 0x8E, 0xF9, 0xFA, 0xFE, 0x0B, 0x59,
    0x6C, 0xEA, 0xD2, 0x7B, 0x3E, 0x9A, 0xC5, 0x25, 0x13, 0x47, 0x02, 0xA7, 0x5D, 0x60, 0x53, 0x24,
    0x06, 0x89, 0x83, 0xB2, 0x61, 0x53, 0x98, 0x76, 0xB2, 0x0E, 0xD9, 0x85, 0x4F, 0xF3, 0x8A, 0xDE,
    0xBA, 0xAD, 0x2A, 0xB1, 0x17, 0xF2, 0x60, 0xF4, 0x98, 0x19, 0xA6, 0x1B, 0x39, 0x81, 0x9A, 0xA0,
    0xDF, 0x98, 0x19, 0xA6, 0x0D, 0xF9, 0x82, 0xDA, 0xA0, 0xE0, 0x98, 0x0B, 0x65, 0x4C, 0x89, 0x57,
    0x23, 0x56, 0x88, 0xD5, 0x6F, 0x5F, 0x67, 0xD6, 0x89, 0x83, 0xE2, 0x86, 0xB4, 0x9B, 0xFD, 0x1E,
    0x1A, 0xBF, 0xCF, 0x99, 0xF3, 0x2C, 0x74, 0x96, 0x1B, 0x3E, 0x6F, 0xC0, 0xE3, 0x36, 0x85, 0xFC,
    0x05, 0xD4, 0x3D, 0xF5, 0x89, 0xCD, 0xF2, 0x73, 0x4C, 0xF6, 0x1F, 0x05, 0xD6, 0x63, 0xB1, 0x08,
    0xF5, 0x92, 0x3F, 0x28, 0xB4, 0xC0, 0xE4, 0x30, 0x39, 0x17, 0xC2, 0x4A, 0x03, 0xBA, 0x29, 0xA3,
    0xE2, 0x8F, 0xF9, 0xD8, 0x39, 0x64, 0x9D, 0xCC, 0xA4, 0xB3, 0xA5, 0xD7, 0x7C, 0x72, 0x9D, 0x31,
    0x8D, 0xE7, 0x56, 0x70, 0x2C, 0x56, 0x74, 0x99, 0xEB, 0x4E, 0xAC, 0x60, 0x5A, 0x9C, 0xEA, 0xC4,
    0x01, 0x8B, 0x81, 0x3F, 0xE0, 0x4F, 0x9C, 0xEE, 0x24, 0x10, 0xB9, 0x40, 0xC0, 0x97, 0x63, 0x10,
    0x4C, 0x11, 0x18, 0x02, 0x07, 0xC1, 0x13, 0x40, 0x5E, 0xFC, 0x17, 0xB5, 0x33, 0x85, 0xA8, 0x51,
    0x0A, 0x1D, 0x92, 0x89, 0x28, 0xB5, 0x40, 0xE8, 0xD0, 0x3A, 0x3F, 0xC2, 0x95, 0x0A, 0x9D, 0x59,
    0xE9, 0x76, 0xA0, 0x7C, 0x4A, 0x17, 0x4A, 0x9D, 0x02, 0x7A, 0xA0, 0x4A, 0x90, 0x10, 0xE4, 0x04,
    0x99, 0x01, 0x12, 0x40, 0x49, 0x90, 0x34, 0x3E, 0x04, 0xAF, 0x81, 0x2B, 0x04, 0xD3, 0xFA, 0x92,
    0xBE, 0x05, 0x2D, 0xD2, 0xED, 0x81, 0x4F, 0xDD, 0x2E, 0xDA, 0x03, 0x89, 0xD2, 0xED, 0x60, 0x38,
    0x9D, 0x2E, 0xD2, 0x03, 0x89, 0xD2, 0xEC, 0xE0, 0x98, 0xAD, 0x2E, 0xD0, 0x09, 0x9B, 0xD3, 0x22,
    0x41, 0x4E, 0x94, 0x0C, 0x0A, 0xDE, 0x05, 0x0F, 0xC1, 0x43, 0xF0, 0x2B, 0x7C, 0x0A, 0xDE, 0x02,
    0x5F, 0x35, 0xE0, 0x4B, 0xC8, 0x12, 0x28, 0x04, 0x29, 0xDA, 0xC1, 0x43, 0x50, 0x24, 0xC8, 0x08,
    0x52, 0x02, 0x4C, 0x80, 0x6F, 0x20, 0x24, 0x48, 0x14, 0x98, 0x02, 0x4E, 0x36, 0x40, 0x49, 0xCC,
    0xEB, 0x66, 0x04, 0x3A, 0x09, 0x0A, 0x93, 0xA1, 0xA9, 0xD2, 0x75, 0xAC, 0x01, 0x2C, 0xE7, 0x5A,
    0xD0, 0x51, 0x7C, 0x09, 0x79, 0x09, 0xAF, 0x87, 0x8B, 0xF0, 0x9A, 0xFC, 0x0A, 0xB2, 0x02, 0x9D,
    0x02, 0x69, 0x80, 0x1F, 0xC8, 0x14, 0x14, 0x9D, 0x6C, 0xC1, 0x43, 0x59, 0xD6, 0xC4, 0x14, 0x55,
    0x00, 0x9C, 0x81, 0x47, 0x69, 0xD6, 0xB0, 0x14, 0x9F, 0xA5, 0x42, 0xA9, 0x7B, 0x50, 0x2C, 0xE0,
    0x8A, 0xB4, 0x02, 0xCC, 0x81, 0x49, 0x50, 0x30, 0x6F, 0x5E, 0x0A, 0x5F, 0x82, 0x97, 0xE1, 0x47,
    0xE8, 0x95, 0xBE, 0x89, 0x0F, 0x89, 0x56, 0xC1, 0x01, 0xAE, 0xE0, 0x20, 0x3C, 0xDC, 0x84, 0x06,
    0x9B, 0x70, 0x80, 0xD3, 0x68, 0x0B, 0xEA, 0x6C, 0x82, 0x03, 0x6D, 0x98, 0x17, 0x26, 0x0F, 0xB9,
    0x6D, 0x40, 0x0B, 0x2D, 0xC0, 0x3E, 0x6A, 0x01, 0x69, 0x03, 0xEA, 0xC0, 0x18, 0x90, 0x3E, 0xE9,
    0x4B, 0xDA, 0x80, 0x7E, 0x83, 0x49, 0xA0, 0x3B, 0xEF, 0x3A, 0xB2, 0x03, 0x9A, 0xA0, 0x1D, 0x98,
    0x21, 0xE9, 0x68, 0x00, 0xB4, 0x81, 0xD1, 0x40, 0x10, 0x50, 0x05, 0x53, 0xB2, 0x00, 0x22, 0x40,
    0x28, 0x98, 0x07, 0xE6, 0x0E, 0xBA, 0x02, 0x3B, 0x00, 0xE8, 0xCD, 0x90, 0x31, 0x5A, 0xB4, 0x02,
    0xBE, 0x96, 0x60, 0x13, 0x52, 0xC8, 0x25, 0xCF, 0x89, 0x73, 0xE1, 0x32, 0xCA, 0x15, 0x79, 0x62,
    0x09, 0x96, 0x80, 0x83, 0x5B, 0x58, 0x1A, 0xAD, 0x69, 0x13, 0x0D, 0x40, 0xA7, 0x2B, 0x38, 0x0E,
    0x69, 0x67, 0x06, 0xD4, 0x84, 0xCB, 0x60, 0x09, 0x4A, 0xD4, 0x05, 0x3A, 0x5B, 0x01, 0x21, 0x4B,
    0x68, 0x9A, 0xA6, 0x07, 0xE9, 0x5A, 0xC4, 0xD9, 0x50, 0x0E, 0xD0, 0x4D, 0xD2, 0x00, 0xC4, 0xAC,
    0xE2, 0x70, 0xF8, 0x4C, 0xBE, 0x26, 0x8F, 0x84, 0xCB, 0xE1, 0x32, 0xB8, 0x4C, 0x39, 0x64, 0x01,
    0x7C, 0x80, 0xFF, 0x3B, 0x10, 0x74, 0xAC, 0x18, 0xFA, 0x00, 0xFE, 0x81, 0x2F, 0xA8, 0x0F, 0xE6,
    0x26, 0xEC, 0x52, 0xC4, 0xDF, 0x70, 0x0D, 0x4C, 0x1A, 0x75, 0x00, 0xDC, 0xC0, 0xD1, 0x3B, 0x08,
    0x55, 0x2D, 0x63, 0x03, 0x1D, 0x40, 0xA7, 0xF0, 0x29, 0xE0, 0x4E, 0x1F, 0x53, 0x55, 0xA9, 0x76,
    0xA0, 0x74, 0x62, 0xD0, 0x21, 0x3B, 0x03, 0x9E, 0xB6, 0x50, 0x1F, 0xD4, 0x09, 0x14, 0x01, 0xE4,
    0xC0, 0x67, 0x30, 0xE9, 0xE0, 0x06, 0xD3, 0x00, 0x8D, 0x2D, 0x40, 0xAA, 0xC0, 0x45, 0x66, 0xC5,
    0x3A, 0x00, 0x72, 0x80, 0x65, 0xB8, 0x74, 0x3E, 0x04, 0x9E, 0x09, 0xBF, 0xE2, 0x6F, 0xF8, 0x14,
    0x6C, 0x03, 0xC9, 0x05, 0xAF, 0x60, 0xD8, 0xA0, 0x1E, 0x26, 0x0D, 0xF9, 0x00, 0xDE, 0x80, 0x5C,
    0xBD, 0x98, 0x13, 0x98, 0x0E, 0x66, 0x00, 0x83, 0x20, 0x78, 0xD6, 0xDA, 0x61, 0xDC, 0x80, 0x6E,
    0x80, 0x5A, 0xDD, 0x98, 0x13, 0x7F, 0x0E, 0x47, 0xC4, 0xDD, 0xF1, 0x5D, 0x6A, 0xD0, 0x13, 0xBB,
    0x5A, 0x80, 0x81, 0x4B, 0x68, 0xC4, 0x32, 0x00, 0x89, 0x09, 0xB7, 0xC0, 0x37, 0x95, 0x98, 0x01,
    0x14, 0x0B, 0xED, 0x00, 0x1F, 0x20, 0x6D, 0x68, 0x0A, 0x14, 0x14, 0x7D, 0xC1, 0x31, 0xF0, 0x23,
    0x7C, 0x4D, 0xBF, 0x09, 0xD7, 0xC4, 0xDB, 0xFA, 0x10, 0x15, 0x29, 0x69, 0x09, 0xF6, 0xC1, 0xA9,
    0x20, 0x3E, 0x4C, 0x37, 0xB4, 0x02, 0xED, 0xAD, 0x82, 0x0D, 0xB0, 0x68, 0x28, 0x2C, 0x5E, 0x51,
    0x03, 0xB9, 0xAA, 0x28, 0x41, 0x69, 0x43, 0x05, 0x25, 0xA8, 0x20, 0x65, 0xA4, 0xFC, 0x0C, 0x94,
    0xA0, 0x02, 0x8B, 0xE0, 0x5B, 0xF8, 0x9A, 0xFE, 0x0F, 0xBF, 0x9C, 0xBB, 0xE7, 0x2E, 0xB0, 0xDB,
    0xBE, 0x36, 0xEF, 0x8D, 0xBB, 0xE0, 0x5E, 0x90, 0xDB, 0x35, 0x47, 0x1B, 0x67, 0xC6, 0xD9, 0xF0,
    0x10, 0xCE, 0x77, 0x12, 0x13, 0x7E, 0x69, 0x74, 0x90, 0x74, 0x5A, 0x94, 0x02, 0xBA, 0x52, 0x06,
    0xAF, 0x6A, 0x30, 0x3A, 0x69, 0x44, 0x07, 0x4D, 0x28, 0xA2, 0x6B, 0xF8, 0xFD, 0x76, 0x4C, 0x3F,
    0x9F, 0x03, 0xE7, 0xC0, 0xC8, 0x4A, 0xB0, 0x07, 0x89, 0xE5, 0x26, 0xF2, 0xB0, 0x3C, 0x4B, 0x3B,
    0x39, 0x95, 0xC6, 0xE5, 0x42, 0x65, 0xE8, 0x6F, 0xAA, 0x26, 0x3B, 0x89, 0x8A, 0xA2, 0x61, 0xB4,
    0x2E, 0x73, 0x0B, 0xA6, 0x44, 0x82, 0xDF, 0x32, 0x64, 0xFC, 0x99, 0x36, 0x2C, 0x27, 0xCB, 0x09,
    0x50, 0x90, 0x7C, 0x4B, 0x7F, 0x42, 0xDE, 0x80, 0x93, 0x30, 0x24, 0x4C, 0x24, 0x15, 0x26, 0x27,
    0xC9, 0x89, 0xF0, 0x24, 0x56, 0x75, 0x44, 0x08, 0x97, 0xC2, 0x25, 0xF0, 0x26, 0x7C, 0x22, 0x5F,
    0x12, 0xAF, 0x00, 0x85, 0xF2, 0x63, 0x7C, 0x98, 0xDF, 0x02, 0x04, 0x82, 0xB5, 0x80, 0x7E, 0xE0,
    0x08, 0xF2, 0x02, 0x04, 0xE8, 0x60, 0x40, 0xA5, 0x04, 0x36, 0xF4, 0x9F, 0x89, 0x42, 0x94, 0x00,
    0x68, 0x74, 0x08, 0xFF, 0x26, 0x1F, 0xC2, 0xAF, 0xF4, 0xCB, 0xD4, 0x09, 0xFD, 0x08, 0xFD, 0x42,
    0xA9, 0x8A, 0x50, 0x55, 0x29, 0x48, 0x0A, 0xA5, 0x28, 0xC1, 0x28, 0xA5, 0x10, 0x2A, 0x96, 0xA2,
    0x82, 0x62, 0xE1, 0xB3, 0xD0, 0x16, 0x36, 0x0A, 0x0F, 0x82, 0x83, 0xE0, 0x58, 0xF8, 0x16, 0x3E,
    0x09, 0xDE, 0x86, 0x8A, 0xA1, 0x6D, 0xF8, 0x5B, 0x7E, 0x16, 0xDC, 0x01, 0x2F, 0x81, 0xA2, 0xD9,
    0x59, 0xBE, 0x56, 0x6D, 0x81, 0x27, 0xE3, 0x90, 0xF8, 0x95, 0x7E, 0x13, 0x4F, 0x81, 0x4E, 0x80,
    0x51, 0xA0, 0xE4, 0xB3, 0x67, 0x05, 0x05, 0x47, 0xBF, 0x20, 0x50, 0xD0, 0x53, 0x72, 0x05, 0x15,
    0x00, 0x27, 0x20, 0x51, 0xD8, 0x53, 0x92, 0x05, 0x27, 0xC8, 0x69, 0xD0, 0xFD, 0xEC, 0x57, 0xB6,
    0x18, 0xF5, 0x41, 0x47, 0xF0, 0x51, 0xFC, 0x4A, 0xFF, 0x07, 0xFF, 0xC1, 0xFF, 0x71, 0x2B, 0x70,
    0x20, 0x35, 0x12, 0xB7, 0xC4, 0xAD, 0xF1, 0x2B, 0x70, 0x55, 0xF3, 0x07, 0xC4, 0xC5, 0x81, 0x20,
    0x7C, 0xD0, 0x76, 0x74, 0x07, 0xD5, 0x07, 0xE1, 0x69, 0xF9, 0x05, 0x2D, 0x40, 0x1D, 0x7D, 0x44,
    0xAB, 0x8A, 0x10, 0xF7, 0x2D, 0x44, 0x1D, 0xBD, 0xA8, 0xA5, 0xAE, 0xB8, 0x02, 0x24, 0x48, 0x3A,
    0xD0, 0x87, 0xBB, 0x60, 0x10, 0x4C, 0x4B, 0x3D, 0x09, 0xA6, 0x68, 0x40, 0x31, 0xA5, 0x10, 0x06,
    0x14, 0xA2, 0x82, 0xC6, 0x94, 0x40, 0x13, 0x52, 0x84, 0x25, 0xEF, 0x89, 0x7B, 0xE2, 0x5E, 0xF8,
    0x97, 0xAA, 0x03, 0x59, 0x04, 0xCB, 0x20, 0x41, 0xAD, 0x20, 0x08, 0x34, 0xA2, 0x03, 0x72, 0x44,
    0xC5, 0xAD, 0x14, 0x1B, 0xB2, 0x01, 0xCD, 0x01, 0xB9, 0x21, 0x31, 0xD8, 0x02, 0x52, 0xA3, 0x81,
    0xC2, 0x94, 0x90, 0xE7, 0x54, 0x03, 0xB2, 0x26, 0x34, 0xE8, 0x20, 0x07, 0x91, 0x31, 0xAB, 0x43,
    0xA5, 0xD1, 0xC9, 0x8D, 0x40, 0x0E, 0xCC, 0x4D, 0xBF, 0x09, 0xAF, 0xC4, 0xD5, 0xF0, 0x9A, 0xFC,
    0x26, 0xB7, 0xA2, 0x04, 0xD3, 0x80, 0x40, 0x90, 0x2C, 0xAC, 0x04, 0x1C, 0x82, 0x0E, 0x60, 0x41,
    0x98, 0x4D, 0x2A, 0x04, 0x19, 0x89, 0xCA, 0xE0, 0x43, 0x90, 0x25, 0x28, 0x06, 0xC9, 0x80, 0x72,
    0x60, 0xD8, 0xA8, 0x07, 0x66, 0x0D, 0x8A, 0x85, 0x6A, 0xA0, 0x25, 0xB0, 0x15, 0xBE, 0x4C, 0x9F,
    0x87, 0x57, 0xC0, 0x33, 0x90, 0x3B, 0x2D, 0x45, 0x04, 0x84, 0x84, 0x33, 0x50, 0x75, 0xD6, 0x86,
    0x1D, 0x5A, 0x80, 0xAE, 0x40, 0xA9, 0xA8, 0x0C, 0xE6, 0x1D, 0x7C, 0x00, 0xDA, 0x60, 0x52, 0xB0,
    0x10, 0x66, 0x01, 0xD9, 0x84, 0xEE, 0x74, 0x40, 0x33, 0x50, 0x03, 0x93, 0x13, 0xC5, 0x03, 0xF5,
    0x40, 0xEB, 0x7C, 0x99, 0x3F, 0x13, 0xAF, 0xC4, 0xEB, 0xF0, 0x79, 0x4E, 0x94, 0x4C, 0x9E, 0x01,
    0xD2, 0x60, 0x78, 0x98, 0x21, 0x66, 0x12, 0x1A, 0x01, 0x72, 0xA0, 0xD7, 0xA0, 0x27, 0xAE, 0x05,
    0xDA, 0x01, 0x52, 0x94, 0x1A, 0x5D, 0x20, 0x0B, 0xD6, 0x03, 0x14, 0xE8, 0x00, 0x9E, 0xB0, 0x45,
    0x26, 0x10, 0xBA, 0xD1, 0x82, 0x8D, 0x50, 0x2E, 0xD4, 0x0A, 0x9F, 0x0E, 0x8F, 0xC4, 0xEB, 0xF0,
    0xE0, 0xDA, 0x8C, 0x14, 0x2B, 0x52, 0x01, 0x41, 0x4A, 0x51, 0x33, 0x34, 0x09, 0xDA, 0x00, 0xC6,
    0x40, 0x9C, 0xCD, 0x10, 0x1C, 0xD4, 0x04, 0xC4, 0xC6, 0x27, 0x40, 0x82, 0x58, 0x1F, 0x93, 0x08,
    0x26, 0xC1, 0x3B, 0xF0, 0x24, 0x7C, 0x75, 0xBF, 0x13, 0xC7, 0xC2, 0x85, 0xF0, 0x2B, 0x56, 0x06,
    0x05, 0x6C, 0x13, 0x3B, 0x21, 0xC6, 0xA0, 0x11, 0xA4, 0x21, 0x89, 0xD1, 0xC0, 0xBF, 0x40, 0xA0,
    0xD8, 0x35, 0x35, 0x16, 0x77, 0x20, 0xA4, 0x71, 0xF4, 0x10, 0x14, 0xD6, 0x81, 0x01, 0x96, 0x90,
    0x13, 0xEF, 0x60, 0x0B, 0x3F, 0x02, 0xCF, 0xC4, 0xE9, 0xF2, 0x66, 0x7D, 0x31, 0xFF, 0x95, 0x4E,
    0xB2, 0xD3, 0xB9, 0x78, 0xDD, 0xFE, 0x37, 0x7F, 0x8D, 0xDF, 0xE0, 0x5A, 0xC6, 0x65, 0x3E, 0x34,
    0x12, 0x05, 0x73, 0x40, 0x5B, 0xA6, 0x5C, 0x0B, 0x76, 0xCA, 0x01, 0x6E, 0x99, 0x10, 0x60, 0x53,
    0x24, 0x4C, 0xEA, 0x09, 0xE3, 0x39, 0x6A, 0x5C, 0x24, 0x1D, 0x56, 0x85, 0x00, 0xB6, 0x90, 0x81,
    0xB0, 0x59, 0xD2, 0x34, 0xA5, 0xC1, 0x41, 0xD7, 0x48, 0x30, 0x9D, 0x3D, 0x9E, 0xA6, 0x4B, 0xC9,
    0x9D, 0xF4, 0xC9, 0x7C, 0xE6, 0xBF, 0x39, 0xAF, 0xCE, 0x6B, 0xBA, 0x5E, 0x84, 0x08, 0x16, 0xD1,
    0x00, 0xE6, 0x99, 0xF0, 0x1C, 0xD3, 0x38, 0x4C, 0xEB, 0x66, 0x49, 0x9D, 0x4C, 0xD1, 0xCC, 0x2F,
    0x4C, 0x87, 0xD2, 0xF3, 0xC4, 0xCE, 0xFA, 0x66, 0x3E, 0x4C, 0xEF, 0x84, 0x83, 0xE2, 0x63, 0xF9,
    0x7B, 0xFE, 0x99, 0x3F, 0x93, 0x3B, 0xE9, 0x93, 0xF9, 0x61, 0x3E, 0x8F, 0x1F, 0x81, 0x2B, 0xE1,
    0x12, 0xF9, 0xC8, 0xBE, 0x99, 0x3F, 0x93, 0x33, 0xE9, 0x93, 0xEA, 0x4D, 0xFE, 0x42, 0x7F, 0xA6,
    0x3B, 0xE0, 0x45, 0xF8, 0x7E, 0xFE, 0x25, 0x4F, 0x9C, 0x7B, 0xE6, 0x1F, 0xF8, 0xF2, 0x3E, 0x3C,
    0x8F, 0xA3, 0xA7, 0xE9, 0x8E, 0xF8, 0x27, 0x3E, 0x09, 0xCF, 0x81, 0x5B, 0xE7, 0x1F, 0xFA, 0x63,
    0xBE, 0x98, 0xEF, 0xA6, 0x3B, 0xE9, 0x8E, 0xFA, 0x63, 0xBE, 0x98, 0xEF, 0xA6, 0x3B, 0xE0, 0x4B,
    0xF8, 0xE5, 0x3E, 0x25, 0x1F, 0x84, 0xC3, 0xE9, 0x8E, 0xFA, 0x63, 0xBE, 0x98, 0xEF, 0xA6, 0x3B,
    0xE9, 0x8E, 0xFA, 0x63, 0xBE, 0x98, 0xEF, 0xA6, 0x3B, 0xE0, 0xA5, 0xF8, 0x50, 0xBE, 0x25, 0x5F,
    0xA6, 0x3B, 0xE9, 0x8E, 0xFA, 0x63, 0xBE, 0x98, 0xEF, 0xA6, 0x3B, 0xE9, 0x8E, 0xFA, 0x63, 0xBE,
    0x98, 0xEF, 0xA6, 0x3B, 0xE9, 0x8E, 0xFA, 0x63, 0xBE, 0x72, 0x2F, 0xA6, 0x3B, 0xE9, 0x8E, 0xF8,
    0x96, 0x3E, 0x25, 0x8F, 0x89, 0x63, 0xE9, 0x8E, 0xFA, 0x63, 0xBE, 0x98, 0xEF, 0xA6, 0x3B, 0xE9,
    0x8E, 0xFA, 0x63, 0xBE, 0x98, 0xEF, 0x84, 0xCB, 0xE2, 0x63, 0xF8, 0x4C, 0xBE, 0x98, 0xEF, 0xA6,
    0x3B, 0xE9, 0x8E, 0xFA, 0x63, 0xBE, 0x98, 0xEF, 0xA6, 0x3B, 0xE9, 0x8E, 0xF8, 0x14, 0xFE, 0x4C,
    0x4F, 0xA6, 0x3B, 0xE9, 0x8E, 0xFA, 0x63, 0xBE, 0x98, 0xEF, 0xA6, 0x3B, 0xE9, 0x8E, 0xFA, 0x63,
    0xBE, 0x1D, 0x0F, 0x93, 0x13, 0xE2, 0x6F, 0xF8, 0x9B, 0xFE, 0x98, 0xEF, 0xA6, 0x3B, 0xE9, 0x8E,
    0xFA, 0x63, 0xBE, 0x98, 0xEF, 0xA6, 0x3B, 0xE9, 0x8E, 0xF8, 0x72, 0x3E, 0x26, 0xEF, 0xA6, 0x3B,
    0xE9, 0x8E, 0xFA, 0x63, 0xBE, 0x98, 0xEF, 0xA6, 0x3B, 0xE9, 0x8E, 0xF8, 0x26, 0x3E, 0x04, 0x6F,
    0x8E, 0x7B, 0xE2, 0x6D, 0xF8, 0x4E, 0xBE, 0x98, 0xEF, 0xA6, 0x3B, 0xE9, 0x8E, 0xFA, 0x63, 0xBE,
    0x98, 0xEF, 0x9F, 0x6B, 0xE9, 0x8E, 0xF8, 0x16, 0xFE, 0x26, 0xBF, 0x89, 0xAF, 0xE9, 0x8E, 0xF9,
    0xCD, 0xFE, 0x36, 0xEF, 0x8D, 0xBB, 0xE3, 0x6E, 0xFA, 0x63, 0xBE, 0x36, 0xCF, 0x8D, 0xB3, 0xE9,
    0x8E, 0xFA, 0x08, 0x3E, 0x82, 0x0F, 0xA6, 0x3B, 0xE9, 0x8E, 0xF9, 0x2F, 0xFE, 0x72, 0xFF, 0x9C,
    0xBF, 0xE7, 0x2F, 0xFA, 0x63, 0xBE, 0x98, 0xEF, 0xA6, 0x3B, 0xE9, 0x8E, 0xFA, 0x63, 0xBE, 0x4B,
    0xFF, 0x84, 0x83, 0xE2, 0x5B, 0xF9, 0x78, 0x3E, 0x98, 0xEF, 0x92, 0xFF, 0xE9, 0x8E, 0xFA, 0x63,
    0xBE, 0x11, 0x2F, 0x97, 0x53, 0xE1, 0x12, 0xF9, 0xC6, 0xBE, 0x04, 0x2F, 0x93, 0x07, 0xE9, 0x8E,
    0xFA, 0x63, 0xBE, 0x98, 0xEF, 0xA6, 0x3B, 0xE6, 0x76, 0xF8, 0x11, 0xFE, 0x25, 0x3F, 0x9C, 0x63,
    0xE0, 0x4F, 0xF9, 0x85, 0xBE, 0x61, 0x6F, 0xA6, 0x3B, 0xE9, 0x8E, 0xF8, 0x6C, 0xFE, 0x0A, 0x0F,
    0x82, 0x83, 0xE0, 0x58, 0xF9, 0xC6, 0x3E, 0x98, 0xEF, 0x85, 0xB7, 0xE1, 0x6D, 0xFA, 0x63, 0xBE,
    0x98, 0xEF, 0x95, 0x9B, 0xE1, 0x73, 0xF8, 0xBC, 0xBE, 0x25, 0x5F, 0x84, 0xD3, 0xE9, 0x8E, 0xFA,
    0x63, 0xBE, 0x98, 0xEF, 0xA6, 0x3B, 0xE9, 0x8E, 0xF9, 0x0D, 0x3E, 0x98, 0xEF, 0xA6, 0x3B, 0xE0,
    0x59, 0xF8, 0x51, 0x3E, 0x25, 0x7F, 0x83, 0xFF, 0xE9, 0x8E, 0xF8, 0x95, 0xBE, 0x25, 0x6F, 0x89,
    0x5B, 0xE9, 0x8E, 0xFA, 0x63, 0xBE, 0x98, 0xEF, 0xA6, 0x3B, 0xE9, 0x8E, 0xFA, 0x63, 0xBE, 0x98,
    0xEF, 0xA6, 0x3B, 0xE9, 0x8E, 0xFA, 0x63, 0xBE, 0x25, 0xEF, 0x89, 0x7B, 0x60, 0xEC, 0xF8, 0x3B,
    0x3E, 0x26, 0xCF, 0xA6, 0x72, 0xC3, 0x42, 0xC8, 0x3B, 0x6A, 0x88, 0xA9, 0xA2, 0xA2, 0xA0, 0xED,
    0xAA, 0x2A, 0x32, 0x8B, 0x19, 0x88, 0xAE, 0xE9, 0x9F, 0xCA, 0x42, 0xF2, 0x09, 0x2A, 0xA5, 0x22,
    0xA8, 0x69, 0xBA, 0x2A, 0x7E, 0x43, 0x9F, 0xC0, 0xC0, 0xAD, 0x20, 0x72, 0xCA, 0x81, 0x00, 0x4C,
    0xAF, 0xD3, 0x2B, 0xF4, 0xCA, 0xFD, 0x32, 0xBF, 0x4C, 0xAF, 0xD3, 0x2B, 0xF4, 0xCA, 0xFD, 0x32,
    0xBF, 0x02, 0x67, 0xC2, 0x6B, 0xF0, 0x9A, 0xFD, 0x34, 0x1F, 0x24, 0x4F, 0x13, 0x0B, 0xF4, 0xC2,
    0xE4, 0x0A, 0xD5, 0x02, 0x0C, 0xC0, 0xAD, 0x74, 0xD1, 0x64, 0x0A, 0xF3, 0x00, 0xE4, 0xC0, 0xAF,
    0x45, 0x2C, 0xD8, 0x03, 0xB3, 0x02, 0xB5, 0x41, 0x95, 0x40, 0x2B, 0x7C, 0x6B, 0x9F, 0x4C, 0xBF,
    0xC0, 0xE7, 0x60, 0x90, 0x50, 0x06, 0x12, 0x0A, 0x3D, 0xC1, 0xC7, 0x40, 0x66, 0xD0, 0x2E, 0x35,
    0x4A, 0x6E, 0xD3, 0x2B, 0x90, 0x1F, 0xCE, 0x80, 0x10, 0x9F, 0x84, 0x27, 0x02, 0x32, 0xF8, 0x76,
    0x3E, 0x14, 0x9F, 0x85, 0x27, 0xE2, 0x36, 0xFA, 0x68, 0xF6, 0x14, 0x9C, 0xD2, 0x01, 0x47, 0x4A,
    0x50, 0xDB, 0xAE, 0x0A, 0x0B, 0xA7, 0xB7, 0x49, 0xA5, 0xC8, 0x19, 0x6A, 0x0F, 0x7B, 0x85, 0x12,
    0xE0, 0xF7, 0xC8, 0x28, 0x3E, 0x05, 0x8F, 0x85, 0x23, 0xE9, 0x9B, 0xF8, 0x13, 0xBE, 0x99, 0xBF,
    0xA6, 0x6F, 0xE9, 0x9B, 0xFA, 0x66, 0xFE, 0x99, 0xBF, 0xA6, 0x6F, 0xE0, 0x4F, 0xF8, 0x13, 0xFE,
    0x04, 0xFE, 0xA6, 0x3B, 0x21, 0xE8, 0xF0, 0xDD, 0xFE, 0x98, 0xEF, 0xA6, 0x3B, 0xE9, 0x8E, 0xFA,
    0x63, 0xBA, 0x24, 0x0C, 0x42, 0xC4, 0x81, 0x68, 0x58, 0x14, 0x6D, 0x0F, 0x02, 0x8E, 0x64, 0xF0,
    0xA0, 0xCF, 0x52, 0x05, 0x2C, 0xFA, 0x06, 0x7B, 0xE5, 0x2C, 0xC4, 0xD0, 0x48, 0xD4, 0xB2, 0x0B,
    0x56, 0x96, 0x91, 0x6A, 0xD2, 0x64, 0x05, 0xFA, 0x26, 0xDE, 0x82, 0xD5, 0xC4, 0x28, 0x0B, 0xF4,
    0x84, 0x01, 0x7E, 0x90, 0x70, 0x2F, 0xD2, 0x0A, 0x05, 0xFB, 0x41, 0x80, 0xBF, 0xC9, 0xA2, 0x6E,
    0xB3, 0x3A, 0x9A, 0x81, 0x7E, 0x93, 0x30, 0x2F, 0xDA, 0x60, 0x05, 0xFA, 0x4B, 0x80, 0xBF, 0x49,
    0x78, 0x58, 0x69, 0x32, 0xA5, 0xE8, 0x40, 0x05, 0x29, 0xA2, 0x69, 0xE4, 0x16, 0x49, 0xCD, 0x93,
    0x51, 0x20, 0xC5, 0x56, 0x68, 0x9A, 0xA9, 0x06, 0x2A, 0x73, 0x14, 0xD5, 0x48, 0x04, 0x13, 0x97,
    0x26, 0xAE, 0x42, 0xD2, 0xAC, 0x3C, 0x5A, 0x56, 0x9C, 0x80, 0xC7, 0x13, 0x10, 0x15, 0x52, 0x68,
    0x02, 0xAA, 0x4D, 0x80, 0x55, 0x49, 0xA0, 0x09, 0xA9, 0x31, 0x0C, 0x55, 0x41, 0x03, 0x48, 0x00,
    0x5F, 0x72, 0x02, 0x59, 0x4F, 0x01, 0x97, 0x32, 0x47, 0xD4, 0x06, 0x12, 0x9D, 0x00, 0xC2, 0x93,
    0x4A, 0x5C, 0xDC, 0xF0, 0xF6, 0x9B, 0x52, 0xE6, 0xA0, 0x28, 0xAD, 0x2E, 0x6C, 0x52, 0x59, 0x81,
    0x46, 0x53, 0x90, 0x2B, 0xCE, 0x97, 0x3C, 0x05, 0xC5, 0x40, 0x3F, 0x29, 0xE9, 0xE1, 0xE9, 0x30,
    0xA5, 0xCE, 0xCF, 0x0F, 0x69, 0x9D, 0x2E, 0x70, 0x78, 0x7A, 0x4D, 0x40, 0x39, 0x22, 0x97, 0x48,
    0x19, 0x35, 0x28, 0xEC, 0xC2, 0x17, 0x21, 0x26, 0xD0, 0x09, 0x12, 0x12, 0x35, 0xE6, 0x40, 0x15,
    0x90, 0x1F, 0xE8, 0x01, 0xE9, 0x01, 0x56, 0x60, 0x26, 0x98, 0x15, 0xA6, 0x02, 0x69, 0x89, 0x1E,
    0xA0, 0x26, 0x98, 0x13, 0x26, 0x02, 0x69, 0x01, 0x96, 0x80, 0x4E, 0x98, 0x06, 0xA6, 0x0A, 0x1A,
    0x80, 0x6E, 0x60, 0x4E, 0x9C, 0xB4, 0x03, 0x72, 0x01, 0x1D, 0x40, 0x97, 0x60, 0x1D, 0x54, 0x1F,
    0x9B, 0x0A, 0x75, 0xC3, 0xE9, 0xF0, 0xAA, 0xD4, 0x1E, 0x36, 0x9C, 0x8B, 0xB7, 0x99, 0x60, 0x3C,
    0xC8, 0x05, 0x53, 0x0D, 0x7C, 0x80, 0xCB, 0x20, 0x27, 0xCE, 0x84, 0x08, 0xB9, 0x01, 0x3E, 0x78,
    0x90, 0x49, 0xC8, 0x09, 0xF5, 0xEC, 0x00, 0xE2, 0x58, 0x1F, 0xF4, 0x7A, 0x75, 0x04, 0x9D, 0xCC,
    0xE9, 0x73, 0x92, 0x46, 0x52, 0x6C, 0x29, 0x2B, 0x02, 0x6E, 0x80, 0x17, 0x90, 0x44, 0xE7, 0x3A,
    0x00, 0xF5, 0x20, 0xD4, 0xB0, 0x59, 0xCA, 0x74, 0x11, 0x6A, 0x06, 0xE6, 0x53, 0x90, 0x77, 0x5A,
    0x04, 0x01, 0x89, 0x01, 0xC2, 0x70, 0x0A, 0x58, 0x1B, 0xAB, 0x01, 0x01, 0x05, 0x01, 0xDD, 0xA9,
    0xD4, 0x10, 0x1D, 0xFA, 0x83, 0x52, 0xF3, 0xC0, 0x78, 0xA4, 0x20, 0x31, 0x73, 0x02, 0x75, 0x20,
    0xCC, 0x33, 0xB4, 0x0E, 0x97, 0x8E, 0x01, 0x65, 0x20, 0x14, 0xBE, 0xF8, 0x3D, 0x72, 0x07, 0xA9,
    0x83, 0xBE, 0xA0, 0x0F, 0x94, 0x2A, 0x99, 0x33, 0x01, 0xA5, 0x20, 0xC0, 0x33, 0xA4, 0x20, 0x1E,
    0x16, 0x83, 0x00, 0x9E, 0x90, 0x30, 0x77, 0x52, 0x01, 0x4B, 0x86, 0x81, 0x5A, 0x50, 0xE0, 0x13,
    0xDA, 0x18, 0x0E, 0xCA, 0x41, 0xA9, 0x70, 0x90, 0x76, 0x58, 0x07, 0x32, 0x07, 0x65, 0x20, 0xC1,
    0x7B, 0x90, 0x3B, 0x24, 0x3F, 0x4F, 0xCD, 0xA6, 0x23, 0xE0, 0xA4, 0xE0, 0x3F, 0x34, 0x82, 0x52,
    0xE1, 0x40, 0x65, 0xA4, 0x36, 0x7D, 0x79, 0x01, 0x5D, 0x21, 0xF3, 0xEA, 0xD0, 0x1D, 0x69, 0x0C,
    0x9F, 0x4F, 0x40, 0xFD, 0x48, 0x54, 0xF8, 0x0A, 0x12, 0x9D, 0x41, 0xC0, 0x51, 0x28, 0x58, 0x35,
    0xE6, 0x29, 0x7A, 0x41, 0x84, 0x7B, 0x30, 0x06, 0x4B, 0xE9, 0x3F, 0x90, 0x00, 0x76, 0x90, 0xC9,
    0xF7, 0x80, 0x03, 0xB6, 0xE6, 0x80, 0x76, 0xDB, 0xC0, 0x0E, 0xDB, 0x58, 0x12, 0xBB, 0x89, 0x17,
    0x91, 0x30, 0x7B, 0x7A, 0x00, 0x1E, 0xFF, 0x9C, 0x73, 0xE4, 0xC5, 0xB2, 0x8F, 0xEB, 0x07, 0x07,
    0xEE, 0x02, 0x99, 0x20, 0x6D, 0x52, 0x14, 0x1E, 0xEA, 0x43, 0x03, 0xDD, 0x43, 0x2F, 0x58, 0x0C,
    0xF2, 0x05, 0x04, 0xF6, 0x40, 0x6E, 0xA6, 0xCC, 0x10, 0x72, 0x4E, 0xF5, 0x00, 0xC5, 0x20, 0xA3,
    0xD7, 0x5C, 0x09, 0x59, 0x02, 0x9A, 0x7A, 0xC0, 0x0D, 0x48, 0x19, 0xB3, 0xD6, 0x82, 0x96, 0xDA,
    0xF0, 0x55, 0xCC, 0x03, 0x53, 0x06, 0x85, 0x00, 0x37, 0x30, 0x7E, 0xD4, 0x03, 0x93, 0x01, 0x3C,
    0xF5, 0xE0, 0x1B, 0x90, 0x09, 0x26, 0x01, 0xB9, 0x83, 0xF6, 0xB1, 0x35, 0x0A, 0x7D, 0x40, 0xF2,
    0x50, 0x6E, 0x76, 0x6A, 0x35, 0xAA, 0x8D, 0x2A, 0x0F, 0x6E, 0x80, 0x86, 0x49, 0xEE, 0x98, 0x3E,
    0x24, 0x9B, 0x3B, 0x6B, 0xD3, 0x67, 0x6D, 0x8A, 0x7B, 0x64, 0x0F, 0x8A, 0xEC, 0xD3, 0xAB, 0x20,
    0x12, 0xCF, 0x64, 0x9E, 0xF9, 0x03, 0xEA, 0x7A, 0xF4, 0xF7, 0xCC, 0x0A, 0xB2, 0xDC, 0x07, 0xA6,
    0xDA, 0xC0, 0x0E, 0x48, 0x1F, 0x93, 0xD7, 0x00, 0x72, 0x40, 0xFC, 0xAE, 0xC5, 0x3A, 0x32, 0x07,
    0xE4, 0xC0, 0x39, 0x30, 0xF4, 0xFC, 0x3D, 0x35, 0x01, 0x44, 0x83, 0xD3, 0x60, 0x13, 0x48, 0x0F,
    0xB6, 0x51, 0x45, 0x00, 0x4D, 0x40, 0x29, 0xCC, 0x04, 0xD3, 0x0C, 0xCD, 0x40, 0x4D, 0x30, 0x26,
    0x4C, 0x04, 0xD2, 0x02, 0x14, 0xC0, 0x9D, 0x40, 0x0D, 0x4C, 0x14, 0x35, 0x00, 0xDC, 0xC1, 0x43,
    0x55, 0x25, 0xD0, 0x03, 0x72, 0x02, 0x5D, 0x80, 0x75, 0x50, 0xF2, 0xFC, 0x3C, 0xBF, 0x02, 0x2C,
    0xB6, 0x14, 0xBD, 0xA8, 0x78, 0xF9, 0xB3, 0x03, 0x9C, 0x94, 0xA1, 0x80, 0x07, 0x49, 0x4E, 0x34,
    0x02, 0x3E, 0x80, 0x69, 0x30, 0x23, 0xCC, 0x06, 0x92, 0x00, 0x7D, 0x36, 0xA0, 0x48, 0xA0, 0x06,
    0xA6, 0x1E, 0x4A, 0x82, 0x5A, 0xA0, 0x1B, 0x98, 0x11, 0xEA, 0x06, 0xBA, 0x0D, 0xF2, 0xE6, 0x98,
    0xB6, 0xE5, 0x52, 0x14, 0x08, 0xA4, 0xF6, 0xA6, 0x96, 0xB2, 0xA7, 0x68, 0x01, 0xD9, 0x08, 0x26,
    0x7B, 0x40, 0x75, 0x54, 0xCA, 0x52, 0xDB, 0x03, 0x2E, 0x86, 0x8E, 0xD5, 0x2F, 0x6C, 0x8E, 0xBB,
    0x2A, 0xF2, 0xE0, 0xE6, 0xA0, 0xEA, 0xFE, 0x44, 0x0B, 0x6D, 0x01, 0xD9, 0x6D, 0xB0, 0x0B, 0x69,
    0xB9, 0x3B, 0x3D, 0x0F, 0xEF, 0x5D, 0xB0, 0x8D, 0xA9, 0xB4, 0x07, 0x3C, 0xD1, 0x8F, 0xF3, 0x89,
    0xD8, 0x9E, 0xF4, 0x79, 0x2D, 0x41, 0xD5, 0x69, 0xF8, 0x3A, 0x69, 0x40, 0x0F, 0x2F, 0xC7, 0xD7,
    0xB2, 0xE5, 0x70, 0x7C, 0x75, 0x4F, 0x3C, 0x8C, 0x35, 0x20, 0xF5, 0x48, 0xC3, 0x32, 0x0F, 0x4C,
    0x8C, 0x31, 0x20, 0xF4, 0x48, 0xC7, 0x12, 0x02, 0xD4, 0x8C, 0xA7, 0x20, 0xF3, 0x60, 0x7C, 0x1A,
    0x31, 0x0E, 0x73, 0x41, 0xED, 0xB6, 0x5C, 0x3D, 0x94, 0xCA, 0x07, 0xAE, 0x99, 0x10, 0xF5, 0x53,
    0x24, 0x1E, 0x9F, 0x8F, 0x77, 0xE1, 0xE9, 0xF8, 0xF6, 0x7E, 0x3D, 0x9F, 0x90, 0xE7, 0xC7, 0xB1,
    0xF9, 0x0E, 0x7E, 0x3D, 0x9F, 0x8F, 0x67, 0xE3, 0xD9, 0xF8, 0xF6, 0x7E, 0x3D, 0x9F, 0x8F, 0x67,
    0xE3, 0xD9, 0xF8, 0xF6, 0x7E, 0x3D, 0x9F, 0x8F, 0x67, 0xC1, 0x01, 0xA0, 0xF5, 0x7E, 0x3D, 0x5F,
    0x8F, 0x57, 0xE3, 0xD5, 0xF8, 0xF5, 0x7E, 0x3D, 0x5F, 0x87, 0xAF, 0xE3, 0xD5, 0xF8, 0xF5, 0x7E,
    0x3D, 0x5F, 0x8F, 0x57, 0xE3, 0xD5, 0xF8, 0xF5, 0x7E, 0x3D, 0x5F, 0x8F, 0x57, 0xE1, 0xEF, 0xF8,
    0xF5, 0x7E, 0x3D, 0x5F, 0x8F, 0x57, 0xE3, 0xD5, 0xF8, 0xF5, 0x7E, 0x3D, 0x5F, 0x8F, 0x57, 0xE3,
    0xD5, 0xF8, 0xF5, 0x7E, 0x3D, 0x5F, 0x8F, 0x57, 0xE3, 0xD5, 0xF8, 0xF5, 0x7E, 0x3D, 0x5F, 0x8F,
    0x57, 0xE3, 0xD5, 0xF8, 0xF5, 0x7E, 0x3D, 0x5F, 0x8F, 0x57, 0xE3, 0xD5, 0xF8, 0xF5, 0x7E, 0x3D,
    0x5F, 0x8F, 0x57, 0xE3, 0xD5, 0xF8, 0xF5, 0x7E, 0x3D, 0x5F, 0x8F, 0x57, 0xE3, 0xD5, 0xF8, 0xF5,
    0x7E, 0x1E, 0xBF, 0x87, 0xAF, 0xE3, 0xD5, 0xF8, 0xF5, 0x7E, 0x3D, 0x5F, 0x8F, 0x57, 0xE3, 0xD5,
    0xF8, 0xF5, 0x7E, 0x3D, 0x5F, 0x8F, 0x57, 0xE3, 0xD5, 0xF8, 0xF5, 0x7E, 0x3D, 0x5F, 0x8F, 0x57,
    0xE3, 0xD5, 0xF8, 0xF5, 0x7E, 0x3D, 0x5F, 0x8F, 0x57, 0xE3, 0xD5, 0xF8, 0xF5, 0x7E, 0x3D, 0x5F,
    0x8F, 0x57, 0xE3, 0xD5, 0xF8, 0xF5, 0x7E, 0x3D, 0x5F, 0x8F, 0x57, 0xE3, 0xD5, 0xF8, 0xF5, 0x7E,
    0x3D, 0x5F, 0x8F, 0x57, 0xE3, 0xD5, 0xF8, 0x79, 0x7E, 0x3D, 0x5F, 0x8F, 0x57, 0xE3, 0xD5, 0xF8,
    0xF5, 0x7E, 0x3D, 0x5F, 0x8F, 0x57, 0xE3, 0xD5, 0xC0, 0x06, 0xA6, 0x09, 0xAB, 0x3B, 0x36, 0xA3,
    0xD1, 0xB0, 0x2A, 0xA8, 0x06, 0xEB, 0x02, 0xEF, 0x03, 0xD4, 0xAE, 0xB8, 0x7A, 0x93, 0x01, 0xB5,
    0x00, 0x4F, 0x3D, 0x6B, 0xB2, 0x2A, 0x3D, 0x5B, 0x6C, 0x80, 0x95, 0x60, 0x0D, 0x4C, 0x1C, 0xFD,
    0x00, 0xFC, 0x83, 0xC1, 0x60, 0x0F, 0xC8, 0x05, 0x94, 0x01, 0x04, 0xC0, 0x59, 0x3D, 0x68, 0x39,
    0xEC, 0x02, 0x19, 0x83, 0x9E, 0xA3, 0xD5, 0xA0, 0x2A, 0xED, 0xB1, 0x02, 0x1C, 0x82, 0x7B, 0x5D,
    0xA8, 0x39, 0xA8, 0x10, 0xB9, 0x03, 0x9A, 0xA0, 0x1E, 0x90, 0x39, 0x66, 0x10, 0xB9, 0x87, 0x8B,
    0xE1, 0xE2, 0x98, 0xF3, 0xB6, 0x03, 0xD9, 0x01, 0x26, 0xC1, 0xE2, 0x98, 0x0A, 0x26, 0x1E, 0x29,
    0x80, 0xA2, 0x61, 0xE2, 0x98, 0x0A, 0x26, 0x3D, 0x09, 0xEE, 0x43, 0xC3, 0xA0, 0x15, 0x48, 0x0F,
    0x36, 0x0F, 0x15, 0x40, 0x3B, 0x30, 0xF1, 0x4C, 0x11, 0x53, 0x0F, 0x14, 0xC0, 0x3B, 0x30, 0xF1,
    0x4C, 0x13, 0x73, 0x0F, 0x17, 0xCF, 0xFD, 0xF3, 0xD6, 0x74, 0x3C, 0xDF, 0x1E, 0x97, 0xC7, 0xA5,
    0xDD, 0xC9, 0xEB, 0x39, 0xB7, 0x07, 0xFD, 0x36, 0xA1, 0xE7, 0xA6, 0xC9, 0x83, 0x79, 0x0A, 0x1D,
    0xA6, 0x80, 0x59, 0xA4, 0xD4, 0x15, 0x56, 0x99, 0x80, 0x5A, 0x43, 0xCC, 0xB0, 0x03, 0xE4, 0x3C,
    0xDA, 0x00, 0x66, 0x43, 0xCE, 0xD8, 0x65, 0xA6, 0x01, 0x99, 0x0F, 0x3A, 0xDB, 0x91, 0xE7, 0x63,
    0x70, 0x3A, 0x1B, 0x04, 0x7E, 0xB2, 0xE0, 0x8F, 0xD1, 0x4F, 0x7B, 0x1E, 0x77, 0xC7, 0x9D, 0xF3,
    0xD4, 0x7C, 0xF5, 0x1F, 0x1E, 0x97, 0xC7, 0xA5, 0xF1, 0xE9, 0x7C, 0x7A, 0x5F, 0x1E, 0x97, 0xC7,
    0xA5, 0xF1, 0xE9, 0x7C, 0x7A, 0x5F, 0x1E, 0x97, 0xC7, 0xA5, 0xF1, 0xE9, 0x7C, 0x7A, 0x5F, 0x1E,
    0x97, 0xC7, 0xA5, 0xF0, 0xF6, 0x7C, 0x3D, 0x9F, 0x1E, 0x97, 0xC7, 0xA5, 0xF1, 0xE9, 0x7C, 0x7A,
    0x5F, 0x1E, 0x97, 0xC7, 0xA5, 0xF1, 0xE9, 0x7C, 0x7A, 0x5F, 0x1E, 0x97, 0xC7, 0xA5, 0xF1, 0xE9,
    0x7C, 0x7A, 0x5F, 0x1E, 0x97, 0xC7, 0xA5, 0xF1, 0xE9, 0x7C, 0x7A, 0x5F, 0x1E, 0x97, 0xC7, 0xA5,
    0xF1, 0xE9, 0x7C, 0x7A, 0x5F, 0x1E, 0x97, 0xC7, 0xA5, 0xF1, 0xE9, 0x7C, 0x7A, 0x5F, 0x1E, 0x97,
    0xC7, 0xA5, 0xF1, 0xE9, 0x7C, 0x3D, 0xFF, 0x1E, 0x97, 0xC7, 0xA5, 0xF1, 0xE9, 0x7C, 0x7A, 0x5F,
    0x1E, 0x97, 0xC7, 0xA5, 0xF1, 0xE9, 0x7C, 0x7A, 0x5F, 0x1E, 0x97, 0xC7, 0xA5, 0xF1, 0xE9, 0x7C,
    0x7A, 0x5F, 0x1E, 0x97, 0xC7, 0xA5, 0xF1, 0xE9, 0x7C, 0x7A, 0x5F, 0x1E, 0x97, 0xC7, 0xA5, 0xF1,
    0xE9, 0x7C, 0x7A, 0x5F, 0x1E, 0x97, 0xC7, 0xA5, 0xF1, 0xE9, 0x7C, 0x3D, 0x3F, 0x1E, 0x97, 0xC7,
    0xA5, 0xF1, 0xE9, 0x7C, 0x7A, 0x5F, 0x1E, 0x97, 0xC7, 0xA5, 0xF1, 0xE9, 0x7C, 0x3C, 0xBF, 0x1E,
    0x97, 0xC7, 0xA5, 0xF1, 0xE9, 0x7C, 0x7A, 0x5F, 0x1E, 0x97, 0xC7, 0xA5, 0xF1, 0xE9, 0x7C, 0xF5,
    0x1F, 0x3D, 0x47, 0xCF, 0x51, 0xF3, 0xD4, 0x7C, 0xF5, 0x1F, 0x3D, 0x47, 0xCF, 0x51, 0xF3, 0xD4,
    0x7C, 0xF5, 0x1F, 0x3D, 0x47, 0xCF, 0x51, 0xF3, 0xD4, 0x7C, 0xF5, 0x1F, 0x0F, 0x2F, 0xCF, 0x51,
    0xF3, 0xD4, 0x7C, 0xF5, 0x1F, 0x3D, 0x47, 0xCF, 0x51, 0xF3, 0xD4, 0x7C, 0xF5, 0x1F, 0x3D, 0x47,
    0xCF, 0x51, 0xF0, 0xF4, 0xFC, 0x3D, 0x3F, 0x1E, 0xAF, 0xCF, 0x51, 0xF3, 0xD4, 0x7C, 0xF5, 0x1F,
    0x3D, 0x47, 0xCF, 0x51, 0xF3, 0xD4, 0x7C, 0xF5, 0x1F, 0x3D, 0x47, 0xCF, 0x51, 0xF3, 0xD4, 0x7C,
    0x7B, 0x3F, 0x1E, 0xCF, 0xC7, 0xB3, 0xF3, 0xD4, 0x7C, 0x7A, 0xBF, 0x1E, 0xAF, 0xC7, 0xAB, 0xF1,
    0xEA, 0xFC, 0x7A, 0xBF, 0x1E, 0xAF, 0xC7, 0xAB, 0xF1, 0xEA, 0xFC, 0x7A, 0xBF, 0x1E, 0xAF, 0xC7,
    0xAB, 0xF1, 0xEA, 0xFC, 0x7A, 0xBF, 0x1E, 0xAF, 0xC3, 0xDF, 0xF1, 0xEA, 0xFC, 0x7A, 0xBF, 0x1E,
    0xAF, 0xC7, 0xAB, 0xF1, 0xEA, 0xFC, 0x7A, 0xBF, 0x1E, 0xAF, 0xC7, 0xAB, 0xF1, 0xEA, 0xFC, 0x7A,
    0xBF, 0x1E, 0xAF, 0xC7, 0xAB, 0xF1, 0xEA, 0xFC, 0x7A, 0xBF, 0x1E, 0xAF, 0xC7, 0xAB, 0xF1, 0xEA,
    0xFC, 0x7A, 0xBF, 0x1E, 0xAF, 0xC7, 0xAB, 0xF0, 0xF7, 0xFC, 0x7A, 0xBF, 0x1E, 0xAF, 0xC7, 0xAB,
    0xF1, 0xEA, 0xFC, 0x7A, 0xBF, 0x1E, 0xAF, 0xC7, 0xAB, 0xF0, 0xF5, 0xFC, 0x7A, 0xB8, 0x0F, 0x3C,
    0xDB, 0x81, 0x39, 0xA0, 0x4D, 0xA9, 0x36, 0xA0, 0x87, 0x82, 0x94, 0x71, 0xE5, 0x6C, 0x1E, 0x17,
    0x1E, 0x47, 0xC7, 0x91, 0xF1, 0xE4, 0x7C, 0x79, 0x1F, 0x1E, 0x47, 0x5F, 0xFF, 0xF0, 0x45, 0xDD,
    0xC1, 0x1C, 0x02, 0x2C, 0x80, 0x89, 0x50, 0x18, 0xC8, 0x26, 0x77, 0x1F, 0x0C, 0xC7, 0x81, 0x46,
    0xD3, 0x54, 0x06, 0x94, 0x36, 0x95, 0x61, 0x23, 0x26, 0xC4, 0x30, 0x44, 0xD4, 0x1F, 0x07, 0xC7,
    0xA9, 0x30, 0x26, 0xD0, 0x09, 0x96, 0xD9, 0x8F, 0x9F, 0x5A, 0xF0, 0x24, 0xFC, 0x09, 0x3F, 0x02,
    0x4F, 0xCD, 0x21, 0x47, 0x27, 0x5C, 0x72, 0x75, 0x1F, 0x9C, 0xC0, 0x91, 0x53, 0x7B, 0xE4, 0x09,
    0x15, 0x38, 0xDD, 0xC7, 0xE7, 0x92, 0x1A, 0xD7, 0x72, 0x09, 0x1C, 0x0E, 0xE2, 0xA3, 0xCB, 0x98,
    0x1B, 0x6A, 0x39, 0x4A, 0x01, 0x1F, 0xE0, 0x47, 0xF8, 0x11, 0xF8, 0x3F, 0xFA, 0x82, 0x42, 0x63,
    0xFF, 0xF8, 0xFF, 0xFE, 0x3F, 0xFF, 0x8F, 0xFF, 0xE3, 0xFF, 0xF8, 0xFF, 0xED, 0x37, 0x87, 0x4E,
    0x61, 0xC3, 0xCD, 0x98, 0xF3, 0x2C, 0x39, 0x5B, 0x87, 0x2A, 0x63, 0xCC, 0x98, 0xF7, 0xEA, 0x47,
    0x4A, 0x81, 0xB2, 0xA7, 0x8B, 0xA8, 0xFA, 0x2E, 0x73, 0x6A, 0x90, 0x0E, 0x93, 0x58, 0x39, 0x01,
    0x3E, 0x01, 0xB9, 0x07, 0x0A, 0x81, 0x53, 0xF8, 0x1D, 0x64, 0xFB, 0x69, 0x53, 0xA1, 0x32, 0xFF,
    0xCC, 0xC2, 0x0A, 0x24, 0x09, 0x7C, 0x66, 0x54, 0x50, 0x61, 0x7C, 0x06, 0x92, 0x83, 0x4F, 0xE6,
    0x53, 0x39, 0x70, 0x2A, 0xED, 0xB6, 0x9F, 0xCB, 0xC0, 0xCB, 0x6B, 0x40, 0x2E, 0xED, 0x1F, 0x05,
    0x3D, 0xBB, 0xB3, 0xF0, 0x08, 0xCC, 0x19, 0xB3, 0xD0, 0x1F, 0x5F, 0x80, 0x13, 0x9E, 0xB6, 0x7C,
    0x29, 0x79, 0x9E, 0xD6, 0x61, 0xAA, 0x99, 0xED, 0x67, 0xB6, 0x04, 0x9D, 0x00, 0x37, 0x30, 0x07,
    0xC8, 0x18, 0x7F, 0x06, 0x1E, 0x21, 0x61, 0x9D, 0xB7, 0x3C, 0x33, 0xB4, 0xEB, 0x86, 0x76, 0x9D,
    0xE0, 0x25, 0xD0, 0x06, 0x73, 0xB3, 0xCF, 0xE5, 0xE0, 0xC7, 0xA1, 0xFB, 0x66, 0x04, 0x29, 0x80,
    0xDA, 0x60, 0x42, 0xAE, 0xB4, 0x08, 0x34, 0x01, 0xBC, 0xC0, 0xA5, 0x5D, 0xA0, 0x0F, 0xE8, 0x7E,
    0xDC, 0x81, 0x0A, 0x60, 0x61, 0x98, 0x10, 0xAA, 0x13, 0x49, 0x80, 0x4E, 0x40, 0x1E, 0x90, 0x08,
    0xA6, 0x13, 0x29, 0xF7, 0x41, 0xA7, 0x30, 0x25, 0x7C, 0x21, 0xDF, 0x9A, 0x51, 0x26, 0xB2, 0xA0,
    0xF4, 0x78, 0x09, 0x53, 0x84, 0x01, 0x2A, 0x51, 0xE0, 0x36, 0xDB, 0x90, 0x08, 0x9B, 0x6C, 0xE7,
    0xD8, 0xD0, 0x1C, 0x5A, 0xAE, 0x03, 0x7B, 0x49, 0x40, 0x6F, 0x4F, 0x78, 0x0F, 0xE8, 0x7F, 0xBC,
    0xE6, 0xC0, 0x37, 0x6A, 0x78, 0x2B, 0x6D, 0x08, 0x00, 0xD5, 0xB9, 0x01, 0x1B, 0xB6, 0xE0, 0x04,
    0x73, 0x9A, 0xC2, 0x80, 0x97, 0xF2, 0x34, 0x5E, 0xAD, 0x3F, 0xAB, 0x42, 0xEB, 0x50, 0xC3, 0xFF,
    0x7D, 0xF5, 0x75, 0xA7, 0x10, 0xA7, 0xF0, 0x69, 0xA4, 0x14, 0x0B, 0xF4, 0x81, 0x01, 0x7E, 0x90,
    0x71, 0x01, 0xDB, 0x73, 0x5B, 0xCB, 0x57, 0x26, 0x75, 0xA1, 0xE1, 0x4D, 0x00, 0x1A, 0xAD, 0xE9,
    0x90, 0x03, 0x5A, 0xD8, 0x5D, 0xE9, 0x4B, 0xD9, 0x56, 0xF9, 0x21, 0x2A, 0x9D, 0x6F, 0xB4, 0x80,
    0x4B, 0xD6, 0xFD, 0x81, 0x4E, 0x98, 0x57, 0xE6, 0x06, 0x49, 0x80, 0x86, 0x50, 0x3A, 0xE4, 0xD8,
    0x67, 0xD4, 0x40, 0x35, 0x82, 0x9D, 0x54, 0x02, 0x54, 0x37, 0x74, 0x03, 0x05, 0x82, 0x87, 0xC0,
    0x55, 0x56, 0x0C, 0x04, 0x99, 0x84, 0xFA, 0xE0, 0x1B, 0x9A, 0x10, 0xB9, 0xB9, 0x01, 0xFD, 0x0A,
    0x85, 0x70, 0x1F, 0x54, 0x3F, 0x94, 0x01, 0xEC, 0xE9, 0x91, 0x2B, 0x14, 0xFE, 0xC5, 0x0B, 0xB3,
    0x43, 0x00, 0x8F, 0x28, 0x3D, 0x9F, 0x27, 0x68, 0x99, 0xD8, 0xA2, 0x56, 0x61, 0x9A, 0x4A, 0xB7,
    0x0A, 0xB3, 0xE8, 0xC0, 0x8B, 0x3B, 0x39, 0x54, 0x26, 0x04, 0x59, 0x56, 0xE1, 0x16, 0x7E, 0x28,
    0x11, 0xA7, 0x5B, 0x82, 0x59, 0xFA, 0xE0, 0x29, 0x9D, 0x6E, 0x01, 0x67, 0xF4, 0x81, 0x27, 0xE0,
    0x49, 0xB8, 0xB8, 0x2A, 0x02, 0x99, 0xA0, 0xAB, 0xE3, 0xDD, 0xF8, 0xF7, 0x6C, 0x0A, 0x79, 0xC0,
    0xE6, 0xF2, 0xF0, 0x53, 0xCA, 0x15, 0x39, 0x97, 0x8C, 0xEE, 0x73, 0xB9, 0x9C, 0x96, 0x75, 0x5B,
    0xFD, 0x57, 0x00, 0x8B, 0x41, 0xF3, 0x6E, 0xB7, 0xF7, 0xB3, 0xC0, 0x6D, 0x03, 0xE7, 0xA5, 0x6F,
    0xF4, 0x03, 0xE9, 0xD6, 0xE0, 0x00, 0x98, 0x90, 0x2A, 0x67, 0x04, 0x03, 0x55, 0x6B, 0x70, 0x81,
    0xC6, 0xD6, 0xB6, 0x2F, 0x99, 0xC1, 0xC3, 0xF3, 0x48, 0x2D, 0x6C, 0x5F, 0x17, 0x81, 0x56, 0xE0,
    0x61, 0xF6, 0xA4, 0x02, 0xB7, 0xFE, 0xAE, 0x4C, 0xC4, 0x41, 0x48, 0x0D, 0x6F, 0xF2, 0x06, 0x1D,
    0xCD, 0xE1, 0xE1, 0x0C, 0xB4, 0x3C, 0x0C, 0x75, 0x02, 0xF4, 0xC2, 0x0F, 0x48, 0x34, 0xB3, 0xED,
    0x2E, 0x02, 0x95, 0x41, 0xF5, 0xB8, 0x25, 0x6F, 0xF1, 0x67, 0x82, 0x83, 0xE2, 0x60, 0x38, 0xA7,
    0xF2, 0xCF, 0x08, 0x10, 0xCD, 0x21, 0x15, 0xB8, 0x10, 0x12, 0x64, 0x23, 0xFA, 0xC1, 0xAB, 0x70,
    0x6B, 0x3C, 0x18, 0x09, 0x14, 0x81, 0xD6, 0xE1, 0x36, 0x78, 0x18, 0x11, 0xE9, 0x00, 0x05, 0x64,
    0xBF, 0xB6, 0x82, 0x8D, 0xCC, 0x48, 0x72, 0x05, 0xFC, 0xC6, 0x0D, 0x61, 0xF5, 0xC8, 0x60, 0xD3,
    0x00, 0x9C, 0xBE, 0xE0, 0x17, 0xA4, 0x1A, 0xCF, 0xF4, 0x02, 0xB5, 0x20, 0xD5, 0xB8, 0x15, 0x9F,
    0xEE, 0x05, 0x6A, 0x42, 0x2B, 0x7F, 0xCA, 0xE4, 0xCE, 0xCF, 0xFD, 0x22, 0x15, 0x40, 0x7B, 0x28,
    0x18, 0x21, 0x24, 0x03, 0x89, 0xC0, 0xEB, 0x7F, 0x90, 0x19, 0x48, 0x4A, 0x74, 0x06, 0x37, 0xCE,
    0xFD, 0xF9, 0x5C, 0x18, 0x0C, 0x75, 0x1B, 0x06, 0x47, 0x4B, 0x48, 0x6D, 0x6F, 0xFD, 0x67, 0x84,
    0x01, 0x92, 0xB4, 0xB8, 0x70, 0x50, 0xA8, 0x62, 0x29, 0xC3, 0x02, 0x0F, 0x28, 0x28, 0x51, 0xE9,
    0x09, 0x02, 0xCC, 0xA0, 0x26, 0x27, 0xB4, 0x1E, 0xCF, 0xFA, 0x02, 0xF4, 0x82, 0x97, 0x38, 0x40,
    0x42, 0x65, 0xF6, 0x21, 0xC4, 0xC5, 0x81, 0x41, 0xBF, 0xC8, 0x21, 0xB2, 0xFA, 0x87, 0x12, 0x90,
    0xD0, 0x87, 0x4B, 0xF0, 0x33, 0x9B, 0x03, 0x52, 0x40, 0x5A, 0x94, 0x00, 0x0A, 0xB2, 0x38, 0xE5,
    0x61, 0x80, 0xE1, 0x94, 0x10, 0x88, 0xB6, 0xD6, 0x00, 0x66, 0x5F, 0xAB, 0x39, 0x11, 0xEB, 0xAD,
    0xA5, 0xC1, 0xC1, 0xCD, 0x3B, 0x3C, 0x24, 0x89, 0x53, 0x03, 0x1F, 0xC1, 0x8D, 0x70, 0x2F, 0xCC,
    0xA8, 0x53, 0x2F, 0xA7, 0xC2, 0xFF, 0x50, 0x90, 0xF3, 0x5E, 0x04, 0x69, 0x1F, 0x72, 0x61, 0xC7,
    0xC0, 0x14, 0x29, 0x08, 0x01, 0xEC, 0x86, 0xC9, 0x58, 0x60, 0x1A, 0x65, 0x00, 0x02, 0x8D, 0xEC,
    0xFF, 0x80, 0x34, 0xC8, 0x7A, 0xD5, 0x03, 0xD4, 0xFE, 0xA3, 0xD8, 0xC4, 0x2A, 0xB7, 0x03, 0x03,
    0x8C, 0x87, 0xB5, 0xF0, 0x69, 0xCC, 0x24, 0x32, 0xB3, 0xFE, 0x80, 0x31, 0x30, 0x5F, 0x48, 0x29,
    0x33, 0x1F, 0x05, 0x02, 0x11, 0x31, 0xF1, 0x5C, 0x21, 0x14, 0x1C, 0xF5, 0x02, 0x11, 0x41, 0xE2,
    0x50, 0x20, 0xF4, 0x09, 0xC7, 0xC2, 0x71, 0xA3, 0x77, 0x6C, 0x33, 0x5F, 0x0C, 0xD7, 0xC2, 0x8F,
    0xF0, 0xCD, 0x56, 0x97, 0xB8, 0x09, 0xA4, 0xC3, 0x33, 0xB1, 0x15, 0xC8, 0x27, 0x15, 0x10, 0x24,
    0xF6, 0xE1, 0x2F, 0x98, 0x81, 0xA9, 0xB4, 0x09, 0x85, 0x07, 0x2D, 0x40, 0x98, 0x50, 0x41, 0x56,
    0x09, 0x8D, 0x84, 0x1B, 0x62, 0x89, 0x4B, 0x6A, 0x13, 0x4A, 0x93, 0xCE, 0x9B, 0x80, 0x9A, 0x50,
    0x35, 0x54, 0x01, 0x54, 0x82, 0x33, 0x20, 0xD6, 0x5C, 0x05, 0x72, 0x08, 0xD4, 0xC3, 0x5D, 0x41,
    0x11, 0xD2, 0x0A, 0x1A, 0xFA, 0x80, 0xB6, 0x41, 0x1C, 0x98, 0x84, 0xFE, 0x14, 0xCF, 0x86, 0xCF,
    0x82, 0xBB, 0xA8, 0x3B, 0xFE, 0x15, 0xAE, 0x1E, 0xB2, 0x81, 0x43, 0x98, 0xAD, 0xF9, 0xB5, 0x0A,
    0x3D, 0x00, 0xE5, 0x50, 0xA2, 0x48, 0x0E, 0x54, 0xDC, 0x85, 0x12, 0x80, 0x72, 0x9E, 0xDC, 0x28,
    0x78, 0x15, 0xF5, 0xC2, 0x87, 0x31, 0x40, 0xE0, 0xBA, 0x56, 0xB3, 0x87, 0x0F, 0x01, 0x4B, 0x90,
    0x8B, 0xEA, 0x14, 0x89, 0x01, 0xE2, 0x76, 0x60, 0x93, 0xCC, 0x0E, 0xF6, 0xB1, 0x84, 0x8E, 0x80,
    0x76, 0x9D, 0x88, 0x24, 0x54, 0x01, 0xCC, 0x82, 0x41, 0x40, 0x39, 0xFC, 0x2B, 0x9F, 0x16, 0xAE,
    0x82, 0xAB, 0xCB, 0x20, 0x66, 0x24, 0x13, 0xA9, 0x05, 0x5B, 0x96, 0x70, 0xE2, 0x4C, 0x0C, 0xF5,
    0x9D, 0x5A, 0x02, 0x95, 0x20, 0x9B, 0xD0, 0x2A, 0xF4, 0xB3, 0x07, 0x1E, 0x41, 0x39, 0xA8, 0x56,
    0x27, 0x64, 0x0C, 0xDC, 0x82, 0x75, 0x30, 0xAC, 0x56, 0xC4, 0x1C, 0xA9, 0x04, 0xEE, 0x61, 0x58,
    0xD9, 0xFD, 0x6C, 0x14, 0x29, 0x80, 0x5E, 0x61, 0x41, 0xA0, 0x1A, 0x2A, 0x24, 0x99, 0x81, 0xA2,
    0xB6, 0x80, 0x88, 0xD9, 0x07, 0xF4, 0x08, 0x8D, 0x00, 0x77, 0x30, 0x0A, 0xCF, 0xE8, 0x15, 0x7F,
    0x85, 0x5F, 0xE2, 0x2D, 0xD8, 0x1C, 0x38, 0x14, 0xDD, 0xA1, 0x4A, 0xB6, 0xC0, 0x9A, 0x4C, 0x1B,
    0x3C, 0xB6, 0x84, 0xDE, 0xC0, 0xDA, 0x9D, 0xAC, 0x4D, 0x36, 0x06, 0xDC, 0xED, 0x21, 0x34, 0xA0,
    0x36, 0xE7, 0x67, 0x09, 0x9D, 0x01, 0xB3, 0x5B, 0x40, 0x93, 0x6E, 0x14, 0xDA, 0x21, 0x8A, 0x41,
    0x34, 0x9A, 0x18, 0x66, 0x02, 0xC9, 0x04, 0xCE, 0x60, 0x6A, 0x9D, 0x0E, 0x97, 0x6D, 0x12, 0x85,
    0x00, 0xD7, 0x5A, 0x08, 0x0A, 0xA4, 0x10, 0xA9, 0x81, 0xAE, 0x73, 0xF0, 0x15, 0x48, 0x21, 0x73,
    0x03, 0x64, 0xE8, 0x00, 0x2B, 0x90, 0x94, 0x6C, 0x0D, 0x8F, 0x8B, 0xF3, 0x01, 0xBF, 0xF8, 0x6F,
    0xFE, 0x14, 0x8D, 0xD0, 0x82, 0x5D, 0x73, 0x9E, 0xF2, 0x88, 0x03, 0x89, 0x04, 0xCA, 0x60, 0x38,
    0x9D, 0x14, 0x08, 0x92, 0x13, 0xAC, 0xC1, 0xC1, 0x3A, 0x20, 0x1E, 0xE4, 0x12, 0xCA, 0x83, 0x82,
    0x74, 0x20, 0x06, 0x48, 0x25, 0xB3, 0x07, 0x05, 0x40, 0xA5, 0x30, 0x97, 0x4C, 0x29, 0x9E, 0x44,
    0xAD, 0xC2, 0x6F, 0x30, 0x0C, 0xCC, 0x26, 0xF4, 0x03, 0xBC, 0xE8, 0x82, 0x57, 0xA0, 0x1D, 0xAB,
    0x45, 0x08, 0xC5, 0x00, 0xEB, 0x3A, 0x20, 0x45, 0xEC, 0x03, 0xC9, 0xD0, 0x82, 0x2D, 0x60, 0x3A,
    0xFD, 0x8F, 0xDF, 0x1B, 0xB7, 0xC2, 0xA3, 0xD3, 0xCF, 0xC9, 0x13, 0x73, 0x1B, 0xCE, 0x69, 0x74,
    0xA1, 0xBC, 0xDE, 0x97, 0x48, 0x1B, 0xCE, 0x69, 0x74, 0x61, 0xBC, 0xDE, 0x97, 0x44, 0x1B, 0xCD,
    0xE9, 0x74, 0x51, 0xBC, 0xEC, 0x43, 0xB2, 0xA3, 0x8D, 0xCA, 0xA0, 0x26, 0x90, 0xDC, 0xAF, 0x04,
    0x01, 0x34, 0x86, 0xE7, 0x78, 0x10, 0x02, 0xE4, 0x37, 0x4C, 0xC0, 0x40, 0x2D, 0x21, 0xBA, 0xE0,
    0x05, 0x32, 0x1B, 0xAF, 0xE0, 0xD5, 0xC8, 0x99, 0x37, 0xF2, 0x36, 0xFB, 0x8E, 0x26, 0x54, 0x2A,
    0xE4, 0xDA, 0xB5, 0x3C, 0x1B, 0x55, 0xC0, 0x73, 0x32, 0x06, 0x56, 0x97, 0x49, 0x1B, 0x4D, 0x40,
    0x71, 0x31, 0xB4, 0xDC, 0xF2, 0x52, 0xA4, 0x8D, 0xAA, 0xE0, 0x37, 0x98, 0xDA, 0xAA, 0x0B, 0xCC,
    0x1F, 0x46, 0x40, 0xBC, 0x98, 0xDB, 0x69, 0x03, 0x1B, 0x5D, 0xA0, 0x83, 0x68, 0xC4, 0x18, 0x6C,
    0xD8, 0x07, 0x0C, 0xC6, 0xC9, 0x38, 0x18, 0xD8, 0x7A, 0x35, 0xBF, 0x89, 0xAF, 0xE0, 0x56, 0x94,
    0x06, 0x97, 0x09, 0x1A, 0xAF, 0x69, 0x70, 0xA0, 0x8D, 0x5A, 0x07, 0x4B, 0x84, 0x0D, 0x4A, 0xD0,
    0x41, 0xDE, 0x48, 0x6A, 0x57, 0x83, 0x52, 0xE0, 0xA3, 0x51, 0xC4, 0x16, 0x97, 0x06, 0x1A, 0x85,
    0x6D, 0x11, 0x32, 0x71, 0xD4, 0x03, 0x32, 0x83, 0xD6, 0xE8, 0xF6, 0x7A, 0x05, 0xA2, 0x6C, 0x4E,
    0x4A, 0x80, 0xBA, 0x75, 0xBA, 0x48, 0x30, 0xE9, 0x0A, 0xAD, 0xD2, 0x85, 0xB1, 0x88, 0x4D, 0x6E,
    0x90, 0x0B, 0xCB, 0x41, 0xEB, 0x74, 0x40, 0x1A, 0xD2, 0x0B, 0x4B, 0x82, 0xD6, 0xE7, 0xE1, 0xF6,
    0xF8, 0x7D, 0xB7, 0x5C, 0x8B, 0x02, 0xD3, 0x21, 0x8E, 0xF8, 0x63, 0xBE, 0x20, 0x0F, 0xD6, 0xEC,
    0x80, 0xC7, 0x98, 0x63, 0xB8, 0x05, 0x39, 0x0C, 0x4A, 0xD0, 0x90, 0xFC, 0xD1, 0x70, 0x35, 0x02,
    0x64, 0x80, 0xD9, 0x60, 0x26, 0x48, 0x3E, 0xB8, 0x02, 0x6C, 0x8B, 0x03, 0x20, 0x6D, 0xCC, 0x03,
    0x53, 0x03, 0x0D, 0x40, 0x37, 0x31, 0x9C, 0x54, 0xF7, 0x95, 0x00, 0xE4, 0xC2, 0xE3, 0xF0, 0xF3,
    0xEC, 0x66, 0x1F, 0x06, 0x27, 0xC3, 0xCF, 0xB0, 0x19, 0x4A, 0xCF, 0x45, 0x16, 0x3F, 0x01, 0x67,
    0x3A, 0x38, 0x94, 0xE9, 0x05, 0xB3, 0xA8, 0x52, 0x80, 0x11, 0xA2, 0x85, 0xA8, 0x03, 0xC9, 0x42,
    0x2C, 0xF4, 0x20, 0x2D, 0x58, 0x08, 0xD2, 0xB3, 0xCF, 0x40, 0xB7, 0x7B, 0x44, 0x58, 0x19, 0x36,
    0x05, 0xBC, 0xED, 0x36, 0x7B, 0x10, 0x32, 0x70, 0x0D, 0x19, 0xDB, 0x07, 0x49, 0x68, 0x35, 0x6E,
    0xDA, 0x5F, 0x7B, 0x41, 0x6B, 0x76, 0xB4, 0x71, 0xD4, 0x01, 0xD2, 0x58, 0x15, 0x40, 0x59, 0x2A,
    0xDD, 0x84, 0x0D, 0x5F, 0x03, 0x55, 0xC1, 0x8F, 0xB1, 0x5F, 0x6D, 0x4F, 0x56, 0x47, 0x26, 0xC0,
    0x95, 0x20, 0xC4, 0x54, 0x0D, 0x3C, 0x08, 0x64, 0xE9, 0x01, 0x33, 0xB4, 0x1E, 0xB7, 0x4F, 0x03,
    0x55, 0x00, 0x8F, 0x3A, 0xA8, 0x6D, 0x69, 0x05, 0xAD, 0xD7, 0x01, 0x89, 0x88, 0x35, 0x6E, 0xC4,
    0x06, 0x9A, 0x23, 0xC2, 0x60, 0x49, 0x90, 0x07, 0x69, 0x0A, 0xAD, 0xD9, 0x16, 0x67, 0x40, 0x63,
    0x54, 0x2A, 0x92, 0x02, 0xED, 0x00, 0x3F, 0x20, 0x49, 0x55, 0x02, 0x9B, 0x06, 0x2F, 0xC6, 0x2B,
    0xC3, 0xCD, 0xCC, 0x0A, 0x92, 0x49, 0xC5, 0xA0, 0xD6, 0x7B, 0x38, 0x14, 0x78, 0x0A, 0xD9, 0xDA,
    0x82, 0x27, 0x68, 0x55, 0x9E, 0xD6, 0x02, 0xA9, 0xD9, 0xED, 0x05, 0x7B, 0xA8, 0x03, 0x25, 0x64,
    0x0C, 0x16, 0xAB, 0xE0, 0x50, 0xB8, 0x2E, 0xB0, 0x19, 0x39, 0x02, 0xEA, 0x41, 0x84, 0xC8, 0x18,
    0xE7, 0x6C, 0x06, 0xCC, 0x82, 0x47, 0x6A, 0xDD, 0xB6, 0xCF, 0x4D, 0x09, 0x2E, 0x6B, 0x76, 0xBB,
    0x3D, 0x4C, 0xAD, 0x74, 0x85, 0x56, 0xEC, 0xD6, 0x7A, 0xD0, 0x6F, 0xAF, 0x5B, 0xB0, 0xD9, 0xEC,
    0x00, 0x64, 0xF8, 0xA7, 0x3E, 0x67, 0x4B, 0x86, 0x27, 0xE1, 0x89, 0xFA, 0xD1, 0x7E, 0x4D, 0x8B,
    0x41, 0xEB, 0x75, 0xD3, 0x39, 0xFC, 0x17, 0xB3, 0xB3, 0xD8, 0x81, 0x47, 0x48, 0x35, 0x6E, 0xBA,
    0x18, 0xEA, 0x41, 0xC2, 0x07, 0x20, 0x65, 0x4E, 0x12, 0x10, 0xC9, 0x0E, 0x1A, 0xB0, 0xA0, 0x8B,
    0x48, 0x4D, 0x35, 0x84, 0x56, 0xED, 0xA9, 0xC3, 0xA8, 0x4A, 0x70, 0x07, 0xB9, 0x07, 0xD3, 0x10,
    0x60, 0x69, 0xC8, 0x32, 0x75, 0x83, 0xD6, 0xEB, 0xE1, 0xB8, 0xB8, 0x0A, 0xAA, 0x7D, 0x5F, 0x9E,
    0x26, 0xE3, 0x05, 0xF0, 0x49, 0xBE, 0x9E, 0xF9, 0x01, 0x3E, 0x40, 0xD3, 0xA2, 0x8B, 0x6B, 0x5B,
    0xAF, 0x03, 0x46, 0x46, 0x7E, 0xA0, 0x0C, 0x65, 0x63, 0x06, 0x94, 0x8C, 0xFF, 0x60, 0x21, 0xCA,
    0xD0, 0x0D, 0x69, 0x1A, 0x02, 0xB6, 0xC0, 0x6B, 0x48, 0xD0, 0x14, 0x05, 0xE5, 0x2B, 0xE6, 0x80,
    0xB3, 0x02, 0x34, 0x4B, 0xDC, 0x5B, 0x07, 0xF4, 0x20, 0x0C, 0x4E, 0xD0, 0x0C, 0x39, 0x1A, 0x06,
    0xB6, 0x3B, 0x3D, 0x6C, 0xD0, 0x36, 0xAF, 0x00, 0x72, 0x46, 0x80, 0xAD, 0x70, 0x04, 0xF2, 0x33,
    0xFD, 0x6B, 0xA0, 0x31, 0x90, 0xC2, 0x6A, 0x0D, 0x2F, 0x99, 0xFF, 0xE3, 0x0F, 0x98, 0x4D, 0xF6,
    0x67, 0xFB, 0xD7, 0xEC, 0xF6, 0xB3, 0x3F, 0xE2, 0xC8, 0x06, 0x59, 0x19, 0xFE, 0xB6, 0x9B, 0x3D,
    0x9C, 0xCF, 0xF6, 0xB6, 0x03, 0x1A, 0x46, 0x7F, 0xB0, 0x17, 0x65, 0x5D, 0x33, 0xFD, 0xAD, 0x60,
    0x4A, 0x91, 0x9F, 0xE6, 0x18, 0xA9, 0x98, 0xBA, 0x61, 0x1B, 0x91, 0x9F, 0xED, 0x61, 0xB3, 0xD7,
    0x0C, 0xFF, 0x8A, 0xED, 0x9E, 0xC2, 0x67, 0xDC, 0x57, 0x2C, 0xF6, 0x63, 0x3E, 0xEA, 0xBA, 0x03,
    0x49, 0x19, 0xF6, 0xF6, 0x10, 0x4D, 0x48, 0x63, 0x53, 0x03, 0x07, 0xCC, 0xF9, 0xF1, 0x2D, 0xFD,
    0x51, 0xF5, 0x09, 0x56, 0xF5, 0xE0, 0x43, 0x95, 0xA8, 0xCF, 0x9F, 0x02, 0xAC, 0x84, 0x51, 0x53,
    0x3E, 0x4E, 0xDA, 0x04, 0x89, 0x01, 0x3A, 0xF6, 0xC0, 0x2A, 0x48, 0xCF, 0x97, 0xB4, 0x82, 0xDE,
    0x46, 0x7C, 0xCD, 0x90, 0x0D, 0xD2, 0x33, 0xE7, 0xC1, 0x9D, 0x3A, 0xFD, 0x9E, 0xBA, 0x66, 0x5A,
    0x57, 0x41, 0x13, 0x23, 0x3D, 0x54, 0x20, 0xB2, 0x33, 0xD6, 0x02, 0x09, 0x33, 0x3D, 0x54, 0x20,
    0x73, 0x33, 0xD5, 0x42, 0x03, 0x30, 0x9B, 0x7D, 0xA5, 0x3F, 0x33, 0xD7, 0xC3, 0x43, 0xF0, 0xD0,
    0xEC, 0x28, 0xBC, 0x33, 0xD5, 0x82, 0x5D, 0x23, 0x3D, 0x78, 0x26, 0x33, 0x30, 0x35, 0x42, 0x4F,
    0x23, 0x3C, 0xD8, 0x25, 0x13, 0x33, 0xCD, 0x42, 0x51, 0x33, 0x3C, 0xDC, 0x25, 0x33, 0x13, 0x75,
    0xCC, 0xF1, 0x30, 0x96, 0x48, 0xCE, 0xF6, 0x09, 0x64, 0xCC, 0xEF, 0x70, 0x88, 0xC8, 0xCE, 0xFA,
    0x08, 0x94, 0xCC, 0xEF, 0x70, 0x89, 0xCC, 0xCE, 0xF7, 0x08, 0xA4, 0xC4, 0x2F, 0xF0, 0xA2, 0x7C,
    0x68, 0xDF, 0x07, 0x57, 0xC1, 0xD5, 0x60, 0xA9, 0x60, 0xCE, 0xF4, 0x09, 0xDC, 0xCC, 0xEF, 0xE0,
    0x9F, 0xCC, 0x0E, 0x15, 0x12, 0xC4, 0xCC, 0xEF, 0x50, 0x9E, 0x4C, 0xCE, 0xF5, 0x09, 0xDC, 0xCC,
    0xEB, 0x70, 0x9D, 0xCC, 0x0E, 0x16, 0x33, 0xAF, 0xC1, 0xD1, 0x20, 0xA1, 0xC8, 0xCE, 0xB2, 0x0A,
    0x04, 0xCC, 0x17, 0x50, 0x8F, 0xC8, 0xCE, 0x98, 0x08, 0xDC, 0xCC, 0xE9, 0x50, 0x8D, 0x4D, 0x17,
    0x93, 0x08, 0xC4, 0xC0, 0xE1, 0xF0, 0xAA, 0x7C, 0x5D, 0xBA, 0x0A, 0x6F, 0x0C, 0xE9, 0x30, 0x99,
    0x48, 0xCE, 0x9F, 0x09, 0xAD, 0x0C, 0xE9, 0x70, 0x97, 0xC8, 0xCE, 0x78, 0x09, 0x8C, 0xCC, 0xE5,
    0x70, 0x99, 0x4C, 0xCE, 0x59, 0x09, 0x9C, 0xCC, 0xE5, 0xF0, 0x32, 0xCC, 0x27, 0x52, 0x32, 0xE5,
    0x02, 0x73, 0x30, 0x33, 0x54, 0x47, 0x73, 0x33, 0x95, 0xC2, 0x13, 0x33, 0x38, 0xD4, 0x21, 0x33,
    0x33, 0x8D, 0x42, 0x13, 0x30, 0xA7, 0x7C, 0x29, 0xDF, 0x33, 0x8F, 0xC0, 0xDB, 0x70, 0xA2, 0x6C,
    0xCE, 0x37, 0x09, 0x64, 0x8C, 0xE3, 0xE0, 0x97, 0xCC, 0xCE, 0x15, 0x12, 0xCC, 0xCC, 0xDF, 0x50,
    0x96, 0x4C, 0xCD, 0xF5, 0x09, 0x5C, 0xCC, 0xDF, 0x71, 0x1E, 0xD8, 0x28, 0x94, 0x33, 0x7C, 0xC2,
    0x59, 0x23, 0x37, 0xD8, 0x25, 0x73, 0x33, 0x7D, 0x84, 0x81, 0x43, 0x37, 0xE4, 0x20, 0x53, 0x33,
    0x7D, 0xC6, 0xB9, 0x73, 0x37, 0xCC, 0x48, 0x36, 0x06, 0x9F, 0xCC, 0xDF, 0xF0, 0xDA, 0x7C, 0x36,
    0x9B, 0x0A, 0x06, 0x28, 0x41, 0x26, 0x99, 0x9B, 0x7E, 0x12, 0xAA, 0x19, 0xB6, 0xE2, 0x65, 0x99,
    0x9B, 0x6E, 0x12, 0x49, 0x99, 0xB2, 0xE1, 0x25, 0x99, 0x9B, 0x32, 0x12, 0x69, 0x85, 0x0F, 0xC6,
    0x6C, 0xC0, 0x4B, 0xE4, 0x65, 0x6A, 0x04, 0xBE, 0x66, 0x6C, 0xA8, 0x91, 0xE6, 0x66, 0xCB, 0x84,
    0x42, 0x66, 0x6C, 0xA8, 0x43, 0xE6, 0x66, 0xBA, 0x84, 0x3A, 0x60, 0x70, 0xF9, 0x9A, 0xBE, 0x36,
    0x4F, 0x85, 0x1F, 0xA6, 0x6A, 0xB8, 0xD9, 0xB0, 0x64, 0x39, 0x0D, 0x96, 0xC6, 0x6A, 0x90, 0xD9,
    0x30, 0x66, 0xA9, 0x0D, 0x8E, 0xC6, 0x40, 0x90, 0xD8, 0xEC, 0x66, 0xA9, 0x0D, 0x8B, 0x06, 0x69,
    0xA0, 0xD6, 0xA8, 0x02, 0x59, 0x0D, 0x6A, 0xE6, 0x69, 0x98, 0xD6, 0xEE, 0x66, 0x99, 0x8D, 0x72,
    0xE6, 0x68, 0x98, 0xD7, 0x6C, 0x02, 0x69, 0x0D, 0x77, 0xF0, 0x62, 0x75, 0x7D, 0xCD, 0x94, 0x81,
    0xD6, 0xF5, 0xE6, 0x67, 0xA0, 0xD4, 0xAC, 0x03, 0x79, 0x84, 0x52, 0xA6, 0x68, 0xA0, 0xD4, 0xA8,
    0x66, 0x8A, 0x0D, 0x4A, 0xC6, 0x68, 0xA0, 0xD4, 0xA8, 0x66, 0x7A, 0x0D, 0x4A, 0x86, 0x67, 0xF8,
    0xD5, 0x69, 0x03, 0x1A, 0x9D, 0xA0, 0x83, 0x51, 0xB4, 0x18, 0x69, 0xF8, 0x82, 0x0D, 0x36, 0xD0,
    0x31, 0xA5, 0xF4, 0x68, 0xBF, 0x12, 0xD7, 0xCC, 0xCD, 0x61, 0x9F, 0xF0, 0x9B, 0x72, 0x08, 0x9D,
    0x49, 0xB1, 0x31, 0x9E, 0x54, 0xCC, 0xD3, 0x19, 0xDD, 0x4C, 0xCB, 0x31, 0x9D, 0x5C, 0x9C, 0x53,
    0x19, 0xCD, 0x09, 0xC1, 0x82, 0x69, 0x4F, 0x6B, 0x67, 0xD6, 0x99, 0x97, 0x8D, 0x52, 0xA0, 0xD3,
    0xE4, 0xD5, 0x2B, 0x96, 0xB6, 0x7B, 0x63, 0x32, 0xE1, 0xB3, 0x75, 0x24, 0x04, 0xF5, 0x81, 0xEA,
    0xF8, 0x7A, 0xB6, 0x66, 0x5F, 0x86, 0x13, 0xE1, 0x84, 0xF8, 0x7D, 0x37, 0x5B, 0x82, 0x57, 0x26,
    0xE6, 0x65, 0xF9, 0x99, 0x7E, 0x66, 0x5F, 0x99, 0x96, 0xC1, 0xEB, 0x99, 0x99, 0x7E, 0x66, 0x5F,
    0x99, 0x97, 0x61, 0x6C, 0xF9, 0x33, 0x7E, 0x31, 0xEF, 0x8C, 0x7B, 0xE1, 0xDD, 0x99, 0x94, 0xE7,
    0xB3, 0x33, 0x2F, 0xEC, 0xFB, 0x62, 0xE9, 0x64, 0x02, 0x14, 0x6B, 0xC5, 0x4B, 0x6D, 0x3D, 0x79,
    0x99, 0x35, 0xA9, 0x2D, 0x4F, 0xC1, 0x6D, 0x44, 0x5A, 0xCA, 0xD1, 0x37, 0x33, 0x26, 0xA1, 0xA6,
    0x64, 0xC4, 0x38, 0xCC, 0x98, 0x85, 0x99, 0x93, 0x06, 0x07, 0xA1, 0x99, 0x29, 0xFF, 0x40, 0x94,
    0x80, 0xD5, 0xF0, 0xEB, 0xE0, 0x2F, 0x7F, 0x33, 0x36, 0x33, 0x00, 0xBF, 0xA6, 0x50, 0x17, 0xF4,
    0xCE, 0x81, 0xA2, 0xC4, 0x4E, 0x91, 0x99, 0xBE, 0x04, 0xB9, 0x5C, 0x00, 0xD3, 0x48, 0x3D, 0x6E,
    0xF6, 0x0C, 0x1A, 0x41, 0xAB, 0x78, 0x73, 0x31, 0xDB, 0x24, 0x2A, 0xFB, 0x41, 0xAB, 0x79, 0xE0,
    0x33, 0xDC, 0xCC, 0x33, 0x01, 0x14, 0x9D, 0x79, 0x40, 0x2C, 0xD8, 0xCB, 0xF4, 0x32, 0xF7, 0xC0,
    0xA7, 0xF0, 0x27, 0x7C, 0x16, 0x9B, 0x05, 0x54, 0x8F, 0xC5, 0xD8, 0x45, 0x9E, 0x16, 0xF4, 0xEA,
    0xD9, 0xE1, 0x86, 0x5B, 0xA2, 0x3D, 0xE8, 0x00, 0xA9, 0x40, 0xC0, 0x8F, 0x74, 0x45, 0x49, 0x2C,
    0xF5, 0x14, 0x3D, 0x01, 0x63, 0x70, 0xBC, 0xD0, 0xE2, 0xB8, 0xAD, 0xEE, 0x2C, 0xF6, 0xD0, 0x29,
    0x4E, 0xB7, 0xB9, 0xB3, 0xDE, 0x59, 0x8B, 0x6D, 0xB5, 0x9F, 0x08, 0xCC, 0x5A, 0x6C, 0x6C, 0xF9,
    0x01, 0xE4, 0x53, 0x59, 0x67, 0xCE, 0x01, 0x5F, 0xEC, 0xC5, 0xF9, 0x94, 0x3E, 0x17, 0x4F, 0x85,
    0xD3, 0x5A, 0xF1, 0x47, 0xD3, 0x6A, 0xC0, 0xFC, 0xD6, 0xF4, 0xE6, 0x4F, 0xFD, 0x6F, 0x4D, 0x67,
    0xD6, 0x80, 0xF2, 0x9A, 0x76, 0x61, 0x53, 0x58, 0xCC, 0x1A, 0x6C, 0x59, 0x83, 0x6D, 0xB3, 0xEE,
    0xEB, 0x5B, 0xDC, 0x94, 0x1E, 0x8F, 0x29, 0xAE, 0xC6, 0xB6, 0xEE, 0x2B, 0xEB, 0x81, 0x73, 0x27,
    0x71, 0x52, 0xB7, 0xAA, 0x78, 0x35, 0x40, 0x43, 0x50, 0xE9, 0xFC, 0xC8, 0x9F, 0x16, 0xFE, 0x82,
    0x09, 0xBD, 0x78, 0x11, 0x24, 0x16, 0xDA, 0x00, 0xE2, 0x9A, 0x90, 0xB5, 0x49, 0xEE, 0x14, 0xAD,
    0xEB, 0x8C, 0x81, 0x6D, 0x8D, 0x6F, 0x66, 0x16, 0xC9, 0x3D, 0xC6, 0x80, 0xA3, 0x93, 0xEC, 0xEB,
    0xAC, 0x05, 0x24, 0xB5, 0x26, 0x3E, 0xC9, 0x5B, 0xBD, 0xB8, 0xB3, 0xE9, 0x40, 0x2D, 0x4D, 0x9B,
    0x5F, 0xE4, 0x56, 0x3A, 0xEB, 0xAC, 0xFA, 0x52, 0xCE, 0x54, 0x05, 0xF2, 0xD4, 0x96, 0x6E, 0xA0,
    0x3A, 0x96, 0xBC, 0xB3, 0x55, 0xAD, 0xE9, 0xC0, 0x5F, 0x23, 0x1E, 0xFC, 0x68, 0x5F, 0x31, 0xEF,
    0xC9, 0xD5, 0xA2, 0x98, 0xCB, 0x55, 0x67, 0xDB, 0x0C, 0xF6, 0xDB, 0x90, 0x46, 0xC8, 0x66, 0x33,
    0xDB, 0x83, 0xFE, 0x5B, 0x31, 0x39, 0x53, 0x68, 0x04, 0x79, 0x6B, 0x4C, 0x79, 0x60, 0x54, 0x4A,
    0xCF, 0xA8, 0x0A, 0x8D, 0x36, 0x61, 0x00, 0x96, 0x94, 0xC7, 0x98, 0xB3, 0x93, 0xBE, 0x5B, 0x1B,
    0x3E, 0x91, 0xBE, 0x13, 0x08, 0x24, 0xB4, 0xC4, 0x9D, 0xB6, 0xE4, 0x09, 0x92, 0xD5, 0x8B, 0xA6,
    0x96, 0x37, 0x22, 0x4E, 0xCF, 0xB1, 0x17, 0x5D, 0xAC, 0x40, 0x16, 0x96, 0x9E, 0xCF, 0xB5, 0x17,
    0x6C, 0xC0, 0x51, 0x2D, 0x65, 0x9F, 0x6E, 0x63, 0xAF, 0x85, 0xD3, 0xE2, 0xF4, 0xF9, 0x8E, 0xB4,
    0x11, 0x4D, 0xD9, 0x00, 0x83, 0x2D, 0xA9, 0x3A, 0xFD, 0xB5, 0x02, 0x9C, 0x85, 0x8F, 0x5B, 0x40,
    0x10, 0x65, 0xB9, 0x02, 0x3C, 0x80, 0x9B, 0x7D, 0xC0, 0x14, 0xE4, 0x4E, 0xBA, 0x81, 0xD6, 0x7A,
    0x42, 0x75, 0xE3, 0x6B, 0x5B, 0xD7, 0x81, 0xB2, 0x44, 0xEB, 0x98, 0xD5, 0xAE, 0x4E, 0xBB, 0xEA,
    0xAC, 0xFA, 0x82, 0x6B, 0x53, 0x4E, 0x08, 0x79, 0x13, 0xAE, 0xA0, 0xFC, 0x91, 0x3A, 0xF0, 0x0F,
    0xC9, 0x93, 0xAE, 0xBA, 0xE2, 0x75, 0x58, 0x1F, 0x73, 0x09, 0x5F, 0xC9, 0xD5, 0xF3, 0x1C, 0xFC,
    0x31, 0x5F, 0x0C, 0x56, 0xC2, 0x75, 0xC2, 0x7A, 0x58, 0x25, 0x12, 0x31, 0xCF, 0x2D, 0xA1, 0x2C,
    0xA1, 0x3D, 0x2A, 0x12, 0x39, 0x13, 0xD2, 0xC1, 0x24, 0x99, 0x3D, 0x2A, 0x12, 0x49, 0x93, 0xD2,
    0xE1, 0x25, 0x98, 0xC2, 0x2F, 0xB2, 0x27, 0xA4, 0x82, 0x51, 0x23, 0x67, 0x52, 0xD8, 0x12, 0x8A,
    0x06, 0x66, 0x80, 0x27, 0x90, 0x43, 0x64, 0x19, 0xBB, 0x80, 0xA6, 0x41, 0x9C, 0xB0, 0x0A, 0x64,
    0x10, 0xF9, 0x86, 0x7A, 0x80, 0x2A, 0x90, 0x44, 0x26, 0x1F, 0xEF, 0x84, 0xFF, 0xE3, 0x19, 0xF8,
    0x3A, 0x3E, 0x31, 0x9F, 0x95, 0x96, 0x81, 0x37, 0x98, 0x99, 0xF9, 0x69, 0x09, 0xDD, 0x00, 0xDF,
    0x50, 0x9C, 0x48, 0x0D, 0xF4, 0xB6, 0x84, 0xE6, 0x80, 0x6F, 0x9D, 0xAC, 0x27, 0x14, 0x03, 0x7D,
    0x6D, 0x21, 0x38, 0xA1, 0x8E, 0x3F, 0x44, 0x0D, 0x96, 0x02, 0x81, 0x22, 0x75, 0x50, 0x27, 0xF3,
    0x2B, 0x55, 0x02, 0x3D, 0x32, 0xB4, 0xDC, 0x23, 0x54, 0x2B, 0x45, 0x02, 0x33, 0x42, 0xB3, 0xD0,
    0x23, 0x14, 0x03, 0x97, 0xC2, 0xA9, 0xF2, 0xE6, 0x6C, 0x29, 0xBB, 0xA1, 0x06, 0x32, 0x41, 0x32,
    0x90, 0x53, 0xB9, 0x44, 0x0D, 0xB4, 0xC3, 0xD9, 0x6A, 0x28, 0x50, 0xA4, 0x12, 0xF9, 0x15, 0x7E,
    0xDB, 0x40, 0x98, 0xD0, 0xAB, 0xF5, 0xD9, 0x04, 0xCA, 0x85, 0x5F, 0xB8, 0x80, 0x26, 0x26, 0xEA,
    0x15, 0x77, 0xF5, 0xBD, 0x71, 0x51, 0xE8, 0x13, 0x99, 0x95, 0x72, 0xA2, 0x35, 0x99, 0x57, 0x2E,
    0x10, 0x99, 0x95, 0x72, 0xA1, 0x09, 0x99, 0x57, 0x2A, 0x10, 0x99, 0x85, 0x3B, 0xE1, 0x4E, 0xF9,
    0x8E, 0x7E, 0x06, 0xCB, 0x8E, 0x13, 0x85, 0x5F, 0xB0, 0x4B, 0x24, 0x0D, 0x4E, 0x52, 0x82, 0x5F,
    0x40, 0x6A, 0x4E, 0x90, 0x25, 0x5A, 0x03, 0x52, 0x74, 0x60, 0x96, 0x50, 0xA7, 0x55, 0x09, 0x5C,
    0xC1, 0xA9, 0x5A, 0x28, 0x8E, 0x6A, 0x44, 0xCB, 0x51, 0xC2, 0x59, 0x32, 0xB1, 0x50, 0x25, 0x53,
    0x29, 0x55, 0x84, 0x77, 0x42, 0x5A, 0xDE, 0x92, 0x10, 0x1A, 0x14, 0xB2, 0xC1, 0x02, 0xA0, 0x0C,
    0xA7, 0x44, 0x11, 0xE5, 0xC1, 0x9F, 0xF3, 0x1B, 0x7C, 0x36, 0x3F, 0x31, 0xB7, 0xC0, 0xD5, 0x50,
    0x92, 0x4C, 0x95, 0xFC, 0x02, 0x64, 0xC2, 0x51, 0x30, 0x4F, 0x4C, 0xAF, 0x12, 0x13, 0x05, 0x0A,
    0x47, 0x5A, 0x50, 0x48, 0x68, 0xA0, 0x7A, 0xD2, 0x42, 0x45, 0x40, 0x6B, 0x54, 0x09, 0xD3, 0x09,
    0x1C, 0xCC, 0x6D, 0xF2, 0xBF, 0x58, 0x25, 0x93, 0x48, 0xED, 0x02, 0x57, 0x30, 0x39, 0xD0, 0x48,
    0x74, 0x03, 0x95, 0x60, 0xC1, 0x0C, 0xA1, 0x4A, 0x28, 0x10, 0xBA, 0x15, 0x76, 0x81, 0x0A, 0xA0,
    0x1C, 0x3E, 0x1B, 0x3F, 0x8D, 0x5B, 0xE1, 0x43, 0xEE, 0x5A, 0x77, 0x2F, 0x06, 0xB4, 0xA1, 0x20,
    0x2E, 0x90, 0xD6, 0x6C, 0x44, 0x09, 0x60, 0x06, 0xB3, 0x52, 0x47, 0x4A, 0xA6, 0x63, 0x5B, 0x41,
    0xEB, 0x72, 0xA1, 0xAC, 0xD4, 0x8B, 0x92, 0x81, 0x8D, 0x66, 0xA4, 0x5C, 0x96, 0xF9, 0x91, 0x12,
    0x1A, 0xD5, 0xA7, 0x59, 0x90, 0x08, 0xCB, 0x38, 0x35, 0x3A, 0x66, 0x8B, 0x6B, 0x21, 0xA9, 0xD7,
    0x2E, 0x43, 0x29, 0x04, 0xBA, 0xB9, 0x40, 0x04, 0xC8, 0x6A, 0x75, 0xC8, 0x93, 0xAE, 0x43, 0x53,
    0xAE, 0x48, 0xB6, 0x52, 0x1A, 0x9F, 0x8C, 0x5F, 0xCC, 0xB0, 0xD0, 0x6E, 0x02, 0xDA, 0x42, 0x5B,
    0x65, 0x59, 0xD6, 0x6C, 0x0A, 0xB2, 0xA5, 0x0D, 0x12, 0xB3, 0xAC, 0xC0, 0x15, 0x65, 0x95, 0x1A,
    0x2D, 0xE7, 0x59, 0x50, 0x06, 0x4B, 0xD0, 0x34, 0x6A, 0x80, 0xCA, 0x75, 0xBA, 0x35, 0x72, 0x6E,
    0x34, 0x8A, 0x82, 0xCF, 0x19, 0xEA, 0x64, 0xBC, 0xC6, 0x54, 0xD6, 0x80, 0x5A, 0x75, 0xBA, 0xB5,
    0x9E, 0xFA, 0x04, 0x8A, 0x66, 0x2B, 0x76, 0x5B, 0x3D, 0x44, 0x69, 0x54, 0xCD, 0xD6, 0xEE, 0xB6,
    0x79, 0x40, 0xD2, 0x6D, 0x98, 0xAD, 0xE1, 0x59, 0x8B, 0x23, 0x1B, 0x4F, 0x2B, 0x5B, 0xCB, 0x59,
    0xF7, 0x6C, 0x72, 0x90, 0xD2, 0x75, 0x3B, 0x87, 0x86, 0x17, 0xC3, 0x47, 0xF9, 0x8F, 0x32, 0x3A,
    0x8A, 0xE8, 0x6B, 0x78, 0x9B, 0x3E, 0x64, 0x30, 0xDC, 0xD1, 0x56, 0xF1, 0xA1, 0x52, 0xA6, 0x7E,
    0xB7, 0x93, 0x0C, 0x25, 0x33, 0x95, 0xBC, 0xD8, 0x2E, 0x69, 0x99, 0xAD, 0xE8, 0x03, 0x05, 0x6C,
    0xD5, 0x6F, 0x46, 0x07, 0x8A, 0x59, 0xE9, 0x79, 0xEA, 0xDE, 0x80, 0x00, 0xF2, 0xD0, 0xD6, 0xF3,
    0x76, 0x78, 0x3B, 0xFA, 0xAD, 0x66, 0xA5, 0xE8, 0xEB, 0x79, 0x3B, 0x3D, 0x25, 0x11, 0x17, 0xA5,
    0xE8, 0x2B, 0x78, 0xDB, 0x3E, 0x49, 0x11, 0x35, 0xA5, 0xE7, 0x40, 0x6B, 0x2F, 0x30, 0x0B, 0x69,
    0x99, 0xAD, 0xE2, 0xAC, 0xF4, 0x4B, 0x44, 0xDC, 0x3D, 0x5F, 0x0F, 0x57, 0xC0, 0xC9, 0x3A, 0xE4,
    0x5C, 0xC7, 0xBF, 0x0C, 0x5F, 0xC6, 0x7B, 0xF1, 0x9E, 0xFE, 0xB7, 0x22, 0xAE, 0x4E, 0x8C, 0x81,
    0xD0, 0x22, 0x4A, 0x06, 0xB5, 0xF9, 0x01, 0x12, 0x7A, 0x0A, 0xDF, 0x30, 0x18, 0xD2, 0x3C, 0x65,
    0x00, 0xB9, 0x2C, 0xB5, 0x9E, 0xE4, 0x07, 0x5A, 0x68, 0x2B, 0x76, 0x2B, 0x3E, 0x08, 0x0E, 0xD6,
    0xCE, 0xD6, 0xE6, 0x56, 0x7C, 0x98, 0x63, 0x31, 0x0F, 0x16, 0x75, 0x86, 0x85, 0x23, 0x86, 0x5B,
    0x0C, 0x34, 0x49, 0xD9, 0xF1, 0x43, 0x42, 0xA9, 0x4C, 0x64, 0x34, 0x0B, 0x59, 0xF3, 0x03, 0x3F,
    0xAD, 0x9F, 0x3A, 0x33, 0xDA, 0xD9, 0xF4, 0x01, 0x87, 0xF8, 0x61, 0xFE, 0x33, 0xBF, 0x83, 0x73,
    0xE3, 0x3B, 0xFA, 0x79, 0xAD, 0x6C, 0xB3, 0xE7, 0x45, 0xAB, 0xCF, 0x9C, 0xEE, 0x64, 0xEE, 0xA9,
    0x66, 0x00, 0x75, 0x4F, 0x1D, 0x2E, 0xD6, 0x04, 0x89, 0x04, 0x96, 0x7D, 0x3A, 0x5D, 0xA4, 0x0A,
    0x32, 0x0B, 0x74, 0xF8, 0x94, 0xBB, 0x3D, 0x9F, 0x0C, 0x1F, 0xBB, 0x6D, 0x29, 0x76, 0x8B, 0x3E,
    0x1C, 0x3F, 0x5F, 0xB4, 0x45, 0xCC, 0xBD, 0x6D, 0x78, 0xD0, 0x31, 0x38, 0xB3, 0xC8, 0x2D, 0x13,
    0xA2, 0xD8, 0x5A, 0x78, 0xF1, 0xDA, 0xD6, 0xE7, 0xB6, 0x7E, 0x48, 0x38, 0x24, 0x5B, 0x1A, 0xCE,
    0x81, 0x21, 0x22, 0xD8, 0xCE, 0x68, 0x8D, 0xDA, 0xD6, 0xE5, 0xB6, 0x79, 0x78, 0x1D, 0xBE, 0xCC,
    0x3C, 0x03, 0x9F, 0x46, 0x5C, 0xE5, 0x99, 0xB0, 0x54, 0x41, 0xBE, 0x86, 0x87, 0x23, 0x8E, 0xDC,
    0x0D, 0xD9, 0xDE, 0x52, 0xF7, 0x20, 0x6C, 0xA7, 0x26, 0x97, 0xB7, 0x03, 0x5D, 0x3A, 0xD4, 0xB3,
    0x62, 0xD7, 0xC7, 0x4B, 0xD9, 0x01, 0xA6, 0xDF, 0x0A, 0x5E, 0xCD, 0xE0, 0xFF, 0x01, 0xCD, 0xC1,
    0x31, 0x34, 0xF1, 0xE1, 0x02, 0x34, 0x07, 0x7C, 0xBF, 0x54, 0xC9, 0x90, 0x86, 0xA9, 0xE9, 0x33,
    0x65, 0xBB, 0x25, 0x1A, 0xA7, 0x28, 0x21, 0xD4, 0xDD, 0x34, 0x9B, 0xED, 0x26, 0xF8, 0x18, 0xBE,
    0xD8, 0xBE, 0x2A, 0x3A, 0x60, 0x60, 0xA5, 0x9E, 0x6A, 0x06, 0x1E, 0x41, 0xEC, 0xF3, 0x93, 0xDD,
    0xD6, 0xCF, 0x3A, 0x03, 0x0D, 0x20, 0x56, 0x79, 0xB8, 0x18, 0x69, 0x00, 0xB3, 0xCC, 0x45, 0x8F,
    0x7B, 0x3C, 0xA9, 0xB1, 0x58, 0x06, 0x35, 0xE0, 0x87, 0x23, 0xD4, 0x1A, 0x97, 0xC2, 0x09, 0xBD,
    0x21, 0x14, 0xBE, 0x78, 0xB0, 0xAF, 0x4B, 0xEE, 0x1C, 0x86, 0xDE, 0x90, 0x16, 0xD2, 0x01, 0x4B,
    0xFB, 0x81, 0x77, 0xE0, 0x5D, 0xB8, 0x0A, 0x2E, 0x1A, 0x8F, 0x86, 0xA3, 0xEE, 0x4C, 0xC6, 0x51,
    0xED, 0x94, 0xCE, 0xBD, 0xB2, 0x60, 0x9E, 0x9A, 0x0C, 0x2E, 0x7E, 0x9E, 0x8C, 0xDA, 0xA0, 0x67,
    0xA3, 0xDC, 0xE8, 0x00, 0x59, 0x01, 0x96, 0xB0, 0x34, 0x28, 0xF2, 0x01, 0x4B, 0x86, 0x81, 0x8F,
    0x34, 0xB8, 0x71, 0xFB, 0x2D, 0x0C, 0x03, 0x16, 0x0F, 0xD9, 0x56, 0x46, 0x48, 0x6B, 0xD6, 0x84,
    0x3A, 0xC7, 0xEE, 0xB1, 0xDB, 0xF0, 0xBE, 0xD1, 0x8F, 0x8B, 0x0A, 0x50, 0xA1, 0x6A, 0x5A, 0x02,
    0xAA, 0x59, 0x43, 0x41, 0x65, 0x55, 0xF1, 0xCA, 0x1C, 0x67, 0x8B, 0x40, 0x95, 0x41, 0x28, 0x58,
    0x99, 0x69, 0x05, 0x00, 0xAC, 0xA0, 0xC0, 0x46, 0xA3, 0x43, 0x26, 0x7B, 0xD9, 0x99, 0xE6, 0xAE,
    0xA7, 0x9C, 0x1A, 0xB7, 0xFB, 0x1C, 0xF5, 0x21, 0x55, 0xBF, 0xC8, 0xF9, 0x6D, 0x0C, 0xAD, 0xFE,
    0xC1, 0x65, 0x68, 0x7D, 0x6F, 0xFE, 0x0E, 0x1A, 0x80, 0x26, 0x50, 0x6A, 0xE0, 0x38, 0xEA, 0x02,
    0x59, 0xC2, 0xDF, 0x77, 0xD1, 0xF8, 0x7D, 0xF7, 0xB7, 0x08, 0xAE, 0x00, 0x75, 0x38, 0x73, 0x44,
    0x6E, 0x05, 0x49, 0x01, 0x26, 0x60, 0x5F, 0xA0, 0x12, 0x68, 0x03, 0x89, 0xC1, 0x06, 0x4D, 0x6F,
    0xF8, 0x7B, 0xE5, 0x0F, 0xAD, 0xFF, 0x40, 0xA1, 0x20, 0x22, 0xCE, 0x04, 0x16, 0x89, 0x43, 0x6B,
    0x7F, 0xA3, 0x37, 0xD0, 0x0A, 0xB3, 0x02, 0x95, 0x2C, 0xF0, 0x70, 0x31, 0xD2, 0x11, 0x5B, 0xFE,
    0x1E, 0xA6, 0x4D, 0x87, 0xAC, 0x08, 0x4E, 0x52, 0x86, 0x0C, 0x96, 0x90, 0x41, 0xA3, 0x4A, 0x10,
    0x7A, 0xE9, 0x0C, 0x9A, 0xA0, 0x5B, 0x9C, 0x34, 0xF6, 0x32, 0x19, 0x3C, 0xC0, 0x59, 0x38, 0x75,
    0x6E, 0x1E, 0x7B, 0x3A, 0x3F, 0x27, 0x42, 0x55, 0xF8, 0xCB, 0xFE, 0x25, 0x2F, 0x86, 0x0A, 0xA1,
    0x1A, 0xD8, 0xCD, 0x6C, 0x0C, 0x09, 0x59, 0xFF, 0x09, 0x75, 0xE8, 0x11, 0x25, 0xF6, 0x0D, 0xA5,
    0x21, 0x15, 0xB8, 0x15, 0x9F, 0xF0, 0x05, 0x5B, 0x7F, 0x2B, 0x93, 0x6B, 0x3F, 0xF5, 0xBB, 0xF6,
    0xFC, 0xD9, 0xE0, 0x62, 0x32, 0x90, 0xB1, 0x2B, 0x0C, 0xAD, 0xFE, 0x80, 0xB7, 0x21, 0x9E, 0x56,
    0x1D, 0x5B, 0xFE, 0xD9, 0xE1, 0x80, 0x09, 0x94, 0x34, 0x36, 0x13, 0x03, 0x94, 0x86, 0x7B, 0x50,
    0x4B, 0xCA, 0xCE, 0x91, 0x2B, 0xD8, 0xC0, 0x53, 0x20, 0x9A, 0xC8, 0x67, 0xB6, 0x45, 0xB4, 0xAC,
    0xFF, 0xB0, 0x35, 0xC8, 0x06, 0xB5, 0x85, 0xD9, 0xC3, 0x1D, 0xC0, 0x95, 0xFC, 0xCE, 0xFF, 0x0C,
    0x87, 0xC3, 0x21, 0xF6, 0x94, 0x74, 0x0E, 0xB4, 0x85, 0xD6, 0xE0, 0xC3, 0x38, 0xE4, 0x38, 0x25,
    0x33, 0xB3, 0xFE, 0x45, 0x1D, 0x4F, 0xDD, 0x9C, 0x23, 0x34, 0x00, 0x8C, 0xBF, 0x36, 0x78, 0x28,
    0x1B, 0xA4, 0x46, 0x8A, 0xFE, 0xEC, 0xF0, 0xA4, 0x5E, 0x63, 0xFE, 0x0D, 0x59, 0x09, 0x86, 0xEB,
    0xD9, 0xB0, 0xCE, 0x32, 0x13, 0x39, 0xD9, 0xE1, 0x47, 0xB1, 0xA4, 0x2E, 0xCF, 0x05, 0x40, 0xC5,
    0xA1, 0xD6, 0x7F, 0xF8, 0x1B, 0xA4, 0x81, 0xAB, 0xC3, 0x40, 0x69, 0x24, 0x0D, 0xD6, 0x14, 0x07,
    0x49, 0x20, 0x72, 0xB0, 0x41, 0x03, 0xFC, 0x1D, 0x3F, 0x19, 0xFF, 0xC1, 0xD9, 0xF0, 0x76, 0x4E,
    0x68, 0x61, 0x7F, 0x8D, 0x0B, 0x01, 0x48, 0x9D, 0x9F, 0xF6, 0xBE, 0x5F, 0x7E, 0x83, 0xEB, 0x33,
    0x40, 0xD8, 0x29, 0x52, 0x37, 0x8D, 0x82, 0x95, 0x33, 0x78, 0xD4, 0x29, 0x55, 0x37, 0x95, 0xC2,
    0x95, 0x33, 0x0B, 0xE8, 0x53, 0xF3, 0x03, 0xC5, 0x82, 0xA1, 0x20, 0xB4, 0x4C, 0x29, 0xB6, 0x4C,
    0xFD, 0x02, 0x4B, 0x32, 0xD9, 0xDC, 0x24, 0x54, 0x50, 0x45, 0x02, 0x45, 0x45, 0x16, 0xD0, 0x24,
    0x56, 0x01, 0xC4, 0x88, 0x59, 0xF0, 0xAE, 0xDE, 0x6D, 0x03, 0x0A, 0x85, 0x21, 0x41, 0x50, 0xA4,
    0x10, 0x66, 0xD2, 0x09, 0xAD, 0x1D, 0xA7, 0x8D, 0xC8, 0x4D, 0xA8, 0xED, 0x3A, 0xED, 0xC2, 0x6D,
    0x37, 0x69, 0xE3, 0x68, 0x13, 0x9B, 0x3B, 0x52, 0x86, 0x7A, 0x90, 0x4E, 0x66, 0xED, 0x5A, 0xEC,
    0xC2, 0x71, 0x41, 0x0E, 0x51, 0xDA, 0x7F, 0x09, 0xFD, 0x4B, 0x1B, 0x40, 0x9F, 0x4D, 0xDA, 0x95,
    0x4C, 0xFD, 0x26, 0xB0, 0x77, 0x6A, 0x48, 0x21, 0xD5, 0x76, 0xAD, 0x42, 0x1F, 0x37, 0x6A, 0xD4,
    0x21, 0xF5, 0x11, 0x25, 0x02, 0xA9, 0xF3, 0x0B, 0x7C, 0x2A, 0x14, 0x81, 0x85, 0x43, 0xE6, 0x16,
    0xC0, 0x1D, 0x24, 0x07, 0x3A, 0x0A, 0xFE, 0x41, 0x34, 0x98, 0x53, 0x7E, 0x06, 0xE9, 0x2C, 0xE6,
    0xA2, 0x62, 0xA0, 0x51, 0x24, 0x04, 0x4A, 0x06, 0xFE, 0x41, 0x30, 0x9B, 0xD5, 0x6E, 0x13, 0x1A,
    0x8B, 0xAA, 0xAF, 0xA3, 0x98, 0x4C, 0xA6, 0x25, 0x3C, 0x59, 0xFE, 0xE2, 0xB2, 0xB4, 0x10, 0x10,
    0xB6, 0x12, 0x8D, 0x2C, 0xFF, 0xB3, 0x42, 0xE0, 0x3B, 0xD3, 0x08, 0x34, 0xC0, 0xF9, 0x31, 0x48,
    0x4C, 0x20, 0xF3, 0x01, 0xCC, 0xC4, 0xF9, 0x31, 0x29, 0xD8, 0xA0, 0xB8, 0x03, 0x97, 0xC1, 0xB1,
    0x38, 0x18, 0x70, 0x2A, 0x3B, 0x29, 0x13, 0xCE, 0xBC, 0xB0, 0x6F, 0x53, 0xA8, 0x06, 0xAA, 0x41,
    0x82, 0x49, 0x51, 0xA4, 0x70, 0x09, 0x53, 0x09, 0x44, 0xD6, 0x69, 0x51, 0x39, 0x54, 0x0D, 0x53,
    0x02, 0x64, 0xC2, 0x47, 0x55, 0x70, 0xD4, 0x01, 0x93, 0xFC, 0x2E, 0xA7, 0x02, 0x48, 0xA8, 0x1A,
    0xA6, 0x04, 0xB9, 0x84, 0x9A, 0x40, 0xC8, 0xA0, 0x49, 0x6A, 0x6F, 0x0A, 0x81, 0x72, 0x62, 0x49,
    0x9A, 0xD1, 0x6E, 0x24, 0xAA, 0x81, 0xAA, 0x62, 0xCC, 0xB0, 0x29, 0x6C, 0x2C, 0xCA, 0x84, 0x52,
    0xA0, 0x6D, 0xF8, 0x38, 0x3E, 0x1B, 0xAF, 0x8A, 0x9F, 0xE0, 0x77, 0x9D, 0x06, 0x6F, 0x32, 0x03,
    0xBC, 0xA8, 0xF3, 0x99, 0x90, 0xDB, 0x2E, 0xA9, 0xFE, 0x8B, 0xDE, 0x81, 0x3E, 0x9A, 0xBA, 0xAA,
    0x27, 0x6A, 0x9B, 0xEA, 0xA0, 0xE2, 0x9F, 0xDC, 0x0E, 0xD8, 0x1E, 0x5D, 0xC5, 0xED, 0x50, 0x9D,
    0xD4, 0x0E, 0xF3, 0x02, 0xBD, 0x42, 0x7B, 0x20, 0x39, 0x60, 0x27, 0xB3, 0x1C, 0x45, 0x44, 0x9D,
    0x52, 0x47, 0xD4, 0x71, 0xD2, 0x03, 0x84, 0x98, 0x41, 0x58, 0x48, 0x45, 0xAC, 0xB5, 0x9A, 0x8E,
    0x96, 0x41, 0x16, 0x90, 0x1D, 0x77, 0x12, 0x03, 0xAD, 0xA2, 0x48, 0x3D, 0xFA, 0x0F, 0x78, 0x06,
    0xB9, 0xED, 0x40, 0xD7, 0x40, 0x24, 0xD4, 0x26, 0x74, 0x03, 0x6F, 0x20, 0x20, 0x4D, 0xA0, 0x4D,
    0xE6, 0x03, 0x49, 0x84, 0xDE, 0xC1, 0x51, 0xB4, 0x20, 0x27, 0x12, 0x03, 0x6C, 0xE0, 0xE2, 0x9B,
    0x90, 0x4E, 0x2A, 0x0E, 0x5B, 0xC2, 0x02, 0x71, 0x60, 0x37, 0x50, 0x56, 0xD4, 0x1C, 0x5C, 0xE0,
    0x00, 0x30, 0x90, 0x4D, 0xE6, 0x3A, 0xBA, 0x09, 0x02, 0xC0, 0xE5, 0xAC, 0x10, 0x02, 0x32, 0x08,
    0xC4, 0xC3, 0x9B, 0x40, 0x53, 0x50, 0x8D, 0x55, 0x01, 0x64, 0xC2, 0x31, 0x50, 0x36, 0xFC, 0x0D,
    0xBA, 0x18, 0x77, 0xCC, 0x91, 0xA8, 0x1C, 0xDE, 0x66, 0x23, 0x3A, 0x4C, 0xC0, 0xE1, 0x20, 0x25,
    0x4C, 0x26, 0xF3, 0x0A, 0x95, 0xC0, 0x97, 0x31, 0xC0, 0xD8, 0x09, 0x94, 0x1C, 0x15, 0x84, 0xBF,
    0x80, 0x36, 0x4C, 0x09, 0x73, 0x1C, 0x1E, 0x80, 0x9B, 0x41, 0xC2, 0x5A, 0x7F, 0x0B, 0x0C, 0x45,
    0x43, 0x9F, 0x20, 0x3F, 0x48, 0x19, 0x73, 0x01, 0x5D, 0x81, 0x17, 0x40, 0x9E, 0xD0, 0x3D, 0x75,
    0x1C, 0x65, 0x42, 0xFF, 0x50, 0x52, 0x4E, 0x02, 0x2C, 0x0A, 0x02, 0xD6, 0x61, 0x13, 0x99, 0x35,
    0x2C, 0x0E, 0x0A, 0x7D, 0xC0, 0x57, 0x30, 0x39, 0x62, 0x26, 0x07, 0x2B, 0x44, 0xC0, 0xE5, 0x60,
    0x1B, 0xD8, 0x29, 0x1F, 0x10, 0xAD, 0x20, 0xC0, 0x3E, 0xC0, 0x85, 0xA6, 0x37, 0x7C, 0x01, 0x16,
    0x83, 0x79, 0xB0, 0x11, 0x28, 0x37, 0xAC, 0x09, 0x1A, 0xE3, 0x00, 0xB0, 0x90, 0xEA, 0x06, 0xAD,
    0x89, 0x1F, 0x20, 0x6B, 0xC8, 0x92, 0x6A, 0x02, 0xB9, 0x89, 0x27, 0x21, 0x04, 0xB8, 0x44, 0x26,
    0x09, 0x8A, 0x84, 0x42, 0xA8, 0x6E, 0xB8, 0x92, 0xA6, 0x06, 0xAD, 0x83, 0x77, 0xE0, 0x6A, 0xD8,
    0x8A, 0xF6, 0x26, 0x2C, 0x83, 0x5F, 0x22, 0x63, 0xBB, 0x67, 0x2A, 0x26, 0x3A, 0x80, 0xFE, 0x62,
    0x63, 0xB9, 0x5F, 0x68, 0x36, 0xCD, 0x89, 0x13, 0x00, 0x6C, 0xD8, 0x92, 0x2E, 0x02, 0xBB, 0x89,
    0x2B, 0x21, 0xA5, 0xB8, 0x44, 0xA6, 0x02, 0xB9, 0x89, 0x26, 0xE1, 0x71, 0xA8, 0x92, 0x68, 0x10,
    0x3B, 0x84, 0x46, 0xC0, 0x6C, 0xD9, 0x19, 0x3F, 0x13, 0x32, 0xA6, 0xE4, 0xF0, 0xA9, 0x5C, 0x0A,
    0x59, 0xF4, 0x0D, 0xFC, 0x80, 0x85, 0x21, 0x19, 0x7C, 0x7D, 0xB2, 0x82, 0x91, 0x96, 0x90, 0x21,
    0xF6, 0xD2, 0x0E, 0x5A, 0x0C, 0x19, 0x82, 0xA3, 0x8C, 0xB0, 0xFB, 0x71, 0x0C, 0x15, 0x65, 0x69,
    0x70, 0xF6, 0x6B, 0x54, 0xBD, 0x52, 0x1F, 0x4D, 0x42, 0x65, 0x30, 0x73, 0x56, 0x10, 0x13, 0x19,
    0x11, 0x86, 0xC8, 0xAC, 0x90, 0xDF, 0x68, 0x8B, 0x59, 0x7D, 0xCD, 0x6B, 0x40, 0xDC, 0x5A, 0x97,
    0x0E, 0x22, 0x9D, 0x40, 0x3D, 0x2F, 0xFB, 0x3F, 0x6C, 0x10, 0xC9, 0x91, 0x4F, 0xE4, 0x53, 0xB1,
    0xAC, 0x7E, 0x71, 0x1A, 0x42, 0x02, 0x1B, 0x60, 0x17, 0x4E, 0x0E, 0x2B, 0xCA, 0x80, 0xCA, 0x43,
    0x5F, 0xA0, 0x14, 0x64, 0x35, 0xDA, 0x00, 0xCA, 0x43, 0x5B, 0xC0, 0x0D, 0x24, 0x27, 0x6A, 0x12,
    0xB2, 0xAD, 0x21, 0xC3, 0x74, 0x74, 0xD7, 0x1C, 0x81, 0x32, 0x60, 0x27, 0x98, 0x11, 0xFE, 0xD1,
    0x6E, 0x82, 0xAE, 0x90, 0x02, 0x89, 0x7C, 0x40, 0x7F, 0x05, 0x65, 0x08, 0x6F, 0xA2, 0x4C, 0xCD,
    0xA2, 0x3C, 0xFD, 0x97, 0x9E, 0x45, 0x0D, 0x9F, 0xCD, 0xA2, 0x34, 0xF5, 0xB4, 0x46, 0x9E, 0x36,
    0x88, 0xDB, 0xB6, 0xF5, 0xDA, 0x92, 0x02, 0x9C, 0xE2, 0x3F, 0x5B, 0x82, 0x47, 0xDC, 0x6D, 0x08,
    0xF9, 0x64, 0xDE, 0x56, 0x03, 0x5B, 0x6B, 0x75, 0x4A, 0xD9, 0xF1, 0x9B, 0x7C, 0xD3, 0x19, 0x07,
    0xBF, 0x0C, 0x81, 0x8C, 0x80, 0xFE, 0xAB, 0x5B, 0xC2, 0x11, 0xEA, 0xF5, 0xBB, 0xC9, 0x1D, 0xEB,
    0x5B, 0x6D, 0x7D, 0x00, 0x6F, 0x2B, 0x11, 0xA4, 0x32, 0x47, 0x4A, 0x91, 0xCE, 0xA0, 0x11, 0xA5,
    0x5E, 0xCF, 0xF9, 0x05, 0xC4, 0x88, 0xE3, 0x5A, 0x6D, 0x9F, 0xE2, 0x1D, 0x6A, 0xD6, 0xE8, 0x56,
    0x7F, 0x41, 0x1C, 0x2D, 0x38, 0xB3, 0xF8, 0x08, 0xE1, 0x69, 0x75, 0x9F, 0xB0, 0x69, 0x4F, 0x95,
    0x33, 0x51, 0x36, 0x84, 0x78, 0xD3, 0x1B, 0x2D, 0x9D, 0x61, 0xAA, 0x0D, 0xB4, 0x3A, 0xB7, 0x24,
    0xB3, 0xF2, 0xD4, 0x07, 0x48, 0x65, 0x6E, 0x35, 0x67, 0xDF, 0x84, 0xCA, 0x90, 0x9A, 0xDC, 0x42,
    0xCF, 0xB2, 0x68, 0x3D, 0xA0, 0xF5, 0xB8, 0x3A, 0x97, 0x64, 0x13, 0x59, 0x89, 0x16, 0x4A, 0x0E,
    0x96, 0x68, 0xD3, 0x18, 0xD9, 0x52, 0xCB, 0x4B, 0x41, 0x08, 0xCB, 0xD9, 0x67, 0xC7, 0x35, 0x62,
    0xA1, 0xC5, 0x97, 0x79, 0x1F, 0xF2, 0x34, 0xB4, 0xF5, 0xC0, 0x27, 0x97, 0x42, 0xCF, 0x77, 0x34,
    0xB5, 0xB5, 0x81, 0x87, 0x97, 0x09, 0xFE, 0x32, 0x34, 0xB4, 0xF5, 0xA0, 0x29, 0x96, 0xD2, 0xCF,
    0x60, 0x34, 0xA7, 0xCD, 0xE5, 0xF3, 0x48, 0x7C, 0xD2, 0x1A, 0x29, 0xFE, 0xD9, 0x1B, 0x31, 0xBB,
    0xE4, 0x09, 0x32, 0xAD, 0xE8, 0xEC, 0xF5, 0x56, 0xD2, 0x54, 0x08, 0x12, 0xC9, 0x59, 0xE9, 0x60,
    0x4C, 0xC6, 0x0A, 0xCF, 0x40, 0x6D, 0x35, 0x40, 0x17, 0x2B, 0x95, 0x9C, 0x5B, 0xB7, 0x02, 0x64,
    0xEC, 0x56, 0x79, 0x61, 0x67, 0xE8, 0x61, 0x8B, 0x16, 0x7A, 0xED, 0xBC, 0xA5, 0x4E, 0xCF, 0x22,
    0x30, 0xA5, 0xA8, 0x96, 0x78, 0xC0, 0x47, 0x6D, 0xB3, 0xAD, 0xCD, 0x6C, 0xF0, 0xE6, 0xED, 0xDA,
    0x4C, 0x2A, 0x9B, 0x6B, 0xEB, 0x71, 0x8B, 0x3F, 0xE1, 0x45, 0x32, 0x09, 0x0F, 0xCD, 0x1D, 0xF3,
    0x47, 0x7C, 0x2F, 0x7F, 0x0B, 0xDE, 0xC2, 0x61, 0xC3, 0x0B, 0x53, 0x70, 0x53, 0xFE, 0x6E, 0x6B,
    0x70, 0x9B, 0x3A, 0x16, 0xA8, 0x5B, 0x39, 0x7E, 0xEB, 0x93, 0x2B, 0x3F, 0x6C, 0x3B, 0xD4, 0xDA,
    0x56, 0xFD, 0xD6, 0x7E, 0x60, 0x77, 0xE9, 0xB2, 0xAD, 0xF8, 0x01, 0xD1, 0x20, 0xEF, 0xD7, 0x67,
    0x5B, 0xE9, 0xAD, 0x4E, 0xC7, 0xCC, 0xA5, 0x2D, 0x91, 0x93, 0x83, 0x97, 0x76, 0x5C, 0x64, 0xD7,
    0xC9, 0xF5, 0x75, 0xDC, 0xD6, 0xF7, 0x56, 0x7C, 0x79, 0x4E, 0xB1, 0xB7, 0xAD, 0xEB, 0x6C, 0xF7,
    0xF0, 0xC8, 0x55, 0x18, 0xD2, 0xD0, 0xD9, 0xED, 0xE5, 0x07, 0xB6, 0xC9, 0x59, 0xF2, 0xAF, 0x87,
    0xB3, 0xE1, 0x3B, 0xF9, 0x33, 0x7E, 0x0E, 0x4F, 0x83, 0x92, 0xE1, 0x49, 0xC1, 0xDC, 0xE8, 0x29,
    0x3E, 0x6D, 0x6B, 0x78, 0xBB, 0x3D, 0x40, 0x0D, 0xB6, 0xC1, 0x59, 0xE8, 0x20, 0x6C, 0xA6, 0xE6,
    0xB7, 0x79, 0xB3, 0xCC, 0x80, 0xD9, 0x4D, 0xBD, 0x6E, 0xE1, 0x67, 0x91, 0x81, 0xB2, 0xDB, 0x5A,
    0xDD, 0x9E, 0xCF, 0x15, 0x4A, 0xE7, 0xCE, 0xE9, 0x20, 0xD5, 0xE2, 0xB7, 0x5C, 0x31, 0x9D, 0xAC,
    0xD5, 0xBA, 0x88, 0x6B, 0xE5, 0x32, 0x3B, 0x9D, 0xEB, 0x74, 0x6B, 0x3F, 0xAC, 0xEE, 0x55, 0x4E,
    0x6C, 0xBB, 0xC2, 0x22, 0xA4, 0xCA, 0xCF, 0xD1, 0x03, 0x6F, 0xC2, 0x97, 0xF1, 0x53, 0x6C, 0x28,
    0x9C, 0xB2, 0x06, 0xA6, 0xAE, 0x4C, 0xD4, 0x3A, 0xB7, 0x28, 0xB3, 0xF1, 0x1C, 0x99, 0x68, 0x65,
    0x6E, 0x3C, 0xC2, 0x09, 0x39, 0x32, 0xB0, 0x9A, 0xDC, 0x51, 0xA7, 0x12, 0x72, 0x65, 0x60, 0xE3,
    0xCA, 0x96, 0x7D, 0xC9, 0x98, 0x84, 0x56, 0xE0, 0x2A, 0x99, 0xA8, 0x51, 0x70, 0x75, 0xDB, 0x38,
    0xDA, 0x9F, 0x0A, 0xE4, 0xBE, 0xCF, 0x89, 0x03, 0x25, 0xBB, 0xD6, 0x7C, 0x03, 0x92, 0xF1, 0xCC,
    0x0D, 0x9C, 0x9C, 0x97, 0x5D, 0xDD, 0x9E, 0xDC, 0xE4, 0xCB, 0x6A, 0xAC, 0xF6, 0x50, 0xA2, 0xFC,
    0x28, 0xBF, 0x67, 0xEF, 0xC0, 0xD5, 0x80, 0x9D, 0xED, 0xBA, 0x34, 0xA5, 0xDB, 0x0E, 0x9F, 0xEC,
    0xCD, 0x9E, 0xB4, 0x74, 0xEB, 0x62, 0x6C, 0xF4, 0xF3, 0xA7, 0x5A, 0xF1, 0x67, 0xA2, 0x1D, 0x3A,
    0xD6, 0x84, 0xE7, 0xC8, 0xE9, 0xB7, 0xAC, 0xD9, 0xE6, 0x01, 0x3A, 0xC5, 0x12, 0x97, 0x6A, 0x6C,
    0x1D, 0x2D, 0x82, 0x6D, 0x94, 0x99, 0xB9, 0x15, 0x01, 0x2C, 0xA8, 0x16, 0x78, 0xE3, 0x72, 0x6E,
    0x02, 0x79, 0x4D, 0x2C, 0xF1, 0x26, 0xE5, 0x54, 0x05, 0x12, 0x94, 0x99, 0x0A, 0xD4, 0x00, 0x14,
    0xCA, 0x3B, 0x67, 0x80, 0x03, 0x33, 0xEA, 0x29, 0xC4, 0x3D, 0x6E, 0x9F, 0x0D, 0x5F, 0xC3, 0x57,
    0xD0, 0x9D, 0x62, 0x85, 0x5B, 0xEC, 0x57, 0x24, 0x4B, 0x70, 0xE8, 0x14, 0x65, 0x69, 0xAD, 0xEF,
    0x6B, 0x92, 0x3B, 0x3F, 0xB6, 0xD1, 0x2F, 0x6E, 0xD5, 0xAD, 0x75, 0xBB, 0xB5, 0x72, 0x4C, 0x1A,
    0xDA, 0x80, 0x3A, 0x56, 0xDA, 0xDC, 0xF6, 0xB9, 0x27, 0xB3, 0xF2, 0x5B, 0xB9, 0x6B, 0x5D, 0x6E,
    0x43, 0x5C, 0x95, 0x59, 0xF7, 0x0D, 0xDD, 0xC5, 0xA6, 0xB7, 0xCD, 0xB3, 0xE9, 0xC2, 0x8B, 0xFA,
    0xE4, 0x28, 0x09, 0xF5, 0x6F, 0x1E, 0x20, 0x75, 0xC9, 0x72, 0xA8, 0x27, 0x3A, 0xA1, 0x59, 0xF2,
    0xCD, 0xE4, 0xAA, 0xCA, 0xE4, 0xDE, 0x3B, 0x59, 0xEE, 0xCD, 0xE2, 0xAD, 0x9E, 0xCC, 0xDE, 0x1A,
    0xD9, 0xEA, 0xC0, 0x7A, 0xFA, 0x0F, 0xBF, 0x5C, 0x87, 0x01, 0xFB, 0x43, 0x50, 0xE8, 0x53, 0xB6,
    0xDE, 0x1B, 0xEB, 0xC0, 0x7B, 0x31, 0x7E, 0xDA, 0x95, 0x67, 0xA5, 0x03, 0x62, 0x94, 0x8B, 0x3C,
    0xF9, 0xA1, 0x56, 0xA3, 0x06, 0xBE, 0x43, 0x05, 0x9D, 0x10, 0x19, 0xF5, 0xA5, 0xD1, 0x6C, 0xF1,
    0xB1, 0xAB, 0x54, 0x06, 0x57, 0xB4, 0x43, 0xD4, 0x8F, 0x66, 0xCA, 0xCE, 0x07, 0x5C, 0x95, 0x91,
    0xC2, 0x5D, 0x6B, 0x44, 0x89, 0x49, 0x56, 0xA4, 0xB2, 0xAA, 0x52, 0x33, 0x38, 0x5A, 0x95, 0x67,
    0xBA, 0x5A, 0x24, 0xC4, 0xC9, 0xB5, 0x26, 0xCF, 0x3A, 0xB4, 0x49, 0xCB, 0x9D, 0x5A, 0x5D, 0x1D,
    0x71, 0x12, 0x95, 0x38, 0x3E, 0xA3, 0x3B, 0x90, 0xD8, 0x39, 0x5C, 0x85, 0x80, 0xC6, 0xD0, 0xA5,
    0x59, 0xE4, 0x6B, 0xD7, 0x9D, 0x02, 0x66, 0x84, 0x36, 0x94, 0xB9, 0x54, 0x16, 0x6E, 0xBD, 0x87,
    0xE1, 0x5A, 0x5D, 0x25, 0xC4, 0x57, 0x4F, 0xAD, 0x9B, 0xA5, 0x27, 0x0F, 0x5D, 0xA2, 0xFB, 0x03,
    0x16, 0x21, 0xC4, 0x5F, 0xB3, 0x74, 0xEE, 0x08, 0xAA, 0x2B, 0x3E, 0x40, 0x2E, 0xA2, 0xAF, 0x68,
    0x70, 0x0A, 0x0D, 0x92, 0x90, 0x61, 0xB0, 0xDA, 0x08, 0x35, 0xEA, 0x40, 0xC6, 0xB7, 0xB0, 0x13,
    0xFC, 0x6B, 0xBF, 0x13, 0xC7, 0xC0, 0xC7, 0x28, 0x08, 0x7F, 0xA5, 0x04, 0xAE, 0x4B, 0xC0, 0xCB,
    0x49, 0x58, 0x19, 0x6E, 0x9E, 0xBC, 0x98, 0xEA, 0xCA, 0xDE, 0xA0, 0x19, 0xE5, 0x07, 0x2C, 0x55,
    0x69, 0x70, 0x53, 0x66, 0xE2, 0x0C, 0x07, 0x89, 0x85, 0xE2, 0xF6, 0x88, 0x58, 0x31, 0xAD, 0x03,
    0x11, 0x1C, 0xA0, 0x75, 0xC9, 0x95, 0x6A, 0x78, 0x06, 0x0C, 0x00, 0xCE, 0x40, 0xE0, 0xA1, 0xCF,
    0xAC, 0x0C, 0x29, 0x1B, 0x3E, 0xA0, 0x29, 0x99, 0x70, 0x2A, 0x73, 0x8A, 0x88, 0x3F, 0xE2, 0x0F,
    0xB5, 0x72, 0x24, 0x06, 0xCF, 0x86, 0xB7, 0xE1, 0xAD, 0xF8, 0xD6, 0x7F, 0x1B, 0x95, 0x56, 0xEC,
    0x80, 0x48, 0x98, 0x2A, 0xAE, 0xB7, 0xAE, 0x81, 0x0A, 0xC0, 0x52, 0x98, 0x87, 0xA7, 0x0A, 0x3D,
    0x95, 0xA1, 0x25, 0xFC, 0xC4, 0x1C, 0x34, 0x57, 0x02, 0x27, 0xC0, 0xB9, 0x30, 0x50, 0x4A, 0x66,
    0x0A, 0x0A, 0x4B, 0xCA, 0x7B, 0x90, 0x14, 0xD1, 0x05, 0xB7, 0x03, 0xAD, 0x60, 0x00, 0xA7, 0xB0,
    0x0A, 0xE6, 0x1A, 0x2F, 0x88, 0x76, 0xF1, 0x30, 0xB5, 0xF4, 0x6B, 0x9F, 0x07, 0x1F, 0xC6, 0xB9,
    0xF0, 0x5E, 0x53, 0x5E, 0x0B, 0xCA, 0x4C, 0x81, 0xCD, 0xF0, 0x6B, 0x50, 0x52, 0x53, 0x05, 0xA5,
    0x00, 0x9F, 0x40, 0x39, 0x56, 0x10, 0x07, 0x2B, 0x01, 0x3E, 0x60, 0x72, 0xFC, 0x48, 0x0E, 0x56,
    0x02, 0xCC, 0x80, 0xE5, 0x6B, 0x10, 0x0B, 0x2A, 0x02, 0x0B, 0x0F, 0x56, 0xB0, 0x63, 0x01, 0xDA,
    0x0A, 0xC5, 0xDB, 0x02, 0x9A, 0xA0, 0x2C, 0x98, 0x1C, 0xFE, 0x21, 0x6C, 0x00, 0xB2, 0xE2, 0xF8,
    0xFC, 0xD2, 0x68, 0x6D, 0xEA, 0x4C, 0x5B, 0xFD, 0x49, 0xC3, 0xE3, 0x2A, 0x5E, 0xBA, 0x4C, 0xC0,
    0xCF, 0xF0, 0x51, 0x49, 0x12, 0x34, 0x06, 0xC5, 0x20, 0xC1, 0xE1, 0xA0, 0x52, 0xEC, 0x14, 0xAA,
    0xB6, 0x16, 0x76, 0x88, 0x98, 0x6B, 0x2D, 0x08, 0x07, 0xDC, 0x80, 0xB7, 0x60, 0x39, 0x48, 0x0B,
    0x52, 0x05, 0xA5, 0xEB, 0x73, 0x20, 0x35, 0x4C, 0x0B, 0xF6, 0x84, 0x14, 0xB2, 0x80, 0x92, 0xD3,
    0x5F, 0x3E, 0xCB, 0xBA, 0x01, 0x73, 0xE8, 0x82, 0xD3, 0x7A, 0x6F, 0x4B, 0x83, 0x01, 0x63, 0xE0,
    0x58, 0xA4, 0x20, 0xD1, 0xD5, 0x01, 0x64, 0xC0, 0xAF, 0x30, 0x20, 0xDC, 0xFE, 0x34, 0x02, 0x14,
    0xC0, 0xBD, 0xEA, 0x64, 0x4A, 0x96, 0x87, 0x49, 0x19, 0x93, 0xE6, 0x64, 0xB0, 0x13, 0x3E, 0x66,
    0x4C, 0x00, 0xAA, 0xE1, 0x91, 0xF8, 0x64, 0x7E, 0x86, 0xBC, 0x32, 0xD7, 0x84, 0xEB, 0x9D, 0x6F,
    0x2C, 0x04, 0x69, 0x86, 0x43, 0x60, 0x3A, 0x98, 0x29, 0x6F, 0x67, 0x97, 0x81, 0xB2, 0xA0, 0x62,
    0xB8, 0x16, 0xAA, 0x66, 0xDC, 0x82, 0xBB, 0x66, 0x70, 0x94, 0x0D, 0xB9, 0xF3, 0x0F, 0xD5, 0xC0,
    0xC1, 0x30, 0x11, 0xDD, 0xB2, 0x72, 0x04, 0x8D, 0x83, 0x7B, 0x57, 0x91, 0x7D, 0x5E, 0xBF, 0x19,
    0x36, 0x82, 0x21, 0xF3, 0x3B, 0xE0, 0xCE, 0xD5, 0x33, 0xAD, 0xC4, 0x9B, 0x43, 0xCD, 0xD8, 0xCA,
    0x32, 0xE6, 0x02, 0xC6, 0x86, 0x7A, 0xA1, 0x9E, 0x6C, 0x0B, 0x19, 0x3A, 0x56, 0xC1, 0x13, 0xB9,
    0x34, 0xAD, 0x67, 0xC9, 0x81, 0x32, 0xA2, 0xB0, 0xA1, 0x9F, 0xE8, 0x67, 0xDA, 0x99, 0xEE, 0xA6,
    0x79, 0xA8, 0xC5, 0xAC, 0x0C, 0x3F, 0x94, 0xEF, 0x40, 0xC4, 0xD8, 0xC7, 0x28, 0xEF, 0xAF, 0xB2,
    0x96, 0x60, 0x8F, 0xA1, 0x9F, 0xAE, 0xDB, 0x1A, 0x01, 0x16, 0xF0, 0xC0, 0x47, 0xC9, 0xBA, 0x14,
    0x34, 0x15, 0x4D, 0x01, 0x73, 0x3F, 0x54, 0xCF, 0x74, 0x02, 0xFC, 0x85, 0x8D, 0x23, 0x3D, 0xCE,
    0x0F, 0x4B, 0x86, 0x81, 0x36, 0x60, 0x76, 0xC4, 0x14, 0xC6, 0x12, 0xA1, 0x02, 0xF2, 0x83, 0x19,
    0x9A, 0x10, 0xE4, 0x31, 0xAA, 0xB7, 0x7F, 0x50, 0xA7, 0x7D, 0xC8, 0x17, 0xD5, 0x19, 0x1C, 0xE0,
    0x20, 0x2B, 0x90, 0xC9, 0x26, 0x06, 0x6F, 0x9A, 0x03, 0xE2, 0x3E, 0xFA, 0x7F, 0x6A, 0x12, 0x0E,
    0x08, 0xE7, 0x80, 0x4E, 0x92, 0x3C, 0x6C, 0x82, 0xFA, 0x00, 0x1E, 0x41, 0x19, 0xA3, 0x85, 0x68,
    0x23, 0xAE, 0x14, 0xC2, 0xE0, 0x7E, 0xB8, 0x30, 0xEC, 0x08, 0x0B, 0x02, 0xDE, 0x80, 0xDC, 0x98,
    0x8D, 0x2C, 0x0C, 0x49, 0x03, 0x2B, 0x23, 0x8E, 0xA0, 0x47, 0x3E, 0x11, 0xCB, 0x98, 0x07, 0x81,
    0x86, 0xF8, 0x61, 0xBE, 0x12, 0xBF, 0x83, 0x46, 0xCB, 0xB2, 0xE8, 0x61, 0x68, 0x83, 0x8B, 0xC3,
    0x2C, 0xF4, 0x00, 0x68, 0xD8, 0x48, 0x53, 0x61, 0x9D, 0x01, 0x49, 0x24, 0x4E, 0x58, 0x3C, 0x77,
    0x06, 0x8E, 0x83, 0x1B, 0x30, 0x68, 0xEE, 0xC8, 0x18, 0xED, 0x82, 0x26, 0x43, 0x13, 0xD8, 0x32,
    0x66, 0x1F, 0x4F, 0x99, 0xB3, 0xE3, 0x0F, 0xF8, 0x34, 0x3E, 0x0D, 0x0B, 0x04, 0xEB, 0x19, 0x64,
    0x2C, 0x58, 0x7E, 0x3E, 0x06, 0x75, 0x41, 0x9B, 0x50, 0x66, 0x5C, 0x60, 0xD6, 0x12, 0x1C, 0xDA,
    0xBB, 0x7C, 0xCA, 0x03, 0x71, 0x9A, 0x06, 0x35, 0x32, 0xE0, 0x5C, 0xB6, 0x50, 0x0B, 0x74, 0xC8,
    0x81, 0x6A, 0x99, 0x20, 0x2C, 0xFD, 0xF6, 0xBF, 0x14, 0xDF, 0xC2, 0x41, 0xF9, 0xD6, 0x59, 0x76,
    0xF5, 0x0C, 0x55, 0x42, 0x49, 0x8C, 0xC8, 0x2F, 0x3B, 0x3A, 0xCD, 0x82, 0xF6, 0x56, 0x20, 0x5E,
    0xE6, 0x75, 0x98, 0x05, 0xF5, 0x67, 0x59, 0x50, 0x5F, 0xDE, 0x75, 0x91, 0x06, 0x05, 0x4C, 0xBB,
    0x8C, 0xF0, 0x17, 0xB1, 0x95, 0x02, 0xF5, 0x33, 0x00, 0x5E, 0xB6, 0x6C, 0x0B, 0xD4, 0xCC, 0x01,
    0x7A, 0x99, 0x50, 0x92, 0xFC, 0x24, 0xBF, 0x32, 0x97, 0xC0, 0xC1, 0x80, 0x8D, 0xEC, 0x16, 0x54,
    0xA5, 0xE8, 0x41, 0x67, 0xCD, 0x10, 0x2C, 0xE9, 0x9F, 0x05, 0x9D, 0x33, 0x80, 0xB3, 0xA6, 0x64,
    0x16, 0x76, 0xCD, 0x0D, 0x5B, 0x00, 0x6D, 0xBE, 0x66, 0x97, 0x9E, 0x4B, 0x26, 0x67, 0x59, 0xAA,
    0x5E, 0x84, 0x16, 0xD5, 0xA5, 0xE8, 0xC1, 0x6F, 0x7A, 0x5E, 0x80, 0x17, 0x15, 0xA5, 0xE7, 0x41,
    0x73, 0x50, 0x12, 0xC8, 0x17, 0x5F, 0x0E, 0xF6, 0x82, 0xF7, 0xF0, 0xBD, 0xFC, 0x22, 0x1D, 0xAD,
    0xFA, 0x2B, 0x8B, 0xDA, 0x99, 0x23, 0xB3, 0x99, 0x01, 0x95, 0xB3, 0x60, 0x3A, 0x90, 0x2D, 0x2B,
    0xA3, 0x05, 0xA5, 0xB4, 0x00, 0xB4, 0xC6, 0x74, 0x22, 0xBF, 0x05, 0xB5, 0xEB, 0x7C, 0x90, 0x5B,
    0xFC, 0x16, 0xFF, 0x02, 0xDF, 0xC1, 0x6B, 0xF1, 0x7E, 0x7C, 0x22, 0xBC, 0x7A, 0x45, 0x74, 0x35,
    0xBD, 0x50, 0xC0, 0x2D, 0x5E, 0x05, 0x9C, 0x80, 0x9B, 0x3A, 0xB8, 0x2D, 0x24, 0x30, 0x2A, 0xD4,
    0x41, 0x6D, 0x21, 0xA6, 0xCE, 0x94, 0x09, 0x19, 0x19, 0xBA, 0x80, 0xB7, 0x90, 0xBF, 0xA8, 0x69,
    0x79, 0x67, 0xAB, 0x78, 0xEB, 0x3F, 0x99, 0x4D, 0x14, 0xD0, 0x8A, 0xAA, 0x9A, 0x30, 0x68, 0xD0,
    0x0E, 0x54, 0x03, 0x44, 0x81, 0xA3, 0x51, 0x79, 0x70, 0x2C, 0x3F, 0x02, 0x3C, 0xE7, 0x56, 0x0A,
    0xDE, 0x24, 0x3C, 0x53, 0xB3, 0xF1, 0x85, 0xC5, 0x6C, 0xED, 0x6F, 0x3C, 0x65, 0xAA, 0x68, 0x13,
    0xD3, 0x21, 0x6E, 0x4F, 0x47, 0x5B, 0xE5, 0x8B, 0x76, 0xDA, 0x05, 0x02, 0xC8, 0x06, 0x73, 0xCE,
    0xD6, 0xFF, 0x66, 0x03, 0xA0, 0x6A, 0xEF, 0x64, 0x78, 0x4E, 0x17, 0xEB, 0x3D, 0x40, 0x04, 0x25,
    0x63, 0x02, 0x0D, 0x2B, 0xA2, 0xDE, 0x9D, 0x2E, 0xAC, 0x2D, 0xDA, 0xD2, 0xEA, 0x02, 0xD4, 0x99,
    0x89, 0x24, 0x2D, 0x3D, 0x0B, 0x37, 0xE1, 0xFC, 0xF8, 0x13, 0xA5, 0x67, 0x33, 0x8C, 0xB1, 0x61,
    0x44, 0xD8, 0x2E, 0xE9, 0x66, 0x07, 0x25, 0x2C, 0x60, 0x95, 0xA5, 0x88, 0x7C, 0x19, 0x0A, 0x06,
    0x2C, 0x94, 0xBB, 0x2D, 0x9F, 0x0E, 0x2B, 0xDC, 0x59, 0xEC, 0xF9, 0xC0, 0x4E, 0xD2, 0xD0, 0x9C,
    0x39, 0x03, 0x86, 0xB6, 0x63, 0x9C, 0xC8, 0x1C, 0x53, 0xB2, 0x28, 0x02, 0x40, 0x27, 0x9D, 0x89,
    0xCF, 0x55, 0x0C, 0xE7, 0xC7, 0xBF, 0xC0, 0xA1, 0x7C, 0x28, 0x5F, 0x0D, 0x17, 0xA9, 0x76, 0xA0,
    0xA2, 0x4C, 0x30, 0x73, 0x0A, 0x37, 0x2C, 0x80, 0x5F, 0xD5, 0xA0, 0x0B, 0xF4, 0xB3, 0x05, 0x0A,
    0xD6, 0x41, 0x5B, 0xE2, 0xC4, 0x7E, 0x99, 0x04, 0xEE, 0x54, 0xB5, 0x38, 0xD6, 0xC9, 0x4B, 0xB5,
    0x81, 0x6A, 0xF4, 0xBB, 0x48, 0x16, 0xA9, 0x68, 0xA5, 0xD9, 0xC0, 0x45, 0x4B, 0x3D, 0x2E, 0xD0,
    0x13, 0xFF, 0x86, 0x6F, 0x82, 0xAC, 0xF8, 0x2B, 0xFE, 0x19, 0xBD, 0x83, 0x86, 0x41, 0x42, 0xA8,
    0x96, 0x30, 0x04, 0x29, 0x04, 0x9E, 0x96, 0xD0, 0x5A, 0xD4, 0x08, 0x52, 0x02, 0xB5, 0x00, 0x83,
    0x20, 0x2B, 0xD6, 0xCE, 0x04, 0x29, 0x01, 0x62, 0xC1, 0x43, 0xB8, 0x08, 0xA5, 0x69, 0x02, 0xCD,
    0x2C, 0x40, 0x59, 0xB8, 0x07, 0xA4, 0x05, 0x89, 0x80, 0x7A, 0x60, 0x7B, 0xA0, 0x03, 0xE4, 0x05,
    0x8F, 0x96, 0xA7, 0x01, 0x4E, 0xF9, 0x6A, 0x71, 0x98, 0x05, 0x6D, 0x32, 0x80, 0xAD, 0xA6, 0x74,
    0x0A, 0xD6, 0xB3, 0x90, 0x3E, 0xA1, 0x5A, 0xA8, 0x16, 0x6F, 0x5B, 0x52, 0xAD, 0x10, 0x37, 0x20,
    0x19, 0x51, 0x04, 0xF2, 0xBE, 0x86, 0x0A, 0x96, 0xDA, 0xDE, 0x48, 0x4A, 0xB6, 0xB6, 0x2D, 0x3E,
    0x40, 0x59, 0xB0, 0x1D, 0xE5, 0xAF, 0x0A, 0xAD, 0x2D, 0x01, 0x72, 0xA5, 0x9C, 0x0A, 0xF6, 0x05,
    0x85, 0x00, 0xAD, 0x50, 0x3E, 0x54, 0x0A, 0xBF, 0x4A, 0xF7, 0xCB, 0x3B, 0xFA, 0x5D, 0xB0, 0x2A,
    0xFD, 0xA5, 0xDA, 0x80, 0x4B, 0x40, 0x6A, 0x50, 0x06, 0x52, 0x02, 0x3C, 0xC1, 0x41, 0x60, 0x19,
    0x48, 0xB2, 0x98, 0x1E, 0x46, 0x2D, 0x55, 0xBD, 0xA8, 0xF2, 0x6E, 0x06, 0x79, 0x6E, 0x2C, 0xF5,
    0x30, 0x27, 0x4E, 0xB7, 0xB9, 0xB3, 0x81, 0x3E, 0xD5, 0xBD, 0xB5, 0x9E, 0xF6, 0x05, 0x09, 0xD6,
    0xF6, 0x36, 0x7C, 0x82, 0x6C, 0x69, 0xAC, 0x59, 0x3C, 0x80, 0xA5, 0xF6, 0x06, 0x7C, 0x2B, 0xBF,
    0x0A, 0xEF, 0xC2, 0xBB, 0x5D, 0x78, 0x92, 0xE9, 0xB5, 0x5B, 0x56, 0x6B, 0x7A, 0x7B, 0x3E, 0xB5,
    0x81, 0xDC, 0xD3, 0x00, 0xE2, 0x9A, 0x76, 0x06, 0xD3, 0x58, 0xC0, 0xDA, 0x6C, 0x58, 0x1B, 0x6D,
    0xB0, 0x94, 0x69, 0xB2, 0xAD, 0xEE, 0x55, 0xCF, 0x4D, 0xC2, 0xBC, 0x6D, 0xB5, 0x0A, 0xDD, 0xB5,
    0xD5, 0xBD, 0x78, 0x40, 0xA9, 0xAC, 0xAD, 0xEA, 0x82, 0x05, 0x4D, 0x68, 0x08, 0x6A, 0x1B, 0x6F,
    0x96, 0x5B, 0xE2, 0x99, 0xD0, 0x3F, 0x77, 0xAF, 0xAD, 0xE9, 0xAC, 0xFB, 0x31, 0x4B, 0xDB, 0x65,
    0x5B, 0xD4, 0xD9, 0xF6, 0xC1, 0x4B, 0xA6, 0xCE, 0xB7, 0xAE, 0x14, 0xC5, 0xB6, 0x35, 0xBD, 0x9D,
    0x9F, 0x68, 0x04, 0x7A, 0x6B, 0xC1, 0x3F, 0x2D, 0x78, 0x11, 0x69, 0xAC, 0x05, 0x04, 0xB5, 0x25,
    0x9A, 0xFA, 0xD3, 0x2E, 0x01, 0x29, 0x69, 0x40, 0x2D, 0x4D, 0x9D, 0x9F, 0x46, 0xB4, 0x3B, 0x6B,
    0xAC, 0xFA, 0x55, 0xBD, 0x54, 0x05, 0xF2, 0xD4, 0xAD, 0xE6, 0xA0, 0x3A, 0x96, 0xBD, 0x6F, 0x15,
    0x04, 0x5C, 0xB6, 0x85, 0x9E, 0xFA, 0x49, 0x3E, 0xC1, 0x6D, 0x06, 0xCB, 0x82, 0xF7, 0xA6, 0xE1,
    0x44, 0xF2, 0xDB, 0x0A, 0xDA, 0xDB, 0x90, 0x46, 0xC8, 0x56, 0xD3, 0xDB, 0x83, 0xEE, 0x5B, 0x30,
    0xA2, 0x53, 0x68, 0x04, 0x79, 0x6B, 0x45, 0x71, 0x60, 0x54, 0x4A, 0xCF, 0xA8, 0x0A, 0x45, 0x36,
    0x60, 0xFC, 0x96, 0x94, 0xB3, 0x58, 0xB3, 0xAB, 0x4E, 0x5B, 0x1B, 0x3E, 0x90, 0x01, 0x72, 0xDC,
    0x04, 0x02, 0xE1, 0xAD, 0x96, 0xE4, 0x09, 0x92, 0xD5, 0x96, 0x62, 0x96, 0x30, 0x13, 0xCB, 0x4C,
    0xB5, 0x09, 0x22, 0xD6, 0xB6, 0x20, 0x0B, 0x4B, 0x4F, 0x67, 0xDA, 0x8A, 0xFE, 0x9B, 0x20, 0x0B,
    0xCB, 0x6E, 0x59, 0x5F, 0x85, 0xAF, 0xE2, 0xC7, 0xF9, 0x65, 0x74, 0x11, 0x2D, 0xD9, 0x00, 0x83,
    0x2D, 0xAA, 0xB4, 0xBD, 0xB5, 0x02, 0x9C, 0xB6, 0x2A, 0xD2, 0xB6, 0xDC, 0x0B, 0xD2, 0xD5, 0x81,
    0x37, 0x1B, 0x80, 0x29, 0xC9, 0x5A, 0x55, 0x03, 0xAC, 0xF4, 0x8A, 0xD2, 0xC6, 0xD4, 0x38, 0x72,
    0xD2, 0x91, 0xD2, 0x89, 0x2B, 0xB0, 0xC9, 0xB1, 0xAA, 0x0E, 0x7C, 0xC0, 0x65, 0x20, 0xA1, 0xC9,
    0x5A, 0x76, 0x07, 0xE4, 0x95, 0xA7, 0x80, 0x7E, 0x4D, 0x5A, 0x75, 0xD7, 0x2B, 0x4A, 0xC0, 0xFB,
    0x98, 0x4A, 0xFE, 0x47, 0xFD, 0xB0, 0x63, 0xE1, 0x88, 0xF8, 0x62, 0x3E, 0x13, 0xAE, 0x2B, 0x72,
    0xA1, 0x28, 0x99, 0x69, 0xF9, 0x6D, 0x09, 0x65, 0x15, 0xBD, 0x50, 0x91, 0xC9, 0x5B, 0xD6, 0x09,
    0x24, 0xD5, 0xBD, 0x50, 0x92, 0x4D, 0x5B, 0xD7, 0x09, 0x2C, 0xC5, 0xE3, 0x7D, 0x90, 0x7D, 0x24,
    0x12, 0x89, 0x32, 0xB2, 0x96, 0xC0, 0x94, 0x50, 0x33, 0x34, 0x01, 0x3C, 0x82, 0x1B, 0x20, 0xCD,
    0xDC, 0x05, 0x32, 0x0C, 0xE5, 0x80, 0x53, 0x20, 0x87, 0xCC, 0x33, 0xD4, 0x01, 0x54, 0x82, 0x21,
    0x30, 0xFD, 0x7C, 0x27, 0xFF, 0x18, 0x07, 0xC1, 0xD1, 0xF1, 0x80, 0x7D, 0x69, 0xB4, 0x09, 0xBC,
    0xC4, 0xBD, 0xCB, 0x48, 0x4E, 0xE8, 0x06, 0xFA, 0x84, 0xE2, 0x40, 0x6F, 0xA5, 0xB4, 0x27, 0x34,
    0x03, 0x7C, 0xED, 0x61, 0x38, 0xA0, 0x1B, 0xEB, 0x69, 0x09, 0xC5, 0x04, 0xD1, 0x82, 0x06, 0xDA,
    0x88, 0x1B, 0x2C, 0x05, 0x02, 0x4A, 0xC9, 0x98, 0x4F, 0xE8, 0xB5, 0x6A, 0x04, 0x7A, 0x6B, 0x55,
    0xB8, 0x46, 0xA8, 0xB5, 0x4A, 0x04, 0x66, 0x8B, 0x53, 0xA0, 0x46, 0x28, 0x07, 0x2F, 0x85, 0x53,
    0xE5, 0x61, 0xD8, 0x53, 0x77, 0x42, 0x0C, 0x64, 0x82, 0x65, 0x20, 0xA7, 0x72, 0x88, 0x1B, 0x69,
    0x87, 0xB2, 0xD4, 0x50, 0xA1, 0x48, 0x25, 0xF2, 0x5A, 0x1D, 0xB6, 0x81, 0x31, 0xA2, 0xD0, 0xAB,
    0xB2, 0x09, 0x95, 0x16, 0x83, 0x71, 0x00, 0x4C, 0x4D, 0xD4, 0x0A, 0x76, 0x16, 0x77, 0x7D, 0x70,
    0x05, 0xA6, 0x13, 0x9A, 0x13, 0x2E, 0x82, 0x35, 0xA2, 0xCE, 0xEC, 0x10, 0x9A, 0x2C, 0xF2, 0x81,
    0x09, 0xA2, 0xCF, 0x68, 0x10, 0x9A, 0x05, 0x3B, 0xE1, 0x4E, 0xF9, 0x73, 0xBE, 0x06, 0xCB, 0x85,
    0x13, 0x6B, 0x3D, 0xB8, 0x4B, 0x24, 0x0D, 0x4E, 0x52, 0x82, 0x5F, 0x40, 0x6A, 0x4E, 0x90, 0x25,
    0x5A, 0x03, 0x52, 0x74, 0x60, 0x96, 0x51, 0x61, 0xF4, 0x09, 0x5D, 0x01, 0xA9, 0x5A, 0x28, 0x8E,
    0x6A, 0x14, 0x3A, 0x2C, 0xF2, 0x61, 0x2C, 0x91, 0x33, 0x26, 0x12, 0xAA, 0x2B, 0xF2, 0xC2, 0x3B,
    0xA1, 0xBA, 0xEF, 0x49, 0x08, 0x0D, 0x16, 0x01, 0x60, 0x81, 0x50, 0x06, 0x53, 0xA2, 0x0C, 0xF7,
    0xE0, 0xCF, 0xF8, 0x6C, 0x7E, 0x1B, 0x1F, 0x84, 0xFB, 0x90, 0x30, 0x92, 0x4C, 0x92, 0x9C, 0x02,
    0x64, 0xC2, 0x51, 0x30, 0x4F, 0x4D, 0x69, 0x32, 0x13, 0x05, 0x15, 0xC7, 0x5A, 0x50, 0x48, 0x68,
    0x7C, 0x3A, 0xD2, 0x42, 0x45, 0x40, 0x6B, 0x54, 0x09, 0xD3, 0x09, 0x1C, 0xC2, 0x83, 0xE5, 0xA5,
    0xE0, 0x25, 0x92, 0x77, 0xB5, 0x02, 0x57, 0x30, 0x39, 0xD0, 0x48, 0x74, 0x03, 0x95, 0x60, 0xC1,
    0x0C, 0xA2, 0xBA, 0x68, 0x10, 0xBA, 0x1F, 0x32, 0x81, 0x0A, 0xA0, 0x1C, 0x3E, 0x1B, 0x3F, 0x8D,
    0x5B, 0xE1, 0x43, 0xEE, 0x5A, 0x77, 0x2F, 0x06, 0xB4, 0xA1, 0x23, 0x59, 0xCB, 0xA4, 0x24, 0x35,
    0x9B, 0x26, 0x6E, 0x43, 0x59, 0xB2, 0x9E, 0xA4, 0x35, 0x9B, 0x2B, 0x1A, 0x43, 0x59, 0xB5, 0x2E,
    0x0C, 0x35, 0x9C, 0x99, 0x86, 0x50, 0x71, 0xA9, 0x5B, 0x34, 0x02, 0x59, 0x0D, 0x4E, 0xF9, 0x70,
    0x12, 0xC8, 0x6A, 0x97, 0xCA, 0x00, 0x2E, 0x43, 0x55, 0xBE, 0x44, 0x02, 0xD2, 0x1A, 0xB5, 0xF2,
    0x40, 0x28, 0x90, 0xD5, 0xFE, 0x5B, 0xBC, 0x16, 0xC2, 0x99, 0x61, 0xA3, 0x64, 0x06, 0x74, 0x08,
    0x6D, 0x0D, 0x2D, 0x28, 0x48, 0xD2, 0x2E, 0x69, 0x89, 0x42, 0x86, 0x93, 0x93, 0x4D, 0xCA, 0x12,
    0x34, 0xAB, 0x80, 0xD2, 0x83, 0x4B, 0xB0, 0x2D, 0xB1, 0x9E, 0xA6, 0x4B, 0xC1, 0x6D, 0x41, 0xA7,
    0xD2, 0x75, 0x95, 0x1A, 0x7E, 0x33, 0x03, 0x4E, 0xC6, 0x6C, 0x69, 0xBA, 0x00, 0x54, 0xC6, 0x99,
    0x40, 0x0A, 0x50, 0x69, 0x9C, 0x1A, 0x37, 0xC4, 0xBB, 0xF0, 0x2E, 0xCB, 0x22, 0x69, 0xD9, 0x0D,
    0x07, 0xD4, 0xBD, 0x10, 0xD0, 0x31, 0x95, 0xA5, 0xE7, 0xC6, 0x81, 0x8C, 0xC5, 0x2F, 0x38, 0x34,
    0x0C, 0x66, 0xE9, 0x79, 0x91, 0xA0, 0x6B, 0x33, 0x4B, 0xCD, 0x0D, 0x02, 0xE7, 0xDD, 0x96, 0x78,
    0x67, 0x56, 0xC9, 0x00, 0xB2, 0x43, 0x3B, 0xBE, 0x44, 0xD0, 0x32, 0x19, 0xE6, 0x4E, 0xBD, 0x21,
    0x9E, 0xE3, 0x2E, 0x68, 0x59, 0x0C, 0xFA, 0xB9, 0xA0, 0x14, 0xC8, 0x67, 0xFF, 0x23, 0x5F, 0xC3,
    0x13, 0xF0, 0xC4, 0xFC, 0x67, 0x7F, 0x0C, 0x5C, 0xF3, 0x23, 0x38, 0xF8, 0x14, 0x65, 0x9D, 0x19,
    0xCD, 0xC0, 0xA5, 0x2D, 0x00, 0xCE, 0xAE, 0x05, 0x2A, 0x0C, 0xEE, 0xC0, 0x51, 0xA0, 0xCF, 0x30,
    0x05, 0x2A, 0x0C, 0xF7, 0x60, 0x55, 0x98, 0xCF, 0x6B, 0x99, 0x19, 0xE6, 0x00, 0x55, 0x31, 0x9E,
    0x64, 0x05, 0x73, 0x19, 0xE5, 0x40, 0x55, 0x31, 0x9E, 0x5F, 0x26, 0x08, 0x99, 0x0C, 0xF3, 0xE1,
    0x88, 0xDC, 0x3D, 0x43, 0x76, 0x2F, 0x1E, 0x86, 0x81, 0xF0, 0x71, 0x7D, 0x1D, 0xDE, 0x0C, 0xAC,
    0xF3, 0xC9, 0x2A, 0xA8, 0xD0, 0xFB, 0x3A, 0xC1, 0x03, 0x4A, 0x55, 0xE0, 0xBA, 0xDA, 0xDE, 0x05,
    0xF9, 0x55, 0xC6, 0x8B, 0x59, 0xD5, 0x70, 0x1D, 0x72, 0xA8, 0x83, 0xAE, 0xD4, 0xA0, 0x7B, 0xCA,
    0x94, 0x34, 0x7B, 0xCE, 0xA6, 0xE1, 0x04, 0x95, 0x10, 0x40, 0xD9, 0x9D, 0x4C, 0x80, 0xBD, 0x2A,
    0x10, 0xD0, 0x66, 0x84, 0xE9, 0x0D, 0x02, 0x94, 0xBC, 0xD0, 0xCF, 0xEF, 0x4B, 0xCC, 0x8C, 0xFA,
    0xB4, 0xBC, 0xE0, 0xCF, 0x6B, 0x4B, 0xCF, 0x89, 0xB3, 0xE3, 0x3C, 0xF9, 0x93, 0xB5, 0x05, 0x70,
    0x77, 0xC0, 0x77, 0x2B, 0x00, 0xCF, 0x3D, 0x40, 0xA5, 0xE8, 0x40, 0xBB, 0x6A, 0x80, 0x0F, 0xA4,
    0x33, 0xAA, 0xD7, 0xC0, 0x7F, 0x21, 0x9C, 0xD4, 0x0C, 0xF2, 0x19, 0xC6, 0x2F, 0xF4, 0xBC, 0xD8,
    0xCD, 0xED, 0x0F, 0x51, 0x45, 0x8E, 0xD3, 0x70, 0xA6, 0xC8, 0x35, 0x96, 0xB2, 0x24, 0x72, 0xE0,
    0x54, 0x96, 0x2A, 0xCF, 0x5C, 0x03, 0x2D, 0x2E, 0xD6, 0x7A, 0xA8, 0x19, 0x6D, 0x63, 0x79, 0x0C,
    0x80, 0xCB, 0x3A, 0x8D, 0x9E, 0x90, 0x06, 0x5A, 0x4F, 0xEC, 0xF4, 0x26, 0x31, 0xEC, 0x0B, 0xFF,
    0x6D, 0x1D, 0x33, 0x34, 0xB9, 0xCD, 0x6E, 0xD3, 0x67, 0xA0, 0x01, 0x67, 0x99, 0xAA, 0xD9, 0xBF,
    0xE9, 0x3A, 0xCB, 0xD6, 0xCE, 0x01, 0x5C, 0xA5, 0x6C, 0xE0, 0x15, 0xC9, 0x56, 0xCE, 0xB1, 0x6A,
    0xDD, 0x84, 0x33, 0x35, 0xAD, 0xD7, 0x6C, 0xF5, 0xE0, 0xD1, 0xD2, 0x91, 0x5B, 0x02, 0x2D, 0x03,
    0x5F, 0x2A, 0xBD, 0x6E, 0xBA, 0x12, 0x4B, 0x66, 0x08, 0xAD, 0x2B, 0x08, 0x49, 0x29, 0x95, 0xA5,
    0xDD, 0xC0, 0x39, 0x20, 0xAD, 0x57, 0x0E, 0x02, 0x59, 0x01, 0x27, 0xC1, 0x8C, 0xF8, 0x63, 0x3E,
    0x05, 0x39, 0x84, 0x36, 0x56, 0xDB, 0x3D, 0x88, 0x30, 0xDC, 0xCA, 0x81, 0x4A, 0xD9, 0x83, 0x7C,
    0xD4, 0x45, 0xB2, 0xB2, 0x01, 0x4A, 0x99, 0x8A, 0xDD, 0x7C, 0x15, 0x16, 0xCA, 0x81, 0x16, 0x40,
    0x53, 0x98, 0x7A, 0x27, 0x5C, 0xB3, 0xD9, 0xC4, 0x21, 0x4A, 0xF5, 0x9E, 0xD4, 0x05, 0x4A, 0x08,
    0x42, 0x76, 0x3B, 0x39, 0xEB, 0xEE, 0x21, 0x19, 0xDA, 0x2C, 0xF6, 0x80, 0x2B, 0x53, 0x36, 0x13,
    0x79, 0x5B, 0x2C, 0xE7, 0xD6, 0xAE, 0x66, 0x97, 0x9B, 0x01, 0xDC, 0xAB, 0xE0, 0x58, 0xFB, 0xC3,
    0xFA, 0x21, 0xDA, 0x5B, 0x2C, 0xF5, 0xB1, 0x52, 0x58, 0x06, 0xD3, 0xB4, 0x3F, 0xAE, 0x42, 0xF3,
    0x9E, 0x8C, 0x06, 0x32, 0xAD, 0x99, 0x3A, 0xC1, 0xCC, 0x9D, 0x78, 0x04, 0xB2, 0x02, 0x44, 0xC3,
    0x97, 0x3A, 0xE0, 0x0C, 0x64, 0x04, 0x49, 0xE6, 0x80, 0x6F, 0x2A, 0xE8, 0x0F, 0x64, 0x2F, 0x7B,
    0x56, 0xEB, 0xF6, 0x7B, 0x58, 0x72, 0xAD, 0x64, 0x02, 0xAC, 0x80, 0x91, 0x30, 0xE4, 0xCE, 0xD2,
    0x70, 0x39, 0x03, 0xA6, 0x7A, 0x30, 0x1A, 0x4A, 0xC4, 0x0C, 0xAA, 0x80, 0x2A, 0x56, 0xDB, 0x3D,
    0x74, 0x0F, 0x34, 0x01, 0x3C, 0xED, 0x60, 0x34, 0xA3, 0xC0, 0xF4, 0xEF, 0xBE, 0x00, 0xCA, 0x76,
    0x6B, 0x3D, 0x68, 0x5E, 0xD7, 0xAD, 0xD8, 0x42, 0x3D, 0x21, 0x3D, 0xD7, 0x3A, 0x03, 0xE9, 0x58,
    0x40, 0x89, 0x40, 0x19, 0xCE, 0xB8, 0xF9, 0x89, 0x0B, 0xDA, 0xA1, 0xFF, 0x9D, 0x74, 0x08, 0x16,
    0x0F, 0xFC, 0xEC, 0x20, 0x96, 0x90, 0xBD, 0xA4, 0x03, 0x59, 0x67, 0x80, 0x49, 0x2B, 0x50, 0x17,
    0x29, 0x9B, 0x01, 0xD4, 0x90, 0xD1, 0x40, 0x17, 0x4A, 0xDA, 0x02, 0x29, 0x0B, 0xC6, 0x79, 0x70,
    0x52, 0xCA, 0xD8, 0x02, 0xE9, 0x0B, 0xCA, 0xB9, 0x30, 0x59, 0xCA, 0xD2, 0x08, 0x69, 0x0B, 0xCE,
    0x79, 0x10, 0x5F, 0xCA, 0xC8, 0x05, 0x29, 0x3B, 0xF3, 0x42, 0xF4, 0xFB, 0x84, 0x3E, 0x05, 0xC9,
    0x00, 0xF6, 0x75, 0xFB, 0x3D, 0x74, 0x2A, 0x1C, 0x02, 0x0C, 0xEB, 0xA0, 0x83, 0x90, 0xAF, 0xEB,
    0x9B, 0x07, 0x74, 0xC0, 0x85, 0x60, 0x77, 0xCC, 0x11, 0x15, 0xCE, 0x03, 0xBE, 0x81, 0x04, 0xA8,
    0x10, 0xA6, 0x0E, 0xF9, 0x81, 0xE2, 0x60, 0x42, 0x98, 0x3B, 0xE4, 0x0D, 0x4B, 0x03, 0xBA, 0x62,
    0x82, 0xA8, 0x38, 0x68, 0x10, 0x7B, 0x03, 0xEE, 0x60, 0xE1, 0x98, 0x1F, 0x66, 0x29, 0x99, 0x83,
    0x8A, 0x61, 0x88, 0xA0, 0x02, 0xE4, 0x0E, 0x19, 0x84, 0x1F, 0xE1, 0x60, 0xF8, 0x58, 0x3E, 0x06,
    0x39, 0xE5, 0x00, 0x83, 0x20, 0x7C, 0xC8, 0x2C, 0x3C, 0xC9, 0x01, 0x16, 0x40, 0xFD, 0x99, 0xEB,
    0xA6, 0x0F, 0xB9, 0x03, 0xAE, 0x99, 0x60, 0x09, 0xC8, 0x1F, 0x93, 0x03, 0x14, 0xC0, 0x87, 0x30,
    0x7E, 0x4C, 0x0C, 0x55, 0x02, 0x24, 0xC1, 0xFD, 0x30, 0x90, 0x54, 0x29, 0x93, 0xAE, 0x84, 0x0E,
    0x99, 0xF0, 0x7E, 0xD0, 0x1C, 0x15, 0xD1, 0x03, 0xCA, 0x68, 0x18, 0xB0, 0x3C, 0x66, 0x06, 0x09,
    0x80, 0xA2, 0x60, 0xF1, 0x98, 0x5A, 0x2E, 0x0F, 0x19, 0x81, 0x83, 0x42, 0xDE, 0xB8, 0xB6, 0xBE,
    0x0C, 0x8F, 0x83, 0x23, 0x10, 0x41, 0x6B, 0x53, 0x32, 0x10, 0xE9, 0x83, 0x2B, 0x9F, 0x39, 0xDC,
    0xB8, 0x05, 0xD2, 0x08, 0x9C, 0xC0, 0x69, 0x3F, 0x18, 0x44, 0xEA, 0x06, 0x9A, 0x74, 0xC1, 0x69,
    0x20, 0x8A, 0x4C, 0x0D, 0x33, 0xE2, 0x01, 0x46, 0x41, 0x15, 0x98, 0x1A, 0x6B, 0xB4, 0x02, 0x6C,
    0x82, 0x2D, 0x33, 0xED, 0x50, 0x1B, 0x32, 0xB4, 0xD5, 0xA1, 0x96, 0x7A, 0xD0, 0x39, 0x28, 0x11,
    0x49, 0x89, 0xBE, 0x79, 0xB0, 0x7F, 0x4C, 0x4E, 0x16, 0x07, 0xD5, 0x44, 0xE3, 0x30, 0xF4, 0x50,
    0x31, 0x14, 0x0F, 0x4D, 0x5F, 0x83, 0xF7, 0xE0, 0xE8, 0x19, 0x35, 0xA7, 0x42, 0x65, 0xFF, 0x99,
    0x84, 0x14, 0x19, 0x56, 0xF8, 0xCC, 0xA8, 0xAF, 0xB3, 0xF8, 0xB7, 0xA4, 0x20, 0x89, 0x55, 0xA1,
    0xA0, 0x5E, 0x94, 0x1A, 0x7F, 0x32, 0x99, 0xCB, 0x80, 0x8F, 0x2D, 0xE0, 0x82, 0xAB, 0xFE, 0x87,
    0xCF, 0xE2, 0x54, 0x09, 0xFC, 0xEB, 0x92, 0x20, 0xBA, 0xCF, 0xE6, 0x54, 0x08, 0x00, 0x03, 0x65,
    0xD6, 0x10, 0x65, 0x40, 0x1B, 0x60, 0x3A, 0xCC, 0x23, 0xD2, 0x00, 0x6D, 0xBE, 0x02, 0x00, 0xAB,
    0xD2, 0x2A, 0x2E, 0x6B, 0x80, 0x4E, 0x62, 0xBA, 0x94, 0x38, 0x13, 0xD3, 0x6E, 0xB4, 0x85, 0xCF,
    0x5B, 0x1D, 0x5A, 0x1C, 0x01, 0xA9, 0x80, 0xDA, 0x74, 0xBF, 0xD5, 0x32, 0x5C, 0x12, 0xDA, 0x6D,
    0xA7, 0xF2, 0xF0, 0x03, 0x4B, 0xD2, 0x20, 0xFA, 0x00, 0xF6, 0x54, 0xBE, 0xC8, 0x44, 0x29, 0x1F,
    0x00, 0x24, 0xB9, 0x41, 0x11, 0xA7, 0x76, 0x7E, 0x01, 0x69, 0xEE, 0x82, 0x23, 0x4D, 0x03, 0xD4,
    0xBE, 0x07, 0x8B, 0x43, 0x80, 0x6B, 0x57, 0xD8, 0x72, 0x0C, 0x7B, 0x79, 0x5A, 0x6A, 0xD0, 0xFB,
    0x3D, 0x9E, 0xC5, 0x13, 0x03, 0x86, 0x20, 0xE1, 0x27, 0xA0, 0x0E, 0x28, 0xE7, 0x89, 0x08, 0x9A,
    0x60, 0x38, 0x94, 0xEA, 0x04, 0x12, 0x7A, 0x00, 0xE2, 0x53, 0xA8, 0x00, 0x49, 0xA8, 0x03, 0x8A,
    0x4E, 0xA0, 0x21, 0x27, 0xA0, 0x0E, 0x24, 0x06, 0xA9, 0x80, 0xC2, 0xE5, 0x99, 0x95, 0x76, 0xAD,
    0x10, 0xB3, 0xD8, 0x6C, 0x51, 0x40, 0x14, 0xE2, 0x0D, 0x4B, 0xE1, 0x04, 0xC2, 0x80, 0x2A, 0xAC,
    0x22, 0x97, 0xCF, 0x11, 0x15, 0x00, 0x57, 0x38, 0x35, 0x2F, 0xB8, 0x10, 0xEA, 0x00, 0xB2, 0x70,
    0x30, 0x38, 0x48, 0x21, 0xD3, 0x01, 0x6D, 0x60, 0x14, 0xBF, 0xB8, 0x43, 0xE8, 0x06, 0x7F, 0x81,
    0x9F, 0xE0, 0x67, 0xD0, 0x28, 0x67, 0x5B, 0xB6, 0xD5, 0xA2, 0x21, 0x24, 0x95, 0x9E, 0x7F, 0x2F,
    0x0D, 0x35, 0x20, 0x61, 0x24, 0xA0, 0x0B, 0xA7, 0x06, 0x11, 0xCD, 0x00, 0x5B, 0x58, 0x40, 0x49,
    0x28, 0x02, 0xC9, 0x00, 0x2A, 0x41, 0x24, 0x98, 0x11, 0x27, 0x03, 0x09, 0x1D, 0x26, 0xA0, 0x65,
    0xF4, 0x01, 0x9B, 0xF2, 0xAE, 0x55, 0xA2, 0x60, 0x90, 0x94, 0x54, 0x05, 0x37, 0xA5, 0xC3, 0x82,
    0x5D, 0x40, 0x2C, 0x56, 0x18, 0x22, 0x8A, 0x00, 0xAA, 0xB0, 0x62, 0xC2, 0xC8, 0x45, 0x13, 0x01,
    0x5C, 0xE1, 0x05, 0x85, 0x90, 0xC6, 0x26, 0x07, 0x1A, 0xC2, 0x04, 0x53, 0x40, 0x16, 0xC8, 0x0C,
    0x9F, 0x03, 0x24, 0xC1, 0x91, 0xC8, 0x21, 0x6B, 0xA5, 0x6C, 0xAB, 0x45, 0x2C, 0xF5, 0xBB, 0x10,
    0xA6, 0xE7, 0x01, 0x01, 0xF4, 0x84, 0x73, 0x37, 0xA2, 0xCE, 0x00, 0xDB, 0x09, 0x08, 0xE6, 0x7B,
    0x60, 0xC8, 0xD2, 0x04, 0x00, 0xC9, 0x04, 0x32, 0x60, 0x2F, 0x9C, 0x14, 0x03, 0x32, 0x08, 0x64,
    0xC0, 0x91, 0x38, 0x38, 0x0E, 0xE4, 0x10, 0xD9, 0xF7, 0x43, 0x1B, 0x30, 0x32, 0x50, 0x7D, 0x95,
    0x87, 0x01, 0xD2, 0x75, 0x68, 0xB5, 0x9E, 0xD7, 0x62, 0x8C, 0x02, 0x37, 0x00, 0x35, 0x98, 0x46,
    0x26, 0x01, 0xB9, 0x80, 0xD2, 0x62, 0x2A, 0x98, 0x2F, 0x6F, 0x0F, 0x08, 0x15, 0x00, 0xC9, 0x30,
    0x1A, 0x4C, 0x20, 0x57, 0x01, 0xA4, 0xC2, 0x07, 0x30, 0x32, 0x7C, 0x19, 0x3F, 0x03, 0x46, 0xC0,
    0x91, 0x3B, 0x35, 0x5A, 0x31, 0x67, 0xAD, 0x58, 0xA3, 0x33, 0xE8, 0x40, 0x0F, 0x25, 0x1E, 0x05,
    0xD5, 0x02, 0x37, 0x3E, 0x40, 0x0D, 0x68, 0x04, 0x29, 0x89, 0x12, 0x78, 0xD0, 0x21, 0x58, 0x22,
    0x73, 0xAB, 0x80, 0x16, 0x5F, 0xF1, 0x0E, 0x4A, 0x1E, 0x11, 0x3A, 0x49, 0x40, 0x85, 0x30, 0xC8,
    0x4A, 0x1A, 0x11, 0x4A, 0x7B, 0xC0, 0xFF, 0x30, 0x36, 0x52, 0x16, 0x13, 0x7B, 0x80, 0x82, 0x56,
    0x6A, 0xB4, 0x6E, 0xCF, 0x6A, 0xB1, 0x46, 0xC0, 0x61, 0x88, 0x38, 0x2E, 0x64, 0x11, 0xE9, 0x80,
    0xC6, 0x80, 0x40, 0x90, 0x8B, 0xA6, 0x03, 0x09, 0xC1, 0x01, 0xA3, 0x20, 0x84, 0x4C, 0x06, 0x13,
    0x72, 0x8C, 0x82, 0x13, 0x40, 0x17, 0xCC, 0x06, 0xD3, 0x87, 0x04, 0x2A, 0x80, 0x2F, 0xA0, 0x1B,
    0xBE, 0x06, 0xEA, 0x00, 0xDE, 0xC0, 0x6E, 0xE0, 0x12, 0xEB, 0x5F, 0xAB, 0x47, 0x6C, 0xF5, 0xDB,
    0x14, 0x74, 0x07, 0xD8, 0x03, 0x4D, 0x6C, 0x40, 0x70, 0xB0, 0x11, 0x66, 0x24, 0xC9, 0x80, 0xFE,
    0x40, 0x44, 0x90, 0x47, 0x66, 0x03, 0xE9, 0x81, 0x12, 0x61, 0x1D, 0x98, 0x1B, 0xA8, 0x04, 0x49,
    0x04, 0x72, 0x60, 0x6D, 0xC0, 0x11, 0xED, 0x6C, 0xAB, 0x48, 0x2C, 0xF6, 0x4B, 0x10, 0x33, 0xE8,
    0x03, 0x3A, 0x04, 0x8A, 0x79, 0xB0, 0x17, 0xD8, 0x69, 0x93, 0xA7, 0x84, 0xBA, 0xC1, 0x11, 0x9C,
    0x20, 0x06, 0x94, 0x83, 0x04, 0x46, 0x9C, 0x81, 0xAC, 0x52, 0x0A, 0x00, 0xC9, 0x04, 0x46, 0x60,
    0x3B, 0x90, 0x19, 0xFE, 0x28, 0x1B, 0xD3, 0xA0, 0x03, 0x4B, 0x98, 0xD2, 0x76, 0x06, 0xCC, 0xD2,
    0xE1, 0x61, 0x7C, 0x94, 0x8C, 0x07, 0xF2, 0x90, 0x8D, 0x37, 0x10, 0x00, 0x24, 0xC8, 0x69, 0xB6,
    0x0F, 0xEC, 0x86, 0x9D, 0x78, 0x20, 0x05, 0x24, 0x34, 0xEB, 0x81, 0x1A, 0x63, 0x4E, 0xC8, 0x11,
    0xE6, 0x34, 0xEB, 0x01, 0xAA, 0x80, 0x48, 0x9D, 0xB6, 0xAD, 0x25, 0x04, 0xAC, 0xA4, 0x80, 0x7A,
    0xA4, 0x2C, 0x6A, 0x58, 0x01, 0x64, 0xC6, 0xA5, 0x81, 0x15, 0xD8, 0xF7, 0xF4, 0x00, 0x8C, 0x86,
    0xA7, 0x70, 0x16, 0xCC, 0x6A, 0x7E, 0x31, 0xC7, 0x4C, 0x6B, 0xB9, 0x3C, 0x2A, 0x57, 0x02, 0x96,
    0x7D, 0x06, 0xB3, 0xF1, 0xAC, 0xEC, 0xBA, 0x5B, 0x01, 0x9C, 0xA0, 0xD5, 0xB9, 0x11, 0x8D, 0x29,
    0x6A, 0xB1, 0x49, 0x4E, 0x41, 0xC8, 0x45, 0x6E, 0x58, 0x35, 0xEA, 0x82, 0xE6, 0x53, 0x61, 0x95,
    0x54, 0x18, 0x92, 0xA0, 0x0D, 0x72, 0xA0, 0x5A, 0x95, 0x28, 0x6B, 0x77, 0x07, 0x0C, 0xAA, 0xA3,
    0x5A, 0xAD, 0x2E, 0x12, 0x17, 0x69, 0x4A, 0x41, 0xED, 0x41, 0xAC, 0x5E, 0x10, 0x35, 0x7C, 0x42,
    0x86, 0xAD, 0x68, 0x68, 0xD5, 0x6D, 0x0E, 0x01, 0x4D, 0x64, 0x33, 0xF8, 0xEC, 0x32, 0x3D, 0xF7,
    0x8F, 0xC9, 0xED, 0x30, 0x09, 0x0C, 0x12, 0x45, 0xF2, 0x92, 0xC2, 0x27, 0x50, 0x59, 0xDC, 0xCE,
    0x43, 0x06, 0x92, 0xCE, 0x00, 0x2F, 0x36, 0xB3, 0xC8, 0x06, 0xB2, 0x28, 0xCD, 0x40, 0x5F, 0x30,
    0x14, 0x4E, 0x99, 0x0F, 0x28, 0x75, 0x68, 0xD3, 0xFA, 0x14, 0x32, 0x87, 0xF7, 0xA2, 0x49, 0xED,
    0x50, 0x0A, 0x34, 0x12, 0x8F, 0xF2, 0xA5, 0x42, 0x18, 0x3B, 0x84, 0x39, 0xCE, 0x19, 0x4A, 0x9C,
    0x04, 0x36, 0x52, 0x06, 0x10, 0x62, 0xD7, 0x67, 0x95, 0x00, 0xF6, 0x76, 0x79, 0xA1, 0x0B, 0xA9,
    0x69, 0xB3, 0xCF, 0x97, 0xBD, 0x4B, 0x31, 0x83, 0x64, 0x02, 0xF9, 0x4E, 0xE2, 0x75, 0xBB, 0x13,
    0x0C, 0x24, 0x51, 0x7E, 0x0E, 0x6F, 0xE4, 0x0A, 0x94, 0x12, 0x4B, 0x08, 0x1C, 0x97, 0xC6, 0xBF,
    0x29, 0x90, 0x15, 0x67, 0x5B, 0x1B, 0xEC, 0x82, 0x71, 0x20, 0x7B, 0xD0, 0xB7, 0x12, 0x62, 0xAC,
    0xEC, 0x45, 0x1C, 0xA9, 0x7D, 0x64, 0x03, 0xB9, 0x53, 0x22, 0x45, 0xCB, 0x92, 0xD6, 0xA6, 0x10,
    0x59, 0x0E, 0x02, 0x50, 0x4A, 0x54, 0x22, 0x97, 0x09, 0x75, 0x64, 0x80, 0xA5, 0x32, 0xB7, 0xC8,
    0x08, 0xB4, 0xB4, 0x14, 0x5E, 0x65, 0xDA, 0x91, 0x45, 0x28, 0x61, 0x59, 0x14, 0x46, 0x53, 0xB8,
    0x95, 0x6E, 0xBC, 0x50, 0xFD, 0xB1, 0xAB, 0xC0, 0x47, 0x90, 0x3D, 0xE9, 0x00, 0x25, 0xC6, 0x8A,
    0x39, 0x32, 0x5C, 0x7C, 0x2D, 0xDD, 0xB2, 0x81, 0x62, 0xB6, 0x7B, 0x33, 0x1A, 0x79, 0x60, 0x25,
    0xDD, 0x9C, 0xB1, 0x4A, 0xDD, 0x9C, 0x1A, 0x12, 0x63, 0x5C, 0xED, 0x36, 0x7B, 0x18, 0x3C, 0x2B,
    0x4C, 0x89, 0x82, 0x82, 0x56, 0x00, 0xB3, 0x5C, 0x0C, 0x16, 0x05, 0x9D, 0xED, 0x24, 0xBC, 0x98,
    0x06, 0x64, 0x67, 0xAA, 0x07, 0x0A, 0x40, 0xF7, 0xB0, 0x0A, 0x65, 0x60, 0x66, 0x8D, 0x2B, 0xC0,
    0x22, 0x90, 0x0B, 0x65, 0x3B, 0x89, 0x15, 0x2E, 0xA0, 0x66, 0xF8, 0x2B, 0xBA, 0x30, 0x7C, 0x82,
    0xB2, 0xD6, 0x12, 0x1C, 0xCC, 0xCC, 0xD5, 0x07, 0x44, 0xAC, 0xC1, 0x05, 0xA8, 0x11, 0xA4, 0x0B,
    0x5A, 0x15, 0x5E, 0xA0, 0xAE, 0x98, 0x0F, 0xA4, 0xC6, 0xBA, 0x81, 0x3F, 0x36, 0x90, 0x27, 0xD8,
    0xAD, 0xD2, 0xB3, 0xD7, 0x81, 0xFD, 0x40, 0xD3, 0x52, 0xCF, 0x65, 0x02, 0x14, 0xEB, 0x91, 0x60,
    0x38, 0xD4, 0x09, 0x52, 0xB4, 0x83, 0xF3, 0xA0, 0x4B, 0xFC, 0x96, 0x10, 0xDC, 0x7D, 0x40, 0xC1,
    0x63, 0x28, 0x18, 0x6A, 0xFE, 0x1A, 0xBB, 0x81, 0x77, 0x01, 0x60, 0xB5, 0x6E, 0x65, 0x5C, 0x9B,
    0x86, 0xAE, 0x56, 0x70, 0x5A, 0x61, 0xB9, 0xB3, 0xA0, 0x00, 0xFE, 0x40, 0xB4, 0x9D, 0x40, 0x08,
    0xD2, 0x05, 0xAC, 0xEB, 0xE0, 0x4D, 0x90, 0x1B, 0x67, 0x6F, 0x03, 0x04, 0x81, 0x6B, 0x58, 0x95,
    0x6E, 0xFE, 0x0B, 0x4F, 0x81, 0x92, 0xA4, 0xB0, 0x9D, 0x6F, 0x2C, 0x07, 0xC9, 0x01, 0xE6, 0x40,
    0x84, 0x90, 0x2C, 0xA8, 0x6D, 0x3A, 0x82, 0xBE, 0x83, 0xD5, 0x90, 0x2B, 0xFE, 0x0A, 0xFF, 0x82,
    0xBF, 0xE1, 0x03, 0x90, 0x6C, 0x7E, 0xF1, 0xE9, 0x02, 0xA6, 0xA0, 0xA7, 0xF8, 0x6B, 0xAC, 0x15,
    0xBB, 0xE6, 0xEC, 0xF2, 0xFB, 0x44, 0xDC, 0x35, 0xD6, 0xCF, 0x86, 0x9E, 0x40, 0xAF, 0x9D, 0x34,
    0x0D, 0x94, 0xCE, 0x01, 0x92, 0x40, 0x6C, 0x9E, 0x5E, 0xCF, 0x6C, 0x05, 0x85, 0x6B, 0x79, 0x2B,
    0x3D, 0xF0, 0x16, 0x3F, 0x02, 0x6F, 0xC0, 0x5B, 0x30, 0x58, 0x70, 0x2C, 0x5F, 0x0B, 0x17, 0xC2,
    0x1D, 0x5C, 0x70, 0x10, 0x26, 0x16, 0x4E, 0x63, 0x2C, 0xF9, 0x30, 0x21, 0x53, 0x1C, 0x04, 0x1A,
    0x64, 0x81, 0x5B, 0x4C, 0xB8, 0x58, 0xB1, 0x9C, 0x05, 0x67, 0xC2, 0x23, 0x6C, 0xB0, 0x8B, 0x6A,
    0x0A, 0x9A, 0x81, 0x96, 0x75, 0xC8, 0xB8, 0x56, 0x6A, 0x0A, 0x8F, 0x84, 0x33, 0xE1, 0x0C, 0x98,
    0xAD, 0x3E, 0x2B, 0x4F, 0x8A, 0xD2, 0xE0, 0x59, 0xB6, 0xBC, 0x56, 0xD4, 0xCC, 0x04, 0x23, 0x1B,
    0xC7, 0xE5, 0xC8, 0x0B, 0x13, 0xE4, 0x81, 0x62, 0x9D, 0x6B, 0x3E, 0x64, 0x0B, 0x34, 0xF1, 0xD9,
    0xF2, 0x81, 0x07, 0xC7, 0xC2, 0xCF, 0x8F, 0x02, 0xDC, 0xC2, 0xD7, 0xDB, 0x3E, 0x2C, 0x02, 0x52,
    0x82, 0x57, 0x26, 0xF6, 0x7C, 0x48, 0x41, 0xE9, 0x8B, 0x08, 0x3D, 0xB1, 0xE0, 0xC4, 0xA6, 0x50,
    0x37, 0x16, 0xCC, 0x8A, 0xC2, 0xA2, 0x15, 0xB8, 0x2B, 0xA6, 0x14, 0xEB, 0xD9, 0xF2, 0x60, 0x9B,
    0x98, 0x3F, 0xBF, 0x68, 0x8B, 0x83, 0xFB, 0x60, 0xFC, 0xE0, 0x25, 0x6F, 0x08, 0xB3, 0xEB, 0x45,
    0x57, 0x88, 0x5D, 0x9F, 0x74, 0x03, 0x7A, 0x71, 0x80, 0xC1, 0x48, 0x4D, 0x9F, 0xA6, 0x06, 0x1A,
    0x41, 0x6C, 0xFE, 0x01, 0x55, 0xDA, 0x03, 0x67, 0xF7, 0x0A, 0xAF, 0xE2, 0xAB, 0xF8, 0x3F, 0xAE,
    0x2A, 0xDF, 0x82, 0x5F, 0x1F, 0xDA, 0xE0, 0x0D, 0xAF, 0xFB, 0xB3, 0xC0, 0x6D, 0x13, 0x71, 0x58,
    0xD3, 0xFA, 0x23, 0x5A, 0x40, 0x6B, 0x93, 0x71, 0x59, 0x5A, 0x0A, 0x2B, 0x2B, 0x42, 0x45, 0x65,
    0xF0, 0xAB, 0x5A, 0x16, 0x2B, 0x2B, 0x42, 0x05, 0x65, 0x48, 0x20, 0xAC, 0xAD, 0xFF, 0xAE, 0x4D,
    0x85, 0x67, 0x6F, 0xE0, 0xAC, 0xFE, 0x2B, 0x3F, 0x85, 0x32, 0xC2, 0xAF, 0xF8, 0x53, 0x3E, 0x2A,
    0xFC, 0xC1, 0x42, 0x95, 0xCF, 0xF5, 0x9E, 0x12, 0x09, 0x0A, 0x40, 0x80, 0xB1, 0x20, 0x21, 0xCE,
    0x0D, 0x67, 0x83, 0x83, 0xCA, 0x90, 0xAB, 0x3C, 0x08, 0x29, 0xB8, 0x86, 0x59, 0xFF, 0xD6, 0x89,
    0xB0, 0x53, 0xFE, 0x0B, 0x9B, 0x42, 0xAC, 0xFF, 0xB0, 0x0D, 0x53, 0xF2, 0x07, 0xBA, 0x40, 0xAC,
    0xFF, 0xB1, 0x58, 0xDB, 0xFD, 0x5C, 0x9B, 0x59, 0xFF, 0xC2, 0xB2, 0xA7, 0xF2, 0xCF, 0x02, 0x04,
    0x6C, 0x81, 0xF5, 0x58, 0x38, 0x56, 0xBE, 0x20, 0x3F, 0x88, 0x0F, 0xE0, 0xB2, 0x97, 0xFE, 0xCF,
    0x09, 0x09, 0x3D, 0x40, 0x97, 0x48, 0x45, 0x9E, 0x0A, 0x2B, 0x4B, 0x42, 0xEC, 0xF0, 0x11, 0x5A,
    0x53, 0xFA, 0x04, 0xD9, 0x0A, 0xD6, 0xB0, 0x90, 0x21, 0x48, 0x56, 0xBF, 0x15, 0xAD, 0xE0, 0xA0,
    0xCA, 0x9D, 0x9F, 0xF8, 0x04, 0x8A, 0x03, 0x6E, 0x56, 0x78, 0x00, 0x12, 0x6A, 0x0D, 0xC9, 0x41,
    0x00, 0xF7, 0x4F, 0xE8, 0x1E, 0xEA, 0x0B, 0x89, 0x03, 0x76, 0x40, 0x89, 0x90, 0x82, 0xBE, 0x0B,
    0xBF, 0x8A, 0xE7, 0xE1, 0xB0, 0xF8, 0x6C, 0x3A, 0x2B, 0xBB, 0xC1, 0x6C, 0xF0, 0x71, 0x5C, 0xF2,
    0x12, 0x03, 0xE9, 0x01, 0x0A, 0x70, 0xBB, 0x3C, 0x00, 0x08, 0x53, 0xB3, 0xFF, 0x00, 0xCB, 0x20,
    0x39, 0x57, 0xF2, 0x1B, 0x1C, 0x41, 0x03, 0x61, 0xA0, 0x5D, 0x5C, 0x21, 0xF2, 0xB3, 0xFF, 0x41,
    0x5B, 0x40, 0x9D, 0xCC, 0x36, 0x53, 0x82, 0x82, 0xEE, 0xE0, 0x5D, 0x90, 0x1C, 0x66, 0x0E, 0x79,
    0x8A, 0xF6, 0x80, 0xE8, 0xA1, 0xEE, 0xFE, 0x17, 0x3F, 0xC2, 0x26, 0x99, 0x86, 0x46, 0x7C, 0x17,
    0xF8, 0x08, 0x24, 0x80, 0x4F, 0x20, 0x80, 0xD4, 0x21, 0x95, 0xFD, 0x83, 0x02, 0xC0, 0xFA, 0x98,
    0x5E, 0x66, 0x0F, 0xA9, 0x83, 0x02, 0xA0, 0xFA, 0xA8, 0x74, 0x34, 0x17, 0x3C, 0x04, 0x0A, 0x80,
    0x53, 0x94, 0x1C, 0x09, 0xD4, 0x07, 0x4C, 0x80, 0xF7, 0x40, 0x75, 0x4C, 0x2F, 0xD4, 0x02, 0xFC,
    0x81, 0x7D, 0x50, 0x75, 0x4C, 0x17, 0xB4, 0x5E, 0x77, 0xC1, 0x77, 0xF0, 0xBB, 0xFC, 0x2E, 0xF3,
    0x0E, 0x97, 0x02, 0xEF, 0x70, 0x87, 0xC8, 0x2F, 0x1C, 0x08, 0x94, 0xC0, 0x7B, 0x38, 0x28, 0x0F,
    0x28, 0x10, 0x99, 0x81, 0xAA, 0x61, 0x09, 0xB8, 0x5E, 0x6E, 0x10, 0xB9, 0x85, 0xE3, 0xE0, 0xBD,
    0xA8, 0x45, 0x24, 0x1F, 0x0A, 0x81, 0x86, 0x41, 0x79, 0x98, 0x3A, 0x64, 0x0B, 0xDB, 0x03, 0x9A,
    0x60, 0x6E, 0x98, 0x39, 0xA6, 0x17, 0x7A, 0x83, 0x9E, 0x6B, 0x53, 0xF8, 0x48, 0xFE, 0x58, 0xB9,
    0x23, 0x9E, 0x85, 0x8D, 0xF8, 0x49, 0xF5, 0x34, 0x9A, 0x03, 0x3A, 0x96, 0x40, 0x37, 0x52, 0xD2,
    0x0C, 0xEE, 0x04, 0x52, 0x45, 0x8D, 0xD8, 0x45, 0xA4, 0x06, 0xD9, 0x84, 0x3E, 0x80, 0x6F, 0xA0,
    0x44, 0x2A, 0x07, 0x09, 0x02, 0xC2, 0x41, 0x28, 0xB8, 0x44, 0x66, 0x2D, 0xAF, 0xCE, 0x02, 0x31,
    0x30, 0xFF, 0xD8, 0x00, 0x73, 0x0F, 0xFC, 0xC0, 0xD5, 0x50, 0x7E, 0x54, 0x0D, 0x73, 0x07, 0xE4,
    0xC0, 0xD7, 0x40, 0x7E, 0x50, 0x5B, 0xF8, 0x0B, 0x76, 0x25, 0x82, 0x05, 0x98, 0x3F, 0xE4, 0x03,
    0x69, 0x87, 0xE6, 0x61, 0x12, 0xA0, 0x09, 0xE4, 0x1D, 0x29, 0x82, 0x56, 0x82, 0xDE, 0xE8, 0x2A,
    0x31, 0x32, 0xB3, 0x87, 0x3A, 0x40, 0xFB, 0x90, 0xB5, 0xE6, 0x1E, 0x69, 0x92, 0x16, 0x60, 0x2F,
    0xA0, 0xB5, 0x6A, 0x0D, 0x09, 0x36, 0x3B, 0x81, 0x0C, 0xF8, 0x10, 0xAB, 0x5C, 0x8B, 0x8D, 0xE6,
    0xA0, 0x94, 0xA4, 0xC5, 0x9A, 0x14, 0x9C, 0x31, 0x6A, 0x80, 0x94, 0xB1, 0x1E, 0x28, 0x0F, 0x09,
    0x01, 0x8E, 0x52, 0x90, 0x76, 0xD6, 0xB7, 0x20, 0x03, 0xAD, 0xA2, 0xE0, 0x4E, 0x90, 0xB5, 0xAA,
    0x14, 0xFB, 0x02, 0x46, 0x50, 0x60, 0x08, 0xC8, 0x5B, 0x13, 0x62, 0x64, 0x82, 0xC9, 0xDB, 0x39,
    0x88, 0xA4, 0x04, 0xDA, 0x0B, 0x5E, 0x42, 0xD6, 0xA8, 0xF2, 0x24, 0x2D, 0x5A, 0x36, 0x37, 0x60,
    0xF4, 0xF9, 0x35, 0x76, 0x58, 0xBF, 0x85, 0x8F, 0xEE, 0xBC, 0xF1, 0x0A, 0x2E, 0x3C, 0xEA, 0xCB,
    0xC2, 0xCB, 0xB0, 0x4A, 0x4C, 0x12, 0x77, 0x0A, 0xE5, 0xD9, 0x4F, 0x70, 0x2D, 0x56, 0xD1, 0x17,
    0x1C, 0x8F, 0x49, 0x19, 0x7B, 0x3C, 0x98, 0x43, 0x54, 0x8E, 0x8F, 0x36, 0xD1, 0x52, 0x16, 0x52,
    0x2D, 0x67, 0x86, 0x05, 0x6E, 0xC2, 0x89, 0xA0, 0x19, 0x7E, 0x06, 0x5F, 0x81, 0x4B, 0x81, 0x47,
    0xBB, 0x43, 0x68, 0x3D, 0xDF, 0x8F, 0x77, 0xA0, 0x4E, 0xC8, 0x13, 0x6C, 0x41, 0xBB, 0x8F, 0x7B,
    0x05, 0x1C, 0xB9, 0x61, 0xEA, 0x20, 0xCA, 0x84, 0x07, 0xA0, 0x49, 0xF9, 0x61, 0x7E, 0x2C, 0xBF,
    0xB5, 0x9B, 0xE2, 0xC9, 0xD0, 0x2A, 0xE8, 0x2C, 0xAD, 0x82, 0xAB, 0x65, 0x39, 0x90, 0x66, 0xAC,
    0x0A, 0xBE, 0x82, 0xAB, 0xAC, 0xF7, 0xC9, 0x35, 0x7A, 0x2C, 0x0A, 0x82, 0x97, 0xE3, 0x79, 0xF0,
    0x28, 0xBE, 0x04, 0x99, 0x02, 0x7F, 0xE5, 0x7C, 0xF0, 0x10, 0xBE, 0x14, 0xCB, 0x82, 0x7F, 0xE0,
    0x9F, 0xF8, 0x27, 0xFE, 0x09, 0xFF, 0x82, 0x7F, 0xE1, 0x4B, 0xF8, 0x52, 0xFE, 0x0F, 0x8A, 0xD0,
    0x81, 0x3F, 0xC0, 0xA5, 0x7C, 0x29, 0x5F, 0x0F, 0xE7, 0x01, 0x2F, 0xF0, 0x2A, 0xC8, 0xAD, 0xB9,
    0x02, 0xA7, 0xCA, 0xDB, 0xF1, 0x4A, 0x7C, 0x1E, 0x18, 0x14, 0x9F, 0xC0, 0xA5, 0x48, 0x18, 0x14,
    0xA6, 0x29, 0x2C, 0x7C, 0x2B, 0x93, 0x31, 0x49, 0xD3, 0xB4, 0x29, 0x1A, 0x71, 0x41, 0xE9, 0x5A,
    0xDE, 0xC4, 0x52, 0x18, 0x2E, 0x35, 0x02, 0xA3, 0xF2, 0xE3, 0xD6, 0xCF, 0x40, 0x07, 0xAF, 0xC1,
    0xEB, 0xA0, 0x2E, 0x50, 0xAD, 0x5F, 0x09, 0x9D, 0x4A, 0xD3, 0x5A, 0xDB, 0xA1, 0x29, 0x5B, 0xDB,
    0x8E, 0x82, 0xDC, 0x90, 0x77, 0x54, 0x08, 0x72, 0x1C, 0xFD, 0x7D, 0x85, 0x6E, 0xF8, 0x4C, 0x75,
    0x01, 0x01, 0xDD, 0xEC, 0xFE, 0xDB, 0x44, 0xCC, 0x52, 0xB4, 0xEB, 0x8A, 0x52, 0x9C, 0x20, 0x79,
    0x52, 0x26, 0xE5, 0x5A, 0x8A, 0x5A, 0x59, 0x91, 0x4B, 0x7C, 0x52, 0xDF, 0x0F, 0x07, 0x45, 0x2B,
    0xF0, 0xF1, 0x66, 0xCF, 0x93, 0x43, 0x6E, 0x45, 0x1F, 0x51, 0x46, 0xD4, 0x51, 0x7F, 0x09, 0xF5,
    0x40, 0x89, 0x2D, 0x19, 0x18, 0x69, 0xB4, 0x14, 0x64, 0xEC, 0xFC, 0x51, 0x46, 0xDA, 0x2C, 0x05,
    0x29, 0x0A, 0x3A, 0x96, 0x7F, 0x48, 0xA3, 0xFE, 0x0E, 0xAF, 0x84, 0xFF, 0x82, 0x8B, 0xF8, 0x4F,
    0xFE, 0x13, 0xFF, 0x84, 0xFF, 0xE1, 0xDF, 0xBC, 0x4C, 0x28, 0x1F, 0x05, 0x6F, 0xC3, 0xBF, 0xF0,
    0xA3, 0xFC, 0x28, 0xFF, 0x02, 0xE7, 0xC5, 0x0D, 0xF0, 0x51, 0xF0, 0x45, 0xB4, 0x0F, 0x37, 0xC3,
    0xCD, 0xF1, 0x43, 0x7C, 0x09, 0x36, 0x09, 0x9E, 0x43, 0xCD, 0xF0, 0xF3, 0x7C, 0x09, 0x3F, 0x05,
    0x37, 0xC5, 0x0D, 0xF0, 0xCA, 0xFC, 0x32, 0xB7, 0x14, 0x45, 0xC1, 0xFD, 0x41, 0x44, 0x7C, 0x51,
    0x1F, 0x14, 0x45, 0x41, 0x4D, 0xF1, 0x21, 0xF8, 0x14, 0xDF, 0x14, 0x3F, 0xC2, 0x9D, 0xF0, 0x2F,
    0x70, 0xA9, 0x3F, 0x05, 0x5E, 0x8A, 0x37, 0x20, 0x55, 0xFC, 0x15, 0x7F, 0x14, 0x87, 0xC1, 0xE7,
    0xE0, 0x54, 0xEE, 0x2E, 0x0A, 0x9D, 0x81, 0x23, 0xE0, 0xA7, 0xF8, 0xA3, 0xBE, 0x53, 0xED, 0x06,
    0x93, 0x63, 0xDA, 0xE0, 0x53, 0xBE, 0x0A, 0x5F, 0x85, 0x3B, 0xE1, 0xFC, 0xF8, 0xF6, 0xAE, 0x0A,
    0x7F, 0x85, 0x3B, 0xE1, 0x04, 0xF9, 0x0E, 0xFC, 0x53, 0x3F, 0x84, 0x23, 0xF0, 0x69, 0xA4, 0x14,
    0xCB, 0x9F, 0x05, 0xC6, 0x15, 0x89, 0x42, 0x9A, 0x72, 0x58, 0x2A, 0x0A, 0x15, 0xBE, 0x95, 0xBA,
    0x00, 0x19, 0xA9, 0x17, 0xAD, 0xD2, 0x85, 0x41, 0x8A, 0xA8, 0x43, 0xBE, 0x3F, 0x2F, 0xA6, 0x76,
    0x82, 0xA0, 0xF8, 0x19, 0xAC,
};

#endif
