/* Auto-generated by tools/dro2hdr --hs=13l4 from C:\silixcon-devel\opl\songs\Tony_Igy_Astronomia.dro.
 * heatshrink-packed DRO v2 payload.
 * Register writes : 18622
 * Total length    : 185322 ms (185.3 s)
 * Plain DRO size  : 37384 bytes
 * Packed size     : 15791 bytes (42.2%)
 * Decoder RAM     : 8192 bytes (window) + ~40 bytes state
 * Do not edit.
 */
#ifndef tony_igy_astronomia_H
#define tony_igy_astronomia_H

#include "opl_song_hs.h"

static const uint8_t tony_igy_astronomia_hs_data[];   /* defined below */

static const opl_song_hs tony_igy_astronomia = {
    .hs_data      = tony_igy_astronomia_hs_data,
    .hs_len       = 15791u,
    .total_ms     = 185322u,
    .codemap_len  = 114,
    .short_code   = 0xFE,
    .long_code    = 0xFF,
    .hs_window    = 13,
    .hs_lookahead = 4,
};

static const uint8_t tony_igy_astronomia_hs_data[] = {
    0xA2, 0x50, 0xAA, 0x54, 0x1A, 0xBD, 0x3E, 0xA1, 0x4C, 0x81, 0x00, 0x16, 0x5B, 0xEA, 0x44, 0x02,
    0x01, 0xEA, 0xE9, 0xC0, 0xA0, 0x10, 0x18, 0x04, 0x03, 0xFD, 0xFF, 0xB9, 0x40, 0x61, 0x12, 0x09,
    0x0C, 0x8A, 0x47, 0x24, 0x92, 0xCA, 0x25, 0x32, 0xA9, 0x5C, 0xB2, 0x5B, 0x31, 0x99, 0x4D, 0x26,
    0xB4, 0x0A, 0x0D, 0x0A, 0x87, 0x44, 0xA4, 0x52, 0x69, 0x54, 0xDA, 0x85, 0x46, 0xAB, 0x60, 0xB0,
    0xD8, 0xAC, 0x76, 0x4B, 0x2D, 0xA2, 0xD3, 0x6A, 0xB5, 0xDB, 0x2D, 0xB7, 0x0B, 0x8D, 0xCA, 0xE7,
    0x74, 0xBA, 0xE0, 0x30, 0x38, 0x2C, 0x1E, 0x13, 0x0B, 0x88, 0xC4, 0xE2, 0xB1, 0x78, 0xCC, 0x6E,
    0x43, 0x23, 0x92, 0xC9, 0xE5, 0x32, 0xBA, 0x0D, 0x0E, 0x8B, 0x47, 0xA4, 0xD2, 0xE9, 0xB4, 0xFA,
    0x8D, 0x86, 0xC7, 0x65, 0xB3, 0xDA, 0x6D, 0x76, 0xDB, 0x7D, 0xC6, 0xF7, 0x81, 0xC1, 0xE1, 0x70,
    0xF8, 0x9C, 0x5E, 0x3F, 0x23, 0xC5, 0xE3, 0xF2, 0x79, 0x7D, 0x1E, 0x9F, 0x57, 0xAF, 0xE9, 0x52,
    0xAA, 0x54, 0xE9, 0x74, 0x5E, 0x37, 0x86, 0x61, 0x33, 0xF6, 0xFC, 0x29, 0x90, 0x09, 0x04, 0x06,
    0x81, 0x02, 0x91, 0x40, 0xE4, 0x50, 0x4F, 0x0C, 0x17, 0xC9, 0x06, 0xF2, 0x41, 0xE4, 0x30, 0x8F,
    0x0C, 0x26, 0x41, 0x0A, 0x90, 0x42, 0xE4, 0x30, 0xC9, 0x04, 0x36, 0x41, 0x0E, 0x80, 0xC3, 0xE0,
    0x31, 0x08, 0x74, 0x46, 0x1D, 0x12, 0x83, 0xC4, 0xE0, 0xF1, 0x4A, 0x7C, 0x56, 0x29, 0x16, 0x93,
    0x45, 0xE9, 0xF1, 0x88, 0x5C, 0x66, 0x17, 0x1A, 0x8A, 0x46, 0xE1, 0x71, 0xC8, 0xA4, 0x76, 0x1B,
    0x1E, 0x9A, 0x47, 0xE6, 0x92, 0x0D, 0x8C, 0x86, 0x67, 0x22, 0x99, 0xC8, 0xE2, 0x52, 0x4D, 0x8C,
    0x97, 0xE9, 0x26, 0xFA, 0x49, 0xE2, 0x52, 0x8F, 0x9C, 0xA7, 0xE7, 0x2A, 0xD4, 0x4A, 0xFE, 0xF2,
    0xCF, 0xBC, 0xB7, 0xAD, 0x2E, 0xFB, 0x4B, 0xF9, 0x33, 0x09, 0x1C, 0xC6, 0x47, 0x32, 0xE9, 0xCC,
    0xFE, 0x73, 0x4F, 0x9C, 0xD6, 0xE9, 0x36, 0xE9, 0xCD, 0xFC, 0x33, 0x8F, 0x0C, 0xE6, 0xE9, 0x3A,
    0xAA, 0x4E, 0xEA, 0x93, 0xCA, 0x64, 0xF6, 0x0D, 0x3E, 0xFE, 0xCF, 0xE9, 0xF4, 0x0C, 0x45, 0x06,
    0x09, 0x42, 0xD8, 0xD0, 0xF6, 0x34, 0x4C, 0x55, 0x17, 0xCD, 0x46, 0xD8, 0xD1, 0xF6, 0x34, 0x8C,
    0x0D, 0x26, 0x07, 0x4A, 0xAB, 0xD2, 0xE2, 0xB4, 0xC8, 0xCD, 0x36, 0x25, 0x4E, 0x8B, 0x53, 0xE1,
    0x35, 0x08, 0x4D, 0x46, 0x1B, 0x52, 0x85, 0x54, 0xE1, 0x35, 0x49, 0x05, 0x56, 0x0F, 0x56, 0x83,
    0xD5, 0xE0, 0xD5, 0x88, 0x35, 0x66, 0x09, 0x5A, 0x82, 0x56, 0xE1, 0xF5, 0xC8, 0x7D, 0x76, 0x07,
    0x5E, 0x80, 0xD7, 0xE0, 0x36, 0x08, 0x0D, 0x86, 0x07, 0x62, 0x80, 0xD8, 0xE0, 0x36, 0x48, 0x0D,
    0x96, 0x05, 0x4E, 0x94, 0xD1, 0x3C, 0xD4, 0xD9, 0x6F, 0xFE, 0x0D, 0xFE, 0xB0, 0xD0, 0xBC, 0xD4,
    0xB9, 0x6D, 0x1B, 0x03, 0x4F, 0x94, 0xFF, 0xAE, 0xD4, 0x7C, 0x0D, 0x42, 0x53, 0xFE, 0xBB, 0xD2,
    0xE1, 0xBF, 0xEF, 0x6D, 0x0B, 0x97, 0x4B, 0x96, 0xFF, 0xA7, 0x74, 0x2E, 0xC8, 0x00, 0x65, 0xE6,
    0xFF, 0x5D, 0xA9, 0x70, 0xDA, 0x15, 0xB2, 0x97, 0x31, 0xFF, 0x7B, 0xA9, 0x71, 0x1A, 0x16, 0x2A,
    0x97, 0x2E, 0x00, 0x1C, 0xA1, 0xC0, 0x10, 0x95, 0x0C, 0x00, 0x96, 0xF7, 0x53, 0xE1, 0x34, 0x29,
    0x15, 0x2E, 0x5D, 0x46, 0xD8, 0x80, 0x82, 0x57, 0x7A, 0x84, 0x26, 0x8F, 0xB1, 0x01, 0x0C, 0xAE,
    0xC0, 0x0B, 0x98, 0x03, 0xE4, 0x00, 0x39, 0xDD, 0xC0, 0x07, 0x2F, 0x6D, 0x2E, 0x1D, 0x42, 0x81,
    0xD0, 0xAC, 0xDF, 0xE8, 0x00, 0x01, 0x65, 0x3A, 0xA1, 0x5E, 0x40, 0x55, 0x2C, 0x50, 0x04, 0x6A,
    0x02, 0x2B, 0x80, 0x82, 0x60, 0x12, 0x9F, 0xFA, 0x01, 0x4F, 0x84, 0xC5, 0x62, 0x00, 0x48, 0xA7,
    0x98, 0x09, 0x13, 0xA5, 0xC3, 0x40, 0x51, 0x2F, 0x35, 0x42, 0x53, 0xFF, 0x80, 0x7F, 0xAC, 0xA0,
    0x48, 0x97, 0xB8, 0x08, 0x92, 0xE5, 0x80, 0x56, 0x53, 0x20, 0x11, 0x4A, 0x68, 0x02, 0x29, 0x50,
    0xC0, 0x5D, 0x28, 0x90, 0x01, 0xE9, 0xED, 0xA5, 0xC4, 0xBF, 0xD0, 0x00, 0x13, 0x4A, 0x65, 0xFE,
    0xD8, 0x80, 0x32, 0x60, 0x0A, 0x95, 0x0E, 0x85, 0x22, 0x01, 0xBC, 0x80, 0x19, 0x40, 0x05, 0xD3,
    0xDC, 0x00, 0x39, 0x00, 0xAE, 0x40, 0x29, 0x98, 0x09, 0xBA, 0x01, 0x2A, 0x00, 0x9E, 0xF7, 0x60,
    0x13, 0xD8, 0x02, 0xD3, 0x00, 0xD4, 0xF6, 0x40, 0x26, 0xC8, 0x0C, 0xB8, 0x00, 0x49, 0x01, 0x52,
    0x50, 0xD0, 0x47, 0x4A, 0x00, 0x09, 0xEB, 0x81, 0x52, 0x40, 0x9F, 0x98, 0x0B, 0xE4, 0x06, 0xB9,
    0x02, 0x7E, 0x73, 0xA0, 0x4F, 0xD8, 0x15, 0x12, 0x04, 0xFD, 0x3D, 0xB4, 0xB8, 0x88, 0x07, 0xA4,
    0x0A, 0x09, 0x81, 0xD2, 0x60, 0x7D, 0xC0, 0x28, 0x38, 0x02, 0x29, 0x82, 0x83, 0x77, 0x70, 0x01,
    0xCA, 0xEC, 0x09, 0x1B, 0x02, 0x82, 0x40, 0x9F, 0xD0, 0x03, 0x26, 0x0C, 0x2C, 0x02, 0x7E, 0x80,
    0x03, 0x90, 0x12, 0x65, 0x09, 0x04, 0xF5, 0x41, 0x49, 0x29, 0x4F, 0xFA, 0xEA, 0x09, 0xE9, 0xFF,
    0xA0, 0x00, 0x4A, 0xB8, 0x12, 0x65, 0xED, 0x03, 0xCC, 0xC0, 0x85, 0x20, 0x50, 0xEC, 0x0F, 0x32,
    0xAD, 0xC1, 0x25, 0x60, 0x4D, 0x94, 0xF7, 0x09, 0x0E, 0x98, 0x81, 0xCE, 0xE0, 0x7E, 0xFD, 0x2E,
    0x65, 0x54, 0x90, 0x82, 0x2B, 0x00, 0x0F, 0x95, 0x36, 0x1B, 0xFE, 0x80, 0x53, 0x80, 0x6B, 0x40,
    0x14, 0xCC, 0x05, 0xB4, 0x06, 0x77, 0xC1, 0x9D, 0x8A, 0x6C, 0xC6, 0x9D, 0x35, 0x01, 0x4F, 0xC1,
    0x51, 0x60, 0x14, 0x5C, 0x00, 0x72, 0xA7, 0x45, 0x69, 0xB1, 0x1A, 0xA4, 0x80, 0x0C, 0x12, 0x83,
    0xC7, 0x21, 0xB6, 0x68, 0x25, 0x9E, 0x09, 0xFE, 0x80, 0x5A, 0x20, 0x96, 0x98, 0x6D, 0xAA, 0x1B,
    0x16, 0x83, 0xD6, 0xE1, 0xF2, 0xBF, 0xBC, 0xF6, 0x0D, 0x0E, 0x80, 0xC6, 0xE0, 0x3F, 0xE8, 0x05,
    0xAE, 0x09, 0x2A, 0xDC, 0xCF, 0x28, 0xF2, 0xDF, 0xA4, 0xFE, 0xB5, 0x17, 0xC7, 0xFF, 0xA0, 0x15,
    0x88, 0x44, 0x93, 0xE5, 0x36, 0xDE, 0xC2, 0x20, 0x36, 0x18, 0x05, 0xA7, 0x1B, 0x27, 0xC1, 0x4E,
    0x77, 0xB0, 0xB8, 0xA5, 0x92, 0x01, 0x14, 0x00, 0x5C, 0xAA, 0xF0, 0x89, 0x07, 0xCA, 0x65, 0xBD,
    0x82, 0x40, 0x6B, 0xB0, 0x0B, 0x56, 0x36, 0x47, 0x82, 0x9A, 0xEF, 0x60, 0xF1, 0x4B, 0x04, 0x02,
    0x27, 0x18, 0xAB, 0x40, 0x3F, 0xD0, 0x08, 0xFD, 0x56, 0x63, 0xEF, 0x81, 0xFC, 0x2D, 0x90, 0x29,
    0x16, 0xA6, 0x69, 0x0B, 0x83, 0x78, 0x2B, 0xF0, 0x30, 0x30, 0x4E, 0x8B, 0x43, 0x03, 0x2C, 0xA6,
    0x54, 0x4C, 0x0D, 0x36, 0x62, 0x0E, 0x49, 0xD5, 0x24, 0x95, 0x49, 0x67, 0xFA, 0x01, 0x54, 0x9E,
    0x50, 0xFC, 0xD4, 0xC9, 0xAF, 0xFA, 0x69, 0x4D, 0x88, 0xD3, 0xA2, 0x5F, 0xE9, 0xD5, 0x42, 0x13,
    0x4E, 0x03, 0x14, 0xBF, 0xD0, 0x00, 0x78, 0x52, 0x74, 0x00, 0x9A, 0xD3, 0x22, 0xA0, 0x12, 0x94,
    0xB0, 0x02, 0xD2, 0x90, 0x52, 0xE1, 0xA0, 0x0E, 0x9D, 0x52, 0x60, 0x00, 0x79, 0x4E, 0x2A, 0x93,
    0xCF, 0xF7, 0xB2, 0xA9, 0x38, 0x00, 0x24, 0xA6, 0x15, 0x49, 0x00, 0x04, 0xE7, 0x42, 0xE5, 0xD0,
    0xC2, 0x0B, 0x38, 0x00, 0x0A, 0xA6, 0x1E, 0x41, 0x4D, 0x40, 0x45, 0x3A, 0x74, 0xCB, 0xFD, 0x38,
    0xA7, 0x44, 0xA9, 0xB1, 0x1A, 0x1F, 0x64, 0x22, 0x15, 0xA1, 0xF9, 0x81, 0x21, 0x20, 0x4D, 0x48,
    0x05, 0x52, 0x80, 0x53, 0x62, 0x20, 0x2C, 0x98, 0x0A, 0xE6, 0x01, 0x99, 0x00, 0xB2, 0x40, 0x0C,
    0x9D, 0x0E, 0xD9, 0x4C, 0x9C, 0x80, 0x9E, 0x40, 0x2A, 0x9C, 0xF0, 0x24, 0x94, 0xF6, 0x52, 0xE2,
    0x20, 0x34, 0x90, 0x0C, 0x25, 0x4C, 0x8C, 0x80, 0x8E, 0x61, 0x2A, 0xA8, 0x0C, 0x2B, 0x43, 0xC5,
    0x53, 0x26, 0xC0, 0x30, 0x98, 0x0C, 0xE5, 0x39, 0x02, 0x9D, 0x40, 0x0B, 0x49, 0xD8, 0x01, 0x69,
    0x3B, 0xA6, 0x45, 0x80, 0xB1, 0x68, 0x70, 0x19, 0xEA, 0x02, 0xA9, 0x81, 0x62, 0x5E, 0xD0, 0x13,
    0x54, 0x0A, 0xF4, 0x09, 0x44, 0xC0, 0xAD, 0x6A, 0x1D, 0x0E, 0x99, 0x36, 0x02, 0x65, 0x27, 0x20,
    0x32, 0xA4, 0xEC, 0x00, 0xB4, 0x9D, 0x80, 0x16, 0x93, 0xAA, 0x64, 0x58, 0x0F, 0xD8, 0x87, 0x00,
    0x2E, 0x60, 0x4F, 0xB8, 0x1F, 0xA6, 0x02, 0x59, 0x81, 0x2E, 0xA1, 0x6C, 0xA8, 0x09, 0xAC, 0x1B,
    0x49, 0x53, 0x26, 0xD4, 0x5C, 0x55, 0x3A, 0x5D, 0x44, 0xD8, 0x82, 0xD2, 0x41, 0x76, 0x98, 0x14,
    0x27, 0x0E, 0x05, 0x74, 0xC0, 0xB1, 0x29, 0x75, 0x36, 0x62, 0x17, 0xCA, 0x02, 0xBA, 0x40, 0x06,
    0x90, 0x02, 0xA4, 0x05, 0x5D, 0x01, 0x22, 0x40, 0xAF, 0x98, 0x15, 0x7D, 0x0E, 0x02, 0xA6, 0x40,
    0xA7, 0x30, 0x10, 0xCC, 0x15, 0x72, 0x87, 0x01, 0x52, 0xD2, 0xE0, 0x2A, 0x48, 0x00, 0xB4, 0x01,
    0x1E, 0x40, 0x15, 0x30, 0x47, 0x4C, 0x04, 0x95, 0x00, 0xF4, 0xBD, 0x94, 0xB8, 0x70, 0x09, 0xAA,
    0x04, 0xC9, 0x45, 0x80, 0x2D, 0x3A, 0x1C, 0x0C, 0x36, 0x56, 0x04, 0x05, 0xEC, 0xD4, 0xC9, 0xB0,
    0x0F, 0xAB, 0xFE, 0x9C, 0x00, 0xE2, 0x61, 0xBD, 0x94, 0x02, 0x87, 0x79, 0xFF, 0x4E, 0xA8, 0x78,
    0xAA, 0x10, 0x18, 0xE4, 0x0A, 0xBB, 0x01, 0x57, 0x80, 0x64, 0xA8, 0x15, 0x7E, 0x01, 0xC9, 0x04,
    0xC6, 0x40, 0x84, 0xC0, 0x2A, 0xE4, 0x02, 0x99, 0x80, 0xB2, 0x53, 0x90, 0x28, 0xD2, 0x74, 0x05,
    0xEB, 0x4E, 0x80, 0xB1, 0xF0, 0x08, 0xD2, 0x01, 0x43, 0x91, 0x53, 0x26, 0xC0, 0x28, 0xA8, 0x7C,
    0xE8, 0x05, 0xA9, 0x04, 0xD2, 0x80, 0xFF, 0x98, 0x16, 0xA8, 0x0B, 0x29, 0x07, 0x0E, 0x60, 0x59,
    0xB8, 0x56, 0xE5, 0x45, 0xB6, 0x53, 0xA6, 0x34, 0x40, 0xFE, 0x48, 0x16, 0x72, 0x15, 0x1C, 0xC0,
    0xBB, 0x30, 0x15, 0xC8, 0x54, 0xD3, 0xA7, 0x4C, 0x41, 0x67, 0x21, 0x54, 0x48, 0x0B, 0x94, 0x09,
    0xAE, 0x01, 0x01, 0x30, 0x06, 0x4C, 0x0B, 0x7F, 0x00, 0x54, 0xA2, 0x21, 0x5C, 0xB8, 0x16, 0x29,
    0x31, 0x01, 0x9C, 0xA7, 0x34, 0xE8, 0x88, 0x2C, 0x6D, 0x31, 0x02, 0xC4, 0x80, 0x0B, 0x4A, 0x5C,
    0x34, 0x04, 0x77, 0x11, 0x74, 0xE8, 0x7C, 0xB0, 0x06, 0xCC, 0x3D, 0xF3, 0x02, 0xE4, 0xA7, 0x41,
    0x32, 0xC4, 0xE2, 0x87, 0x34, 0x0A, 0xA4, 0xA6, 0x82, 0x0E, 0x90, 0x21, 0x65, 0x43, 0x11, 0xDC,
    0x80, 0xC3, 0x68, 0xD0, 0x7F, 0x64, 0x02, 0x29, 0x81, 0x7E, 0xE0, 0x19, 0x90, 0x07, 0x66, 0x02,
    0xE9, 0x02, 0xEE, 0x61, 0x11, 0x98, 0x14, 0xE4, 0x04, 0xE9, 0x81, 0x66, 0xE2, 0xC2, 0x9D, 0x32,
    0x34, 0x03, 0x7A, 0x80, 0x2E, 0x62, 0x20, 0x98, 0x2A, 0x64, 0x03, 0x4C, 0xEC, 0x68, 0x73, 0x40,
    0x19, 0xCC, 0x05, 0xF7, 0x05, 0xE4, 0x82, 0x8D, 0x2A, 0x74, 0x46, 0x85, 0x43, 0xA1, 0xD0, 0xC3,
    0x57, 0x40, 0x19, 0x68, 0x0C, 0x54, 0x03, 0x46, 0xE7, 0x60, 0x05, 0xA0, 0x0C, 0x64, 0x03, 0x0B,
    0x81, 0xEE, 0xA0, 0x31, 0xB8, 0x5C, 0xFE, 0x05, 0xEA, 0x87, 0x6E, 0x60, 0xBE, 0xC8, 0x1C, 0xA4,
    0x0C, 0x79, 0x01, 0x62, 0x80, 0x5E, 0xB0, 0xA4, 0x24, 0x0A, 0xFA, 0x08, 0x76, 0x80, 0xF0, 0x98,
    0x25, 0xAC, 0x00, 0x9A, 0x01, 0x6A, 0xE0, 0x28, 0xB0, 0x09, 0x66, 0x0B, 0xAB, 0x81, 0xCE, 0x42,
    0x18, 0x90, 0x2E, 0xBE, 0x05, 0x1C, 0x02, 0xEA, 0xC2, 0x14, 0x9D, 0x0F, 0x97, 0x42, 0x05, 0xD6,
    0x80, 0x37, 0x20, 0x2A, 0x50, 0x04, 0x12, 0x9C, 0xD0, 0xA6, 0x80, 0xBB, 0x94, 0xEE, 0x87, 0x43,
    0x17, 0xA4, 0xC1, 0x11, 0xB0, 0x10, 0xCC, 0x06, 0x57, 0x05, 0xCE, 0x40, 0xB3, 0x89, 0xD8, 0x15,
    0xF6, 0x08, 0x6C, 0x83, 0x2A, 0xA0, 0x86, 0xFF, 0xFB, 0x60, 0x03, 0x2A, 0x82, 0x27, 0x20, 0x1B,
    0x98, 0x3C, 0x64, 0x39, 0x69, 0x07, 0xFB, 0x40, 0xB8, 0xCC, 0xE0, 0x0C, 0xDF, 0x01, 0x8E, 0xC1,
    0x6F, 0x70, 0x89, 0x4C, 0x0C, 0x78, 0x05, 0xBE, 0x00, 0xBB, 0x71, 0x16, 0xCC, 0x05, 0x53, 0x10,
    0x05, 0xE9, 0x72, 0xEA, 0x2D, 0x0C, 0x49, 0xF2, 0x80, 0x0B, 0x8E, 0xE1, 0x7A, 0xA4, 0x48, 0x20,
    0x94, 0x9D, 0x87, 0xCE, 0x40, 0x2C, 0xA5, 0x42, 0x12, 0x10, 0x19, 0x80, 0x4A, 0x61, 0x75, 0xB8,
    0xBA, 0x36, 0x1A, 0x9C, 0x00, 0x3E, 0xA0, 0x2B, 0xA0, 0x81, 0x66, 0x1D, 0x69, 0x5D, 0x40, 0x3F,
    0x50, 0x22, 0xD8, 0x14, 0x77, 0x8B, 0x07, 0x42, 0x40, 0x1C, 0x98, 0x10, 0x74, 0x11, 0x6A, 0x0A,
    0x62, 0xF3, 0xA0, 0x1D, 0xDC, 0x01, 0x55, 0x00, 0xF5, 0x85, 0xE7, 0x20, 0x3B, 0xCC, 0x04, 0x37,
    0x00, 0x65, 0x02, 0x95, 0x6A, 0x58, 0x93, 0xE6, 0x03, 0x5C, 0x0C, 0x9E, 0xD7, 0x51, 0x28, 0xE4,
    0x50, 0xB2, 0x18, 0xDC, 0xE4, 0x44, 0x5A, 0x98, 0x2A, 0xED, 0x57, 0xA6, 0x4E, 0x68, 0x55, 0x7A,
    0x58, 0x0E, 0x66, 0x25, 0x2B, 0xC4, 0xA8, 0x56, 0x20, 0x4E, 0x4A, 0xC4, 0x03, 0xE9, 0x44, 0x40,
    0x49, 0x5A, 0x1D, 0xB2, 0x85, 0x6C, 0x03, 0xCE, 0xC0, 0xEF, 0xE8, 0xC8, 0xC5, 0xEA, 0x10, 0x5B,
    0xD2, 0xE6, 0x34, 0xC9, 0xC8, 0x1D, 0xF6, 0x0E, 0xFA, 0x01, 0x06, 0xD4, 0xC8, 0xCD, 0x2C, 0x3A,
    0x94, 0xA7, 0x44, 0x80, 0xF1, 0x69, 0xC8, 0x05, 0xE6, 0x07, 0x8E, 0x00, 0xE6, 0x40, 0x4D, 0xA0,
    0x38, 0xA6, 0x30, 0xAC, 0x8C, 0x82, 0xC0, 0x22, 0xB8, 0x06, 0x28, 0x06, 0x0B, 0x00, 0xDF, 0x61,
    0x85, 0xC0, 0x0D, 0xE4, 0x3A, 0x1A, 0x80, 0xE2, 0x60, 0x1D, 0x98, 0x3D, 0xA5, 0x57, 0x03, 0x54,
    0xAA, 0xE2, 0xCB, 0xC8, 0x4B, 0x64, 0x2D, 0x49, 0x0C, 0x9E, 0x53, 0x21, 0x93, 0xE0, 0x0F, 0xD2,
    0x02, 0x6C, 0xE8, 0x77, 0x91, 0x69, 0xC8, 0x17, 0xB8, 0x07, 0xCC, 0xB1, 0x40, 0x1C, 0x90, 0x04,
    0xE4, 0x07, 0xFA, 0x81, 0x1E, 0x63, 0x34, 0xA0, 0xE3, 0xEC, 0x30, 0x0D, 0x02, 0x0A, 0xC0, 0x10,
    0x98, 0x31, 0x3A, 0x08, 0x2F, 0x03, 0x0E, 0x41, 0xD2, 0xA0, 0x20, 0xAC, 0x11, 0x09, 0xD2, 0xC5,
    0xF5, 0x21, 0xCA, 0x64, 0x07, 0xB7, 0x04, 0x0F, 0xC7, 0xDF, 0x50, 0x7E, 0x6C, 0x10, 0x58, 0x01,
    0xBC, 0xEE, 0xC1, 0x32, 0xF8, 0x0D, 0xAE, 0x0F, 0xAA, 0x16, 0x7E, 0x54, 0x2B, 0x30, 0x1F, 0xED,
    0x98, 0x01, 0xCC, 0xA7, 0x34, 0x2C, 0xC0, 0x3E, 0xE6, 0x3F, 0x4B, 0xD0, 0xB4, 0xB4, 0x3D, 0x28,
    0x3E, 0x75, 0xB1, 0x00, 0xB4, 0xB6, 0x20, 0x79, 0xD8, 0x1D, 0xF2, 0x0A, 0xCB, 0x81, 0xDE, 0xA1,
    0x3C, 0xB0, 0x3E, 0xB8, 0x13, 0xCF, 0x83, 0xEE, 0xA0, 0x77, 0xA8, 0x09, 0x67, 0x4C, 0x9C, 0x83,
    0xEB, 0x93, 0xB0, 0x1D, 0x5C, 0x0D, 0x16, 0x0B, 0x9E, 0xC2, 0x65, 0x82, 0x3E, 0x54, 0x26, 0x5F,
    0x03, 0xBF, 0xC1, 0xF1, 0x70, 0x4A, 0x4C, 0x1F, 0x32, 0xCC, 0x50, 0xF3, 0x04, 0xC7, 0xC7, 0x2C,
    0x0F, 0x12, 0xE5, 0xD2, 0xE6, 0x23, 0x6D, 0xA8, 0xDB, 0x26, 0x57, 0x1A, 0x0D, 0xB6, 0x80, 0x79,
    0xB1, 0x29, 0xE6, 0x03, 0xEB, 0xCE, 0x40, 0xBB, 0x7A, 0x5C, 0x44, 0x20, 0x12, 0x25, 0x8C, 0x80,
    0x47, 0x71, 0xC0, 0x60, 0x4E, 0x74, 0x0A, 0xB5, 0xC0, 0xB3, 0x70, 0x20, 0xDC, 0x02, 0xDB, 0x02,
    0xAD, 0x27, 0x40, 0x55, 0xE0, 0x46, 0xB0, 0x06, 0x7B, 0x00, 0x3B, 0x40, 0xB5, 0xA8, 0x57, 0xF6,
    0x2E, 0x7A, 0x82, 0xCE, 0xA0, 0x9C, 0xB0, 0xCE, 0x68, 0x31, 0xAA, 0x00, 0xAB, 0xE0, 0x19, 0x90,
    0x29, 0xA4, 0x01, 0x6B, 0x0E, 0xC7, 0x20, 0xCC, 0xF0, 0x1B, 0xB0, 0x05, 0x4A, 0x82, 0xA2, 0x63,
    0x13, 0xA0, 0x15, 0x27, 0x39, 0x0D, 0x2F, 0x80, 0x55, 0x60, 0x34, 0x5C, 0x0C, 0x9F, 0x05, 0xD6,
    0x47, 0xED, 0x3A, 0x6C, 0x46, 0xCD, 0x06, 0xB3, 0xC1, 0xAD, 0x10, 0x60, 0x7A, 0x6C, 0x61, 0x59,
    0x01, 0x67, 0x80, 0xE5, 0x80, 0x2C, 0x4C, 0x12, 0xF9, 0x00, 0xAC, 0xC8, 0x39, 0x40, 0x19, 0xFC,
    0x06, 0x74, 0xB3, 0x41, 0xEC, 0xF0, 0x7B, 0x44, 0x1C, 0x13, 0x97, 0x1C, 0x05, 0x40, 0xB7, 0xB0,
    0x50, 0xEC, 0x03, 0x13, 0xB4, 0x42, 0x3F, 0xD0, 0x0B, 0x3C, 0x22, 0xCD, 0x08, 0x05, 0xA7, 0xC1,
    0x09, 0x60, 0x2F, 0xE8, 0x6A, 0xB4, 0x16, 0x2D, 0xC4, 0x99, 0x71, 0xF7, 0x58, 0x05, 0xBF, 0x05,
    0xA5, 0xC0, 0x2F, 0x70, 0xA7, 0x50, 0x02, 0xBC, 0x03, 0x97, 0xC0, 0xBB, 0x48, 0x4D, 0x9E, 0x13,
    0x68, 0x84, 0x81, 0xD6, 0xE0, 0xB8, 0xF8, 0x2E, 0x3E, 0x10, 0xEF, 0x80, 0xFB, 0xE1, 0xAB, 0xA8,
    0x2E, 0x69, 0x00, 0xB3, 0xC0, 0x2D, 0x10, 0x0A, 0x05, 0x53, 0xFD, 0x00, 0x88, 0x47, 0xA3, 0x74,
    0x4B, 0x5C, 0x3A, 0x55, 0xF8, 0x9E, 0x7F, 0xED, 0xB3, 0x29, 0x6F, 0xD6, 0x7F, 0x7F, 0xB7, 0x01,
    0x42, 0xD4, 0x8A, 0xB8, 0x1A, 0x6F, 0xFE, 0xB9, 0x81, 0x6A, 0x57, 0x60, 0x0E, 0x48, 0x07, 0x93,
    0xF7, 0x00, 0x82, 0x60, 0x3E, 0xB8, 0x35, 0x66, 0x29, 0xFB, 0x80, 0x46, 0x57, 0x70, 0x08, 0xDB,
    0xDA, 0x2F, 0x09, 0x98, 0x62, 0xF6, 0xAC, 0x04, 0x52, 0x9F, 0x57, 0x83, 0x48, 0x36, 0x33, 0x2E,
    0x9C, 0x13, 0xC3, 0x5D, 0x81, 0xFF, 0xA0, 0x16, 0xA8, 0x04, 0x8E, 0x25, 0x35, 0xBA, 0x41, 0xE4,
    0x36, 0x08, 0x09, 0x08, 0x26, 0x2A, 0xB9, 0x9F, 0x4E, 0xA0, 0x8A, 0xCD, 0x17, 0xCC, 0x6D, 0xE9,
    0x4D, 0xE8, 0x57, 0x92, 0xBD, 0xCA, 0x76, 0x57, 0xB9, 0x89, 0x4A, 0xA6, 0x4E, 0xA4, 0x3A, 0x99,
    0x16, 0x8D, 0xC1, 0xAD, 0x70, 0x89, 0x57, 0xEA, 0x79, 0x45, 0xB6, 0x9B, 0x36, 0x46, 0xCA, 0x94,
    0x56, 0xDD, 0x00, 0xA8, 0xC1, 0x40, 0x83, 0x63, 0xCA, 0x4E, 0x5C, 0x57, 0x5A, 0x7A, 0xC4, 0xC3,
    0x30, 0x3C, 0xDC, 0x0D, 0xFF, 0x1B, 0x2C, 0xE8, 0x72, 0x2A, 0x1C, 0x0C, 0x07, 0x92, 0x81, 0xD2,
    0xE5, 0xD4, 0xAD, 0x8D, 0x27, 0x14, 0x17, 0xEA, 0xD2, 0x30, 0x35, 0x18, 0x6D, 0x52, 0x79, 0x54,
    0x9F, 0x14, 0x6E, 0x51, 0x4A, 0x14, 0x50, 0x14, 0x32, 0x97, 0x55, 0x24, 0xC0, 0x0B, 0x90, 0xDF,
    0x65, 0x43, 0x91, 0x02, 0x1A, 0x53, 0x2A, 0xA4, 0xEA, 0x95, 0x81, 0xA4, 0x90, 0xC2, 0x40, 0x10,
    0x95, 0xD6, 0xA9, 0x3A, 0x00, 0x3C, 0xA4, 0x40, 0x47, 0x98, 0x0B, 0xE4, 0x04, 0x8C, 0x01, 0x1E,
    0xBF, 0xE8, 0x05, 0x2A, 0xAF, 0x49, 0x81, 0xD5, 0x24, 0xD5, 0x49, 0x70, 0x13, 0x25, 0x3E, 0xA1,
    0x6C, 0x69, 0x72, 0xDA, 0x1E, 0xC4, 0x9A, 0x32, 0xF6, 0x53, 0x22, 0xB4, 0xB8, 0x68, 0x0A, 0x67,
    0x54, 0x91, 0x11, 0xAA, 0x47, 0x3D, 0x95, 0x3C, 0xC8, 0x52, 0xB5, 0x45, 0x2D, 0x39, 0x78, 0xAC,
    0x02, 0x31, 0x1D, 0xAC, 0xC3, 0xA4, 0xBB, 0x49, 0xBD, 0x6A, 0xC4, 0x01, 0xD9, 0x4A, 0x38, 0x73,
    0xAA, 0x3C, 0x32, 0x43, 0x12, 0x8B, 0x55, 0x61, 0xD1, 0xEB, 0x8C, 0xC3, 0x5D, 0x02, 0x90, 0xC8,
    0x70, 0x3F, 0xE8, 0x04, 0xCF, 0x3D, 0x05, 0x90, 0xD7, 0xA0, 0x04, 0xF4, 0x99, 0x3C, 0xE4, 0x6F,
    0xBA, 0xCD, 0x08, 0x71, 0x4B, 0x95, 0x42, 0x13, 0x14, 0x02, 0x04, 0xAA, 0xF0, 0xE9, 0x05, 0xC6,
    0x65, 0xAE, 0x82, 0x48, 0x6B, 0xB0, 0x09, 0x1E, 0x06, 0x6B, 0x9E, 0xB0, 0x40, 0x23, 0x31, 0xDF,
    0xF4, 0x02, 0xB5, 0x0E, 0x93, 0x6D, 0x27, 0x15, 0xAB, 0x1C, 0x02, 0x53, 0xC3, 0x9D, 0xD1, 0xE1,
    0xB2, 0x18, 0xBC, 0x60, 0xEB, 0xB2, 0x80, 0x49, 0x2A, 0xB3, 0x6F, 0x7C, 0x23, 0xE1, 0x61, 0x81,
    0x5A, 0x62, 0xF2, 0x7D, 0x4C, 0xE6, 0x17, 0x0B, 0xF0, 0x59, 0x20, 0x61, 0x42, 0xA4, 0xD4, 0x89,
    0x34, 0xB9, 0x05, 0x36, 0x67, 0x31, 0x95, 0xD8, 0x09, 0xB5, 0x04, 0xED, 0x4E, 0x9D, 0x49, 0xA0,
    0x1D, 0xE4, 0x0F, 0x79, 0x01, 0x5E, 0x75, 0x08, 0x48, 0x36, 0xA6, 0x00, 0xD9, 0x16, 0xB2, 0x54,
    0xF9, 0x4D, 0x32, 0x6B, 0x4B, 0x98, 0x89, 0xAE, 0x74, 0x2E, 0xCD, 0x0C, 0xE5, 0x72, 0x00, 0x6C,
    0xBC, 0xD4, 0x2F, 0x35, 0x17, 0x97, 0x44, 0xE5, 0x80, 0x26, 0x42, 0x0E, 0x9C, 0xD7, 0xFD, 0x3A,
    0xA2, 0x76, 0x68, 0xBD, 0x91, 0x88, 0xCE, 0x99, 0x15, 0xA7, 0xC2, 0x68, 0xA2, 0x9F, 0x95, 0x13,
    0xCC, 0x72, 0x79, 0x4D, 0x4E, 0x5F, 0x34, 0x1E, 0xCC, 0x06, 0x93, 0xA8, 0x42, 0x45, 0x5F, 0x29,
    0xCD, 0x12, 0xD9, 0x4D, 0x9A, 0xA0, 0x6A, 0x61, 0x20, 0x94, 0x54, 0x07, 0x93, 0x39, 0x54, 0xCE,
    0x63, 0x21, 0xAB, 0x54, 0x07, 0xF2, 0xA6, 0x9D, 0xF6, 0x54, 0xE8, 0xCD, 0x13, 0x15, 0x4D, 0x99,
    0x0E, 0xFE, 0x43, 0x5B, 0x91, 0x37, 0x64, 0x93, 0xF9, 0x00, 0x86, 0x91, 0x6A, 0x68, 0xB7, 0x65,
    0x50, 0x84, 0x80, 0x7A, 0x57, 0x50, 0x28, 0x4C, 0x0A, 0x94, 0x94, 0x84, 0x0A, 0x64, 0xE8, 0x98,
    0x25, 0x6A, 0x84, 0xB9, 0xD4, 0x25, 0x34, 0x4A, 0x18, 0x07, 0xA4, 0x7B, 0xC9, 0x8E, 0xCE, 0x40,
    0x1F, 0x9F, 0xFA, 0xEE, 0x01, 0xDA, 0x5D, 0x80, 0x6F, 0x3A, 0x7C, 0x24, 0xCF, 0x33, 0x46, 0x6D,
    0x40, 0x71, 0x34, 0x46, 0xDE, 0x89, 0x22, 0x00, 0xCC, 0xA4, 0x54, 0xE9, 0xB2, 0x24, 0x6C, 0x01,
    0xA9, 0x80, 0xE2, 0x40, 0x6E, 0x92, 0x31, 0xA4, 0x03, 0x4A, 0x80, 0xC2, 0xE0, 0x22, 0xAD, 0x40,
    0x01, 0x53, 0x04, 0x6D, 0x66, 0xD4, 0xB9, 0x90, 0x12, 0x66, 0x04, 0xCA, 0x40, 0x29, 0xB3, 0x20,
    0x1D, 0x54, 0x7F, 0x53, 0xA7, 0xC2, 0x69, 0x73, 0x2A, 0x64, 0xD8, 0x0B, 0xB7, 0x34, 0x84, 0x8D,
    0x9B, 0x30, 0x0A, 0xD2, 0x9F, 0x09, 0x09, 0x3C, 0xE9, 0x63, 0x7A, 0x9C, 0x82, 0x85, 0x03, 0xA1,
    0xC0, 0xC0, 0xC7, 0x20, 0xC7, 0xD0, 0x10, 0x74, 0x05, 0xCC, 0xE7, 0x24, 0x34, 0xA0, 0x2D, 0x24,
    0x9B, 0xF9, 0xD0, 0xB1, 0x54, 0x3C, 0x55, 0x12, 0x07, 0x45, 0x0D, 0x4C, 0x80, 0xDB, 0x2B, 0x30,
    0x14, 0xE5, 0x66, 0x01, 0x24, 0xA7, 0x34, 0x53, 0x8C, 0x4A, 0x88, 0x44, 0x69, 0x82, 0x42, 0x94,
    0x42, 0x22, 0x4A, 0x8B, 0x8A, 0x01, 0xAE, 0x40, 0xC5, 0x30, 0x76, 0xD4, 0x12, 0x39, 0x05, 0x8D,
    0xC3, 0xD3, 0x50, 0x30, 0xD0, 0x06, 0xB2, 0x00, 0xCC, 0x80, 0x57, 0x30, 0x4C, 0xD0, 0x0B, 0xB3,
    0xA8, 0x42, 0x40, 0x51, 0x3A, 0x84, 0xA4, 0xD6, 0x56, 0x06, 0x0C, 0x80, 0x51, 0x3A, 0x28, 0x26,
    0x25, 0x4E, 0x9B, 0x02, 0x4A, 0x7F, 0xEB, 0xA8, 0x17, 0x6A, 0x02, 0xEA, 0x85, 0x56, 0xE7, 0x06,
    0xA0, 0x38, 0x6E, 0x05, 0x99, 0x02, 0xA2, 0x43, 0xA4, 0x90, 0x7C, 0x6A, 0x38, 0x9A, 0x08, 0x6E,
    0x41, 0x39, 0x95, 0xDD, 0x18, 0xB4, 0x09, 0x8D, 0x01, 0x4F, 0x54, 0x92, 0xCC, 0x04, 0x95, 0xA8,
    0x03, 0xCA, 0x60, 0x20, 0xA0, 0x4D, 0xA6, 0x92, 0xDA, 0x02, 0xA6, 0x81, 0x2F, 0xA5, 0xD8, 0x25,
    0x95, 0x0A, 0x4C, 0xC1, 0xBB, 0x49, 0xB1, 0x8A, 0xE6, 0x01, 0x79, 0x24, 0x1E, 0x46, 0x0E, 0x94,
    0xE8, 0x25, 0xF5, 0x2F, 0x54, 0xE8, 0x54, 0x30, 0xA5, 0xCC, 0x1C, 0x92, 0x9D, 0x01, 0x56, 0x40,
    0xB7, 0x90, 0x56, 0xA7, 0x44, 0x9A, 0x51, 0x4B, 0xA9, 0x20, 0x5C, 0xCA, 0x35, 0x4B, 0x8B, 0x00,
    0xF6, 0x74, 0x5A, 0x1D, 0x12, 0x86, 0x03, 0x59, 0x99, 0x36, 0xC7, 0x80, 0x98, 0x47, 0x29, 0x4D,
    0x8B, 0x53, 0x8C, 0x03, 0x20, 0x42, 0xC8, 0x03, 0x92, 0x01, 0x04, 0xC0, 0xB3, 0x20, 0x3A, 0x4A,
    0x99, 0x1A, 0x20, 0xB4, 0xA8, 0x60, 0x38, 0x91, 0x86, 0x24, 0x0A, 0xFA, 0x46, 0xA9, 0xA0, 0x6E,
    0x90, 0x25, 0x64, 0x70, 0xA9, 0x02, 0x6A, 0x53, 0x60, 0xC5, 0xD0, 0x20, 0x92, 0x02, 0x1C, 0xC2,
    0x97, 0x30, 0x19, 0x50, 0x11, 0x93, 0x02, 0x2C, 0x81, 0x7B, 0x23, 0xA9, 0xD0, 0x06, 0x54, 0x04,
    0x6C, 0xC0, 0x8B, 0x4A, 0x34, 0x0E, 0x9F, 0x2A, 0x02, 0x3C, 0xA1, 0x40, 0x38, 0xAD, 0x1B, 0xB2,
    0x19, 0x89, 0x05, 0x5A, 0x54, 0x4A, 0x1D, 0x1A, 0x69, 0x4F, 0x95, 0x00, 0xFB, 0x53, 0x9A, 0x35,
    0x0E, 0x8F, 0x03, 0xA8, 0x00, 0x52, 0x55, 0x08, 0x55, 0x2E, 0x2C, 0x64, 0xE9, 0xD1, 0xFB, 0x29,
    0xBA, 0x94, 0xD2, 0xA1, 0x2A, 0x02, 0x35, 0xFF, 0xD3, 0xAA, 0x3D, 0x0C, 0xCE, 0x32, 0x02, 0x3C,
    0x80, 0x8D, 0x30, 0x22, 0xCC, 0x35, 0x72, 0x01, 0xF4, 0xA9, 0xF0, 0xA2, 0x2C, 0xD0, 0x19, 0x94,
    0x17, 0x5C, 0xC1, 0x9B, 0x30, 0x38, 0xD6, 0x9A, 0x06, 0x79, 0x53, 0xA3, 0x55, 0x08, 0x50, 0x33,
    0x66, 0x0C, 0xCC, 0x02, 0xB6, 0x81, 0xD1, 0xA8, 0x81, 0x6C, 0x16, 0xDA, 0x03, 0x32, 0xC2, 0xC7,
    0xA0, 0x33, 0x66, 0x20, 0x5A, 0x88, 0x12, 0xC0, 0xCC, 0xF8, 0x1E, 0xE4, 0x94, 0x79, 0x81, 0xCE,
    0x60, 0xCC, 0xB9, 0xA3, 0xEA, 0x0C, 0xCA, 0x9A, 0x36, 0x60, 0xCA, 0x91, 0xF8, 0x24, 0x0C, 0xCB,
    0x82, 0x6A, 0x60, 0xCA, 0x94, 0x02, 0x88, 0x09, 0xAA, 0x02, 0x66, 0xF4, 0x40, 0x41, 0xCA, 0x8A,
    0x09, 0xAB, 0x00, 0x96, 0x61, 0x28, 0xB8, 0x25, 0x2A, 0x08, 0xDD, 0x5D, 0x81, 0x11, 0x30, 0x65,
    0xE5, 0x49, 0x35, 0x06, 0xF4, 0xC1, 0x9B, 0x70, 0x66, 0x58, 0x08, 0x56, 0x07, 0xEE, 0x40, 0x89,
    0x30, 0x0B, 0x4C, 0x1F, 0xB9, 0x0F, 0x55, 0x27, 0x14, 0x59, 0xA0, 0x11, 0x25, 0x00, 0x06, 0x65,
    0x27, 0x40, 0xCC, 0xA8, 0x25, 0x26, 0x0C, 0xD9, 0xD1, 0x28, 0x74, 0x50, 0x66, 0x60, 0x05, 0xF2,
    0x06, 0x6F, 0xC1, 0x9B, 0x40, 0x66, 0x7C, 0x19, 0x9F, 0x06, 0x66, 0x47, 0xEF, 0x50, 0xCD, 0x5F,
    0xFD, 0x76, 0x03, 0x5D, 0x01, 0x8F, 0x80, 0x62, 0xD8, 0x32, 0x55, 0x05, 0xBC, 0x95, 0xFF, 0x50,
    0xC7, 0xD6, 0x37, 0x01, 0x52, 0x85, 0x6D, 0xA3, 0x1D, 0x94, 0xFE, 0xB4, 0x18, 0x49, 0x86, 0x5E,
    0xA3, 0x66, 0xA0, 0x66, 0x69, 0x47, 0x19, 0x04, 0xAA, 0x12, 0x94, 0x43, 0xCC, 0x5A, 0x74, 0x4B,
    0xF4, 0x85, 0xA7, 0x30, 0x54, 0x48, 0x5A, 0x94, 0x16, 0x9E, 0x8B, 0x55, 0x21, 0x69, 0xD4, 0x5A,
    0x59, 0x05, 0x05, 0x83, 0x47, 0x61, 0x6A, 0x6A, 0xEA, 0x2D, 0x49, 0x82, 0x46, 0x60, 0x9E, 0x98,
    0xF2, 0x77, 0x3F, 0x8A, 0x8B, 0x76, 0xF4, 0x8A, 0xB8, 0xF3, 0x26, 0x0A, 0x3A, 0x5D, 0x29, 0xB1,
    0x51, 0x6F, 0x7C, 0x21, 0xB3, 0x12, 0x5F, 0xC0, 0xCF, 0xBF, 0xF4, 0x02, 0xDA, 0x06, 0x79, 0x09,
    0x4A, 0xAB, 0x81, 0xA8, 0x1A, 0x6E, 0x43, 0x69, 0x8B, 0x9F, 0x20, 0x27, 0xB8, 0xC1, 0x2D, 0x76,
    0x0A, 0x34, 0xC4, 0x49, 0x50, 0x25, 0x78, 0x5D, 0xF4, 0x02, 0x56, 0xC5, 0xE3, 0x4B, 0xA0, 0xBC,
    0x72, 0x1A, 0x49, 0x0B, 0xCA, 0x63, 0x0D, 0xD0, 0xE0, 0xBE, 0x02, 0xBA, 0x82, 0x12, 0x60, 0xBA,
    0xCC, 0xFE, 0xB5, 0x48, 0x05, 0x7C, 0x80, 0x97, 0x21, 0x4C, 0xD0, 0x5F, 0x53, 0x05, 0xB5, 0x80,
    0x59, 0x20, 0x57, 0x48, 0x5F, 0x73, 0x03, 0xBD, 0x80, 0x19, 0x31, 0x7D, 0xF4, 0x5F, 0x54, 0x03,
    0xDC, 0x88, 0xAD, 0x28, 0x90, 0x1A, 0xE4, 0x07, 0xE9, 0x81, 0x66, 0x5F, 0xE8, 0x00, 0x16, 0xAB,
    0x3F, 0x8A, 0x8C, 0x06, 0x61, 0x4A, 0xA0, 0xC0, 0xAC, 0x1B, 0xA9, 0x81, 0x7E, 0x81, 0x4C, 0x91,
    0xCE, 0x6A, 0x30, 0x4B, 0x9C, 0xDE, 0x63, 0x05, 0x98, 0xC1, 0x2E, 0x37, 0x2A, 0x0C, 0x16, 0x43,
    0x04, 0x92, 0x1C, 0xE6, 0x30, 0x4A, 0x0C, 0x0F, 0x62, 0xA3, 0xA8, 0xD8, 0x6A, 0x06, 0x6E, 0x80,
    0xDE, 0x83, 0x0C, 0xB0, 0x2D, 0xE8, 0x09, 0x5A, 0x01, 0x9E, 0x60, 0x50, 0xA8, 0x1F, 0xE7, 0x1B,
    0x83, 0x2E, 0x2E, 0x40, 0xAD, 0xB4, 0xFC, 0x20, 0x53, 0x92, 0x01, 0x2A, 0xB4, 0xF9, 0x48, 0xEC,
    0xB9, 0x73, 0x18, 0xCD, 0x40, 0x6B, 0x31, 0x8D, 0x7C, 0x63, 0x36, 0xBB, 0x01, 0xF2, 0x60, 0x42,
    0xAA, 0x58, 0xF0, 0x24, 0xBC, 0xDD, 0x86, 0x31, 0x91, 0x25, 0x7C, 0x29, 0x13, 0x0C, 0xCD, 0x44,
    0x95, 0x50, 0xA9, 0xD4, 0x04, 0x95, 0x02, 0x7C, 0x83, 0x13, 0xCA, 0x7C, 0xA4, 0x0C, 0x79, 0x12,
    0x9D, 0x41, 0x9D, 0x82, 0x3F, 0x50, 0x68, 0x36, 0x13, 0x7C, 0x86, 0x47, 0x51, 0x91, 0x78, 0x4A,
    0xB6, 0x19, 0x0D, 0x44, 0x99, 0x21, 0x91, 0x60, 0x44, 0x73, 0x19, 0x0D, 0x04, 0xA9, 0x70, 0x9E,
    0x4C, 0x1C, 0x36, 0x04, 0x6E, 0x46, 0x55, 0x51, 0x2E, 0x6C, 0x1C, 0x16, 0x02, 0x04, 0x84, 0xBD,
    0xF1, 0x2F, 0x6D, 0x2B, 0xD3, 0x19, 0x5F, 0x44, 0xBB, 0x70, 0x25, 0x54, 0x4B, 0xB9, 0x06, 0xFF,
    0x53, 0x03, 0x50, 0x1C, 0x64, 0x1C, 0x3C, 0x9B, 0x89, 0x9A, 0x63, 0x34, 0xB0, 0x99, 0xE8, 0x28,
    0xC9, 0x8C, 0xD6, 0xE3, 0x34, 0xA8, 0xDD, 0x38, 0x26, 0x7F, 0x89, 0x9F, 0x49, 0x95, 0xAF, 0xFA,
    0x72, 0x26, 0x8D, 0x8D, 0xF2, 0xA2, 0x0D, 0x90, 0x13, 0x24, 0x0A, 0x79, 0x42, 0x82, 0xD3, 0x90,
    0xE1, 0xE8, 0x81, 0x9E, 0x04, 0x35, 0xC4, 0xF1, 0x50, 0x78, 0xEA, 0xEE, 0x40, 0x7B, 0x83, 0xBB,
    0x44, 0x07, 0xA0, 0x1D, 0xAB, 0xFE, 0x80, 0x01, 0xDE, 0xA2, 0x76, 0xF9, 0x2D, 0xA6, 0x0E, 0xFB,
    0x8D, 0x0A, 0xE3, 0x41, 0xB8, 0xFB, 0x6A, 0x34, 0x2C, 0x06, 0x7A, 0x43, 0x40, 0xA0, 0xB7, 0xE5,
    0x45, 0x91, 0x02, 0xB2, 0x62, 0xF6, 0xA0, 0xF5, 0xB2, 0x26, 0xDA, 0x5A, 0x4C, 0xB1, 0x20, 0x30,
    0x54, 0x07, 0x12, 0x07, 0x4D, 0x22, 0xF4, 0xFA, 0xC4, 0x1A, 0x48, 0x87, 0x69, 0x4D, 0xBA, 0x70,
    0x8F, 0x0D, 0x86, 0x07, 0x27, 0x89, 0x4E, 0x6E, 0x90, 0xB9, 0x0D, 0x92, 0x02, 0x67, 0x2A, 0xFF,
    0xA0, 0x06, 0x73, 0xA9, 0x9C, 0x67, 0x60, 0x80, 0x8C, 0x46, 0x64, 0x27, 0xC8, 0x5E, 0x64, 0x47,
    0xD9, 0x97, 0x66, 0x40, 0xF4, 0xA8, 0x9A, 0xA8, 0x30, 0xBA, 0xEC, 0x80, 0x8F, 0x50, 0x1D, 0x4C,
    0x0D, 0xD3, 0x10, 0x04, 0x81, 0xCD, 0x61, 0xA5, 0xD4, 0x23, 0xD8, 0x1C, 0x6C, 0x81, 0xBB, 0x28,
    0x57, 0xFA, 0x74, 0x0D, 0x89, 0x84, 0xB6, 0x60, 0x04, 0x97, 0x98, 0x3E, 0x12, 0x01, 0x34, 0x80,
    0x4B, 0x8F, 0x70, 0x08, 0xA6, 0x74, 0xC9, 0x45, 0x8C, 0x5B, 0x28, 0xBC, 0x6A, 0x20, 0x64, 0xFD,
    0x85, 0x1E, 0x71, 0x48, 0xB1, 0x85, 0xBF, 0xFE, 0x80, 0x45, 0xE3, 0x06, 0x0D, 0xC9, 0x83, 0x2E,
    0x03, 0xA9, 0x18, 0xDE, 0xE0, 0xD1, 0xBC, 0x00, 0x67, 0x74, 0xB8, 0xC6, 0xA2, 0x81, 0xC6, 0x9A,
    0x1A, 0x64, 0x32, 0xBA, 0x07, 0x22, 0xE0, 0x38, 0x90, 0x2D, 0x24, 0x58, 0x9A, 0x95, 0x5A, 0xC5,
    0x89, 0xA1, 0x4A, 0x2A, 0x35, 0x2F, 0x98, 0x86, 0x40, 0xD9, 0x90, 0xA6, 0xE8, 0x29, 0xA9, 0x87,
    0x2A, 0xE3, 0x50, 0xA9, 0x89, 0x34, 0x03, 0x09, 0x80, 0xD6, 0x64, 0x90, 0x90, 0xD4, 0x30, 0x02,
    0x89, 0x8D, 0x47, 0x61, 0x0D, 0x99, 0xFF, 0xE9, 0x15, 0x10, 0xAC, 0x86, 0x9D, 0x21, 0xA9, 0x4C,
    0xC4, 0xB8, 0x07, 0x0D, 0x01, 0x03, 0xF1, 0xA8, 0x74, 0x27, 0xD3, 0xA7, 0x46, 0x69, 0xB1, 0x5A,
    0x28, 0xA8, 0xA4, 0x0D, 0x19, 0x0D, 0x4A, 0x46, 0x2F, 0xD8, 0x90, 0x6A, 0x07, 0x4A, 0x8E, 0xE3,
    0xE2, 0x2E, 0xA9, 0x68, 0xF6, 0x35, 0x0C, 0x04, 0xFE, 0x83, 0x4E, 0x98, 0xA1, 0xE6, 0x02, 0x79,
    0x97, 0xF2, 0x60, 0x26, 0xA8, 0xD4, 0x66, 0x6A, 0x7B, 0x81, 0x2F, 0xC3, 0x51, 0xE0, 0x2E, 0x28,
    0x35, 0x19, 0x8A, 0x8E, 0x44, 0x90, 0xA0, 0xA6, 0x68, 0x64, 0x4D, 0x80, 0x9A, 0x84, 0xCB, 0x99,
    0x79, 0xE8, 0x28, 0x3A, 0x5D, 0x86, 0xA3, 0x70, 0xC9, 0x74, 0x40, 0x59, 0x32, 0x65, 0xC0, 0xA3,
    0x73, 0x1F, 0x54, 0x6A, 0x39, 0x1A, 0x85, 0x40, 0xF5, 0x51, 0xAF, 0x50, 0x62, 0x96, 0x58, 0x35,
    0x06, 0xA5, 0xA0, 0xF4, 0x64, 0xCA, 0x95, 0x02, 0xF4, 0x86, 0xA5, 0x81, 0xA8, 0xF0, 0x1C, 0xD2,
    0x17, 0xCC, 0xCC, 0xAD, 0x31, 0x07, 0xC8, 0x6A, 0x34, 0x32, 0xA4, 0xC6, 0xA7, 0x31, 0xA8, 0x6C,
    0x0C, 0x73, 0x1A, 0x8D, 0x8C, 0x29, 0x20, 0x62, 0x48, 0x07, 0xF2, 0x05, 0xCD, 0x88, 0x61, 0x30,
    0xC5, 0x70, 0x81, 0x5B, 0x03, 0x65, 0x46, 0xA1, 0xD3, 0x83, 0xCC, 0x15, 0x9D, 0x1A, 0x86, 0x40,
    0xCF, 0x30, 0x65, 0xE0, 0x10, 0x12, 0x33, 0x56, 0x41, 0x7F, 0x53, 0x29, 0xD4, 0x81, 0x38, 0xBB,
    0x8D, 0x43, 0xA2, 0x5C, 0xA9, 0x02, 0x28, 0x17, 0x0A, 0x0E, 0x9A, 0xA1, 0x87, 0x99, 0x9A, 0xEA,
    0x66, 0x9B, 0x9E, 0x92, 0xA1, 0x89, 0x98, 0xD4, 0x6E, 0x66, 0xAD, 0x0D, 0x46, 0x83, 0xBA, 0xF8,
    0xD4, 0xAE, 0x26, 0x29, 0x97, 0x3A, 0x60, 0xD0, 0xA0, 0x3F, 0x28, 0x18, 0x0B, 0x19, 0xD7, 0x05,
    0xA9, 0x98, 0xD4, 0xB4, 0x63, 0x2C, 0x06, 0x06, 0xE6, 0x76, 0xB9, 0x9D, 0x2A, 0x2E, 0x39, 0x99,
    0xDB, 0xE0, 0x93, 0xA8, 0x4F, 0xBA, 0x63, 0x5A, 0x8D, 0x53, 0xE0, 0xE3, 0xA0, 0x10, 0xA4, 0x34,
    0x2A, 0x02, 0x76, 0x46, 0xA0, 0xC1, 0x6D, 0x3C, 0x11, 0x9A, 0x0B, 0x82, 0x65, 0x8B, 0x90, 0xC7,
    0x64, 0x30, 0x5A, 0x0D, 0x57, 0x03, 0x8F, 0xB1, 0x32, 0xEA, 0x07, 0xAE, 0x9A, 0x1B, 0x20, 0x39,
    0xA8, 0x39, 0xB5, 0x38, 0x34, 0x4F, 0x40, 0x81, 0x31, 0xA9, 0xDC, 0x31, 0x72, 0x2D, 0xE5, 0x00,
    0x8D, 0x81, 0xA9, 0xC8, 0x17, 0xB2, 0x1A, 0xA4, 0xE7, 0x43, 0x54, 0xC8, 0x02, 0x24, 0x5B, 0xDF,
    0xCE, 0x8B, 0xBF, 0x50, 0x28, 0xE0, 0xD1, 0x77, 0x04, 0x3F, 0xC3, 0x8D, 0x51, 0xAA, 0x68, 0x10,
    0xB3, 0x12, 0xB4, 0x81, 0x0D, 0x40, 0x42, 0xD0, 0xBB, 0x12, 0x07, 0xD5, 0xC8, 0x97, 0xB0, 0x7C,
    0x50, 0x3D, 0xB6, 0x3D, 0x15, 0x84, 0x35, 0x61, 0x40, 0xFC, 0x05, 0x34, 0x14, 0x05, 0x88, 0x95,
    0xD0, 0x7B, 0x5C, 0x24, 0x33, 0x1A, 0xEE, 0x4D, 0x3F, 0xD0, 0x19, 0xCC, 0xD3, 0xF7, 0x2F, 0x25,
    0x07, 0xB1, 0x63, 0x4F, 0xD4, 0x6C, 0x52, 0x07, 0xA5, 0x8B, 0xA1, 0xF0, 0xEC, 0x54, 0x69, 0x73,
    0x05, 0xD7, 0x04, 0x6F, 0x70, 0x9B, 0xD0, 0x1E, 0xB5, 0x07, 0xA7, 0xC7, 0xF3, 0x90, 0xE8, 0x50,
    0x1E, 0xB4, 0x1F, 0xBD, 0x41, 0x49, 0x33, 0x54, 0xFC, 0x52, 0x7F, 0x1B, 0x25, 0x4F, 0x5D, 0xC1,
    0x4A, 0xD8, 0x7A, 0xD4, 0x9B, 0x9B, 0xE6, 0xA4, 0x4B, 0xC8, 0x3D, 0xAA, 0x20, 0x9A, 0x1A, 0xCF,
    0x00, 0x48, 0xA9, 0xAD, 0x66, 0x44, 0xBC, 0x03, 0xDA, 0x41, 0x95, 0x91, 0xAD, 0x3E, 0x6B, 0x4C,
    0x01, 0x4A, 0x60, 0xF5, 0xD8, 0x05, 0x67, 0x50, 0x85, 0x03, 0xDE, 0x80, 0x89, 0x94, 0x6A, 0x20,
    0x08, 0xAB, 0x98, 0xD6, 0x40, 0xF8, 0x93, 0x5C, 0xAA, 0x28, 0xE9, 0x8D, 0xCE, 0x66, 0x13, 0xCD,
    0x51, 0x48, 0xD3, 0x28, 0x25, 0x40, 0x95, 0x28, 0xD4, 0x50, 0x35, 0xF4, 0x00, 0xA4, 0xA8, 0x92,
    0x24, 0xCD, 0xCC, 0xBC, 0x53, 0x0D, 0x75, 0xC4, 0x4B, 0x30, 0xD1, 0xD4, 0x54, 0x73, 0x11, 0x25,
    0x40, 0x41, 0x29, 0x8D, 0x52, 0x43, 0x4F, 0x15, 0x2D, 0x2A, 0x92, 0x50, 0x03, 0x4A, 0x6A, 0x20,
    0x2B, 0x49, 0x6A, 0x92, 0x11, 0x16, 0xCC, 0x4A, 0xB3, 0x0C, 0x57, 0xC4, 0x0B, 0x90, 0x23, 0xD4,
    0x21, 0xB2, 0x9A, 0xD5, 0x27, 0xA1, 0xC3, 0xA2, 0x5D, 0xAA, 0x03, 0xAA, 0x8B, 0x67, 0x44, 0x90,
    0xA8, 0xB6, 0xAE, 0x36, 0x39, 0x8E, 0x02, 0x82, 0xD8, 0x9C, 0xD4, 0x5B, 0x3F, 0x16, 0xCD, 0x14,
    0xD3, 0x26, 0xF2, 0x4C, 0x44, 0xB2, 0xAB, 0xD2, 0xE6, 0xB5, 0x49, 0x0D, 0x52, 0x4A, 0x07, 0x7A,
    0x4D, 0x45, 0xB3, 0x2B, 0x13, 0x79, 0xA5, 0x3B, 0x16, 0xC5, 0x2D, 0x94, 0x3B, 0x60, 0x1C, 0xA7,
    0x45, 0x91, 0x51, 0x6A, 0xE6, 0xFB, 0x95, 0x5E, 0x9B, 0x35, 0x09, 0x6C, 0x9B, 0xE9, 0x2A, 0x23,
    0x7D, 0x26, 0x18, 0xF9, 0x53, 0x23, 0x20, 0xCE, 0x95, 0xB2, 0x8A, 0x3C, 0x29, 0x27, 0x9A, 0xA6,
    0xF1, 0x98, 0x0F, 0xA5, 0x35, 0x1D, 0xF5, 0x42, 0x07, 0x23, 0x88, 0x54, 0x0E, 0x72, 0x08, 0x2F,
    0xC6, 0x83, 0x29, 0xCD, 0x2E, 0x6A, 0x54, 0xCD, 0x01, 0xBA, 0xEB, 0x1B, 0x95, 0x36, 0x2A, 0x06,
    0xE9, 0x4E, 0x40, 0x6B, 0x2B, 0xB5, 0x2E, 0x2A, 0x02, 0x09, 0x00, 0xB6, 0x40, 0x2C, 0xA8, 0x02,
    0x25, 0x00, 0xA7, 0x00, 0x16, 0x43, 0xEA, 0xA0, 0x1A, 0x6C, 0x3A, 0x0F, 0xD0, 0xC3, 0xA3, 0x2A,
    0x15, 0x5C, 0x68, 0x78, 0x90, 0x80, 0xFA, 0x60, 0x6B, 0xA8, 0xE8, 0xE8, 0xB2, 0x9B, 0x0F, 0xD6,
    0x69, 0x0A, 0xA2, 0xCB, 0x65, 0x45, 0xAB, 0xD1, 0x2A, 0xE3, 0x46, 0xC1, 0xBF, 0xEB, 0x39, 0xA2,
    0x5E, 0x53, 0x43, 0x20, 0x72, 0xD7, 0x15, 0x44, 0x20, 0x94, 0x8C, 0xB5, 0x30, 0x56, 0x4C, 0x1B,
    0x35, 0x1C, 0x4D, 0x43, 0xBD, 0x29, 0x88, 0x25, 0xA5, 0x75, 0x07, 0x6D, 0x47, 0x1B, 0x50, 0x71,
    0xF4, 0x0E, 0x73, 0x0B, 0x8D, 0x47, 0x75, 0xC0, 0x3A, 0x4C, 0x3E, 0x52, 0x18, 0xDD, 0x01, 0xC5,
    0xC5, 0x1E, 0x4C, 0x77, 0xB4, 0x08, 0xD5, 0x87, 0x7D, 0x53, 0x87, 0xE8, 0x0F, 0x33, 0x45, 0xD5,
    0x04, 0xA5, 0xDA, 0x15, 0x9A, 0x87, 0x66, 0x0F, 0x2C, 0xB3, 0x0D, 0xCE, 0xA0, 0x24, 0x65, 0x54,
    0x90, 0x81, 0xE2, 0x80, 0x4E, 0x9C, 0xDD, 0xB9, 0xF2, 0x80, 0x50, 0x9B, 0xA3, 0x20, 0x1B, 0xCD,
    0x4B, 0x33, 0xA1, 0x6C, 0x68, 0x7B, 0x1A, 0x25, 0x9A, 0x8B, 0x66, 0x17, 0x25, 0x33, 0x00, 0xE9,
    0x96, 0x60, 0x1D, 0x34, 0xD2, 0xD1, 0x34, 0xA0, 0x77, 0x90, 0x2D, 0xA4, 0x0E, 0x79, 0x6C, 0x68,
    0xA5, 0x61, 0x90, 0x3A, 0x2C, 0xAB, 0xA9, 0x03, 0xA2, 0xA0, 0xBC, 0x98, 0x3A, 0x72, 0x07, 0x99,
    0x81, 0xD3, 0xE0, 0xE8, 0x98, 0x06, 0xE6, 0x48, 0x0C, 0x01, 0xCE, 0x80, 0x02, 0x90, 0x26, 0x24,
    0x44, 0x69, 0x82, 0xE6, 0x60, 0xD5, 0xE8, 0xA9, 0xEC, 0x05, 0x39, 0x1C, 0x6A, 0x60, 0xEC, 0x94,
    0x00, 0x06, 0x72, 0x11, 0xFD, 0x00, 0x89, 0x3A, 0x84, 0xA4, 0x1F, 0x9B, 0x07, 0xDD, 0xC1, 0x81,
    0x21, 0xD8, 0xC8, 0x07, 0xD3, 0xA1, 0xE6, 0x1B, 0xA9, 0x26, 0xE7, 0xD6, 0x6A, 0xA3, 0x1C, 0x81,
    0xE6, 0x4B, 0x45, 0xB0, 0x3C, 0x6A, 0x52, 0x2A, 0x66, 0x28, 0x8E, 0x5D, 0x95, 0x17, 0x96, 0x07,
    0x69, 0x72, 0xE9, 0xA7, 0x21, 0xA9, 0x49, 0x6E, 0x03, 0x39, 0x14, 0x8E, 0x60, 0x77, 0xA8, 0x1D,
    0xAA, 0x05, 0x79, 0x88, 0xEA, 0x60, 0x39, 0x98, 0x28, 0x68, 0x63, 0xCB, 0x81, 0xE6, 0x40, 0x40,
    0x98, 0x3C, 0x66, 0x3D, 0xCE, 0x98, 0xFF, 0x81, 0x6A, 0x91, 0xFF, 0xA8, 0x16, 0x7C, 0x05, 0x9A,
    0x60, 0x9E, 0x98, 0x59, 0xEE, 0x1D, 0x69, 0x06, 0x5B, 0xE0, 0x7C, 0x92, 0xBF, 0x6C, 0xC9, 0xA9,
    0x85, 0xB6, 0xA2, 0xD8, 0xFC, 0x54, 0x33, 0x15, 0x07, 0x77, 0x02, 0x45, 0x30, 0x17, 0xD0, 0x05,
    0xDB, 0x06, 0xEF, 0x42, 0x45, 0x40, 0xE3, 0xF0, 0x1B, 0xB5, 0x21, 0xEF, 0xC0, 0x5D, 0x51, 0xA3,
    0xE4, 0x0B, 0xF4, 0x9B, 0x8E, 0xF7, 0x2B, 0xBD, 0x9D, 0x36, 0x2A, 0x3B, 0xE9, 0x8B, 0x12, 0xA0,
    0xD6, 0xB1, 0xC3, 0xB6, 0x03, 0xE9, 0x0B, 0x06, 0xE0, 0xA7, 0xB1, 0xC3, 0x28, 0x1D, 0xCD, 0x24,
    0x62, 0xC2, 0xBE, 0x90, 0x1C, 0x3E, 0x07, 0x0A, 0x01, 0x02, 0x63, 0xB4, 0xA0, 0x2F, 0xE4, 0x07,
    0x1C, 0x81, 0xC2, 0x87, 0x0A, 0xB8, 0x81, 0xE8, 0xD3, 0xA9, 0x95, 0xCA, 0x41, 0xBB, 0xA0, 0x35,
    0xA4, 0x0D, 0x0C, 0x8A, 0x9E, 0x60, 0xD0, 0xF8, 0xA9, 0xFE, 0x0D, 0x09, 0x01, 0x3A, 0x61, 0xC3,
    0xC8, 0x0A, 0xEE, 0x0C, 0xBC, 0x94, 0xEA, 0xED, 0x95, 0xA0, 0x8D, 0x30, 0x70, 0x2A, 0x42, 0xED,
    0x61, 0x75, 0x94, 0xAB, 0x51, 0x3C, 0xA6, 0x4B, 0x7A, 0xD3, 0xFA, 0x79, 0xC0, 0xA7, 0xFE, 0x80,
    0x49, 0x36, 0x27, 0x02, 0xFD, 0x5C, 0x01, 0x52, 0x6B, 0xB5, 0xCE, 0x05, 0x51, 0xF0, 0x4C, 0xB1,
    0xDD, 0x10, 0x44, 0xD3, 0x77, 0x49, 0xA8, 0x91, 0xE5, 0x00, 0x47, 0x1D, 0x4B, 0x1F, 0x4B, 0xB8,
    0x81, 0x66, 0x56, 0xA9, 0x95, 0xBE, 0x9E, 0xD0, 0xFD, 0xCC, 0x69, 0x55, 0x6A, 0xB5, 0xA6, 0x44,
    0xA8, 0x94, 0x52, 0x86, 0xD4, 0xD9, 0x50, 0xC0, 0x13, 0x20, 0x05, 0xC8, 0x43, 0xB4, 0x69, 0x84,
    0xA6, 0x2F, 0xBE, 0x99, 0x46, 0xE5, 0xED, 0x69, 0x8C, 0x88, 0x19, 0x25, 0xD2, 0xD6, 0xD5, 0x0D,
    0xB4, 0xC3, 0x4D, 0xFF, 0x39, 0x07, 0xC6, 0x65, 0x50, 0x82, 0x40, 0x6B, 0xB0, 0x0B, 0x54, 0x42,
    0x47, 0xD2, 0x9A, 0xDF, 0x20, 0xF0, 0x13, 0x7C, 0x4E, 0x49, 0xF1, 0x9B, 0x54, 0x21, 0x10, 0x1B,
    0x0C, 0x02, 0xD3, 0x10, 0x93, 0xF4, 0xA7, 0x37, 0xC8, 0x5C, 0x06, 0xC8, 0x00, 0x99, 0x35, 0x8F,
    0xBF, 0xE8, 0x05, 0x6E, 0x03, 0x3D, 0xDA, 0xC6, 0x63, 0x92, 0x6A, 0x84, 0xE2, 0x07, 0x0A, 0xD8,
    0xD8, 0xC1, 0xA3, 0x29, 0x4D, 0x42, 0x77, 0x67, 0x86, 0xD8, 0x6D, 0xF0, 0x22, 0x45, 0xDE, 0x8F,
    0x43, 0xA8, 0x0A, 0x66, 0x44, 0x1C, 0xA8, 0xAC, 0x24, 0x39, 0x99, 0x55, 0x26, 0xFF, 0xEF, 0x45,
    0x52, 0x6C, 0x48, 0x49, 0xCA, 0xFE, 0xA0, 0x71, 0x94, 0xDE, 0x89, 0x81, 0x46, 0xE4, 0xB0, 0x28,
    0xB0, 0x98, 0x33, 0xE5, 0x33, 0xAA, 0x48, 0xC3, 0x2B, 0x49, 0x38, 0x04, 0xA5, 0x75, 0x00, 0x14,
    0xA4, 0x61, 0xB3, 0x98, 0x15, 0x69, 0x22, 0x95, 0xFD, 0xC1, 0xB1, 0xF0, 0x4C, 0xCC, 0x1B, 0x34,
    0x99, 0x55, 0x05, 0x6D, 0x42, 0x48, 0x4E, 0xA9, 0x37, 0xAA, 0x4F, 0xC4, 0xD3, 0x27, 0xDC, 0xCE,
    0x76, 0xFA, 0xF9, 0x84, 0x0A, 0x53, 0xE5, 0x99, 0x5E, 0xB7, 0x0F, 0x9E, 0xC1, 0xAA, 0x93, 0xF0,
    0x54, 0xCE, 0x84, 0x35, 0x99, 0x1C, 0x2F, 0x1E, 0xC0, 0x70, 0xCE, 0x9C, 0x06, 0x59, 0x00, 0xCA,
    0x53, 0xEA, 0xA4, 0xD9, 0xBB, 0x33, 0x03, 0x54, 0xC6, 0x35, 0xE3, 0x83, 0x48, 0x07, 0x12, 0x17,
    0xA4, 0xAA, 0x92, 0x3A, 0xA4, 0x9C, 0x27, 0xB4, 0x9B, 0xFF, 0xBD, 0x60, 0x63, 0x90, 0xB2, 0xE8,
    0x02, 0xC9, 0x81, 0x96, 0x60, 0x2D, 0x98, 0x0A, 0x25, 0xED, 0x02, 0xCD, 0xA6, 0xCD, 0xE3, 0x9D,
    0x6C, 0x11, 0x52, 0x9E, 0xED, 0x45, 0x09, 0xF6, 0x9E, 0xE2, 0x46, 0x1A, 0x7B, 0x4C, 0xC0, 0xB9,
    0x4F, 0x50, 0x15, 0xA4, 0x67, 0x3A, 0x01, 0x57, 0x3F, 0xEF, 0x68, 0x09, 0x69, 0x3E, 0x01, 0x7C,
    0x80, 0x9B, 0x40, 0x49, 0x4A, 0x41, 0x50, 0x89, 0x01, 0x43, 0xE7, 0x0C, 0xD8, 0xF5, 0x26, 0x18,
    0xFB, 0x0D, 0xA6, 0x83, 0x58, 0x94, 0xC4, 0x05, 0x92, 0x9A, 0x00, 0xB2, 0x60, 0xB9, 0xA4, 0xD6,
    0x89, 0xB1, 0x05, 0xCC, 0xB6, 0x20, 0xB9, 0xA8, 0xEF, 0xAA, 0x35, 0x5B, 0x06, 0x66, 0xC0, 0x38,
    0xA4, 0x80, 0x17, 0x1F, 0x13, 0x0E, 0x41, 0xA3, 0x31, 0xAA, 0xCC, 0x32, 0x14, 0xF5, 0xD5, 0x27,
    0x80, 0x82, 0xE4, 0xF4, 0x0B, 0x53, 0x1A, 0x9D, 0xBD, 0x83, 0x4B, 0xA9, 0x8E, 0x66, 0x02, 0x89,
    0x4F, 0x03, 0xD3, 0x50, 0x2E, 0xFC, 0x0B, 0xB4, 0x81, 0xD0, 0x9A, 0xC9, 0xD1, 0xA8, 0x69, 0xDE,
    0x5C, 0x03, 0x15, 0x02, 0x15, 0x30, 0x48, 0x50, 0xB0, 0x53, 0x4E, 0x74, 0x80, 0x69, 0x50, 0x18,
    0xD0, 0xBA, 0x56, 0x01, 0x8C, 0xC1, 0x73, 0xF0, 0x5C, 0xE0, 0x7F, 0x35, 0x03, 0x24, 0xC5, 0x83,
    0x41, 0xA0, 0x4C, 0x07, 0x13, 0x58, 0x36, 0xC0, 0x93, 0x30, 0x20, 0x5C, 0x06, 0x38, 0x38, 0xEC,
    0x80, 0x7D, 0x30, 0x1E, 0x55, 0x99, 0x94, 0x52, 0xBD, 0x43, 0x83, 0x40, 0x45, 0x48, 0x08, 0x15,
    0x2F, 0x1C, 0xCB, 0x97, 0x20, 0x20, 0x4D, 0x11, 0xD8, 0x01, 0xC4, 0x84, 0xB7, 0x41, 0x22, 0xC8,
    0x4A, 0x72, 0x98, 0x82, 0x66, 0x53, 0x44, 0x29, 0x56, 0x57, 0xF5, 0x52, 0xE5, 0xC1, 0x7D, 0x41,
    0xC2, 0x50, 0x6B, 0xF4, 0x28, 0x05, 0xC5, 0x8B, 0x45, 0x32, 0x56, 0x57, 0xF7, 0x03, 0x47, 0xD2,
    0xD5, 0xD0, 0x63, 0x60, 0x2E, 0xFA, 0x0C, 0x8C, 0xC0, 0xBF, 0x5A, 0xA4, 0xF4, 0xC2, 0x1A, 0x9C,
    0x15, 0x52, 0x50, 0x04, 0x93, 0x4E, 0x84, 0x91, 0xC9, 0xD0, 0xC5, 0xF9, 0x42, 0xE4, 0x4E, 0x78,
    0x0A, 0x1B, 0x22, 0x1E, 0x80, 0xA1, 0xA0, 0xCC, 0x3C, 0x6F, 0xCD, 0x03, 0x43, 0x20, 0x66, 0x99,
    0x7F, 0xE8, 0x10, 0x0A, 0x83, 0xFE, 0x75, 0x49, 0xA9, 0xBE, 0xB5, 0xB0, 0x01, 0xB5, 0xD3, 0x35,
    0x90, 0x4A, 0x5C, 0x31, 0xDF, 0x30, 0x16, 0x40, 0x69, 0x56, 0xEB, 0xCC, 0xA7, 0x94, 0x06, 0xB5,
    0xC6, 0x71, 0x81, 0x9A, 0x5D, 0x2D, 0xD2, 0x19, 0x0C, 0x80, 0xF5, 0x24, 0xCB, 0x50, 0x08, 0x13,
    0x01, 0xFD, 0x27, 0xA0, 0x6C, 0x99, 0x7C, 0xED, 0xEC, 0x03, 0x6E, 0x4B, 0xD7, 0x33, 0x98, 0xD4,
    0x0D, 0xD9, 0x4E, 0xCD, 0xD9, 0x59, 0x80, 0x36, 0xC8, 0x1A, 0xD3, 0x03, 0x7F, 0x04, 0xAF, 0x60,
    0x36, 0xD4, 0x9D, 0x37, 0x2E, 0xAE, 0x0D, 0xBF, 0x32, 0xB0, 0xD0, 0x06, 0x33, 0x0C, 0xDF, 0xCB,
    0xAB, 0xE0, 0x6A, 0x5F, 0xD4, 0x0D, 0x4A, 0x85, 0x96, 0xE9, 0x77, 0x98, 0x0B, 0xEC, 0x0D, 0x4D,
    0x9F, 0x72, 0x46, 0x2A, 0x99, 0x89, 0xE6, 0x0D, 0x2B, 0x9A, 0x1A, 0x61, 0x75, 0xC8, 0x69, 0xBE,
    0x15, 0xC9, 0xB5, 0x47, 0x45, 0x6F, 0xD0, 0x80, 0x68, 0x0D, 0x3F, 0x83, 0x4F, 0x03, 0x91, 0xA6,
    0xC1, 0x63, 0x7C, 0x06, 0x95, 0x42, 0x0B, 0x94, 0xE7, 0xF5, 0xCA, 0x3F, 0x90, 0x81, 0xC6, 0x84,
    0x87, 0xA0, 0x1B, 0xA5, 0x36, 0xA3, 0x31, 0x2A, 0x66, 0xD4, 0xA0, 0x35, 0x31, 0x3B, 0x06, 0xA4,
    0xA7, 0x40, 0xD4, 0x98, 0x40, 0xA6, 0x0D, 0x4B, 0x80, 0x5A, 0x60, 0x41, 0xC0, 0x35, 0x24, 0x6B,
    0xF9, 0x83, 0x57, 0x21, 0xA6, 0xDA, 0xC4, 0x7E, 0x1A, 0xDB, 0xD1, 0x85, 0x41, 0x20, 0xD6, 0xCC,
    0x0E, 0x55, 0x19, 0xC4, 0xC5, 0x9B, 0x2F, 0x50, 0xCC, 0x72, 0x33, 0x0B, 0x80, 0x2A, 0x57, 0x61,
    0x94, 0xCC, 0x66, 0x74, 0x9B, 0x83, 0x6A, 0xC3, 0x38, 0x95, 0x52, 0x44, 0x1A, 0xFF, 0x85, 0x0E,
    0xC1, 0x9D, 0x90, 0x6C, 0x69, 0x26, 0x03, 0x65, 0x26, 0xC3, 0x2F, 0xC4, 0xE0, 0x65, 0xF4, 0x9D,
    0x0C, 0xBE, 0x97, 0x71, 0x97, 0xDE, 0xB7, 0x0F, 0x0B, 0x24, 0x82, 0x7B, 0x59, 0xFB, 0x63, 0x39,
    0xEB, 0x33, 0x8D, 0xA7, 0xC3, 0x09, 0xD8, 0x36, 0x7E, 0xA3, 0x7C, 0x8C, 0x22, 0x40, 0x63, 0x9C,
    0xCC, 0x64, 0xF3, 0x03, 0x15, 0x14, 0x15, 0x40, 0x6C, 0xD4, 0x3C, 0x96, 0x02, 0xEC, 0xC4, 0xEF,
    0x2A, 0xA4, 0xD8, 0x05, 0x14, 0x18, 0x4C, 0x81, 0x9F, 0xF5, 0x1C, 0xFC, 0x6B, 0x34, 0x03, 0x0C,
    0xC0, 0xBD, 0x3F, 0x58, 0xCC, 0x6A, 0x05, 0x7D, 0xFF, 0xBD, 0x83, 0x2F, 0x98, 0x13, 0xF2, 0x33,
    0x1A, 0x82, 0xEB, 0xED, 0x90, 0xD8, 0x7F, 0xA6, 0x5C, 0xDB, 0x8C, 0xC6, 0x98, 0xA1, 0xF9, 0xC8,
    0x32, 0x73, 0x19, 0x8D, 0x06, 0x5F, 0x32, 0xD3, 0xC8, 0x66, 0x12, 0x0C, 0xAC, 0xC4, 0xC5, 0x50,
    0x68, 0x4C, 0x32, 0xD3, 0x0C, 0xEC, 0x84, 0xE5, 0x43, 0x29, 0x4C, 0x32, 0xDF, 0x6C, 0xA7, 0xDB,
    0x29, 0x50, 0xCB, 0x60, 0xD0, 0x36, 0x0F, 0x8E, 0x5B, 0x2D, 0x81, 0x99, 0xD8, 0x23, 0x73, 0x1F,
    0x1D, 0x03, 0x19, 0xF1, 0xF1, 0x5C, 0x29, 0x32, 0x19, 0x9E, 0xC3, 0x1D, 0xC9, 0xB1, 0x2C, 0x65,
    0x00, 0x19, 0xA4, 0xA7, 0x43, 0x34, 0xB8, 0x51, 0x24, 0x36, 0xBD, 0x06, 0x5A, 0xA3, 0xEE, 0xA8,
    0x63, 0x32, 0x03, 0x1B, 0x36, 0x37, 0xE3, 0x34, 0xC0, 0x62, 0x6A, 0x06, 0x1B, 0x0C, 0xD2, 0x62,
    0x1B, 0xA0, 0x2A, 0x7A, 0x04, 0x0A, 0x80, 0x46, 0x64, 0x1F, 0xB0, 0xCC, 0xE8, 0x0F, 0xA9, 0x8C,
    0xD2, 0xA3, 0x33, 0xA8, 0x1D, 0x26, 0x18, 0xF9, 0x0C, 0xD3, 0x00, 0x73, 0xA2, 0x84, 0xA6, 0x40,
    0x5A, 0x36, 0x33, 0x22, 0x5D, 0xA8, 0x0E, 0x6A, 0x33, 0x5D, 0x86, 0x12, 0x83, 0x35, 0xC9, 0xD2,
    0xB0, 0x34, 0x99, 0x89, 0x83, 0xE1, 0x85, 0xFB, 0x63, 0xF2, 0x26, 0x0F, 0xA5, 0x02, 0xE3, 0x35,
    0xB8, 0x98, 0x3E, 0x26, 0x09, 0xA3, 0xE6, 0xAC, 0x52, 0xA0, 0x98, 0x28, 0x1F, 0x0C, 0x83, 0x4E,
    0xE3, 0x01, 0xA0, 0xCD, 0x3E, 0x26, 0x0F, 0x89, 0x83, 0xC1, 0x5E, 0xC0, 0x98, 0x2C, 0xD8, 0x5B,
    0x0C, 0xD6, 0x49, 0x30, 0xD0, 0x98, 0x3E, 0x33, 0x3F, 0xA4, 0xDB, 0xA0, 0xD6, 0xE8, 0xCD, 0x2A,
    0x25, 0xFF, 0x89, 0x7E, 0x49, 0x26, 0xA8, 0x71, 0xF4, 0x25, 0xFC, 0xFB, 0x46, 0x69, 0xD2, 0x22,
    0xE8, 0x4B, 0xBF, 0x12, 0xED, 0xCE, 0x97, 0x50, 0x37, 0xEC, 0x81, 0x76, 0x19, 0xA5, 0x88, 0x13,
    0x83, 0x99, 0xF4, 0x1A, 0x7F, 0x50, 0xC6, 0xD5, 0x21, 0x62, 0x04, 0xFC, 0x4A, 0x38, 0x19, 0xA4,
    0xC5, 0x79, 0x82, 0x04, 0xE8, 0x66, 0x9D, 0x1E, 0xA5, 0x88, 0x11, 0xAB, 0x4C, 0x12, 0xD4, 0xBA,
    0xF9, 0x01, 0x9B, 0xF3, 0xF8, 0xA9, 0x9B, 0xEB, 0xFE, 0x80, 0x58, 0x60, 0x76, 0x98, 0x01, 0x9C,
    0x6E, 0x66, 0xEA, 0xFF, 0xA0, 0x15, 0xD8, 0x1D, 0xAA, 0x00, 0x67, 0x09, 0xC1, 0xE4, 0x36, 0x08,
    0x08, 0xFA, 0x7A, 0xA6, 0x09, 0x8E, 0xC2, 0xA2, 0x0A, 0xA7, 0x9C, 0x36, 0xF4, 0x1A, 0x76, 0x09,
    0x5F, 0x42, 0x10, 0x68, 0x69, 0x79, 0x08, 0xF5, 0x03, 0xDF, 0x88, 0xD8, 0x10, 0x24, 0xE6, 0xBF,
    0x84, 0x77, 0xE4, 0x1D, 0xF9, 0x07, 0x7E, 0x41, 0xDD, 0x83, 0x97, 0xF5, 0x49, 0xE2, 0x81, 0x2E,
    0xAA, 0x69, 0x9E, 0x56, 0x51, 0x13, 0x4C, 0x4C, 0x10, 0x35, 0x7B, 0x7F, 0x4D, 0x41, 0xF3, 0x50,
    0x7C, 0xD4, 0x15, 0x07, 0xE5, 0x57, 0xBB, 0x31, 0xAD, 0xCC, 0x86, 0x37, 0x0E, 0xAD, 0x06, 0xB7,
    0x53, 0x46, 0xE8, 0x6B, 0x33, 0x1A, 0xEC, 0xCD, 0x0B, 0x43, 0x46, 0x4E, 0x13, 0x54, 0x93, 0x8C,
    0x2A, 0x61, 0xD6, 0xB0, 0xD9, 0x25, 0x54, 0x91, 0x01, 0x2A, 0x62, 0xA0, 0xF9, 0xA3, 0x2A, 0x1D,
    0x8B, 0x0A, 0x7E, 0x63, 0x5C, 0xC9, 0xA3, 0x3E, 0x51, 0x4D, 0x03, 0x1E, 0x63, 0x5C, 0x99, 0xA3,
    0x3F, 0x54, 0x9F, 0x30, 0x66, 0xA6, 0x8C, 0xF9, 0xA3, 0x3E, 0x68, 0xCF, 0x8A, 0x77, 0x60, 0x2D,
    0xA0, 0x16, 0xE6, 0x29, 0xD9, 0xCD, 0x96, 0xFF, 0x43, 0x46, 0x7C, 0x53, 0xBF, 0x34, 0x65, 0x13,
    0x17, 0x43, 0x46, 0x7C, 0x0A, 0xB8, 0xFF, 0x7B, 0x40, 0x9B, 0x30, 0x65, 0x4C, 0xD1, 0x9F, 0x1D,
    0x6F, 0xCD, 0x19, 0xF3, 0x46, 0x7C, 0xD1, 0x97, 0x1A, 0xC4, 0xC6, 0xBB, 0x31, 0xAD, 0x54, 0xD1,
    0x9F, 0x0E, 0x1D, 0x02, 0x07, 0x40, 0x5C, 0x7C, 0xD1, 0x9F, 0x34, 0x67, 0xC1, 0x05, 0xA1, 0xAC,
    0xC8, 0xD1, 0x9D, 0xAA, 0x4F, 0x01, 0x0F, 0x43, 0x46, 0x7C, 0xD1, 0x9F, 0x34, 0x67, 0xCD, 0x19,
    0xF3, 0x46, 0x79, 0x81, 0xF4, 0x2A, 0x6D, 0x48, 0x29, 0x39, 0xA3, 0x4C, 0xAE, 0x28, 0x3F, 0x9A,
    0x33, 0xE6, 0x8C, 0xF9, 0xA3, 0x3E, 0x68, 0xCE, 0x88, 0x86, 0x74, 0xD9, 0x89, 0xA3, 0x3E, 0x68,
    0xCF, 0x8D, 0x5E, 0x60, 0x3F, 0xB9, 0xA3, 0x3E, 0x68, 0xCF, 0x9A, 0x33, 0x6C, 0x9D, 0xB9, 0xA3,
    0x3E, 0x28, 0x2D, 0x83, 0xFE, 0xA2, 0x82, 0xF9, 0xA3, 0x3E, 0x68, 0xCF, 0x8D, 0x5A, 0xE0, 0x5F,
    0xA9, 0xA3, 0x3E, 0x68, 0xCF, 0x88, 0x0E, 0xA0, 0xD2, 0xC8, 0xA0, 0x7E, 0x68, 0xCF, 0x9A, 0x33,
    0xE5, 0xB8, 0xC8, 0x40, 0x28, 0x68, 0xCF, 0x9A, 0x33, 0xC0, 0x94, 0xB8, 0x63, 0xBE, 0x68, 0xCF,
    0x80, 0xD2, 0xA2, 0x6E, 0xF8, 0x9B, 0xBE, 0x26, 0xEE, 0x85, 0x02, 0xA6, 0x8C, 0xF8, 0x1B, 0x6A,
    0x68, 0xCF, 0x9A, 0x33, 0xE6, 0x8C, 0xF9, 0xA3, 0x3E, 0x06, 0xDA, 0x9A, 0x33, 0xE4, 0x2B, 0xC8,
    0x66, 0xFE, 0x68, 0xCF, 0x90, 0xAF, 0xE6, 0x8C, 0xF8, 0x17, 0x6C, 0x68, 0xCF, 0x9A, 0x33, 0xE0,
    0xD3, 0xB9, 0x3F, 0xFE, 0x68, 0xCF, 0x90, 0xAF, 0xE0, 0xD3, 0xF8, 0x34, 0xF4, 0x68, 0xCF, 0x83,
    0x4B, 0x04, 0x2B, 0xF9, 0xA3, 0x3E, 0x68, 0xCF, 0x9A, 0x33, 0xE4, 0x2C, 0xF9, 0xA3, 0x34, 0x1D,
    0xFB, 0x1A, 0x33, 0xE0, 0xD5, 0xD1, 0xA3, 0x39, 0x44, 0xB5, 0xC3, 0xA5, 0x5F, 0x89, 0xE7, 0xFE,
    0xDA, 0x20, 0xF9, 0x4B, 0x7E, 0xB3, 0xFB, 0xFD, 0xBA, 0x23, 0x40, 0xC4, 0x44, 0x21, 0xCA, 0x09,
    0xA0, 0x70, 0xA4, 0x1E, 0xB9, 0xA6, 0xF2, 0x81, 0x8A, 0x9C, 0xB6, 0xA9, 0x3D, 0x4E, 0x4D, 0x26,
    0xC4, 0xCA, 0xD8, 0x94, 0xEA, 0x33, 0x9E, 0x09, 0x4E, 0x80, 0xAB, 0x98, 0x38, 0x6A, 0x5A, 0xEA,
    0x81, 0xEA, 0x92, 0xCA, 0xA4, 0xA0, 0xBB, 0xB3, 0x95, 0xFD, 0xCB, 0x9F, 0x36, 0x24, 0x4C, 0x1D,
    0xD2, 0x06, 0xDD, 0x7D, 0x82, 0x77, 0xC9, 0x0C, 0xE6, 0x27, 0x7C, 0x9A, 0x0E, 0xC2, 0x77, 0xE8,
    0x34, 0x30, 0xA5, 0xE9, 0xB4, 0xCE, 0x6D, 0x32, 0xB0, 0x14, 0xAC, 0x44, 0x79, 0x58, 0xA8, 0x6D,
    0x32, 0x95, 0x0E, 0xD8, 0x34, 0x99, 0x01, 0x42, 0x6D, 0x26, 0xB0, 0x23, 0xAA, 0x1D, 0xBA, 0xAB,
    0x1E, 0xC2, 0xA5, 0x98, 0xD5, 0x26, 0x02, 0xC9, 0x0D, 0x52, 0x80, 0x50, 0x90, 0x0B, 0x6A, 0x2C,
    0x6A, 0x2D, 0x6A, 0x60, 0x50, 0x91, 0x3A, 0xAC, 0x20, 0x29, 0xAB, 0x96, 0x40, 0x50, 0xE2, 0xD1,
    0x27, 0xED, 0x01, 0x05, 0xC0, 0x9B, 0x76, 0x24, 0x48, 0xD0, 0x16, 0x68, 0xB4, 0x9A, 0x2F, 0x46,
    0x51, 0xCC, 0x0E, 0xD4, 0x94, 0xD5, 0x25, 0xA0, 0xCD, 0x99, 0x9E, 0xF1, 0x37, 0x56, 0x85, 0xD5,
    0x9F, 0x50, 0x53, 0x5D, 0x36, 0x14, 0x80, 0x0C, 0x9E, 0x80, 0x82, 0xA8, 0x96, 0xA4, 0x0A, 0x6A,
    0xB4, 0x16, 0xA0, 0xA7, 0xCA, 0x6D, 0x6A, 0x67, 0x7A, 0x85, 0x2E, 0x82, 0x58, 0xC9, 0x9E, 0x74,
    0x0A, 0x7B, 0x99, 0xE7, 0xE0, 0x7A, 0xB0, 0x2A, 0x31, 0x43, 0xB3, 0x01, 0x52, 0x6C, 0xF7, 0xC8,
    0x2A, 0x75, 0x37, 0x67, 0xA4, 0xA0, 0x0C, 0xF8, 0x94, 0xEA, 0x87, 0xB1, 0xA1, 0x6C, 0x41, 0x55,
    0x36, 0x52, 0x54, 0x6A, 0x1E, 0x05, 0x55, 0x47, 0xAB, 0x20, 0x44, 0xE8, 0x0A, 0x54, 0x04, 0x3D,
    0x58, 0x09, 0x60, 0x29, 0xE6, 0xE8, 0x64, 0x79, 0x00, 0x72, 0x40, 0x6D, 0x98, 0x34, 0xEE, 0x4A,
    0x5A, 0xAF, 0x12, 0xC4, 0x23, 0xAC, 0xF0, 0x60, 0x55, 0x6F, 0x2D, 0x02, 0xBB, 0x31, 0xEA, 0x52,
    0x84, 0xCB, 0xB9, 0x50, 0xD9, 0xA5, 0x83, 0x2E, 0xD8, 0x2A, 0x77, 0x18, 0x3C, 0xCF, 0x6B, 0xD9,
    0x68, 0x2F, 0x64, 0x22, 0x59, 0x01, 0x66, 0x63, 0x10, 0x98, 0x86, 0xEB, 0x54, 0x9E, 0x0C, 0x53,
    0x00, 0xE5, 0xA8, 0x11, 0xE4, 0x04, 0x59, 0x5D, 0xC0, 0xBF, 0xC0, 0x1C, 0xC8, 0x2B, 0x58, 0x6A,
    0x15, 0x41, 0xC7, 0x40, 0x59, 0x50, 0x05, 0x56, 0x04, 0x2F, 0x56, 0xB1, 0x49, 0xE0, 0x22, 0x2A,
    0xC9, 0x8C, 0x7A, 0xD9, 0x81, 0x80, 0xB1, 0x70, 0x5A, 0x93, 0x04, 0x55, 0xC1, 0x6B, 0x80, 0x15,
    0xE1, 0x97, 0x57, 0x04, 0x4D, 0x1C, 0xCB, 0x50, 0x15, 0xD8, 0x0A, 0xD4, 0x0C, 0x6D, 0x02, 0xC1,
    0xE0, 0x72, 0xE0, 0x2C, 0x1A, 0x09, 0xD5, 0x85, 0xE7, 0xD1, 0xCF, 0x48, 0x5E, 0x99, 0x01, 0xBE,
    0x80, 0xC3, 0xD0, 0xCB, 0x65, 0x08, 0xD5, 0x07, 0xDC, 0xC2, 0xE9, 0xA8, 0x50, 0x70, 0xEA, 0x05,
    0xFE, 0x99, 0x32, 0x97, 0x40, 0x14, 0xD6, 0x91, 0xB1, 0xAA, 0x4C, 0x69, 0x58, 0x1A, 0x48, 0xC6,
    0xE4, 0x0F, 0x7A, 0x5D, 0x4E, 0xC7, 0x50, 0x61, 0xEA, 0x51, 0x4A, 0xD8, 0xD2, 0x71, 0x55, 0x49,
    0x61, 0x03, 0x25, 0xE6, 0x03, 0x6E, 0x41, 0xFB, 0x40, 0x10, 0x5A, 0x9F, 0x09, 0xA4, 0x48, 0xAA,
    0x30, 0xE0, 0x11, 0x4B, 0xCD, 0x49, 0xB6, 0x54, 0x86, 0xAF, 0x20, 0x32, 0x4C, 0x7C, 0x76, 0x01,
    0x2D, 0x00, 0x95, 0x40, 0x60, 0x48, 0x62, 0x55, 0x08, 0x0C, 0x84, 0x63, 0x2A, 0x54, 0x0E, 0xA7,
    0x0A, 0xA4, 0xE0, 0x6A, 0x92, 0xCA, 0x45, 0x0E, 0xA9, 0x3C, 0x6B, 0x65, 0x88, 0x93, 0x30, 0x13,
    0xC8, 0x76, 0x34, 0xC5, 0x00, 0x9A, 0x52, 0x2A, 0x4E, 0x60, 0x09, 0x14, 0xBB, 0x01, 0x23, 0x62,
    0x3F, 0xB8, 0x12, 0xA5, 0x66, 0xA4, 0xF2, 0xC0, 0x3F, 0x2B, 0x65, 0x45, 0x67, 0xB2, 0x0B, 0x77,
    0x80, 0xD9, 0x74, 0x1B, 0x48, 0x04, 0x72, 0xC5, 0x52, 0x7C, 0xC0, 0x6C, 0xC9, 0x1E, 0x2A, 0x04,
    0x8A, 0x81, 0x1E, 0x66, 0x7B, 0xD3, 0x3B, 0xA4, 0xCE, 0xD9, 0x8B, 0xCE, 0x6C, 0xEF, 0x9D, 0xB9,
    0x9D, 0xB6, 0x33, 0xEF, 0xCC, 0xFB, 0xFB, 0x04, 0x04, 0x6C, 0x33, 0xA5, 0x55, 0xEA, 0x60, 0xD7,
    0x95, 0x26, 0x07, 0x52, 0x85, 0x33, 0xBE, 0x65, 0x16, 0xA9, 0x3A, 0xF2, 0x6C, 0x8A, 0x4D, 0x09,
    0xD1, 0xB4, 0x7E, 0x6D, 0x1C, 0x75, 0x26, 0x9C, 0xCA, 0x3B, 0xB0, 0xD0, 0x51, 0xFA, 0x52, 0x01,
    0x1C, 0x99, 0xFB, 0x24, 0x36, 0xCC, 0x02, 0x52, 0x9C, 0xD0, 0xE2, 0x94, 0x28, 0xA1, 0xD7, 0x6E,
    0x10, 0xF9, 0x04, 0x4A, 0x40, 0x11, 0x98, 0x44, 0xF2, 0x4D, 0x4B, 0x80, 0x5E, 0x4D, 0x0A, 0xA3,
    0x42, 0x6F, 0x4F, 0x85, 0x1E, 0x5B, 0x26, 0x73, 0x94, 0x1E, 0xD3, 0x17, 0x8D, 0x45, 0x22, 0xB1,
    0x48, 0xA4, 0x46, 0xAF, 0x0A, 0x90, 0x7D, 0x26, 0x54, 0x28, 0x24, 0x86, 0xBA, 0x07, 0xA9, 0x48,
    0xFE, 0x13, 0x59, 0x45, 0x82, 0x01, 0x17, 0x88, 0xD6, 0x21, 0x52, 0x4F, 0xA4, 0xDA, 0x85, 0x08,
    0x90, 0xD8, 0x40, 0x13, 0x29, 0x3F, 0xC2, 0x73, 0x28, 0xB2, 0x40, 0x23, 0x38, 0xFA, 0xD4, 0x22,
    0x4D, 0xF2, 0x9C, 0x6F, 0x61, 0x50, 0x1B, 0x18, 0x02, 0x65, 0x1A, 0xCA, 0x4A, 0x70, 0x53, 0xBD,
    0xEC, 0x36, 0x29, 0x6F, 0x80, 0x46, 0x21, 0x75, 0x98, 0x24, 0x97, 0xE9, 0x37, 0xF0, 0xD8, 0x83,
    0x25, 0x29, 0x47, 0xCE, 0x75, 0x54, 0x86, 0x48, 0x22, 0x70, 0x7A, 0xB4, 0x1E, 0x3F, 0x34, 0x98,
    0xC8, 0xE0, 0x72, 0x2B, 0x60, 0x05, 0x25, 0x22, 0x99, 0xCD, 0x3E, 0x70, 0x6F, 0x25, 0x7E, 0x03,
    0x12, 0x83, 0xD5, 0x60, 0xF1, 0xE9, 0xA4, 0xC2, 0x47, 0x02, 0x1A, 0xD4, 0xA4, 0x33, 0x39, 0x9F,
    0xCE, 0x0B, 0xE4, 0xAF, 0x40, 0x48, 0x73, 0x29, 0x6F, 0xFA, 0x02, 0x35, 0xD9, 0xD1, 0x28, 0x74,
    0xD9, 0x90, 0xD6, 0xE9, 0x31, 0x16, 0x54, 0xA7, 0x75, 0x09, 0x95, 0x16, 0x87, 0x4E, 0x99, 0x00,
    0x0E, 0x40, 0x05, 0x95, 0x36, 0x25, 0x4B, 0x86, 0x80, 0x2E, 0x57, 0x6A, 0x74, 0x49, 0xB9, 0x72,
    0x04, 0x4C, 0x84, 0x47, 0x29, 0x6D, 0x36, 0x64, 0x00, 0x89, 0x4E, 0xAA, 0x11, 0x23, 0x3A, 0xD6,
    0xA1, 0x32, 0x00, 0xAC, 0x80, 0x0D, 0x20, 0x0A, 0xE2, 0x00, 0x9C, 0xF9, 0x4C, 0x7F, 0xD7, 0x50,
    0x0C, 0x4A, 0xEF, 0x4B, 0x88, 0x80, 0x4A, 0x58, 0xAA, 0x5C, 0xB9, 0xFD, 0x93, 0x00, 0xCD, 0x40,
    0x03, 0x20, 0x02, 0xC8, 0x03, 0x1A, 0x87, 0x00, 0xBA, 0xD7, 0x70, 0x0A, 0x4A, 0x86, 0x01, 0x49,
    0x80, 0x4E, 0xC0, 0x42, 0x90, 0x10, 0x6D, 0x3A, 0x00, 0x94, 0xC0, 0x3F, 0x40, 0x21, 0x5A, 0x9F,
    0x09, 0x8D, 0x64, 0x07, 0xF9, 0x29, 0x70, 0xBF, 0xAA, 0x63, 0x29, 0x8C, 0x56, 0x60, 0x1A, 0x94,
    0x44, 0x02, 0xF2, 0x65, 0xE4, 0xE6, 0x20, 0x05, 0xAD, 0x36, 0x22, 0x02, 0xE9, 0x4C, 0x40, 0x35,
    0x28, 0x88, 0x0B, 0xA5, 0x11, 0x01, 0x6C, 0xA6, 0x20, 0x06, 0x90, 0x03, 0x28, 0x00, 0xB9, 0x80,
    0x4A, 0x53, 0xB0, 0x09, 0x56, 0xA1, 0x31, 0x01, 0x2C, 0x80, 0x25, 0x3B, 0xB0, 0x02, 0xE4, 0x21,
    0x09, 0x50, 0xA0, 0x74, 0xD9, 0x88, 0x46, 0xA5, 0x2E, 0x00, 0xB5, 0x46, 0x79, 0x29, 0xDD, 0x0B,
    0x14, 0x01, 0x7A, 0x00, 0x76, 0xC0, 0x18, 0x98, 0x0A, 0xAE, 0x01, 0x49, 0x01, 0x6A, 0x40, 0x07,
    0x90, 0x09, 0x67, 0x3A, 0x01, 0x56, 0x40, 0x25, 0x50, 0x29, 0x50, 0x05, 0x96, 0x07, 0xD4, 0xC0,
    0xB9, 0x2C, 0x4C, 0x56, 0x20, 0x2A, 0x59, 0x82, 0xF6, 0x62, 0xC0, 0x9D, 0x18, 0xEA, 0xD2, 0x25,
    0xB4, 0xC0, 0x33, 0x48, 0x68, 0x17, 0xA5, 0xE6, 0x01, 0x05, 0xA7, 0x40, 0x32, 0xA5, 0xDC, 0x03,
    0xB3, 0x01, 0x94, 0xC0, 0x0B, 0x28, 0x00, 0x35, 0xA4, 0x07, 0x1B, 0x01, 0x17, 0x10, 0xDA, 0x6C,
    0x46, 0x85, 0xCB, 0x01, 0x9D, 0x1C, 0x97, 0x32, 0x1C, 0x4A, 0x9D, 0x11, 0x26, 0xBC, 0x9C, 0xC3,
    0x20, 0x26, 0x50, 0x01, 0x52, 0x03, 0xC5, 0xC0, 0x99, 0x89, 0xD0, 0x5B, 0x26, 0x04, 0xDA, 0x05,
    0xE6, 0x60, 0x4D, 0x98, 0x06, 0xE8, 0x01, 0x89, 0x95, 0x72, 0x60, 0x1A, 0xF8, 0x0D, 0x31, 0x12,
    0x00, 0xCD, 0x48, 0x91, 0x30, 0x76, 0xC8, 0x0F, 0xB2, 0x00, 0xC4, 0xE3, 0x58, 0x70, 0x32, 0x54,
    0x0D, 0xB2, 0x98, 0x81, 0x87, 0x20, 0xEF, 0x90, 0x30, 0x30, 0x09, 0x4B, 0x01, 0x86, 0x40, 0x2D,
    0x98, 0x2D, 0x24, 0x06, 0x1F, 0x81, 0x86, 0xC0, 0x20, 0x98, 0x18, 0xBC, 0x1D, 0x09, 0x01, 0x8A,
    0xE0, 0x2F, 0xA0, 0x05, 0xA6, 0x0B, 0x09, 0x00, 0xBB, 0x20, 0x49, 0xB8, 0x18, 0xED, 0x3B, 0x03,
    0x1E, 0x40, 0xC5, 0xF0, 0x3E, 0xFC, 0x03, 0x38, 0x01, 0x8D, 0x0B, 0x09, 0x38, 0xD6, 0x36, 0x2B,
    0x0D, 0x0C, 0x14, 0xC1, 0x97, 0x40, 0xC2, 0x48, 0x31, 0x53, 0x0A, 0x1D, 0xC3, 0x0D, 0x40, 0x02,
    0xD0, 0x0A, 0xB2, 0x89, 0x05, 0x5F, 0x5C, 0xBA, 0x6C, 0xCA, 0x97, 0x2D, 0x0A, 0xBD, 0xA0, 0x03,
    0xA3, 0xA8, 0x5B, 0xB6, 0x01, 0x6A, 0x86, 0x1A, 0x81, 0x5C, 0xA2, 0x79, 0xA7, 0x50, 0x89, 0x00,
    0xC6, 0x41, 0x88, 0x90, 0x5C, 0xB8, 0x01, 0x6A, 0xC3, 0xA9, 0xA0, 0x22, 0x90, 0x5C, 0xB2, 0x01,
    0x39, 0x04, 0xB2, 0x41, 0x9B, 0xF8, 0x05, 0x72, 0x04, 0x3C, 0x81, 0x7A, 0x58, 0x7A, 0x26, 0x28,
    0x02, 0xF2, 0x09, 0xB4, 0x89, 0x31, 0x30, 0xC3, 0x58, 0x0B, 0xB5, 0xC5, 0x06, 0x8A, 0xE1, 0x40,
    0x98, 0x06, 0xB0, 0x02, 0xFA, 0x03, 0x96, 0x40, 0x43, 0xC0, 0x70, 0xE6, 0x1C, 0xAC, 0xD4, 0x26,
    0x41, 0x5B, 0xA0, 0x78, 0x27, 0x0E, 0x03, 0x9C, 0xA0, 0x60, 0x2D, 0x90, 0x61, 0xE4, 0x04, 0x5A,
    0x4E, 0x40, 0x0F, 0x20, 0xC4, 0x54, 0x08, 0xFF, 0x10, 0x96, 0x80, 0xBB, 0x50, 0x38, 0xFC, 0x02,
    0x78, 0x2E, 0xDC, 0xC0, 0x5F, 0x50, 0xDC, 0x4C, 0x0B, 0xF2, 0x8A, 0xC2, 0x43, 0x13, 0x35, 0x58,
    0x50, 0x31, 0x56, 0x0F, 0x3D, 0x81, 0xEF, 0x40, 0xC4, 0xD0, 0x22, 0xB8, 0x0D, 0xEE, 0xC1, 0x7D,
    0x20, 0x78, 0xFE, 0x75, 0x4B, 0x43, 0x54, 0x83, 0x15, 0xF0, 0x93, 0xE6, 0xB6, 0x33, 0x59, 0x4A,
    0xE2, 0x33, 0xDC, 0x24, 0x3A, 0x62, 0x11, 0x1F, 0x84, 0xAB, 0xE1, 0x2A, 0xF8, 0x4A, 0xAE, 0x14,
    0x59, 0x93, 0x3A, 0x41, 0x76, 0xA0, 0x7D, 0xF4, 0x01, 0xAE, 0x8C, 0xBA, 0x81, 0x5E, 0xA0, 0x1A,
    0x24, 0x03, 0x1F, 0x81, 0x8F, 0xE0, 0x63, 0xB0, 0x88, 0x2C, 0x16, 0xFD, 0x07, 0xBB, 0xE0, 0x63,
    0xC0, 0x0B, 0x67, 0x16, 0x80, 0x45, 0xE9, 0xF5, 0x88, 0x30, 0xE4, 0x2B, 0x61, 0x81, 0xC9, 0xC0,
    0x13, 0x29, 0xCD, 0xD2, 0xC9, 0x01, 0x89, 0xD3, 0xEA, 0xD0, 0x68, 0xFE, 0xC6, 0x63, 0xD3, 0x81,
    0xF8, 0x6D, 0x90, 0x39, 0x10, 0x02, 0x65, 0x34, 0xBA, 0x41, 0x94, 0x0B, 0x40, 0x3A, 0xD4, 0xE6,
    0x92, 0x27, 0xCC, 0x80, 0x8B, 0x50, 0xC4, 0x5C, 0x91, 0x33, 0x02, 0xE5, 0xB6, 0x22, 0x04, 0xF8,
    0x23, 0xF0, 0x04, 0xB9, 0x81, 0xCF, 0xFE, 0xE0, 0x0A, 0x4E, 0x98, 0x47, 0x39, 0x97, 0x9A, 0x51,
    0x68, 0x3C, 0x56, 0x0E, 0x34, 0xB9, 0x64, 0x2C, 0xD0, 0x4B, 0x3C, 0x12, 0xD1, 0x04, 0xB4, 0xC3,
    0x6D, 0x50, 0xD8, 0x9C, 0x62, 0xAD, 0x00, 0x8F, 0xD5, 0x66, 0x3E, 0xF8, 0x1F, 0xC2, 0xD9, 0x02,
    0x1A, 0x1C, 0xB5, 0x33, 0x48, 0x5C, 0x1B, 0xC1, 0x5F, 0x81, 0xC5, 0xF1, 0xF5, 0x88, 0x44, 0x93,
    0xE5, 0x36, 0xDE, 0xA7, 0x6E, 0x7F, 0xE8, 0x05, 0xA7, 0x1B, 0x27, 0xC1, 0x4E, 0x77, 0xB0, 0xB8,
    0xA5, 0x90, 0x9B, 0xD2, 0x95, 0xFD, 0xE7, 0xB0, 0x68, 0x70, 0xD8, 0xA4, 0x6F, 0x6B, 0xCB, 0x7E,
    0x87, 0x60, 0x9C, 0x66, 0x39, 0x5A, 0x87, 0x49, 0xAA, 0x13, 0x88, 0x1C, 0x2B, 0x63, 0x63, 0x80,
    0xC6, 0xA2, 0x12, 0x9A, 0x84, 0xEE, 0xCF, 0x0D, 0xB0, 0xDB, 0xC0, 0x4F, 0x28, 0xA6, 0x3E, 0xAF,
    0x08, 0x90, 0x7C, 0xA6, 0x5B, 0xD8, 0x24, 0x06, 0xD5, 0x8D, 0x91, 0xE0, 0xA6, 0xBB, 0xD8, 0x3C,
    0x52, 0x88, 0x43, 0x59, 0x0A, 0xAE, 0xC1, 0xDF, 0x90, 0xEE, 0xA5, 0x01, 0x0E, 0xDC, 0xC3, 0xC7,
    0x43, 0xDD, 0xCE, 0x59, 0x48, 0xC0, 0x91, 0x4A, 0x53, 0x0A, 0x70, 0x1D, 0xE7, 0x3B, 0x20, 0x34,
    0x83, 0x15, 0x20, 0x02, 0xD4, 0xB7, 0xB2, 0x1E, 0x4C, 0x87, 0xA1, 0x28, 0x68, 0x02, 0xA8, 0x4E,
    0xA9, 0xCE, 0x00, 0x29, 0x2F, 0x60, 0x00, 0xA4, 0x4D, 0xE9, 0x05, 0x46, 0x41, 0x26, 0xA5, 0x0C,
    0x6F, 0x72, 0x60, 0x0C, 0xC0, 0x49, 0x32, 0x60, 0xCA, 0x64, 0x15, 0x69, 0x4E, 0x48, 0xBD, 0x28,
    0x95, 0x0F, 0xB2, 0x1F, 0xCB, 0xD0, 0xFC, 0xC0, 0x0A, 0xA0, 0x9E, 0x64, 0x01, 0x99, 0x4E, 0x80,
    0x55, 0x90, 0xC9, 0x4C, 0x91, 0x92, 0x01, 0x55, 0x28, 0x69, 0xFF, 0x91, 0x71, 0x64, 0x20, 0x89,
    0xFB, 0x0F, 0x83, 0x28, 0xC8, 0x0C, 0x6A, 0x4C, 0xBA, 0x0E, 0x4E, 0x89, 0xF6, 0x98, 0x0C, 0x26,
    0x6E, 0x3A, 0x01, 0x1A, 0x73, 0x90, 0x28, 0xD2, 0x74, 0xB8, 0x4A, 0x04, 0x06, 0x40, 0x58, 0xE4,
    0x58, 0x34, 0xD2, 0x02, 0xC7, 0xC0, 0x4D, 0x40, 0x09, 0x4C, 0x37, 0xF3, 0x23, 0x3C, 0xD6, 0xAF,
    0x30, 0x2C, 0x74, 0x0F, 0x72, 0x02, 0x9F, 0xC0, 0x4B, 0x21, 0x02, 0xCA, 0x1C, 0x05, 0x3B, 0x80,
    0xFA, 0x60, 0x26, 0xB9, 0x66, 0x28, 0x1D, 0x09, 0x07, 0xEA, 0x41, 0xD9, 0x91, 0xDD, 0xE6, 0x02,
    0x8B, 0x8E, 0xF6, 0x62, 0x2E, 0x94, 0xB9, 0x3E, 0x98, 0x9C, 0xD3, 0x86, 0xF3, 0x20, 0x56, 0xD2,
    0x5C, 0x05, 0x49, 0x00, 0x16, 0x80, 0x54, 0xC9, 0x30, 0x29, 0x2E, 0x02, 0xA5, 0xBD, 0xA0, 0xAD,
    0xB0, 0x04, 0x65, 0x4B, 0x97, 0x12, 0xB2, 0x60, 0xAA, 0xB0, 0xF4, 0x24, 0x37, 0xB9, 0xD3, 0xA1,
    0xC0, 0x1F, 0x90, 0x01, 0x66, 0x05, 0x19, 0x80, 0x16, 0x40, 0x22, 0xA9, 0xBA, 0xA9, 0x0E, 0x00,
    0x5C, 0xC0, 0xA3, 0x73, 0x73, 0xCA, 0x5C, 0x0A, 0x39, 0x00, 0xB6, 0x54, 0xC8, 0xB0, 0x15, 0xAF,
    0x4E, 0x87, 0x27, 0xA2, 0x62, 0x56, 0xA9, 0x3F, 0xA6, 0x02, 0xCA, 0x80, 0xFA, 0xBF, 0xE9, 0xC0,
    0x0E, 0x26, 0x50, 0x1C, 0x81, 0x53, 0xE0, 0x83, 0xB8, 0x15, 0x2E, 0x08, 0x3D, 0x80, 0x72, 0x80,
    0xA9, 0xB0, 0x15, 0xFE, 0x05, 0x7F, 0x01, 0xEB, 0x40, 0x56, 0xA8, 0x05, 0xE4, 0x0F, 0xD9, 0xAA,
    0x4A, 0xB2, 0xEF, 0xF7, 0xB6, 0x97, 0x0E, 0x02, 0xBE, 0xC8, 0x15, 0x31, 0x3E, 0x55, 0x20, 0x73,
    0x02, 0xBD, 0xDA, 0x4B, 0x4B, 0x65, 0x3A, 0x62, 0x28, 0x6C, 0x4E, 0x29, 0xD1, 0x10, 0x29, 0xCC,
    0x2A, 0x54, 0x01, 0xD4, 0x84, 0x39, 0x20, 0x8D, 0x48, 0x11, 0xBA, 0x8A, 0x80, 0x2E, 0x60, 0x5A,
    0xF8, 0x06, 0x66, 0x15, 0xAD, 0x04, 0x8A, 0x42, 0x35, 0x98, 0x40, 0xE8, 0x01, 0xD9, 0x00, 0x1E,
    0xA0, 0x60, 0xA0, 0x0B, 0x28, 0x15, 0x9B, 0xB4, 0xD2, 0xB4, 0xE1, 0x48, 0x58, 0x05, 0x37, 0x45,
    0xC5, 0x1A, 0x6D, 0x54, 0xEF, 0x49, 0x0D, 0x72, 0xBB, 0xD3, 0x23, 0x40, 0x32, 0xA8, 0x82, 0x67,
    0x4E, 0x88, 0xB6, 0x86, 0x93, 0xA0, 0x1A, 0x54, 0x52, 0x75, 0x02, 0xA5, 0x00, 0xB7, 0x60, 0x02,
    0xD0, 0x4B, 0xF2, 0x03, 0x0D, 0x22, 0x40, 0x34, 0xB4, 0x68, 0x01, 0x53, 0x75, 0x0D, 0x83, 0x1F,
    0x54, 0x62, 0xCD, 0x3B, 0x58, 0x01, 0x7C, 0xC0, 0x19, 0x40, 0x18, 0x48, 0x03, 0x93, 0x01, 0xD4,
    0xD1, 0xF7, 0x50, 0x19, 0x64, 0x0C, 0x36, 0x9C, 0x01, 0x86, 0xA0, 0x59, 0x98, 0x19, 0xF0, 0x03,
    0x2C, 0x01, 0x96, 0xCA, 0xC0, 0x98, 0x19, 0x6E, 0x8F, 0x9B, 0x01, 0x7F, 0x84, 0xC4, 0x90, 0x2F,
    0xEE, 0x46, 0x9A, 0x98, 0x66, 0x93, 0x96, 0x82, 0x50, 0x65, 0x52, 0x00, 0x35, 0x27, 0x60, 0x06,
    0xA0, 0x86, 0x70, 0xD2, 0x2A, 0x02, 0xE7, 0x40, 0x56, 0xA8, 0x04, 0x66, 0x02, 0x4A, 0x80, 0x2E,
    0x62, 0xBE, 0x98, 0x2E, 0x6D, 0x15, 0x00, 0xFC, 0x92, 0x79, 0x30, 0x28, 0x48, 0xE8, 0x73, 0x01,
    0x54, 0xC0, 0x49, 0x33, 0xCE, 0x4E, 0x99, 0x15, 0x33, 0x0C, 0xC5, 0xA9, 0x70, 0x43, 0xE0, 0x17,
    0x34, 0x4E, 0x26, 0xC0, 0xB3, 0xB0, 0x10, 0xCC, 0x02, 0x13, 0x04, 0x35, 0xC9, 0x9B, 0x30, 0x2C,
    0xED, 0xB3, 0xF5, 0x07, 0x9C, 0x80, 0xB3, 0x40, 0x5D, 0x71, 0x9F, 0xF5, 0x04, 0x3D, 0x01, 0x0D,
    0x61, 0x7E, 0xC8, 0x06, 0x53, 0x01, 0x7E, 0x40, 0x35, 0x30, 0x1C, 0xD1, 0xBC, 0x14, 0x07, 0x5E,
    0xC0, 0xC3, 0x40, 0x5C, 0x48, 0x0C, 0x35, 0x00, 0x35, 0x02, 0xF9, 0x30, 0x33, 0xCC, 0x06, 0x34,
    0x03, 0x3D, 0x23, 0x40, 0x65, 0xA0, 0x0C, 0x68, 0x17, 0xFB, 0x02, 0xE7, 0x40, 0x10, 0x98, 0x2E,
    0xA8, 0xB1, 0x79, 0x0C, 0xDA, 0x46, 0x9F, 0x92, 0x2E, 0xA6, 0x17, 0xDB, 0xD2, 0xE5, 0xC9, 0x91,
    0x98, 0xB7, 0xB1, 0x38, 0x13, 0x3C, 0xD3, 0x4F, 0x5A, 0x5C, 0x38, 0x0C, 0x35, 0x08, 0x24, 0xC5,
    0x13, 0x51, 0x14, 0x58, 0x52, 0x75, 0x9D, 0x81, 0x76, 0xA1, 0xE2, 0x98, 0xA3, 0x26, 0x02, 0x7C,
    0x87, 0x66, 0x57, 0x40, 0xCA, 0x5C, 0x03, 0x16, 0xBB, 0x00, 0x56, 0xE1, 0xD2, 0x90, 0xBC, 0x68,
    0x01, 0x6A, 0xA6, 0xE6, 0x92, 0xE1, 0x48, 0x50, 0x0E, 0x15, 0x24, 0xE5, 0x00, 0xD5, 0x71, 0x48,
    0x70, 0x54, 0xD6, 0x01, 0x1D, 0xC0, 0x33, 0x40, 0xA6, 0x58, 0x07, 0x14, 0xBA, 0x80, 0xE2, 0xA0,
    0x17, 0xC5, 0xD4, 0x21, 0xF7, 0x16, 0xE5, 0x06, 0x3B, 0x34, 0xE6, 0x48, 0x03, 0x17, 0x4E, 0x85,
    0x82, 0xCD, 0x41, 0x74, 0xC8, 0x0F, 0x34, 0x4E, 0x85, 0x69, 0x71, 0x10, 0x11, 0xD5, 0x3A, 0x94,
    0x03, 0x5D, 0x40, 0xF3, 0x81, 0x00, 0xD8, 0x5F, 0x76, 0xA6, 0x46, 0x40, 0xF5, 0x70, 0x1B, 0xCE,
    0x97, 0x31, 0x40, 0x7D, 0x00, 0x0B, 0x30, 0x21, 0x58, 0x0F, 0x5A, 0x8C, 0x95, 0x16, 0x60, 0x31,
    0x98, 0x24, 0x6E, 0x80, 0x09, 0x00, 0x76, 0x43, 0x11, 0xC8, 0x0E, 0xAE, 0x07, 0x8F, 0x81, 0xE3,
    0x51, 0x90, 0x3C, 0x70, 0x06, 0xD3, 0x03, 0xC6, 0x01, 0xF1, 0x50, 0x1B, 0x6C, 0x03, 0x93, 0x13,
    0x9D, 0x13, 0xED, 0x20, 0x1C, 0xDC, 0xF9, 0xD6, 0x97, 0x0C, 0x92, 0xC5, 0x5B, 0xA8, 0x3D, 0xAA,
    0x9F, 0x8B, 0x03, 0xDF, 0x18, 0xA0, 0x0B, 0x48, 0x5A, 0xF3, 0x0F, 0x06, 0x07, 0x19, 0x70, 0x54,
    0xE4, 0x0F, 0xBC, 0x05, 0xFF, 0x80, 0x8B, 0x91, 0x91, 0x58, 0x0F, 0x96, 0x19, 0x15, 0xC0, 0xF9,
    0xC0, 0x1C, 0xD8, 0x0F, 0x95, 0x03, 0x25, 0x81, 0xEB, 0xF1, 0x37, 0x50, 0x1E, 0xB7, 0x0A, 0xEC,
    0xC2, 0x5F, 0xF0, 0x97, 0xEC, 0x24, 0x75, 0xA1, 0xD9, 0xA8, 0x56, 0x60, 0x1C, 0xDD, 0x43, 0xB6,
    0x12, 0x54, 0x81, 0xEB, 0x52, 0x18, 0xD3, 0x4A, 0xA1, 0xC9, 0x82, 0xEE, 0xA1, 0x35, 0x9A, 0x88,
    0x66, 0x07, 0x8F, 0x85, 0xC7, 0x40, 0xF5, 0xA0, 0x2F, 0xBE, 0x13, 0x7F, 0x82, 0x36, 0xC0, 0xBF,
    0x90, 0x1E, 0x2A, 0x3D, 0xCA, 0x83, 0xD7, 0xE0, 0xF5, 0xD8, 0x17, 0xF0, 0x00, 0xD9, 0x05, 0xFA,
    0xA0, 0x37, 0xB9, 0x18, 0xEC, 0x1A, 0x9B, 0x84, 0xBA, 0xC0, 0x55, 0xA8, 0x4B, 0xBE, 0x12, 0xE9,
    0x83, 0xE2, 0xB4, 0x2C, 0xC5, 0x0F, 0x30, 0x03, 0xBB, 0xA9, 0x0E, 0xD3, 0x11, 0xB6, 0xDD, 0xA9,
    0xB5, 0x18, 0x85, 0x42, 0xE3, 0x65, 0x23, 0x4C, 0x08, 0x18, 0x17, 0xF6, 0x22, 0x24, 0xAE, 0x99,
    0x22, 0xF4, 0x43, 0x59, 0x80, 0x67, 0x00, 0x17, 0xC0, 0x15, 0x30, 0x03, 0x7B, 0x80, 0x52, 0x60,
    0x53, 0xA4, 0xE4, 0x02, 0x9F, 0x08, 0x2D, 0xC0, 0xCD, 0x61, 0xD1, 0x58, 0x13, 0x98, 0x01, 0x26,
    0x01, 0x37, 0x20, 0x19, 0xC8, 0x70, 0xD3, 0x10, 0x75, 0x81, 0x39, 0x21, 0x93, 0x54, 0x67, 0x15,
    0x06, 0xAE, 0x3B, 0x20, 0x2C, 0xED, 0x2C, 0x64, 0xD4, 0x1D, 0xD5, 0xC6, 0x93, 0x70, 0x19, 0x78,
    0x0D, 0xF2, 0x14, 0x25, 0x40, 0xB1, 0x31, 0x8A, 0xD8, 0x02, 0xB2, 0x02, 0xC6, 0xC0, 0x91, 0xF0,
    0x2C, 0x60, 0x0D, 0x1F, 0x06, 0x96, 0x83, 0x6B, 0x48, 0x8D, 0x9A, 0x0D, 0x67, 0x83, 0x5A, 0x19,
    0xDB, 0x20, 0x2E, 0x6C, 0x53, 0x14, 0x1E, 0x45, 0x81, 0x6F, 0x70, 0x10, 0x7C, 0x0B, 0x9B, 0x05,
    0xA7, 0x41, 0xE7, 0xA0, 0x1B, 0x62, 0xCD, 0x07, 0xB3, 0x97, 0xEA, 0x56, 0x88, 0x38, 0x05, 0xEE,
    0x02, 0xF9, 0x81, 0x7F, 0xE0, 0x17, 0xB8, 0x07, 0xE7, 0x68, 0x84, 0x59, 0xE1, 0x16, 0x68, 0x40,
    0x2E, 0xBE, 0x0B, 0xAF, 0x82, 0xEA, 0xA1, 0xF8, 0x97, 0x2C, 0x3A, 0x38, 0x0A, 0xC4, 0xC1, 0x75,
    0x60, 0x18, 0xC8, 0x0B, 0xD8, 0x05, 0x2F, 0x40, 0xBD, 0x30, 0x0D, 0x48, 0x22, 0x98, 0x00, 0xC5,
    0x08, 0xEB, 0x40, 0x1A, 0x7C, 0x0B, 0xF8, 0x84, 0xD9, 0xE1, 0x36, 0x88, 0x49, 0x64, 0x70, 0x0B,
    0xEA, 0x2A, 0xAE, 0x93, 0x81, 0x32, 0x78, 0x17, 0xFF, 0x02, 0xEE, 0x80, 0xDF, 0xB1, 0x3A, 0x5A,
    0x23, 0x66, 0x80, 0x59, 0xE0, 0x16, 0x88, 0x04, 0x5A, 0x3F, 0xFE, 0x80, 0x50, 0x2A, 0x91, 0x08,
    0xF3, 0x47, 0xFF, 0x6E, 0x11, 0xED, 0x29, 0x15, 0x70, 0xD1, 0xD7, 0xFD, 0x37, 0x02, 0xD4, 0xB6,
    0x48, 0x11, 0x98, 0x00, 0xE5, 0x77, 0x01, 0x5D, 0x5B, 0xA9, 0x20, 0x1E, 0x60, 0x01, 0xD6, 0xF6,
    0x81, 0xB6, 0x60, 0x42, 0xAC, 0x5A, 0x0F, 0x6A, 0xC0, 0x45, 0x29, 0xF5, 0x78, 0x32, 0xA1, 0x2B,
    0x5D, 0x6B, 0xBC, 0x95, 0x09, 0xD2, 0xBF, 0x54, 0x0A, 0x95, 0x5E, 0xEC, 0xE9, 0xB3, 0x16, 0x2C,
    0xCC, 0x4A, 0x32, 0x7B, 0x47, 0x0A, 0x83, 0x21, 0x86, 0xDA, 0x97, 0x0E, 0x75, 0xB6, 0xCD, 0x77,
    0x28, 0xAD, 0xB9, 0x50, 0xB4, 0x6E, 0xEC, 0x81, 0x31, 0x64, 0x22, 0x53, 0xD6, 0x28, 0xC9, 0x0E,
    0xBF, 0x00, 0x69, 0xC8, 0x1A, 0x2A, 0xD8, 0x6A, 0xAA, 0x42, 0x52, 0xE5, 0xAA, 0xD0, 0xD6, 0xF4,
    0xA8, 0x99, 0xF6, 0x41, 0xFA, 0x92, 0xA7, 0x67, 0x38, 0x54, 0xD4, 0xC1, 0x35, 0x50, 0x49, 0xCC,
    0x7F, 0x13, 0x03, 0xFC, 0x80, 0x5D, 0x25, 0xBD, 0xD8, 0x4A, 0xD4, 0x14, 0xBD, 0xDC, 0x55, 0xB0,
    0x23, 0x56, 0x95, 0x57, 0x57, 0x64, 0xC0, 0x55, 0x30, 0x24, 0xCA, 0x78, 0xAA, 0x99, 0xAA, 0xB6,
    0x52, 0xD2, 0xFE, 0xCA, 0x1B, 0x4C, 0x64, 0xEC, 0xC0, 0xC3, 0x22, 0x12, 0xD6, 0xD5, 0x14, 0x3A,
    0x0C, 0xA2, 0x96, 0x9C, 0xBC, 0x56, 0x01, 0x19, 0x85, 0xD6, 0xA0, 0x92, 0x6F, 0xA4, 0xE3, 0xC3,
    0x0A, 0x90, 0x4A, 0x7E, 0x7F, 0xE8, 0x04, 0xEE, 0xA9, 0x0D, 0x90, 0x2A, 0x56, 0x51, 0xDA, 0xCC,
    0x3A, 0x4B, 0xB4, 0x9B, 0xD6, 0xAC, 0x50, 0x09, 0x47, 0x0F, 0xFD, 0x00, 0x9D, 0x51, 0xE1, 0x92,
    0x18, 0x94, 0x5A, 0xAB, 0x0E, 0x8F, 0x5C, 0x66, 0x1A, 0xE8, 0x14, 0x86, 0x42, 0x71, 0xE9, 0x4C,
    0xF3, 0xD0, 0x59, 0x0D, 0x78, 0xB8, 0x93, 0x3C, 0x9C, 0xC9, 0xBF, 0x21, 0x27, 0xC8, 0x87, 0xF3,
    0xB8, 0xC6, 0x63, 0xA7, 0x41, 0x96, 0xD3, 0xFD, 0x00, 0x9C, 0x56, 0xAC, 0x70, 0x09, 0x4F, 0x0E,
    0x77, 0x47, 0x86, 0xC8, 0x62, 0x91, 0x6A, 0xBC, 0x3A, 0x41, 0x71, 0x99, 0x6B, 0xBF, 0xD0, 0x05,
    0x6D, 0xCE, 0x47, 0x81, 0x9A, 0xE7, 0x95, 0xB5, 0x28, 0xC5, 0x62, 0x01, 0x24, 0xAA, 0xFF, 0xA0,
    0x13, 0x6F, 0x7C, 0x23, 0xE1, 0x61, 0x81, 0x5A, 0x62, 0xF2, 0x7D, 0x4C, 0xE6, 0x17, 0x0B, 0xF0,
    0x59, 0x20, 0x6E, 0x35, 0xAD, 0x1F, 0x03, 0x50, 0x94, 0xFF, 0xAE, 0x4E, 0xBA, 0x98, 0x38, 0xE5,
    0x76, 0x02, 0xB5, 0x42, 0x4F, 0x35, 0xE2, 0xCA, 0x48, 0xCB, 0x29, 0x5D, 0x40, 0xC3, 0x31, 0xC7,
    0xCE, 0xA1, 0x09, 0x77, 0x07, 0x41, 0xCF, 0x37, 0x70, 0xE6, 0x9F, 0x29, 0x0D, 0x74, 0xA6, 0xB5,
    0x09, 0x48, 0x25, 0xE5, 0x38, 0xA1, 0x76, 0x43, 0xBD, 0x29, 0xDD, 0x42, 0x13, 0x43, 0xF3, 0x50,
    0xBC, 0xD4, 0x5E, 0x5D, 0x13, 0x96, 0x02, 0xF9, 0x13, 0x32, 0xB3, 0xAA, 0x27, 0x66, 0x8A, 0x74,
    0x89, 0x2C, 0xE6, 0x90, 0x9A, 0x28, 0x79, 0xA5, 0x44, 0xF3, 0x50, 0xED, 0x87, 0x3A, 0xA3, 0xC6,
    0x28, 0x03, 0xD9, 0xD4, 0x21, 0x34, 0x4B, 0x65, 0x36, 0x6A, 0x2C, 0x19, 0x4E, 0x40, 0x35, 0x2B,
    0xB2, 0xFA, 0xA6, 0xC5, 0x5A, 0xBD, 0x2F, 0xA7, 0x48, 0x94, 0xC8, 0xE9, 0x13, 0x7F, 0xB5, 0x1D,
    0xC9, 0x39, 0xA7, 0xFA, 0xE9, 0x4E, 0x11, 0x84, 0xA9, 0xB1, 0x51, 0xEB, 0x4A, 0x6C, 0x93, 0x89,
    0x84, 0x8A, 0x74, 0xB1, 0x79, 0x48, 0x05, 0x74, 0x89, 0x53, 0xA2, 0xD5, 0x00, 0x30, 0x4D, 0x87,
    0x75, 0x07, 0x9D, 0x1E, 0x8D, 0xF2, 0x83, 0xCC, 0x25, 0x93, 0x03, 0x45, 0x59, 0xAB, 0x5F, 0xF5,
    0xD2, 0xA1, 0x09, 0xA8, 0x4A, 0x49, 0xED, 0x29, 0xB5, 0x11, 0x07, 0x53, 0x51, 0x74, 0x97, 0x7D,
    0x4B, 0xB8, 0x09, 0xE6, 0x32, 0x89, 0x38, 0x5A, 0xC0, 0x4C, 0x9F, 0xFA, 0x00, 0xF3, 0x4B, 0x95,
    0x0E, 0x65, 0x19, 0xB8, 0x13, 0x2A, 0x41, 0xDA, 0x5D, 0x6A, 0x10, 0x9A, 0x2C, 0x88, 0x04, 0x72,
    0x91, 0x2D, 0x9A, 0x5B, 0x10, 0x36, 0x4C, 0x04, 0x94, 0x02, 0x64, 0x81, 0x19, 0x25, 0xFA, 0x48,
    0x16, 0x34, 0x94, 0x80, 0xEE, 0xA0, 0xB8, 0x93, 0x90, 0xAA, 0x0B, 0x7D, 0x3C, 0xBA, 0x60, 0x27,
    0x90, 0x13, 0x66, 0x0B, 0x5A, 0xB8, 0xAA, 0x40, 0xB5, 0xA0, 0x14, 0x28, 0x02, 0x19, 0x4D, 0x80,
    0x9D, 0x50, 0x70, 0xC8, 0x0F, 0x32, 0x71, 0x34, 0xC0, 0xF7, 0x94, 0xD3, 0x4E, 0x9C, 0x01, 0x69,
    0x01, 0xF6, 0x6C, 0x00, 0x98, 0x1B, 0x68, 0x03, 0x79, 0x06, 0xB3, 0x60, 0x5B, 0x94, 0x0E, 0x87,
    0x03, 0x04, 0x14, 0x98, 0x91, 0x20, 0xE4, 0x54, 0x0B, 0xB4, 0x07, 0x64, 0xE7, 0x14, 0x3B, 0xCA,
    0x6A, 0xA7, 0x50, 0x84, 0xD3, 0xA2, 0xD4, 0xD4, 0x02, 0x4A, 0x87, 0x8A, 0xA2, 0x40, 0xE8, 0xA1,
    0xEB, 0x90, 0x22, 0xE5, 0x66, 0x03, 0x3C, 0xAC, 0xC0, 0x2E, 0x94, 0xE6, 0x8A, 0x48, 0x99, 0x51,
    0x09, 0x13, 0x20, 0x5C, 0x56, 0x89, 0x8A, 0xA2, 0x92, 0x26, 0x40, 0x3F, 0xC8, 0x1D, 0xA6, 0x07,
    0x09, 0x03, 0x86, 0x60, 0x67, 0xE0, 0x2E, 0x72, 0x0E, 0x2A, 0x01, 0xB6, 0x80, 0x68, 0x98, 0x13,
    0xAA, 0xA7, 0xC9, 0x82, 0x02, 0x40, 0x51, 0xE0, 0x12, 0x70, 0x02, 0xE9, 0x03, 0x2E, 0xE0, 0x3F,
    0x90, 0x20, 0x64, 0x03, 0xC9, 0xD4, 0x1F, 0x79, 0x33, 0xB1, 0xCC, 0x1F, 0xB2, 0x01, 0xE4, 0xC1,
    0x6B, 0x34, 0xE8, 0x48, 0x17, 0x52, 0xFF, 0x5D, 0x59, 0x51, 0x70, 0x21, 0x4C, 0x34, 0x57, 0x1F,
    0x85, 0x04, 0x65, 0x30, 0x5C, 0x48, 0x0D, 0xB3, 0x06, 0x84, 0x84, 0x91, 0x23, 0xB7, 0xD4, 0xED,
    0xB2, 0x04, 0xBC, 0x82, 0xA7, 0x30, 0x7B, 0x49, 0xFF, 0x16, 0x00, 0xF4, 0xC1, 0x3B, 0x36, 0xAF,
    0x59, 0xCC, 0x93, 0x06, 0x84, 0xBF, 0xD0, 0x00, 0x91, 0xE4, 0x04, 0xF5, 0x03, 0x25, 0x43, 0x0D,
    0x30, 0x49, 0x4C, 0x1A, 0x37, 0x0B, 0xFD, 0x2E, 0xC1, 0x7C, 0xA8, 0x67, 0x26, 0x74, 0x9A, 0x81,
    0x5A, 0x4C, 0xEB, 0x9A, 0x68, 0x24, 0x67, 0x09, 0x0F, 0x12, 0x61, 0x7F, 0x93, 0x3D, 0xA7, 0x42,
    0xA1, 0x86, 0x6E, 0x60, 0x60, 0x94, 0xD8, 0x0B, 0xF2, 0x39, 0x54, 0x80, 0x8D, 0x29, 0xCD, 0x12,
    0x69, 0x45, 0x31, 0x9C, 0x81, 0xC3, 0x28, 0xB1, 0x95, 0x24, 0x0E, 0x0F, 0x82, 0x3A, 0x54, 0x5A,
    0x18, 0x54, 0xA6, 0x0A, 0xA9, 0x00, 0xA6, 0x46, 0x8B, 0x98, 0x25, 0xAA, 0x12, 0x8A, 0x5C, 0xC1,
    0xBD, 0x28, 0xD5, 0x34, 0x1F, 0x92, 0x04, 0xD4, 0x80, 0x4F, 0x20, 0x15, 0xCC, 0x0D, 0xD2, 0x39,
    0xF4, 0xA9, 0x60, 0x89, 0x91, 0x9F, 0xA6, 0x0C, 0x49, 0x01, 0x0E, 0x77, 0x6A, 0x6C, 0x5A, 0x9D,
    0x1A, 0x0E, 0x04, 0xA8, 0x60, 0x0F, 0x94, 0x00, 0x15, 0xF2, 0x9D, 0x00, 0xEE, 0x66, 0x6E, 0x94,
    0x00, 0x09, 0xD3, 0x10, 0x0C, 0xC0, 0x7B, 0x40, 0x72, 0x7E, 0xB4, 0x05, 0x79, 0x80, 0xEE, 0xA6,
    0xC8, 0xB8, 0x39, 0xB1, 0x38, 0x02, 0xD4, 0xDC, 0xB7, 0x70, 0x21, 0x55, 0xA9, 0x73, 0xA2, 0x81,
    0x52, 0x54, 0x4A, 0x1B, 0x53, 0x26, 0x04, 0x8D, 0x4E, 0x68, 0xD4, 0x3A, 0x3C, 0x0E, 0xA0, 0x01,
    0x49, 0x54, 0x21, 0x54, 0xC8, 0xD5, 0x2C, 0x0A, 0xD2, 0xA3, 0xF6, 0x6A, 0x10, 0x9A, 0x3C, 0xD2,
    0xA1, 0x2A, 0x02, 0x85, 0xFF, 0xD3, 0xAA, 0x3B, 0x58, 0xA4, 0x05, 0x19, 0x81, 0x42, 0x60, 0x4F,
    0x98, 0x84, 0x24, 0x04, 0x89, 0x53, 0xE1, 0x40, 0x87, 0xC8, 0x71, 0x34, 0x0F, 0x3A, 0x1E, 0x72,
    0x60, 0xF4, 0x98, 0x47, 0x71, 0x74, 0x04, 0x25, 0xA1, 0x4F, 0x1D, 0xB8, 0x3D, 0x68, 0x0C, 0xCA,
    0x09, 0x02, 0xA3, 0xA6, 0xA8, 0x72, 0x68, 0x0F, 0x5B, 0xB6, 0x32, 0xA2, 0x7F, 0xF0, 0x0A, 0x64,
    0x27, 0xEC, 0x09, 0xF7, 0x00, 0xF5, 0xFC, 0x25, 0x83, 0xF3, 0xA1, 0x83, 0xDA, 0x40, 0xF5, 0xC9,
    0xC5, 0xEA, 0x0F, 0x5A, 0x9C, 0x5A, 0x74, 0x4E, 0x5D, 0x14, 0x02, 0x32, 0x07, 0xAD, 0xC1, 0x71,
    0x30, 0x79, 0xCA, 0x01, 0x44, 0x05, 0xC4, 0x81, 0x2F, 0x50, 0x7C, 0x4C, 0x0C, 0x52, 0x07, 0xCC,
    0xC0, 0x99, 0x2B, 0x48, 0xEA, 0x24, 0x0F, 0xBE, 0xAA, 0xD7, 0x2E, 0x46, 0x9B, 0x91, 0x6E, 0x3C,
    0x2C, 0xB9, 0x1E, 0x63, 0xC1, 0x9D, 0x82, 0x03, 0x44, 0xA1, 0xD1, 0x68, 0x62, 0x16, 0xA8, 0x1E,
    0xE6, 0x11, 0x4C, 0xBB, 0x7A, 0x41, 0x15, 0xAD, 0xC4, 0x3A, 0xD5, 0x05, 0xF4, 0xC2, 0x17, 0xD1,
    0x4F, 0x58, 0x0B, 0xB6, 0x0A, 0x0D, 0x82, 0x05, 0x8F, 0xF4, 0x00, 0x11, 0x13, 0x45, 0xE5, 0x02,
    0x7F, 0xB0, 0x47, 0x56, 0x71, 0xFE, 0x9C, 0x04, 0x03, 0x6F, 0x5D, 0xAD, 0x14, 0x1F, 0xB6, 0x72,
    0x5C, 0xC1, 0xF3, 0xB0, 0x7C, 0x7C, 0x1F, 0x14, 0xD9, 0x00, 0xDA, 0x60, 0xD8, 0x98, 0x3C, 0xE4,
    0x94, 0xCA, 0xC5, 0xAD, 0x51, 0x4B, 0x4C, 0x5C, 0x78, 0xBB, 0x9F, 0x8D, 0x7A, 0x43, 0x7C, 0xB8,
    0xDE, 0xF3, 0xFE, 0x1B, 0xE5, 0x86, 0xF7, 0x51, 0xBD, 0x5C, 0x21, 0x73, 0x26, 0x2C, 0xC1, 0xB1,
    0x29, 0x50, 0x1E, 0xEB, 0x4E, 0x9D, 0x3B, 0xF6, 0x57, 0x20, 0xBE, 0x48, 0x21, 0x34, 0x06, 0xED,
    0xC2, 0x0D, 0x57, 0x84, 0xCE, 0xA9, 0x31, 0x1D, 0xB4, 0xDE, 0xBB, 0x2B, 0xB5, 0x52, 0x62, 0x10,
    0x69, 0x3C, 0xDA, 0x40, 0x7C, 0xA8, 0xD1, 0xA4, 0x10, 0x5A, 0x07, 0x9E, 0x61, 0xFC, 0x98, 0x42,
    0x2C, 0x1F, 0xD9, 0x04, 0xEA, 0x63, 0xAB, 0x9B, 0xCB, 0x69, 0x37, 0x30, 0xE4, 0xC7, 0x11, 0x20,
    0x73, 0xC8, 0x28, 0xF3, 0x1C, 0x4D, 0xC7, 0x11, 0xA9, 0xD8, 0xE2, 0x2E, 0x38, 0x79, 0xAB, 0x0E,
    0xC3, 0x88, 0x9D, 0xD4, 0x71, 0x1B, 0x06, 0xDC, 0x87, 0x13, 0x99, 0xA8, 0x80, 0x3E, 0x2E, 0x1A,
    0x0E, 0x2A, 0xCC, 0x01, 0x90, 0x3A, 0x2B, 0x31, 0x02, 0xCC, 0x87, 0x17, 0x21, 0xC5, 0x7C, 0x2D,
    0xD3, 0x16, 0x7F, 0xDF, 0x45, 0x55, 0xB8, 0xE4, 0x4C, 0xF7, 0x16, 0x8D, 0xC6, 0x7D, 0x90, 0x34,
    0xD0, 0x45, 0x12, 0x09, 0x24, 0xC5, 0x83, 0x81, 0xB3, 0xE0, 0x71, 0x92, 0xBB, 0x81, 0x3A, 0xE3,
    0x8D, 0xA8, 0x13, 0xF4, 0x38, 0xDA, 0x01, 0x3F, 0xA3, 0x8E, 0xA0, 0x66, 0xA4, 0x38, 0xEE, 0x5D,
    0xC0, 0x4D, 0x90, 0x26, 0x54, 0x55, 0x94, 0x92, 0x81, 0x9A, 0x57, 0x50, 0x01, 0x49, 0xFA, 0x32,
    0x0E, 0x34, 0xC7, 0xC3, 0xF0, 0xE3, 0x5C, 0x02, 0xB3, 0x1C, 0x7D, 0x80, 0xA9, 0x30, 0xE4, 0x54,
    0x71, 0xF3, 0x20, 0x45, 0x86, 0xDD, 0x31, 0xC7, 0xD2, 0xEA, 0x05, 0x6A, 0x00, 0x92, 0x54, 0xD9,
    0x90, 0xE3, 0xE8, 0x08, 0x29, 0x0E, 0x3E, 0x60, 0x5E, 0xA0, 0x80, 0x68, 0x12, 0xFE, 0x8E, 0x43,
    0x60, 0x61, 0xAD, 0x52, 0x4A, 0x06, 0x2A, 0x4D, 0x7F, 0xD3, 0x71, 0xC8, 0xE5, 0xAC, 0x93, 0x1C,
    0x95, 0xC7, 0x23, 0x30, 0xDB, 0x50, 0x72, 0x56, 0x1C, 0x8C, 0xA7, 0x63, 0x91, 0xF0, 0x10, 0x68,
    0x0A, 0x5A, 0x5D, 0xC0, 0xE9, 0x20, 0x36, 0xC8, 0x55, 0xBF, 0x22, 0x67, 0xC7, 0xBD, 0x40, 0x35,
    0xD0, 0x00, 0x52, 0x04, 0x64, 0xC7, 0x25, 0xF8, 0xAD, 0x52, 0x4A, 0x0A, 0xEB, 0x04, 0x82, 0x43,
    0x92, 0xF9, 0x03, 0xE6, 0x39, 0x3D, 0x00, 0xFA, 0x44, 0x3F, 0x98, 0x2E, 0xE6, 0x39, 0x3A, 0x33,
    0x7E, 0x43, 0x92, 0xA0, 0x08, 0x24, 0x04, 0x49, 0x8E, 0x53, 0x60, 0x3C, 0xB8, 0x49, 0xE4, 0x39,
    0x59, 0x02, 0x6A, 0x62, 0x9F, 0xF8, 0xA7, 0xF0, 0x04, 0xAA, 0x03, 0x5E, 0xA1, 0x32, 0x98, 0x1A,
    0xEA, 0x0D, 0x7E, 0x81, 0xB2, 0xA0, 0x68, 0xC8, 0xA7, 0xEC, 0xB0, 0x79, 0x84, 0xB6, 0xC1, 0x8E,
    0xA5, 0xDC, 0x72, 0xFB, 0x15, 0x05, 0x5E, 0x93, 0x55, 0x04, 0x54, 0x31, 0xD5, 0x50, 0x25, 0x47,
    0x2F, 0xB1, 0xCB, 0x74, 0x53, 0xB4, 0x07, 0x4D, 0x87, 0x31, 0xFA, 0x20, 0xD6, 0xFB, 0x21, 0x07,
    0x46, 0x00, 0x83, 0x20, 0x46, 0x48, 0x57, 0xD2, 0x1A, 0x7E, 0x85, 0x17, 0x81, 0xEE, 0x50, 0x51,
    0x95, 0xBA, 0x8D, 0x1A, 0x60, 0x86, 0x98, 0xD2, 0x2E, 0x26, 0x99, 0x81, 0x3A, 0xA2, 0x92, 0xB0,
    0x3A, 0x74, 0x21, 0x7C, 0x01, 0x62, 0x82, 0x94, 0xF8, 0x3B, 0x30, 0x39, 0x9C, 0xCE, 0x87, 0x33,
    0x72, 0xFB, 0xC8, 0x73, 0x54, 0x1C, 0xCE, 0xC6, 0x33, 0x51, 0xCD, 0x62, 0x75, 0x50, 0x85, 0x01,
    0xD2, 0x62, 0xA1, 0xF8, 0xE6, 0xBE, 0x39, 0xAB, 0x80, 0x56, 0x62, 0xA7, 0x90, 0x22, 0xFE, 0x1D,
    0x3A, 0x83, 0xEF, 0x06, 0x02, 0xA0, 0x22, 0xB2, 0x39, 0xDA, 0x54, 0x21, 0x40, 0xF8, 0xD8, 0x1B,
    0xE6, 0x39, 0x6A, 0x07, 0x96, 0x40, 0xF6, 0xB0, 0x3F, 0xE4, 0x0F, 0x69, 0x88, 0x97, 0xA6, 0x27,
    0xA8, 0xA3, 0xF6, 0x1C, 0xFB, 0x08, 0x92, 0xA0, 0xF4, 0xB2, 0xFB, 0xEA, 0x39, 0x6D, 0x2F, 0xAA,
    0xA1, 0xAC, 0x92, 0xBD, 0xA9, 0x43, 0xA2, 0x48, 0xA8, 0xB2, 0x20, 0x58, 0x4E, 0x8B, 0x34, 0x1C,
    0x7C, 0x81, 0x61, 0x71, 0x1B, 0x58, 0x71, 0x93, 0x0E, 0xCF, 0xDC, 0x87, 0xD1, 0xC6, 0x54, 0x62,
    0x92, 0x3A, 0x86, 0x87, 0x19, 0x71, 0x32, 0xCC, 0x18, 0xF7, 0x77, 0xC5, 0x43, 0x0F, 0x21, 0xC3,
    0xC8, 0x1F, 0x53, 0x23, 0xDC, 0xC1, 0x4D, 0x8D, 0x8A, 0xBD, 0xEC, 0x34, 0x9A, 0x01, 0xC3, 0x60,
    0x50, 0xA8, 0xEA, 0x70, 0x3E, 0x29, 0xCE, 0xC8, 0xE7, 0x20, 0x8D, 0x50, 0x03, 0xD8, 0xF7, 0x00,
    0x6E, 0x61, 0xA0, 0x94, 0x46, 0x35, 0x10, 0x8D, 0xC1, 0x8A, 0x3B, 0x20, 0x2A, 0xE0, 0x69, 0x59,
    0x30, 0xDE, 0x0D, 0xE1, 0x3B, 0xA4, 0x6A, 0x28, 0x37, 0x59, 0x8D, 0xB6, 0xBF, 0xE8, 0x00, 0xDB,
    0xB6, 0x6E, 0xAE, 0x8D, 0xBA, 0xE9, 0x5F, 0x91, 0x58, 0xA8, 0x6E, 0xAA, 0x5D, 0x01, 0xA3, 0x55,
    0xCB, 0xCC, 0xC6, 0x37, 0x45, 0x55, 0x0C, 0x63, 0x62, 0xD8, 0xD8, 0x9C, 0xBD, 0x0D, 0xAC, 0x81,
    0xA7, 0x3F, 0xF4, 0x00, 0x1A, 0x93, 0x37, 0x57, 0xCD, 0xD5, 0xB2, 0x04, 0x4D, 0x7D, 0x35, 0x1B,
    0x0E, 0x40, 0x51, 0x31, 0xB1, 0x54, 0x6C, 0x39, 0x1D, 0x0C, 0xDD, 0x99, 0x28, 0x49, 0xBA, 0x66,
    0x36, 0x49, 0x9B, 0xAF, 0x44, 0xAB, 0xA0, 0x36, 0x36, 0xAA, 0x69, 0x8D, 0x86, 0xA4, 0xD7, 0xCD,
    0x36, 0x2B, 0x4E, 0x8C, 0xD1, 0x00, 0x17, 0x21, 0x28, 0xC8, 0x6C, 0x52, 0x37, 0x5E, 0xCB, 0xB5,
    0x51, 0x4E, 0xD8, 0xA9, 0x5F, 0x31, 0x7F, 0xCC, 0x5F, 0x80, 0x0C, 0x4C, 0x51, 0x13, 0x14, 0x64,
    0xC0, 0x4D, 0x31, 0x44, 0xCC, 0x04, 0xB5, 0x37, 0x4D, 0x0E, 0xED, 0x61, 0x7E, 0xF8, 0x6B, 0x96,
    0x32, 0x06, 0x46, 0xB7, 0x40, 0xAE, 0xCA, 0x88, 0x5E, 0x39, 0x0A, 0x7A, 0xA6, 0xEB, 0xD8, 0x09,
    0xA6, 0x28, 0x1A, 0x1B, 0x92, 0x67, 0xA3, 0xAD, 0xD8, 0x05, 0x95, 0x05, 0xBE, 0x49, 0x35, 0x50,
    0xFE, 0xE4, 0xDD, 0x5F, 0x1A, 0x54, 0xC7, 0x09, 0x53, 0x74, 0x64, 0x0F, 0x15, 0x1B, 0x35, 0x0E,
    0xCD, 0x60, 0x2F, 0x4C, 0x6B, 0x32, 0x0F, 0x17, 0xCD, 0xD1, 0xA0, 0x54, 0x51, 0xC6, 0xF4, 0x3C,
    0xA5, 0x8D, 0xD1, 0x81, 0x9E, 0xCC, 0x6A, 0xB5, 0x0B, 0xF4, 0x86, 0xAD, 0x21, 0xA9, 0xCC, 0xDD,
    0x53, 0x1A, 0xAF, 0x44, 0x67, 0x21, 0xAB, 0x48, 0x1C, 0x94, 0x1B, 0x75, 0x08, 0x31, 0x82, 0x1F,
    0xCC, 0x4D, 0x7C, 0x05, 0xC5, 0x43, 0x05, 0x31, 0xAB, 0x5C, 0xDD, 0x18, 0x3B, 0x45, 0x0B, 0x43,
    0x40, 0x55, 0xF0, 0x09, 0x37, 0x1A, 0xA4, 0xCC, 0x11, 0x30, 0x65, 0x58, 0xDD, 0x1E, 0x03, 0x04,
    0xCD, 0xA3, 0x52, 0x09, 0x5F, 0xFD, 0x77, 0x1A, 0xA5, 0x97, 0x81, 0x33, 0x73, 0xF4, 0x2D, 0xD4,
    0x1D, 0x55, 0x55, 0xCD, 0x40, 0xC3, 0x4A, 0x8E, 0x26, 0x39, 0x1B, 0x9E, 0xA8, 0x71, 0xA8, 0x61,
    0xE6, 0x04, 0x8A, 0xA0, 0x16, 0x85, 0xF2, 0xD0, 0xBE, 0xA6, 0x25, 0xAF, 0x81, 0x92, 0xE2, 0x5A,
    0xC4, 0xF0, 0x61, 0xD5, 0x0B, 0xF5, 0x8D, 0xD3, 0xA1, 0x2E, 0x74, 0xD3, 0x77, 0x0B, 0xFD, 0xCD,
    0xD5, 0x71, 0x6E, 0xE4, 0xDD, 0x5F, 0x07, 0x15, 0xC4, 0x17, 0xB3, 0x75, 0x7C, 0x0B, 0x13, 0x07,
    0x1D, 0x80, 0x85, 0x23, 0x6B, 0xD2, 0x52, 0x14, 0x1A, 0x1C, 0x52, 0xA5, 0xDD, 0xF8, 0x46, 0x66,
    0x2D, 0x99, 0x8C, 0x76, 0x43, 0x62, 0x91, 0xBA, 0xE8, 0x35, 0x0C, 0x1B, 0xA2, 0x40, 0x3A, 0xA2,
    0x21, 0xFE, 0x8E, 0xD9, 0x9B, 0xA3, 0x06, 0x0F, 0xB0, 0x39, 0xB2, 0x6E, 0x8F, 0x01, 0x02, 0x63,
    0x4D, 0xB8, 0x62, 0xA4, 0x34, 0xEA, 0x1D, 0x6F, 0x03, 0x4D, 0x90, 0x91, 0x24, 0x34, 0xEB, 0x0D,
    0x37, 0x20, 0x41, 0x90, 0xD3, 0xBB, 0x3A, 0x1B, 0x8D, 0x40, 0xA3, 0x83, 0x75, 0x64, 0x98, 0x7F,
    0x0E, 0x2C, 0xC8, 0x95, 0xB0, 0x8F, 0xC8, 0x4A, 0x92, 0x04, 0x35, 0x01, 0x0B, 0x41, 0xC0, 0xC8,
    0x1F, 0x59, 0x1A, 0x96, 0x41, 0xF1, 0x40, 0xF6, 0x58, 0xA2, 0x36, 0x42, 0x4D, 0x84, 0xFF, 0xF1,
    0xA9, 0x54, 0x4F, 0xD5, 0x37, 0x57, 0x41, 0xED, 0x91, 0x39, 0x4C, 0x6A, 0x93, 0x37, 0x57, 0xDD,
    0x83, 0x53, 0x75, 0x5C, 0x89, 0x33, 0x20, 0xED, 0xCD, 0xD5, 0x51, 0xAC, 0xE5, 0x18, 0x3F, 0x03,
    0x65, 0x4D, 0x9F, 0x33, 0x65, 0x7C, 0x2C, 0xF4, 0x07, 0xA5, 0x08, 0x8F, 0x30, 0x56, 0xE8, 0x1E,
    0x9C, 0x0B, 0x5C, 0x88, 0x8D, 0x40, 0x7A, 0xD4, 0x14, 0x99, 0x36, 0xCF, 0xC5, 0x25, 0xF3, 0x6D,
    0x54, 0xBE, 0x74, 0x09, 0x7E, 0x0B, 0xE7, 0x89, 0xE7, 0xFA, 0x6E, 0x74, 0x4A, 0x91, 0x17, 0x20,
    0xF6, 0xB8, 0x15, 0x6A, 0x0F, 0x6F, 0x1B, 0x96, 0xE0, 0xF5, 0xA0, 0xE6, 0x66, 0x44, 0x4F, 0x91,
    0x12, 0xA0, 0x51, 0x98, 0x3D, 0x3A, 0x6E, 0xDB, 0x02, 0x22, 0x83, 0x8B, 0x92, 0xD2, 0x7F, 0x11,
    0xA0, 0x62, 0x22, 0x0A, 0xBC, 0x93, 0x92, 0x66, 0x29, 0x09, 0x8E, 0x2E, 0x90, 0x0A, 0xA4, 0xA1,
    0x68, 0x33, 0x35, 0x75, 0x0A, 0x0B, 0x50, 0x26, 0x4A, 0x35, 0x14, 0x0D, 0x8D, 0x03, 0x0D, 0x2A,
    0x24, 0x88, 0x6F, 0xF3, 0x15, 0x05, 0x03, 0x61, 0x61, 0x13, 0xCD, 0x07, 0x55, 0x15, 0x2C, 0xC4,
    0x4D, 0x50, 0x71, 0xCC, 0x54, 0xB3, 0x08, 0x35, 0x44, 0x51, 0x32, 0x2D, 0xCA, 0x78, 0xB2, 0xBA,
    0x4A, 0x05, 0xB7, 0x31, 0x63, 0xD8, 0xBE, 0x94, 0x31, 0x2D, 0xCC, 0x33, 0x60, 0x16, 0xD4, 0x68,
    0xB6, 0x01, 0x45, 0x0B, 0xCD, 0x41, 0x67, 0xDC, 0x61, 0x33, 0x1B, 0x9D, 0x0C, 0x4F, 0x52, 0x80,
    0xD1, 0x65, 0x93, 0x75, 0x1C, 0x87, 0x9B, 0x27, 0x54, 0x4C, 0x0B, 0xF8, 0x9C, 0xD0, 0xEC, 0x54,
    0x27, 0x52, 0xC8, 0x58, 0xB4, 0xB6, 0x50, 0xED, 0x81, 0xE5, 0x9D, 0x16, 0x45, 0x44, 0xAB, 0x9B,
    0xE2, 0x55, 0x7A, 0x73, 0x15, 0xA5, 0x45, 0xB1, 0x01, 0x66, 0x56, 0x24, 0xD6, 0xCA, 0x33, 0x4B,
    0x08, 0x84, 0x8C, 0x39, 0x2B, 0x65, 0x14, 0x75, 0xB2, 0x54, 0xBD, 0x4D, 0xD9, 0x30, 0x1B, 0x4A,
    0x72, 0x3A, 0x9A, 0x81, 0x82, 0x43, 0xAA, 0x9A, 0xF7, 0x24, 0x02, 0xC9, 0x01, 0x7E, 0xB3, 0x50,
    0x19, 0xC8, 0x0B, 0xDD, 0x01, 0x0C, 0xA9, 0xD1, 0x90, 0x2F, 0x4A, 0x6A, 0x02, 0xD9, 0x5D, 0x80,
    0x53, 0x30, 0x12, 0xCC, 0x04, 0x95, 0x00, 0x44, 0xA0, 0x14, 0xD0, 0x02, 0xC8, 0xE5, 0xF6, 0x02,
    0xCD, 0x02, 0x5F, 0x20, 0xD7, 0xCA, 0x85, 0x57, 0x33, 0xD6, 0x00, 0xB5, 0x20, 0x86, 0x4E, 0xA9,
    0x3D, 0x74, 0x45, 0x57, 0xB5, 0x51, 0xE8, 0x4C, 0x4D, 0xF2, 0x1E, 0x8C, 0xA8, 0x58, 0xAA, 0x2D,
    0x5E, 0x89, 0x57, 0x19, 0x1D, 0xE8, 0xFB, 0x14, 0xAE, 0x5A, 0xF2, 0xA1, 0x09, 0x03, 0x02, 0xB8,
    0xAA, 0x20, 0xFB, 0x64, 0x9D, 0x09, 0x8E, 0x42, 0xA0, 0xBE, 0xDA, 0x74, 0x26, 0x0B, 0xFA, 0x82,
    0xFB, 0x29, 0xA0, 0xA1, 0x4F, 0xE4, 0x60, 0xCC, 0x8D, 0x02, 0x62, 0xED, 0x90, 0x2F, 0xF8, 0x6E,
    0x8C, 0x99, 0x36, 0xE0, 0x2B, 0x99, 0xBA, 0x38, 0x06, 0x6A, 0x01, 0x3E, 0x56, 0x6A, 0x1D, 0x98,
    0x36, 0x12, 0xCC, 0x52, 0xE6, 0xAE, 0x73, 0x9D, 0x52, 0x50, 0xC6, 0x4A, 0x96, 0xE6, 0x74, 0x3D,
    0x2D, 0x0B, 0x4A, 0x38, 0x9A, 0x9A, 0x22, 0x74, 0x2D, 0x8D, 0x0F, 0x63, 0x44, 0xB3, 0x51, 0x6C,
    0xC1, 0x6E, 0x96, 0x60, 0x11, 0x53, 0xA2, 0xE6, 0x01, 0x8B, 0x4D, 0x2D, 0x10, 0x02, 0x32, 0x04,
    0xD4, 0xC1, 0x87, 0x2D, 0x8D, 0x17, 0x62, 0xCC, 0x69, 0x40, 0x08, 0xE3, 0x60, 0x62, 0x60, 0x0F,
    0x14, 0x06, 0x2E, 0x01, 0x89, 0x93, 0xF5, 0x4C, 0x0C, 0x95, 0x01, 0xB4, 0x86, 0x6D, 0x20, 0x62,
    0xCE, 0x9D, 0x19, 0x1B, 0xDD, 0x41, 0x8D, 0x45, 0x88, 0x49, 0xB2, 0x34, 0x8A, 0xD4, 0x25, 0x20,
    0xC9, 0xA0, 0x0A, 0x64, 0xB6, 0x79, 0x80, 0xA6, 0x80, 0xC9, 0xA0, 0x95, 0xE4, 0x08, 0x29, 0x81,
    0x92, 0x94, 0x3C, 0xC5, 0x0B, 0x30, 0xE5, 0x79, 0x4D, 0x5C, 0xB7, 0x31, 0xBD, 0xD8, 0x24, 0xF8,
    0x26, 0x9D, 0x41, 0x93, 0x62, 0x6A, 0xCF, 0x30, 0x06, 0x19, 0xD1, 0x39, 0x60, 0x62, 0x97, 0x2E,
    0x9D, 0x39, 0x14, 0x55, 0x09, 0xB1, 0x6A, 0xA4, 0xE6, 0xA8, 0x0A, 0xE9, 0x01, 0x9E, 0x64, 0xD9,
    0x98, 0x44, 0xEE, 0x06, 0xAA, 0xA0, 0x6E, 0xA0, 0xAD, 0x98, 0x10, 0x26, 0x0D, 0x1B, 0x04, 0x33,
    0x05, 0xEF, 0xA8, 0x4C, 0x2C, 0x10, 0x9B, 0x03, 0x52, 0x41, 0x31, 0xB0, 0x4C, 0x2A, 0x01, 0xC9,
    0x94, 0xCE, 0x40, 0x26, 0x90, 0x0C, 0xAE, 0x72, 0xCB, 0x00, 0xC6, 0x80, 0x9B, 0xF8, 0x26, 0xAE,
    0x09, 0x39, 0x04, 0xFB, 0x20, 0x2F, 0xB0, 0x34, 0xB0, 0x02, 0xE9, 0x02, 0x26, 0x81, 0x60, 0xC0,
    0x18, 0x32, 0x64, 0x1A, 0x01, 0x7F, 0x45, 0x9D, 0x98, 0x0B, 0xA6, 0x10, 0x6A, 0x06, 0x43, 0xA1,
    0x06, 0xC0, 0x17, 0xFA, 0x10, 0x29, 0x8D, 0xAF, 0x20, 0x33, 0xA8, 0x9D, 0x66, 0x27, 0x2A, 0x81,
    0x9E, 0xCA, 0x51, 0xD0, 0x0F, 0x72, 0x27, 0x3B, 0x82, 0x83, 0xD3, 0x81, 0x3B, 0x50, 0x35, 0x99,
    0xBA, 0x80, 0xFA, 0xA0, 0xE1, 0xA8, 0x9D, 0xE5, 0x20, 0x01, 0xF6, 0xC6, 0xCD, 0x40, 0x86, 0x48,
    0x05, 0x55, 0x03, 0x8D, 0x21, 0x54, 0xA1, 0xA1, 0xCA, 0x93, 0x43, 0x35, 0xF4, 0xB6, 0x20, 0x2A,
    0x9A, 0xD2, 0x6A, 0x05, 0xEA, 0x80, 0xEA, 0x75, 0x40, 0x7D, 0x4A, 0x91, 0xE6, 0xAA, 0x4E, 0x5A,
    0xD5, 0x40, 0x54, 0x50, 0x10, 0xF7, 0xA7, 0xC2, 0x69, 0x5E, 0x6A, 0x4D, 0xB2, 0xA5, 0x0D, 0x00,
    0xE4, 0xA4, 0x55, 0x18, 0x70, 0x67, 0x6A, 0x47, 0x1B, 0x00, 0x7A, 0x80, 0x43, 0x98, 0x1C, 0x26,
    0x54, 0xDA, 0x4A, 0x29, 0x14, 0x36, 0xBA, 0xCA, 0x07, 0x53, 0x85, 0x52, 0x70, 0x2D, 0xFA, 0xA0,
    0x12, 0x64, 0x0E, 0x4B, 0x80, 0x42, 0x40, 0x27, 0xA5, 0x42, 0x53, 0x4A, 0x91, 0x52, 0x73, 0x00,
    0x26, 0x96, 0x28, 0x38, 0x76, 0x02, 0x16, 0x80, 0x53, 0x29, 0x4D, 0x22, 0xD9, 0x51, 0x88, 0x83,
    0xCE, 0x74, 0xAB, 0x35, 0x27, 0x96, 0x0E, 0xDC, 0x80, 0x76, 0xC0, 0x22, 0x95, 0x2B, 0x15, 0x49,
    0xF3, 0x00, 0x7A, 0x58, 0x10, 0x31, 0x4C, 0x0C, 0x37, 0x41, 0x84, 0xC1, 0x8F, 0x65, 0x34, 0xD6,
    0x17, 0x6B, 0x80, 0x4A, 0xB5, 0x05, 0x24, 0x95, 0x32, 0xDB, 0x00, 0x96, 0xF5, 0xA7, 0xF4, 0xFB,
    0x71, 0xB7, 0x6C, 0x66, 0xF9, 0x1B, 0x7B, 0x86, 0xDD, 0xA9, 0xA1, 0x24, 0x6D, 0xED, 0x1C, 0x6A,
    0xA3, 0x96, 0x91, 0x14, 0x65, 0x4A, 0xAB, 0xD4, 0xE1, 0x34, 0x98, 0x1D, 0x48, 0x64, 0xD2, 0x46,
    0xAD, 0x45, 0x6D, 0x21, 0x2D, 0xC9, 0x04, 0xD4, 0x9A, 0x95, 0xEE, 0xE5, 0x79, 0x99, 0x75, 0x6A,
    0xC9, 0x7A, 0x95, 0x5E, 0x65, 0x5C, 0x9A, 0x9D, 0x2A, 0x21, 0xBB, 0x89, 0x1E, 0x63, 0x39, 0x98,
    0x08, 0xE5, 0x03, 0x13, 0xF4, 0x9C, 0x2B, 0x39, 0xD5, 0x0A, 0x29, 0x43, 0x8A, 0x29, 0x97, 0xA0,
    0x10, 0x98, 0x44, 0x26, 0x27, 0x4A, 0xA9, 0x9B, 0x42, 0x4C, 0x90, 0x42, 0xE6, 0x47, 0xF9, 0x0E,
    0x02, 0x6E, 0x0B, 0xAB, 0xBE, 0x64, 0x10, 0x99, 0x6C, 0xE9, 0x71, 0x1A, 0x64, 0x54, 0x6F, 0x13,
    0x51, 0x7D, 0x87, 0x93, 0x2B, 0x54, 0x36, 0xD3, 0x0D, 0x8D, 0x44, 0x24, 0x1F, 0x19, 0x95, 0x42,
    0x09, 0x01, 0xAE, 0x8F, 0x2E, 0x56, 0xA8, 0x84, 0x8F, 0xA5, 0x35, 0xBE, 0x41, 0xE0, 0x36, 0x08,
    0x04, 0x93, 0xE3, 0x36, 0xA8, 0x42, 0x20, 0x36, 0x10, 0x04, 0xCA, 0xD3, 0x10, 0x93, 0xF4, 0xA7,
    0x37, 0xC8, 0x5C, 0x06, 0xC8, 0xAF, 0xFE, 0x39, 0x0A, 0x6E, 0xE4, 0x9D, 0x6C, 0x00, 0xB2, 0x9E,
    0xED, 0x63, 0x31, 0xC9, 0x35, 0x42, 0x71, 0x03, 0x85, 0x6C, 0x6C, 0x60, 0x06, 0x94, 0xA6, 0xA1,
    0x3B, 0xB3, 0xC3, 0x6C, 0x36, 0xF8, 0x11, 0x25, 0xEF, 0x50, 0x99, 0x0E, 0x72, 0xC2, 0x42, 0x97,
    0xFA, 0x02, 0x7E, 0x79, 0xD5, 0x26, 0xFF, 0xEF, 0x25, 0x52, 0x6C, 0x58, 0xAA, 0xCA, 0xFE, 0xB5,
    0x49, 0xBD, 0x17, 0x02, 0xC7, 0xFA, 0x60, 0x41, 0x2B, 0x2B, 0xAD, 0x52, 0x4F, 0x54, 0x91, 0x83,
    0xB6, 0x53, 0x30, 0x0B, 0xCA, 0x6E, 0x11, 0xDB, 0x4C, 0xEA, 0x92, 0x37, 0xB8, 0xD2, 0x2B, 0x54,
    0x91, 0x4A, 0xFE, 0xE4, 0x22, 0x9A, 0xED, 0x64, 0x77, 0xDB, 0x83, 0x02, 0x81, 0x26, 0x94, 0x98,
    0x83, 0xD4, 0x9B, 0x16, 0x56, 0xB5, 0x49, 0xBD, 0x52, 0x7E, 0x98, 0xD9, 0x76, 0x54, 0xFF, 0x29,
    0xDD, 0x0B, 0xCC, 0xA7, 0xD9, 0x5D, 0xAA, 0x93, 0xE2, 0x4F, 0xDE, 0xB7, 0x0F, 0x9E, 0xC1, 0xAA,
    0x93, 0xF0, 0x1B, 0xCD, 0xE0, 0x32, 0x38, 0xB6, 0x7D, 0x81, 0x08, 0x9A, 0x48, 0xA9, 0x3E, 0xAA,
    0x4D, 0xAA, 0x92, 0x6A, 0xA0, 0xE1, 0xA5, 0x5B, 0x80, 0xCF, 0x76, 0xAA, 0x73, 0xFA, 0x9C, 0xED,
    0x23, 0x24, 0x8D, 0xA6, 0x60, 0x64, 0x97, 0xAC, 0x0C, 0x92, 0x18, 0x35, 0x2B, 0x70, 0xF0, 0x42,
    0x4A, 0x0D, 0x54, 0x9B, 0x83, 0xE6, 0x60, 0x28, 0x98, 0x98, 0x66, 0x02, 0x8A, 0x4D, 0xAA, 0x93,
    0x2A, 0xA4, 0x88, 0x04, 0xD3, 0x2F, 0x8F, 0xCE, 0x29, 0x9A, 0xA4, 0x8E, 0xA9, 0x27, 0x2B, 0xB5,
    0x80, 0xBB, 0x3F, 0x50, 0x15, 0xE4, 0x11, 0x1A, 0x01, 0x5B, 0x7F, 0xEF, 0x60, 0x13, 0xFA, 0xE9,
    0x69, 0xD4, 0x22, 0x40, 0x52, 0xA9, 0xFA, 0x38, 0x9B, 0x09, 0x98, 0x22, 0x6A, 0x15, 0x92, 0xB1,
    0xB0, 0x71, 0xBA, 0x1C, 0x52, 0x53, 0x10, 0x16, 0xCA, 0x68, 0xAC, 0x5A, 0x82, 0xF2, 0x53, 0x5A,
    0x2E, 0xC5, 0x34, 0xB2, 0xD8, 0x82, 0xEE, 0x6A, 0x77, 0xF2, 0x2B, 0xE9, 0x4F, 0x84, 0x80, 0xE2,
    0x82, 0x58, 0x90, 0x2E, 0xEA, 0x4D, 0xEC, 0xBA, 0xFF, 0x83, 0x97, 0x90, 0xCB, 0xA9, 0xEA, 0xAA,
    0x4F, 0x02, 0xD9, 0x70, 0x2D, 0xD2, 0x7A, 0xEB, 0xEA, 0x8E, 0x46, 0xC0, 0x87, 0xA0, 0xE2, 0xA6,
    0x02, 0x9A, 0x4F, 0x0B, 0x63, 0x50, 0x8F, 0x54, 0x16, 0x5D, 0xA1, 0xC0, 0xE8, 0x4A, 0x77, 0xB0,
    0x68, 0x6A, 0x90, 0x3D, 0x3F, 0x5B, 0x80, 0x63, 0xA8, 0x0A, 0xA6, 0x03, 0x6A, 0x4D, 0x41, 0x77,
    0x6F, 0x68, 0x16, 0xAC, 0x7F, 0x2B, 0x02, 0x3E, 0x87, 0xCF, 0xF8, 0x2E, 0xA8, 0xE9, 0x5A, 0x48,
    0x40, 0xC9, 0x40, 0x48, 0x48, 0x7E, 0x53, 0x53, 0x65, 0xCB, 0xF9, 0xF0, 0x1F, 0xDD, 0xEB, 0x75,
    0x17, 0x84, 0xC0, 0x7B, 0x50, 0x1D, 0xCC, 0x65, 0x73, 0x53, 0x5E, 0x3D, 0x81, 0xDE, 0xA8, 0x80,
    0x64, 0x04, 0x1A, 0x9B, 0xB2, 0x61, 0x3A, 0x90, 0x10, 0x66, 0xFA, 0x1C, 0x48, 0x47, 0x37, 0x60,
    0x1C, 0xC8, 0x55, 0x92, 0x98, 0x84, 0x7E, 0x53, 0x40, 0xC2, 0x5D, 0x4D, 0x97, 0x01, 0x4C, 0xC3,
    0x09, 0x20, 0x22, 0xD1, 0x4C, 0xDD, 0x03, 0x44, 0xC0, 0x59, 0x30, 0xC1, 0xFC, 0xE2, 0xD3, 0x30,
    0xED, 0x0E, 0x2F, 0x40, 0x19, 0x48, 0x52, 0xF5, 0x06, 0x44, 0xCE, 0x25, 0x40, 0x2A, 0x54, 0x32,
    0xD3, 0x03, 0x0C, 0xEA, 0x93, 0xD7, 0x01, 0x71, 0x2E, 0xB5, 0x2C, 0xA4, 0x81, 0x13, 0x24, 0x34,
    0x48, 0xBA, 0xF4, 0x9E, 0x02, 0x86, 0xA2, 0x12, 0xA8, 0x61, 0x32, 0xF8, 0x3B, 0xA9, 0x7B, 0xE0,
    0xCF, 0xB0, 0x4B, 0x66, 0xDE, 0xEB, 0x00, 0xE2, 0x61, 0x5B, 0xA8, 0x23, 0xE4, 0x70, 0xAC, 0xA5,
    0x8A, 0xA7, 0x00, 0xB8, 0x0B, 0xE4, 0x09, 0x3B, 0x86, 0x3F, 0xE9, 0x6B, 0xB9, 0xD0, 0x34, 0xBD,
    0xE9, 0x83, 0x5B, 0x33, 0x71, 0x43, 0xDC, 0x72, 0xB7, 0x30, 0x1C, 0xC8, 0x5B, 0x29, 0xE1, 0x93,
    0xE6, 0x1C, 0x5A, 0x81, 0xD6, 0xC6, 0x02, 0xBF, 0xB4, 0x0D, 0x99, 0x07, 0x14, 0x8D, 0xE5, 0x60,
    0x1D, 0xD9, 0x20, 0xBB, 0x4C, 0x46, 0x41, 0xAB, 0x40, 0x37, 0x4C, 0xDE, 0xB4, 0x9A, 0xFF, 0xBD,
    0x20, 0x58, 0x98, 0x2A, 0x27, 0x2B, 0xFA, 0x81, 0xB6, 0xEC, 0x0C, 0xCA, 0x91, 0x2C, 0x1A, 0x4B,
    0x0D, 0xCA, 0x60, 0xD4, 0xAB, 0x1B, 0x7E, 0xED, 0x5F, 0x86, 0x77, 0x01, 0x02, 0xA0, 0x27, 0x2A,
    0x7E, 0xAA, 0x83, 0x56, 0xEB, 0x40, 0xD4, 0xE0, 0xC7, 0x55, 0x57, 0x25, 0x06, 0x2D, 0x30, 0x34,
    0x58, 0x51, 0xD4, 0x0B, 0xC5, 0x04, 0x0F, 0xF0, 0x6A, 0xCC, 0xD6, 0x5A, 0x10, 0x45, 0x82, 0x61,
    0x40, 0x6B, 0x50, 0x1A, 0xB3, 0x0D, 0x05, 0x40, 0x6D, 0x40, 0x6A, 0xD1, 0x97, 0xD4, 0x06, 0xB4,
    0xF6, 0x0B, 0x28, 0xE4, 0xD1, 0xCA, 0x59, 0x0D, 0x56, 0xD2, 0x4F, 0x55, 0x96, 0xFC, 0x5E, 0xD4,
    0x06, 0xBD, 0x40, 0xDF, 0x39, 0xB0, 0x35, 0xBF, 0xFE, 0x9D, 0x83, 0x5A, 0x53, 0xA1, 0xFE, 0x4C,
    0x1A, 0xF5, 0x08, 0xB6, 0x01, 0xAF, 0x9F, 0x60, 0x1B, 0xB6, 0x6D, 0x3B, 0xD4, 0x22, 0x20, 0xD8,
    0xF9, 0xF3, 0x76, 0x0D, 0x89, 0x0C, 0xD6, 0x40, 0x71, 0x98, 0x6C, 0x2D, 0x43, 0xA8, 0x4C, 0x85,
    0xA3, 0x2F, 0x50, 0xCD, 0xA6, 0x2F, 0xF9, 0x86, 0xC6, 0x43, 0x35, 0x90, 0xCD, 0x26, 0x00, 0xA9,
    0x5D, 0x46, 0x59, 0x30, 0x6E, 0x52, 0x4E, 0x33, 0x5A, 0x06, 0xC6, 0x63, 0x3E, 0x95, 0x52, 0x44,
    0x11, 0x0A, 0x89, 0xE7, 0xE1, 0x9E, 0x98, 0x29, 0x66, 0x06, 0x9A, 0x4C, 0x86, 0x6B, 0x30, 0x6F,
    0x50, 0x5A, 0xF3, 0x9B, 0x15, 0xF2, 0x50, 0x01, 0x9B, 0x4A, 0x74, 0x33, 0x6B, 0x84, 0x4A, 0xA1,
    0xBB, 0xB8, 0x2B, 0x29, 0x3F, 0x19, 0xB6, 0xBD, 0xA4, 0x3F, 0xA4, 0xF8, 0x61, 0xD9, 0x19, 0xB7,
    0xC6, 0x6D, 0xFA, 0xA4, 0x9C, 0x1B, 0x74, 0x03, 0x25, 0x44, 0xF5, 0xA0, 0x16, 0x52, 0x6E, 0x10,
    0xCA, 0x0A, 0xBE, 0x55, 0x49, 0xB0, 0xFB, 0x2C, 0x30, 0xF9, 0x03, 0x43, 0x29, 0x92, 0xF8, 0xCD,
    0xEA, 0x06, 0x2A, 0x0D, 0x7E, 0x40, 0x5E, 0x97, 0xAC, 0x66, 0xD3, 0x13, 0x35, 0xC0, 0xAB, 0x5F,
    0xF7, 0xB4, 0x09, 0xDB, 0x19, 0xA5, 0x40, 0xA3, 0xF6, 0xD6, 0x7C, 0x40, 0x57, 0x19, 0xA5, 0x0D,
    0x93, 0x2A, 0x84, 0xC8, 0x32, 0xF3, 0x19, 0xAD, 0xC6, 0x69, 0x71, 0x96, 0xCC, 0x4C, 0xB5, 0x0D,
    0x64, 0x84, 0xE9, 0xD0, 0xCB, 0xC8, 0x1E, 0x93, 0x05, 0xDE, 0x42, 0x59, 0x54, 0x9E, 0x50, 0x32,
    0xF4, 0x19, 0xAE, 0xBD, 0x63, 0x35, 0x98, 0x20, 0xFC, 0x33, 0x79, 0x0C, 0xD7, 0x26, 0xBF, 0xA0,
    0x98, 0xAC, 0x30, 0x4D, 0x0C, 0xD3, 0xE3, 0x34, 0x91, 0xB3, 0xA6, 0xDA, 0xDB, 0x86, 0x3B, 0x43,
    0x35, 0xAC, 0xE8, 0x66, 0xB4, 0xBB, 0x8C, 0xD6, 0xE0, 0x91, 0xD1, 0x06, 0xA8, 0x05, 0xA9, 0x06,
    0x2A, 0x41, 0xBE, 0xA0, 0xA4, 0xEE, 0x02, 0xC9, 0x39, 0x93, 0xE3, 0xF1, 0xB0, 0xA4, 0xE6, 0x06,
    0x39, 0x39, 0x92, 0xE5, 0x65, 0xAB, 0x95, 0x72, 0x07, 0x69, 0x05, 0x96, 0x40, 0x40, 0xC8, 0xD9,
    0xEC, 0x33, 0x5B, 0x0D, 0xCA, 0xE3, 0x35, 0xC7, 0xB5, 0x57, 0xF5, 0x21, 0x96, 0x12, 0x53, 0x32,
    0x03, 0x50, 0x30, 0xDC, 0x19, 0xAD, 0x46, 0x43, 0x21, 0x9A, 0xE4, 0x66, 0x95, 0x03, 0x14, 0xC6,
    0x6B, 0x31, 0x30, 0x7C, 0x4C, 0x15, 0x00, 0x2D, 0x06, 0x6D, 0x21, 0x30, 0x7D, 0x95, 0x1F, 0x25,
    0xBD, 0x84, 0xC1, 0x60, 0xBD, 0x6D, 0x49, 0x54, 0x19, 0xB6, 0x04, 0xC1, 0xB4, 0x85, 0xD4, 0x66,
    0xD4, 0x13, 0x06, 0x00, 0xC3, 0x61, 0x30, 0x60, 0x3D, 0xFF, 0x11, 0x5E, 0xC4, 0xC1, 0xF1, 0x30,
    0x7D, 0xB2, 0x7C, 0xD8, 0x25, 0x0B, 0x82, 0x60, 0xA0, 0xDA, 0x74, 0x18, 0xFE, 0x01, 0x22, 0x82,
    0x60, 0xF8, 0x98, 0x3E, 0x26, 0x0B, 0x28, 0xE2, 0xA3, 0x38, 0xE8, 0x43, 0x30, 0x26, 0x0F, 0x81,
    0xBA, 0xC2, 0x60, 0xB8, 0x1B, 0xFE, 0x25, 0xFF, 0x03, 0x62, 0x42, 0x5F, 0xC8, 0x1C, 0x28, 0x25,
    0xCB, 0x01, 0xBA, 0xA1, 0x96, 0xA9, 0xCE, 0xAE, 0x40, 0xCD, 0x86, 0x7B, 0xE1, 0x9E, 0xAB, 0x9D,
    0xBE, 0x19, 0xEC, 0x09, 0x3F, 0x43, 0x36, 0x98, 0x35, 0x32, 0x31, 0x6A, 0xB9, 0xDB, 0x13, 0xA1,
    0x76, 0x50, 0x81, 0x7E, 0x18, 0x15, 0x6D, 0x30, 0x4B, 0x54, 0x10, 0x35, 0x57, 0x22, 0x2C, 0x80,
    0xCD, 0x86, 0xBE, 0x5E, 0xD3, 0x00, 0x6B, 0xEE, 0x5A, 0xF7, 0x7B, 0x54, 0x00, 0xD3, 0xB3, 0x83,
    0xC8, 0x6C, 0x10, 0x10, 0x5A, 0x4D, 0x43, 0xF3, 0x05, 0xAD, 0x54, 0xE5, 0x47, 0xB6, 0x67, 0xCE,
    0x0E, 0xCA, 0x97, 0x63, 0x04, 0x21, 0xB2, 0x8D, 0xEC, 0x34, 0xB9, 0x2D, 0xC6, 0xAB, 0x5F, 0xC1,
    0x3D, 0x7E, 0x34, 0xAF, 0x84, 0x7B, 0x24, 0x20, 0xA0, 0x70, 0x6C, 0x42, 0x1A, 0xA8, 0xC2, 0x4E,
    0x73, 0xA8, 0x3A, 0x7E, 0x4E, 0xFB, 0x10, 0x83, 0xF3, 0xC2, 0x0E, 0xDD, 0x76, 0x16, 0x88, 0x9A,
    0x8A, 0x60, 0xEA, 0xF8, 0x20, 0xE6, 0x6A, 0xBB, 0x9A, 0xAB, 0x20, 0x8D, 0x91, 0xAA, 0xEC, 0x6A,
    0xAC, 0xD0, 0x83, 0x8B, 0x21, 0xAF, 0x6D, 0xF4, 0x79, 0x1A, 0xF5, 0xBC, 0xE6, 0x95, 0xC8, 0xD7,
    0x26, 0x69, 0x6A, 0x8D, 0x7E, 0x86, 0x95, 0xF9, 0xA5, 0x68, 0x32, 0x69, 0xAC, 0x1E, 0x65, 0x11,
    0xF9, 0xA5, 0x7E, 0x69, 0x5F, 0x9A, 0x57, 0xE0, 0xBC, 0xA8, 0x32, 0xEC, 0x35, 0xED, 0x9A, 0x56,
    0x95, 0x49, 0xF2, 0xDB, 0x68, 0x69, 0x5F, 0x8D, 0x7B, 0xE6, 0x95, 0xF9, 0xA5, 0x78, 0x02, 0xD9,
    0x81, 0x72, 0x83, 0x5D, 0xA0, 0x16, 0xAA, 0x69, 0x5F, 0x9A, 0x57, 0xE6, 0x95, 0xF9, 0xA5, 0x7A,
    0x05, 0x6B, 0xFF, 0xBD, 0x80, 0x4F, 0xE9, 0xA5, 0x7E, 0x69, 0x5F, 0x9A, 0x57, 0xE6, 0x95, 0xF8,
    0x2F, 0x24, 0x35, 0xD9, 0x0D, 0x86, 0x61, 0xC0, 0x99, 0xA5, 0x7E, 0x29, 0xFA, 0x84, 0x1E, 0x61,
    0xC1, 0x99, 0x06, 0xFE, 0x69, 0x5F, 0x9A, 0x57, 0xE0, 0x5B, 0xA8, 0x87, 0x66, 0x86, 0x19, 0x1A,
    0x57, 0xD5, 0x49, 0xE0, 0x18, 0xA8, 0x69, 0x5F, 0x9A, 0x57, 0xE6, 0x95, 0xF9, 0xA5, 0x7E, 0x69,
    0x5F, 0x02, 0xEE, 0x84, 0x43, 0xA0, 0xD7, 0xE6, 0xC5, 0x1B, 0x9A, 0x57, 0xE6, 0x95, 0xF9, 0xA5,
    0x7E, 0x69, 0x5F, 0x9A, 0x57, 0xA0, 0xC4, 0xA9, 0xA5, 0x7E, 0x69, 0x5E, 0x82, 0x02, 0x63, 0x60,
    0x98, 0x10, 0x2E, 0x4E, 0xD9, 0x81, 0xC6, 0x63, 0x5F, 0xF9, 0xA5, 0x7E, 0x18, 0x4A, 0x32, 0xDA,
    0xC3, 0x03, 0xA5, 0xD0, 0x3D, 0x14, 0x34, 0xB7, 0xCD, 0x2D, 0x40, 0xC2, 0x7C, 0xD2, 0xDF, 0x34,
    0xB7, 0xCD, 0x2D, 0xD0, 0x4A, 0x50, 0xD2, 0xDF, 0x34, 0xB7, 0xC4, 0x11, 0x20, 0x69, 0x54, 0xD2,
    0xDF, 0x34, 0xB7, 0xCD, 0x2D, 0xF3, 0x4B, 0x74, 0x20, 0x36, 0x34, 0xB7, 0xCD, 0x2D, 0xC0, 0x4A,
    0x5C, 0x32, 0x1F, 0x34, 0xB7, 0xCD, 0x2D, 0xF3, 0x4B, 0x7C, 0x4E, 0x7F, 0x0E, 0x36, 0x04, 0xEB,
    0xF0, 0x36, 0x50, 0xD2, 0xDF, 0x34, 0xB7, 0xCD, 0x2D, 0xF3, 0x4B, 0x7E, 0x57, 0xF5, 0x03, 0x6D,
    0xC8, 0x6B, 0xF3, 0x4B, 0x6C, 0x1A, 0x95, 0x34, 0xB7, 0xCD, 0x2D, 0xF3, 0x4B, 0x7C, 0xD2, 0xD9,
    0x06, 0xAD, 0xDD, 0x09, 0xB3, 0x4A, 0xFC, 0x0C, 0xF3, 0x16, 0xCC, 0xCD, 0x2B, 0xF3, 0x4A, 0xFC,
    0x86, 0x9F, 0x21, 0xA7, 0xC3, 0x41, 0x53, 0x4A, 0xFC, 0xD2, 0xBB, 0x77, 0xAD, 0xC3, 0x55, 0xF0,
    0xD5, 0x4D, 0xCE, 0x55, 0x01, 0xA6, 0xC8, 0x69, 0xF3, 0x4A, 0xFC, 0xD2, 0xBF, 0x10, 0xBD, 0xC8,
    0x69, 0xF0, 0x37, 0x54, 0xD2, 0xB9, 0xB4, 0x43, 0x63, 0x70, 0xB9, 0x57, 0xD0, 0x28, 0x72, 0xF0,
    0xDB, 0x64, 0x17, 0x08, 0x0C, 0xB7, 0xE7, 0x3F, 0xAA, 0x5B, 0xA4, 0x0D, 0x6A, 0xAB, 0x42, 0xA6,
    0xD6, 0xAC, 0x8C, 0xD2, 0x63, 0x02, 0x90, 0x5B, 0x2C, 0x12, 0x49, 0xB1, 0xC6, 0xA9, 0xC9, 0xA4,
    0x00, 0x67, 0x13, 0x6A, 0xF5, 0x41, 0xB9, 0x49, 0x23, 0x98, 0xF0, 0x03, 0x19, 0x07, 0x8A, 0x60,
    0x3A, 0xB3, 0x27, 0x2B, 0xED, 0x11, 0xA5, 0x41, 0x21, 0x36, 0xA7, 0xD4, 0x02, 0xF6, 0xF6, 0x3B,
    0xDE, 0xA0, 0x17, 0xAD, 0x36, 0x22, 0xA5, 0xF9, 0xB3, 0xC2, 0x6C, 0x25, 0x93, 0x52, 0xA4, 0x0D,
    0x59, 0x58, 0xA8, 0x6D, 0x46, 0x95, 0x0E, 0xD9, 0x42, 0xB6, 0x34, 0x3E, 0xA5, 0x6B, 0xA0, 0x08,
    0x66, 0xAE, 0xA9, 0x3E, 0x5B, 0x05, 0xEB, 0x98, 0xCF, 0x64, 0x03, 0x7C, 0x00, 0x3A, 0x40, 0x37,
    0x90, 0x05, 0xA4, 0x01, 0x4B, 0xFF, 0xBD, 0xC0, 0x0F, 0xA8, 0x03, 0xA4, 0xFA, 0xBA, 0x8B, 0x76,
    0x54, 0x2A, 0xBD, 0x0D, 0xA4, 0x78, 0x32, 0x6E, 0xA7, 0x0A, 0xCA, 0xAA, 0xB2, 0x66, 0x07, 0x5A,
    0xA9, 0x02, 0x42, 0xF1, 0xB3, 0x45, 0x2A, 0x02, 0x09, 0xAE, 0x02, 0x42, 0xDB, 0xA3, 0xF4, 0xEE,
    0x25, 0x9A, 0x80, 0xBE, 0x80, 0x76, 0xF0, 0x31, 0xE6, 0x01, 0xB9, 0x81, 0x57, 0x60, 0x8F, 0xC8,
    0x1D, 0xE5, 0x66, 0x31, 0x9C, 0xDA, 0x03, 0x90, 0x59, 0xCB, 0x4B, 0x43, 0xD2, 0x92, 0xBA, 0x5B,
    0x1A, 0x16, 0xC7, 0xFD, 0x77, 0x03, 0xC5, 0x40, 0xC5, 0x55, 0xC2, 0xCC, 0x13, 0x37, 0x62, 0x65,
    0xC0, 0x71, 0x60, 0x07, 0x4C, 0x17, 0x76, 0x00, 0xAC, 0xC3, 0x1D, 0x41, 0x96, 0x4E, 0xEA, 0xDA,
    0x8A, 0xAF, 0xFA, 0x87, 0x2D, 0xA8, 0x4F, 0x24, 0xCA, 0x1A, 0x3C, 0x2E, 0x71, 0x2A, 0x16, 0x61,
    0x9B, 0x72, 0x66, 0xD5, 0x86, 0xDD, 0x20, 0xE9, 0x48, 0x54, 0xD4, 0x9C, 0x8F, 0xEA, 0x87, 0x59,
    0x90, 0x77, 0xE6, 0x0B, 0xAA, 0x8A, 0xAA, 0xEB, 0xEA, 0xAD, 0x3E, 0x12, 0x29, 0x49, 0x33, 0x3E,
    0x60, 0x31, 0xA0, 0x59, 0xAA, 0x0C, 0x0B, 0x81, 0x1E, 0xAD, 0x2E, 0x9F, 0xFB, 0xD8, 0xD1, 0xFA,
    0x81, 0x7E, 0xE4, 0x11, 0xA0, 0x06, 0x6B, 0xEC, 0x02, 0x1D, 0x40, 0x31, 0x30, 0x4D, 0x60, 0x1B,
    0x38, 0x04, 0xD6, 0x00, 0x31, 0x42, 0xA8, 0x54, 0x1E, 0x19, 0x01, 0x7E, 0xA7, 0x34, 0x68, 0x18,
    0x0E, 0xE4, 0x4D, 0x3A, 0x06, 0x23, 0xA0, 0x3B, 0xA8, 0x3F, 0x70, 0x07, 0xC9, 0x02, 0x57, 0x10,
    0xA0, 0x1E, 0x4C, 0x06, 0xB4, 0x03, 0xBD, 0x00, 0xA3, 0x30, 0x0A, 0x54, 0x05, 0x13, 0x03, 0x6D,
    0x5F, 0x8F, 0xD0, 0x1D, 0x5D, 0x99, 0xD7, 0x02, 0x8E, 0x40, 0x33, 0x70, 0x0B, 0xD8, 0x1D, 0x73,
    0x02, 0xAC, 0xC0, 0x31, 0x82, 0xC1, 0x4C, 0xAF, 0x3F, 0x2B, 0xCF, 0xCA, 0xF3, 0x71, 0x2A, 0x54,
    0x28, 0xD7, 0x51, 0x3D, 0x07, 0xA7, 0xC2, 0x04, 0xD5, 0x81, 0x77, 0x37, 0x8D, 0x43, 0xA9, 0x30,
    0x0C, 0xC9, 0x80, 0xB8, 0xA1, 0xC5, 0x28, 0x51, 0x40, 0x6D, 0x48, 0x01, 0x53, 0xBB, 0x84, 0xFA,
    0x6B, 0xF1, 0xC7, 0xB9, 0x7D, 0xF3, 0x2E, 0x7C, 0xD4, 0x73, 0x3A, 0x5C, 0x02, 0x99, 0x00, 0xA6,
    0xC0, 0x29, 0xD0, 0x0A, 0x7C, 0x02, 0xA1, 0x00, 0xA8, 0xC0, 0x2A, 0x50, 0x0A, 0x9C, 0x02, 0x25,
    0x3F, 0x98, 0x6B, 0xFF, 0xD0, 0x08, 0x9C, 0xFE, 0x29, 0x7F, 0x99, 0x77, 0xE2, 0xB3, 0xF9, 0x9E,
    0x7E, 0x2D, 0x3F, 0x9A, 0x43, 0xED, 0x53, 0xF9, 0xAD, 0xFE, 0x2F, 0x7F, 0x9B, 0x77, 0xE3, 0x13,
    0xF9, 0xBD, 0x7E, 0x33, 0x3F, 0x9C, 0x0C, 0x0E, 0x56, 0x99, 0xFC, 0xE6, 0xFF, 0x71, 0x9F, 0xCE,
    0xA9, 0xF1, 0xA9, 0xFC, 0xEE, 0xDF, 0x1B, 0x9F, 0xCF, 0x3D, 0xF1, 0xC9, 0xFC, 0xF6, 0x1F, 0x66,
    0x9F, 0xCF, 0xBF, 0xF6, 0x89, 0xFC, 0xFE, 0xBF, 0x67, 0x9F, 0xFF, 0xA0, 0x14, 0x0C, 0x7C, 0x76,
    0x7F, 0x41, 0x87, 0xDB, 0x20, 0x15, 0xD8, 0x05, 0x7E, 0x01, 0x60, 0x80, 0x58, 0x60, 0x16, 0x38,
    0x05, 0x90, 0x4D, 0x32, 0xB7, 0xC0, 0x2E, 0x10, 0x0B, 0x2C, 0x02, 0xA9, 0x00, 0x80, 0xC0, 0x22,
    0x54, 0xFA, 0xAC, 0x1A, 0x3D, 0xF1, 0x98, 0x54, 0xFF, 0xD0, 0x08, 0x14, 0x06, 0x27, 0x4F, 0xAB,
    0x41, 0xA3, 0xFF, 0x19, 0x8D, 0x4E, 0x06, 0xC9, 0xE9, 0x48, 0x3E, 0x2C, 0x9D, 0x95, 0x4E, 0x09,
    0x01, 0x8A, 0xC0, 0x24, 0x3F, 0x29, 0x9D, 0xD2, 0x0B, 0x11, 0x8B, 0x40, 0x24, 0x5F, 0x29, 0xA5,
    0xD2, 0x0C, 0x05, 0x49, 0x02, 0x3A, 0x5F, 0x20, 0x47, 0x4A, 0x23, 0x17, 0xA7, 0x96, 0x36, 0x55,
    0x38, 0x40, 0x26, 0xE5, 0x18, 0xA7, 0xD6, 0x60, 0xD2, 0x5F, 0x8C, 0xDE, 0xA7, 0x09, 0x80, 0xC6,
    0x69, 0xF5, 0xA8, 0x34, 0x9B, 0xE3, 0x38, 0xA9, 0xC2, 0x80, 0x15, 0x20, 0x56, 0x4B, 0xE4, 0x0A,
    0xC9, 0x44, 0x6E, 0x30, 0x09, 0x47, 0xCA, 0x75, 0x74, 0x86, 0x00, 0x72, 0x51, 0xA8, 0x04, 0xA7,
    0xE5, 0x3B, 0xBA, 0x43, 0x62, 0x31, 0xBA, 0x7D, 0xAE, 0x0D, 0x2A, 0xF8, 0xCF, 0x2A, 0x64, 0x89,
    0x9C, 0x72, 0x9F, 0x5B, 0x83, 0x4A, 0xFE, 0x33, 0xDA, 0x9D, 0x9A, 0x9F, 0x5C, 0x83, 0x4B, 0x3E,
    0x33, 0xE0, 0x21, 0xCA, 0xD1, 0x00, 0x96, 0xFC, 0xA7, 0xF7, 0x4B, 0x74, 0x46, 0xCF, 0x00, 0x97,
    0x7C, 0xA8, 0x17, 0x48, 0x80, 0x06, 0xE5, 0x1D, 0x80, 0x4B, 0xFE, 0x54, 0x1B, 0xA4, 0x46, 0x23,
    0x01, 0xA0, 0x7F, 0xA1, 0x11, 0x2B, 0xFF, 0xFA, 0x01, 0x30, 0xAF, 0xC4, 0xEF, 0xF3, 0x1A, 0xF8,
    0x22, 0xE5, 0x5F, 0x04, 0x5C, 0xAF, 0xE0, 0x8B, 0x95, 0xFC, 0x11, 0x76, 0xAF, 0xC6, 0x2F, 0xE0,
    0x8B, 0x90, 0x04, 0x25, 0x38, 0xAF, 0x82, 0x2E, 0xD7, 0xF0, 0x45, 0xCA, 0xFF, 0x1B, 0xBF, 0xCF,
    0x2B, 0xF1, 0xCB, 0xFC, 0xF6, 0xBF, 0x66, 0xBF, 0xCF, 0xAB, 0xE0, 0x8B, 0x90, 0x03, 0xE5, 0x67,
    0x9F, 0xD0, 0x2F, 0xE0, 0x8B, 0x90, 0x01, 0x24, 0x08, 0x09, 0x80, 0xA2, 0x55, 0x38, 0x9D, 0x3E,
    0x63, 0x53, 0x8A, 0x00, 0x12, 0x53, 0x2A, 0x9C, 0x56, 0x01, 0x33, 0xBA, 0x45, 0xA0, 0x13, 0x4B,
    0xA0, 0x1D, 0x27, 0x35, 0xBA, 0x45, 0xE9, 0xF3, 0x60, 0x24, 0xCA, 0x31, 0x4F, 0x9B, 0xD4, 0xE3,
    0x34, 0xF9, 0xC0, 0x01, 0x25, 0x69, 0x80, 0x4E, 0x6E, 0x97, 0x18, 0x04, 0xE8, 0x01, 0xD2, 0x8D,
    0x40, 0x27, 0x77, 0x48, 0xDD, 0x3E, 0x78, 0x00, 0x99, 0x47, 0x29, 0xE0, 0x5F, 0x98, 0x17, 0x6B,
    0x3F, 0xBA, 0x59, 0xE0, 0x14, 0x00, 0x07, 0x4A, 0x3B, 0x00, 0xA0, 0xDD, 0x20, 0x34, 0x00,
};

#endif
